id	logFC	adj.P.Val	P.Value	t	AveExpr	-log10(pvalue)	-log10(padj)
NPR3	-5.505495811	4.9023e-11	6.93003e-15	-49.34161309	21.85051732	14.1592648853296	10.3096001152875
CDK6	-3.450556724	3.58289e-10	1.01297e-13	-39.13798673	21.84637205	12.9944034164634	9.44576652510945
NIBAN1	2.317999387	1.41103e-09	5.984e-13	33.55805362	24.32257204	12.2230084151436	8.85046375258445
NT5E	5.021261626	7.02343e-09	4.28542e-12	28.28276158	19.60344133	11.3680066078729	8.15345074167763
UGDH	1.098948356	7.02343e-09	4.96426e-12	27.92298921	27.16125409	11.3041454806769	8.15345074167763
CRYAB	1.276102552	8.72798e-09	7.49014e-12	26.94007818	29.81226782	11.1255100647225	8.05908625759611
PLCD3	1.889040057	8.72798e-09	9.83566e-12	26.30766062	24.05731828	11.0071964924055	8.05908625759611
PLOD2	2.23583313	8.72798e-09	1.00375e-11	26.26108634	23.97275802	10.9983744417133	8.05908625759611
CRABP2	-1.557545232	8.72798e-09	1.2064e-11	-25.84306432	25.40685436	10.9185086714743	8.05908625759611
JAG1	-3.125717638	8.72798e-09	1.23381e-11	-25.7924366	23.06789131	10.9087517141316	8.05908625759611
NAV2	-2.005488443	1.31476e-08	2.22273e-11	-24.49970151	22.76134151	10.6531132888222	7.88115351727944
EGLN1	1.809022173	1.31476e-08	2.2303e-11	24.4924148	23.6364457	10.6516367156148	7.88115351727944
PYGL	0.953784703	1.83745e-08	3.59072e-11	23.49281953	27.24919854	10.4448184593117	7.73578446994148
S100A9	3.510987864	1.83745e-08	3.63645e-11	23.46679807	22.01295677	10.4393223794588	7.73578446994148
HMGCS1	-1.946529839	1.90989e-08	4.04981e-11	-23.24655351	25.22601725	10.3925653515723	7.71899164519662
DPYSL2	-1.750847517	2.55152e-08	5.77104e-11	-22.53590963	23.10165676	10.2387459155165	7.59320102311635
S100A2	-1.500437521	2.74649e-08	6.73517e-11	-22.23250374	27.76903624	10.1716514379321	7.56122197791068
ARHGDIB	1.503261989	2.74649e-08	6.98853e-11	22.16056312	24.70941822	10.1556141661752	7.56122197791068
S100A16	2.668740462	3.44337e-08	9.33703e-11	21.60382095	22.45456935	10.029791245797	7.46301630859804
MVP	2.24141556	3.44337e-08	9.73527e-11	21.52466879	21.85688277	10.0116519991636	7.46301630859804
NAP1L1	-0.952811478	3.96776e-08	1.17787e-10	-21.16707561	26.68565022	9.9289026394285	7.40145460512369
CAPN6	-4.303955213	4.68068e-08	1.45568e-10	-20.77630056	19.36574892	9.83693408485014	7.32969104889278
CLIC4	1.115999175	5.28549e-08	1.77193e-10	20.41966858	26.14935336	9.7515534388904	7.27691474450951
FN1	2.543766794	5.28549e-08	1.79321e-10	20.49937819	24.68437803	9.74636884791649	7.27691474450951
CA2	1.33442453	5.70459e-08	2.01604e-10	20.18870457	29.73076901	9.69550085535799	7.24377556371487
SCEL	0.974423826	6.2302e-08	2.28987e-10	19.9632302	25.17689096	9.64018917263183	7.20549801152667
CNN3	-1.024103083	6.48069e-08	2.47355e-10	-19.82779068	27.86674946	9.60667930644206	7.18837875227148
S100A8	3.423993756	8.55999e-08	3.38818e-10	19.2844436	20.52863914	9.47003352545756	7.06752674267651
AIF1L	-2.103561072	9.81537e-08	4.02383e-10	-18.99349111	21.76944396	9.39536037577059	7.00809332459891
CD44	1.541143443	9.94172e-08	4.21616e-10	18.91519886	24.16233115	9.37508291634423	7.00253847255563
TRHDE	-1.05049949	1.0479e-07	4.59216e-10	-18.7727466	24.7238135	9.33798298866179	6.97968015964269
CYRIA	1.736419585	1.47553e-07	6.67472e-10	18.16089187	21.76839275	9.17556694794173	6.83105195613894
CDH6	-1.202900538	1.58091e-07	7.421e-10	-17.99092012	25.28335015	9.12953756841108	6.80109285341753
ITGA3	1.035492089	1.58091e-07	7.5984e-10	17.95323926	26.24149062	9.11927784776206	6.80109285341753
PPIC	-2.113543868	1.76994e-07	8.75712e-10	-17.72839839	21.5119734	9.05763869905551	6.75204145573457
ASS1	-0.950958367	1.81769e-07	9.25031e-10	-17.64230836	27.34187591	9.03384371277086	6.74048018204318
FAT2	-1.156364632	2.04406e-07	1.06913e-09	-17.41670227	25.30204594	8.97096948389318	6.68950636035412
DPYSL5	-3.560539711	2.15075e-07	1.15534e-09	-17.29696593	20.25830254	8.93729019032198	6.66741006842725
ACSF2	1.099624538	2.27419e-07	1.2865e-09	17.13219447	24.16015065	8.89059020945363	6.643173254466
LNPEP	-0.790555849	2.27419e-07	1.34748e-09	-17.06168921	25.50489388	8.87047767211829	6.643173254466
EHD4	0.929018649	2.27419e-07	1.40037e-09	17.00327819	25.77973589	8.8537572016588	6.643173254466
SLC34A2	-0.887261795	2.27419e-07	1.41752e-09	-16.98483997	26.74617877	8.84847080486655	6.643173254466
NDRG1	0.834243564	2.27419e-07	1.42883e-09	16.9728183	26.17728389	8.84501943982614	6.643173254466
PDCD4	1.032214689	2.27419e-07	1.43145e-09	16.97005259	25.23858191	8.84422381711729	6.643173254466
FSCN1	-0.973452325	2.27419e-07	1.44876e-09	-16.95188599	25.20085205	8.8390035533201	6.643173254466
PKM	0.676226869	2.27419e-07	1.47884e-09	16.92087541	33.10562803	8.83007881104434	6.643173254466
IVNS1ABP	1.709169474	2.27663e-07	1.51261e-09	16.8868594	24.51025343	8.82027303277076	6.64270754558831
TAGLN	-2.576797115	2.28935e-07	1.55342e-09	-16.84682697	21.81194182	8.80871110768302	6.64028780651776
DHX29	-0.93622578	2.41471e-07	1.67261e-09	-16.7361366	23.50812705	8.77660531103572	6.6171350193482
CYP4F11	2.357369896	2.62492e-07	1.88327e-09	16.55993276	21.05031152	8.72508741173899	6.58088392810107
LMCD1	-0.764812004	2.62492e-07	1.89243e-09	-16.55276013	26.40144119	8.72298017585747	6.58088392810107
PPL	1.106689929	2.71099e-07	1.99352e-09	16.47603312	27.73322547	8.70037940291803	6.566872084394
ATP2B4	-0.932555161	2.71099e-07	2.03113e-09	-16.44855504	24.6023566	8.69226227921664	6.566872084394
HMGA1	1.474514278	2.75654e-07	2.10423e-09	16.39669408	23.47129528	8.67690679195575	6.5596357011157
IRF2BP2	-1.16441495	2.95857e-07	2.30027e-09	-16.26669957	23.71380312	8.63822118457892	6.52891815082365
BCAT1	-3.471627809	3.48135e-07	2.75595e-09	-16.06592783	21.75597884	8.55972866590849	6.45825231241593
CPOX	1.040306969	3.64281e-07	2.93526e-09	15.9158032	23.7283423	8.53235342369604	6.4385634798982
DHCR24	1.185802837	3.80033e-07	3.11591e-09	15.83089977	24.27229193	8.50641509498787	6.42017868997361
CDK4	-1.29323007	3.84478e-07	3.24245e-09	-15.77453799	23.73599409	8.48912671220349	6.41512850567257
GGH	-1.388200285	3.84478e-07	3.26105e-09	-15.76645558	23.71278999	8.48664254232939	6.41512850567257
GMDS	0.904889276	4.32224e-07	3.72712e-09	15.57875667	24.59664532	8.4286266242843	6.36429112181608
AHNAK2	1.270084022	4.39117e-07	3.84864e-09	15.53398526	26.04576226	8.41469271070991	6.35741974926938
ANXA9	1.683076017	4.39822e-07	3.91699e-09	15.50946683	23.00302823	8.40704753719616	6.35672305091966
NUF2	-1.617276067	4.40161e-07	3.98223e-09	-15.48649396	23.67452968	8.39987366021866	6.35638844028139
CENPF	-1.427815857	4.54012e-07	4.17172e-09	-15.42200883	22.76904763	8.37968484850431	6.3429326681453
MB21D2	-2.574305185	5.31584e-07	4.95964e-09	-15.18417297	20.644844	8.30454984602746	6.27442809924225
CSTB	0.895229698	5.66427e-07	5.36481e-09	15.07732705	26.27268375	8.27044565439006	6.24685605321459
MEX3A	-1.500441824	6.28913e-07	6.04553e-09	-14.91609747	21.6619835	8.21856561937135	6.20140942805741
USP9X	-0.967465328	6.42392e-07	6.26591e-09	-14.86807969	24.71728632	8.2030158473707	6.19219987616258
CKAP4	-0.77126443	6.42772e-07	6.42134e-09	-14.83529876	26.32712205	8.19237433425504	6.19194304993973
CALD1	-0.935438701	6.42772e-07	6.45135e-09	-14.82906977	27.56151941	8.19034939603103	6.19194304993973
MCM4	-0.759938869	6.62022e-07	6.73813e-09	-14.77106634	26.11341341	8.17146061434955	6.17912757805298
CPD	1.137241096	6.87264e-07	7.0922e-09	14.70303225	24.39399518	8.14921902579649	6.1628764045426
CKMT1A	1.181560134	6.89446e-07	7.21218e-09	14.68080852	24.33817488	8.14193344278835	6.16149974373094
RRBP1	-0.648459779	7.04398e-07	7.46817e-09	-14.63470087	26.59829201	8.12678580464615	6.15218188579703
SOX9	-1.823620822	7.50485e-07	8.06289e-09	-14.53386785	20.19943267	8.09350926513168	6.12465798361036
SYNPO	-3.083121071	7.53568e-07	8.21918e-09	-14.50870249	20.48591813	8.08517150840144	6.122877551986
LIMA1	1.161491184	7.53568e-07	8.30906e-09	14.49446323	25.03282378	8.08044810496486	6.122877551986
DYSF	3.075374162	7.57898e-07	8.5372e-09	14.45905571	18.15628531	8.0686845442924	6.12038923898259
LDHA	0.600741101	7.57898e-07	8.57109e-09	14.45388291	30.50727944	8.06696394460146	6.12038923898259
KPNA2	-0.734371995	7.6421e-07	8.7505e-09	-14.42686431	26.85562883	8.05796713085917	6.11678728368974
ISYNA1	-1.368835304	7.79886e-07	9.08727e-09	-14.37772758	24.26418597	8.04156656804431	6.10796887575734
NEMP1	-3.058298924	7.79886e-07	9.15048e-09	-14.36872465	20.44089552	8.03855612386976	6.10796887575734
PTGS1	-2.669011896	7.81714e-07	9.28243e-09	-14.3501462	21.55196249	8.03233831716007	6.10695211003559
SNCG	1.470067688	8.47601e-07	1.01846e-08	14.23030492	23.00710276	7.99205602323761	6.07180853958014
ATP6V1C1	0.682808521	8.62842e-07	1.04897e-08	14.19235658	25.53332958	7.97923693222662	6.06406872318436
CAPN1	0.607699109	8.91384e-07	1.12616e-08	14.10144771	28.46394062	7.94839990239706	6.04993516559881
PRIM1	-1.152472979	8.91384e-07	1.13506e-08	-14.09140582	22.50156469	7.94498118077906	6.04993516559881
ECPAS	-0.774356277	8.91384e-07	1.13673e-08	-14.08953219	24.80098929	7.94434267817502	6.04993516559881
ERMP1	1.493940434	8.91384e-07	1.14841e-08	14.07649585	25.04414412	7.9399030344567	6.04993516559881
NCAM1	-0.869306467	8.91384e-07	1.15902e-08	-14.06477898	25.55352831	7.93590906980457	6.04993516559881
DIRAS2	-2.456657054	8.91384e-07	1.15928e-08	-14.06449233	17.55259717	7.93581165655713	6.04993516559881
RRM2	-0.858946268	8.95877e-07	1.17779e-08	-14.04433124	25.03537551	7.92893213736841	6.0477516129809
SET	-1.015841629	9.02155e-07	1.19879e-08	-14.0218606	27.92616247	7.92125688848493	6.04471883955164
GSTM3	1.038814106	9.31346e-07	1.26078e-08	13.957954	25.9278963	7.89936068909828	6.03088894632801
RAB14	-0.836112491	9.31346e-07	1.26391e-08	-13.95481417	26.0238908	7.89828385002117	6.03088894632801
GSS	0.695860096	9.31809e-07	1.27771e-08	13.9410851	25.3143559	7.89356770618661	6.03067309917706
SFXN3	0.929889416	9.55481e-07	1.32368e-08	13.89648756	23.10422321	7.8782169930167	6.0197779445872
TRIM16	1.213782835	9.60207e-07	1.3438e-08	13.8774901	23.88174096	7.87166536324628	6.0176351323074
GPX4	0.83696935	9.66166e-07	1.3658e-08	13.85706937	24.54405906	7.86461289161761	6.01494824968141
PFN1	0.594954409	9.66451e-07	1.37986e-08	13.84419904	29.2678933	7.86016497469427	6.01482016022733
ITSN1	-1.100619984	9.6705e-07	1.39663e-08	-13.82903849	22.60373422	7.85491863342881	6.01455107073321
LGALS1	0.996363788	9.6705e-07	1.41157e-08	13.81569752	28.59069382	7.8502975802447	6.01455107073321
COL5A2	-3.536640457	9.6705e-07	1.42173e-08	-13.80670967	19.01568258	7.84718287241339	6.01455107073321
PRDX5	0.725604978	1.00864e-06	1.49713e-08	13.74211159	26.78375971	7.82474048701075	5.99626381286258
LACTB2	0.968057177	1.00996e-06	1.51337e-08	13.72865915	24.51642167	7.82005487943651	5.99569582633942
SOX5	-2.054497397	1.10246e-06	1.68178e-08	-13.59770067	17.88980014	7.77423081652564	5.95763715886186
POMP	-1.104361813	1.10246e-06	1.68315e-08	-13.59669642	22.29027161	7.77387717857592	5.95763715886186
MPRIP	0.889750045	1.10962e-06	1.70977e-08	13.57732222	25.38087689	7.7670623074143	5.95482572405864
TPK1	1.479039464	1.11458e-06	1.73316e-08	13.56056175	21.72996291	7.76116134270467	5.95288875418092
ATP1B1	-1.029749733	1.14924e-06	1.80422e-08	-13.5111046	23.50521519	7.74371050728155	5.93958926653237
TNC	-1.468460043	1.14924e-06	1.81954e-08	-13.5007159	24.61358275	7.74003839262607	5.93958926653237
DCBLD2	0.978965019	1.17423e-06	1.87572e-08	13.46342444	24.0923941	7.72683199086668	5.93024682817568
CENPE	-1.804961685	1.20781e-06	1.94642e-08	-13.41816782	18.24858722	7.71076344155925	5.91800137899427
TMED9	-0.925500839	1.24844e-06	2.02955e-08	-13.3671756	25.4219137	7.69260024493472	5.90363232499471
CTSB	0.788749878	1.29013e-06	2.11557e-08	13.3167377	29.49299185	7.67457260015505	5.88936652579529
SYK	-1.555628283	1.29195e-06	2.13682e-08	-13.30462198	22.54193487	7.67023206010041	5.88875429372815
CYP51A1	-2.018987718	1.31699e-06	2.19685e-08	-13.27107259	21.71983957	7.65819959551292	5.880417522655
LCN2	3.615580892	1.39135e-06	2.34056e-08	13.19463658	19.42830644	7.63068022130222	5.85656360764379
ARHGAP29	-0.64364095	1.4428e-06	2.4475e-08	-13.14097608	27.02678742	7.61127729952482	5.84079386635367
APRT	0.640100286	1.47608e-06	2.52483e-08	13.10372988	25.66988803	7.59776785815815	5.83089010415456
WAC	-0.754098818	1.53477e-06	2.6469e-08	-13.0473688	24.28472184	7.57726246605361	5.81395669850278
SPON1	-0.948022835	1.55565e-06	2.72364e-08	-13.01335954	27.09091109	7.56485029629876	5.80808810668225
ACSS1	1.195539469	1.55565e-06	2.72689e-08	13.01194345	22.64875692	7.56433238070763	5.80808810668225
AK1	-0.879523918	1.56658e-06	2.76821e-08	-12.99407999	25.26943189	7.55780096682302	5.80504742224961
ACSL1	0.679796401	1.57424e-06	2.81718e-08	12.9732762	24.40489537	7.55018540345466	5.80292905677363
PRPF4B	-0.703431139	1.57424e-06	2.83635e-08	-12.96524087	24.02335442	7.54724017909904	5.80292905677363
ATP6V1A	0.641847761	1.57424e-06	2.8485e-08	12.96017698	26.64179081	7.5453837762073	5.80292905677363
CA12	1.832860304	1.58442e-06	2.91468e-08	12.93300075	19.05382586	7.53540911907404	5.80012968417054
CAPG	0.872694445	1.58442e-06	2.92139e-08	12.93028425	23.55842771	7.53441046167012	5.80012968417054
BAG2	-1.107638918	1.58442e-06	2.9341e-08	-12.92515092	24.46373613	7.5325250886154	5.80012968417054
RAB7A	0.571459494	1.62048e-06	3.0238e-08	12.88961463	28.18250802	7.51944693730073	5.7903563246708
PRKAB1	-1.33261491	1.6594e-06	3.11988e-08	-12.85279079	22.53451942	7.50586210993671	5.78004891424468
LTBP1	-6.390133663	1.72806e-06	3.2734e-08	-13.07461655	16.82616181	7.48500092192132	5.76244118244941
XDH	1.529530414	1.7383e-06	3.31737e-08	12.78080624	22.55388683	7.4792060871188	5.75987526983143
ACOT9	0.682958455	1.75616e-06	3.37627e-08	12.76023037	25.8650863	7.47156283016801	5.7554359189814
CTHRC1	1.938531089	1.787e-06	3.46084e-08	12.73135857	21.13798247	7.46081847834913	5.74787544749436
NUCB2	-0.917332665	1.89671e-06	3.70012e-08	-12.65361774	23.75098272	7.43178419093497	5.7219990660684
FTH1	0.841246597	1.90526e-06	3.74373e-08	12.6400355	23.68884881	7.42669548037689	5.72004575024537
CAV1	1.304309263	1.95568e-06	3.87045e-08	12.60151707	22.89435934	7.41223853855851	5.70870220558292
CCDC6	-1.249667433	1.97627e-06	3.93913e-08	-12.581206	25.15180348	7.40459968627616	5.7041537219449
CSRP2	-1.786257992	2.02563e-06	4.06616e-08	-12.58353188	23.57973247	7.3908155362366	5.69343987962385
VAMP8	0.77214043	2.05613e-06	4.15643e-08	12.51937563	24.40936095	7.38127952921712	5.68694943029067
PGM1	0.706067539	2.09945e-06	4.29236e-08	12.48245122	25.73479418	7.36730386092395	5.67789446395658
COL6A6	-1.13222553	2.09945e-06	4.30337e-08	-12.47951366	22.32853567	7.36619131205127	5.67789446395658
SCYL2	-0.975146783	2.1053e-06	4.35442e-08	-12.46600903	23.28473987	7.36106968395699	5.67668600953793
CHMP4A	-1.143364057	2.1053e-06	4.37489e-08	-12.46064137	22.63269851	7.35903286218306	5.67668600953793
HEBP1	0.767848373	2.13834e-06	4.47377e-08	12.43508907	24.07969434	7.34932634708303	5.669923240014
UACA	1.752434853	2.1681e-06	4.56669e-08	12.41162762	22.31975895	7.34039846854602	5.66392069056233
C3	0.927812765	2.17215e-06	4.60591e-08	12.40187962	25.41979722	7.33668455245195	5.66311018740596
CTNNA1	-0.638278378	2.30076e-06	4.91115e-08	-12.32894108	28.30112449	7.3088168011204	5.63812868168416
PLSCR3	2.475476698	2.33347e-06	5.01395e-08	12.30547476	18.58149009	7.29982000121792	5.6319977782021
PLEC	1.163275732	2.39084e-06	5.17102e-08	12.40595982	29.74955378	7.28642378250006	5.62144948680441
CCNB1	-1.374603188	2.40701e-06	5.24003e-08	-12.25564297	22.99109797	7.2806662266046	5.61852210543091
CAMK2D	1.082558905	2.51219e-06	5.50453e-08	12.2002116	22.80970909	7.25927975700476	5.59994751747023
COTL1	0.747319765	2.55785e-06	5.64073e-08	12.17277811	27.3327346	7.24866468777974	5.59212492744234
MYO6	0.54193163	2.63789e-06	5.85452e-08	12.13112724	25.8019752	7.2325087060394	5.57874331848982
CKAP5	-0.474386555	2.67253e-06	5.96918e-08	-12.10945972	26.80329917	7.22408532480608	5.57307741099801
KIF1A	-2.435817702	2.68256e-06	6.0295e-08	-12.09824161	19.59112421	7.219718700504	5.57145055552138
GFM1	0.529390968	2.71961e-06	6.19007e-08	12.06895824	26.05643229	7.20830443976149	5.56549337059513
MATR3	-0.49689218	2.71961e-06	6.19201e-08	-12.06860916	27.4342686	7.20816835094575	5.56549337059513
NT5C	1.064266307	2.71961e-06	6.22811e-08	12.06214102	22.31619773	7.20564372558832	5.56549337059513
PLAU	1.976137928	2.77188e-06	6.387e-08	12.03414512	21.65880892	7.19470308384201	5.5572255750941
AKAP12	-0.67650208	2.78604e-06	6.46756e-08	-12.02023502	26.73220675	7.18925953361288	5.55501265257301
SMC2	-0.57341739	2.78604e-06	6.49839e-08	-12.01496222	26.60330577	7.18719422808409	5.55501265257301
IQGAP2	-2.553818098	2.79088e-06	6.5886e-08	-12.13565357	22.96158931	7.18120685807182	5.55425883655265
ACADVL	0.583109178	2.79088e-06	6.57656e-08	12.00171	25.96236548	7.18200121332764	5.55425883655265
SEPTIN11	0.504750014	2.88118e-06	6.8425e-08	11.957871	25.85332623	7.16478519391784	5.5404296085836
ENSA	-0.814245683	2.99105e-06	7.18279e-08	-11.90438287	25.42709276	7.14370683065349	5.52417632700793
SLC25A20	-0.908550958	2.99105e-06	7.188e-08	-11.90358607	24.85068119	7.14339193156306	5.52417632700793
CDC42BPB	0.571223781	3.00644e-06	7.26748e-08	11.89149721	25.63460892	7.13861615472803	5.52194745901586
INF2	1.045762319	3.0346e-06	7.37844e-08	11.87485494	22.763726	7.13203544996659	5.5178985465134
GUCY1B1	-4.781083734	3.07109e-06	7.55318e-08	-11.98200451	19.38046809	7.12187016549808	5.51270745612918
GDA	0.800137041	3.07109e-06	7.554e-08	11.84906976	26.25937551	7.12182301950849	5.51270745612918
S100A14	1.305636872	3.09628e-06	7.65973e-08	11.83385105	21.42609589	7.11578653866723	5.50915977248642
TRIAP1	-2.267941946	3.13148e-06	7.79107e-08	-11.81525859	19.61075825	7.10840289365166	5.50425035768689
CCNA2	-1.654510312	3.24996e-06	8.13178e-08	-11.76856257	19.76154251	7.08981437942879	5.48812198421687
CPM	-4.023372182	3.43323e-06	8.63888e-08	-11.79255224	20.00968931	7.06354255860317	5.46429710121016
FDPS	-0.69698975	3.44203e-06	8.70968e-08	-11.69399079	25.32533834	7.05999780099546	5.4631853487738
MMAB	-1.562412911	3.54004e-06	9.00773e-08	-11.6575908	20.75623614	7.04538463995137	5.45099183071965
EEF1A1	-0.378915684	3.55083e-06	9.08539e-08	-11.64831907	32.42098747	7.04165642540464	5.44967011953991
CALM3	0.59291675	3.64403e-06	9.37535e-08	11.61444378	29.40849809	7.02801251024223	5.43841805629267
PTPRK	1.509557787	3.66319e-06	9.50534e-08	11.59962301	21.37757811	7.02203234408176	5.43614055504237
NUP50	-0.701768833	3.66319e-06	9.52824e-08	-11.59703535	24.53122405	7.02098731225545	5.43614055504237
PSMD5	-0.607339646	3.67543e-06	9.62279e-08	-11.58641845	27.02675602	7.01669899179461	5.43469184414366
RRAS2	0.788414906	3.67543e-06	9.66399e-08	11.58182838	24.10704369	7.0148435281173	5.43469184414366
HLA-C	0.8242462	3.74112e-06	9.88958e-08	11.5570604	23.29027705	7.00482215203837	5.42699836116774
PTGES2	-0.684393093	3.81407e-06	1.01363e-07	-11.53065571	24.23153589	6.99412054429505	5.41861134056774
DNAJC16	-1.421017236	3.88709e-06	1.04004e-07	-11.50315406	21.31880526	6.98294995738852	5.4103754037858
GSTT1	1.338297713	3.88709e-06	1.04403e-07	11.49906876	21.7829811	6.98128702178657	5.4103754037858
LTV1	-0.790751196	4.02797e-06	1.08756e-07	-11.45551798	22.65497579	6.96354677395943	5.39491377269711
PGD	-0.791968679	4.11653e-06	1.11729e-07	-11.42684378	28.82251886	6.95183408825113	5.3854687152368
ARPC1B	0.500260648	4.27529e-06	1.16643e-07	11.38121133	26.56854793	6.93314131904418	5.3690344210228
PPA1	-0.420492443	4.29268e-06	1.17724e-07	-11.37144838	29.55248567	6.92913498996	5.36727148501556
SLC25A24	0.61503903	4.42768e-06	1.22105e-07	11.33285204	25.60880882	6.91326655204242	5.35382377425585
MAML1	-2.154708953	4.42768e-06	1.22678e-07	-11.32791676	17.24679902	6.91123331286598	5.35382377425585
GSPT2	1.57709761	4.44736e-06	1.23852e-07	11.31788045	18.41214473	6.90709697590131	5.35189771433666
TMCC3	-1.25628433	4.5401e-06	1.27076e-07	-11.29083168	24.47915131	6.8959364640154	5.3429345812905
ARPC1A	-0.609989231	4.66488e-06	1.31228e-07	-11.25707177	25.17539593	6.88197349005113	5.3311595236234
GNAI2	0.759671149	4.72166e-06	1.33493e-07	11.23913817	26.30835245	6.87454150689175	5.3259052890574
OTULINL	0.912503192	4.94518e-06	1.40512e-07	11.18558186	22.4778122	6.85228658457571	5.30581789585972
JPT1	0.760745766	5.06744e-06	1.44702e-07	11.15496403	27.62871779	6.83952546623438	5.29521138478062
MCU	0.74967746	5.10926e-06	1.46619e-07	11.14127957	24.56385426	6.83380974688124	5.29164199637975
SLBP	-2.120275626	5.17011e-06	1.49096e-07	-11.12387456	19.88239918	6.82653400779603	5.28650021669623
CORO1B	0.571628275	5.17575e-06	1.4999e-07	11.11766724	25.47598992	6.82393769487492	5.2860267092023
PGAM1	0.608928262	5.32881e-06	1.55179e-07	11.08241938	27.98323269	6.80916705112679	5.27336976435706
FDFT1	-2.562478046	5.38364e-06	1.57536e-07	-11.10365929	21.75655668	6.80262018590734	5.26892398876193
SLC7A8	2.757658706	5.41624e-06	1.59381e-07	11.05479568	18.6179322	6.79756345261982	5.26630209979442
TSTD1	0.783472333	5.41624e-06	1.60625e-07	11.04676371	24.33987291	6.79418685932463	5.26630209979442
SARG	1.036216984	5.41624e-06	1.60787e-07	11.04572303	23.20325156	6.79374906787922	5.26630209979442
NDUFS1	-0.554383997	5.41915e-06	1.6164e-07	-11.04026664	24.97021997	6.79145115822939	5.26606882771603
SHMT2	-0.493815625	5.62011e-06	1.68428e-07	-10.99789057	27.54494354	6.77358570835502	5.25025518408832
TPX2	-0.54397654	5.62395e-06	1.69339e-07	-10.99234896	25.43923033	6.77124300920216	5.24995854908721
ATP6V1B2	0.637626476	5.65319e-06	1.71177e-07	10.98125482	26.7438942	6.76655458921563	5.24770641794252
CHML	-2.148288295	5.65319e-06	1.71817e-07	-10.97741967	19.95506055	6.76493386820598	5.24770641794252
MSRB3	-2.184931094	5.94761e-06	1.81606e-07	-10.92065065	18.37278102	6.74086980711534	5.22565751701642
KRR1	-1.101965802	5.9703e-06	1.83199e-07	-10.91172602	21.22299009	6.73707690127771	5.22400384557564
BCL2L11	-1.887760248	5.9703e-06	1.84003e-07	-10.90725495	17.18185483	6.7351750961599	5.22400384557564
NFKB2	0.824151854	5.9703e-06	1.84831e-07	10.9026695	25.67000436	6.73322518679636	5.22400384557564
PDXK	1.109517592	6.04758e-06	1.88079e-07	10.88490035	25.33771864	6.72565969298369	5.21841837789312
MALT1	-1.160313443	6.05962e-06	1.89309e-07	-10.87825126	22.21725008	6.72282873861188	5.2175546096749
DBI	0.599534073	6.11535e-06	1.91915e-07	10.86432826	26.50753019	6.71689107965411	5.21357868192798
SCCPDH	0.947543624	6.3512e-06	2.00215e-07	10.82130448	24.98781613	6.69850338852906	5.19714421106367
WARS1	0.53316341	6.36644e-06	2.01595e-07	10.81433649	26.15481428	6.69552024355259	5.19610334954025
ERO1A	0.482852338	6.54968e-06	2.09397e-07	10.77589024	25.39426192	6.67902954468573	5.18377991796686
HNRNPA0	-0.806096032	6.54968e-06	2.09551e-07	-10.77514442	25.88980936	6.67871026232503	5.18377991796686
CERS2	-0.590056551	6.54968e-06	2.10175e-07	-10.77214077	24.43386021	6.6774189439108	5.18377991796686
PNP	0.521559741	6.74756e-06	2.17479e-07	10.73766058	28.67167959	6.66258267261478	5.17085324496291
LRPAP1	-0.697158503	6.90512e-06	2.23533e-07	-10.7100119	25.31731901	6.6506583532481	5.16082876967261
SPOCK2	1.881799197	7.17409e-06	2.34046e-07	10.69596427	22.81147742	6.63069877685131	5.14423317933859
ANXA6	-0.568780677	7.17409e-06	2.34268e-07	-10.66291384	26.33481881	6.63028703010787	5.14423317933859
ACO1	0.563293702	7.32296e-06	2.40165e-07	10.63802585	24.67847371	6.61949028342107	5.1353133380913
SUMO2	0.61272214	7.84572e-06	2.58419e-07	10.56496018	26.15999541	6.58767555843313	5.10536719513903
SLC30A1	-2.231558292	7.93091e-06	2.63467e-07	-10.57715659	21.97337277	6.5792737736788	5.10067697846999
SLC9A3R1	-0.649217034	7.93091e-06	2.62406e-07	-10.54974156	25.73309227	6.58102623889584	5.10067697846999
TMED7	-0.880746637	7.99682e-06	2.66787e-07	-10.53330284	23.5119852	6.57383533654641	5.09708267938433
AMOTL2	0.876374467	8.14247e-06	2.72797e-07	10.5112198	22.10025907	6.56416041000753	5.08924383286852
SUPT5H	-0.538262811	8.18348e-06	2.75328e-07	-10.50207758	26.05996066	6.56014961996467	5.08706197464114
G6PD	0.588997584	8.18416e-06	2.76508e-07	10.49784599	26.65377982	6.55829229905876	5.08702588877319
DCTN3	-0.655110029	8.19573e-06	2.78057e-07	-10.49231886	23.97623926	6.5558661672186	5.08641235742575
MEMO1	0.960359651	8.27079e-06	2.81773e-07	10.52706183	29.05855008	6.55010062411805	5.08245300601522
RAB11FIP1	-0.775687391	8.5557e-06	2.93705e-07	-10.43829086	23.70549897	6.53208866003516	5.06774445208424
ABHD14B	0.74308466	8.5557e-06	2.93898e-07	10.43764287	24.78445178	6.53180336932691	5.06774445208424
GNS	-0.680084594	8.72634e-06	3.00993e-07	-10.41417539	24.13790651	6.52144360439527	5.0591678698219
HSD17B4	-0.687421623	8.75966e-06	3.03381e-07	-10.4064114	25.41622867	6.51801162148449	5.05751275033757
ESYT1	-0.675137425	8.78722e-06	3.05578e-07	-10.39932735	25.58812925	6.51487791587688	5.05614850030979
TSPAN9	-1.359764547	8.79077e-06	3.06944e-07	-10.39494845	18.90881775	6.5129408515893	5.05597308259347
SEC16A	-0.796492159	8.87312e-06	3.11074e-07	-10.38183919	25.02654259	6.50713628631464	5.05192364504643
S100A3	-2.751120059	8.99635e-06	3.16665e-07	-10.46749197	21.61402868	6.49939993519726	5.04593365682558
MKI67	-1.001338856	9.00522e-06	3.19447e-07	-10.35582548	25.89915251	6.49560118607172	5.04550567278127
FAM111B	0.852792463	9.00522e-06	3.19524e-07	10.35559094	23.61127334	6.49549651567113	5.04550567278127
LTBP3	2.234658146	9.17951e-06	3.27005e-07	10.33296795	20.7271537	6.48544560680207	5.03718050071333
FADS2	-1.412483937	9.32753e-06	3.34181e-07	-10.31178726	21.60950291	6.47601824573445	5.03023334546982
PNPO	0.694227136	9.32753e-06	3.34916e-07	10.30964739	24.50278672	6.47506410433912	5.03023334546982
IGSF8	-0.988991961	9.51543e-06	3.43007e-07	-10.28639739	22.7561204	6.46469701689498	5.02157158127001
NIT2	0.504361732	9.75669e-06	3.53084e-07	10.25825835	25.10850757	6.45212196204367	5.01069749366006
ELOVL7	-1.506306008	1.0104e-05	3.67081e-07	-10.22057237	19.33449311	6.4352380938635	4.99550666245273
ALDH1B1	0.782102389	1.01069e-05	3.68613e-07	10.21654248	24.53246597	6.4334293524357	4.99538203128774
MORF4L2	-0.666341123	1.01932e-05	3.73204e-07	-10.20457257	24.63425376	6.42805371013289	4.99168945444548
TSFM	-0.646800312	1.02381e-05	3.76294e-07	-10.19660437	24.65590524	6.4244727064414	4.98978063282093
CDKN2AIPNL	-1.275822912	1.03656e-05	3.82444e-07	-10.18095214	20.91572162	6.41743214814823	4.9844055542409
ERAP1	-1.159174848	1.04858e-05	3.88363e-07	-10.16614237	23.24094219	6.41076215276316	4.97939843002156
MUC16	-1.071304213	1.07349e-05	3.99106e-07	-10.13987526	23.6017756	6.39891174315733	4.96920199684026
UBE2L6	1.297075207	1.15444e-05	4.30835e-07	10.06652516	21.44866019	6.36568902290091	4.93762863385642
RABEPK	-1.294849162	1.1575e-05	4.33885e-07	-10.05978251	20.32677609	6.36262536376762	4.93647900031001
SUMO1	0.706507464	1.1575e-05	4.35247e-07	10.05678841	24.8830718	6.36126421363495	4.93647900031001
UGT8	-1.025340208	1.1715e-05	4.42168e-07	-10.04172796	20.15191722	6.35441269080817	4.93125770706702
EHD1	0.844764083	1.18456e-05	4.48774e-07	10.02758568	25.02821299	6.3479723121432	4.92644293662212
DNAJA1	-0.604376308	1.26619e-05	4.82441e-07	-9.95883652	26.72565711	6.31655579100655	4.89750112073239
ARHGAP5	-0.948785609	1.26619e-05	4.84392e-07	-9.955012054	25.41884115	6.31480303808172	4.89750112073239
ATP2B1	-1.196681767	1.26619e-05	4.85068e-07	-9.953691291	22.48027883	6.31419737489325	4.89750112073239
PLEKHM2	-1.35067083	1.27257e-05	4.91943e-07	-10.03547859	25.68969651	6.30808521475204	4.89531831918563
NDC80	-0.697917803	1.27257e-05	4.90396e-07	-9.943347376	23.92457672	6.30945308087343	4.89531831918563
PXMP2	-1.158428801	1.27257e-05	4.9431e-07	-9.935823382	21.34526439	6.30600060357748	4.89531831918563
FH	-0.507412673	1.27257e-05	4.94708e-07	-9.935063141	26.93779069	6.30565106653543	4.89531831918563
CCT2	-0.34804814	1.31739e-05	5.13996e-07	-9.898937078	28.54928915	6.28904026074147	4.88028563751004
RACGAP1	-0.710313961	1.35426e-05	5.30295e-07	-9.869528118	23.747555	6.27548246770068	4.86829794885224
ACAT2	-0.627102161	1.37023e-05	5.38484e-07	-9.855118954	24.13553194	6.26882719638632	4.86320652821072
ERCC4	1.357899335	1.37465e-05	5.42165e-07	9.848717603	23.17068849	6.26586852216219	4.86180786359211
ANKRD2	1.888615208	1.37678e-05	5.47221e-07	9.840002288	20.52295667	6.2618372446046	4.86113545147823
COX5A	-0.428890775	1.37678e-05	5.48833e-07	-9.837241866	25.17972008	6.2605597834401	4.86113545147823
RBM12	-0.42904772	1.37678e-05	5.48845e-07	-9.837221633	24.9370285	6.26055028787987	4.86113545147823
S100A11	0.739490247	1.38507e-05	5.54104e-07	9.828274382	27.58425891	6.25640871471709	4.85852827725259
AK2	0.707521914	1.39078e-05	5.60126e-07	9.818143467	26.86074469	6.2517142677268	4.85674156328076
KIF20A	-1.802073113	1.39078e-05	5.62253e-07	-9.814592482	20.58816362	6.25006821863138	4.85674156328076
PYCARD	1.874480464	1.39078e-05	5.62943e-07	9.813443685	21.77671632	6.24953557679818	4.85674156328076
MYD88	1.090176905	1.39078e-05	5.64256e-07	9.811261937	20.76832991	6.24852381416772	4.85674156328076
TXNL1	-0.574676493	1.39647e-05	5.70096e-07	-9.801622681	26.17428851	6.24405200615255	4.8549683896976
MICALL1	-0.796663903	1.39647e-05	5.7051e-07	-9.8009447	21.91068827	6.2437367387887	4.8549683896976
CAPNS1	0.752828438	1.40073e-05	5.76685e-07	9.790875666	27.05519414	6.23906134476034	4.85364556978964
SLC25A22	0.813712523	1.40073e-05	5.77271e-07	9.789926633	23.31216966	6.238620259332	4.85364556978964
CTSZ	1.047292645	1.40073e-05	5.78191e-07	9.788437157	24.6479782	6.23792867274969	4.85364556978964
SQLE	-3.016806739	1.43998e-05	5.96431e-07	-9.759440721	18.12995179	6.22443979181352	4.84164353981444
TACSTD2	0.946805206	1.48777e-05	6.18329e-07	9.725865593	25.50881279	6.20878038435245	4.82746420283009
UBA1	0.582470816	1.51238e-05	6.30692e-07	9.707470047	28.63822367	6.20018267777137	4.82033907446414
DOLPP1	-1.57250677	1.52475e-05	6.38008e-07	-9.696765962	18.58968818	6.19517387561415	4.81680135797026
DBN1	-0.594355013	1.52834e-05	6.41668e-07	-9.691459746	25.2395733	6.19268961844599	4.81578002030344
DIAPH1	-0.566528516	1.53248e-05	6.45574e-07	-9.685833946	24.87435355	6.19005396881249	4.81460518463749
RAC3	0.52302928	1.53699e-05	6.50632e-07	9.678602351	25.12489971	6.18666458064584	4.8133289581079
DDX5	-0.442466871	1.53699e-05	6.51821e-07	-9.676911608	28.96367789	6.1858716517917	4.8133289581079
LRSAM1	-0.796862712	1.537e-05	6.53995e-07	-9.673827707	22.35547312	6.18442557198263	4.81332613250026
RABGAP1	-0.665322112	1.53996e-05	6.57432e-07	-9.668975879	24.63875364	6.18214916078802	4.81249055968619
TMSB15B	-1.405308689	1.59317e-05	6.82401e-07	-9.634522759	22.06539451	6.16596034541884	4.79773788011679
MCL1	-1.036455981	1.59645e-05	6.86904e-07	-9.628454174	20.65267792	6.16310395461953	4.79684467879327
PDIA6	0.524752024	1.59645e-05	6.8832e-07	9.62655421	27.78526559	6.16220961129263	4.79684467879327
SELENBP1	1.007775006	1.61493e-05	6.9857e-07	9.612928802	23.11729058	6.15579006901932	4.79184629765027
CGREF1	1.194138517	1.62144e-05	7.0368e-07	9.606215034	19.77177268	6.1526247923193	4.79009911738942
CLIP1	-0.669102356	1.63138e-05	7.12038e-07	-9.595347629	24.61029577	6.14749682834357	4.78744486625521
MCM5	-0.567599936	1.63138e-05	7.12606e-07	-9.5946146	25.87329039	6.14715052529693	4.78744486625521
MCM7	-0.705931798	1.65557e-05	7.25513e-07	-9.578112549	25.70574443	6.13935480131352	4.78105245189709
ATP6V1H	0.570611967	1.69786e-05	7.46443e-07	9.552014292	24.53168536	6.12700335033763	4.77009812312277
NES	-2.280967918	1.70446e-05	7.51756e-07	-9.54551428	20.04081975	6.12392309697338	4.7684131862703
NCAPD2	-0.514899357	1.71413e-05	7.58441e-07	-9.537405782	25.75746428	6.12007819783182	4.7659562441738
RAC2	1.550868679	1.72586e-05	7.66074e-07	9.52824138	19.36074871	6.11572927705224	4.76299443671668
TXNRD1	-0.639513206	1.72927e-05	7.70032e-07	-9.523527489	26.11239392	6.1134912266007	4.7621371927553
GRAMD2B	1.812357252	1.74014e-05	7.7733e-07	9.514904748	20.823844	6.10939457096293	4.75941580988891
ABTB2	1.341576512	1.74591e-05	7.82376e-07	9.508992722	19.96459436	6.1065844803414	4.75797814752094
NUFIP2	-0.635056196	1.74764e-05	7.85622e-07	-9.505212168	23.94073441	6.10478636337688	4.75754802371271
ZNF326	-0.501897693	1.77612e-05	8.00934e-07	-9.487598865	24.4378268	6.09640326995417	4.75052769532698
IGFBP2	-4.007649837	1.78653e-05	8.08158e-07	-10.24726154	22.86025814	6.09250372360657	4.74798968658437
CANX	-0.638111853	1.79591e-05	8.14938e-07	-9.471804587	27.66951927	6.08887543086998	4.74571543130053
UBE2T	-0.925626048	1.80544e-05	8.21815e-07	-9.464155736	21.4701434	6.08522593613599	4.74341693986075
SCO1	0.511633925	1.83892e-05	8.39653e-07	9.444630952	24.43376037	6.0759001559864	4.73543716380938
PISD	0.78533518	1.84129e-05	8.43338e-07	9.440652834	22.00273981	6.07399833033992	4.7348778054769
ISOC1	-0.828454408	1.86892e-05	8.58635e-07	-9.424336875	22.62160406	6.06619141262217	4.72840928840295
SLC16A1	-0.902026118	1.88586e-05	8.69086e-07	-9.413369782	24.15979428	6.06093724601688	4.72449055098589
DDX24	-0.670051063	1.9268e-05	8.93516e-07	-9.388275127	24.72670536	6.04889766627026	4.7151633623576
SH3BGRL3	0.681114913	1.9268e-05	8.95302e-07	9.386469388	24.79440947	6.0480304453429	4.7151633623576
OCLN	-1.782202409	1.9268e-05	9.03113e-07	-9.403651199	22.58949855	6.04425790615813	4.7151633623576
HMMR	-1.101714217	1.9268e-05	9.00897e-07	-9.380838488	22.72530524	6.04532485928584	4.7151633623576
ARHGEF9	-1.986434922	1.9268e-05	9.01261e-07	-9.380472968	17.25423528	6.04514942162325	4.7151633623576
ANAPC7	-1.11179299	1.9268e-05	9.04295e-07	-9.377436629	22.67879799	6.04368987043981	4.7151633623576
FCHO2	-0.60279572	1.9323e-05	9.1125e-07	-9.370517005	23.86425591	6.04036245867397	4.71392544612443
PAXBP1	-0.659810145	1.9323e-05	9.12339e-07	-9.369438117	23.39875466	6.03984375983666	4.71392544612443
UBE2N	-0.409081767	1.93555e-05	9.16608e-07	-9.365224208	26.97934653	6.03781635662572	4.71319560530931
PRKAR1A	0.477590722	1.97368e-05	9.37457e-07	9.344942937	24.14772485	6.02804864369732	4.70472325972099
RAB18	-0.577712967	1.98823e-05	9.47177e-07	-9.335653196	26.27227257	6.02356885632888	4.70153337750758
ENDOD1	1.105803355	1.98971e-05	9.50697e-07	9.332313772	21.21094141	6.02195787653866	4.70121021734787
ECHS1	0.580183876	1.98999e-05	9.53644e-07	9.32952917	26.32705459	6.02061371931067	4.70114910598011
METTL5	-1.17453438	2.01734e-05	9.69601e-07	-9.314606233	20.57019355	6.01340694526704	4.6952209001611
PRKAG1	-0.524168212	2.09009e-05	1.00752e-06	-9.280180279	23.83160875	5.99674632404201	4.67983501261535
CORO1C	-0.951477913	2.14558e-05	1.0373e-06	-9.25410329	24.42085514	5.98409562210445	4.66845528774477
PARP14	0.616927486	2.15621e-05	1.04549e-06	9.247076772	24.38380736	5.9806801168067	4.66630894413472
EPPK1	-1.199495554	2.18138e-05	1.06078e-06	-9.290388697	24.91315445	5.97437467707233	4.66126867301466
ICAM1	0.921312018	2.21646e-05	1.08557e-06	9.213504512	24.41444252	5.96434216701973	4.65434010191756
MCM3	-0.615982502	2.21646e-05	1.08558e-06	-9.213496328	25.7985651	5.96433816642574	4.65434010191756
HM13	0.550179315	2.21646e-05	1.08724e-06	9.212137576	27.7267722	5.96367457811173	4.65434010191756
PSME4	-0.682123348	2.24707e-05	1.10543e-06	-9.19736328	26.10109476	5.95646875338039	4.64838339836849
FUBP1	-0.4181476	2.25028e-05	1.11174e-06	-9.192300451	27.76882741	5.95399676830075	4.64776343971567
FBXO2	1.015920988	2.25028e-05	1.11337e-06	9.190995351	23.11036709	5.95336048503194	4.64776343971567
DDX54	-0.724496683	2.25618e-05	1.11948e-06	-9.186132989	23.67260254	5.95098366087658	4.64662625491551
PDLIM1	-0.56119532	2.27739e-05	1.13774e-06	-9.171750966	25.34210261	5.94395697297288	4.64256259066527
DCTD	0.607489923	2.27739e-05	1.138e-06	9.171551405	23.37655678	5.94385773794095	4.64256259066527
ERP29	-0.606684207	2.27739e-05	1.13966e-06	-9.170258906	26.56112849	5.94322469440714	4.64256259066527
VASP	0.556792255	2.30183e-05	1.15514e-06	9.158282596	24.3705383	5.93736537720661	4.63792675402864
YARS1	0.381131194	2.3047e-05	1.15984e-06	9.15468359	26.88272469	5.93560191759184	4.6373855981806
PWP1	-0.663753003	2.31636e-05	1.16899e-06	-9.147721067	22.382187	5.93218920394799	4.63519394327642
ATL3	0.408217545	2.33236e-05	1.18036e-06	9.139148421	25.85384011	5.92798551627952	4.63220441534233
SLC16A3	1.467202776	2.38157e-05	1.20863e-06	9.173733291	23.66442239	5.91770663011672	4.62313664901825
ATP6V1D	0.553408093	2.41312e-05	1.22805e-06	9.104125405	24.28060278	5.91078395055476	4.61742108089187
ACY1	0.674110168	2.4835e-05	1.26738e-06	9.076327556	24.15913697	5.89709315057844	4.60493583566876
OXCT1	0.554486082	2.51192e-05	1.29081e-06	9.060203381	24.23575875	5.88913767874381	4.59999419618954
DOCK11	-1.760206656	2.51192e-05	1.29203e-06	-9.059373619	21.45360321	5.88872740222081	4.59999419618954
SNX18	-1.405872851	2.51192e-05	1.29253e-06	-9.059030326	22.09462012	5.88855936801487	4.59999419618954
YTHDC2	-2.617298944	2.61048e-05	1.34694e-06	-9.046014019	20.52067156	5.87065174967366	4.58327962975566
TMEM201	-1.579006652	2.61659e-05	1.35531e-06	-9.017395067	22.20046767	5.86796135726846	4.58226432271252
PNPLA2	1.063098438	2.61659e-05	1.35749e-06	9.015984332	22.78974814	5.8672633609736	4.58226432271252
NCAPG	-0.429397234	2.63015e-05	1.36824e-06	-9.009073952	24.82599644	5.86383771728426	4.58001948256932
PRDX2	0.575167007	2.67628e-05	1.39753e-06	8.990539743	25.63838028	5.85463886058314	4.57246845140739
MCAM	-0.902145031	2.67628e-05	1.40336e-06	-8.986901599	23.30094668	5.85283090633567	4.57246845140739
SH3PXD2B	-0.830856602	2.67628e-05	1.40359e-06	-8.9867578	23.17964371	5.85275973461472	4.57246845140739
PTK2B	1.14472069	2.68375e-05	1.4113e-06	8.981971732	22.42610027	5.85038065846685	4.5712579425557
M6PR	0.580019711	2.69166e-05	1.41927e-06	8.977053669	24.97379564	5.84793497708956	4.56997979936982
DNPH1	0.969433587	2.72261e-05	1.43944e-06	8.964736427	22.80198636	5.84180643305195	4.56501456467487
FAM120A	-0.436410012	2.72887e-05	1.4466e-06	-8.96040513	25.15336584	5.8396515392389	4.56401715309061
DHX37	-1.401941176	2.72978e-05	1.45095e-06	-8.957791048	21.1375731	5.83834755317097	4.56387235245962
ZNF703	0.825539857	2.73879e-05	1.4596e-06	8.952605824	25.66360914	5.83576614530739	4.56244126651844
IRF6	-1.803057482	2.7572e-05	1.47331e-06	-8.94445932	18.35945086	5.83170586339194	4.55953173017785
SMAD5	-1.352050429	2.77448e-05	1.48647e-06	-8.93672129	17.03535538	5.82784385132008	4.55681840147549
RAB3D	0.71896423	2.8606e-05	1.54305e-06	8.904250216	23.65554491	5.81162000110971	4.54354286569622
EPS8L2	0.446661047	2.8606e-05	1.54376e-06	8.90385493	25.37628557	5.81142021616176	4.54354286569622
APEH	0.501624974	2.8606e-05	1.54474e-06	8.903303129	25.64551005	5.81114460754493	4.54354286569622
KLB	0.740063081	2.89255e-05	1.56998e-06	8.889246626	26.80416012	5.80410588003979	4.5387191251899
PFKP	0.358735611	2.89255e-05	1.57017e-06	8.889140418	26.13091968	5.8040533246194	4.5387191251899
IPO5	0.4965596	2.89478e-05	1.57565e-06	8.88612318	26.58221065	5.8025402462054	4.53838443657094
SMC4	-0.477930381	2.89478e-05	1.57957e-06	-8.883968538	26.42411147	5.80146112319973	4.53838443657094
GHITM	0.778793487	2.91597e-05	1.59576e-06	8.875135685	23.33260863	5.797032425337	4.53521694842727
MCM2	-0.750115717	2.91597e-05	1.60323e-06	-8.871094836	25.40305293	5.79500416912088	4.53521694842727
PSPH	0.661242532	2.91597e-05	1.6035e-06	8.870949837	24.57026723	5.79493103573554	4.53521694842727
CDKN1B	1.335228948	2.92004e-05	1.60986e-06	8.86752214	18.37942723	5.79321189034775	4.53461119935285
CLIC1	0.513622105	2.99534e-05	1.65561e-06	8.843303088	27.35490209	5.78104195909436	4.52355387386128
ADARB1	-1.501173211	3.04872e-05	1.68942e-06	-8.825861121	19.02716472	5.77226236877879	4.51588246019968
ATL2	-0.632849327	3.05347e-05	1.69637e-06	-8.822323305	23.7144057	5.77047941656464	4.51520634254169
SLIRP	0.441416538	3.07947e-05	1.72016e-06	8.810328488	25.82380417	5.76443115548469	4.51152402242221
STX3	0.794803218	3.07947e-05	1.72028e-06	8.810266836	22.76294459	5.7644008597447	4.51152402242221
PDCL3	-0.59594447	3.07947e-05	1.72388e-06	-8.808469322	23.3970814	5.7634929688777	4.51152402242221
CLASP2	-0.615957021	3.10523e-05	1.74268e-06	-8.7991331	23.01914802	5.75878235298927	4.5079062267172
TACC1	1.264114132	3.13529e-05	1.76399e-06	8.788687388	21.5008855	5.75350388119804	4.50372228272006
CLASP1	-0.805097187	3.20223e-05	1.80617e-06	-8.768396004	24.25817472	5.74324137551348	4.4945474781183
UBE2O	-0.703643996	3.22108e-05	1.82136e-06	-8.761214375	25.08456414	5.73960420546196	4.49199848873911
BLMH	-0.78232308	3.22908e-05	1.83045e-06	-8.756948804	23.26362987	5.73744212967274	4.49092119526523
RAB9A	0.778484689	3.24197e-05	1.84234e-06	8.751401311	22.17663624	5.73463021860289	4.48919100827058
ACP3	-1.593070866	3.31766e-05	1.89004e-06	-8.729526291	17.31425472	5.72352900450641	4.47916812334175
MYOF	0.653167749	3.33702e-05	1.90632e-06	8.72219867	25.8354987	5.719804195739	4.47664119044931
LARS1	-0.457161452	3.33702e-05	1.91051e-06	-8.720324241	26.69737906	5.7188506847835	4.47664119044931
LMNB1	-0.839524468	3.38727e-05	1.94407e-06	-8.727050273	27.11300681	5.7112881015155	4.47015018427164
NT5C2	0.486552226	3.39585e-05	1.95379e-06	8.7012019	24.41706213	5.70912211755807	4.4690515014702
SH3BP1	0.65315724	3.40799e-05	1.96559e-06	8.696066769	21.95041627	5.70650706600898	4.46750168824548
GEN1	-1.373396969	3.41567e-05	1.97485e-06	-8.692061936	17.48815249	5.70446588568119	4.46652409468736
ACAD9	0.654340014	3.41667e-05	1.98026e-06	8.689730809	25.24157916	5.70327778491411	4.46639696562616
SEPTIN8	-1.176604226	3.44816e-05	2.0123e-06	-8.676066271	22.9038737	5.69630727280488	4.4624125904387
SH3BP4	-0.628186308	3.44816e-05	2.01306e-06	-8.675745135	22.43574931	5.69614328061031	4.4624125904387
EPS8L1	0.708055663	3.44816e-05	2.01314e-06	8.675711702	25.59388121	5.69612602187574	4.4624125904387
TRIM28	-0.421636768	3.4515e-05	2.01996e-06	-8.672832295	27.22143893	5.69465723052926	4.46199212227568
RBP1	1.176646872	3.46509e-05	2.03907e-06	8.737336049	25.29874878	5.69056786490753	4.46028548082252
TACC3	-0.872826961	3.46509e-05	2.04116e-06	-8.663952331	23.69004795	5.69012295099505	4.46028548082252
PTPRJ	0.474955627	3.46509e-05	2.04261e-06	8.66334935	25.22629053	5.68981454624884	4.46028548082252
CDK11B	-0.44589887	3.53359e-05	2.08799e-06	-8.644688451	25.78455916	5.68027158562917	4.45178384279397
APC	-1.944082796	3.53443e-05	2.09347e-06	-8.642460375	18.38874351	5.67913325828735	4.45168061519515
S100A6	0.962763696	3.53529e-05	2.10779e-06	8.767422403	29.82055675	5.67617266024521	4.45157495520967
BCKDHA	1.045698699	3.53529e-05	2.10292e-06	8.638642456	23.60590514	5.67717724857826	4.45157495520967
CAPN5	0.924554432	3.53529e-05	2.10898e-06	8.636200668	23.71064458	5.6759275387673	4.45157495520967
DHFR	-0.717518536	3.57323e-05	2.13667e-06	-8.625146285	24.12404269	5.67026254767488	4.44693902843344
UPK1B	-1.494889108	3.64542e-05	2.18499e-06	-8.627316397	22.8489164	5.66055054631587	4.43825242806635
FLAD1	-0.76804859	3.67399e-05	2.20731e-06	-8.597622808	22.68064471	5.65613666917864	4.43486203010716
MSH2	-0.402162561	3.6748e-05	2.21298e-06	-8.595451767	25.76105942	5.65502251102931	4.43476629229679
UPP1	0.885345461	3.67572e-05	2.22029e-06	8.592665659	21.76059129	5.65359029709247	4.43465757864784
CDC27	-0.768822322	3.67572e-05	2.22393e-06	-8.591283358	22.48263087	5.65287888664581	4.43465757864784
MSH6	-0.611158752	3.80741e-05	2.30899e-06	-8.55962155	24.67257509	5.63657794796382	4.41937035377402
STIL	-1.587609615	3.91207e-05	2.38085e-06	-8.533833351	17.96577449	5.62326796546214	4.40759338283593
SCRN2	1.272843252	3.91207e-05	2.39046e-06	8.530448065	21.877131	5.62151851903559	4.40759338283593
CNOT3	-0.555248978	3.91207e-05	2.39219e-06	-8.529840467	23.54009283	5.62120432941834	4.40759338283593
SOX17	-1.251179313	3.91207e-05	2.39458e-06	-8.52899972	20.67087102	5.62077064912955	4.40759338283593
USP3	-1.023426252	3.92857e-05	2.41023e-06	-8.523528108	20.72514698	5.61794151221156	4.40576550410929
EPB41L2	0.394144371	4.0044e-05	2.46242e-06	8.505555303	25.67095295	5.60863787011885	4.39746254729758
CLSPN	-1.191252473	4.17671e-05	2.57428e-06	-8.468367645	18.54284563	5.58934421739999	4.37916567790031
GSKIP	0.815725931	4.19584e-05	2.592e-06	8.480889223	26.86936334	5.58636500280144	4.37718108111765
RAP1A	0.869781212	4.25909e-05	2.63709e-06	8.448240001	22.03023587	5.57887504812223	4.37068318263337
PODXL	-0.90198465	4.30512e-05	2.67235e-06	-8.437165297	23.68886166	5.57310666254595	4.36601473860951
NTN1	1.057893808	4.30512e-05	2.67777e-06	8.435478344	22.77161833	5.57222672830254	4.36601473860951
ARHGDIA	0.331824294	4.35529e-05	2.71513e-06	8.423938721	27.86571603	5.5662093716254	4.36098292189476
PIP4K2C	-0.868187147	4.36349e-05	2.72641e-06	-8.420486763	23.15914956	5.56440883399348	4.36016601498769
TOR1A	-0.909631005	4.47995e-05	2.80551e-06	-8.396712322	23.08960212	5.5519881789523	4.34872683306553
RPRD2	-0.84168773	4.50651e-05	2.82851e-06	-8.389934522	23.04638677	5.54844228150298	4.34615966089174
EEF1AKMT2	1.763330539	4.51129e-05	2.84231e-06	8.385897424	17.1063462	5.54632855696898	4.34569925418103
GALNT3	0.516459842	4.51129e-05	2.84427e-06	8.385323995	24.51041495	5.5460291794105	4.34569925418103
SRFBP1	-1.229186586	4.5696e-05	2.88749e-06	-8.37282	19.4919891	5.53947951115256	4.34012181423994
EEF1A2	0.666560418	4.58104e-05	2.9012e-06	8.36889592	27.29604892	5.53742233121029	4.33903591610354
ALDH3A2	-0.492164677	4.58966e-05	2.91315e-06	-8.365491825	24.37388903	5.5356371526895	4.3382194856159
RIOK2	-0.978525452	4.59491e-05	2.92297e-06	-8.362703446	21.21605702	5.53417564201558	4.33772299067312
MAPK8IP3	2.097277448	4.67379e-05	2.97976e-06	8.346783773	16.49087918	5.52581871406908	4.3303308049712
CHAF1B	-1.038649723	4.68755e-05	2.99516e-06	-8.34252275	22.13843818	5.52357997285361	4.32905408681446
HSD17B12	0.472321379	4.71542e-05	3.01963e-06	8.335800364	25.22699324	5.5200462685669	4.32647961882085
TMED2	-0.641130996	4.73195e-05	3.0369e-06	-8.331089392	24.33776014	5.51756950843182	4.32495985297877
PARP9	0.565708519	4.76303e-05	3.06358e-06	8.323869525	24.08582305	5.51377077434789	4.32211668307094
CAPZB	0.48060469	4.78063e-05	3.08166e-06	8.319015653	26.58710065	5.51121527874843	4.32051486751033
PSME1	0.565642448	4.84626e-05	3.13082e-06	8.305971696	27.35877506	5.5043419005255	4.31459328984022
TMEM38B	-1.367127369	4.86038e-05	3.14681e-06	-8.301775167	18.84771183	5.50212947839044	4.31332977488347
TNXA	0.472479252	4.87328e-05	3.16205e-06	8.29779693	23.76797244	5.50003126705643	4.31217863500462
SPRY4	-2.797093185	4.96435e-05	3.22816e-06	-8.298242398	18.91877832	5.49104494811507	4.30413760716722
FEM1B	-1.966965598	4.98493e-05	3.24859e-06	-8.275591963	17.06800543	5.48830509689555	4.30234093581314
ESPL1	-0.865622457	4.99031e-05	3.25915e-06	-8.272924922	22.98136542	5.48689565098832	4.30187247499632
DPH7	-0.97721374	4.99482e-05	3.26915e-06	-8.270408084	19.93964296	5.48556515201745	4.30148015797159
RGS10	-0.67600955	5.15537e-05	3.38152e-06	-8.242689261	23.4657399	5.47088803959633	4.28774016002317
PMF1	-1.698501273	5.27748e-05	3.47555e-06	-8.220243207	18.90698549	5.4589764592568	4.27757340385756
DNAJC13	0.398097914	5.27748e-05	3.47654e-06	8.220010676	25.56343088	5.45885276939088	4.27757340385756
LARP1	-0.587782965	5.28013e-05	3.48575e-06	-8.217848603	25.03666521	5.45770376395978	4.27735538474126
SLC26A2	-1.768169896	5.34099e-05	3.53348e-06	-8.206737049	20.11450617	5.45179736251092	4.2723782351649
GSDME	0.766752971	5.36989e-05	3.56019e-06	8.200589774	23.08585281	5.44852682400755	4.27003461055413
INCENP	0.64149745	5.38009e-05	3.57456e-06	8.197302475	23.39754214	5.44677740878104	4.26921045924505
MEAK7	1.315512588	5.39485e-05	3.59922e-06	8.191694639	21.38769091	5.44379160656579	4.26802062606502
HEBP2	0.573651869	5.39485e-05	3.59962e-06	8.191603732	24.06796661	5.44374334384764	4.26802062606502
MTMR10	-1.740477641	5.46979e-05	3.65735e-06	-8.178635081	18.32979378	5.43683347668814	4.26202934708374
PUDP	1.531318397	5.58869e-05	3.74476e-06	8.15941477	17.33499221	5.42657601081248	4.25268997967078
DDX6	-0.336930074	5.59503e-05	3.75691e-06	-8.156780536	26.1753642	5.42516920870865	4.25219758048513
HSPH1	-0.339894402	5.61004e-05	3.77492e-06	-8.152893455	27.67614397	5.42309224772398	4.25103404218103
EIF1	-0.722361355	5.63817e-05	3.80182e-06	-8.147123623	25.30281304	5.4200084489796	4.24886183358168
RAN	-0.316455734	5.71978e-05	3.86494e-06	-8.133757439	28.20971652	5.41285724375631	4.24262067516213
KDM3B	-0.612209141	5.74608e-05	3.89083e-06	-8.128342167	23.71095504	5.40995774418336	4.24062833182185
MRPL42	1.16022285	5.75451e-05	3.92699e-06	8.181586515	24.45930256	5.40594020465022	4.23999165089711
TM9SF3	0.43559861	5.75451e-05	3.91205e-06	8.123931714	28.80881902	5.40759560312132	4.23999165089711
FBN1	1.572162709	5.75451e-05	3.92571e-06	8.136024724	22.19404514	5.40608178574762	4.23999165089711
UCK2	-0.535117276	5.75451e-05	3.92908e-06	-8.120411993	23.52757984	5.40570912842799	4.23999165089711
NDST1	-1.903797179	5.87283e-05	4.01816e-06	-8.102258513	20.46016788	5.39597277397562	4.23115257043756
TUBA4A	-0.533832443	5.93107e-05	4.0664e-06	-8.092608798	27.47955516	5.39078990330535	4.22686695028224
CSRP1	-0.856050694	5.9612e-05	4.10391e-06	-8.113850855	26.76517974	5.38680217200247	4.22466630721946
IARS1	-0.416919325	5.9612e-05	4.10031e-06	-8.085898665	26.84636544	5.38718330762175	4.22466630721946
PTGR2	0.577686926	6.18056e-05	4.26366e-06	8.05438348	23.76299191	5.37021743484714	4.2089721731488
TPT1	0.631062916	6.29064e-05	4.34849e-06	8.038524539	27.95130378	5.36166152431298	4.20130516785697
PRXL2A	-0.555835972	6.31768e-05	4.38499e-06	-8.031801909	23.52871545	5.35803139270838	4.1994423755429
SFPQ	-0.525122578	6.31768e-05	4.38505e-06	-8.031791771	28.30747231	5.35802545027963	4.1994423755429
EFHD2	0.406205666	6.32022e-05	4.39574e-06	8.029833329	25.58161916	5.35696800321502	4.19926780413485
VIM	-0.745558985	6.33712e-05	4.42121e-06	-8.025191171	25.82250182	5.35445885635058	4.19810806897632
TMED10	-0.525760521	6.33712e-05	4.42542e-06	-8.02442702	25.18585687	5.35404550575113	4.19810806897632
PON2	-0.972342879	6.33837e-05	4.43524e-06	-8.022645143	22.21363869	5.35308287462469	4.19802241262629
GALM	0.920548977	6.43498e-05	4.51194e-06	8.008880632	21.74123894	5.34563668425569	4.19145279855029
AFDN	-0.553328459	6.59713e-05	4.63985e-06	-7.986476093	24.94559049	5.33349605936436	4.18064495782854
EHD3	0.702893701	6.59713e-05	4.64429e-06	7.98571042	22.78385056	5.33308066975441	4.18064495782854
TIMP2	2.035096757	6.60532e-05	4.6627e-06	7.98254378	20.31622026	5.33136252632888	4.18010613779695
CS	-0.424460123	6.60532e-05	4.66873e-06	-7.98150884	26.34560157	5.33080124127603	4.18010613779695
PYCR1	0.741663281	6.62484e-05	4.7008e-06	7.976030917	24.31461239	5.32782822588984	4.17882460613926
HP1BP3	-0.55619647	6.62484e-05	4.70126e-06	-7.975952913	26.16843403	5.3277857297854	4.17882460613926
NIPSNAP3A	-0.869698451	6.92349e-05	4.93131e-06	-7.9378019	22.65593286	5.30703769528724	4.15967493073646
ERP44	-0.547790176	6.92349e-05	4.9387e-06	-7.936608324	25.93592207	5.30638735413844	4.15967493073646
NCBP1	-0.641158463	6.92349e-05	4.94255e-06	-7.935987616	24.57257612	5.30604892856679	4.15967493073646
TAF15	-0.535545372	7.00542e-05	5.01626e-06	-7.924194125	25.80775024	5.29961996148377	4.15456582208921
PCBD1	0.553296444	7.00542e-05	5.02187e-06	7.923304503	24.09474903	5.2991345339595	4.15456582208921
MICU1	0.753157981	7.00542e-05	5.03075e-06	7.921898089	21.61435158	5.29836726413284	4.15456582208921
AUH	-1.328329676	7.03813e-05	5.06779e-06	-7.916060378	18.45216348	5.29518138978915	4.15254271565354
TUBB6	0.512856216	7.03813e-05	5.07414e-06	7.915064031	26.5169957	5.294637554381	4.15254271565354
SYNE2	-0.643932798	7.06339e-05	5.10234e-06	-7.910656255	24.92026069	5.29223060507472	4.15098681382927
TCF25	-0.896207429	7.08686e-05	5.12931e-06	-7.906464207	20.69033531	5.28994105269464	4.1495461465849
TLE1	-0.605733388	7.12434e-05	5.1665e-06	-7.900721954	22.67343983	5.28680356627475	4.14725536256641
MAPRE3	-1.392717857	7.23263e-05	5.25526e-06	-7.887196968	22.01420012	5.27940579271433	4.14070375155827
BID	0.837493222	7.26379e-05	5.28817e-06	7.888819914	25.39995834	5.27669459193482	4.13883671998801
HLA-B	0.545652297	7.32359e-05	5.34206e-06	7.874203994	23.52466524	5.27229123845568	4.13527597700302
SLAIN2	-0.884328096	7.34895e-05	5.37095e-06	-7.869930076	22.4381295	5.2699488906007	4.13377470741665
PKD1L3	-1.828675133	7.48247e-05	5.4791e-06	-7.854144502	18.79617584	5.26129077310939	4.12595501573208
CDH2	-1.016329801	7.5757e-05	5.55808e-06	-7.842827151	19.53423467	5.25507520651357	4.12057723185645
RANGAP1	0.378810954	7.60641e-05	5.59136e-06	7.838109163	26.24885758	5.25248254476866	4.11882026899299
ARL3	-0.539434001	7.62375e-05	5.64271e-06	-7.830889011	24.23362255	5.24851226917637	4.11783135363424
PA2G4	-0.301653329	7.62375e-05	5.64316e-06	-7.830826185	27.66516728	5.24847763604362	4.11783135363424
TBL1XR1	0.419990708	7.62375e-05	5.64487e-06	7.830587385	24.32483848	5.24834605532143	4.11783135363424
WFDC2	-1.254942145	7.62375e-05	5.65108e-06	-7.829719729	21.28834688	5.2478685445314	4.11783135363424
HARS1	-0.382415283	7.62375e-05	5.658e-06	-7.828753399	26.26486295	5.24733705687903	4.11783135363424
HNRNPDL	-0.922029471	7.6588e-05	5.69484e-06	-7.841013438	25.0437427	5.24451847318159	4.11583927138619
PLEKHF1	-1.80092298	7.66966e-05	5.71376e-06	-7.821014763	20.25320195	5.24307800561668	4.1152238881236
RHOT2	0.629554152	7.70334e-05	5.74973e-06	7.816064461	23.71411016	5.24035254874746	4.11332093339088
DYNLL2	0.491307931	7.80901e-05	5.83965e-06	7.803836349	24.87197782	5.2336131815903	4.10740402102537
LYPLA1	0.544768102	7.8248e-05	5.86715e-06	7.800136754	25.20854657	5.23157280843621	4.10652675410182
RTCA	0.551196723	7.8248e-05	5.87358e-06	7.799274448	23.80484133	5.2310971116443	4.10652675410182
NCOA5	-0.557358608	7.91452e-05	5.95211e-06	-7.78882185	23.94864522	5.22532905126064	4.10157541910517
TUBB2A	-1.132656433	7.91674e-05	5.96733e-06	-7.786813532	21.89901385	5.22421994452289	4.10145361783905
COL12A1	-0.58642066	7.91674e-05	5.98306e-06	-7.784743477	24.64695539	5.223076641895	4.10145361783905
OPA1	0.395888842	7.91674e-05	5.98735e-06	7.784179672	26.12475757	5.22276535374244	4.10145361783905
BUB1B	-0.664425046	7.97611e-05	6.05308e-06	-7.775599721	23.57379793	5.21802358623465	4.09820886522002
FDXR	0.618074501	7.97611e-05	6.05481e-06	7.775375002	24.24696201	5.21789948047241	4.09820886522002
USP20	-1.257964461	8.02591e-05	6.10395e-06	-7.769025991	18.07747396	5.21438903252582	4.09550571461495
MSI1	-1.01196322	8.07012e-05	6.15243e-06	-7.762816631	22.1604685	5.21095331883388	4.09312000741543
CLPP	1.141236485	8.07012e-05	6.1604e-06	7.76180155	20.14490443	5.21039108781077	4.09312000741543
IMP4	-1.162883453	8.09699e-05	6.19236e-06	-7.757742288	18.69711259	5.20814380337996	4.09167639708883
ATP2A2	-0.439928982	8.10258e-05	6.21554e-06	-7.754811212	27.44946306	5.20652113430592	4.09137667231216
LYPLA2	0.530198398	8.10258e-05	6.21954e-06	7.754307562	25.0594278	5.20624173473832	4.09137667231216
GFUS	0.420609469	8.10329e-05	6.23153e-06	7.752796542	24.90379615	5.2054053098451	4.09133861831292
ADK	0.527121675	8.16231e-05	6.29921e-06	7.744331375	24.30462157	5.20071391311052	4.08818691498633
LZIC	-0.558562271	8.16231e-05	6.3e-06	-7.744232802	24.88566475	5.20065945054642	4.08818691498633
NPM1	-0.554781463	8.21262e-05	6.35044e-06	-7.737987672	29.52818495	5.19719618290457	4.08551827162308
PTGR1	-0.487605929	8.35257e-05	6.47047e-06	-7.723337214	25.40457169	5.18906417203718	4.07817987600275
EXOSC2	-0.792623948	8.36905e-05	6.5001e-06	-7.719765049	22.81808784	5.18707996195497	4.07732383748746
PFDN4	0.445577296	8.36905e-05	6.5069e-06	7.71894843	24.13749626	5.18662586758333	4.07732383748746
POSTN	0.858703648	8.38194e-05	6.53698e-06	7.715343507	22.84943709	5.1846228437633	4.07665545227838
ALDH4A1	-0.696437987	8.38194e-05	6.54061e-06	-7.7149101	24.49188211	5.18438174597544	4.07665545227838
HERC5	-1.615132603	8.51487e-05	6.65638e-06	-7.701210272	19.11473394	5.17676189296848	4.0698219782021
NPR1	-1.712632683	8.56679e-05	6.7193e-06	-7.750776515	22.59010451	5.17267596831107	4.06718187894473
DHCR7	-0.901735085	8.56679e-05	6.72119e-06	-7.7104444	25.1273313	5.17255382744028	4.06718187894473
SYNGR2	0.331889468	8.75774e-05	6.88338e-06	7.675073769	25.23569784	5.16219825436785	4.05760795229774
ALDOC	1.328548591	8.81339e-05	6.94395e-06	7.668255431	22.49786632	5.15839341496323	4.05485701155263
FADS3	1.627557076	8.81339e-05	6.95203e-06	7.667350483	17.86227563	5.15788836245031	4.05485701155263
IGF2BP2	0.424719535	8.81973e-05	6.9695e-06	7.665398408	26.1957192	5.15679837757343	4.05454470980071
HMGCR	-2.687199711	8.96483e-05	7.11439e-06	-7.664253542	17.78253132	5.14786233113711	4.04745794154652
PTGES3	-0.744188474	8.96483e-05	7.13416e-06	-7.663834115	26.97543948	5.14665715483256	4.04745794154652
GOLGA5	0.633411559	8.96483e-05	7.13421e-06	7.647245729	26.23217879	5.14665411107576	4.04745794154652
DDOST	-0.494664473	8.96483e-05	7.14614e-06	-7.645948278	26.13964728	5.14592847978879	4.04745794154652
TPD52L2	0.587981774	8.96483e-05	7.14901e-06	7.645636437	26.91280691	5.14575409544447	4.04745794154652
ACSS2	0.493675116	8.96483e-05	7.16791e-06	7.643587031	23.96367546	5.14460745629637	4.04745794154652
CCNB2	-0.843716025	8.96483e-05	7.17288e-06	-7.643049323	22.27473215	5.14430643471228	4.04745794154652
GLUL	0.64273748	9.01215e-05	7.22348e-06	7.637594269	23.78630058	5.1412535253273	4.04517158840514
DHH	0.911898252	9.05054e-05	7.26705e-06	7.632929647	21.59333528	5.13864185168931	4.04332550786399
VWA8	-1.73247538	9.1473e-05	7.35766e-06	-7.62332329	20.49593435	5.13326028493864	4.03870707731508
CD47	-0.632559683	9.24251e-05	7.44731e-06	-7.613943618	27.488428	5.12800056793892	4.03421007086657
EPHB2	1.225622831	9.40369e-05	7.59522e-06	7.59872987	21.47718355	5.11945964202473	4.02670169616859
GOLPH3	-0.793616492	9.40369e-05	7.60377e-06	-7.597859516	24.35957087	5.11897102821395	4.02670169616859
RHOA	0.461665554	9.52922e-05	7.71875e-06	7.58626393	27.30541749	5.11245302506024	4.02094264642982
PHF23	0.602344988	9.68485e-05	7.8585e-06	7.57241617	23.10978699	5.10466034249637	4.0139071012925
TMX2	-0.550247034	9.71695e-05	7.90928e-06	-7.567449829	23.52147359	5.10186304953128	4.01247003199075
MED13L	-1.31699439	9.71695e-05	7.91202e-06	-7.567182844	18.072391	5.10171262360013	4.01247003199075
KPNA1	0.499328279	9.83558e-05	8.02252e-06	7.556496691	25.83967592	5.09568919154267	4.00720002482727
DCTN1	-0.397351902	9.85965e-05	8.05609e-06	-7.553281737	26.85434622	5.09387569063157	4.00613850146513
NSD2	-2.618020831	9.87014e-05	8.07861e-06	-7.56479792	17.9220317	5.09266335720318	4.00567668716864
PPP2R3A	-0.530307063	9.94951e-05	8.15783e-06	-7.54362316	25.34373542	5.08842534913307	4.00219830714736
CAPZA1	0.418968937	9.94951e-05	8.1717e-06	7.542316483	26.57251863	5.08768758559516	4.00219830714736
VTA1	0.526944458	9.96257e-05	8.19652e-06	7.539984622	25.07653902	5.08637049707821	4.00162861410204
RPS27	-0.41422339	0.000100403	8.27468e-06	-7.532689324	26.80923743	5.08224879234637	3.99825331045812
COX7B	-0.889309421	0.000100616	8.30647e-06	-7.529743177	21.15682461	5.08058349910723	3.99733295209135
PHAX	-0.810167426	0.000100827	8.33808e-06	-7.526824856	22.82400217	5.07893394233615	3.99642315458839
NSFL1C	-0.558328929	0.000100926	8.36053e-06	-7.524760315	25.26323658	5.07776619041033	3.9959969387982
AHNAK	0.460676719	0.000101288	8.41136e-06	7.520107065	31.24622754	5.07513377914339	3.99444200422004
IQGAP1	0.332655712	0.000101288	8.41916e-06	7.519395625	27.68035512	5.07473123695202	3.99444200422004
FBL	-0.511242334	0.000102534	8.53726e-06	-7.508709189	25.56987098	5.0686814920531	3.98913209983819
RAB1B	0.408866438	0.000103447	8.62785e-06	7.50061813	25.44069754	5.06409741395644	3.98528209951093
CYBRD1	1.653115592	0.000103513	8.648e-06	7.498831228	18.21495542	5.06308431905475	3.9850051045672
ACTR1A	-0.448617861	0.000103584	8.6686e-06	-7.497009082	26.40546565	5.06205103647647	3.98470732227752
RPL26	-0.291412075	0.000103591	8.68628e-06	-7.495448589	27.24669021	5.06116617537731	3.98467797451476
UHRF1	-0.70175884	0.000103591	8.69852e-06	-7.494369727	23.35938496	5.06055463364697	3.98467797451476
APPL2	-1.008113882	0.000103897	8.73882e-06	-7.490830761	19.30081414	5.05854720604823	3.98339699240679
DNAH6	1.200149343	0.000105275	8.86961e-06	7.47946461	19.3139445	5.05209547583588	3.9776747499077
SEMA4B	1.149089624	0.000105607	8.91253e-06	7.475773694	17.28793358	5.04999899528173	3.97630729429635
ZZEF1	1.013299612	0.00010609	8.96832e-06	7.471003864	21.46501907	5.04728890400867	3.97432555058966
DRP2	-0.829313044	0.000106852	9.04786e-06	-7.464259024	21.08022918	5.04345412798732	3.97121734452626
SSR1	0.472451299	0.000106948	9.07106e-06	7.462303672	24.23638672	5.04234196043136	3.97082733261733
P3H1	-0.673772003	0.000109324	9.28808e-06	-7.444266872	22.59110748	5.03207405259238	3.96128448650968
TCERG1	-0.622405432	0.000109496	9.31811e-06	-7.441806203	24.82841228	5.03067216702463	3.96060174575224
ANP32B	-0.387607065	0.000109737	9.36772e-06	-7.437760447	26.18920619	5.02836609875041	3.95964691675936
LAMA5	-0.506174152	0.000109737	9.38272e-06	-7.436542085	25.37705433	5.02767124373706	3.95964691675936
EFCAB2	-1.280381924	0.000109737	9.38896e-06	-7.436035571	19.19479424	5.0273825111711	3.95964691675936
SAMD4B	-0.841882881	0.000109737	9.40069e-06	-7.435084219	23.13593615	5.02684026850724	3.95964691675936
RRS1	-0.54911293	0.000109759	9.41811e-06	-7.433674137	23.77938907	5.02603624146666	3.95955985841994
STX4	0.704186005	0.00011003	9.45693e-06	7.430542492	22.17870985	5.02424982559058	3.95848888704068
SMURF2	-0.763081669	0.000110246	9.49106e-06	-7.427800193	23.15541939	5.02268528109822	3.95763715886186
LRIG1	-2.908571533	0.000110787	9.5533e-06	-7.446852776	16.40275525	5.01984658399413	3.95551119772581
PGM2	0.402371293	0.000110813	9.57121e-06	7.421401555	25.47559307	5.01903315489767	3.95540928746786
MAD2L2	-1.221321946	0.000111527	9.64866e-06	-7.415272545	21.379094	5.01553299702042	3.95261997986688
TK1	-0.454923407	0.000112241	9.73174e-06	-7.408756854	24.63499727	5.01180950250259	3.94984847265907
DDT	0.657838108	0.000112241	9.74215e-06	7.407944281	25.23868609	5.01134518787544	3.94984847265907
DKK3	1.632698262	0.000112397	9.7716e-06	7.405651231	18.44954182	5.01003431915954	3.94924528041138
GBA2	-1.145839384	0.000112433	9.80429e-06	-7.403115112	18.4791644	5.00858385128195	3.94910620109383
TTC9C	0.798382776	0.000112433	9.80648e-06	7.402945262	21.88684161	5.0084868530591	3.94910620109383
NOPCHAP1	-0.760594491	0.000112778	9.85659e-06	-7.399075428	22.80153453	5.00627330821584	3.94777561143826
SLC27A3	-1.238929407	0.000112778	9.90037e-06	-7.411181313	22.9392032	5.00434857449784	3.94777561143826
OAT	0.596056719	0.000112778	9.87474e-06	7.397679234	26.06969084	5.00547433044093	3.94777561143826
ARPC2	0.301637156	0.000112778	9.89795e-06	7.395897058	26.5397843	5.00445474438008	3.94777561143826
AK3	0.434449047	0.000113447	9.9751e-06	7.390006837	25.65709596	5.00108274183365	3.94520698413931
NCAPH	-0.403197929	0.000114045	1.00438e-05	-7.384799489	24.96755078	4.99810194388436	3.94292375045757
PAWR	-0.61977774	0.000115501	1.01883e-05	-7.373974827	24.34536788	4.9918982754844	3.93741425566273
TJP2	-0.420261538	0.000116706	1.03275e-05	-7.363708234	24.70493071	4.98600479635138	3.93290681576348
NBEAL2	0.81939002	0.000116706	1.03454e-05	7.362394661	21.28339249	4.98525271288279	3.93290681576348
GEMIN5	-0.77341878	0.000116706	1.03577e-05	-7.361495563	23.44341474	4.98473667202361	3.93290681576348
CSDE1	-0.316833136	0.000116706	1.03607e-05	-7.361275896	26.37347789	4.98461090136035	3.93290681576348
RBKS	0.865090576	0.000118751	1.0559e-05	7.346941083	21.74979822	4.97637721012099	3.9253627245018
NOVA2	3.011104892	0.000119747	1.06645e-05	7.391019812	17.94816089	4.97205950142705	3.92173535807846
NOP53	-0.775121938	0.000120375	1.07375e-05	-7.334289859	24.22895398	4.9690968231607	3.91946369986741
GRHPR	0.434008774	0.000120573	1.07721e-05	7.331856462	26.03057341	4.96769962358149	3.91874993318935
TTC12	-0.869808489	0.000121296	1.08538e-05	-7.326157454	24.38735509	4.96441818530829	3.9161535207045
CXADR	0.63443844	0.000122244	1.0956e-05	7.319094834	23.42899713	4.96034797641808	3.91277244779402
GIT1	-1.169944377	0.000122801	1.1026e-05	-7.365510322	24.06255747	4.95758201185675	3.91079809660924
TRIM2	-0.841206513	0.000122801	1.10406e-05	-7.313298512	23.49901656	4.95700732428721	3.91079809660924
SEC22B	0.398096615	0.000123362	1.11085e-05	7.308684559	25.69705089	4.95434458063641	3.90881859825937
LMNA	-0.662621348	0.000124028	1.1186e-05	-7.338770095	30.2343624	4.95132518500777	3.90648025941221
ZNF180	1.27545523	0.0001242	1.12279e-05	7.300636642	21.13002809	4.94970146401423	3.90587840415944
PES1	-0.331831511	0.0001242	1.12367e-05	-7.300051229	25.2843765	4.94936121387523	3.90587840415944
IMPDH2	0.362585226	0.000126483	1.14611e-05	7.285183922	26.75835999	4.94077369816233	3.8979678420955
NOL8	-1.219166864	0.000126708	1.14993e-05	-7.282683033	18.70154826	4.93932859576726	3.89719596407337
GRN	0.440267859	0.000127185	1.15607e-05	7.278688529	24.15452709	4.93701586860291	3.89556410567946
RAB43	0.408870218	0.000128989	1.17429e-05	7.266955286	25.72058253	4.93022463746074	3.88944732414256
LXN	0.702883891	0.00012904	1.17747e-05	7.264923791	23.174859	4.92905014916759	3.8892756456191
UCHL1	-0.433017473	0.00012904	1.1784e-05	-7.264334894	29.73550013	4.92870726616543	3.8892756456191
CHMP5	0.554399265	0.000129982	1.18884e-05	7.25772423	24.13128381	4.92487659095982	3.88611678493872
HSPG2	0.969483821	0.000130253	1.19316e-05	7.255004572	20.7900039	4.92330131453765	3.88521226519971
MRPL27	0.726013106	0.00013179	1.2091e-05	7.245068537	21.85051196	4.91753777883137	3.88011754201502
ANLN	-0.756886866	0.000132299	1.21564e-05	-7.24103096	23.61282257	4.91519501812363	3.87844343847405
FAS	1.106797119	0.000134251	1.23548e-05	7.228926848	21.94957476	4.90816428058156	3.87208247067225
AMDHD2	1.041254763	0.000137135	1.26472e-05	7.211456103	18.65480239	4.89800561355132	3.86285168914216
LRRFIP2	0.57114185	0.000137135	1.26589e-05	7.21076568	23.91329364	4.8976040308657	3.86285168914216
GSTM2	-1.502049378	0.000137753	1.27354e-05	-7.206273536	18.04634376	4.89498740994146	3.86089893426014
SP3	-1.064506779	0.000139469	1.29138e-05	-7.195906875	20.69965978	4.88894594393057	3.85552231300016
ERGIC2	0.524556686	0.00013965	1.29503e-05	7.19380231	23.57609734	4.88772017082323	3.85495905996298
ORC2	-1.135787539	0.000140109	1.30126e-05	-7.190225436	22.23313941	4.8856359199766	3.85353396660718
FOXK1	-0.756322601	0.00014014	1.30354e-05	-7.188925382	23.86374119	4.88487563767345	3.85343788684244
EBF3	-2.085482948	0.000141886	1.32178e-05	-7.178583679	19.59605899	4.87884082377392	3.8480604545968
LUC7L	-0.83809023	0.000142962	1.33398e-05	-7.171752535	22.61454265	4.87485068162993	3.8447793847967
CGNL1	2.119916012	0.000142962	1.33584e-05	7.170711758	17.59953683	4.87424555629037	3.8447793847967
RBM34	-0.670176161	0.000143203	1.34012e-05	-7.168336335	23.52466155	4.87285631133337	3.84404788377538
MRPS35	-0.601461637	0.000143465	1.34461e-05	-7.165853679	24.39323818	4.87140366317748	3.84325403733322
RIF1	-0.462270638	0.000143877	1.3505e-05	-7.162604607	24.77106624	4.86950541147653	3.84200862629576
COX4I1	-0.461059341	0.000145477	1.36757e-05	-7.153276942	25.59538038	4.86405043476734	3.8372056634661
TRIM5	-0.74156606	0.000145676	1.37248e-05	-7.150616605	20.95011213	4.86249397544102	3.83661199199195
WDR82	-0.514297808	0.000145676	1.37356e-05	-7.150035964	23.62967077	4.86215236492942	3.83661199199195
ACOT1	0.62720343	0.0001468	1.38804e-05	7.142258674	23.61875025	4.85759801837038	3.83327394441995
YBX2	1.204111532	0.0001468	1.38831e-05	7.142112692	18.54235608	4.85751354810512	3.83327394441995
RHOG	0.476397225	0.000147824	1.40009e-05	7.135853659	23.44807804	4.85384404628814	3.83025505023483
BCAR3	0.702166912	0.000149346	1.41661e-05	7.127161327	21.22568715	4.84874969679607	3.82580640480536
MTA1	-0.425939507	0.000149446	1.42106e-05	-7.124840429	24.63352671	4.84738758490237	3.82551570458707
ARID1A	-0.693262885	0.000149446	1.42179e-05	-7.124463138	23.0576863	4.84716454465842	3.82551570458707
PARP1	-0.381206286	0.000149979	1.42898e-05	-7.120728977	27.62611974	4.84497384955082	3.82396954642827
KNTC1	-0.349056421	0.000150681	1.43779e-05	-7.116181329	24.16180244	4.84230454128362	3.8219415062479
PALMD	-3.274578977	0.000151263	1.44549e-05	-7.160516015	16.66989113	4.83998490846226	3.82026729048939
TRIP10	0.413333994	0.000152309	1.45764e-05	7.106046928	24.35283476	4.8363497224643	3.81727443327031
DGKH	1.075565347	0.000152535	1.46195e-05	7.103862148	19.81828301	4.8350674803846	3.81663049361007
DCTN4	-0.49124523	0.00015304	1.46896e-05	-7.100333093	23.41455466	4.83299002995228	3.81519504298076
WLS	-1.369878491	0.000153377	1.47436e-05	-7.097621522	21.44028524	4.83139646021907	3.81423976113013
AS3MT	0.79140713	0.000154422	1.48659e-05	7.091523052	21.41706934	4.82780879293723	3.81129082707041
CCAR1	-0.770017974	0.000154595	1.49044e-05	-7.089614292	24.3600639	4.82668550248503	3.81080455639133
GPT2	-0.486384719	0.000155836	1.50549e-05	-7.082206216	25.78537218	4.82232212488004	3.80733220779748
FAF2	-0.469591514	0.000155836	1.50681e-05	-7.081559422	24.697337	4.8219415062479	3.80733220779748
AHCTF1	-0.574397642	0.000158106	1.53123e-05	-7.069714385	23.98677382	4.81495957074616	3.80105164861651
GYG1	0.534429235	0.000158106	1.53485e-05	7.067975583	24.00931214	4.81393406146069	3.80105164861651
IDH1	-0.488183216	0.000158106	1.53547e-05	-7.06767918	26.61534426	4.81375866437997	3.80105164861651
GLO1	0.317081064	0.000158601	1.54425e-05	7.063479767	28.17437381	4.81128238999027	3.7996940787264
ILF2	-0.512576952	0.000158601	1.54475e-05	-7.063241407	26.32006108	4.81114179611338	3.7996940787264
ACAA2	0.432513543	0.000158886	1.54978e-05	7.060852207	25.01894196	4.80972994800213	3.79891436830936
WDR76	-0.63169125	0.000160278	1.56562e-05	-7.053369868	22.5442884	4.80531363942328	3.79512608547058
HAUS8	-1.455920011	0.000160406	1.57132e-05	-7.050699409	21.09607535	4.80373536169321	3.79477939092619
SNRPB	-0.496284126	0.000160406	1.57141e-05	-7.050657497	25.20391608	4.80371048745751	3.79477939092619
CAST	-0.450889644	0.00016112	1.58399e-05	-7.044796253	26.70665338	4.80024756451327	3.79285054679046
STOML2	0.597713088	0.00016112	1.58709e-05	7.043359798	24.7870066	4.79939844476683	3.79285054679046
BRAP	-1.52296749	0.00016112	1.5873e-05	-7.043262854	19.86898899	4.79934098374828	3.79285054679046
GNL1	0.387979235	0.00016112	1.58751e-05	7.043164218	25.43373836	4.79928353033133	3.79285054679046
GLS	0.611398082	0.000161323	1.59179e-05	7.041186168	24.84920848	4.79811422796577	3.79230371034821
CYRIB	0.449571734	0.000161721	1.59801e-05	7.038324073	25.15070762	4.79642050729285	3.79123358187497
HSPA4L	0.581440161	0.000162775	1.61072e-05	7.032506382	24.44636205	4.79297994873269	3.78841229598107
GPX8	-0.495909532	0.000163076	1.61689e-05	-7.029702367	23.29948054	4.79131952494084	3.7876099496557
PALLD	-0.479231104	0.000163076	1.61831e-05	-7.029056165	25.19900161	4.79093828223319	3.7876099496557
HTRA2	0.722244644	0.000164574	1.6355e-05	7.021308765	21.00187157	4.786349451539	3.7836387751288
HNRNPC	-0.744100496	0.000165619	1.65058e-05	-7.039627956	26.91291431	4.78236342152054	3.78088984193627
AK6	-0.899142617	0.000165619	1.65046e-05	-7.014633717	22.70403253	4.78239499662284	3.78088984193627
HINT1	-0.570196995	0.000166268	1.66072e-05	-7.010094134	25.60016506	4.77970358410823	3.77919132721275
TRIM29	0.451793293	0.000166268	1.66174e-05	7.009647499	25.43646847	4.77943692603833	3.77919132721275
EDF1	-0.595461643	0.000167729	1.67938e-05	-7.001917037	26.08825957	4.77485102320054	3.77539184227688
OPLAH	2.017571612	0.000167729	1.68108e-05	7.001174369	16.49374186	4.77441161866532	3.77539184227688
ATG7	0.57969364	0.000168295	1.68913e-05	6.997679272	23.28832086	4.77233692466819	3.77392878660686
ANKRD52	-1.008377368	0.000169613	1.70476e-05	-6.990944758	21.23626369	4.76833675333555	3.77054086427331
MRRF	-0.567497057	0.000172599	1.73721e-05	-6.977167029	22.26898303	4.76014767934877	3.76296172481861
ABCF2	-0.32838016	0.000173668	1.75043e-05	-6.971636068	25.0407665	4.75685525206352	3.7602801971183
GSTO1	0.427345713	0.000174029	1.75653e-05	6.969096021	26.00899193	4.75534442843774	3.75937837533495
IDE	-0.511760382	0.000175149	1.7703e-05	-6.963398947	25.26619027	4.75195313064134	3.75659233791079
SMC6	-0.945079106	0.000175182	1.77316e-05	-6.962224916	18.61254911	4.75125207433594	3.75651051975627
KYAT3	0.476497784	0.000175182	1.77625e-05	6.960955121	24.20149323	4.75049590906447	3.75651051975627
KPNA4	0.459997648	0.000175182	1.77807e-05	6.960208005	27.20374819	4.75005114549443	3.75651051975627
NOC4L	-1.217137735	0.000175791	1.7873e-05	-6.956434901	21.23157006	4.74780254463512	3.75500336333728
TOR1B	-1.097591443	0.000175791	1.79e-05	-6.955333754	20.75740186	4.74714696902011	3.75500336333728
SLC25A3	-0.281236124	0.000175791	1.79171e-05	-6.954638898	27.70159171	4.7467322823925	3.75500336333728
NUDT5	0.451316213	0.000175866	1.79496e-05	6.953317172	24.58558331	4.74594522506496	3.75481811415051
PRPF8	-1.179579871	0.000175984	1.79865e-05	-7.275290074	29.23223032	4.74505333796455	3.7545268152971
LGALS3	0.4550089	0.000176137	1.8027e-05	6.950182264	27.12281063	4.7440765412671	3.75414940491878
PCDH1	0.80820003	0.000176545	1.80937e-05	6.947492435	19.65967536	4.74247261471705	3.75314457775061
CEP44	-1.267892272	0.000179386	1.84102e-05	-6.934873175	21.27609759	4.73494149349356	3.74621145404554
PGAM5	-0.60244278	0.000180397	1.85395e-05	-6.929784352	23.9818077	4.73190198271413	3.74377068904618
DTX3L	0.382942347	0.000183656	1.89004e-05	6.915777622	25.02697464	4.72352900450641	3.73599487878438
KLC3	-0.545452057	0.000184186	1.8981e-05	-6.912689612	27.72327215	4.72168091082119	3.73474338366043
CA8	-0.453655183	0.00018499	1.909e-05	-6.908533423	26.37813758	4.71919407160633	3.73285174760888
COQ5	-0.911949064	0.000185244	1.91424e-05	-6.906546796	20.17315054	4.7180036129848	3.73225584979447
MED15	0.630608924	0.000186452	1.92936e-05	6.900842894	21.94768901	4.71458672962608	3.72943295376524
WNK2	-2.637185323	0.000186632	1.9365e-05	-6.918754232	18.02173375	4.7129824986779	3.72901388989325
MYO1C	0.420463635	0.000186632	1.9356e-05	6.898502001	27.79302338	4.71318438656341	3.72901388989325
ACTN4	-0.50232659	0.000186998	1.94294e-05	-6.895756052	28.83832241	4.71154061065665	3.72816303834911
AP3B1	-0.421424667	0.000187512	1.95093e-05	-6.892785455	24.54898055	4.70975831295254	3.72697093397882
CTNNB1	-0.671286265	0.000187746	1.95602e-05	-6.902823878	26.56868776	4.70862670893225	3.72642930703449
DCTN2	-0.464574477	0.00018879	1.96956e-05	-6.885900286	25.79260179	4.70563078445524	3.72402101353285
TPP1	0.494842842	0.000188943	1.97383e-05	6.884332935	24.34307758	4.70469025452414	3.72366919328223
BZW2	-0.322267624	0.000189082	1.98051e-05	-6.881886912	25.8148626	4.7032229604125	3.72334981262907
TBL2	-0.717734365	0.000189082	1.98088e-05	-6.881750917	21.47642342	4.70314183284931	3.72334981262907
ERGIC1	-0.392176251	0.000189082	1.9833e-05	-6.880869545	24.12967445	4.70261158811937	3.72334981262907
DRG1	-0.486070822	0.000192164	2.01835e-05	-6.868200769	24.83356424	4.69500352100864	3.71632796976711
FARSB	-0.406530768	0.000192189	2.02228e-05	-6.866792082	25.94899144	4.69415871321774	3.71627147294225
MSN	-0.387970238	0.000192189	2.02404e-05	-6.866164683	28.91225354	4.69378090902215	3.71627147294225
HKDC1	-1.133039506	0.000192512	2.03017e-05	-6.877199304	23.00880923	4.69246759412093	3.71554219409651
ANP32E	-0.550649145	0.000196876	2.08211e-05	-6.845744449	25.42248579	4.68149632999789	3.7058072229317
FILIP1L	-1.0340616	0.000196876	2.0824e-05	-6.845641159	21.08840068	4.68143584489882	3.7058072229317
SCP2	0.39163305	0.000196876	2.08453e-05	6.844903545	26.09992906	4.68099185024231	3.7058072229317
TENM3	-0.422310188	0.000197721	2.09707e-05	-6.840578575	24.81873622	4.67838707258361	3.70394720170416
INTS3	-0.57909613	0.000197721	2.09907e-05	-6.8398916	24.42001724	4.67797307827952	3.70394720170416
PDXDC1	-0.534066645	0.000198059	2.10546e-05	-6.83770196	24.18334091	4.67665300498905	3.70320541803359
CERT1	-0.825253795	0.000203617	2.16743e-05	-6.816815646	23.02644572	4.66405491973625	3.6911859655397
BRD2	-1.09499867	0.000205238	2.18759e-05	-6.810158129	22.61204596	4.66003407055739	3.687742226102
MYO5B	-0.816808879	0.000206902	2.20824e-05	-6.803404935	22.51493077	4.65595372758625	3.68423531124453
RBMX	-0.507802118	0.000209784	2.24437e-05	-6.791749907	26.46094606	4.64890554504857	3.67822763805232
CRYZL1	0.609294741	0.000209784	2.24513e-05	6.791506135	22.97045917	4.64875850693324	3.67822763805232
TRMT13	-0.675549369	0.000209784	2.2479e-05	-6.790624235	21.15536331	4.64822301268224	3.67822763805232
RCL1	-0.895805196	0.00021066	2.26026e-05	-6.786689135	21.61988999	4.64584160064437	3.676417920151
GTF3C4	-0.396779991	0.000211681	2.27421e-05	-6.782275844	23.77618081	4.64316943514947	3.6743181215057
GCDH	0.59438654	0.000211826	2.27876e-05	6.78084314	22.29449562	4.64230141249592	3.67402073467462
YIF1B	-0.619435664	0.000212054	2.28421e-05	-6.779131026	21.54410939	4.64126397150818	3.67355353097818
PCYOX1L	-0.854978071	0.000212346	2.29201e-05	-6.77668773	20.74741746	4.6397834918812	3.67295591547994
NOTCH1	-1.654911796	0.000212346	2.29457e-05	-6.775886621	20.02427772	4.63929868883007	3.67295591547994
IMUP	1.780860002	0.000212346	2.29636e-05	6.775327852	20.33008908	4.63896002665835	3.67295591547994
ZCCHC8	-1.060285738	0.000212602	2.30213e-05	-6.773528397	22.64175175	4.63787015564605	3.67243265427708
SUCLG2	0.408611272	0.000213063	2.31034e-05	6.77097825	25.36817876	4.63632410268008	3.67149196225667
SLC4A11	0.924201433	0.000213063	2.31315e-05	6.770107366	17.49691813	4.63579620377929	3.67149196225667
DCDC2	-2.231512334	0.000213252	2.31821e-05	-6.972994791	22.33955701	4.63484722509795	3.67110688707772
ARHGEF1	0.484114726	0.000214429	2.33405e-05	6.763668755	23.12669947	4.63188984473816	3.66871647976156
RBM27	-0.619221342	0.000214744	2.34051e-05	-6.76169154	22.72110114	4.63068949897767	3.66807896162149
CACYBP	-0.349228786	0.000215884	2.35599e-05	-6.756974496	26.64598557	4.62782655724403	3.66577954372043
ACTR3	0.303943169	0.000216379	2.36463e-05	6.754354531	27.23997402	4.62623680483288	3.66478489063881
ANAPC2	-0.607498823	0.000216379	2.36751e-05	-6.753485667	22.01801724	4.62570817792737	3.66478489063881
TOR2A	-1.421188461	0.000218589	2.39557e-05	-6.745061018	17.1173457	4.62059113427377	3.66037169672987
MAT2A	-0.440265383	0.000218589	2.39787e-05	-6.744377057	25.6916435	4.62017436577973	3.66037169672987
SPATS2L	0.476343967	0.000218971	2.40515e-05	6.742210609	23.99403369	4.6188578331609	3.65961339828287
NOP14	-1.280631302	0.000219025	2.40884e-05	-6.741114038	22.03457554	4.61819204575707	3.65950631099375
POLR1B	-0.925691048	0.000220273	2.42568e-05	-6.736140831	21.77894546	4.61516649258761	3.65703873330605
SPC24	-0.563227255	0.000221089	2.43779e-05	-6.73258575	22.63939169	4.61300370879529	3.65543286464943
ATP6V1G1	0.915387189	0.000221118	2.44124e-05	6.761297768	24.65495853	4.61238952269179	3.65537590245754
NAA25	-0.355634216	0.000221407	2.44755e-05	-6.729732234	23.96327518	4.61126842740949	3.65480865259318
ZC3H7B	-1.046494836	0.000221809	2.45678e-05	-6.727048901	21.31339371	4.60963373202778	3.65402083613529
MBD3	-1.159307805	0.000221809	2.45828e-05	-6.726613568	21.34101301	4.60936865215365	3.65402083613529
MLEC	-0.446111784	0.000222012	2.46367e-05	-6.725051737	23.9014867	4.60841746484244	3.65362355080641
TARS2	-0.666628633	0.000222331	2.47035e-05	-6.723120679	22.9381197	4.60724151139611	3.65299997864018
C4orf54	-0.700770455	0.000222501	2.47538e-05	-6.721668441	24.97371217	4.60635812229191	3.65266803280212
METTL26	1.741201074	0.000223235	2.48669e-05	6.718417549	20.3589585	4.60437835211682	3.65123771334014
ARHGAP1	0.504026302	0.00022606	2.52137e-05	6.70855235	26.7187787	4.59836341883465	3.64577627673515
NMD3	0.374907928	0.000226218	2.52633e-05	6.707153096	25.22839339	4.59750992067765	3.64547284154294
KIRREL1	-0.831473194	0.000230632	2.57888e-05	-6.692501053	22.14567852	4.58856886590794	3.63708043485898
TLR6	1.416345208	0.000230867	2.58477e-05	6.731390447	22.50610906	4.58757809557772	3.63663814045718
DPP3	-0.367686473	0.000231762	2.59807e-05	-6.687231231	26.57357998	4.5853491518757	3.63495777002549
COX20	-0.63549256	0.000232227	2.60656e-05	-6.684912174	22.15412976	4.58393227366464	3.63408728817487
MTREX	-0.493727486	0.000232701	2.61805e-05	-6.681787861	24.16340884	4.58202206347024	3.63320175038947
ZWINT	0.351532038	0.000232701	2.61846e-05	6.681676666	25.86590562	4.58195405606151	3.63320175038947
THUMPD3	-0.437680733	0.000233426	2.62992e-05	-6.678574582	23.68650888	4.5800574621897	3.63185077199395
PRKAB2	-1.13743379	0.000234197	2.64192e-05	-6.675343828	20.69540942	4.57808033739696	3.63041867242245
LRRC20	0.664923753	0.000234417	2.64771e-05	6.673787266	21.91009417	4.57712958429911	3.63001089632939
ZWILCH	-0.958766102	0.000235134	2.65914e-05	-6.670731998	20.43092854	4.57525879706975	3.62868456804749
TMBIM1	0.863836035	0.000236483	2.67773e-05	6.665787316	21.3761758	4.57223321575629	3.62620007383338
URB1	-0.921187003	0.000238082	2.69921e-05	-6.660123842	21.96857747	4.56876332578312	3.6232734378424
SRSF6	-0.452417757	0.000238719	2.7098e-05	-6.657346964	26.95825986	4.56706276156163	3.62211301347431
PCNT	-1.01477208	0.00024201	2.75058e-05	-6.646764512	19.92249514	4.5605757191733	3.61616668833737
CMTM7	1.334892204	0.000243036	2.77255e-05	6.667843972	22.55460017	4.55712061306761	3.61432939124389
GPATCH4	-0.637655736	0.000243036	2.76691e-05	-6.642573862	22.35060276	4.55800496703868	3.61432939124389
CRIM1	0.749881613	0.000243036	2.76938e-05	6.641943539	22.96228575	4.55761744852304	3.61432939124389
TMSB4X	0.713880004	0.000243064	2.7763e-05	6.68189442	28.59549043	4.55653360691135	3.61427935937594
PLIN3	0.410433339	0.00024338	2.78336e-05	6.638381445	25.39974411	4.55543061835078	3.61371511323214
ATAD2	-0.813724533	0.000244499	2.79963e-05	-6.634256487	22.38207258	4.55289936136356	3.61172291279954
ANKZF1	0.820076586	0.000244499	2.80306e-05	6.633391272	22.14646697	4.55236760598926	3.61172291279954
CHMP7	0.695860122	0.000244796	2.80993e-05	6.631659819	22.58076288	4.55130449895342	3.61119568289952
UBAP2L	-0.349973408	0.000248115	2.85153e-05	-6.621274282	25.9604087	4.54492205498685	3.60534697929769
ANK3	-0.488520594	0.000248309	2.85728e-05	-6.61985157	23.18403445	4.54404719871544	3.60500753908619
VPS37B	-1.574026141	0.000250625	2.88746e-05	-6.612431842	19.58479716	4.53948402334209	3.60097561003574
KCTD12	-0.384917394	0.00025171	2.90353e-05	-6.608516249	23.82717587	4.53707368236799	3.59909953034536
SRSF10	-0.741096827	0.000253039	2.92243e-05	-6.603938332	22.87692178	4.53425588255374	3.59681253740335
NUP214	-0.454789775	0.000253957	2.93662e-05	-6.600522976	24.46652586	4.53215224775036	3.59523981189829
PPP4R1	-0.34021879	0.000254119	2.94537e-05	-6.598427116	26.22136392	4.53086014099065	3.59496286235353
CYFIP2	-0.783116946	0.000254119	2.94859e-05	-6.597655545	20.50503491	4.53038561168579	3.59496286235353
RPS16	-0.367419948	0.000254119	2.94927e-05	-6.597493003	28.28162693	4.53028546680306	3.59496286235353
PRPF3	-0.476833752	0.000255519	2.96913e-05	-6.592764119	24.448117	4.52737078689481	3.59257680085858
ATIC	0.283890857	0.000257829	2.99963e-05	6.585567839	27.47024412	4.52293231156976	3.58866823581254
ARHGAP8	0.583510091	0.000259667	3.02468e-05	6.579713414	23.28032993	4.51932056533727	3.58558323954491
ARFGEF1	0.366488464	0.000260563	3.04024e-05	6.576103406	25.24091073	4.51709213133812	3.58408725415171
ANXA11	0.361467959	0.000260563	3.04248e-05	6.575585679	26.65425377	4.51677226796008	3.58408725415171
DHX30	-0.423949683	0.000261011	3.0514e-05	-6.573526067	25.8872041	4.51550085810451	3.58334118944856
PHYH	1.201677588	0.000261255	3.05794e-05	6.572019575	19.18859266	4.51457104015475	3.58293538910431
TLE3	-0.919391585	0.000261996	3.07032e-05	-6.56917996	22.33356549	4.51281635840172	3.58170533918097
CAVIN1	0.924931158	0.000262448	3.08112e-05	6.566712124	21.62439384	4.51129138694013	3.58095673244918
RHOB	-0.69664067	0.000262448	3.08304e-05	-6.566274908	22.12781804	4.51102084061031	3.58095673244918
NUSAP1	-0.712322354	0.000262739	3.09112e-05	-6.564435355	23.32792187	4.50988413491527	3.58047545737128
GNAI1	-1.939246197	0.000262739	3.09388e-05	-6.563806749	19.59693981	4.5094965349639	3.58047545737128
ENY2	-0.533875968	0.000263333	3.10461e-05	-6.561376319	23.67435517	4.50799294797883	3.57949471316942
CCDC138	-2.567946771	0.000265386	3.13564e-05	-6.57285226	16.94870161	4.5036738040833	3.57612199135522
RBM12B	-0.60029129	0.000265386	3.13908e-05	-6.553621451	23.37518854	4.50319761608848	3.57612199135522
DDX42	-0.362552094	0.000265386	3.14006e-05	-6.553403003	25.78145092	4.5030620533854	3.57612199135522
PRIM2	-0.909088242	0.000268165	3.17782e-05	-6.545015042	21.57458261	4.49787070600235	3.57159790545075
HNRNPU	-0.391073144	0.000268165	3.18052e-05	-6.544419356	29.0548069	4.4975018691136	3.57159790545075
PLS3	-0.288453796	0.000269739	3.20301e-05	-6.539478795	26.83237688	4.49444170543919	3.56905625688308
OSBPL8	-1.303903839	0.000271496	3.23154e-05	-6.54515815	22.3839449	4.49059046401123	3.56623656456767
TWF2	0.37887279	0.000271496	3.2288e-05	6.533857898	25.46069565	4.49095885544318	3.56623656456767
OSBPL3	1.178511442	0.000274069	3.26605e-05	6.52582425	20.22532887	4.48597717092884	3.5621400848192
ACOT13	0.52304071	0.0002741	3.27057e-05	6.52485603	22.4608591	4.48537655122904	3.5620909644605
MYH14	-0.455424808	0.0002741	3.27417e-05	-6.524086661	26.38563099	4.48489877509353	3.5620909644605
MFGE8	0.696697759	0.000275165	3.29077e-05	6.520545425	23.73643711	4.48270247055323	3.56040680762235
NME2P1	-1.672412353	0.000275177	3.2987e-05	-6.523272544	20.78086051	4.48165717953466	3.56038786836718
SORD	0.407349513	0.000275177	3.29801e-05	6.5190078	25.59960278	4.48174803185153	3.56038786836718
TGFB2	-1.703808709	0.000276051	3.31308e-05	-6.534045187	21.29506282	4.47976807720615	3.55901067528097
HSPA9	-0.351214451	0.000277064	3.32915e-05	-6.512434652	28.26083587	4.4776666365932	3.5574199001183
SUFU	-2.025132571	0.000277264	3.33548e-05	-6.511106521	18.99110108	4.47684165909345	3.55710651562338
RNF25	-0.833117685	0.000278252	3.3513e-05	-6.507799775	21.02934751	4.47478669346797	3.55556170539095
XPOT	-0.577952154	0.00027868	3.3604e-05	-6.50590477	24.39670168	4.47360902396336	3.55489419813747
AGFG1	0.375249096	0.000283843	3.42666e-05	6.49226729	24.25832548	4.46512898499213	3.54692181166883
EIF1AD	-0.653947438	0.000285264	3.44785e-05	-6.487964857	22.00374141	4.46245163657973	3.5447530323662
KIAA0319	-0.832619883	0.000286796	3.47042e-05	-6.483412927	21.28776644	4.45961796248738	3.54242691015222
PBXIP1	-0.48631798	0.000287617	3.48715e-05	-6.480059506	24.89053885	4.45752937101485	3.54118544795537
CGGBP1	-0.454050989	0.000287617	3.48849e-05	-6.479792612	22.78416738	4.45736251761849	3.54118544795537
NPTN	-0.43079982	0.00028839	3.50194e-05	-6.477109779	23.69733718	4.45569129911269	3.54001980296826
CAP1	0.322076173	0.000291345	3.54194e-05	6.469197345	28.11550844	4.45075879997531	3.53559243077803
AURKB	-0.993924525	0.000294234	3.58122e-05	-6.461519481	20.55598496	4.44596899877273	3.53130714411966
TTC39C	0.775459308	0.000294884	3.59729e-05	6.458403025	22.72461382	4.44402454958127	3.53034879102983
SLC39A10	0.928762379	0.000294884	3.59752e-05	6.458358235	23.07326381	4.44399678297426	3.53034879102983
NDUFS2	-0.439962971	0.000294884	3.60163e-05	-6.457564219	24.18393098	4.44350090484572	3.53034879102983
STON2	-0.705199875	0.000295297	3.61085e-05	-6.455785828	22.80199082	4.44239055242761	3.52974096512454
HSPA8	-0.27903507	0.000295419	3.61652e-05	-6.454694235	31.46529914	4.44170912883436	3.52956157628948
ANKHD1	-0.604205747	0.000295843	3.6259e-05	-6.45289374	22.34955249	4.44058417763904	3.52893870219342
MAPK13	0.846153495	0.000296229	3.63482e-05	6.45118506	20.57026541	4.4395170909789	3.52837242750465
FXN	-0.596487723	0.00029796	3.66027e-05	-6.446334528	21.54265764	4.43648687766975	3.52584203439781
JAGN1	0.676346541	0.000299994	3.68949e-05	6.440809746	20.66786949	4.43303366242994	3.52288743125684
GOSR2	-0.668331848	0.000300622	3.70417e-05	-6.438052714	22.68701102	4.43130908992539	3.52197924021955
DENND4C	0.496348695	0.000300622	3.70571e-05	6.437762839	22.22266245	4.43112857053458	3.52197924021955
GGA3	0.797532283	0.000304447	3.75718e-05	6.42818955	21.26814638	4.4251379981402	3.51648830109662
CRNKL1	-0.558774902	0.000305144	3.77008e-05	-6.425810816	22.92352291	4.42364943409396	3.51549516508969
NUCKS1	0.531325825	0.000306249	3.78806e-05	6.422510412	25.09967396	4.42158315071878	3.51392532073416
HDAC8	2.887656809	0.000306433	3.79467e-05	6.460113285	18.28270807	4.4208259861481	3.51366446702188
ZBTB11	-1.232839276	0.000307193	3.80843e-05	-6.418793199	17.43181966	4.4192540224503	3.51258868478639
CBX2	-1.310442297	0.000307262	3.81363e-05	-6.488126905	23.45489652	4.41866144468097	3.51249114690525
SLC9A3R2	0.74447087	0.00030833	3.83125e-05	6.414653255	23.80306104	4.41665950813751	3.51098421708149
GON4L	-0.757420487	0.000314182	3.91044e-05	-6.400485071	21.44134401	4.40777437334045	3.50281870002362
WDR45B	-0.702332287	0.000314182	3.91284e-05	-6.400060103	21.56224032	4.40750791047851	3.50281870002362
CNTNAP1	1.421370981	0.000316445	3.94549e-05	6.394311775	17.95347509	4.40389905301698	3.49970176201998
TFAM	0.43251091	0.000324211	4.05133e-05	6.376018879	24.41748721	4.39240238003489	3.48917225426771
TTK	-0.600599192	0.000324211	4.05493e-05	-6.375406482	22.47250247	4.39201663858627	3.48917225426771
COL4A2	-0.627820405	0.000324211	4.05935e-05	-6.374653399	21.08912935	4.39154350189396	3.48917225426771
SMAP	0.570223618	0.000324211	4.06066e-05	6.374430243	23.35356297	4.39140337256499	3.48917225426771
OVCA2	0.745222012	0.00032868	4.12127e-05	6.364207371	21.48131228	4.3849689322677	3.48322672169841
TTC13	-2.447384272	0.000329485	4.13603e-05	-6.379951866	18.24807614	4.3834163198205	3.48216435213374
XRCC4	-0.515317133	0.000329609	4.14224e-05	-6.36070762	22.52543703	4.38276474183657	3.4820009383676
PCDH11X	-1.068164413	0.000330177	4.15566e-05	-6.358477505	19.09726905	4.38135999195321	3.48125318280243
PREB	0.591758739	0.000330177	4.15871e-05	6.35797165	21.96042168	4.38104136330685	3.48125318280243
LAMB3	1.0605057	0.000330793	4.17115e-05	6.382179258	23.45278198	4.37974419207674	3.48044368924506
MARCKSL1	-0.505967781	0.000338628	4.27474e-05	-6.339020927	26.21805624	4.3690902949707	3.47027713440566
DHRS3	2.264849964	0.000338769	4.2861e-05	6.42912381	21.33170673	4.36793770055001	3.47009633784815
SEC31A	-0.338012117	0.000338769	4.28328e-05	-6.337648645	26.04195501	4.36822353464377	3.47009633784815
BAIAP2	-0.307536786	0.000339402	4.29926e-05	-6.335086529	25.53333145	4.36660628990256	3.46928560283624
TSPAN6	-0.895960042	0.000339402	4.30369e-05	-6.334377333	20.88591225	4.36615901897227	3.46928560283624
SPRED1	1.610504517	0.000339422	4.30875e-05	6.333570254	17.61917508	4.365648703584	3.46926001184464
MAP2K6	-0.925271548	0.000340388	4.32582e-05	-6.330850979	20.3470496	4.36393155577837	3.46802575888605
TIMM13	0.538131422	0.000342088	4.35227e-05	6.326661381	23.92761585	4.36128417032439	3.46586216003063
PEDS1	0.657809706	0.000347061	4.42044e-05	6.315984022	22.51457336	4.35453449986778	3.459594186203
PAGE5	2.373800022	0.000347218	4.43226e-05	6.339746739	19.17063885	4.35337477146254	3.45939776881224
HMCES	0.456548208	0.000347218	4.42877e-05	6.314692308	23.02840378	4.35371687341236	3.45939776881224
UBE2Q1	-0.473554231	0.000348552	4.45422e-05	-6.310759417	22.25191514	4.35122833637552	3.45773242092784
PAIP2	-0.709104695	0.000348924	4.46389e-05	-6.309270344	21.21069885	4.35028651590328	3.45726915749631
SLC39A6	1.334478236	0.000350622	4.49058e-05	6.305180666	20.08641037	4.347697562219	3.45516083730428
VAPA	0.351128533	0.00035189	4.51179e-05	6.301949281	27.10559694	4.34565112266914	3.45359307475767
SUSD2	0.869399166	0.000352172	4.52038e-05	6.317594845	24.25740193	4.34482505524031	3.45324517627587
ARPC3	0.271719067	0.000353237	4.53905e-05	6.297820054	26.06379258	4.34303503325087	3.4519338123022
CSE1L	-0.263477948	0.000353859	4.55205e-05	-6.295859971	29.39764449	4.34179297626922	3.45116975413353
ICOSLG	-1.210640742	0.000354762	4.56867e-05	-6.293361624	18.45131002	4.3402102103739	3.45006290539652
ANAPC5	-0.709471224	0.00035517	4.57895e-05	-6.291823088	21.98620502	4.33923409873975	3.44956372471971
SLC25A25	0.517465705	0.000356844	4.60558e-05	6.287850864	22.23286824	4.33671566949797	3.44752160110349
OSBPL11	0.363476318	0.000360358	4.65603e-05	6.280393258	23.82389637	4.331984230078	3.44326583209687
SMC3	-0.319151321	0.000361097	4.67068e-05	-6.278243494	26.08992785	4.33061988629707	3.44237611968411
MON2	-0.451112318	0.000363418	4.70612e-05	-6.27307275	23.93813002	4.32733700306876	3.43959356600136
CRABP1	-0.489270436	0.000363418	4.71098e-05	-6.272367	26.5410255	4.32688873951215	3.43959356600136
CAD	0.361848301	0.000364714	4.73293e-05	6.269188451	26.74312156	4.32486991869671	3.438047565433
KIF2A	-0.616262398	0.000366379	4.76337e-05	-6.264806618	25.11509682	4.32208568287697	3.43606942704974
SAFB	-0.505849804	0.000366379	4.76489e-05	-6.264588685	25.8232758	4.32194712082721	3.43606942704974
PLEKHG2	-3.048904896	0.000366793	4.78583e-05	-6.447586298	20.53692263	4.32004273225271	3.43557896114373
HSPB1	0.34796665	0.000366793	4.77665e-05	6.262903644	31.07048893	4.32087657965812	3.43557896114373
GAA	0.664286645	0.000366793	4.78151e-05	6.262208949	22.99333526	4.32043493160787	3.43557896114373
DEPTOR	1.092034756	0.00036892	4.8188e-05	6.256904144	18.02126882	4.31706109833022	3.43306780003426
DCC	-0.573373511	0.000369284	4.82878e-05	-6.255491445	21.85853842	4.31616258067596	3.4326395086562
SCOC	-1.08307499	0.000369407	4.83561e-05	-6.254525986	21.6692212	4.31554873297213	3.43249487924616
DDB2	0.973355546	0.000376653	4.93578e-05	6.240537604	18.94222435	4.30664420612946	3.42405856910951
ATP5MK	0.377434446	0.000385256	5.05397e-05	6.224416667	23.88129808	4.29636734034905	3.41425058882862
GATAD2B	-0.388185338	0.000386205	5.07187e-05	-6.222009042	24.62904384	4.29483188663385	3.41318210793013
GPRC5A	1.49536742	0.000386354	5.07929e-05	6.257244392	22.50253588	4.29419699059643	3.41301458705831
TONSL	-1.813247499	0.000387167	5.09941e-05	-6.218323842	17.86663933	4.29248006871909	3.41210166667528
TGFBR1	-1.113513289	0.000387167	5.10093e-05	-6.218122089	17.67898814	4.29235063624578	3.41210166667528
CRIP2	0.633193897	0.000387475	5.11595e-05	6.232581098	27.23222077	4.29107370868717	3.41175631306038
GSTCD	-0.617012303	0.000387475	5.11377e-05	-6.21641135	20.72804675	4.29125880896066	3.41175631306038
SHROOM3	-0.784895642	0.000389966	5.15434e-05	-6.211037317	22.1410665	4.28782693711348	3.40897325619419
WDHD1	-0.349566419	0.000391705	5.18286e-05	-6.207285648	25.32980647	4.28543052221365	3.40704088477445
VCAN	-2.760312561	0.000394321	5.22672e-05	-6.237542403	18.15418248	4.28177076481751	3.40415009347899
DNA2	-0.915843018	0.000394321	5.22863e-05	-6.201311953	17.72071885	4.28161208959962	3.40415009347899
NCAPD3	-0.638943866	0.000399901	5.30827e-05	-6.191047638	21.11347069	4.2750469952786	3.39804750986013
EZR	0.269921279	0.000400729	5.32493e-05	6.188920507	30.55783048	4.27368609696219	3.39714922735956
PHF2	-0.771145822	0.000402473	5.3538e-05	-6.185253049	20.80062292	4.27133785663036	3.39526324907083
SLC25A10	0.516176587	0.000404072	5.38077e-05	6.181844705	24.64427888	4.26915557139258	3.39354124276894
TPCN1	-1.363134495	0.00041051	5.47231e-05	-6.170412058	17.37483896	4.26182930831353	3.38667625902707
FAM50A	-0.346259669	0.000410628	5.47968e-05	-6.169500103	25.1413807	4.26124480251782	3.38655144018001
PM20D2	1.04401902	0.000413157	5.51928e-05	6.164624506	21.85922291	4.25811757307183	3.38388488471894
AACS	-0.362094939	0.00041658	5.57088e-05	-6.1583256	23.64743463	4.2540761963959	3.3803015843598
RABL6	-0.40033046	0.00041674	5.57891e-05	-6.157350803	23.41683523	4.25345064465141	3.38013481260835
RRP36	-0.832911694	0.000417413	5.59383e-05	-6.155544123	17.0983385	4.25229073624547	3.37943402929944
FANCD2	-0.960852113	0.00041904	5.62156e-05	-6.152200663	20.15097856	4.25014314966599	3.37774451891884
PTPA	-0.47392236	0.000419799	5.63768e-05	-6.150264393	24.0120191	4.24889957872662	3.37695860028196
DMTN	0.858491692	0.000426961	5.73989e-05	6.138122426	18.59020309	4.24109643039833	3.36961179302728
SPAG5	-0.592869291	0.000428173	5.76224e-05	-6.135498315	22.84935577	4.23940865710993	3.36838072219038
VEZT	-0.75474373	0.000430924	5.80535e-05	-6.130466736	19.77355933	4.23617159186227	3.3655993175215
SLPI	0.686269292	0.000431751	5.82625e-05	6.128042488	22.54428557	4.23461088405936	3.36476664786825
BRD1	-0.861200339	0.000431751	5.8287e-05	-6.127759214	17.50167503	4.2344282970047	3.36476664786825
FAM83H	0.817533437	0.000433174	5.85404e-05	6.124832443	22.67002037	4.23254431440651	3.36333761851809
DNTTIP2	-1.732250824	0.000433919	5.87024e-05	-6.157963013	21.48784027	4.23134414261185	3.36259133301322
DNASE1L1	0.994717751	0.000436698	5.914e-05	6.117960312	18.23691312	4.2281186798099	3.35981879706642
TIMM50	-0.444924165	0.000437926	5.93683e-05	-6.115364174	24.92620755	4.22644538683594	3.35859926964842
SENP1	-0.973910577	0.000442222	6.00479e-05	-6.107695975	18.91802006	4.22150217617714	3.35435965560412
GPNMB	-0.809153683	0.000442222	6.00757e-05	-6.107384699	20.77228517	4.22130116011014	3.35435965560412
UBE2S	-0.944047828	0.000443827	6.03565e-05	-6.104244553	21.87070671	4.21927595237488	3.35278628120646
ACSL5	-1.005830363	0.000444198	6.04697e-05	-6.102982536	21.194419	4.21846218599415	3.35242340119259
TRA2B	-0.453883704	0.000445751	6.07441e-05	-6.099935783	24.68748455	4.21649589817208	3.35090767385312
TBC1D10A	0.630319287	0.000447246	6.10117e-05	6.09697853	21.35121154	4.21458687387119	3.34945353490971
FMOD	-1.178274279	0.000447246	6.10743e-05	-6.09628828	17.11427541	4.21414150197024	3.34945353490971
PRPF4	-0.444126717	0.000453109	6.20026e-05	-6.086144963	24.5063191	4.20759009853437	3.34379731144359
IGFBP7	-1.073404355	0.000453109	6.2003e-05	-6.086140343	18.28795507	4.20758729676102	3.34379731144359
ITGB6	-1.027301505	0.000455926	6.2453e-05	-6.081280894	19.11316525	4.20444669496555	3.34110564066805
SPIN1	-1.495008414	0.000458993	6.2938e-05	-6.076085073	20.49055642	4.20108706191159	3.33819393774064
DDX58	0.684258116	0.000459173	6.30276e-05	6.075130469	22.88953868	4.20046922986631	3.33802365696844
SNX9	0.787097223	0.00045992	6.31951e-05	6.073348726	22.58772387	4.19931659458883	3.33731770436208
SEC14L2	0.538622198	0.000460994	6.34392e-05	6.070761008	22.71447944	4.19764230232627	3.33630472706989
MRPL53	0.971384886	0.000460994	6.3473e-05	6.070403108	21.78569382	4.19741097462357	3.33630472706989
ALDH1A1	-0.409560291	0.000461465	6.36031e-05	-6.069029599	24.93667224	4.19652171642574	3.33586123263003
TMEM19	-1.033810978	0.00046213	6.37601e-05	-6.067375032	18.68419665	4.19545101047308	3.33523583755887
QARS1	0.308620709	0.000462619	6.3893e-05	6.065978287	26.67401122	4.19454671974299	3.33477653450162
NSA2	-0.830480887	0.000469929	6.4969e-05	-6.054780746	21.45370324	4.18729381782481	3.32796775320783
RC3H2	-0.973735645	0.000470106	6.51621e-05	-6.052791419	18.51784752	4.18600492798974	3.32780420584161
DNM1	1.038780993	0.000470106	6.51636e-05	6.052776458	19.41786934	4.18599493085606	3.32780420584161
NAB2	-1.302445355	0.000470106	6.51928e-05	-6.052475637	20.99229162	4.18580036581615	3.32780420584161
PPP1CB	-0.40104	0.000471389	6.54374e-05	-6.049967563	24.5139573	4.18417396465588	3.32662055608204
RRAS	0.517541739	0.000471663	6.56233e-05	6.048067095	22.42640384	4.18294193402686	3.32636819101333
NUDT14	0.745261203	0.000471663	6.56933e-05	6.047353344	20.83650761	4.18247892148141	3.32636819101333
VAMP2	0.525576303	0.000471663	6.57239e-05	6.047041503	23.49493913	4.18227667380932	3.32636819101333
RABGGTA	0.685749119	0.000471663	6.57421e-05	6.046855408	23.17031371	4.18215642736353	3.32636819101333
NUDT12	-0.932998309	0.000473627	6.60908e-05	-6.043314063	22.34466245	4.1798589911545	3.32456354780377
PUS1	-0.784059924	0.000473627	6.61497e-05	-6.042717283	22.60176124	4.17947212107043	3.32456354780377
ATPAF1	-0.898575292	0.00047601	6.65498e-05	-6.038681489	20.9302296	4.17685324535876	3.32238392354169
MBTD1	-1.164841089	0.000476266	6.6653e-05	-6.037645056	17.50151757	4.17618029855133	3.32215042109063
ZBTB1	-0.976247119	0.000477908	6.69504e-05	-6.03466648	18.86677298	4.17424682392047	3.32065569949223
SLC20A2	0.601019517	0.000478324	6.70763e-05	6.033410171	22.44299026	4.17343090155046	3.320277827771
PRRC2C	-0.473413014	0.000481991	6.77179e-05	-6.027044189	25.35330709	4.16929651826176	3.31696107106992
DAD1	-0.419943346	0.000481991	6.77268e-05	-6.026957136	24.16252473	4.1692394437377	3.31696107106992
LTA4H	-0.326615908	0.000485202	6.82466e-05	-6.021847425	26.81197983	4.1659189800091	3.31407741764229
STRBP	-0.4961656	0.000487802	6.86812e-05	-6.017607351	24.63223889	4.16316212543853	3.31175642340076
TBC1D5	0.538403233	0.000490426	6.9188e-05	6.012698208	23.53506076	4.1599692232557	3.30942651369925
PNO1	-0.630047587	0.000490426	6.91893e-05	-6.012685331	23.01885311	4.15996106320595	3.30942651369925
PSMB8	0.616607841	0.00049643	7.01066e-05	6.003897544	22.22007625	4.15424109460603	3.30414198132163
ADD3	-0.6689988	0.00050206	7.09725e-05	-5.995712381	22.90598013	4.14890989651717	3.29924437824979
GAPVD1	-0.313159234	0.000510116	7.21835e-05	-5.984441844	25.55305117	4.14156206389698	3.29233105442856
PIP4K2A	2.511528318	0.000510778	7.24215e-05	6.015504707	17.98678683	4.14013248428321	3.29176781674214
GMIP	1.387601737	0.000510778	7.23923e-05	5.982518975	18.84693327	4.14030762503697	3.29176781674214
TGM2	0.535751838	0.0005141	7.29861e-05	5.977082335	25.6524159	4.13675984218225	3.28895239613297
NDUFA8	-0.48134705	0.0005141	7.30379e-05	-5.976609951	22.47646675	4.13645172221422	3.28895239613297
SMYD3	0.821292311	0.000518175	7.36902e-05	5.970696171	20.65775455	4.13259026477211	3.28552354392441
ME1	-0.563700766	0.000521003	7.43e-05	-5.9652174	24.20426041	4.12901118623942	3.2831597759717
RIDA	0.763381592	0.000521003	7.43418e-05	5.964843528	22.36411968	4.12876692776271	3.2831597759717
PAQR7	0.808798242	0.000521003	7.43971e-05	5.964349383	19.23780118	4.12844399292917	3.2831597759717
EFNA5	-0.919246957	0.000521003	7.44407e-05	-5.963959761	17.44762681	4.12818955165213	3.2831597759717
HSP90B1	-0.248273262	0.000521003	7.44605e-05	-5.963783052	30.56337426	4.12807405183356	3.2831597759717
CLDN1	1.090801141	0.000521756	7.4642e-05	5.962165847	22.19636169	4.12701673237347	3.28253254800873
UTP15	-0.892290573	0.000525287	7.52214e-05	-5.957029218	21.77697179	4.123658587869	3.27960334714688
SIPA1	0.761521936	0.000527683	7.5639e-05	5.953352718	22.15025754	4.12125422146307	3.2776268969639
STXBP2	0.320032816	0.000529993	7.61187e-05	5.94915647	25.19119767	4.11850863745869	3.27572986640195
LRCH2	1.271551562	0.000529993	7.612e-05	5.949145595	19.77162745	4.11850122038502	3.27572986640195
TRAF2	-0.534279301	0.000532452	7.65485e-05	-5.945420694	22.91562128	4.11606331506507	3.27371953732534
CTSV	0.755114893	0.000540061	7.77187e-05	5.935360835	21.99981559	4.10947447245142	3.26755718375628
YWHAH	0.363277919	0.000540131	7.78051e-05	5.934624421	26.55474112	4.10899193476784	3.26750089633002
PGM2L1	0.314927362	0.00054177	7.81179e-05	5.931965524	24.55756137	4.10724944012395	3.26618504728214
ZBED5	-0.918645628	0.000544207	7.85461e-05	-5.928343761	18.16908138	4.10487537383888	3.26423587629786
COG2	-0.608930827	0.000544591	7.86786e-05	-5.927227798	21.85653905	4.10414337648127	3.26392954015844
SOGA1	0.646649735	0.000555242	8.02958e-05	5.913760812	23.3058878	4.0953071705934	3.25551769010661
NUDT16L1	-0.720801385	0.000555919	8.04723e-05	-5.912308323	21.76879449	4.09435358581069	3.2549884825469
OTUD7A	-1.323383678	0.000568069	8.23114e-05	-5.897373027	19.83679246	4.08454001151643	3.24559890988887
FAT1	-0.65669792	0.000569475	8.25955e-05	-5.895097503	22.76534902	4.08304361343514	3.24452533673038
DTD1	-0.722890364	0.00057041	8.28378e-05	-5.893163511	22.73731925	4.08177144358529	3.24381286936455
DPCD	0.447687612	0.00057041	8.28925e-05	5.892727899	23.14652575	4.08148476204278	3.24381286936455
AKAP2	0.881074374	0.00057222	8.34666e-05	5.888172376	23.06475433	4.07848727706199	3.24243696698192
ECSIT	0.931069742	0.00057222	8.35341e-05	5.887638394	20.18008969	4.07813620213685	3.24243696698192
HSP90AB1	0.195289791	0.00057222	8.35522e-05	5.887495653	29.76820615	4.07804211027949	3.24243696698192
HOOK1	0.398213159	0.00057222	8.3567e-05	5.887379051	23.13462184	4.07796518843749	3.24243696698192
BCL2L13	0.885774791	0.00057222	8.36163e-05	5.886989453	22.62434219	4.07770905378076	3.24243696698192
DBNL	0.403087183	0.00057222	8.3802e-05	5.885526026	24.08734721	4.07674561646997	3.24243696698192
SMC1A	-0.310923792	0.00057222	8.38316e-05	-5.885292833	26.40768275	4.07659224486908	3.24243696698192
PDIA4	0.272294614	0.00057222	8.40155e-05	5.883847122	28.57182018	4.07564058365861	3.24243696698192
RTN4	0.278469122	0.00057222	8.40395e-05	5.883658679	26.72275741	4.07551654012957	3.24243696698192
APOL2	-0.774421721	0.00057222	8.40398e-05	-5.883656939	19.84481199	4.07551498980963	3.24243696698192
UBR7	-0.640304168	0.00057222	8.40982e-05	-5.883198002	21.96762808	4.07521329954612	3.24243696698192
LMAN1	0.29920261	0.00057222	8.4192e-05	5.882463057	25.53984131	4.07472917359439	3.24243696698192
SPDL1	-1.296133495	0.00057222	8.42072e-05	-5.882344418	18.53104701	4.07465077326775	3.24243696698192
AK4	0.773013135	0.000575976	8.48412e-05	5.877397658	23.62901734	4.07139319741982	3.2395956125572
USP24	0.435550011	0.000577316	8.52015e-05	5.874604234	24.10411757	4.06955275927099	3.23858640609842
ZNF706	-0.790363423	0.000577316	8.52018e-05	-5.874601844	19.42333436	4.06955123009469	3.23858640609842
ZYG11B	-0.632794629	0.000579386	8.55893e-05	-5.871611463	21.58133634	4.06758052552629	3.23703200308497
ENDOG	-0.897412423	0.000580926	8.58989e-05	-5.869232634	18.48585471	4.06601239760053	3.23587918574818
MAPK3	0.596462319	0.000583968	8.64312e-05	5.865163984	23.69451535	4.06332945726765	3.23361095049751
CEP85	-0.92680227	0.000588129	8.71303e-05	-5.859860137	17.95950918	4.05983079063573	3.23052740548241
MAT2B	-0.27881281	0.000593198	8.7965e-05	-5.853586468	24.4558425	4.05569009296866	3.22680032188915
EVA1A	0.773592732	0.00059398	8.81649e-05	5.852092784	20.0293326	4.05470428074474	3.22622817797481
HSDL2	-0.544122124	0.000594084	8.8297e-05	-5.851108512	22.80359618	4.054054051865	3.22615214397962
RHOBTB3	-0.631624801	0.000594084	8.83484e-05	-5.850725553	20.71493717	4.05380131121056	3.22615214397962
ALKBH2	-1.077412978	0.0005993	8.92494e-05	-5.844055116	17.71169186	4.04939469485235	3.22235572230352
NDUFA4	-0.650867293	0.0005993	8.92935e-05	-5.843730012	24.09115413	4.04918015384242	3.22235572230352
RNF14	-0.8566119	0.000602514	8.98576e-05	-5.839591907	18.84073856	4.04644518512732	3.2200328573803
FASN	-0.274306733	0.000604484	9.02367e-05	-5.836826101	30.34248963	4.04461679543072	3.21861518992922
TAF7	-0.98069347	0.000606634	9.06436e-05	-5.833872009	20.72809183	4.04266285436832	3.2170732524517
WDR36	-0.342374609	0.000610676	9.13338e-05	-5.828891752	23.75437331	4.03936847288204	3.21418914774997
CDKN2A	-0.504195956	0.000611949	9.16107e-05	-5.826904975	25.13464984	4.03805379838928	3.21328477056931
PML	0.520670917	0.000612525	9.17835e-05	5.825668343	23.42697027	4.03723538528045	3.2128761810198
SULF2	-2.877821674	0.000613579	9.20967e-05	-5.891996834	17.89964965	4.03575593112201	3.21212951271649
AKAP9	-0.374340979	0.000613579	9.21486e-05	-5.823064074	23.8140518	4.03551125856638	3.21212951271649
PFKM	-0.355007645	0.000613579	9.22016e-05	-5.822686729	25.50791002	4.03526154244809	3.21212951271649
PPIB	0.264255433	0.000615806	9.26234e-05	5.819693384	28.50816046	4.03327928106036	3.21055608393851
XPNPEP1	0.314790114	0.000615807	9.27279e-05	5.818953706	25.14512436	4.03278957553181	3.21055537869347
MELTF	1.190042151	0.000615807	9.27976e-05	5.818461168	19.71123301	4.03246325568022	3.21055537869347
DIABLO	-0.48677399	0.000623052	9.39775e-05	-5.810179978	23.66407519	4.02697611230994	3.20547570555491
PIR	-1.030187509	0.000628425	9.48767e-05	-5.803942225	22.15676688	4.02284042934147	3.20174654618763
BCS1L	-0.48444429	0.000633556	9.57409e-05	-5.798006002	22.14100243	4.01890249430554	3.19821499180483
HEATR1	-0.401959717	0.000639036	9.66595e-05	-5.791758551	24.12847829	4.01475545570865	3.19447467523604
EHMT2	-0.577498646	0.00064223	9.72333e-05	-5.787887285	22.01042393	4.01218497448191	3.19230941142889
CDR2L	-3.548364487	0.00064861	9.82909e-05	-6.049526921	20.94232273	4.00748668829936	3.18801635983921
HSPA2	-0.55667767	0.00064981	9.85646e-05	-5.778998874	23.14722358	4.00627903622674	3.18721360953243
RTF1	-0.593882698	0.000660434	0.000100269	-5.767800753	23.17468378	3.99883331633064	3.18017057678978
TSSC4	-0.591453704	0.000663519	0.000100832	-5.764152029	20.99749925	3.99640161850609	3.17814663651166
CLTA	0.265064965	0.00066418	0.000101026	5.762896069	26.87391089	3.9955668420253	3.1777142061547
TRAM1	0.330482908	0.000673742	0.00010258	5.752942486	24.35166701	3.98893730527027	3.1715063785792
SEC24A	-0.701440415	0.000673742	0.000102671	-5.75236407	22.41312149	3.9885522079948	3.1715063785792
RAB11B	0.234303932	0.00067697	0.000103259	5.748645284	27.48027456	3.98607208514377	3.16943057669616
PPA2	0.341439751	0.000677299	0.000103404	5.74772608	25.56092428	3.9854626610068	3.16921956560847
RNASEH2A	-0.371757429	0.000677737	0.000103609	-5.746435523	23.83391218	3.98460251794436	3.16893880407933
KLHL9	-0.906531698	0.000677737	0.000103702	-5.745852087	18.33331284	3.98421286771329	3.16893880407933
UNC119B	-0.898751289	0.000677737	0.000103759	-5.745497576	21.72441642	3.98397422251163	3.16893880407933
P4HB	0.300640122	0.000678456	0.000103999	5.743989935	30.00476497	3.98297083662978	3.16847831245056
EPB41	-0.865508456	0.000678456	0.000104125	-5.743204437	20.27138244	3.98244498558516	3.16847831245056
JUP	-0.313290761	0.000678456	0.000104157	-5.743005205	25.79243406	3.98231153743764	3.16847831245056
ACTR2	0.31788517	0.000680275	0.00010455	5.740549321	25.89074967	3.98067596284631	3.16731548900055
USP30	-1.57978788	0.000680275	0.000104628	-5.74006371	18.73937925	3.98035207628885	3.16731548900055
RPL7	-0.392791956	0.000684161	0.000105322	-5.735759021	28.65477206	3.97748090250257	3.16484168602283
ZNF593OS	0.794549454	0.000692215	0.00010666	5.72754854	21.3376437	3.97199842065314	3.15975899396612
TDRD7	-1.15218173	0.000694047	0.000107041	-5.72523307	19.24546761	3.97044984228502	3.1586111186669
CCNYL1	0.5993843	0.000699948	0.00010805	5.719135455	23.51383878	3.96637522878074	3.1549342230599
POLR2A	-0.50024196	0.000703195	0.00010865	-5.715533988	23.74044045	3.96397026934346	3.15292422593219
STARD7	-0.592532522	0.000704171	0.000108931	-5.713855344	22.46228216	3.9628485094723	3.15232186452473
DNLZ	-1.294184928	0.000704171	0.000109	-5.713445115	19.10869025	3.96257350205938	3.15232186452473
EMSY	-0.957255301	0.000706251	0.00010943	-5.71088969	20.39517136	3.9608636007779	3.1510409242427
CCN1	-0.692401579	0.000706251	0.000109522	-5.712049387	24.28691425	3.96049863407574	3.1510409242427
FYTTD1	-0.515031359	0.000707219	0.000109772	-5.708864322	23.14060553	3.95950842305754	3.15044608017214
COX17	0.470079839	0.000708125	0.000110013	5.707443081	25.12438436	3.95855599216292	3.14989007279253
DCK	0.309951616	0.000708752	0.00011021	5.706278322	23.8828805	3.95777899760962	3.14950570257842
TMOD1	1.308488222	0.000709405	0.000110466	5.704773698	21.06022506	3.95677137161276	3.14910575487626
IMP3	-0.815491879	0.000709405	0.000110512	-5.704501614	19.69290912	3.95659056133793	3.14910575487626
ESCO2	-2.497566562	0.0007107	0.000110915	-5.732049509	18.73520019	3.95500971645942	3.14831368455757
GYS1	0.975599264	0.0007107	0.000110856	5.702486529	22.52522077	3.95524079604185	3.14831368455757
LRRCC1	-1.216732623	0.000713146	0.000111398	-5.699325852	18.95992088	3.95312260626068	3.14682154938605
DHX9	-0.345224079	0.000715231	0.000111824	-5.696845484	28.14728001	3.95146497687025	3.14555367033466
MRPL37	0.462473042	0.000715235	0.000111926	5.696255577	23.9518584	3.95106901673418	3.14555124150668
AURKA	-0.538139088	0.000717578	0.000112394	-5.693550522	22.87482195	3.9492568723652	3.14413088465887
UBE2C	-0.496696265	0.000719592	0.000112811	-5.691148784	24.5313451	3.94764855100531	3.14291367352989
NFKB1	0.530031466	0.000733606	0.000115112	5.678071808	22.36683901	3.93887940041772	3.13453712532572
NDUFA3	-0.811522133	0.000734873	0.000115415	-5.676371467	21.9484084	3.9377377440929	3.13378770875918
NEURL4	-0.672738723	0.000736255	0.000115736	-5.674573187	23.20187623	3.93653153154519	3.13297174284656
EEF2	0.265562091	0.000740945	0.000116578	5.669883457	30.62715314	3.93338339966346	3.13021402830004
TMEM41A	1.02573842	0.000742291	0.000116895	5.668128779	18.69692848	3.93220406470514	3.12942580507312
TRMT10C	0.256461198	0.000746496	0.000117662	5.663895777	25.37888299	3.92936377381716	3.12697251504221
ANPEP	1.570117996	0.000749499	0.000118304	5.660378237	17.39203395	3.92700057110699	3.12522894226169
KDM2A	-0.678483303	0.000749499	0.000118348	-5.660142138	22.6399821	3.92683907695165	3.12522894226169
ITPR3	0.962370794	0.000755366	0.000119381	5.674607278	23.33943646	3.923064787543	3.12184256722454
SMARCA2	1.060401507	0.000756925	0.000119734	5.652616762	21.32367366	3.9217825086104	3.12094715048644
CUSTOS	-0.750394534	0.000757121	0.000119963	-5.651385504	21.63864965	3.92095268206594	3.12083470777476
KATNA1	-0.697300893	0.000757121	0.000119979	-5.651296191	19.48633623	3.92089476213762	3.12083470777476
MRPS23	-0.368776751	0.000762847	0.000120994	-5.645856734	24.095225	3.91723616548107	3.11756255735147
LAMC1	-0.307134656	0.000766429	0.000121748	-5.641846995	26.14652052	3.91453816437286	3.11552807086362
RBM15B	0.527361951	0.000766429	0.000121779	5.641683878	23.3565337	3.91442759651787	3.11552807086362
SLC25A1	0.337572055	0.000767782	0.000122103	5.639972469	24.24628983	3.91327366556011	3.11476207376629
TFG	0.254236142	0.000772029	0.000122908	5.635731496	26.62375628	3.91041984825447	3.11236638579972
LRRC1	0.47087015	0.000772029	0.000122996	5.635268715	22.45622327	3.91010901218804	3.11236638579972
PTPN14	-1.036183566	0.000778619	0.000124156	-5.629217872	20.67308863	3.90603228775721	3.10867500275698
UCKL1	-0.440790361	0.000778785	0.000124293	-5.628509568	22.5403597	3.90555332949977	3.10858242191827
RAP2B	0.625395747	0.000781435	0.000124826	5.625749646	24.32936826	3.90369494606002	3.107107140889
OGT	-0.250075357	0.000782256	0.000125068	-5.624503386	25.2691126	3.90285379503218	3.10665109707675
STT3B	-0.35178295	0.000783529	0.000125382	-5.622887335	24.34936677	3.90176480690066	3.10594492477689
PLXND1	-0.819858402	0.000785336	0.000125783	-5.620834411	19.25868896	3.90037805130004	3.10494449392295
MARCKS	-0.45401571	0.000785968	0.000125995	-5.619748268	26.84435793	3.8996466891324	3.10459513552081
PXDN	0.520368357	0.000793347	0.00012729	5.61316605	25.11863603	3.89520571351372	3.100536816184
OTOG	0.739916799	0.000796175	0.000127856	5.61030964	20.29450842	3.89327888667754	3.09899146344183
FOXK2	-0.745157671	0.000799987	0.000128581	-5.606670815	21.15764546	3.89082320096687	3.09691707035073
MYO1D	0.829006768	0.00080271	0.000129133	5.603920576	20.32510277	3.88896275938727	3.09544132663607
COX6C	-0.473790184	0.000804459	0.000129528	-5.60195593	24.2367494	3.88763634022318	3.09449608522251
RMI1	-0.81803094	0.000805532	0.000129814	-5.600535407	17.6291884	3.88667846782167	3.09391720242369
EIF4G2	-0.236473224	0.000807643	0.000130269	-5.598289602	27.21969295	3.8851589206705	3.09278056669028
SLC25A46	-0.587624447	0.000807821	0.000130412	-5.597585012	20.67720798	3.88468244469303	3.0926848611616
CCNT1	1.147102573	0.000814819	0.000131656	5.643362076	23.41696792	3.88055934386886	3.08893885264813
ATOX1	-0.996203934	0.000815171	0.000131829	-5.599095708	22.85948486	3.87998904228687	3.0887512789084
SLC38A1	-1.763565086	0.00081524	0.000131991	-5.618464114	20.90170265	3.87945568079106	3.08871451968724
HARS2	-0.58334497	0.00081524	0.00013207	-5.589466191	22.53583948	3.8791958221592	3.08871451968724
MORF4L1	-0.631329837	0.000815592	0.000132243	-5.588629023	21.35092419	3.87862730713271	3.088527042792
IQGAP3	-0.639674586	0.000816894	0.000132605	-5.586871643	22.72314763	3.8774401001283	3.08783429377568
DCAF1	-0.595853935	0.000816894	0.00013279	-5.585976196	23.16830406	3.87683462909708	3.08783429377568
DNAJB2	-0.891371361	0.000816894	0.000132822	-5.585823012	21.79459275	3.87672998455174	3.08783429377568
ZNHIT6	-0.652591524	0.000816894	0.000132916	-5.585369432	22.03098644	3.87642273693942	3.08783429377568
FAR1	-1.941820562	0.000818791	0.000133417	-5.611483851	20.04019752	3.87478882907164	3.08682693966832
MAGED2	-0.543029076	0.000818791	0.000133456	-5.582766327	24.64790089	3.87466189614912	3.08682693966832
BCAT2	0.44464494	0.000831225	0.0001356	5.572542373	23.87679252	3.86774031046896	3.08028140337343
TMEM222	1.665279751	0.000831812	0.000135813	5.571534193	18.19169095	3.86705865746312	3.07997481864746
CAPN2	0.301465072	0.000839717	0.000137223	5.564917391	25.78203005	3.86257309026246	3.07586705446994
ALG8	-0.393779974	0.000839788	0.000137353	-5.564309682	24.05417895	3.86216185048283	3.07583033542684
TRIM59	-1.395493854	0.000847485	0.000138732	-5.55791205	19.60347492	3.85782335276591	3.0718679798209
SLC22A18	0.798753532	0.000851643	0.000139533	5.554225985	19.53376274	3.85532306821102	3.06974241887384
GIPC1	0.403013813	0.000858632	0.000140799	5.548444108	24.51438834	3.85140042968271	3.06619293001399
ASB6	-0.906906496	0.000862259	0.000141516	-5.54519597	19.06364551	3.84919445541262	3.06436226390179
TAX1BP3	0.985392114	0.000863264	0.000141803	5.543900651	20.5152305	3.84831458107352	3.06385636974255
CMAS	0.6228154	0.000866843	0.000142513	5.540705179	24.46112408	3.84614551761511	3.06205955351335
URB2	-0.879564274	0.000867787	0.000142791	-5.539459729	21.60338654	3.84529916492339	3.06158686016504
NAA10	-0.322652984	0.000868211	0.000143077	-5.538179559	25.0250408	3.84443017459733	3.06137471606811
SURF2	-0.703612891	0.000868211	0.000143106	-5.538050533	21.99434807	3.84434215720972	3.06137471606811
TMED5	-0.410439913	0.000875967	0.000144509	-5.531819475	24.47141292	3.84010510426647	3.05751225454865
RABIF	-0.533654098	0.00087724	0.000144857	-5.530282933	21.91520396	3.83906051331546	3.05688157377608
NUP133	-0.384961651	0.00087724	0.000145008	-5.529616115	24.50045285	3.83860803735113	3.05688157377608
SRSF9	-0.620662255	0.00087724	0.000145091	-5.529251827	24.39542598	3.83835952602926	3.05688157377608
PPP3CA	0.35663439	0.000882799	0.000146135	5.524672402	23.18836643	3.83524575609548	3.05413816746182
BIRC3	-1.11109155	0.000884567	0.000146553	-5.522850607	18.47788739	3.83400528694844	3.05326926662279
ETFRF1	0.749752237	0.000888234	0.000147286	5.519666231	17.61695564	3.83183853225924	3.05147260683249
CAMK4	-1.033212593	0.000889671	0.00014765	-5.518090584	20.64111712	3.8307665486989	3.05077056560263
PFN2	0.263609772	0.000894279	0.000148541	5.514251983	25.82193018	3.82815365667584	3.04852696749349
SORCS2	2.003144958	0.000897326	0.000149174	5.519728983	18.66110315	3.82630686480237	3.04704974839419
CHD1	-0.859210059	0.000898882	0.00014956	-5.509893821	21.10957646	3.82518454351782	3.04629731617823
ATP6V1E1	0.567871156	0.000899982	0.00014987	5.511620294	25.61439216	3.8242852926913	3.04576617653717
C12orf29	-0.812932953	0.000906907	0.000151151	-5.50314655	20.55331843	3.82058897522751	3.04243724596927
ATP6V1F	0.601579082	0.000909058	0.000151638	5.501097521	22.27687117	3.81919195225069	3.04140840690304
KIF4A	-0.411336	0.000918179	0.000153342	-5.493980945	24.00833409	3.81433887665237	3.03707264436069
COX7A2	-0.604838856	0.000918179	0.000153419	-5.493660724	22.48138629	3.81412085235457	3.03707264436069
UTP14A	-0.569084349	0.000927136	0.000155144	-5.486544702	23.23221085	3.80926501555051	3.03285655526508
MANF	0.463645648	0.000927136	0.000155178	5.486406418	25.31106505	3.80916984980368	3.03285655526508
MRPL46	0.675532953	0.000931895	0.000156106	5.482612985	21.31724359	3.80658040432507	3.03063301842876
MYG1	0.308759535	0.000933173	0.000156452	5.481204875	25.86823633	3.80561888069029	3.03003783537405
FBRSL1	-0.80556562	0.000933285	0.000156603	-5.480592861	19.14502096	3.8051999225401	3.02998571420976
NDUFS3	-0.441452179	0.000933982	0.000156852	-5.479582092	23.69888901	3.80450993929696	3.02966149355149
NPC2	0.325491455	0.000937223	0.000157529	5.476845427	25.55204361	3.80263948390219	3.02815706210397
SLC25A35	0.898981154	0.000937659	0.000157735	5.476015178	17.15413076	3.8020719298776	3.02795507350146
PRPF31	-0.383479152	0.000940154	0.000158287	-5.473792251	24.02337761	3.80055475197341	3.02680100185537
PCYOX1	-0.288233641	0.000941581	0.000158767	-5.471869255	24.61478399	3.79923976140033	3.02614231362937
NCAPG2	-0.716660313	0.000941581	0.00015888	-5.471416511	22.37726229	3.79893076884869	3.02614231362937
SDC4	1.362255643	0.000941581	0.000158944	5.471162256	19.37376862	3.79875586168487	3.02614231362937
NIPBL	-0.568126944	0.000941581	0.00015906	-5.470698511	24.80863517	3.79843902188326	3.02614231362937
AMIGO2	0.925517816	0.000955768	0.000161592	5.460670369	18.54651521	3.79158014382045	3.01964751415428
PALS2	-0.411944784	0.000972826	0.000164613	-5.448917465	23.37908919	3.78353587018496	3.01196483084926
TPM4	-0.351626536	0.000974915	0.000165104	-5.44702807	29.00576656	3.78224240489054	3.01103324752215
SEPTIN6	-1.415260071	0.000984581	0.000166908	-5.440140459	19.7959691	3.7775228468283	3.0067485493014
GEMIN4	-0.620178967	0.000984581	0.00016702	-5.43971811	22.29429305	3.77723152065142	3.0067485493014
DIDO1	-0.775266435	0.000984793	0.000167195	-5.439054121	22.57416464	3.77677671436637	3.00665504707123
GNL2	-0.504091869	0.00098519	0.000167401	-5.4382714	23.51194226	3.77624195199876	3.00648000504128
TANGO2	0.99072646	0.00099409	0.000169054	5.432049324	16.59237036	3.77197454890072	3.00257429494477
TRIM56	-0.837261196	0.000995958	0.000169513	-5.430334516	21.28807972	3.77079699001683	3.00175897558517
PUS7	-1.125363183	0.000997602	0.000169953	-5.428692687	21.31998085	3.76967116487353	3.00104268885179
DDX47	0.508174733	0.000997602	0.000170075	5.428237815	23.7795218	3.7693595203674	3.00104268885179
RAB9B	-0.810346575	0.000997602	0.00017035	-5.427215632	18.65637591	3.7686578620961	3.00104268885179
PIK3R4	0.499231876	0.000997602	0.000170357	5.427191374	23.28164933	3.7686400164905	3.00104268885179
DSEL	0.931739658	0.001001062	0.000171089	5.424477105	19.0739515	3.76677791210046	2.99953902399517
MT-CO2	-0.495315012	0.001003236	0.000171602	-5.422581468	24.62002842	3.76547765480956	2.99859689206277
ENAH	-0.474306123	0.001007035	0.000172395	-5.419668317	26.7330631	3.76347533424158	2.99695543506434
SDF2L1	0.474564276	0.001010785	0.000173179	5.416796015	23.41729692	3.76150477246338	2.99534121161319
CARNMT1	-1.388077938	0.001010901	0.000173398	-5.416000334	17.56115182	3.76095591605227	2.99529137384416
KIFC1	-0.57133014	0.001010901	0.000173485	-5.415681166	23.5399491	3.76073806956964	2.99529137384416
GTF2B	-0.651481208	0.001012436	0.000173931	-5.414059504	23.62547078	3.75962300609913	2.99463242068152
APBB2	1.038900096	0.001012436	0.000174035	5.413681336	16.66665674	3.7593634024168	2.99463242068152
BAZ1B	-0.983855437	0.001017487	0.000175047	-5.410016996	22.03232042	3.75684532788444	2.99247113086376
UROD	0.66965146	0.001033622	0.000178115	5.401956782	24.23258672	3.74929950477643	2.98563825556327
KIF5A	-0.899572927	0.001033622	0.000178107	-5.399071869	17.42514023	3.74931901146527	2.98563825556327
PCM1	-0.472507124	0.001043741	0.000180006	-5.392377575	24.86624888	3.74471301865523	2.98140725633918
PYCR3	0.393531682	0.001059482	0.000182871	5.382421949	23.72408223	3.73785516023465	2.97490641730815
RPS7	-0.473789803	0.001061687	0.000183401	-5.387538129	28.12948839	3.73659830065456	2.97400350040003
MIX23	0.446400135	0.001062736	0.000183733	5.379457661	25.19387833	3.73581283372807	2.97357460752084
NUCB1	-0.44965798	0.001073498	0.000185745	-5.372595275	24.70549595	3.73108286802034	2.96919876034722
NEU1	0.686088876	0.001078143	0.000186701	5.369362115	20.73713415	3.72885335589496	2.96732363247755
RIN1	1.060085645	0.001082893	0.000187677	5.366081523	19.76790088	3.72658894733137	2.96541445362888
ID3	-1.565404711	0.001087382	0.000188676	-5.362738907	16.71841432	3.72428333953012	2.96361786037732
TMPO	-0.366138816	0.001087382	0.000188762	-5.362451928	25.4948916	3.72408542980142	2.96361786037732
TTC41P	-0.915093662	0.001089977	0.000189367	-5.360440355	19.63256917	3.7226957009747	2.96258266616807
POFUT2	0.491911703	0.001090017	0.000189528	5.359905689	23.16074862	3.72232662027533	2.96256672871202
PSME2	0.309075847	0.001090357	0.000189741	5.359198157	26.38297067	3.72183881486877	2.96243128394425
PLCG2	0.465937978	0.001096671	0.000191116	5.354658449	22.82122685	3.71870295281504	2.95992364071586
CDC37	0.360936112	0.001096671	0.00019115	5.354545888	26.74405087	3.71862569764495	2.95992364071586
KANK4	0.882711184	0.001103225	0.000192448	5.350290802	22.04588992	3.7156865979156	2.95733590524498
SLMAP	-0.363088439	0.001103745	0.000192695	-5.349485578	24.94163782	3.71512955415919	2.95713125077775
SOD2	0.365621005	0.001108764	0.000193728	5.34612565	24.8728772	3.71280760505954	2.95516088343137
HIP1	-0.841184505	0.001111021	0.000194279	-5.344340193	20.83889311	3.71157414060975	2.95427773215011
CIAO3	-0.856721736	0.001113686	0.000194903	-5.342327441	17.55654419	3.71018147605211	2.95323723976357
IRGQ	-0.310935825	0.001125556	0.000197139	-5.335164186	23.58470531	3.7052274507621	2.94863289259064
ARFIP2	0.446221299	0.00113431	0.000198833	5.329795752	22.66065605	3.70151153478513	2.94526823919024
POLE	-0.532804703	0.001136204	0.000199326	-5.328243852	21.55383619	3.70043604841412	2.94454368612471
ASPH	0.242352582	0.001138556	0.000199899	5.326441542	25.34693641	3.69918937844601	2.94364560370244
IRF3	0.39802215	0.001141211	0.000200527	5.324475808	23.27553335	3.69782714343505	2.94263405088082
TSG101	-0.293781716	0.001144272	0.000201226	-5.322291802	24.68439337	3.69631590568861	2.94147072898871
RAP1GDS1	0.30143154	0.001145597	0.000201621	5.321062801	23.5978291	3.69546423557402	2.94096813233122
NRM	-0.852033762	0.001172869	0.000206587	-5.305820705	20.6570895	3.68489701101533	2.93075049236378
CLTC	0.334977366	0.00117472	0.000207079	5.304331328	30.03919063	3.6838639409257	2.93006563717611
ABRAXAS2	0.545352294	0.001176658	0.000207587	5.302797401	22.09174832	3.68279984737967	2.92934974811318
RBM6	-0.416868819	0.001178419	0.000208155	-5.301086089	23.65481297	3.68161315265456	2.92870026384988
SOD1	-0.321330015	0.001178419	0.000208231	-5.300859452	26.63239711	3.68145461523499	2.92870026384988
KNSTRN	-0.868073394	0.0011818	0.000209035	-5.298446289	22.13512712	3.679780991237	2.92745601435635
SHB	0.886792248	0.0011818	0.000209162	5.298066442	18.05334967	3.67951721411332	2.92745601435635
TKT	0.298894656	0.001183638	0.000209655	5.296595113	28.97093275	3.67849477577644	2.92678110051935
CHP1	0.566156581	0.001188009	0.00021061	5.293752698	22.9544891	3.67652101186984	2.92518026925758
SRPRB	-0.458273599	0.001188009	0.000210765	-5.293291976	24.03267372	3.67620150716391	2.92518026925758
TACO1	0.563055735	0.001192644	0.000211843	5.290102022	21.60284672	3.67398588196556	2.92348917234672
HAUS5	-0.680826598	0.001192644	0.000211925	-5.289861291	19.93796552	3.67381780817065	2.92348917234672
MORC2	-0.453592517	0.001194888	0.000212492	-5.288189138	22.83578777	3.67265741583135	2.92267280037402
USP43	-0.50756811	0.001197152	0.00021308	-5.286462683	26.22319303	3.67145731188721	2.92185070458915
AEBP1	-0.802537489	0.001197152	0.000213233	-5.286013223	18.8080376	3.67114558290599	2.92185070458915
METTL3	0.304493286	0.001200718	0.000214038	5.28365892	23.78382031	3.66950911578516	2.92055897879569
CREB3L1	-0.802872053	0.00120367	0.000214868	-5.281241507	18.97584263	3.6678282585813	2.91949256359585
SLC35A4	-0.861022992	0.00120367	0.000214905	-5.281134441	22.46003497	3.66775348005463	2.91949256359585
E2F4	2.595715776	0.001208187	0.000215882	5.337533232	19.11284598	3.66578356714499	2.91786584155692
SEC23IP	0.402200121	0.001209223	0.000216238	5.277271698	24.69449142	3.66506798411002	2.91749360092683
PPIP5K2	-0.537183413	0.001213271	0.000217181	-5.274553991	21.42817801	3.66317817151454	2.91604218292618
BASP1	0.455098684	0.001213271	0.000217305	5.274198231	25.31551369	3.66293028082431	2.91604218292618
GALK1	-0.423735918	0.001222061	0.000219153	-5.268913063	25.79465673	3.65925257988327	2.91290711545009
TTC37	-0.492724562	0.001222061	0.000219225	-5.268708366	22.59216946	3.65910992125086	2.91290711545009
ELOB	0.370997577	0.001223273	0.000219615	5.267598196	25.72574446	3.65833800031142	2.91247660987893
ANKLE2	-1.835396345	0.001231484	0.000221437	-5.273814996	19.58359801	3.65474981094927	2.90957122633958
TGFBRAP1	1.453217011	0.001231484	0.000221296	5.262840758	19.14262133	3.65502643602135	2.90957122633958
NOS1	-0.410760328	0.001233756	0.00022202	-5.260804096	23.92428579	3.65360790168267	2.90877072225701
UBE2E2	0.384321791	0.001235075	0.000222432	5.259648104	22.88743069	3.65280273317046	2.9083066690463
SNRPE	-0.355617032	0.00123527	0.000222642	-5.259060247	23.90523391	3.65239290537567	2.90823810580987
ACTR10	-0.59537477	0.001237123	0.000223151	-5.25763707	21.99028676	3.65140116262803	2.90758711883033
NPLOC4	0.259425208	0.001239159	0.000223693	5.256123726	25.07952163	3.65034760601932	2.90687296449379
CYP26A1	-0.776197496	0.001240739	0.000224154	-5.279739517	25.01045595	3.64945350679851	2.90631956643125
BMS1	-0.60057131	0.001241703	0.000224504	-5.253869927	22.35647137	3.64877591674328	2.90598226960691
SP100	1.124894875	0.001259056	0.000227819	5.244737406	20.0569338	3.64241005878608	2.89995495301357
COMT	0.415875839	0.001263638	0.000229003	5.241511137	25.33011428	3.64015882825002	2.89837732250876
PSMD2	0.219684893	0.001263638	0.000229093	5.241266486	27.88684548	3.63998818059593	2.89837732250876
RBM38	0.445054224	0.001263638	0.000229184	5.241018523	22.9000663	3.63981570500421	2.89837732250876
KCTD15	-0.941390911	0.001266891	0.000229953	-5.238933376	19.95185509	3.63836092018454	2.89726074907464
SETX	-0.699829528	0.001272847	0.000231214	-5.235530122	21.07077323	3.63598587293893	2.89522379669916
CHMP3	-0.425417791	0.001273145	0.000231448	-5.234900399	22.57913267	3.63554656771209	2.89512213121381
PRRC2A	0.355726391	0.0012754	0.000232038	5.2333162	24.77554709	3.63444088649313	2.89435358734876
UTP20	-0.526173642	0.001277554	0.000232611	-5.231783238	24.04978365	3.63336975166113	2.89362073392798
CYB5R2	0.906189139	0.001279549	0.000233155	5.230329813	17.18592075	3.63235526668118	2.89294307826281
BPNT1	0.331981538	0.001283177	0.000233998	5.228086941	25.50794597	3.63078785452437	2.89171343339798
GET3	0.272838679	0.001284007	0.000234334	5.227193135	24.93711191	3.63016469415542	2.89143260862457
CDK16	0.619485339	0.001284007	0.000234657	5.226336476	21.93079801	3.62956648591759	2.89143260862457
RPN2	-0.28911563	0.001284007	0.000234693	-5.226240777	26.42983761	3.62949986356165	2.89143260862457
MGAT1	-1.466347487	0.001285278	0.000235107	-5.225145371	19.63132042	3.62873444013871	2.89100292617866
GCFC2	-0.581635594	0.001285409	0.000235313	-5.224601591	21.93148604	3.62835407931651	2.89095866363158
RAB11FIP5	1.284385102	0.001290094	0.000236353	5.221860627	17.69291239	3.62643888087883	2.88937864458913
UBAC1	-0.597510287	0.00130801	0.00023982	-5.212814011	21.84517399	3.62011460135625	2.88338893573024
ITGB4	0.862986373	0.00131862	0.000242252	5.206552069	22.44704259	3.61573262878544	2.87988034143642
SMC5	-0.914725059	0.00131862	0.000242298	-5.206432552	18.81423784	3.61565017064396	2.87988034143642
UBE2I	0.337644193	0.00131862	0.000242325	5.206364734	24.25615963	3.61560177859066	2.87988034143642
GNL3L	-0.347971749	0.001323675	0.000243441	-5.203512983	23.20672196	3.61360627666373	2.87821863350119
SUPT4H1	-0.421371026	0.001328158	0.000244453	-5.200938751	23.88371321	3.61180462857625	2.87675025746312
EPS15	0.527779169	0.0013361	0.000246104	5.19676499	23.767598	3.60888132752511	2.874161036005
IDI1	-1.990957842	0.001336881	0.000246626	-5.236778799	20.34447545	3.60796114079256	2.87390724894103
SRSF11	-0.299758345	0.001336881	0.000246519	-5.19572079	24.07096032	3.60814960264574	2.87390724894103
SH2D4A	0.450758433	0.001340362	0.000247457	5.193364707	23.4337193	3.6065002564684	2.87277789314969
FAH	0.352223278	0.001350807	0.000249577	5.188079536	23.0343796	3.60279543995649	2.86940669747881
GOLGA3	-0.835337113	0.001350876	0.00024978	-5.19471796	23.22475017	3.60244233872958	2.86938451403297
POLR3F	-0.763637124	0.001352086	0.000250195	-5.186545777	17.3907582	3.6017213736758	2.86899568403225
AP1G2	0.595149983	0.001361904	0.000252204	5.181591341	22.75318854	3.5982480297211	2.86585350456689
SAR1A	-0.482559376	0.001367468	0.000253428	-5.17859455	25.46460057	3.59614540376313	2.86408282776311
NOL9	-0.44469511	0.001370221	0.000254132	-5.176877155	23.63159171	3.59494064566033	2.86320938077063
SLC3A2	0.330136933	0.001391162	0.000258213	5.16702115	27.26097245	3.58802189651522	2.85662229372509
CUL7	1.223724746	0.001392122	0.000258588	5.166123684	19.94525225	3.58739163279941	2.85632270322756
ORC4	-0.552571888	0.001395695	0.000259449	-5.164067999	22.9550459	3.58594799887662	2.85520947733542
NPEPL1	1.57526323	0.001398017	0.000260078	5.179122995	20.67295522	3.58489638322395	2.85448754750214
TMA16	0.399979583	0.001398447	0.000260356	5.161910407	22.90202994	3.58443240939652	2.85435398838699
RFC5	-0.385918476	0.00142603	0.000265692	-5.149373267	23.22801075	3.5756215220224	2.84587133795021
ATF7IP	-0.614825286	0.00142918	0.000266481	-5.147542348	22.39268472	3.57433375057481	2.84491306996079
SLC44A2	-0.622451808	0.001466943	0.000273855	-5.130702149	22.28752611	3.56247932538487	2.83358676091227
ARL1	-0.671896144	0.001466943	0.000273937	-5.130516889	22.92912066	3.56234930469168	2.83358676091227
MIS18BP1	-1.299111237	0.001472327	0.000275151	-5.127791952	18.13447448	3.56042890446397	2.83199572360999
PDP1	0.511352937	0.001476169	0.000276077	5.125719695	22.65972246	3.55896977296651	2.83086391922984
EIF4EBP2	-1.253832742	0.001482993	0.000277563	-5.122412177	19.37216986	3.55663842714658	2.82886089891669
EPB41L1	0.969348466	0.001483192	0.00027781	5.121864306	21.55062036	3.55625212552909	2.82880262567883
LRP4	1.398650591	0.001491405	0.000279559	5.117998297	18.01913218	3.55352652169392	2.82640440525182
YWHAG	-0.463951279	0.001496748	0.000280773	-5.115331875	26.3165286	3.55164465763481	2.82485131349933
ATRX	0.462395071	0.00149718	0.000281267	5.114248436	22.74218325	3.55088121898522	2.82472598301878
HERC4	0.434008253	0.00149718	0.000281277	5.114227122	24.15962476	3.55086577861142	2.82472598301878
GOLGA2	-0.554338465	0.001500354	0.000282145	-5.112329387	22.97285326	3.5495276416252	2.82380625953892
TMEM128	-0.769781243	0.001500354	0.000282297	-5.111997805	19.27241114	3.54929373712183	2.82380625953892
DDX39B	-0.367419785	0.001505739	0.000283523	-5.109330579	27.64899495	3.54741170443274	2.82225030083329
IGF2	-0.981523753	0.001509567	0.000284458	-5.107306123	20.3014111	3.54598184777422	2.8211476066657
MAFF	-0.415561268	0.001525487	0.000287673	-5.100392032	22.68661432	3.54110089758577	2.81659148900638
CALCOCO1	0.939202947	0.001527094	0.000288192	5.099283602	21.01705574	3.54031807905318	2.81613422920106
KIAA1217	-0.449815788	0.001530982	0.000289142	-5.097260109	24.46331597	3.53888881928264	2.81502991534134
TPM1	-0.290490389	0.001551368	0.000293212	-5.088671422	29.55920908	3.5328182597228	2.80928517097276
MOB1B	-0.344868768	0.001560421	0.000295143	-5.084638392	23.86138485	3.5299675126204	2.80675821362636
IDUA	-0.848993317	0.001561346	0.000295539	-5.083815747	18.12058491	3.52938520051135	2.80650084502229
KIF22	-0.987005109	0.001561641	0.000295849	-5.083171916	20.57265655	3.52892989434443	2.80641879737205
ANXA4	0.334788807	0.001561641	0.000296036	5.082783054	24.39662474	3.52865547255365	2.80641879737205
RAPGEF3	0.647753557	0.001562979	0.000296511	5.081799526	20.24348957	3.52795919049302	2.80604685707063
NUDT16	0.708102995	0.001563462	0.000296824	5.081152714	23.30743167	3.52750098666063	2.80591266983574
GMPS	0.259912542	0.001563729	0.000297095	5.080591096	27.79471486	3.52710465715185	2.80583850958972
TPD52	0.489370878	0.00156555	0.000297662	5.079420066	24.07109697	3.52627660453258	2.80533305747707
DENND2D	0.86638741	0.001568607	0.000298465	5.077766566	17.18092871	3.5251065898213	2.80448585125721
NMI	0.672347931	0.001571726	0.000299281	5.076091497	20.52458123	3.52392085368129	2.80362316253314
CPSF6	-0.366906126	0.001585011	0.000302035	-5.070472741	24.70561599	3.51994272781728	2.79996771942558
MYL12B	0.239215584	0.001587837	0.000302798	5.068925444	28.30709634	3.5188469977051	2.79919408228292
UBQLN2	-0.293920024	0.001589773	0.000303392	-5.067723721	24.74905388	3.51799587510388	2.79866488315465
NFAT5	0.880730652	0.00160719	0.000306943	5.060590111	17.6874443	3.5129422664897	2.79393277844891
SRP14	-0.32559573	0.001620717	0.000309755	-5.05500199	25.18524797	3.50898167460522	2.79029281246071
ZZZ3	0.683507927	0.001624778	0.00031095	5.05264357	19.84727053	3.50730943885046	2.78920597004594
SNX5	-0.323596491	0.001624778	0.000311086	-5.052376521	24.38605996	3.50711953328075	2.78920597004594
ADNP	-0.62211084	0.001624778	0.000311413	-5.054238838	24.31212833	3.50666326167663	2.78920597004594
ASB9	0.683952498	0.001624778	0.000311547	5.051469216	18.98280699	3.50647642636948	2.78920597004594
CHAMP1	-0.621806189	0.001624778	0.00031168	-5.051208489	22.36821453	3.50629106480148	2.78920597004594
RAB22A	0.434993275	0.00163016	0.000312943	5.048732757	22.97146883	3.50453475842726	2.78776976755499
NUDT19	0.559972698	0.001638228	0.000314723	5.045259927	21.60312758	3.50207151762671	2.78562565553587
STAT3	0.324929792	0.001639604	0.000315219	5.044296212	24.40189977	3.50138761305283	2.78526103084358
PITPNM1	1.805500779	0.001666161	0.000320583	5.039945468	16.96251211	3.49405951130796	2.77828303532224
SSUH2	-0.569308249	0.001666161	0.000320796	-5.033568967	22.2484916	3.4937710555648	2.77828303532224
VRK1	-0.353043049	0.001672247	0.000322204	-5.030891182	24.8750948	3.49186907233659	2.77669957449604
TCAF1	-0.865850875	0.001680224	0.000324048	-5.027403464	22.17306686	3.48939065463559	2.77463281620327
PPP1CC	-0.576905602	0.001680224	0.000324216	-5.027086405	21.59632961	3.4891655566058	2.77463281620327
CD55	1.060409059	0.001683971	0.000325177	5.047769654	22.94293765	3.48788017994861	2.77366539184375
RRP1B	0.382777901	0.001687813	0.000326158	5.023438638	26.15531149	3.48657196464036	2.77267567238271
DENND1A	-1.112820022	0.001688046	0.000326441	-5.02290751	17.29049279	3.48619530042211	2.77261572283242
PPCS	0.42097281	0.001691832	0.000327413	5.021092789	24.47385218	3.48490408083068	2.77164276487584
GFRA1	-1.347372515	0.001706104	0.000330416	-5.015517593	20.37620538	3.48093893065109	2.76799449881359
MACC1	-0.373751363	0.001708355	0.000331093	-5.014267323	23.00162073	3.48005000104651	2.76742187690166
H1-2	-0.513186916	0.00170862	0.000331386	-5.036101514	29.26787827	3.47966584308378	2.76735451437315
IMPA2	1.98102593	0.001739018	0.000337601	5.195592095	23.18336866	3.47159627563098	2.75969592273552
RAD1	-0.634143172	0.001739018	0.000337774	-5.002080299	20.99577378	3.47137378309865	2.75969592273552
EFNB2	-1.212760672	0.001743382	0.000339099	-4.999692608	19.93131392	3.46967349095067	2.75860744231332
KIF21A	-0.494885295	0.001743382	0.000339114	-4.999665443	22.43895292	3.46965428041584	2.75860744231332
GDAP1	0.392534053	0.001744127	0.000339506	4.998962085	25.59045054	3.46915254614382	2.75842189475261
SMARCAD1	-0.522370943	0.001752466	0.000341377	-4.995612169	21.49392406	3.46676574247603	2.75635039912771
ILKAP	-0.492799756	0.001753387	0.000341804	-4.994850053	23.26331451	3.46622285920521	2.75612221772533
ZNF385A	0.798204164	0.001759015	0.00034315	4.992455622	18.77157848	3.46451599677331	2.75473045708066
PSMG2	-0.36859469	0.001776069	0.000346728	-4.986137066	23.44876166	3.46001108550115	2.75054016595767
RNPEP	0.332955745	0.001790842	0.000350105	4.980236455	26.391282	3.4558016868445	2.7469427288104
MRFAP1	-0.523155183	0.001790842	0.000350118	-4.980213154	22.09735122	3.45578556104382	2.7469427288104
NF2	0.305898515	0.001791157	0.000350433	4.979666351	24.19664459	3.45539500340841	2.74686634533729
WDR13	0.788892868	0.001803842	0.00035317	4.974932518	17.81839546	3.45201619464092	2.743801505338
TIMELESS	-0.592007539	0.00180464	0.000353585	-4.974217744	21.44585859	3.45150616717538	2.74360942068733
NECTIN1	0.695094832	0.00180464	0.000353836	4.973785798	17.45275148	3.45119798316747	2.74360942068733
GTSE1	-1.980109263	0.001806651	0.000354741	-4.994184157	19.12574419	3.45008861405208	2.74312573421986
ATP1B3	0.241419617	0.001806651	0.000354592	4.972486788	25.07706567	3.45027106680348	2.74312573421986
BRAF	-0.658228138	0.001813926	0.000356426	-4.969349991	21.75323687	3.44803062325279	2.74138043417074
ZNF687	-1.738953672	0.001817475	0.00035738	-4.989630877	20.08085902	3.44686975550323	2.74053155429931
CUTA	1.076043473	0.001830111	0.000360124	4.973028387	22.13633862	3.44354793466803	2.73752256861627
RCN2	-0.350083195	0.001839552	0.000362241	-4.959512563	24.81065009	3.44100239591584	2.73528793113056
IGFBP3	-0.616413717	0.001839911	0.000362572	-4.965404617	24.48884184	3.44060573778884	2.73520318413379
GPC4	0.509804429	0.001847977	0.000364423	4.955865061	23.9788325	3.43839422100238	2.73330343832979
ECH1	-0.271081821	0.001849067	0.000364941	-4.955001816	25.51940196	3.43777734224376	2.73304735211659
SLC38A2	-0.620533879	0.001849067	0.000365161	-4.954636594	20.85573744	3.43751561226929	2.73304735211659
ARHGEF2	0.358455413	0.001855905	0.000366834	4.95186085	27.24216379	3.43553041856344	2.7314442581989
TMEM30A	1.103695588	0.001855905	0.000367036	4.951526566	18.46349241	3.43529133674361	2.7314442581989
NDUFAF3	1.200278141	0.001876134	0.000371302	4.95136166	21.53129757	3.43027271146163	2.72673614603037
RPS6KB1	2.127551171	0.001876154	0.000371571	4.965741153	18.96951209	3.42995818873503	2.7267315163806
ANKRD36B	1.398007737	0.001890063	0.000374593	4.93915873	17.80604063	3.42644034252346	2.7235237195853
CHD7	0.746959652	0.001899727	0.000376776	4.935633527	19.93457758	3.42391676882907	2.72130880479041
HAS1	-0.377864298	0.001902725	0.00037764	-4.934245476	25.08595242	3.42292201103915	2.72062397556624
POLR3C	-0.719364014	0.001911252	0.000379603	-4.931103085	20.87997809	3.42067036400476	2.71868204711866
RAB29	1.002077579	0.001911818	0.000379985	4.930492262	21.22500488	3.42023354692478	2.71855345377428
CCDC186	-1.466073374	0.001929785	0.000383829	-4.924393617	18.79999882	3.41586221546773	2.7144910736424
TM9SF4	-0.335956605	0.001931133	0.00038437	-4.923540219	24.91334794	3.41525051627637	2.7141878146841
GORASP2	0.359532434	0.001933621	0.000385139	4.922330379	23.5041377	3.41438250156111	2.71362864593998
CAPRIN1	-0.310965943	0.001938853	0.000386455	-4.920263901	26.92167026	3.41290106937691	2.71245511702183
ZMIZ2	0.487664371	0.001939544	0.000386867	4.919618997	22.07938973	3.41243831429307	2.71230036365843
SERPINB1	0.366197938	0.00194271	0.000387773	4.918202316	23.84384047	3.41142243341933	2.71159202430994
SMARCC1	-0.58910945	0.001942863	0.000388078	-4.917725855	23.50751119	3.41108097655763	2.71155782237588
ESYT2	0.373743174	0.001945328	0.000388846	4.91652998	24.59362071	3.41022236420754	2.7110071621633
GBP1	-0.338226984	0.001946323	0.00038932	-4.915792407	25.71661267	3.40969328529666	2.71078508519961
PHKG2	0.646254847	0.001952571	0.000390845	4.913424945	20.09180007	3.40799543951165	2.70939316521118
HSCB	-0.380653094	0.001971443	0.000394902	-4.907177747	25.08810305	3.40351066675278	2.70521577509257
TIGAR	0.487343817	0.001987211	0.000398341	4.90193289	21.2608068	3.39974499071002	2.70175601750488
ALDH6A1	0.495248373	0.001993711	0.000399926	4.899532365	24.07983341	3.39802036058397	2.70033779497201
U2AF1	-0.317141875	0.001994794	0.000400425	-4.898778347	26.00357399	3.39747881575039	2.70010194673541
DFFA	0.359999484	0.001999091	0.00040157	4.89705216	26.26986511	3.39623873939171	2.6991674360478
DONSON	-1.691241549	0.002007733	0.00040359	-4.896351185	17.72926932	3.39405960308583	2.69729404269067
NDUFAB1	0.586307906	0.002009741	0.000404278	4.89299127	22.12990654	3.3933198914602	2.69685990751405
POGZ	-0.608812709	0.002010867	0.000404789	-4.892228383	22.60538868	3.39277129780909	2.6966166529618
PLD2	0.675365188	0.0020138	0.000405719	4.890842208	17.55681016	3.39177465361699	2.69598366347923
RPS3	-0.290667977	0.0020138	0.000405948	-4.890500188	29.07868592	3.39152959390902	2.69598366347923
PIGK	0.537956184	0.002018882	0.000407258	4.88855433	22.19879331	3.3901303758427	2.69488906404124
XXYLT1	-0.763091547	0.002024975	0.000408774	-4.886311161	21.4262756	3.38851673522076	2.69358033414268
POLE4	-0.404156004	0.002027977	0.000409666	-4.884994169	22.46401049	3.38757007857826	2.69293697479715
TMEM54	0.78896202	0.002028505	0.00041006	4.884414636	17.39247133	3.38715259264016	2.69282391747914
RPS20	-0.249119315	0.002028787	0.000410404	-4.883908471	27.6665789	3.38678841502718	2.6927635466485
EFHD1	0.866472483	0.002034463	0.000411839	4.884117886	22.52822856	3.38527252929933	2.69155020408641
SLC27A4	-0.343935487	0.002049215	0.000415115	-4.877018475	23.56294106	3.3818315732957	2.68841247380224
IL6ST	-1.221436587	0.002050168	0.000415598	-4.876317035	17.89976651	3.38132655108371	2.68821054944011
TEX10	-0.44459995	0.002058586	0.000417595	-4.873424574	24.2058501	3.37924470992296	2.68643098509337
TMBIM6	-0.438420007	0.002060049	0.000418184	-4.872575715	23.12835637	3.37863258759831	2.68612244944807
EP400	-1.666242225	0.002117115	0.000430067	-4.87647491	20.12129592	3.36646388055156	2.67425555080962
SETDB1	-0.689078515	0.002133253	0.000433647	-4.850694042	20.74755738	3.36286365374259	2.67095763494528
BPGM	0.542749893	0.002140991	0.000435633	4.847942836	21.23300901	3.36087922906534	2.66938515832843
RIMBP3	-1.531294173	0.002140991	0.000436235	-4.847111527	16.60431403	3.36027949305105	2.66938515832843
TMEM87B	0.603270118	0.002140991	0.000436357	4.8469433	20.75760691	3.36015805272811	2.66938515832843
CASP8	0.583950245	0.002140991	0.000436431	4.846842197	23.15561412	3.36008440874644	2.66938515832843
OSTF1	-0.678104397	0.002144901	0.000437531	-4.845326961	22.68271588	3.35899117086571	2.66859274830254
PHGDH	-0.239263299	0.00215045	0.000438967	-4.843355207	28.99002106	3.3575681272672	2.66747065075069
PRDM2	-1.24793162	0.002155613	0.000440325	-4.841495977	20.21918918	3.35622665623064	2.66642920593923
FERMT2	-0.358015017	0.002157378	0.000440991	-4.840587184	24.35926053	3.3555702737753	2.66607375432649
TRIM47	-0.682929499	0.002164267	0.000442705	-4.858871013	24.91243921	3.35388557298355	2.66468916247779
LIMK2	-0.479023182	0.002173023	0.000444803	-4.835409966	21.75650537	3.35183229229144	2.66293567693754
CCDC85C	1.115187765	0.002176081	0.000445737	4.83414941	20.65525177	3.3509213142448	2.66232494298198
UBA6	0.32326732	0.002188815	0.000448655	4.830226866	25.9391262	3.34808748792568	2.65979094371961
ACADSB	0.548053445	0.002193715	0.000449969	4.828468524	21.99268005	3.34681740531952	2.65881979516019
CLP1	-0.518961572	0.002198909	0.000451539	-4.826375309	21.41036445	3.34530473316151	2.65779274317928
LSM6	0.328396851	0.002198909	0.000451656	4.826219722	23.79851339	3.3451922160314	2.65779274317928
PC	0.543254528	0.002207542	0.000453741	4.823452379	23.10960526	3.34319197614669	2.65609102492153
USP22	-0.485704202	0.002221994	0.000457026	-4.819120049	21.78448504	3.34005909241301	2.65325711810911
P4HA2	-0.467184405	0.002222513	0.000457447	-4.818567251	24.57160431	3.33965921622246	2.65315569006
ARF3	0.219869453	0.002236263	0.000460593	4.814452062	27.64287275	3.33668266664203	2.65047712174627
OSBPL9	0.42287055	0.002240001	0.00046168	4.813037815	23.18421838	3.33565893869939	2.64975178778442
SCRIB	-0.32198428	0.002240023	0.000462001	-4.812620394	25.25721356	3.33535708441355	2.64974752241503
CETN2	-0.488640001	0.002245906	0.000463532	-4.810635075	24.1826747	3.33392027890092	2.64860842462648
VRK2	-1.061464203	0.002250069	0.000464709	-4.809112732	18.8951669	3.3328189164764	2.64780416372874
PABPC4	-0.327383495	0.002253273	0.000465689	-4.807848637	25.78853893	3.33190402037889	2.6471861872327
NEO1	-0.949010524	0.002257751	0.000467365	-4.805693616	17.72901521	3.33034381414322	2.64632395669313
NCBP2AS2	0.783624535	0.002257751	0.000467404	4.805643207	20.47052278	3.33030757527607	2.64632395669313
RANBP3	-0.492405949	0.002257751	0.000467572	-4.805427863	22.95690853	3.33015150394644	2.64632395669313
KDM5B	-0.639731426	0.002264623	0.000469315	-4.803195683	19.9988767	3.32853556487312	2.64500408621062
MAPRE1	-0.270678901	0.002272171	0.000471201	-4.800791435	27.05537404	3.32679379654434	2.64355898741444
EIF2A	0.238830566	0.002272759	0.000471644	4.800227759	26.8190952	3.32638568604974	2.64344661377754
ACTG1	0.791187906	0.002279045	0.000473271	4.798163423	21.37845427	3.32489010640426	2.64224709954155
ARPC5L	-0.440793866	0.0022795	0.000473687	-4.797635874	23.39022219	3.32450853400909	2.64216040346202
MPC2	-0.96619205	0.002305718	0.000479462	-4.790374809	17.81502287	3.31924580735521	2.6371938100218
CORO2A	-0.517721485	0.002330301	0.000484903	-4.783615953	21.4879763	3.31434512898116	2.63258797846063
NHLRC3	0.646080759	0.002330712	0.000485318	4.783103739	18.00433968	3.31397360080154	2.63251138779996
DNMT3A	-0.635518931	0.00233092	0.000485691	-4.782643966	20.72655989	3.3136399440595	2.63247263173672
COIL	-0.776388559	0.00233616	0.000487113	-4.780893393	21.74884327	3.3123702798864	2.63149741638091
DPM1	-0.28883134	0.002360503	0.000492522	-4.774283987	24.90444348	3.3075743656431	2.62699544328076
TRNT1	-0.429105076	0.002366984	0.000494209	-4.772238498	22.99823111	3.30608934996035	2.62580467774274
WAPL	-0.414219567	0.002368203	0.000494798	-4.77152559	22.80453327	3.30557206448091	2.6255810730635
NDUFAF2	-0.513642173	0.002388506	0.000499378	-4.76601573	21.72896451	3.30157059432159	2.62187366341826
ADPGK	-0.303650956	0.00239603	0.00050129	-4.763731089	23.96661247	3.29991095883825	2.62050774857284
CEP76	-1.010670765	0.002397827	0.000502005	-4.762879193	20.40488075	3.29929195723427	2.6201821538709
RBM22	-0.87437756	0.002402092	0.000503237	-4.761413689	21.85210224	3.29822743531897	2.61941036315826
CYTH1	0.516766578	0.002402295	0.000503619	4.760959818	20.35553326	3.29789789365651	2.61937366262607
PRR14L	-0.442808087	0.002403783	0.000504297	-4.760156541	21.98756901	3.29731361539693	2.61910474056125
NUP107	-0.383647332	0.002403783	0.000504611	-4.759784485	24.63188387	3.29704328654292	2.61910474056125
PDCD6	0.326311446	0.002407283	0.000505686	4.758512572	25.14889165	3.29611906971511	2.61847285109858
ACTL6A	-0.232094395	0.002411026	0.000506813	-4.757182386	25.14840429	3.29515225378099	2.61779810625646
ADAMTS15	-1.249845197	0.002417471	0.00050851	-4.755185787	19.28198976	3.29370050212744	2.61663872701353
YWHAZ	0.393266277	0.00242984	0.000511455	4.757580132	30.53328941	3.29119257135829	2.61442232286459
SOAT1	-0.463449687	0.002440243	0.00051399	-4.748783965	22.26584557	3.2890453303959	2.61256692435619
SRP9	-0.255411879	0.002441387	0.000514576	-4.748103547	26.20861705	3.28855047329596	2.61236337230641
NAGK	-0.248830573	0.002457625	0.000518345	-4.743746277	25.38714992	3.28538108634986	2.60948438379913
MVK	-0.851285829	0.002462643	0.000519823	-4.74204777	21.84517066	3.28414450869014	2.60859854161908
DYNC1LI2	0.363617257	0.002462643	0.0005201	4.741729418	25.01454122	3.28391314622517	2.60859854161908
ITGB1	0.246660235	0.00247473	0.000523003	4.738408898	28.01346872	3.28149581996693	2.60647217689468
TJP1	-0.345130234	0.002485235	0.000525574	-4.735483185	25.16264715	3.27936612734444	2.60463253877056
KRI1	-0.506746154	0.002485596	0.000526002	-4.734997973	21.89416805	3.27901260453958	2.60456945865046
SRRT	-0.228842581	0.002490157	0.000527319	-4.733506409	26.31080945	3.27792658018286	2.60377327054114
TRIM45	-0.931570808	0.002507547	0.000531528	-4.728766509	21.31394482	3.27447385263608	2.60075091806852
TTC17	-0.2983179	0.002507547	0.000531711	-4.728561598	25.35314265	3.274324354939	2.60075091806852
TPRKB	-0.566787988	0.002520572	0.000534829	-4.725076432	21.64553027	3.27178505204859	2.59850089245075
ARGLU1	-1.057979681	0.002544138	0.000540189	-4.783161908	23.66657393	3.2674542637027	2.59445933523548
TMEM51	-0.771286174	0.002551938	0.000542206	-4.716915658	18.81634206	3.26583568086753	2.59312988112053
ZNF207	-0.407212684	0.002566921	0.000545752	-4.713033701	24.40830915	3.26300466407073	2.59058749704419
SMN1	-0.47793184	0.002567646	0.000546522	-4.712194157	21.74882355	3.26239235103122	2.59046485242723
HK2	0.384734704	0.002567646	0.000546994	4.711680178	25.14750049	3.26201743743473	2.59046485242723
DCAF10	0.622319841	0.002567646	0.000546995	4.711679152	17.76986193	3.26201664346974	2.59046485242723
TRMT2A	0.632872871	0.00257266	0.000548427	4.710123216	22.73939678	3.26088117229543	2.58961760589254
MXRA7	-1.410553779	0.002577211	0.000550048	-4.839376709	23.26751482	3.25959941009569	2.58885002367479
RPS11	-0.222320239	0.002577211	0.000550402	-4.70798325	28.14169044	3.25931999667046	2.58885002367479
RANBP1	-0.407663476	0.002577211	0.00055049	-4.707888338	27.13729254	3.25925056585529	2.58885002367479
DSN1	-0.737233438	0.002580149	0.000551482	-4.706816597	18.87179791	3.25846865807102	2.588355213413
FAM107A	-1.064105133	0.00258155	0.000552222	-4.706018729	20.59534878	3.25788629547242	2.588119459029
DKC1	-0.391526687	0.00258155	0.000552512	-4.705707094	23.79597241	3.25765828510496	2.588119459029
CRYZ	0.309452954	0.002607878	0.000558515	4.699278196	24.43886165	3.25296515857389	2.58371272933816
KANK1	0.653730326	0.002613961	0.000560187	4.697500473	21.12992123	3.25166697386621	2.58270089633128
DNM3	1.650720253	0.002615062	0.000560793	4.716110011	20.54313826	3.25119741601206	2.58251801007063
NFYC	-0.576352022	0.002648047	0.000568605	-4.688635423	20.61478219	3.2451893256817	2.57707431090171
NCBP2	-0.560649012	0.002648047	0.000568615	-4.688624421	23.01144624	3.24518168785468	2.57707431090171
FBXW11	-0.975269659	0.002676226	0.000575044	-4.681945385	17.24552963	3.24029892361278	2.57247721436889
FOXP1	-1.864605395	0.002691675	0.000578744	-4.697211503	19.93499571	3.23751349840233	2.56997737915364
RBM8A	-0.533891073	0.002717679	0.000585738	-4.676624555	25.47967932	3.23229660002023	2.56580184148194
DSTN	-0.359407067	0.002717679	0.000584922	-4.671834874	26.38229357	3.23290204370948	2.56580184148194
TJP3	0.901884166	0.002717679	0.000585658	4.67108875	20.32091196	3.2323559199404	2.56580184148194
NUDT10	-1.038115614	0.002717679	0.000585872	-4.670871447	18.94938243	3.23219725730238	2.56580184148194
DHX57	-0.614807766	0.002725613	0.000587968	-4.677398328	24.66698536	3.23064630964086	2.56453580803763
ERLIN2	-0.323050909	0.002725757	0.000588384	-4.668332988	24.60499594	3.23033914560832	2.56451286393168
SDCBP	0.532323154	0.002753557	0.000594775	4.661926384	22.99981161	3.22564729433675	2.56010592897778
KIAA0319L	0.672397775	0.002768581	0.000598732	4.657994613	20.41991538	3.22276752980816	2.55774276587123
RBP7	-0.454555611	0.002768581	0.000598861	-4.657867628	22.17970771	3.22267396882646	2.55774276587123
GNB1	0.373096324	0.002768581	0.000599194	4.65753787	26.15699214	3.22243254407351	2.55774276587123
NXN	-0.253052862	0.002770089	0.000599912	-4.656828084	25.08503864	3.2219124508119	2.55750627729369
SRSF2	-0.402179556	0.002775772	0.000601535	-4.655226752	26.58639136	3.22073909839122	2.55661620940178
GTF3C1	0.434739457	0.002779707	0.000602781	4.654000784	23.91475693	3.21984044535077	2.55600097925796
MAPKAPK5	-0.669511347	0.002785276	0.000604408	-4.652403715	17.03688966	3.21866979593318	2.555131763026
UPF2	-0.815526923	0.002785276	0.000604834	-4.651986338	21.49609758	3.21836380349007	2.555131763026
APMAP	0.240730781	0.002785276	0.000605205	4.651622992	26.9518943	3.2180974926392	2.555131763026
GPC6	-0.685252798	0.002785276	0.000605563	-4.651271941	19.55122998	3.21784066816242	2.555131763026
NAB1	-0.537893154	0.002794432	0.000607949	-4.648942735	23.06904493	3.21613285156209	2.55370645408675
CEP41	-0.751687682	0.002796121	0.000608712	-4.64820008	20.874498	3.21558813658704	2.5534440387578
C9orf78	-0.400664208	0.002804274	0.000610883	-4.646091259	22.95976233	3.21404196049399	2.55217955458755
EML2	0.984582704	0.002816911	0.000614069	4.648550561	21.94230766	3.21178282652072	2.5502268742849
YWHAE	-0.329772328	0.002816911	0.000614432	-4.642661058	30.93289349	3.21152617406131	2.5502268742849
ATP2B2	-1.467661444	0.002830186	0.000617728	-4.645023848	19.94138077	3.20920271277936	2.54818502167741
ATXN2	-0.55080865	0.002853725	0.000623269	-4.634209825	22.74821006	3.2053244734028	2.54458788011305
RNMT	0.287724806	0.002878072	0.000628993	4.628801905	24.41670573	3.20135418774756	2.5408983456282
NCOR2	-1.005885147	0.002886674	0.000631281	-4.626654911	21.2574531	3.19977728166794	2.5396022594152
OSBP	0.24016836	0.002907566	0.000636261	4.622009577	24.94569146	3.19636469628897	2.53647041826401
TSNAX	0.631767935	0.002954784	0.000647414	4.611743173	23.56084333	3.18881791343359	2.52947426132647
WDR5	-0.360686623	0.002954784	0.000647429	-4.611728977	22.99588776	3.18880785133768	2.52947426132647
PLEKHG1	-2.271842047	0.002956935	0.000648319	-4.655795565	19.30110455	3.18821125053308	2.52915822212643
ELP1	-0.344104369	0.002967114	0.00065097	-4.608508505	23.70302458	3.18643902546356	2.52766576725922
IRF9	1.657352078	0.002969755	0.000651969	4.613044417	17.83949443	3.18577305372975	2.52727937779961
TUBGCP3	0.766476302	0.002971215	0.00065271	4.611824777	22.92218567	3.18527973354035	2.52706592108922
BAX	1.016781142	0.002972327	0.000653374	4.606332017	17.70064627	3.18483815158876	2.52690341345673
TMEM68	0.498441143	0.002976754	0.000654768	4.605073918	22.57536998	3.18391255369964	2.52625705411946
PGRMC1	-0.25795426	0.002978593	0.000655594	-4.604330135	25.63145483	3.18336502974891	2.52598883546566
DAPK1	-1.442064682	0.002979139	0.000656135	-4.608703035	19.71179329	3.18300679519279	2.52590923309759
USP35	-0.812265007	0.003009713	0.000663294	-4.597439393	20.04102966	3.1782939312086	2.52147491585431
THOC1	-0.593649954	0.003022538	0.000666548	-4.594552905	22.78240854	3.17616857035437	2.51962823038892
NAPA	0.307129454	0.003024036	0.000667306	4.593882768	23.67998783	3.17567497022614	2.5194130430292
SNX2	-0.190284924	0.003030217	0.000669098	-4.592300812	25.20288768	3.17451026826773	2.51852626967325
GLUD1	0.272520844	0.003031578	0.000669856	4.591632883	26.27418839	3.17401854823485	2.51833125324666
RIOK1	-0.48182826	0.003031578	0.000670255	-4.591281627	21.05829378	3.17375993756245	2.51833125324666
FABP5	0.380546213	0.003037455	0.000671984	4.589762659	27.70052528	3.17264106741408	2.51749014743362
DDX55	-1.036048395	0.003041105	0.000673222	-4.588678123	20.58064972	3.17184170029799	2.5169685847446
DIMT1	-0.511438243	0.003049322	0.000675472	-4.586711145	22.1530156	3.17039264885887	2.51579671291261
MAZ	-0.75364749	0.003064603	0.00067929	-4.583389181	19.49108538	3.16794477872119	2.51362577761423
EIF3G	-0.192189345	0.003075261	0.000682087	-4.580967732	25.94469084	3.16616022767464	2.51211801938465
HECTD4	-0.634925487	0.003089356	0.00068565	-4.57789845	20.85177484	3.16389751965499	2.51013204316275
NDUFV1	-0.498108978	0.003112065	0.00069113	-4.573210361	23.78006482	3.16044025512584	2.50695134071624
LRWD1	-0.543636986	0.003131282	0.00069584	-4.569211499	22.198112	3.15749060967874	2.50427781851246
UBXN1	0.394846096	0.00314824	0.000700054	4.565658266	24.89749998	3.15486845856075	2.50193216744936
DDX10	0.831294719	0.003166861	0.000704642	4.561814479	19.3409849	3.15203147437558	2.49937099828195
SEC22A	0.751339219	0.00319613	0.00071162	4.556018906	19.95832605	3.14775185461906	2.49537556442237
MRI1	0.692112012	0.00319613	0.000712058	4.555656617	22.02813879	3.14748462988274	2.49537556442237
SRPK2	-0.976217059	0.003199053	0.000713382	-4.554564727	21.37888034	3.14667785294453	2.49497856472462
TSPAN1	0.879488224	0.003199053	0.000713614	4.554373317	17.29341261	3.14653663836413	2.49497856472462
LEMD3	-0.409689159	0.003207821	0.000716023	-4.552391793	23.24339423	3.14507302711581	2.49378987382964
SRI	-0.349337697	0.003219457	0.000719076	-4.549891201	24.77558604	3.14322520608955	2.49221737109599
RPS23	-0.450517008	0.003220977	0.000719871	-4.549241799	24.54670836	3.14274532163482	2.49201237633174
HDHD3	0.762309358	0.003228263	0.000722053	4.547462757	20.67215497	3.14143092325757	2.49103109142332
TBC1D15	-0.589386583	0.003228263	0.000722412	-4.547171099	22.10920801	3.14121504856042	2.49103109142332
FAM83D	-0.928853563	0.003242403	0.000726034	-4.544231937	21.0362999	3.13904304091611	2.48913300743968
ACTBL2	0.65641657	0.003254168	0.000729129	4.55953993	25.1724807	3.13719562801687	2.48756002989038
TBCK	-1.101305537	0.003254738	0.000729717	-4.541260197	19.17525791	3.13684553600005	2.48748396553938
TAF10	0.76455008	0.003268723	0.000733716	4.540007321	22.75599747	3.13447201024791	2.48562188109249
NCEH1	0.731527865	0.003268723	0.000734177	4.537681521	20.88015996	3.13419922502073	2.48562188109249
CHMP6	0.55603756	0.003268723	0.000734238	4.537632267	21.64338702	3.13416314262793	2.48562188109249
DNM1L	-0.295254936	0.003272917	0.000735643	-4.536509987	27.18665731	3.13333289319562	2.48506500810448
RBM5	-0.420798884	0.003273088	0.000736144	-4.536110173	22.7895712	3.13303722331426	2.48504231812596
CGN	0.294639286	0.003273977	0.000736807	4.535581783	25.6110332	3.13264625679746	2.48492437587343
TCEAL4	0.400740979	0.003281758	0.000739034	4.533809791	23.508965	3.13133558099257	2.48389344739615
FANCA	-0.892899323	0.003281758	0.000739486	-4.533451111	16.90954931	3.13107004368237	2.48389344739615
GALNT2	-0.330634089	0.003287486	0.000741241	-4.532059471	24.67317581	3.13004056671242	2.48313608797312
BTF3	-0.486538862	0.003290987	0.000742496	-4.536300356	25.6796174	3.12930588165062	2.4826738332448
ZMYM2	-0.506687972	0.003298319	0.000744616	-4.529393125	21.53072264	3.12806763607753	2.48170734346409
PIK3C2A	-0.327765514	0.003302646	0.000746857	-4.527629784	24.1386327	3.12676254417662	2.48113797444233
PSMB5	-0.242372015	0.003302646	0.000746906	-4.527591748	25.26801702	3.12673405179916	2.48113797444233
EBP	-0.459788751	0.003302646	0.000746994	-4.527522634	23.06721344	3.1266828865077	2.48113797444233
RPS9	-0.217224617	0.003323647	0.000752649	-4.523098305	28.56826149	3.12340751105351	2.47838510826128
POLA1	-0.768069367	0.003323647	0.000752683	-4.523071082	19.16479691	3.12338789277344	2.47838510826128
CD109	0.935332808	0.00332809	0.00075416	4.521921618	17.17706584	3.12253650592663	2.47780493779752
SLC9B1	-0.64479613	0.003332947	0.000755732	-4.520700584	20.90339459	3.12163218803869	2.47717159236724
SLC25A4	0.389873684	0.003339582	0.000757708	4.519168787	24.17110379	3.12049812737705	2.47630788841416
SCARB2	0.489089592	0.00335385	0.00076142	4.516303993	23.75167731	3.11837571988367	2.47445636499441
HNRNPAB	-0.549884483	0.003364666	0.000764351	-4.526202593	25.51760394	3.11670716189922	2.47305804037203
DDX51	-1.25402398	0.00337537	0.00076726	-4.517007366	20.59959636	3.11505744252922	2.47167861389938
GNPTG	0.839705932	0.00338043	0.000769501	4.510115983	20.26702941	3.11379081144758	2.47102805275508
NEDD8	0.354175809	0.00338043	0.000769854	4.509847222	26.06828066	3.11359162938132	2.47102805275508
TBCA	-0.312623384	0.00338043	0.000770435	-4.509405636	27.13226487	3.11326399592299	2.47102805275508
CNOT7	-0.600351421	0.00338043	0.000770476	-4.509373833	21.32633591	3.11324088482343	2.47102805275508
ARL8B	0.577776005	0.00338043	0.000770799	4.509128424	20.87494168	3.11305885745037	2.47102805275508
IKBKB	0.609408315	0.003381623	0.000772027	4.513367867	24.19901229	3.11236751087416	2.47087481132905
DAPK3	-0.388453362	0.003381623	0.000771899	-4.508292974	23.1130055	3.11243952170085	2.47087481132905
ASCC2	-0.351257154	0.003397738	0.000776187	-4.505048051	25.14350656	3.11003363533414	2.46881011267743
PSMA5	0.284127064	0.003408188	0.000779295	4.502707415	26.67787936	3.10829811020939	2.46747645700667
PPP1R18	0.336246138	0.003408188	0.000779537	4.502525038	23.35231486	3.10816326660153	2.46747645700667
VPS72	-0.677138247	0.003411265	0.000780724	-4.501634664	19.72008422	3.10750246991499	2.46708454163999
MACROH2A1	-1.046100216	0.003424985	0.000784447	-4.516265063	22.35218021	3.10543639354945	2.46534132619535
SERPINB6	-0.325828367	0.003424985	0.000784832	-4.498561546	25.21299767	3.10522329775337	2.46534132619535
LMO7	-0.492660133	0.003434991	0.00078761	-4.496492745	21.72449345	3.10368877841857	2.46407439649539
ABCD3	-0.380558811	0.003443721	0.000790099	-4.494646267	23.89804356	3.1023184878742	2.46297204103623
PROCR	0.72813694	0.003448158	0.000791604	4.493532296	19.6638953	3.10149201995637	2.46241284233804
ELOVL5	-0.673231554	0.003450951	0.000792733	-4.492698222	19.84637245	3.10087306255897	2.46206120720538
RALGPS2	1.886769001	0.003459268	0.000795133	4.508274622	18.43570452	3.0995602218655	2.46101579056949
SYAP1	0.263021608	0.003460288	0.000795857	4.490397325	24.45886103	3.09916495951111	2.46088775334434
TMEM132A	-0.647173167	0.003514825	0.000808897	-4.480891567	18.37619916	3.09210677527214	2.45409629324055
TSC1	0.43331403	0.003520814	0.000810773	4.479537305	23.47046674	3.09110072241891	2.45335691753343
DIP2A	0.261905661	0.00352461	0.000812145	4.478548596	23.76876724	3.09036642509628	2.45288893093309
WIZ	-0.544122962	0.003529387	0.000813745	-4.477398316	21.14248032	3.08951166690803	2.45230071830494
PBX1	-0.95690486	0.003535419	0.000815635	-4.476042091	21.32213562	3.08850414633096	2.45155910842877
PSMD9	-0.321120059	0.003547518	0.000818928	-4.473687485	24.03865203	3.08675427965258	2.45007539226771
TOP3B	-0.804012538	0.003563655	0.000823157	-4.470678033	19.82839029	3.08451732428848	2.44810434696083
RAD23B	-0.199060478	0.003565869	0.000824172	-4.46995778	26.664238	3.08398214406046	2.44783461562565
BICC1	1.3571349	0.003567187	0.000824981	4.469384735	18.28108547	3.08355605349877	2.44767412336717
UBL7	-0.3617684	0.00356898	0.0008259	-4.468734195	22.59253431	3.08307253388701	2.44745588575518
CAP2	-1.441290607	0.003588948	0.000831029	-4.470176344	19.86376677	3.08038382059589	2.44503283408155
MAGOH	-0.299271787	0.003600273	0.00083416	-4.462922837	25.10679494	3.07875063946715	2.44366456648319
PLCB1	-2.016057649	0.00360924	0.000837375	-4.477749713	17.44305048	3.07708000920084	2.44258423813719
ACKR2	1.143177947	0.00360924	0.00083705	4.460903438	18.2380335	3.07724859926417	2.44258423813719
TCOF1	-0.411418847	0.00360924	0.000837768	-4.460402874	26.16297711	3.07687623228804	2.44258423813719
ST7	-0.823705469	0.00361574	0.000839788	-4.458997048	18.01315707	3.07583033542684	2.44180280624562
CDC20	-0.868657927	0.003633067	0.000844326	-4.45585177	20.45409491	3.07348983694652	2.43972659292672
CSNK1A1	-0.238099185	0.00364387	0.000847352	-4.453764399	23.90301787	3.07193614114404	2.43843712546681
YWHAB	0.257734459	0.003666709	0.000853697	4.449412236	28.7886854	3.06869624474177	2.43572355546318
KLHL14	-0.488887148	0.003666709	0.000853699	-4.449410432	23.08459813	3.06869522729888	2.43572355546318
CDV3	0.259491986	0.003687965	0.00085917	4.445685168	26.35333677	3.06592089582273	2.43321320919623
STARD9	-0.329212402	0.00370192	0.000862944	-4.44312938	23.05854878	3.06401738653288	2.43157297076247
IGF2BP3	0.326250392	0.003706992	0.000864754	4.441908123	25.71557221	3.06310742043946	2.43097835121338
CAND2	-0.945301946	0.003706992	0.000865174	-4.441624596	20.11044541	3.06289654034968	2.43097835121338
PARVB	-0.855572578	0.00371827	0.000868332	-4.439500934	17.73025221	3.06131419394756	2.42965907737944
NUP88	-0.405020632	0.003751167	0.000876545	-4.434015213	23.97129412	3.05722578322105	2.42583360085487
FPGS	-0.710909408	0.003767712	0.000880944	-4.431099057	20.91198324	3.05505169801698	2.4239223016305
METTL1	-0.600557822	0.003771572	0.000882379	-4.430150506	22.79964505	3.05434483634829	2.42347759710773
NDUFS6	-0.86541698	0.003778927	0.000884634	-4.436309066	22.57261209	3.05323637298289	2.422631497552
MRPL58	0.433011336	0.003783228	0.000886579	4.427384943	22.51332678	3.05228255985389	2.42213748472944
HNRNPA1	-0.257287149	0.003783228	0.000886711	-4.427298749	29.1047941	3.05221790390735	2.42213748472944
NUP205	-0.278106547	0.003784564	0.000887559	-4.426742037	25.35580675	3.05180276782468	2.42198414609808
DLST	0.237053893	0.003831082	0.00089901	4.419279366	26.87151468	3.04623547743177	2.41667855233266
PDLIM5	-0.331596268	0.003852377	0.000904865	-4.415501512	24.90611086	3.04341620988698	2.41427121868976
FSTL1	0.503283883	0.003852377	0.000905096	4.41535319	24.61777357	3.04330535443113	2.41427121868976
PDCL2	-0.493779611	0.003857984	0.000906959	-4.419423097	25.8112733	3.04241234521799	2.41363957781347
HNRNPM	-0.191197196	0.003863206	0.000908733	-4.413020371	28.78039313	3.04156370056234	2.41305213309827
CCDC9B	-0.902655439	0.003876989	0.000912523	-4.410599389	20.15127019	3.0397561804088	2.41150543119451
PI4K2A	-0.314612609	0.003885485	0.000915072	-4.408977129	24.50267276	3.03854473328601	2.41055476330394
ANKMY2	-0.472052679	0.003922906	0.00092444	-4.403055412	20.51312553	3.03412127110786	2.40639209823559
CFDP1	0.927590868	0.003951059	0.00093173	4.398489657	20.64054492	3.03070992079882	2.40328648507858
TRRAP	-0.477248231	0.003951059	0.000932191	-4.398202536	22.96504388	3.03049509435474	2.40328648507858
RALGAPA2	-0.784257714	0.003953868	0.000933778	-4.397214229	17.87054171	3.02975636235119	2.40297783371444
TOM1	0.744838325	0.003953868	0.000934324	4.396874688	21.76314992	3.02950249527769	2.40297783371444
ARRB2	-0.34755562	0.003953868	0.00093453	-4.396746229	22.05097087	3.02940675247099	2.40297783371444
SDSL	-0.43724712	0.003961713	0.000936945	-4.395247153	23.48482258	3.02828590206587	2.40211698943123
MRPL38	0.39047148	0.003965487	0.000938509	4.394278205	23.57099998	3.02756155827801	2.40170346952546
RPIA	1.046619795	0.003965487	0.000939397	4.39372885	20.83713918	3.02715083108648	2.40170346952546
NOP16	-0.420633496	0.003965487	0.000939519	-4.393653277	22.19888035	3.02709443268776	2.40170346952546
MDK	-0.396538254	0.003991287	0.000946196	-4.389540278	23.93724403	3.02401889224349	2.39888704244026
EGFR	0.309054762	0.003997229	0.000948169	4.388330272	25.80630066	3.02311424786648	2.39824097043205
CEP72	-0.320026065	0.00400234	0.000949948	-4.38724242	26.86451218	3.02230016727026	2.39768602068437
DHRS4	0.423632124	0.004006058	0.000951396	4.38635763	22.79225694	3.02163867883747	2.39728276724973
ZFP91	-0.632550389	0.004010264	0.000952962	-4.385403	19.82459223	3.02092441680065	2.39682703636504
PADI2	4.112049083	0.004027323	0.000957585	4.524295634	17.79791577	3.01882266551335	2.39498353764058
MARF1	-0.664773489	0.004028482	0.00095843	-4.382081761	20.46882323	3.0184396008077	2.39485857252338
MYO18A	-0.257131358	0.004028926	0.000959633	-4.381353705	23.92060403	3.01789482586523	2.39481070930231
EVL	-0.921605013	0.004028926	0.000959675	-4.381328579	18.21769105	3.01787581863112	2.39481070930231
SARAF	-0.683368052	0.004051951	0.000965732	-4.377677438	18.25151665	3.0151433777972	2.39233581517708
COPS7A	0.481198115	0.004052169	0.000966357	4.377302144	22.90630613	3.01486240310022	2.39231245022269
DNAJC5	0.348907606	0.004059228	0.000968614	4.375948517	23.8237127	3.01384925810715	2.39155655440803
CPSF2	-0.37255886	0.004068902	0.000971709	-4.374097869	25.15079391	3.01246377480208	2.39052277005622
ENOSF1	0.975949696	0.004068902	0.000972073	4.373880807	17.97361817	3.01230111953183	2.39052277005622
NOMO2	-0.256004962	0.004072737	0.000973565	-4.37299123	24.9413529	3.01163504753486	2.39011363389548
CMTM6	0.453306482	0.004092773	0.000978933	4.369802435	22.39368372	3.00924703110393	2.3879823422302
STK35	0.625085562	0.004109641	0.000983549	4.367075053	16.95428343	3.00720399883614	2.38619611450561
CAMLG	-0.574777794	0.004113573	0.000985071	-4.366178231	19.92225491	3.00653246615522	2.3857807912432
RPF2	-0.381839344	0.004118845	0.000986916	-4.365093754	23.20125227	3.00571981013577	2.38522455106647
IFT172	-0.330709351	0.004123186	0.000988539	-4.36414122	24.34637355	3.0050061921564	2.38476707340829
OBSL1	-0.485754398	0.004123571	0.000989214	-4.363745474	22.87555142	3.00470974584923	2.38472652331675
GMPR	1.090903575	0.004160564	0.000998676	4.358228478	17.55774497	3.00057538688427	2.38084779305474
PDCD6IP	0.216729779	0.004166462	0.001000708	4.357051191	27.11919138	2.99969262830356	2.3802325747805
CTSL	-0.919181039	0.004166462	0.00100127	-4.356725727	21.38183476	2.99944879594852	2.3802325747805
BACH1	-0.567604978	0.004194592	0.001008737	-4.352422173	20.2406624	2.99622204916171	2.37731027578067
PODXL2	0.804329743	0.004194592	0.001009747	4.351842948	19.79441328	2.99578742846288	2.37731027578067
CYC1	0.29068024	0.004194592	0.001009809	4.351806983	25.26938839	2.99576076294047	2.37731027578067
NQO1	0.207888389	0.004233956	0.001019976	4.346006833	26.17196769	2.991410047052	2.37325365955621
RPS4X	-0.20496395	0.004233956	0.001020483	-4.345719245	28.85655134	2.99119422570312	2.37325365955621
RPSA	-0.268699551	0.004251091	0.001025214	-4.343042114	28.16479068	2.98918547185842	2.37149959830861
ZNF48	-2.163604605	0.004257031	0.001028968	-4.369932135	16.43715991	2.98759813120406	2.3708931872483
ARFRP1	0.686286819	0.004257031	0.001028	4.341471365	20.53186173	2.98800688534074	2.3708931872483
VAT1	0.305026755	0.004257031	0.001028865	4.340984826	24.43102489	2.98764160638564	2.3708931872483
CEP170	-0.517111282	0.004257031	0.001029376	-4.340697404	22.82586877	2.98742596158524	2.3708931872483
NDUFAF4	-0.578509503	0.004257031	0.00103161	-4.339443243	23.37153844	2.98648445664289	2.3708931872483
JRKL	-0.599423481	0.004257031	0.001031748	-4.339365689	17.26829049	2.98642636431127	2.3708931872483
SH3BGRL	0.28531589	0.004257031	0.001031799	4.339336819	24.57322997	2.98640489737247	2.3708931872483
RUVBL2	0.210415158	0.004257031	0.001031881	4.339291298	26.88264673	2.98637038412668	2.3708931872483
GDI1	0.430846314	0.004257031	0.001032062	4.339189377	25.51604761	2.98629421215737	2.3708931872483
TMED3	-1.234488163	0.004272095	0.001036318	-4.341532216	20.57966038	2.98450695843844	2.36935909832102
MAPK1	0.210263876	0.004276865	0.00103808	4.335825957	26.50324605	2.98376917614098	2.36887445810895
ZC3H15	-0.363034973	0.004290567	0.001042012	-4.333639129	24.40044249	2.98212727959333	2.36748531184795
CRTAP	-0.464883361	0.004308027	0.001047103	-4.33082081	23.62961013	2.98001059613254	2.36572158348124
ITM2C	-0.660190805	0.004308027	0.001047471	-4.330617759	22.80686984	2.97985799195529	2.36572158348124
ELMOD2	-0.335351039	0.004312669	0.001049209	-4.329659027	22.43069653	2.97913799273516	2.36525387294375
SAFB2	-0.466848672	0.004336603	0.001055779	-4.326050276	22.904442	2.97642698059498	2.36285033408851
EIF2B1	-0.208865229	0.004336603	0.001056258	-4.325788023	24.79241438	2.97622998872372	2.36285033408851
MRM3	-0.557850316	0.004345869	0.001059129	-4.340092045	25.584343	2.97505114038712	2.36192336900367
CIB1	0.731177427	0.004349331	0.001060587	4.323423635	20.9961101	2.97445370049001	2.36157753967811
ITGAV	-0.234098379	0.00437799	0.001068195	-4.319293664	26.78676176	2.97134945920483	2.3587252347621
GMPPB	0.26759032	0.004399827	0.001074145	4.316084686	23.86793466	2.96893708879539	2.35656439951892
SCML2	-0.634808061	0.004406415	0.001076376	-4.314886045	18.65522466	2.96803599428228	2.35591460302672
PRR11	-0.734861015	0.004410625	0.001078028	-4.314000425	19.01040097	2.96736995891962	2.35549986522179
COL18A1	-0.330319659	0.004413793	0.001079983	-4.312954066	24.23004222	2.9665830806837	2.35518803842986
NOP58	-0.43695115	0.004413793	0.00108005	-4.312917994	24.60256127	2.96655613875244	2.35518803842986
GFM2	-0.548537486	0.004419429	0.001082054	-4.311847657	22.09231032	2.96575106518432	2.3546338388338
GATD3B	0.293761398	0.00441997	0.001082811	4.31144362	25.68330334	2.96544734099256	2.35458067836102
CNOT10	-0.54504967	0.004462751	0.001093923	-4.305549619	21.7732684	2.96101324642307	2.35039734402274
RPL21	-0.316668488	0.004469862	0.001096668	-4.30410295	26.08363642	2.9599248287524	2.34970588482414
FXR1	-0.270617252	0.004469862	0.00109693	-4.303965336	26.54129307	2.95982108581062	2.34970588482414
STAM2	-0.454132668	0.004478486	0.001099679	-4.302520542	21.26667034	2.95873406836325	2.34886877907646
SPNS1	0.3794844	0.004508169	0.001107957	4.298193578	23.90473623	2.95547709432338	2.34599981170497
LSM14B	-0.363379694	0.004508169	0.001108242	-4.298045032	23.4022713	2.95536539503282	2.34599981170497
ISCA1	-0.663863034	0.00452277	0.001112471	-4.295848145	19.68620867	2.9537113014294	2.34459549721332
TMX3	0.344241017	0.004552877	0.00112052	4.29169045	22.71826011	2.95058038740012	2.34171408238297
TGFBR2	-1.263229186	0.004621481	0.001138058	-4.282738145	16.98009574	2.94383560398834	2.3352188281109
DAAM1	0.559539993	0.00462476	0.001139519	4.281998724	22.19388694	2.94327842912655	2.334910799872
AKAP1	-0.647087699	0.004627535	0.001140857	-4.281322556	21.97678248	2.94276878853792	2.3346502878102
TBC1D17	-0.446643169	0.004630882	0.001142337	-4.280575704	21.41241669	2.94220575629165	2.3343362851693
KHDRBS1	-0.261790994	0.004639668	0.00114516	-4.279153569	25.86800483	2.94113383012535	2.33351309507585
SART3	-0.469323017	0.004657844	0.001150304	-4.276571341	24.25260891	2.93918737001574	2.33181506090089
BUB1	-0.919648471	0.004658197	0.00115105	-4.276198085	20.26235392	2.93890581081638	2.33178214864724
ITGB5	-0.255699611	0.00467061	0.001154778	-4.274335892	25.6158935	2.93750149857865	2.33062639516549
CDCA8	-0.988141322	0.004675363	0.001157603	-4.277010451	21.44799977	2.93644035638646	2.33018466441141
ERCC6L	-0.48702801	0.004675363	0.001156628	-4.273413887	22.68631078	2.93680629837316	2.33018466441141
FN3KRP	-0.651571722	0.004675363	0.001157936	-4.272763123	22.53746853	2.9363154437303	2.33018466441141
MARS1	-0.214742588	0.004680443	0.001159855	-4.271809219	26.12710103	2.93559630097653	2.32971303937239
EIF4B	-0.293824327	0.004688071	0.001162408	-4.270543269	26.64856027	2.93464140977	2.32900581962761
FAM114A2	-0.828382052	0.004703918	0.001167003	-4.268272242	21.64483527	2.93292802751781	2.3275402576075
MARK1	0.999010108	0.00470914	0.001168964	4.267305618	19.69382476	2.93219886338229	2.32705839804238
NPEPPS	0.209404559	0.004711529	0.001170223	4.266685896	27.37218985	2.93173137035543	2.32683813140537
TIMM10	1.294215043	0.004718161	0.001173189	4.265228941	19.22290106	2.93063201768407	2.32622724356518
POLG	0.663756839	0.004718161	0.001173204	4.265221468	19.51417272	2.93062646497638	2.32622724356518
ARRB1	1.799527261	0.004718345	0.001173917	4.280236815	19.13153805	2.93036260812782	2.32621030717269
SAR1B	-0.423224115	0.004732136	0.001178017	-4.262865351	22.75377714	2.92884844218651	2.32494278238714
SLC12A2	-0.329677569	0.004735377	0.001179493	-4.262144751	24.97427829	2.92830463220136	2.32464543957476
ABCB9	-0.948147634	0.004744877	0.00118253	-4.265195898	21.8877048	2.92718783268809	2.32377504117423
VPS13A	0.487994777	0.004745795	0.00118343	4.260227444	21.07817133	2.92685742553618	2.32369102555645
DYNC1H1	0.193282575	0.004753422	0.001186004	4.258977439	29.92601434	2.92591384623736	2.32299362813406
TXN	-0.316019938	0.004797057	0.001197569	-4.253395679	28.55329003	2.92169945456813	2.31902512109249
SUGT1	0.26967145	0.004804486	0.001200103	4.252180208	23.87196386	2.92078147860906	2.31835306778817
NEIL2	-0.947533762	0.004808159	0.0012017	-4.25141547	16.64279855	2.92020393882764	2.31802117917485
YIPF3	-0.587204169	0.004810003	0.001203113	-4.250739586	22.27431793	2.91969358049745	2.31785465275651
ACBD5	0.397140725	0.004810003	0.001203521	4.250544952	22.25633815	2.91954632740428	2.31785465275651
TPI1	0.245291848	0.004810343	0.001204286	4.250179521	30.15857055	2.91927036235406	2.31782395529014
HECTD1	-0.421768298	0.004811058	0.001205145	-4.249769576	22.65031961	2.91896069673113	2.31775940740255
SELENOS	-0.531980777	0.004822737	0.001208752	-4.248051219	20.10689062	2.91766279432508	2.31670642096492
DNAJC7	-0.309906583	0.004835087	0.001212531	-4.246256975	24.80049035	2.91630714925614	2.3155957070453
MAD2L1	-0.321892971	0.004882122	0.001225016	-4.240369768	24.0740266	2.91185823891877	2.3113913721403
WDR48	-0.636552071	0.004898129	0.001229725	-4.238165519	22.45876933	2.91019199777649	2.30996978122633
AIP	0.294381824	0.00490811	0.001232925	4.23667287	24.50706159	2.90906334114702	2.3090857124777
GCA	0.379036325	0.004930478	0.001239241	4.23373805	23.41489615	2.90684422647932	2.3071109746986
FABP6	-0.70447851	0.004939344	0.001242167	-4.232383466	17.99042467	2.90582001261122	2.30633072639985
BNIP3L	0.485193508	0.004946921	0.001244772	4.231180591	20.97607352	2.904910189299	2.30566502505891
SSNA1	-2.123368918	0.004953003	0.001247003	-4.31121813	20.386592	2.9041325017084	2.30513140896827
HAUS7	-0.748123742	0.004957382	0.001248806	-4.229322986	18.2001189	2.90350502333399	2.3047476144618
GLIPR2	-0.402966958	0.004961793	0.001250619	-4.228490257	21.39349896	2.90287497759644	2.30436135792616
RASSF1	-0.78499663	0.004985344	0.00125726	-4.22545018	16.95277151	2.90057490139998	2.30230486901787
MPP2	0.551617503	0.004988683	0.001258807	4.224744272	23.01789055	2.90004085071837	2.30201409191665
DR1	0.867772396	0.004991148	0.001260134	4.225704653	21.80133308	2.89958327046476	2.30179955202722
POLDIP3	-0.535210197	0.004993421	0.001261414	-4.223556746	22.67640462	2.89914235323091	2.30160181662684
KXD1	0.719422249	0.005008578	0.001265951	4.221496469	18.39273336	2.89758310383008	2.30028555844664
DDX3X	-0.250833036	0.005013019	0.001267782	-4.220667099	27.28936556	2.896955418644	2.29990064935074
LARP4	-0.293316583	0.005014548	0.00126899	-4.220120663	23.86007931	2.89654180025512	2.29976820720042
WASHC5	-0.545979759	0.005014548	0.001269587	-4.219851085	22.75472505	2.89633753321065	2.29976820720042
TRIO	-0.297391337	0.005020171	0.00127172	-4.218887845	23.56173886	2.89560849862535	2.29928148941044
RGL2	0.59583939	0.005020595	0.001272537	4.218519277	18.75157463	2.89532958135881	2.29924481076253
PPP1R21	0.583818491	0.005029605	0.001275532	4.217170807	19.10480551	2.89430864152374	2.29846612091949
SASS6	-0.965171631	0.005034902	0.001277587	-4.216247391	17.60439036	2.89360951598118	2.29800897819347
ARID4B	-1.189400277	0.005055496	0.001283527	-4.217536356	20.3522141	2.89159499117043	2.29623622889679
ANAPC13	-1.330945526	0.005060919	0.001285619	-4.212652603	17.64899172	2.89088771781427	2.29577061351803
GBE1	0.418570846	0.005063438	0.001287491	4.211818503	24.11462016	2.8902557981423	2.29555450343371
MTX1	0.245951979	0.005063438	0.001287691	4.21172937	23.61673852	2.89018833968962	2.29555450343371
ANKRD28	-0.469006668	0.005086118	0.001294178	-4.208848284	23.1129711	2.88800598711295	2.29361356823534
LMF2	-0.627612592	0.005088202	0.001296118	-4.207989331	21.27201933	2.88735545802097	2.29343565566468
PAPOLA	-0.266901101	0.005088202	0.001296147	-4.207976718	24.42580539	2.88734574100517	2.29343565566468
NOL3	0.806311338	0.005110464	0.001302798	4.205042503	21.68598888	2.88512291681704	2.29153966669675
ZNF395	0.805931615	0.005110464	0.001303262	4.204838374	16.84218516	2.8849682675444	2.29153966669675
SERPINB5	-0.347348531	0.005150585	0.001314222	-4.200039324	22.18258447	2.88133126702023	2.28814344128051
CHD3	0.426287766	0.005189121	0.001324788	4.195451754	23.71306566	2.87785361440384	2.28490620230187
L2HGDH	0.416433003	0.005189952	0.001325734	4.195042957	23.17517336	2.87754360558495	2.28483665876648
WDR43	-0.773995474	0.005201335	0.001329377	-4.193471303	21.64847385	2.87635183937224	2.28388517391866
OSTM1	0.983619449	0.005203038	0.001330548	4.192967103	16.99356234	2.87596945349958	2.28374300225502
MIA2	0.695174569	0.005210852	0.001333283	4.191791217	20.62980619	2.87507765831785	2.28309126160509
ALS2	-1.516994569	0.005217318	0.001335675	-4.195425361	18.94380145	2.8742992026967	2.2825526918503
ANAPC4	-0.552463382	0.0052225	0.00133774	-4.189880205	20.37591862	2.87362828682057	2.28212155134765
SELENOI	1.146564904	0.00524682	0.001344711	4.186904461	17.96351686	2.87137104249539	2.28010383466723
WBP11	-0.411655566	0.0052731	0.001352192	-4.183728907	24.02635773	2.86896163781725	2.27793399255316
TCEAL1	-1.844825364	0.005290347	0.00135811	-4.195892258	18.19498654	2.86706505298755	2.27651584115143
NCSTN	-0.320536541	0.005290347	0.001357841	-4.181343075	23.96689552	2.86715108194464	2.27651584115143
SCAMP2	0.413224241	0.005295108	0.001360081	4.180399813	22.68141789	2.86643522633162	2.27612517751576
AARS2	-0.441989025	0.005304169	0.001363158	-4.179106668	23.04402605	2.86545380333532	2.27538264700936
SEPTIN7	0.362036542	0.005345527	0.001374542	4.174348833	25.48605054	2.86184198547525	2.2720094725114
HIKESHI	0.462446599	0.005349713	0.001376375	4.173586662	21.84006713	2.8612632243544	2.27166951627029
ARF5	-0.48933156	0.005367766	0.001381779	-4.1713459	22.8893686	2.85956141192237	2.2702064248666
RBM7	-0.890988308	0.005382306	0.001386788	-4.169276449	21.19332352	2.85798992498819	2.26903161494579
WDR18	-0.358611107	0.005382306	0.001387043	-4.169171325	24.07957508	2.85791007506713	2.26903161494579
PGRMC2	0.230311904	0.005398943	0.001392094	4.167093238	25.85173741	2.85633143835838	2.26769125762158
FAM107B	1.361821093	0.005416694	0.001397437	4.169197618	19.64684714	2.85466776209563	2.26626569789353
PANX1	-1.039517499	0.005418853	0.00139876	-4.164362537	20.26769857	2.85425679559904	2.2660926301566
FAHD2A	0.907705836	0.005428986	0.001402143	4.177493451	22.7380326	2.8532076918302	2.26528127827996
MTPN	0.389090667	0.005438862	0.001405462	4.161630341	25.17818444	2.8521808920796	2.26449196037932
SYNC	-1.592942919	0.005447475	0.001408458	-4.167013152	18.06420381	2.85125609907949	2.26380475417706
MLLT1	-0.815520513	0.005447868	0.00140933	-4.160059994	20.61183429	2.85098730327206	2.26377342377628
HNRNPH1	-0.267172555	0.005457518	0.001413285	-4.158458756	27.28842226	2.84977025043275	2.26300482322528
ZNF121	-1.273594235	0.005457518	0.001413369	-4.158424553	19.55312258	2.84974443847523	2.26300482322528
JMJD6	-0.633856531	0.005490617	0.001422717	-4.154658435	21.68749947	2.84688147908749	2.26037884960474
SMDT1	0.546799309	0.005514114	0.001429585	4.151907765	20.98093171	2.84479001733747	2.25852425943823
MIS18A	-0.835573686	0.005520895	0.001432124	-4.150894644	20.75981837	2.84401937715087	2.25799051247845
MRPL14	0.505655002	0.005524648	0.001433878	4.150195453	21.84379166	2.84348779858507	2.2576953876026
RBM47	-0.729961335	0.005548862	0.001440947	-4.147387334	21.298151	2.84135199283684	2.2557960759398
MMADHC	-0.550813081	0.005558622	0.001444267	-4.146073305	19.37713711	2.8403525118165	2.25503285805279
CDC26	0.793694898	0.005596652	0.00145494	4.14187076	20.12381323	2.83715491609814	2.25207169669848
STK39	1.04658274	0.005617081	0.001461751	4.143437078	21.25116849	2.83512660038493	2.25048931342145
MEAF6	-0.607095923	0.005617081	0.001462606	-4.138871756	20.57072033	2.83487264931629	2.25048931342145
HPCAL1	0.37807871	0.005617081	0.001462633	4.138861182	22.16791177	2.83486463222708	2.25048931342145
CYBC1	0.445083249	0.005618969	0.001463919	4.138359692	22.34037581	2.83448295253051	2.25034336391259
ATXN7L3B	0.433700928	0.00563672	0.00146934	4.13625057	22.26056047	2.83287769839727	2.24897353790913
ATP23	-0.564150636	0.005674949	0.001480108	-4.132085445	18.31728933	2.82970659400182	2.24603803706314
NUP62	-0.474599026	0.00569088	0.001485067	-4.130177562	23.91726267	2.82825395235761	2.24482057198916
POFUT1	0.238861184	0.005708771	0.001490543	4.128078825	25.04590029	2.8266554906858	2.243457377808
TERF2	-0.967350016	0.005731391	0.001497259	-4.125515387	18.4052859	2.82470306769869	2.24173996262059
H2AC20	2.621671919	0.005734747	0.001498946	4.209912233	18.23267655	2.8242140124649	2.24148573712236
SPECC1	-0.911045996	0.005744843	0.001504022	-4.221532494	25.30556054	2.822745811079	2.24072183558585
CCT4	-0.227817794	0.005744843	0.001502941	-4.123356035	29.08388381	2.82305806790103	2.24072183558585
GARRE1	-0.94370614	0.005744843	0.001503266	-4.123232661	16.58164095	2.82296416504792	2.24072183558585
AGA	1.352828323	0.005774992	0.001512731	4.13381177	20.96431372	2.82023829312829	2.2384486130563
NOP56	-0.3732226	0.00579881	0.00151979	-4.117002403	24.3555744	2.81821641741175	2.23666112082643
FASTKD5	-0.42080618	0.005810715	0.001523731	-4.115526606	22.05409683	2.81709169672818	2.23577042501944
NDUFS4	-0.793309368	0.005853942	0.001535894	-4.110997387	21.4102865	2.81363875618186	2.23255158480703
MISP	-0.342499861	0.005856377	0.00153758	-4.110372589	25.74762997	2.81316227870397	2.23237097365909
PSMD10	0.443658697	0.005856377	0.001538189	4.110147066	24.57696276	2.81299029872567	2.23237097365909
MARCHF2	0.495051776	0.005857879	0.001539412	4.109694573	22.78206387	2.81264513235789	2.23225960332274
ORC1	-1.294167693	0.00586833	0.001542988	-4.108373184	17.80175739	2.81163745148322	2.23148547200168
RAE1	0.199328706	0.005869099	0.001544019	4.107992498	24.7479925	2.81134735973578	2.2314285647425
RETREG1	-0.613224963	0.005871463	0.001545471	-4.107457188	16.74155018	2.81093913984567	2.23125367155271
LCLAT1	-0.368577982	0.005875144	0.00154754	-4.106695613	23.39210008	2.81035811674741	2.23098148435172
EBNA1BP2	-0.39791584	0.005875144	0.001548637	-4.106291922	24.16133244	2.81005036879464	2.23098148435172
ASMTL	-0.307959369	0.005875144	0.001548932	-4.106183602	24.9828618	2.80996764787863	2.23098148435172
UHRF1BP1L	-0.706934497	0.005911054	0.001559235	-4.102409167	18.5540382	2.80708842521402	2.22833507316762
MED20	-0.42261573	0.005921619	0.001562859	-4.101087666	21.19874677	2.8060802019451	2.22755953877728
LGALS3BP	0.426785556	0.005922124	0.001564324	4.100554235	25.32316761	2.80567329166033	2.22752250340536
LAMP2	-0.353858508	0.005922124	0.001564666	-4.100429692	24.95363951	2.80557835449951	2.22752250340536
ST13	-0.205514684	0.005926751	0.001566727	-4.099680703	27.11425377	2.80500667214827	2.22718331834856
WDR3	-0.44539525	0.005941511	0.001571468	-4.097960802	24.03210371	2.80369445814937	2.22610309449477
BET1L	1.898793194	0.005942501	0.001573384	4.11639385	18.19339516	2.80316527055626	2.226030736517
ENDOU	-0.680850719	0.005942501	0.00157341	-4.097258039	22.2211754	2.80315809394633	2.226030736517
DLGAP4	0.366587221	0.005991142	0.001587136	4.092315985	23.41785522	2.79938585741724	2.22249038678827
SVBP	-0.78904086	0.006012592	0.001593668	-4.089979434	18.15275485	2.7976021476737	2.22093826533135
STON1	-0.931073694	0.006031362	0.001599496	-4.087903414	19.80006121	2.79601684165684	2.21958460456099
MMUT	-0.413444697	0.006073092	0.001611421	-4.083679455	24.0999328	2.79279098093977	2.21659013979137
POLR3H	0.612665231	0.006141203	0.001630362	4.077036876	20.52398717	2.78771595562827	2.2117465465972
RPS8	-0.210514474	0.006160785	0.001636431	-4.074925124	26.63815478	2.78610230196674	2.21036394701618
CCM2	-0.715424547	0.006171619	0.001640181	-4.07362443	16.69350772	2.78510822331586	2.20960089260645
GNG12	0.531274306	0.006199342	0.001648426	4.080192939	24.82538659	2.78293054413078	2.20765440420081
CPNE1	0.391239788	0.006200711	0.001650289	4.070133909	26.08604083	2.78243999511044	2.20755850958679
APLP2	0.623865691	0.006200711	0.001650543	4.07004666	21.38791692	2.7823731569323	2.20755850958679
SRPK1	-0.285024238	0.006236851	0.001661044	-4.066444102	24.82798826	2.77961886321139	2.20503463123358
DNAJA2	0.360068619	0.006239788	0.001663437	4.065626531	25.42086486	2.77899364268844	2.20483016544485
EIF5A	0.31120199	0.006239788	0.001663591	4.06557407	28.90107853	2.77895343782677	2.20483016544485
RAB19	-0.667814317	0.006251354	0.001668001	-4.06407069	20.85463658	2.77780369332996	2.20402590728924
TAGLN2	0.207867947	0.006251354	0.001668442	4.063920533	29.83723284	2.77768888611304	2.20402590728924
DLG5	0.433211814	0.006252239	0.001669562	4.063539492	21.46379417	2.77739744857253	2.20396442886186
PAAF1	0.538557118	0.006259512	0.001672389	4.062578791	22.39580157	2.77666269764818	2.20345952365352
DNAAF5	0.236590793	0.006276632	0.00167785	4.060727668	23.75525891	2.77524686775294	2.2022733333621
MT-ND2	-0.673457511	0.006285276	0.001681049	-4.059646253	20.69732268	2.77441962735799	2.20167564675365
ZNF462	-0.667868055	0.00632609	0.00169286	-4.055672257	20.42546035	2.77137895668229	2.19886463375679
SH3BP5L	0.574372443	0.006335589	0.001696297	4.054520941	16.97028961	2.77049810598932	2.19821300389671
POLR2G	-0.536700443	0.006363323	0.001704622	-4.051742726	19.73343995	2.76837191081484	2.19631603157167
CRADD	-1.606133656	0.006368029	0.001706783	-4.064626759	19.6846417	2.76782169147652	2.19599496748909
ABCD4	-0.963426203	0.006409164	0.001718714	-4.047071851	19.38291791	2.76479638541626	2.19319861538991
NOA1	-0.7416044	0.006420533	0.00172267	-4.045767683	19.89796982	2.76379790938035	2.19242891751518
PPP6R3	-0.279751999	0.006513004	0.001748478	-4.037335568	24.85042712	2.75733982777493	2.18621865510131
ZBED1	-0.556493195	0.006513004	0.001749323	-4.037061774	18.77606412	2.75712999374244	2.18621865510131
TIMMDC1	0.626248559	0.006595671	0.001772458	4.029615172	21.50270222	2.75142404702464	2.18074101561819
UBLCP1	-0.474034438	0.006608465	0.001776831	-4.028219143	23.24408396	2.75035387734821	2.17989940578619
GUCY1A1	-0.574743266	0.006705025	0.001803741	-4.019704806	17.31058828	2.74382582286177	2.17359959852203
ID1	-0.64684789	0.006706589	0.00180511	-4.019275249	20.16298913	2.74349632786503	2.17349830771948
ADGRL2	0.382090963	0.006722759	0.001810412	4.01761439	21.97030773	2.7422225803986	2.1724524572186
CALCOCO2	0.351612207	0.006725551	0.001812115	4.017082101	21.80437816	2.74181424469418	2.17227212969627
PSAT1	-0.169885169	0.006743798	0.001818161	-4.015196257	26.83196429	2.74036766219453	2.1710954468055
PRAME	-0.455980729	0.006743798	0.001818938	-4.014954417	20.12574009	2.74018210396938	2.1710954468055
CHD2	-0.849248562	0.006749392	0.001821401	-4.014188442	21.61467034	2.73959442932031	2.1707353476042
ERBB3	1.082731429	0.006772949	0.001828715	4.011919776	17.78602051	2.73785397280229	2.16922219459916
CDK2	-0.540085316	0.006777458	0.001830891	-4.011246814	22.51275515	2.73733751015358	2.16893316506799
GDPD1	0.729628121	0.006856991	0.001853346	4.004349061	18.63466546	2.73204349494805	2.16386642055838
WBP2	-0.394638999	0.00686741	0.001857133	-4.003194289	22.65367496	2.73115699281502	2.16320702346321
SH3GLB2	-0.36663821	0.006882557	0.001862202	-4.001652367	23.65883585	2.72997321125634	2.16225018317721
MOSPD2	-0.88631976	0.006884243	0.001863631	-4.001218392	19.65875592	2.72964007402497	2.16214380834789
SCAF8	-0.411420609	0.00688694	0.001865334	-4.000701583	22.76968732	2.72924339368386	2.16197370063344
RANBP6	-0.474670821	0.006888703	0.001866786	-4.000261608	22.64483788	2.72890546477507	2.16186253904545
GPR155	0.444667685	0.006888833	0.001867795	4.001410259	25.02168354	2.72867079151833	2.16185434334447
FKBP8	0.294343726	0.006890097	0.001869112	3.999557466	23.01600489	2.72836467426342	2.16177466397507
INPP4A	0.746827535	0.006891705	0.001870522	3.999130834	20.29884258	2.72803717951474	2.16167332083721
RPL3	-0.20971244	0.006912372	0.001877167	-3.997125421	28.54660225	2.72649708915157	2.16037289767037
YTHDF3	-0.274186429	0.006912372	0.001878086	-3.996848642	24.41169163	2.72628452470553	2.16037289767037
SMAD4	-0.642972306	0.00692541	0.001882607	-3.995488948	21.51234082	2.72524033083033	2.15955451028277
TBC1D20	-0.624952637	0.006950056	0.001891129	-3.992935521	19.14747118	2.72327884551914	2.15801169607276
BYSL	-0.474379366	0.006950056	0.001891414	-3.99285033	23.30756066	2.72321340069666	2.15801169607276
H1-10	0.345099444	0.006950056	0.001892255	3.992599068	25.7907929	2.72302033853118	2.15801169607276
UBE4B	-0.267890546	0.006980913	0.001901643	-3.989801434	24.65653867	2.72087101089095	2.15608777437799
ICMT	-0.435164946	0.007027684	0.001915377	-3.985734272	21.93441774	2.71774573192753	2.15318777480077
CA13	0.539548067	0.007135822	0.001945858	3.976814482	21.05933302	2.71088885577711	2.14655599178523
AKAP10	-0.59346347	0.007147538	0.001950063	-3.975595282	20.02134201	2.70995135781164	2.14584352703028
PDGFB	1.220471464	0.007164589	0.001956195	3.973822329	18.89987256	2.70858785547742	2.14480871805822
C9orf40	-1.047650492	0.007164589	0.001956741	-3.973664801	17.91917646	2.70846665503425	2.14480871805822
PTS	1.054778817	0.007177558	0.001961298	3.972351397	18.21329847	2.70745641453054	2.14402328939528
SEL1L	-0.331262762	0.007187806	0.001965114	-3.971253795	23.25188264	2.70661225030899	2.14340365308038
GCC2	0.442979637	0.007205868	0.001971071	3.969544984	21.90294082	2.70529773170592	2.14231369772229
COX7A2L	0.680315393	0.007215217	0.001974648	3.968521332	20.66107731	2.70451031030701	2.14175060282615
RPS10	-0.475400152	0.007218259	0.001976666	-3.980892571	26.96341582	2.70406670782911	2.14156753897743
NFATC1	1.582846505	0.007218259	0.001977521	3.976560158	17.52251899	2.70387889587797	2.14156753897743
NAP1L4	-0.251181116	0.007239575	0.001984385	-3.965744972	25.85458338	2.70237406446283	2.14028692835706
RDH11	-0.441186083	0.007239626	0.001985422	-3.965449992	24.3368786	2.70214717011357	2.14028386893153
MUL1	-0.513901179	0.007240025	0.001986555	-3.965128062	19.71361612	2.70189940651305	2.1402599341698
DLGAP5	-0.274055336	0.007243084	0.001988418	-3.964598934	24.96735223	2.70149231409807	2.14007647813976
MED27	0.71411787	0.007250643	0.001992543	3.967246623	22.80462691	2.70059229755483	2.13962347770911
LOXL2	1.042498008	0.007250643	0.001991967	3.963592612	19.35926505	2.70071786060942	2.13962347770911
KIF18A	-0.597864157	0.007263045	0.001997795	-3.961943884	20.16868767	2.6994490781403	2.13888126505089
PHPT1	-0.571063658	0.007263045	0.001998005	-3.961884683	22.99673633	2.69940342928837	2.13888126505089
MOV10	0.347345114	0.007267925	0.002000374	3.961215792	23.67617235	2.69888879886038	2.138589562962
EPB41L4A	-0.6579809	0.007276763	0.002004549	-3.960039377	21.69355778	2.69798332321515	2.13806176957056
DFFB	-0.643546	0.007276763	0.002004864	-3.959950761	19.49122943	2.69791508242175	2.13806176957056
CP	1.167680664	0.007306136	0.002015023	3.962958451	20.56028926	2.69571999234368	2.1363122478783
COPE	-0.276116418	0.007306136	0.002014198	-3.957330408	24.98672122	2.69589783960129	2.1363122478783
AAAS	-0.275586053	0.007308152	0.002016612	-3.956654685	26.9581672	2.69537765283751	2.13619242846855
ANO8	-0.852548266	0.007345091	0.0020285	-3.953339379	17.07309487	2.69282498795965	2.13400281926746
SNRNP200	-0.267615371	0.007345091	0.002028882	-3.953233209	27.18482108	2.69274321084694	2.13400281926746
KIAA1671	1.151193283	0.007373012	0.002037916	3.956564234	20.71185819	2.69081372096174	2.13235505925714
PLCL1	0.699098927	0.007373012	0.002038679	3.950516576	17.93683424	2.69065115063353	2.13235505925714
GPN3	-0.653079924	0.007404019	0.002048299	-3.947862042	20.25131818	2.68860664702632	2.13053247544256
ATXN2L	-0.270313056	0.00740524	0.002049683	-3.94748112	25.25291371	2.68831330089361	2.13046086165505
IPO9	-0.247784349	0.007408748	0.002052067	-3.946825751	25.87015866	2.68780846361126	2.1302551769912
TBC1D8B	0.595287794	0.007408748	0.002052749	3.946638464	19.31123272	2.68766415076538	2.1302551769912
KCTD21	0.262624849	0.007422295	0.002057552	3.945321012	22.80550307	2.68664918016056	2.12946178855822
HEATR3	-0.487321248	0.007422862	0.002058758	-3.944990592	21.96754074	2.68639470022092	2.12942861343298
NASP	-0.212939879	0.007423335	0.002059939	-3.944667402	26.9751369	2.68614563999766	2.12940094017902
CDC23	-0.770448566	0.007425729	0.002061653	-3.944435053	22.0023653	2.68578442967656	2.12926090428198
ANXA5	0.23181761	0.007524062	0.002090017	3.936497878	29.40502577	2.67985018136446	2.12354763442058
TALDO1	0.251433255	0.007525553	0.002091495	3.936099545	26.51524989	2.67954316932146	2.12346158131229
GRSF1	-0.230394867	0.007534647	0.002095088	-3.935132662	25.02753597	2.67879773063957	2.12293708967228
BRK1	0.314157261	0.007539214	0.002097423	3.93450489	22.40968518	2.67831397390281	2.12267392909788
NCOA6	-1.62577313	0.007540221	0.002099835	-3.946541333	18.94598126	2.67781482974457	2.12261592499575
HUWE1	0.253452861	0.007540221	0.002099584	3.933924844	28.17681992	2.67786674545723	2.12261592499575
STX16	0.29201243	0.007540524	0.002100986	3.933548904	23.45307758	2.67757684152218	2.1225984734404
NOTCH2	0.771381269	0.007565573	0.002109035	3.931395032	21.22519449	2.67591621296761	2.12115817387818
GNB2	-0.435686333	0.007589805	0.002117935	-3.937677961	26.53874435	2.67408737263953	2.11976938201122
ADSS2	-0.257779832	0.007589805	0.002116984	-3.929275961	25.3052507	2.67428242433201	2.11976938201122
CTSC	-0.33685919	0.007593778	0.002120118	-3.928443072	23.23624473	2.67363996674922	2.11954210337535
LRRC42	-1.516281417	0.007597448	0.002122216	-3.940523898	19.69675684	2.6732104155176	2.11933226372454
FAM110A	0.842949501	0.007600735	0.002125148	3.927108568	17.57371014	2.67261081933361	2.11914440890212
WRN	-0.539517549	0.007600735	0.002125283	-3.92707263	20.97720826	2.67258323165835	2.11914440890212
SNX8	-0.830785764	0.007602012	0.002126715	-3.994553319	24.67954789	2.67229070578153	2.11907144918573
ST14	0.516680143	0.00761936	0.002132645	3.925125449	23.10647806	2.67108143117613	2.11808150636925
HPCAL4	1.356253575	0.00763523	0.002138341	3.92501265	17.73488183	2.66992303691516	2.1171778759322
CHAF1A	-0.525613338	0.00763523	0.002139246	-3.923385521	20.79980195	2.66973927138941	2.1171778759322
CDCA2	-0.484431912	0.007693721	0.002156722	-3.918805641	19.82539526	2.66620583155341	2.11386356671096
PTPRF	-0.472862902	0.007701068	0.00215987	-3.917984618	21.61509547	2.66557238772948	2.11344904179596
CDC5L	-0.290432991	0.007705537	0.002162212	-3.917374544	24.69884786	2.66510172670261	2.11319708984496
HDAC2	-0.252347534	0.007708807	0.00216422	-3.916852251	25.54862772	2.66469859387525	2.11301282731946
PAX6	-1.36017803	0.007774839	0.002184956	-3.933309062	20.88438077	2.66055730429979	2.10930859550184
GSN	-0.223504916	0.007774839	0.002184477	-3.911609919	28.04016077	2.6606525235457	2.10930859550184
GSDMD	0.391833258	0.007789564	0.002190561	3.910045218	24.3224433	2.65944464862845	2.10848685011861
IRS2	0.472172486	0.007789564	0.002191297	3.909856297	22.57619923	2.65929875583974	2.10848685011861
CDCA5	-0.932875544	0.007833666	0.00220481	-3.906397955	18.75877531	2.65662883000878	2.10603494918453
TMX4	-0.817926685	0.007850568	0.002210677	-3.904903396	20.6636581	2.65547470715672	2.10509892028128
ZFC3H1	-2.034032167	0.007884061	0.002221223	-3.930741024	17.16013375	2.65340783820624	2.103250024187
MESD	-0.330607622	0.007898153	0.00222631	-3.900940905	23.55552865	2.65241436295025	2.10247445753134
YIPF4	-0.512675344	0.007904972	0.00222935	-3.90017376	22.11883376	2.65182174348204	2.10209966403247
KIF16B	-0.691573249	0.00791978	0.002234645	-3.898839775	18.00836556	2.65079145990863	2.10128688231367
DUSP3	0.522818531	0.007953964	0.002245415	3.896137028	21.77754176	2.64870338047197	2.09941637898201
EIF6	0.218338802	0.007958029	0.002247687	3.895568448	25.75731976	2.64826416625115	2.09919448256623
GFER	0.519581757	0.00796994	0.002252178	3.894446548	20.73447718	2.64739728817112	2.09854494808532
DNAJB6	-0.323128204	0.007973586	0.002255354	-3.893654501	23.97989109	2.64678528164392	2.09834631727948
DUT	0.288160654	0.007973586	0.002255463	3.893627442	24.11778038	2.64676429294119	2.09834631727948
FKBP1A	0.280878814	0.007975467	0.002257122	3.893214088	25.17184367	2.64644496617928	2.09824387760181
DBT	0.322348102	0.007989635	0.002262262	3.891935905	23.57975881	2.645457099426	2.09747306062427
DNMT1	-0.290729388	0.008008861	0.002268838	-3.890304798	25.48835847	2.64419651258478	2.09642924378942
TRMT6	-0.22568054	0.008031024	0.002276251	-3.888471733	23.32981633	2.64277985040322	2.09522907624108
IFRD2	-0.774757145	0.008043406	0.002281747	-3.887116869	20.01416069	2.64173251180003	2.09456000923983
GALE	0.341235975	0.008043406	0.002282035	3.887045941	21.74806233	2.64167769901057	2.09456000923983
LGSN	0.73506819	0.008045975	0.002283901	3.886586697	20.40446328	2.6413227253323	2.094421321178
UBQLN4	-0.309281718	0.008070197	0.002291918	-3.884618319	23.84325066	2.63980092456877	2.09311586367091
TXNDC15	-0.689313504	0.008085278	0.00229769	-3.883205361	18.10371976	2.63870856588754	2.09230504294492
HSPBAP1	0.620773988	0.008085278	0.002298487	3.883010684	22.55457469	2.6385579482305	2.09230504294492
STX7	1.826532078	0.008133914	0.002314346	3.966279376	21.52943884	2.6355717125158	2.08970042370951
DAB2IP	0.425163465	0.008133914	0.002314613	3.879084113	23.35560754	2.63552161199567	2.08970042370951
SNAP47	-1.953690644	0.008140188	0.002318142	-3.905772164	17.45514751	2.63485996443473	2.0893655648381
GTPBP8	-1.488507696	0.008140188	0.002318699	-3.886482704	18.55361237	2.63475562528332	2.0893655648381
MIF	0.524533373	0.008155381	0.00232418	3.912759763	28.48340064	2.63373024031805	2.08855574494468
CDC7	-0.8039842	0.008167737	0.002328856	-3.875639411	17.34307309	2.63285736433729	2.08789825491816
OGA	-0.28145988	0.008190772	0.002338531	-3.873311802	24.00060283	2.63105686862924	2.0866751630089
NEDD1	-0.52813127	0.008190772	0.002338897	-3.873224004	22.27143597	2.63098890316587	2.0866751630089
GTPBP4	-0.25899423	0.008190772	0.002338897	-3.873223925	24.6365425	2.63098890316587	2.0866751630089
RPS18	-0.241798474	0.008194714	0.002341181	-3.872675927	28.0558719	2.63056500908743	2.08646619894391
ALDH1A3	-3.455224341	0.008203838	0.002344948	-3.977092416	21.27598699	2.62986678346636	2.08598292416919
PSMA2	-0.270601297	0.008208371	0.002347404	-3.871186011	26.28163607	2.62941215971053	2.08574302264996
WNK3	-0.614373249	0.008234801	0.002356126	-3.869104246	18.16404495	2.62780148823064	2.08434689141179
TUBAL3	1.074643943	0.008241096	0.002359796	3.868230718	17.77931042	2.62712553936196	2.08401502676168
SFN	0.38977204	0.008241096	0.002360257	3.868121068	23.66431448	2.62704070567183	2.08401502676168
KAT7	-0.539136208	0.00824523	0.002362607	-3.86756269	20.33031684	2.62660851363044	2.08379722524231
PUS7L	-0.81911028	0.008246544	0.00236446	-3.867122683	20.39674577	2.62626802862517	2.08372801947337
DGAT1	0.638824371	0.008246544	0.002365315	3.866919815	19.96235396	2.62611101405849	2.08372801947337
CHCHD3	-0.645217265	0.008321338	0.002387944	-3.865164439	23.08393506	2.6219758621223	2.07980683725526
SEC61A1	0.239134805	0.008360197	0.002400277	3.858687507	25.99716045	2.61973863635934	2.07778348870872
PRPS1	-0.316323256	0.008366845	0.002403864	-3.857849861	23.4615	2.61909010643648	2.07743827646286
NOLC1	-0.309262124	0.008366845	0.002404551	-3.857689576	24.19028702	2.61896600720166	2.07743827646286
DNAJB4	0.779069285	0.008396132	0.002414155	3.855454023	19.62013642	2.61723484961412	2.07592074226437
NLN	-0.232466186	0.008418581	0.0024218	-3.853680967	23.88071498	2.61586172514128	2.07476110515169
VAC14	0.329147665	0.008419782	0.002423336	3.853325485	22.67635938	2.61558636595774	2.07469915284984
MTHFD1	0.143003701	0.008460958	0.002436589	3.850267284	27.78537417	2.61321772074771	2.072580460772
BAD	0.757512821	0.008460958	0.002438542	3.849818215	18.00780753	2.61286975997762	2.072580460772
RPL34	-0.326351604	0.008460958	0.002438775	-3.849764559	27.08539493	2.61282826560095	2.072580460772
POLE3	-0.323194539	0.008482515	0.002446457	-3.848001365	23.46626891	2.61146241318703	2.07147536370036
VPS33B	0.698450226	0.008482515	0.002447387	3.847788426	21.95236738	2.61129735117319	2.07147536370036
TBC1D31	-1.133902535	0.008499673	0.002454494	-3.846162895	17.47496392	2.6100380251938	2.07059778217128
SERPINH1	-0.139115047	0.008499673	0.00245474	-3.846106675	28.38900725	2.60999450050436	2.07059778217128
EPHA2	0.169939119	0.008503035	0.002456913	3.845610714	26.27532812	2.60961022174087	2.07042603328666
SIL1	-0.28822614	0.008541161	0.002469137	-3.842829151	22.46684985	2.6074548125819	2.06848309165023
RPL31	-0.380275004	0.008557339	0.002475024	-3.845037347	26.55725543	2.6064205854104	2.06766126304248
LCT	-0.539109334	0.008563795	0.002478101	-3.840798275	22.02695952	2.60588099705246	2.06733373738815
DLG3	-0.360653144	0.008609512	0.002492547	-3.837541405	21.87652241	2.60335664378934	2.06502146430865
DNAJB11	0.192852609	0.008618923	0.00249649	3.836655834	26.17533701	2.60267016922574	2.06454699918449
DIAPH3	-0.530250871	0.008622574	0.002500454	-3.835767138	19.18467692	2.60198113061039	2.06436306977545
TRPS1	-0.59318176	0.008622574	0.002500497	-3.835757492	22.91475856	2.60197366216579	2.06436306977545
DSC2	0.290465671	0.008622574	0.002501205	3.835598936	23.15436251	2.60185071182	2.06436306977545
MIDEAS	0.322772381	0.008623755	0.002502766	3.835249261	22.76924259	2.60157975353177	2.06430359024401
GNPDA1	-0.211089685	0.008627594	0.0025051	-3.834727174	25.61224625	2.60117493303771	2.06411030025335
PLCB4	-0.297863558	0.008642984	0.002512057	-3.833173749	22.83479292	2.5999705104346	2.06333629097055
MRPL49	0.311774127	0.008642984	0.002513227	3.832912899	22.3624389	2.59976828323589	2.06333629097055
IP6K1	-0.848626123	0.008642984	0.002513234	-3.832911296	19.6904225	2.59976707361291	2.06333629097055
KMT2B	-0.638296429	0.008770573	0.002551575	-3.824432866	19.58204506	2.59319166166158	2.05697203233419
TADA3	-0.526644161	0.008779797	0.002555499	-3.823572421	20.83462845	2.59252428465379	2.05651552541497
CDC42BPA	-0.837462705	0.008802471	0.002563343	-3.821856752	20.57473316	2.59119327713979	2.05539539705138
ZFP36L1	-0.641359502	0.008810972	0.002567064	-3.821044741	17.80952074	2.59056330370863	2.05497617888066
AFF4	-0.660747496	0.008828849	0.002574742	-3.819373145	19.61724456	2.58926628258007	2.05409591086535
FLYWCH2	-0.404696093	0.008828849	0.002574769	-3.819367357	23.33774683	2.58926172838025	2.05409591086535
WRAP73	-0.469252693	0.008844009	0.00258044	-3.818135878	19.56218104	2.58830623462614	2.05335082413851
HSPA13	-0.457343594	0.008864614	0.002589286	-3.816220816	21.75424589	2.58681997684908	2.05234017053343
RPS6KA5	0.59518845	0.008864614	0.002591085	3.815832033	19.50376097	2.58651833984109	2.05234017053343
CHKA	-0.470716673	0.008864614	0.002592182	-3.815595267	20.22606228	2.58633450942921	2.05234017053343
FASTKD1	-0.514674209	0.008864614	0.002593847	-3.815235956	18.43840778	2.58605564468039	2.05234017053343
ZNF384	-0.477175669	0.008864614	0.002593883	-3.815228202	19.99276007	2.58604961714953	2.05234017053343
GOPC	-0.424349292	0.008864614	0.002593971	-3.815209145	22.49546327	2.58603488353736	2.05234017053343
RTCB	-0.180978581	0.008867428	0.002596048	-3.814761229	27.37044812	2.58568728184763	2.05220232914073
MAP4K4	-0.461259683	0.008873188	0.002599034	-3.814118043	22.7717775	2.58518803911545	2.05192031680207
PITPNA	-0.386655744	0.008873188	0.002600243	-3.813857758	23.36691966	2.58498606409543	2.05192031680207
CPSF1	-0.241558052	0.008876936	0.002602596	-3.813351649	23.92597337	2.58459324202826	2.05173691123912
PRKCZ	-0.463074951	0.00889019	0.002607739	-3.812247167	21.18336589	2.58373587786805	2.05108895724466
HSPA4	-0.137356796	0.008905633	0.002613528	-3.8110066	28.2839622	2.58277284273273	2.05033520605624
NSMCE2	-0.709412224	0.008915911	0.002617804	-3.810091923	17.53322232	2.58206287302781	2.04983427536473
PHF10	0.590805796	0.008941123	0.002626471	3.808243029	19.82244911	2.58062739006723	2.04860793063656
FARSA	-0.189135178	0.008953811	0.002631464	-3.807180708	25.44384255	2.5798025670141	2.04799207708719
SHMT1	0.268445787	0.008959153	0.0026343	3.80657816	25.2916161	2.57933476812688	2.0477330466787
PRPF38A	-0.808931915	0.008961763	0.002636334	-3.806146388	20.71358451	2.57899956935571	2.04760654548805
MED14	-0.543953697	0.008964309	0.002638351	-3.805718771	21.46108763	2.57866742743152	2.04748318173515
HDAC5	-0.507211451	0.009011365	0.002654696	-3.80226469	21.51711154	2.57598520455675	2.04520941911335
KNL1	-0.633278814	0.009011365	0.002654748	-3.802253901	20.65774275	2.57597669771006	2.04520941911335
ALDH1L2	-1.916328841	0.009040425	0.002665222	-3.826807242	17.84738145	2.57426661051753	2.04381115239895
TRMT11	0.848513254	0.009040425	0.002666251	3.799836263	21.14164588	2.57409896865666	2.04381115239895
WASL	-0.618533261	0.009040425	0.002667143	-3.799649318	21.23238914	2.57395369880356	2.04381115239895
TNIK	0.687972599	0.009070221	0.002677215	3.797541843	19.70134224	2.57231675038041	2.04238213103128
RAI14	0.289757832	0.009116364	0.002692379	3.794384542	25.3818356	2.56986380550932	2.04017834254877
XPO5	-0.268969279	0.009116364	0.002693412	-3.79417008	25.05607069	2.56969720929149	2.04017834254877
OGFOD3	-0.361788545	0.009154467	0.002705964	-3.791571493	21.44736085	2.56767798553047	2.03836693652858
HCCS	0.485149108	0.009216273	0.002725536	3.787544218	22.73844895	2.56454807725834	2.03544466926835
ABHD17B	-1.801444865	0.009220135	0.002729285	-3.813307107	19.21037388	2.56395111164974	2.03526272001732
SUZ12	-0.535830447	0.009220135	0.002728715	-3.786892873	20.27467053	2.56404182174706	2.03526272001732
PTPN13	-1.793983946	0.009243405	0.00273748	-3.811083366	19.1754557	2.56264904509114	2.03416801792393
AAMP	0.37410521	0.009249148	0.002741657	3.78424944	24.64335817	2.56198687935141	2.03389827114643
RAB3B	1.081083264	0.009249148	0.002741796	3.784221077	18.66755291	2.5619648614977	2.03389827114643
SPARC	-0.808181624	0.009251256	0.002743728	-3.783827415	17.80937287	2.56165894469787	2.03379930111617
FBXO38	-0.864350019	0.009268552	0.002750168	-3.782517772	17.77260515	2.56064077553541	2.03298810917046
DHODH	0.377086587	0.009290231	0.002757914	3.780946719	22.91645061	2.55941928054877	2.03197348721432
SLC12A9	-1.27841592	0.009377859	0.002785253	-3.778836146	19.22155353	2.55513534931847	2.02789630134576
SHPK	0.39672593	0.009398877	0.002792824	3.773922086	21.22923134	2.5539564320889	2.02692403382993
C9orf50	0.436613109	0.009431585	0.002803877	3.771716895	19.37523983	2.55224104184408	2.02541531692221
SYNM	0.463371584	0.009435023	0.002806232	3.771248043	21.68031039	2.55187642733661	2.02525703680685
HLTF	0.351564216	0.009470971	0.002818263	3.768859884	24.31659316	2.55001848102116	2.0236054931906
FHL2	0.342867279	0.009483437	0.002823313	3.767860563	26.30301212	2.54924097214088	2.02303423654233
FHDC1	-0.971820969	0.00948727	0.002825796	-3.767370021	19.31180809	2.54885919396382	2.02285873957516
CLPB	0.562806643	0.009504125	0.00283216	3.76611444	23.02181394	2.54788221526395	2.02208786040442
NOTCH3	-0.605593002	0.009522727	0.002839947	-3.764581906	20.74972996	2.54668976481998	2.02123866595792
GSPT1	0.227294404	0.009522727	0.002840395	3.764493902	25.76404205	2.54662126051925	2.02123866595792
CUX1	-0.364596957	0.009527041	0.002843029	-3.7639767	22.42882927	2.54621871031457	2.0210419657748
GANAB	-0.17994943	0.009545073	0.002849759	-3.762657242	28.52267168	2.54519186609524	2.0202207458061
PACSIN1	0.944249155	0.009545581	0.00285126	3.762363346	18.78888346	2.54496317854574	2.02019763275855
MDH1	0.235569999	0.009551797	0.002855383	3.761557049	27.54953622	2.5443356304547	2.01991491597985
CCDC117	-0.743676893	0.009551797	0.002855817	-3.761472173	20.22910145	2.54426962548008	2.01991491597985
EPHA1	-0.509104479	0.009565239	0.002862385	-3.760190504	21.56439826	2.54327195264112	2.01930417408578
PLAA	-0.274688688	0.009565239	0.002864225	-3.759831797	25.57363915	2.54299286889901	2.01930417408578
DAG1	-0.271937015	0.009565239	0.002864751	-3.759729399	23.75402037	2.54291312030236	2.01930417408578
RTKN	0.678933341	0.009565239	0.002865245	3.759633298	21.82847642	2.54283823666384	2.01930417408578
NFRKB	-0.806379352	0.009567055	0.002867141	-3.759264124	18.94990109	2.5425509488337	2.01922172931658
CERS6	-0.317632867	0.009569755	0.002871139	-3.75848673	21.62569967	2.54194578156421	2.01909918066726
RPLP2	-0.222182435	0.009569755	0.002871758	-3.758366396	28.42492393	2.54185216042305	2.01909918066726
OS9	-0.611787433	0.009569755	0.002873098	-3.758106279	22.73198996	2.54164956017814	2.01909918066726
TMEM41B	-0.399178819	0.009569755	0.002874068	-3.757917833	23.98429362	2.54150296074062	2.01909918066726
MTHFD1L	0.341403892	0.009569755	0.002874714	3.757792419	23.25611197	2.54140535598313	2.01909918066726
PLEKHN1	0.948282828	0.009622637	0.00289196	3.754455845	17.00869254	2.53880771825836	2.01670589702522
SDC1	0.67903762	0.009647604	0.002900828	3.752748228	21.54273046	2.53747802123712	2.01558053108954
CAMSAP2	-0.742467705	0.009753184	0.002933952	-3.746416514	19.89517527	2.53254699557305	2.01085358246617
TDRKH	0.492319798	0.009780213	0.002943465	3.744611619	21.50035659	2.53114112390727	2.00965168675459
SPRYD4	-0.445940071	0.009798033	0.002950213	-3.743334977	21.83354268	2.53014662762006	2.00886110216344
SUPT16H	-0.191751804	0.009800849	0.002952447	-3.742913143	26.7285049	2.52981788975649	2.00873630185397
PDK2	0.568007629	0.009824963	0.0029611	3.741281734	18.51637049	2.52854692570261	2.00766907646664
TBCE	-0.198510538	0.009828952	0.002963692	-3.740794107	25.51400177	2.52816693215384	2.00749278581797
JAK1	-0.521158009	0.009846744	0.002970448	-3.739524787	19.99988507	2.52717804588306	2.00670735291353
ARSB	-1.440708151	0.009860173	0.002975893	-3.746276069	18.9123369	2.52638268816143	2.00611546515146
APOC3	-0.815567877	0.00988633	0.002987771	-3.739264924	21.72509383	2.52465269241474	2.00496489713368
XYLB	-0.713547583	0.00988633	0.002987006	-3.736426918	18.10866179	2.52476390502752	2.00496489713368
SIN3A	-0.448363094	0.00988633	0.00298798	-3.736245081	23.32798227	2.52462231379061	2.00496489713368
STAG2	-0.278394233	0.009889973	0.00299048	-3.735779165	24.32433492	2.5242590977557	2.00480489404155
TMEM50A	-0.544091575	0.009981575	0.003019943	-3.730316417	20.44946254	2.52000125406904	2.00080092566246
DDR1	-0.79935992	0.009981575	0.003021	-3.730121509	20.69655309	2.51984927472672	2.00080092566246
LY75	0.588238026	0.009989323	0.003025655	3.729263649	17.32397041	2.51918059387337	2.0004639439389
CBX8	-0.406849172	0.009989323	0.003026169	-3.729169081	20.41552462	2.5191068219447	2.0004639439389
TTC3	-0.70597571	0.010083451	0.003056977	-3.723527293	17.31402135	2.51470782879457	1.99639080779539
HECW1	0.29490003	0.010083451	0.003057535	3.723425604	22.30395441	2.51462856283792	1.99639080779539
TDRD6	-0.36682752	0.010089592	0.003060823	-3.722826991	24.51113162	2.5141617838773	1.99612639528253
KPNA6	0.616638828	0.010126858	0.00307356	3.728196868	23.49128494	2.51235830445151	1.99452527970647
FMNL2	0.558178414	0.010138237	0.00307982	3.719381577	20.01550998	2.51147466508758	1.99403756055894
SLC25A15	-0.583311225	0.010138237	0.00307988	-3.719370753	21.06619855	2.51146620439342	1.99403756055894
LUC7L2	-0.396068221	0.010143426	0.003085758	-3.721585248	25.85127226	2.51063813640175	1.99381533478626
IPO11	-0.2576696	0.010143426	0.003084952	-3.718454523	25.70024625	2.51075158893943	1.99381533478626
CEP55	-0.539504575	0.010143426	0.003085613	-3.718335305	20.02129788	2.51065854441153	1.99381533478626
PSMC1	0.14660386	0.010166423	0.003094191	3.716789623	27.12150037	2.50945288142987	1.99283182432602
TYSND1	0.561224907	0.010193276	0.003103805	3.715062631	18.00896621	2.50810557159046	1.99168621637917
NGDN	-0.595481844	0.010198872	0.003106951	-3.714498718	21.68963083	2.50766559598784	1.99144785875429
USP37	-1.59881827	0.010257787	0.003126349	-3.722062878	17.73244085	2.50496254253119	1.98894632317678
NSDHL	-0.231819235	0.010262344	0.003129188	-3.710529051	24.43090612	2.50456834388165	1.98875343162199
PHF14	-0.965582258	0.010278863	0.003135678	-3.709375958	18.69276521	2.5036685410141	1.9880549223189
RAD51C	-1.193293599	0.010294879	0.003142137	-3.708230913	18.19428874	2.50277488325311	1.98737875345985
MAP4K2	0.631882488	0.010294879	0.003143474	3.707994022	18.91903619	2.50259012739371	1.98737875345985
HSP90AB3P	-0.439646478	0.010303805	0.003147657	-3.707254135	21.55896348	2.50201259877906	1.98700236895023
MRPL3	0.311999926	0.010316793	0.003153083	3.706295737	24.59043952	2.50126459697567	1.9864552832181
RBM14	-0.283093869	0.010318213	0.003154975	-3.705961862	26.17721878	2.50100407775267	1.98639551118166
KEAP1	-0.441668916	0.01033012	0.003160076	-3.705062914	21.05062733	2.50030247245004	1.98589463346246
FBXO21	-1.329812397	0.010333657	0.003162619	-3.707862566	18.93028607	2.49995312429169	1.9857459578745
SMAD3	0.470386054	0.010378207	0.003177721	3.701965061	22.56119712	2.49788423597681	1.9838776712725
CDC42	0.313194283	0.010390489	0.00318295	3.701050341	26.59550966	2.49717018352623	1.98336401307764
VDAC1	-0.437310549	0.010394858	0.003186799	-3.711330498	27.27684998	2.49664532778567	1.98318143901531
PRRC2B	-0.422208656	0.010394858	0.003187228	-3.700303264	21.07080201	2.49658686793509	1.98318143901531
SLC39A11	0.542450597	0.010444072	0.003203794	3.697419592	17.16499815	2.49433541628925	1.98113014287218
DDX31	-0.464630779	0.010488371	0.003218865	-3.694809373	22.62845687	2.4922972373512	1.9792919589607
CEP95	-0.634103066	0.010502337	0.003224636	-3.693813238	20.66138167	2.49151930183906	1.97871405014226
CEP350	0.341010271	0.010518394	0.003232388	3.692477969	22.85147897	2.49047651418915	1.97805056533269
SPOUT1	-0.680094702	0.010518394	0.00323254	-3.69245188	18.76158303	2.4904560923805	1.97805056533269
TACC2	0.341745424	0.01053874	0.003240283	3.691121617	23.55694025	2.48941705770355	1.97721130978361
KIF1B	-0.307021407	0.010555652	0.003246975	-3.689974481	28.20931436	2.48852105520025	1.9765149360885
MAVS	0.29705066	0.010578937	0.003255633	3.688493931	23.25607011	2.48736455803902	1.97555796918435
CHEK1	-1.084418293	0.010591243	0.003261788	-3.690654811	20.21993026	2.48654426936017	1.97505306762034
SMARCA4	-0.368322777	0.010591243	0.003262414	-3.687337126	23.94065836	2.48646092787365	1.97505306762034
SDF2	0.405350389	0.010601737	0.003268512	3.686299039	23.89558559	2.48564991622836	1.9746229736302
NOL7	0.703633321	0.010601737	0.003270019	3.686042858	20.94634911	2.48544972392345	1.9746229736302
NONO	-0.258264059	0.010601737	0.003270143	-3.686021716	27.31768596	2.48543325567212	1.9746229736302
RAD51	0.818473194	0.01060285	0.003271985	3.685708699	20.0710861	2.48518869596409	1.974577382574
H3-3A	-0.731067014	0.010608569	0.003275249	-3.760383428	26.47218067	2.48475567728586	1.97434319454516
HPS3	0.463134832	0.010634237	0.00328601	3.683331136	21.17059207	2.48333111925208	1.97329366500686
PHACTR4	-0.590503169	0.010634237	0.003286181	-3.683302302	21.81195687	2.48330851967869	1.97329366500686
FANCG	-0.780413443	0.010649197	0.003292309	-3.682266758	18.69657104	2.48249941079355	1.97268313885594
KIF3B	-0.222482664	0.010649607	0.003293941	-3.681991243	23.63033023	2.48228418403813	1.97266641859901
CAAP1	-0.640554561	0.010673444	0.003302823	-3.680494754	19.8952328	2.48111469975182	1.97169542416885
ANXA3	-0.140959765	0.010678692	0.003305956	-3.67996774	27.7649327	2.48070293088688	1.97148193943955
SURF1	-1.112005198	0.010679125	0.0033076	-3.687086784	20.66733124	2.48048701674237	1.97146433000777
CARMIL1	0.568817525	0.010696147	0.003314384	3.67855284	19.54655046	2.47959717623658	1.9707726370802
GNPNAT1	0.452944274	0.010706888	0.003319226	3.677741663	22.80552247	2.4789631762713	1.9703367402626
IGF2R	0.24981275	0.010730874	0.003328179	3.676244936	24.49095739	2.47779332402143	1.96936490450943
HMGB3	-0.189442289	0.010829706	0.003360363	-3.670898453	26.12714547	2.47361380582989	1.96538333324641
CD2AP	-0.249844441	0.010838398	0.003364592	-3.670199776	25.07234838	2.47306759203186	1.96503490517543
C19orf53	0.462382094	0.010851562	0.003370212	3.669272672	22.10442566	2.47234277938555	1.96450774392094
ARHGAP10	0.817810536	0.010883866	0.003381784	3.66736891	18.17757766	2.47085413494166	1.96321681380691
RAC1	0.270890884	0.010892276	0.003385936	3.666687333	23.89506843	2.47032125506038	1.96288136258011
PHF8	-0.577284667	0.010894962	0.003388312	-3.666297879	19.61571559	2.47001660612183	1.96277428016936
SORL1	-0.685809151	0.010930218	0.003400821	-3.664251339	19.7000096	2.46841622627313	1.96137117608754
CKS1B	-0.458715943	0.010967736	0.003414045	-3.662096331	23.36588133	2.46673075881505	1.95988301182204
SEMA5B	-0.692641529	0.010972828	0.003417181	-3.661586506	19.30819859	2.46633201703988	1.95968142834938
TUBA8	-0.451184449	0.010974025	0.003419984	-3.661131219	20.86929776	2.46597592573567	1.95963405476964
ADI1	0.217532737	0.010974025	0.003420657	3.661022057	23.06976768	2.4658904717008	1.95963405476964
ALDH1A2	0.531445394	0.011021909	0.00343714	3.658353059	19.94477566	2.46380277802013	1.9577431789539
ASXL1	-1.940637368	0.011050511	0.003447622	-3.682532175	16.95658709	2.46248035662729	1.95661763877986
RPL10A	-0.199366781	0.011054662	0.00345048	-3.656202761	28.14530172	2.46212048554962	1.95645453158178
DHPS	0.755616586	0.011080752	0.003463323	3.657282194	21.99298787	2.46050700294199	1.95543076502563
RUVBL1	0.201573481	0.011080752	0.003461176	3.654484751	27.48831272	2.4607763163703	1.95543076502563
SMCHD1	-0.296849292	0.011080752	0.003463093	-3.654177435	26.44759936	2.46053584548649	1.95543076502563
APOO	-0.38810628	0.011089225	0.003467538	-3.653465359	21.45838541	2.45997877088917	1.9550988046159
CHD1L	-0.287592393	0.011146042	0.00348688	-3.650378171	22.53164233	2.45756299848998	1.95287932478835
ETFB	0.180661725	0.011298377	0.003536133	3.642595544	25.59659491	2.45147140879476	1.94698393798277
PRKCD	0.306038519	0.011308081	0.003540899	3.641848388	22.73158101	2.45088646080705	1.94661108931171
UBL5	-0.457718978	0.011308081	0.003542368	-3.641618381	23.86045706	2.45070632398514	1.94661108931171
NDUFB2	-0.44694984	0.011328058	0.003550227	-3.640389029	19.98843508	2.44974387745319	1.94584453604772
SEC13	-0.233230658	0.011419517	0.003581014	-3.635599942	24.41683118	2.44599398110738	1.94235226462527
RELCH	0.972620094	0.011419517	0.003582119	3.635428897	20.01512108	2.44585999074134	1.94235226462527
CAMK2G	-0.421554949	0.011452891	0.00359433	-3.633541624	24.49832683	2.44438205226885	1.94108487254959
RIPK2	-0.850052063	0.011452891	0.003595826	-3.633311005	20.84933781	2.44420133169636	1.94108487254959
NAT10	-0.223875164	0.011454671	0.003598004	-3.632975205	25.64209943	2.44393835817308	1.94101738006135
IFI35	0.788745005	0.011475858	0.003606281	3.631701043	20.21247228	2.44294043623958	1.94021483426692
IREB2	-1.526868252	0.011566772	0.003636486	-3.637513173	17.9291361	2.43931808006682	1.9367878249884
EIF3L	-0.433792858	0.011571421	0.003639583	-3.637037912	26.55498768	2.43894837216777	1.93661330530369
CDC42EP4	-0.551441188	0.01158289	0.003644828	-3.625806558	22.23806547	2.43832296128658	1.93618306802993
ZNF280C	-1.656325592	0.011589504	0.003648548	-3.649123918	19.56551172	2.43787993583094	1.93593515028942
UTP11	-0.557665485	0.011662446	0.003673159	-3.621514749	19.05758835	2.43496027194655	1.9332103541313
GPBP1	-1.119463097	0.011662622	0.003675426	-3.621172945	18.633218	2.43469231679009	1.93320380016723
AGK	0.284077566	0.011662622	0.003676512	3.621009115	24.13342159	2.43456401216871	1.93320380016723
CTSF	0.568385292	0.011664824	0.003678855	3.620656004	18.06641713	2.4342873293042	1.93312180949821
CTNNA2	-0.555603837	0.011701334	0.003692024	-3.623403577	23.63330614	2.43273548450591	1.93176462408174
UHRF1BP1	-0.489006595	0.011726169	0.003701518	-3.617252753	20.2589935	2.43162013435914	1.93084385096322
COX5B	-0.236139449	0.011757424	0.003713046	-3.615529739	24.34920435	2.43026967037459	1.92968781985276
WARS2	-0.422762831	0.01179031	0.003725098	-3.613734262	22.35094985	2.42886229733196	1.92847477594652
OLA1	0.223175179	0.01182505	0.003737746	3.611856439	27.26644157	2.42739021460685	1.92719701425373
OSBPL10	-0.79926491	0.011836793	0.003743131	-3.641388613	23.62729494	2.42676497342483	1.92676594719613
MAP2K4	0.348801323	0.011841746	0.003746371	3.610579583	21.77676421	2.42638921701028	1.92658425857081
FRMD8	-0.73277611	0.011918874	0.003772457	-3.606736122	20.87821087	2.42337570178939	1.9237647713311
ITFG1	0.478207379	0.011919596	0.003775234	3.606328436	20.00840719	2.42305612436348	1.92373846422196
CRY2	0.846039682	0.011919596	0.003776894	3.606084982	18.0264588	2.42286520364509	1.92373846422196
TGFB1I1	-0.936356195	0.011919596	0.00377774	-3.605960942	18.89587566	2.4227679353636	1.92373846422196
MCM6	0.193531668	0.011925985	0.003781451	3.605417192	27.50673949	2.42234152281448	1.92350574122718
DDX17	-0.212144985	0.011938727	0.003787179	-3.604578956	26.06552919	2.42168416758182	1.92304197859604
PDLIM7	-0.229484545	0.011975287	0.003800469	-3.602638954	24.94508602	2.42016280560856	1.92171406947727
GLOD4	-0.258184316	0.012024887	0.00381791	-3.600103653	24.49533791	2.41817431349187	1.91991899607738
CHCHD2	0.431210662	0.012035696	0.003823043	3.599359699	23.01374378	2.41759081718953	1.9195287902897
BCAS3	3.530125997	0.012053768	0.003830488	3.686443551	18.56951579	2.4167458938626	1.91887717169418
COMMD3	0.276284459	0.012065226	0.003835835	3.597510359	22.79519228	2.41614008245307	1.91846453868403
SCD	-2.162962582	0.012075532	0.003840818	-3.648162926	18.53176657	2.4155762717123	1.91809372686425
CTSD	0.247454977	0.01210576	0.003852144	3.595161513	27.30896224	2.41429748654322	1.9170079403449
SELENOT	0.81051596	0.012106597	0.003854122	3.599530339	21.97329858	2.41407454212265	1.91697791398427
ZHX3	1.744513583	0.012121187	0.003861448	3.612300262	17.88168904	2.41324980919156	1.91645484862617
COA4	0.691295128	0.012121187	0.003862193	3.600704404	22.76921469	2.41316602762014	1.91645484862617
PRMT9	0.537627496	0.012153771	0.003874294	3.591987776	20.27992119	2.41180742601934	1.91528895083989
ZNF622	0.256509224	0.01219285	0.003888475	3.589965594	24.45591975	2.41022068889015	1.91389476898331
GFPT1	0.172138952	0.012223625	0.003900017	3.588325228	25.50112098	2.40893349989912	1.91279998197919
GPR180	0.475786846	0.012234341	0.003905166	3.587595156	19.59526678	2.40836050049303	1.91241941885584
PRMT7	-0.394988946	0.012238832	0.003908329	-3.587146987	22.12554079	2.40800888485334	1.91226002664788
FAM136A	0.28211312	0.01227953	0.003923062	3.585065061	24.62544124	2.40637482823419	1.91081825553302
CSGALNACT2	-0.482841595	0.012281941	0.003925568	-3.584711648	21.01809846	2.40609749524521	1.91073299321309
GSTZ1	0.351728762	0.012309014	0.003935961	3.58324866	22.50432748	2.40494921348478	1.90977673435622
GABPB1	-0.720947433	0.012316057	0.003939954	-3.582687617	19.33226635	2.40450884864722	1.9095283098039
RING1	-0.363453444	0.012322026	0.003943606	-3.582175112	22.324089	2.40410648130014	1.90931787916178
STRN	0.421585825	0.012410377	0.00397495	3.57779548	23.1236786	2.40066832986554	1.90621502538823
NSRP1	-0.856341556	0.012410377	0.003975391	-3.577734147	20.21461374	2.4006201498273	1.90621502538823
PATJ	-0.377513221	0.012433742	0.003984633	-3.576449651	20.91110446	2.39961167261534	1.90539814847975
N6AMT1	-1.318274607	0.012438531	0.003987926	-3.583457715	19.52600794	2.39925290905894	1.90523090712633
CSNK1G3	-0.747782609	0.012439661	0.003990047	-3.575698637	18.50577425	2.39902198859385	1.9051914546802
SYVN1	-0.508679289	0.012476061	0.004003852	-3.573788274	22.41944564	2.39752198433239	1.90392251048602
AMPD2	0.232412854	0.012476061	0.004005249	3.573595303	23.50342558	2.39737047933892	1.90392251048602
NDOR1	-0.973338535	0.01247685	0.004010041	-3.575909828	20.8012672	2.39685118698512	1.90389504608747
BICDL2	0.632282684	0.01247685	0.004011194	3.572775013	17.2793915	2.39672633300912	1.90389504608747
FER	-0.62027984	0.01247685	0.004011415	-3.572744576	19.05038925	2.39670240586011	1.90389504608747
DCPS	0.352298154	0.01247685	0.0040152	3.572223057	22.78797427	2.396292817326	1.90389504608747
TARBP1	-0.681152535	0.01247685	0.004015936	-3.572121679	17.90976914	2.39621321694579	1.90389504608747
PALD1	0.515584231	0.01247685	0.004016954	3.571981436	21.53466475	2.39610314154703	1.90389504608747
QSER1	-0.455112446	0.01247685	0.004017849	-3.571858298	21.72563376	2.39600638906588	1.90389504608747
BSG	0.22468263	0.01260155	0.004060271	3.566050531	26.19932326	2.39144497876842	1.8995760330534
BNIP2	0.371614322	0.01260155	0.004061568	3.565873946	24.81749235	2.39130627127919	1.8995760330534
COX15	0.28137978	0.012663339	0.004083273	3.562927387	23.11122059	2.38899158298907	1.89745176682421
MYLK	0.250363818	0.012694571	0.004095139	3.561323409	24.00392287	2.38773135253397	1.89638197107863
VLDLR	0.41369933	0.012695381	0.004097195	3.561045931	21.04200186	2.38751336594467	1.8963542610199
PCBP2	-0.346535409	0.012733899	0.004112333	-3.559007352	25.93111312	2.38591172518813	1.89503859910204
ENGASE	0.649364498	0.012733899	0.004114095	3.558770666	20.9530626	2.38572568408042	1.89503859910204
MT-CO1	-0.868722923	0.012733899	0.004115026	-3.558645595	18.2146202	2.38562741643692	1.89503859910204
TMEM245	-0.422515598	0.012735511	0.004117347	-3.558333906	21.27506233	2.3853825301765	1.89498362470681
OTUD7B	-0.415054506	0.012757971	0.004126412	-3.557118432	21.26341356	2.38442741223449	1.89421838937433
CENPU	-0.797874612	0.012784755	0.004136882	-3.555717896	18.32033157	2.3833268666993	1.89330759013804
ZDHHC13	-0.404993088	0.012841317	0.004157	-3.553037026	23.02469247	2.38121997549379	1.89139043292594
NMNAT1	0.324956649	0.0128802	0.004171408	3.551125164	22.26279469	2.37971733029733	1.89007739332543
KNOP1	-0.983008142	0.012902676	0.004181789	-3.559658311	21.39672756	2.37863788410741	1.88932020818845
HADH	-0.370627785	0.012902676	0.004182335	-3.549679713	25.20532437	2.37858118365977	1.88932020818845
MPC1	-0.361761817	0.012946063	0.004198229	-3.547584109	20.86397886	2.37693387572887	1.88786228388647
MKLN1	-0.37430346	0.012948062	0.004200707	-3.54725807	21.03219243	2.37667760951673	1.88779522970556
XPC	-1.462416009	0.012979079	0.004212605	-3.555574751	18.32747252	2.37544926111116	1.88675612413111
AFAP1L2	0.43999201	0.012994896	0.004219575	3.544782291	23.27303447	2.37473128942927	1.88622719186954
CCT5	-0.155672022	0.013004634	0.004224576	-3.544128063	28.32733559	2.37421687253693	1.88590186599922
RPS13	-0.234851534	0.013055609	0.004242981	-3.541726875	27.3713459	2.37232891299267	1.88420286499993
MED1	-0.454827096	0.013060141	0.0042463	-3.541294986	21.96925854	2.37198932629295	1.88405213430203
SEC11A	0.297746182	0.013114356	0.004265781	3.538766988	23.17921305	2.37000144446393	1.88225303122791
EMX2	-0.64689849	0.013172622	0.004286595	-3.53607897	18.65817015	2.36788754694749	1.88032777046013
XRCC1	0.299909022	0.01323659	0.004309283	3.533164241	22.29410045	2.36559498391057	1.8782238830932
STMN1	0.240414809	0.01325726	0.004317886	3.532063004	27.2676196	2.36472882801024	1.87754622629645
PLEKHO2	-1.24788887	0.013271548	0.004324416	-3.534322261	19.24464728	2.36407253446565	1.87707841785535
OXA1L	-0.39018076	0.01327272	0.004326674	-3.530940532	24.38902882	2.36384582616359	1.87704006734343
RRP12	-0.261652332	0.01328519	0.004332617	-3.53018272	24.95628999	2.36324970056597	1.87663223008611
DTWD2	-0.498841327	0.013297585	0.004338539	-3.529428647	19.35565957	2.36265649423415	1.8762272249282
CCDC115	0.549719107	0.013321936	0.004348367	3.528179489	19.88999209	2.36167380880179	1.87543265707111
FIP1L1	-0.298407682	0.013336596	0.004355038	-3.527333338	23.46810825	2.36100805119172	1.87495500453222
IGFBP4	0.68820792	0.013356456	0.004363411	3.526273039	20.09050489	2.36017387786228	1.87430876220653
MCMBP	-0.276517913	0.013361287	0.004366878	-3.52583463	23.59981414	2.35982894104566	1.87415170727379
GRPEL2	-0.762985387	0.013396008	0.00438012	-3.524163494	17.28055078	2.35851399117993	1.87302460177454
CDC40	-0.402052534	0.013427052	0.004392168	-3.522647396	21.52196198	2.35732105651845	1.87201932915345
BEX4	0.739638897	0.013427082	0.004394076	3.522407689	17.84866351	2.35713243578711	1.87201835881238
AP3M2	-0.416267117	0.013435676	0.004398788	-3.521816233	20.43642789	2.35666696838204	1.87174047767264
PARP8	-0.606795753	0.013532454	0.004432386	-3.517617299	20.26321679	2.35336242554264	1.86862344050368
RAB35	-0.469160353	0.013537448	0.004435935	-3.517175604	22.60413138	2.35301482621723	1.86846319857393
APAF1	-0.39831235	0.013642968	0.00447244	-3.512653676	20.29854512	2.3494554769973	1.86509113951796
PUM3	-0.315655577	0.013684125	0.004487867	-3.510754141	25.63343869	2.34796002207765	1.86378296733101
WDR33	-0.520361733	0.013707315	0.004500328	-3.509224596	22.56976781	2.34675583213602	1.86304760683579
RAP1B	-0.166361984	0.013707315	0.00450062	-3.509188755	25.63201815	2.3467276542177	1.86304760683579
CHMP2A	-0.321634961	0.013707315	0.004501285	-3.509107249	23.21791783	2.34666348872585	1.86304760683579
TAF8	0.597225514	0.013776977	0.004526109	3.506073759	18.20109118	2.34427499136041	1.86084606662622
WNT6	1.253627123	0.013779341	0.004528834	3.529100034	21.27791223	2.34401359766662	1.86077155216041
WFS1	0.34489765	0.01378258	0.004531846	3.505375073	21.51211469	2.34372485663886	1.86066947801011
EIF2AK2	-0.259322656	0.013821561	0.004546618	-3.503580374	23.69894428	2.34231153303071	1.85944290519611
SPINT2	-0.32106242	0.013836787	0.004553582	-3.505274231	27.5840588	2.34164683832897	1.85896474442892
DYNC1I2	0.244460867	0.013847709	0.004559134	3.502064315	25.88003239	2.34111764302389	1.85862207143409
REEP5	-0.207657448	0.013853831	0.004563108	-3.501583829	24.03486966	2.34073925218965	1.85843011453483
LSG1	-0.251670143	0.013900855	0.004580561	-3.499478692	24.69372597	2.33908132892102	1.8569584867702
MAPT	2.441831606	0.013903812	0.004583501	3.565442169	17.88714019	2.33880266956219	1.85686611315624
CYB5R1	-0.185274379	0.013936042	0.004596096	-3.497611853	23.78108741	2.33761090865328	1.85586055347155
CIP2A	-0.169791868	0.013949007	0.004602344	-3.496862861	25.40049125	2.33702092332093	1.8554567077861
HSP90AB4P	0.373008182	0.013952096	0.004605336	3.496504607	23.88505237	2.33673867868698	1.855360544157
GNB5	-0.467164662	0.014015888	0.004629354	-3.49363683	16.72251763	2.33447960807692	1.85337938157956
POLR3B	-0.791367822	0.014015888	0.004630355	-3.493517603	19.53203083	2.33438571122162	1.85337938157956
NUDCD2	-0.472021505	0.01404385	0.004641578	-3.492183092	22.48792115	2.33333434699135	1.85251381780824
MED4	-0.835650466	0.014062463	0.004649718	-3.491217245	20.65603273	2.33257338576761	1.8519386072231
CYP20A1	-0.581959495	0.014075563	0.004656039	-3.493280517	22.95542904	2.33198339059746	1.85153422504477
AMFR	0.328145094	0.014142076	0.004680039	3.487634454	21.8147495	2.32975052782027	1.84948683317237
ACSS3	-0.572715713	0.014154523	0.00468616	-3.486914188	21.44792765	2.32918288732872	1.8491047615485
EPHA3	-0.430502564	0.014155124	0.004688434	-3.496131808	25.73783063	2.32897219326107	1.84908632182838
PLCG1	-0.447838819	0.014155124	0.004690361	-3.486420309	23.02633497	2.3287937299343	1.84908632182838
WDR75	-0.560297533	0.01416826	0.004696716	-3.485674046	21.49718184	2.32820569984695	1.84868348206013
MRPL1	0.198566939	0.014240365	0.004722631	3.482641649	23.50492056	2.32581598644201	1.84647887899591
ZNF507	-0.751071253	0.014245144	0.00472623	-3.482221895	17.48066336	2.32548514743063	1.84633315624625
ANAPC10	-0.436692051	0.014271203	0.004736894	-3.480980061	20.48299699	2.32450633360224	1.84553941621677
FXR2	-0.490683901	0.014323861	0.004756396	-3.47871614	22.18272492	2.32272199479023	1.84393990207132
PCBD2	-0.332809773	0.014330917	0.004760765	-3.47821028	21.68041749	2.32232325556017	1.84372601928178
PAK2	0.194068173	0.014392241	0.004783172	3.475623377	26.58875637	2.32028400187781	1.84187157728245
SORBS3	0.350026346	0.014416553	0.00479329	3.474459286	23.65694536	2.31936629485763	1.84113856708073
ARMT1	0.526195488	0.014423598	0.004798052	3.473912219	21.22736212	2.31893504957563	1.84092639033548
SLC1A5	-0.369550557	0.014423598	0.00479971	-3.473721932	25.07763984	2.31878500204202	1.84092639033548
IVD	0.376218918	0.0144245	0.004802049	3.473453532	22.73851543	2.31857341272526	1.84089923196803
SEC62	0.20611933	0.014434746	0.004807501	3.472828527	24.50315876	2.31808061675263	1.84059085374855
MGST1	0.213248831	0.014446468	0.004813447	3.472147618	24.87189649	2.31754380576099	1.8402383200776
TCF3	-0.626114034	0.01448499	0.00482833	-3.470447154	17.45954728	2.31620305500358	1.83908180028392
TSR3	-0.449952992	0.014597604	0.004867931	-3.465948311	17.035227	2.31265558626195	1.83571842195335
CFL2	0.291430375	0.014629978	0.004880796	3.464494927	22.82128273	2.31150934393655	1.83475632694959
PDCD11	0.345491214	0.014672096	0.004896921	3.46267864	23.780885	2.31007690221842	1.83350784006188
SHCBP1	-0.597069733	0.014673153	0.004899348	-3.462405782	21.5643184	2.30986171157203	1.83347655395709
NOC2L	0.306787895	0.014699106	0.004910092	3.46119965	24.3452167	2.30891037045992	1.83270907825002
PYGB	0.174079744	0.014744034	0.004927184	3.459286359	26.3576255	2.30740121919605	1.83138367629716
RNF20	-0.211107884	0.014784461	0.004942783	-3.457545981	23.74600313	2.30602845568757	1.83019450400853
DEK	0.233831086	0.014832402	0.004960908	3.455530973	25.61285608	2.3044388268769	1.8287885124326
RAB1A	0.168869435	0.014941837	0.004999622	3.451251892	27.67620496	2.30106282956795	1.82559600560501
INPP5K	0.434791678	0.014950377	0.005004593	3.450704903	21.45249455	2.30063123587525	1.82534785570375
SPC25	-0.688288063	0.014958235	0.005009338	-3.450183302	20.31496885	2.30021966374222	1.82511964811475
RALB	0.378134773	0.015029993	0.005035494	3.447317085	23.16429844	2.29795791717589	1.82304122167936
PTBP3	-0.289435042	0.015074117	0.005052408	-3.445471705	22.50571407	2.29650158586929	1.82176811820996
ALMS1	-0.30739361	0.015102061	0.005063909	-3.44422047	23.61509616	2.2955141073258	1.82096377986922
ROMO1	0.278487373	0.015109266	0.005069888	3.443571097	23.26676797	2.29500163465468	1.82075663294042
NACAD	0.58040125	0.015109266	0.005070971	3.443453608	21.41535549	2.29490887309953	1.82075663294042
LBH	-0.401781014	0.015109266	0.005072732	-3.443262492	21.49042434	2.29475808150196	1.82075663294042
RAD23A	0.24131461	0.01524999	0.005122134	3.437930044	23.81079652	2.29054906415354	1.81673044110056
BRF1	-0.669952444	0.015439359	0.005187921	-3.430909764	17.95728575	2.28500664583493	1.81137073434625
NIT1	0.489573543	0.015447107	0.00519597	3.430057154	23.27461894	2.28433336508016	1.81115284514414
CBX5	-0.252375856	0.015447107	0.005196524	-3.429998512	25.02381249	2.28428706259623	1.81115284514414
TWSG1	-0.538488696	0.015447107	0.005197076	-3.429940083	21.22724505	2.28424093217862	1.81115284514414
SDHC	0.637398433	0.015453619	0.005201451	3.429477221	20.5608558	2.28387548840559	1.81096979923719
SLC41A1	1.114183794	0.015488598	0.005215414	3.42800279	18.46676399	2.28271121153675	1.80998789201615
STAM	-0.362322992	0.015503636	0.00522267	-3.427238253	23.65587947	2.28210741465827	1.80956643669728
CAND1	-0.243668599	0.015563344	0.005244983	-3.424893678	27.80326871	2.2802559151002	1.80789708313585
EXOSC1	0.589411938	0.015635147	0.005271392	3.422131908	19.546446	2.27807468685718	1.80589803121102
EXT2	-0.624385658	0.015673675	0.005286597	-3.420548164	20.22021616	2.27682379482413	1.80482916274673
PNPLA6	0.590051501	0.015734487	0.005309333	3.418188703	20.70633478	2.27496003496641	1.80314741205811
TESK2	-0.392660802	0.015781418	0.0053274	-3.416321095	20.2214837	2.27348469362799	1.8018539769246
AHCY	0.147651022	0.015885793	0.00536488	3.412467162	29.11846425	2.27043998775594	1.79899110082877
GNPDA2	0.296843625	0.015932829	0.005383017	3.410612036	22.84138435	2.26897424864529	1.79770710492659
BAZ2A	-0.473001977	0.015983431	0.005402837	-3.408592081	20.93379291	2.26737813463892	1.79632998945084
PSMB9	0.734478982	0.015983431	0.005404632	3.408409457	18.37246419	2.26723387170332	1.79632998945084
PPP2R3B	-0.480115581	0.016167693	0.005469468	-3.401856044	21.43992736	2.2620549142334	1.79135194600882
COMMD1	0.320832803	0.016167693	0.005471509	3.401651036	21.72449277	2.26189288207706	1.79135194600882
VASN	1.489536007	0.016307878	0.005523738	3.405330869	18.22297244	2.25776692890816	1.78760254618511
TSKU	0.619902366	0.016307878	0.005521775	3.396626497	19.89448678	2.25792129386649	1.78760254618511
CDC16	-0.451383028	0.016307878	0.005525867	-3.396219483	20.26125279	2.25759957216312	1.78760254618511
RAB2A	0.18125273	0.016316973	0.005532831	3.395527577	26.7764487	2.25705259508286	1.78736040509976
ZNF318	-0.667068571	0.016316973	0.005534926	-3.395319598	18.63381209	2.25688818110983	1.78736040509976
GAR1	-0.297423282	0.016316973	0.005535869	-3.395226016	23.79738638	2.25681419551125	1.78736040509976
ARAP1	-0.299986066	0.016344097	0.005547381	-3.394084732	22.93533983	2.25591200529202	1.78663906888909
UBXN7	0.266984604	0.016357508	0.005554246	3.393405387	23.58217849	2.25537488906603	1.78628285862825
HNRNPF	0.33006825	0.016364615	0.005558972	3.392938109	25.48721433	2.2550055134549	1.78609420760879
OXSM	-0.586113861	0.016400526	0.005575228	-3.391334147	17.70678052	2.25373736736193	1.78514222297461
HAUS1	-0.407533004	0.016400526	0.005576915	-3.391167953	20.90633222	2.25360597471451	1.78514222297461
SARS2	-0.171808429	0.016400526	0.005578126	-3.391048635	24.67350589	2.25351168001499	1.78514222297461
COL26A1	-1.666221231	0.016413243	0.005584772	-3.431716947	20.14650159	2.25299455238957	1.7848056006742
TRIP6	-0.494203468	0.016458408	0.005602466	-3.388657109	20.95916583	2.25162077041221	1.78361217582199
TMEM167A	-0.30295899	0.016482141	0.005612875	-3.387637607	23.01748953	2.2508146295093	1.78298637491488
RPL35A	-0.2690296	0.016563597	0.005642956	-3.384702127	27.21753456	2.24849333605491	1.78084534462736
SPCS2	-0.191724015	0.016568862	0.005647092	-3.384299732	24.32055747	2.24817513686612	1.78070731922656
COL4A1	-0.963393323	0.01661352	0.005664661	-3.382593838	19.78425446	2.24682607525065	1.77953834138268
SEC24D	-0.424601356	0.016627534	0.00567179	-3.381903181	21.40773023	2.24627985743175	1.77917215544706
ZC3H14	-0.253484315	0.016629156	0.005674694	-3.381622095	22.73959019	2.24605755223078	1.77912979250293
PTPRS	-0.518962112	0.016632388	0.005678148	-3.381287942	19.38589424	2.24579329184791	1.77904539234581
NAT14	0.444949682	0.016650455	0.005686669	3.380464468	20.64513701	2.24514204968999	1.77857389421236
TPGS1	-0.444569336	0.016658017	0.005691607	-3.379987916	18.55207241	2.24476509516959	1.7783766990406
FUT8	-0.35355849	0.016698094	0.005707661	-3.378441317	21.52681363	2.24354182921567	1.77733309846459
FRYL	0.356999269	0.016812318	0.005749081	3.37447132	23.08375269	2.24040157244548	1.77437240403782
UQCC1	-0.675285197	0.01685594	0.005766777	-3.372784063	19.63223968	2.23906684233663	1.77324702330143
CDK1	-0.16893695	0.01685594	0.005768763	-3.37259501	26.71163127	2.23891730293933	1.77324702330143
POLR2D	-0.804643489	0.016870324	0.005776071	-3.37190003	20.44052096	2.23836747701759	1.77287657656553
RALGAPB	-0.574396226	0.016905986	0.005790671	-3.370514216	22.05517249	2.23727110903372	1.77195949500341
CD58	-1.004546997	0.01693467	0.005802889	-3.378085148	21.12461097	2.23635573671594	1.77122326188179
FBXO22	0.521502929	0.016936507	0.005805913	3.369071168	18.77511345	2.23612947623824	1.77117615404352
METTL13	-0.190096985	0.016977718	0.00582244	-3.367510876	24.65100249	2.23489497815664	1.7701206843282
MATN3	0.890816962	0.016986522	0.005827861	3.367000101	16.74246418	2.23449081511291	1.76989553406991
RPL7L1	-0.43239298	0.017008264	0.005837725	-3.366071904	22.64566276	2.23375636734655	1.76934001170757
WDR46	-1.734935357	0.017013865	0.005842052	-3.409358513	20.12255751	2.23343458169788	1.76919701751605
ELMO2	-0.415498938	0.017054604	0.005858452	-3.364126633	21.59712618	2.2322171240281	1.76815836025608
ALG6	-0.466140571	0.017141271	0.005890646	-3.361118989	20.46555914	2.22983707552679	1.76595697892266
DCP2	-1.906988399	0.017145549	0.005896753	-3.400989243	18.91758484	2.22938706333355	1.76584860422922
FRK	1.099690682	0.017145549	0.005896964	3.360530744	18.17729265	2.22937152351083	1.76584860422922
ANXA1	0.232927678	0.017174555	0.005909368	3.359377643	29.43834589	2.22845896392236	1.76511450687675
PSMC2	-0.165125288	0.017266742	0.005943864	-3.356183647	26.93324255	2.22593113611243	1.76278960018024
TMEM258	0.463084387	0.017266742	0.005945969	3.355989416	21.87380257	2.2257773593699	1.76278960018024
CHID1	0.353318346	0.017329432	0.005970007	3.353775725	22.95601156	2.22402515964792	1.76121567175281
GFPT2	0.609725998	0.017414064	0.006001624	3.350877763	19.72283901	2.22173121648202	1.75909986375869
PPP1R14C	-0.357588487	0.01748021	0.006026892	-3.34857292	21.45803926	2.21990659088223	1.75745335423632
PTPN1	0.250681123	0.017504726	0.006039024	3.347469715	25.2620635	2.21903324443592	1.75684468282065
DNAJC11	-0.312808144	0.017504726	0.006040293	-3.347354451	25.43880175	2.21894199429329	1.75684468282065
RPL12	-0.204539086	0.017546208	0.006057088	-3.34583138	27.50860856	2.21773611667238	1.75581672664069
ARFGAP3	0.43312045	0.017560338	0.00606693	3.34588598	23.99694987	2.21703101589972	1.75546712908355
CDH1	0.361041099	0.017560338	0.006066457	3.344983543	22.69554994	2.21706487640215	1.75546712908355
ATP2C1	0.394045901	0.017673537	0.006108538	3.341191964	22.56911072	2.21406272011893	1.75267652656213
ZCCHC3	-1.329276494	0.017681478	0.006113782	-3.349269727	18.95315857	2.21369005103436	1.75248143500079
FOXN2	0.479701934	0.017725347	0.006132813	3.339016822	20.19379612	2.21234027749517	1.75140525410201
SCPEP1	-0.330617259	0.017725347	0.006133962	-3.338914034	23.70686327	2.21225891880698	1.75140525410201
SFT2D3	-0.972694679	0.017743188	0.006142644	-3.340661499	20.47409682	2.21164465370464	1.75096834581104
SMPD2	1.261352525	0.017788206	0.006160744	3.340407523	18.6158011	2.21036683725387	1.74986784975688
POLR2I	-0.759642965	0.01782193	0.006174944	-3.337780212	21.58045447	2.20936697662721	1.74904526646282
ACBD7	-0.760561647	0.017860943	0.006190986	-3.333839581	20.68833712	2.20824017807878	1.7480956154987
TOP2A	-0.589799274	0.017891419	0.006204078	-3.356247215	24.87224772	2.20732275071068	1.7473552134052
NBDY	0.440269104	0.017908066	0.006212383	3.331947734	21.09584749	2.20674177740273	1.74695131369763
DERL2	0.572690554	0.017940165	0.006226054	3.33074244	19.88530223	2.20578711690112	1.74617356696305
PCDHGC3	1.115720702	0.017980011	0.006244966	3.337555496	20.63188097	2.20446992174983	1.74521004690547
SYNJ2BP	0.257804891	0.017980011	0.006243779	3.329183675	24.60712622	2.20455247729109	1.74521004690547
DDX21	-0.326206752	0.01801461	0.006262047	-3.33008576	26.68394291	2.20328367709533	1.74437513552206
PPP2R1A	0.206615986	0.01801461	0.006262076	3.327579401	27.22506184	2.20328166585032	1.74437513552206
DNAJC10	-0.566547965	0.018052979	0.006277965	-3.332046266	23.36311421	2.20218110984484	1.74345112303749
PTP4A1	-0.419155213	0.018095122	0.006295179	-3.324688974	19.28010864	2.20099191645254	1.74243848446801
SH3GL1	0.240243385	0.018154987	0.006318572	3.322655636	24.09891317	2.19938106136864	1.74100405773045
APBB1	0.398259085	0.018210059	0.006340313	3.320772743	21.18585414	2.19788930192624	1.73968864710278
GIT2	-0.440403936	0.018219197	0.00634607	-3.320275248	20.99749436	2.19749514174615	1.73947076820572
SUCLG1	0.312812849	0.018246282	0.006358084	3.319238566	24.4083016	2.19667373868996	1.73882561731079
CNOT2	-0.584662475	0.018303019	0.006380442	-3.317314554	20.91572218	2.19514923483495	1.73747726945525
MGMT	0.378401166	0.018390123	0.006414735	3.314376671	22.68931691	2.19282128011756	1.73541536602877
ETFA	0.231622615	0.018390123	0.006416005	3.314268157	24.29106613	2.19273530627758	1.73541536602877
POMK	-0.358354013	0.018432706	0.006433468	-3.312778593	21.88718325	2.19155485487591	1.73441090381503
DHTKD1	0.439523599	0.018441282	0.006439068	3.312301754	21.12747051	2.19117698850178	1.73420889097367
RBBP5	-0.547516074	0.018507922	0.006464953	-3.310103236	22.56039497	2.189434628079	1.73264233946396
RASA1	0.605825774	0.018661373	0.006521192	3.305357136	22.16074961	2.18567301290203	1.72905640644228
RPS25	-0.217761341	0.018673084	0.006527924	-3.304791778	28.16430316	2.18522491040811	1.72878394913324
ZNF644	-0.949481893	0.018677009	0.006531937	-3.304455111	19.59633186	2.18495801265005	1.72869267193895
HTT	0.23011207	0.018763991	0.00656501	3.301688032	23.48325456	2.18276460804495	1.72667478403075
PCNA	0.173245092	0.018825776	0.006589288	3.29966575	26.80466331	2.18116151019759	1.72524711310484
CPSF4	0.891936833	0.018863635	0.006605206	3.300794455	20.73653119	2.18011363327002	1.7243746155049
MIER1	-0.439455035	0.018887995	0.006616406	-3.297415864	21.26455667	2.17937785319104	1.72381414089506
SNCA	-0.527087693	0.0189823	0.006652124	-3.294466667	21.71562321	2.1770396638401	1.72165116720951
NDUFAF8	-0.566523197	0.019021826	0.006670614	-3.292946198	19.69177267	2.17583418939091	1.72074779530293
RFXAP	-0.615216796	0.019021826	0.006671353	-3.29288556	17.59999713	2.17578607900023	1.72074779530293
TLR7	0.297790673	0.019027555	0.006676052	3.292499896	21.77826694	2.17548028924487	1.7206170140371
NXT1	-0.506250374	0.019030136	0.006679648	-3.292204952	21.01273278	2.17524642310612	1.72055810799052
SERF2	-0.457724249	0.019097431	0.006705968	-3.290051001	22.52864374	2.17353852329858	1.71902505042574
DSP	-0.164996815	0.019099941	0.00670955	-3.28975856	28.91828238	2.17330660636907	1.71896797429227
CHRAC1	0.515172692	0.019162101	0.006734094	3.287758701	21.56598775	2.17172082566751	1.71755687507572
RPA2	0.215694806	0.019172544	0.006740475	3.287240059	23.88028714	2.17130949773617	1.71732025687374
NACA2	-1.435202594	0.019221476	0.006760395	-3.293832582	17.23710592	2.17002792812513	1.71621326630103
PLK1	-0.567379627	0.019225426	0.006764502	-3.285291386	21.17920199	2.16976417047995	1.71612402825477
FLOT2	0.23493981	0.019239663	0.006772231	3.28466603	25.61846244	2.16926823657694	1.71580253929
EEF1D	-0.193114538	0.019292737	0.00679364	-3.2829376	28.56096487	2.16789747044154	1.71460615599132
ACBD6	-0.554848714	0.019456754	0.006854146	-3.278082333	21.00184385	2.16404664891125	1.71092961203656
SEC23A	0.272005372	0.019510466	0.006875826	3.276353284	25.0148081	2.16267512212402	1.70973235752441
NFIX	-0.763580859	0.019525992	0.006884058	-3.275698187	18.18592567	2.16215547928378	1.7093868929599
RBL2	0.596932236	0.019704594	0.006949811	3.270493863	16.72167195	2.15802700588085	1.70543250905396
KIFAP3	-0.638397809	0.019705106	0.006952777	-3.270260271	20.87185817	2.15784169974175	1.70542122458466
BBX	-0.391927397	0.01976155	0.006977732	-3.268298995	20.94842304	2.15628571490457	1.70417899446263
FNTA	-0.454418069	0.01976155	0.00697828	-3.268255993	23.32592765	2.1562516086891	1.70417899446263
UBE4A	0.338375196	0.019796157	0.006993299	3.267079145	23.05746546	2.155317903009	1.70341911053055
EXOC4	-0.194753911	0.019807588	0.007000137	-3.266544137	24.11064284	2.15489346030549	1.70316840593882
BRD4	-0.367240029	0.019821023	0.007007687	-3.265954083	23.2325192	2.1544253042727	1.70287393452331
SMG8	-0.395328488	0.019872221	0.007028597	-3.26432327	22.2832833	2.15313135719464	1.70175359166521
LRRC41	1.355812461	0.019959161	0.007062169	3.269778701	18.55621967	2.15106189384043	1.69985771859617
THG1L	-1.007688273	0.01997057	0.007070595	-3.269122134	20.98823047	2.15054403820538	1.69960953931949
GTF2IRD2B	0.693268128	0.01997057	0.007071852	3.260965284	17.99487012	2.15046683683207	1.69960953931949
RPL15	-0.193255926	0.020108356	0.007123486	-3.256983875	27.74313329	2.14730742489339	1.69662343459042
LTN1	-0.316996715	0.020157039	0.007143582	-3.257566165	26.61159685	2.14608396571029	1.69557326391336
CBWD1	0.575988586	0.020176825	0.007155534	3.254527362	18.98067339	2.14535795035989	1.69514717276037
TTF2	-0.732781504	0.020176825	0.007156298	-3.254468963	19.61041934	2.14531158299274	1.69514717276037
ETNK1	-1.453931071	0.020179329	0.007161051	-3.308019228	21.46975204	2.14502323327823	1.69509327895353
PI4KB	-0.356651621	0.020179329	0.007162891	-3.253965017	21.85082463	2.14491165758893	1.69509327895353
EIF3I	-0.1417511	0.020234148	0.00718521	-3.252262614	26.38305374	2.14356053434835	1.69391507774084
RAP2C	1.368586462	0.020234645	0.007189035	3.259976213	17.16483974	2.14332940200957	1.69390441054069
EIF4G1	-0.158825919	0.020234645	0.007191108	-3.251813657	28.46043865	2.14320418872522	1.69390441054069
GGT7	-0.323493426	0.020237711	0.007198188	-3.251275216	23.36339831	2.14277681476891	1.69383861022582
PPP1R12A	-0.313124622	0.020237711	0.007199991	-3.25113817	25.28660903	2.14266804643717	1.69383861022582
CREB1	0.278238342	0.020237711	0.00720078	3.251078179	22.84795968	2.14262045754814	1.69383861022582
TMSB10	0.602626044	0.020251737	0.007208634	3.298670136	26.11376993	2.14214702411099	1.69353772123139
DEUP1	-0.498042835	0.020273987	0.007219419	-3.249663652	19.16697871	2.14149775191055	1.69306083631784
C11orf98	0.28490076	0.0203002	0.007232065	3.248706096	22.04148885	2.14073767918445	1.6924996833445
CYREN	-0.477041966	0.0203002	0.007234493	-3.248522408	17.79896126	2.14059189923984	1.6924996833445
LPCAT3	-0.436768289	0.02038952	0.007269875	-3.245853075	17.73902106	2.13847305644178	1.69059299804751
TNFRSF10B	0.325805185	0.02038952	0.007272089	3.245686447	21.46253632	2.13834081460837	1.69059299804751
MAOA	-0.553655965	0.020558857	0.007335391	-3.240944793	19.2578809	2.13457673190704	1.68700103424834
CEMIP2	-0.21626138	0.020580541	0.007347453	-3.240045944	24.88188559	2.13386318333033	1.68654321313886
SMARCA1	0.285075687	0.020580541	0.00735167	3.239732082	24.55495082	2.13361399569098	1.68654321313886
FHIT	0.717254947	0.020580541	0.007351856	3.239718271	18.14950713	2.13360300801719	1.68654321313886
FLNA	-0.155835221	0.020630929	0.007372772	-3.238164169	31.9213698	2.1323691962709	1.68548121553195
HIPK4	-0.236815001	0.020634859	0.007377093	-3.237843632	24.14758149	2.13211474153386	1.68539849435289
CAPS	-0.300654778	0.020637772	0.007381052	-3.237550169	24.09734042	2.13188173502863	1.68533718981295
LRP1	-0.551737788	0.02066725	0.007396901	-3.23637685	22.14021221	2.13095019384932	1.68471730708242
UBR3	-0.553220373	0.02066725	0.007397438	-3.236337149	17.75456957	2.13091866609578	1.68471730708242
POGLUT2	-0.913622061	0.020832182	0.007459417	-3.231773445	19.18939092	2.12729511402559	1.68126523888905
MKRN2	-0.687929662	0.020856322	0.007471009	-3.230924131	19.59857289	2.12662074041485	1.68076227673119
DOCK6	0.980480468	0.020913044	0.007497004	3.236891882	21.41186213	2.12511225743754	1.67958274880897
LPIN2	1.423152781	0.020913044	0.007497241	3.236874534	19.00989475	2.12509852846456	1.67958274880897
RFK	0.261009726	0.020921468	0.007503218	3.228571324	22.99612683	2.12475243528758	1.67940784552505
ZBTB21	-0.681765456	0.020951951	0.007517112	-3.227559534	17.155982	2.12394897900499	1.67877553025935
KLF16	-0.509496253	0.020962858	0.007523989	-3.227059467	18.43074446	2.12355184805558	1.67854950751779
RANBP10	-0.465575219	0.020962933	0.007526979	-3.226842154	21.11573413	2.12337929562998	1.67854795372069
TEFM	-0.648421326	0.021020253	0.007550532	-3.225133572	20.43532905	2.12202244750662	1.67736206110308
ZNF503	1.087976424	0.021053668	0.007565511	3.22632093	19.1166429	2.12116173294346	1.67667222983378
LSS	-0.296121498	0.021242039	0.007636204	-3.218963851	23.55711352	2.11712247801398	1.67280379813921
RIOX2	-0.32561964	0.021242378	0.007639328	-3.218740146	22.41701092	2.11694484282846	1.67279686732364
MRPL52	0.519290986	0.021269762	0.007652183	3.217820818	19.5628159	2.11621465247905	1.67223736964899
HNRNPA3	-0.351018489	0.021329255	0.007679617	-3.223653341	27.600256	2.11466043868388	1.67102431356321
DDHD2	0.34306944	0.021329255	0.007678354	3.215954024	20.84168707	2.11473186920448	1.67102431356321
MOCS1	0.243522228	0.021360466	0.007693874	3.214849963	22.80006424	2.11385493026637	1.67038927697021
NBL1	0.590846121	0.021422815	0.00771936	3.213041872	18.51216848	2.11241870484435	1.66912346260589
GNB1L	0.79185494	0.021453511	0.007733454	3.21981127	22.28688756	2.11162649339015	1.66850162267986
CDK5RAP3	0.251042274	0.021454357	0.007736792	3.211808675	23.86793651	2.11143907878755	1.66848449700344
TUBB3	0.362118357	0.02148468	0.007750764	3.210822236	23.576608	2.1106554865736	1.66787111045898
MRPL19	-0.262398283	0.021500218	0.007759409	-3.210212793	26.07881394	2.11017135577959	1.66755713656267
CDKAL1	1.290581177	0.021500306	0.00776248	3.228835709	20.62679447	2.10999950577199	1.66755535900692
GMEB2	-0.329496784	0.021591588	0.007800878	-3.207298876	22.07868652	2.10785651409211	1.66571541536492
VARS1	-0.15384257	0.021591588	0.007801541	-3.207252427	27.18914282	2.10781960478444	1.66571541536492
DAP3	-0.697790147	0.021597845	0.007809908	-3.232044107	23.78495752	2.10735408204174	1.6655895799277
ARMC1	-0.437782446	0.021597845	0.007808484	-3.209053834	24.0896538	2.10743327525752	1.6655895799277
RPS5	-0.190092299	0.021618928	0.007820588	-3.205919419	27.85769335	2.10676059277709	1.66516584485205
HNRNPR	-0.306667399	0.021635095	0.007829494	-3.2052972	24.84435138	2.10626630436718	1.66484119346802
PIK3R3	-0.395780058	0.021644178	0.007835841	-3.204854267	19.90214495	2.10591438502074	1.66465890312146
RAB27A	-0.654007843	0.021741767	0.007874245	-3.202181741	21.07622432	2.10379107665618	1.66270516277205
KCTD9	0.847327833	0.021774191	0.007889066	3.201153866	17.34276812	2.10297441061274	1.66205797183179
FHOD1	0.49177005	0.02190607	0.007939944	3.197640156	19.95596627	2.10018256061783	1.65943552889318
CARMIL2	0.522769298	0.021974003	0.007968247	3.195695352	20.27201421	2.09863721210012	1.65809082052819
FBXL6	-0.4849709	0.021974003	0.007970779	-3.195521659	19.26143315	2.0984992320708	1.65809082052819
LRRC8D	-0.46220783	0.02214294	0.00804162	-3.190685909	19.81964177	2.09465645296928	1.65476471674507
RFX6	0.590632477	0.02214294	0.008043989	3.190524926	19.40717362	2.09452853196423	1.65476471674507
ILF3	-0.264017257	0.02214294	0.008044229	-3.190508592	27.09730301	2.09451557457197	1.65476471674507
MRPS27	-0.324777257	0.02214294	0.008044579	-3.190484799	23.96561448	2.09449667906788	1.65476471674507
THAP12	-0.501740793	0.02220275	0.008069447	-3.188798077	21.30650575	2.09315622650192	1.65359323114128
SNTB1	0.56213455	0.022204139	0.008073091	3.188551383	21.98142994	2.09296015211523	1.65356606260733
NUP153	-0.304523934	0.022216128	0.00808059	-3.188043971	24.04807703	2.09255692828609	1.65333163102817
ZDHHC5	1.159972038	0.022221458	0.008087895	3.189961294	18.87599255	2.09216449554967	1.6532274494194
NDUFA9	-0.265164308	0.022221458	0.008088812	-3.187488273	24.07138839	2.09211525832972	1.6532274494194
PTOV1	-2.078138897	0.022232955	0.00809614	-3.233142631	17.38186739	2.09172199053617	1.65300281103446
CELSR2	-0.346619234	0.022244568	0.008103513	-3.186495981	22.56748993	2.0913266668294	1.65277602403767
CENPX	-0.509827143	0.0223942	0.008165391	-3.182339306	20.49901311	2.08802301422472	1.64986444747655
ZNF638	-0.197692426	0.0223942	0.008166493	-3.182265576	24.42295094	2.08796440585843	1.64986444747655
TNPO1	-0.132324552	0.0223942	0.00816752	-3.182196842	26.18356297	2.08790979338402	1.64986444747655
H2AZ2	-0.508372088	0.022546735	0.008226339	-3.178276058	22.70055819	2.08479339757474	1.6469163395575
YAP1	0.231570022	0.022564561	0.008236033	3.177632605	24.22421844	2.08428192192662	1.64657311138523
DENND2A	-1.214258425	0.022624682	0.008261698	-3.178322359	17.19052651	2.0829306843692	1.64541751628257
KIF14	-0.70753665	0.022624682	0.008264374	-3.175755778	19.96857762	2.08279003727003	1.64541751628257
LIMS1	0.210582891	0.022667737	0.008283305	3.17450568	23.17172973	2.08179634716718	1.6445918348567
TMEM43	0.201344024	0.022677925	0.008290234	3.174048884	24.72170422	2.08143321088826	1.64439668532923
PCLAF	-1.070525188	0.022693	0.008302161	-3.180802669	20.5989381	2.08080884880216	1.64410808686862
AP2A1	-0.141480518	0.022693	0.008302058	-3.173270187	27.23257812	2.0808142368703	1.64410808686862
GTF3C5	-0.25946753	0.022748648	0.008325735	-3.17171436	22.90124986	2.07957741639775	1.64304440927445
SEPTIN10	-0.636655258	0.022774465	0.008340104	-3.170772344	19.0197086	2.07882853373342	1.64255181634297
MELK	-0.761244221	0.022774465	0.008341623	-3.170672864	20.7026136	2.07874944200391	1.64255181634297
CAT	0.160559453	0.02277622	0.008345696	3.170406138	26.59800421	2.07853743893021	1.64251835090481
FBXO7	0.356890513	0.02277622	0.008348705	3.170209226	20.67207579	2.07838088439313	1.64251835090481
COPS6	0.180060148	0.022810771	0.008364594	3.169170501	24.62600636	2.07755513394113	1.64186003539908
ARAF	-2.691209147	0.022977663	0.008429041	-3.229327207	20.86735285	2.07422183369078	1.63869414439518
RHPN2	0.343830078	0.022978007	0.008435001	3.16459171	23.66513578	2.07391486158767	1.63868764259456
CD320	-0.473521334	0.022978007	0.008435664	-3.164548799	19.83252408	2.07388072692354	1.63868764259456
NDUFAF1	0.368286393	0.023025227	0.008456254	3.163217127	20.66334254	2.07282198062711	1.63779607950847
UBE2D2	-0.222278878	0.023039545	0.008464769	-3.162667351	25.22707619	2.07238488910781	1.63752610189555
POLR1D	-0.530091296	0.02309106	0.00848696	-3.161237288	18.73260591	2.07124784469741	1.63655613024504
KCNAB2	0.588606601	0.023093158	0.008490996	3.160977614	20.00914434	2.07104136370972	1.63651667305109
H4C1	-0.763227319	0.023110363	0.008500589	-3.224478928	27.21658518	2.07055098127541	1.6361932329
PAPSS2	-0.703261776	0.02313667	0.008516018	-3.159370364	19.49439686	2.06976342928017	1.63569914774787
NRP2	0.676083638	0.02313667	0.008516806	3.1593198	19.0421345	2.06972324521533	1.63569914774787
PIAS1	-1.110816359	0.023213688	0.008548439	-3.164741599	20.0305826	2.06811318300048	1.63425585692401
CCP110	-0.708014799	0.023221563	0.008556881	-3.156755831	17.38096096	2.06768450767446	1.63410855206384
UBE2V2	0.278365365	0.023221563	0.008557904	3.156690516	22.743845	2.06763258960999	1.63410855206384
RSL24D1	-0.788972129	0.02325508	0.008573544	-3.155693299	20.46461314	2.06683961897679	1.63348216212973
KHNYN	-0.974903341	0.023311701	0.008597714	-3.154155766	18.35596505	2.06561700563535	1.6324260358762
PTGFRN	-0.218913707	0.023328477	0.008607199	-3.153553574	24.75790095	2.06513815595117	1.63211361320308
ERVK-19	-0.286132329	0.023360726	0.0086224	-3.152589912	24.99455599	2.06437183374805	1.63151366443231
ERI3	-0.806195643	0.023373294	0.008630343	-3.170104101	22.69910664	2.06397194356091	1.63128007814206
BCR	-0.338082598	0.023410655	0.008649931	-3.150848901	22.65783167	2.06298735686337	1.63058643513267
IL4I1	-0.679091683	0.023410655	0.008650757	-3.15079677	17.17821048	2.06294588715507	1.63058643513267
CXCL1	-2.016224986	0.023439946	0.008664894	-3.201144732	19.7206533	2.06223674575983	1.63004339316286
DTYMK	0.17413902	0.023459962	0.008675609	3.149230082	25.05593817	2.06170002938363	1.62967269568186
UBAP1	0.294761638	0.023503374	0.008694986	3.148011748	22.74817258	2.06073111292839	1.6288697886048
CCDC86	-1.742870903	0.023528011	0.008707426	-3.19607419	20.21013652	2.06011020770271	1.62841478545618
ARSA	1.267342275	0.023557942	0.008721834	3.151382078	17.20855208	2.05939218337803	1.62786265179166
ARL6	-0.364575357	0.023607144	0.008743974	-3.144943669	21.24977478	2.05829114242081	1.62695655083173
TAF9	-0.368327575	0.023607144	0.008746724	-3.14477199	20.12751674	2.058154577278	1.62695655083173
EIF3M	-0.25804595	0.023640756	0.00876252	-3.143786733	25.63381823	2.0573709777694	1.6263386394076
SLC35B2	-0.454524468	0.023655006	0.008771145	-3.143249461	22.19315896	2.05694370940211	1.6260769374583
MCTS1	-0.208325195	0.023720487	0.008798778	-3.141531859	25.31806842	2.0555776397485	1.62487639881361
USP11	-0.594418165	0.023750393	0.008813229	-3.140635794	21.17457402	2.05486494516844	1.62432919966778
FHIP2A	0.2787333	0.023824262	0.008846779	3.138561107	21.78852347	2.05321482163544	1.62298054354553
SLC37A3	-0.47988922	0.023824262	0.008847376	-3.138524303	19.35261421	2.05318551548255	1.62298054354553
PROSER1	-0.703573445	0.023850334	0.008865832	-3.137386438	19.04639017	2.05228050247095	1.62250553472277
ESS2	-0.898288685	0.023850334	0.008867056	-3.137311078	19.15760613	2.05222054873452	1.62250553472277
PSMF1	0.360483171	0.023850334	0.008868114	3.137245907	22.58050839	2.05216873264678	1.62250553472277
SDCBP2	-0.378434867	0.023850334	0.008870544	-3.137096334	23.81811267	2.05204974556245	1.62250553472277
ECI1	0.193830747	0.023949268	0.008912777	3.134502963	25.2935452	2.0499869595017	1.62070775608737
PRUNE1	-0.273262202	0.023949268	0.008914982	-3.13436791	22.79664857	2.04987952936003	1.62070775608737
PAK1IP1	-0.560757789	0.023949268	0.008917497	-3.134213932	21.65278777	2.04975702809375	1.62070775608737
TM7SF2	0.39999561	0.023961717	0.00892552	3.133722943	20.99859375	2.04936647252087	1.6204820653767
GALNT1	-0.683348947	0.024001696	0.008943804	-3.132605607	19.0989665	2.0484777267487	1.61975806922934
MRPL34	0.316582878	0.024004709	0.008951378	3.132143457	21.87153098	2.04811010303833	1.6197035544505
KDM3A	0.92033656	0.024004709	0.008951714	3.132122986	17.75976957	2.04809380161442	1.6197035544505
PSMC6	0.181680116	0.024017241	0.008959782	3.131631105	26.94045505	2.04770255700627	1.6194768839979
RPS15A	-0.18544048	0.024032233	0.008968772	-3.131083576	27.74048368	2.0472670162795	1.61920587403496
ZC3H8	-0.510342739	0.024032945	0.008972435	-3.130860626	20.7711291	2.04708967919072	1.61919300743656
ASAP1	0.478984477	0.0240516	0.0089828	3.130230317	20.63176497	2.04658826967924	1.61885602747901
RBM4	-0.21931353	0.024071676	0.008996654	-3.129388963	25.40944646	2.04591898161931	1.6184936707465
TRIP12	-0.199681039	0.024071676	0.008997104	-3.129361661	23.77294586	2.04589725936242	1.6184936707465
LTBR	0.747155933	0.024138552	0.009027108	3.12754404	17.18979617	2.04445136162539	1.61728878549265
ETHE1	0.438923145	0.024138552	0.009028924	3.127434222	23.15537108	2.04436400258861	1.61728878549265
MAP7D1	0.361463164	0.024173859	0.009045548	3.126429988	22.69858948	2.04356511745349	1.61665401535036
CTPS2	0.332800407	0.0241966	0.009057478	3.125710475	22.27414849	2.042992712164	1.61624565488636
SMARCB1	-0.339377459	0.024197203	0.009061124	-3.125490748	23.02626195	2.04281792630553	1.61623483203069
ZNF546	-0.508359987	0.024289005	0.009098935	-3.123217465	20.26631723	2.04100943742513	1.6145902757202
CCDC168	0.36587091	0.024318723	0.009121791	3.123990196	25.1210022	2.03991988260884	1.61405923402982
TOM1L1	0.538376879	0.024318723	0.009120096	3.121949346	21.81377324	2.04000059017478	1.61405923402982
DDX19A	0.225835892	0.024318723	0.009123985	3.121716592	24.84012234	2.03981543738296	1.61405923402982
MRPL41	0.302679938	0.024318723	0.009126643	3.121557607	22.24046053	2.0396889371068	1.61405923402982
UBXN8	-0.66527776	0.024318723	0.009130541	-3.121324497	17.04031832	2.03950348902059	1.61405923402982
CBX1	-0.200538838	0.024318723	0.009130694	-3.121315368	25.13155812	2.03949621163155	1.61405923402982
POLR2E	0.220549319	0.024380343	0.009157276	3.119728447	23.12809226	2.03823369599443	1.6129601887111
CDK2AP1	-0.325008689	0.024566962	0.009230843	-3.115360665	21.28600164	2.03475863553635	1.60964854592984
PSMD13	0.187355971	0.024568765	0.009234994	3.115115279	26.60993398	2.03456338238592	1.60961667368538
DNAH8	-0.314648488	0.024575013	0.009240816	-3.114771235	21.81028567	2.03428967719439	1.6095062437572
DHX33	-0.69869118	0.024599839	0.009253629	-3.114014942	19.50639845	2.03368791638601	1.60906773523973
TBC1D1	0.438925855	0.024662838	0.009280814	3.112413793	22.62426598	2.03241393108666	1.60795694976696
COL1A1	-0.624031865	0.024670294	0.009287107	-3.11204381	20.31935644	2.03211955076489	1.6078256749198
FAM234A	-0.549641394	0.024735243	0.009315053	-3.110403801	18.2554794	2.03081466974873	1.60668381875277
PPIH	-0.191479629	0.024775752	0.009333811	-3.109305808	24.66146499	2.02994099737502	1.60597315482477
PFKFB2	-0.271629709	0.024796187	0.009345015	-3.108651063	23.85464354	2.02941999718381	1.60561509708406
PAFAH1B2	-0.1516264	0.024804864	0.009351791	-3.108255409	25.19654153	2.0291052076376	1.60546314976916
AHDC1	-0.572188155	0.024862862	0.009377172	-3.106776133	18.11870893	2.02792811790839	1.60444888055095
PNMA1	-0.457381949	0.024874588	0.009385111	-3.106314263	19.90565067	2.02756058650535	1.60424410378056
PTPN23	-0.185868609	0.024946886	0.009415916	-3.104525799	25.31955138	2.0261374245167	1.60298365755239
RAB25	-0.22222254	0.025018257	0.00944639	-3.102762266	23.9874571	2.02473412827536	1.60174295050392
MINPP1	0.35550934	0.025025316	0.009452593	3.102404026	21.33490782	2.02444904110765	1.60162042988501
TMEM115	-0.747057441	0.025177299	0.00951356	-3.098895418	19.31488861	2.02165693847328	1.59899086248527
WNT1	0.426199067	0.025189546	0.009525309	3.100324636	23.92234371	2.02112092695752	1.59877965987273
PACC1	0.460100931	0.025189546	0.009523878	3.098303826	17.71094861	2.02118617650384	1.59877965987273
MPP7	-2.733412757	0.025311451	0.009579292	-3.156038206	18.1130074	2.01866658819241	1.5966829578354
NFKBIE	2.572515255	0.025311451	0.009582141	3.155868025	17.08524487	2.01853744284216	1.5966829578354
RSRC1	-0.634383066	0.025311451	0.009578663	-3.095173641	20.36365888	2.01869510597828	1.5966829578354
UBE2E1	0.578521763	0.025328425	0.009592385	3.094392392	19.18563211	2.01807339871446	1.5963918151473
HADHB	0.125101151	0.025328425	0.009595728	3.094202286	26.97752897	2.01792207101822	1.5963918151473
ARMCX3	-0.300074382	0.025344708	0.009606962	-3.093563781	21.3808364	2.01741392713148	1.5961127079805
CHORDC1	0.195378918	0.025344708	0.009609062	3.093444476	25.95985274	2.01731900443408	1.5961127079805
LLPH	0.290340389	0.025413277	0.009638653	3.091766617	22.70218656	2.01598365443137	1.59493932978416
RUFY3	-0.531493764	0.025413277	0.009645701	-3.091367731	18.68771052	2.01566620458112	1.59493932978416
ZNF346	-0.497275182	0.025413277	0.009645837	-3.091360063	19.08662434	2.01566008126948	1.59493932978416
TCEAL3	0.597423601	0.025413719	0.009649597	3.091147368	21.53590189	2.01549082389257	1.59493177639025
WTAP	-0.324488223	0.025460433	0.009670933	-3.089942129	22.9111842	2.01453162548211	1.59413421466855
HS3ST3A1	-0.605655866	0.025595011	0.00972567	-3.086862381	21.12123821	2.01208047048761	1.59184467946641
GLTP	-0.614944439	0.025610212	0.009735066	-3.086335461	21.44606481	2.01166109978456	1.59158682644961
CNPY3	0.201950269	0.025799523	0.009810675	3.082113982	23.56514018	2.00830111100024	1.58838832350898
AGPAT3	0.460363596	0.025815918	0.009820559	3.08156455	21.47417436	2.00786379085808	1.58811242706666
ENPP5	0.641023866	0.025833798	0.009831013	3.080984045	16.96413057	2.00740172961004	1.58781174058673
EIF2S2	0.14271172	0.025849931	0.009840806	3.080440766	26.22257028	2.00696932971732	1.58754061181024
TXN2	-0.329274914	0.025913146	0.009868535	-3.078905532	22.86364461	2.00574731426442	1.58647985804856
H2BC18	-0.632637844	0.025921056	0.009879215	-3.138401131	28.04163789	2.00527756297439	1.58634730968296
STX8	0.261520471	0.025921056	0.009876392	3.078471318	22.61200527	2.00540168098612	1.58634730968296
FBXO28	-0.51637921	0.025921056	0.00988254	-3.078131753	18.9468189	2.00513141915609	1.58634730968296
LRRC47	-0.169639574	0.025956134	0.009902184	-3.077048289	26.36540381	2.00426900797401	1.58575999243783
MRPS22	-0.236149074	0.025956134	0.009903252	-3.076989439	24.33548455	2.00422216967092	1.58575999243783
GUK1	0.426416014	0.026004044	0.009925208	3.075781184	21.97975881	2.00326038307309	1.58495910778634
GCLM	-0.427174253	0.026017787	0.009934131	-3.075290883	22.08893262	2.00287011732227	1.58472964607425
ECHDC1	-0.34328295	0.026358483	0.010067942	-3.067991089	22.04788733	1.99705929502599	1.5790795881481
CTNND1	-0.168515614	0.026364764	0.010074068	-3.067659219	26.45190278	1.99679512197889	1.57897611183324
CDC45	-0.385794937	0.026379522	0.010084238	-3.067108759	20.98153997	1.99635691300879	1.57873307818477
DDX59	-0.630473684	0.026379522	0.010087165	-3.066950412	19.33983803	1.99623087517617	1.57873307818477
NHSL2	-0.940536536	0.026401257	0.010102075	-3.066144634	16.97237575	1.99558941151509	1.5783753952829
NR2C2	-0.591506568	0.026401257	0.010102941	-3.066097878	19.34082839	1.99555218323262	1.5783753952829
C9orf72	-0.501308005	0.02652768	0.010155069	-3.063290265	18.93121709	1.99331712137612	1.57630072993683
SNX1	0.208620232	0.026580364	0.010178994	3.062006503	24.49756119	1.99229514162968	1.57543907598512
SDC2	-0.445130755	0.026690971	0.010227272	-3.059425286	22.48040842	1.99024019359401	1.573635626577
G3BP1	-0.147649219	0.026690971	0.010228898	-3.059338551	27.00013449	1.99017115204527	1.573635626577
PTBP2	-1.098288314	0.026850879	0.010293976	-3.059523184	19.46121506	1.98741684862517	1.57104149251187
CDKN2A	-0.622162122	0.026862068	0.010302063	-3.057482867	22.19941287	1.98707579861495	1.57086055583646
NUDCD3	0.516384611	0.026985741	0.010353308	3.052743824	20.47254319	1.98492086599361	1.56886565216639
LGMN	-0.456358572	0.026993163	0.010359972	-3.052392857	21.36506194	1.98464141836124	1.56874622278098
MAP2K3	0.22416364	0.027149382	0.010423766	3.049044198	23.76564859	1.98197534653275	1.5662400517858
DOCK4	-1.710449304	0.027154018	0.010429385	-3.080006109	18.90423293	1.98174130029649	1.56616589844649
FAM162A	0.311525118	0.027170736	0.010440153	3.048187368	25.52822273	1.98129313671988	1.56589859726818
EIF4A2	0.254754728	0.027170736	0.010443488	3.048013161	26.09299011	1.98115442794688	1.56589859726818
FAM241A	0.571889686	0.027172255	0.010447913	3.047782096	16.91500449	1.98097045243359	1.56587431839409
TRABD	0.504074921	0.02717611	0.010453237	3.047504201	20.25008478	1.98074920299309	1.56581270825253
IMPDH1	0.455993931	0.027178427	0.01045797	3.04725728	20.57350376	1.98055260833283	1.56577568244491
CCS	-0.25727884	0.027189098	0.010465919	-3.046842811	24.26534106	1.98022263076482	1.56560519991969
NDUFA7	-0.880007756	0.027242724	0.010490413	-3.052384716	21.1125357	1.97920741360909	1.56474946948239
VCP	0.133110644	0.027333219	0.010529124	3.043558662	29.36095189	1.97760775965893	1.56330921896179
UBE2L3	0.189230532	0.027351686	0.010540104	3.04299013	26.18638514	1.97715510388597	1.56301589792549
POLR2J	0.611015297	0.027365379	0.010549249	3.042517077	18.14391871	1.97677845664734	1.56279853266787
RNF213	0.377849893	0.027456839	0.010588388	3.040497179	22.39389589	1.97517015282861	1.56134946287046
EIF4ENIF1	-0.533952453	0.027509327	0.010612518	-3.039255579	20.54519765	1.97418156013607	1.56052003424723
SCAF4	-0.697869482	0.027509574	0.010621595	-3.038789277	21.01926476	1.97381026219182	1.56051613483321
DAGLA	0.455510371	0.027509574	0.010622646	3.038735308	17.46253413	1.97376729115785	1.56051613483321
RPS3A	-0.174087158	0.027509574	0.010625391	-3.03859438	29.16495425	1.97365507953478	1.56051613483321
DDX50	-0.336343879	0.027509574	0.010628169	-3.038451806	23.07194356	1.97354154842963	1.56051613483321
P3H2	-0.243272575	0.027538703	0.010643315	-3.03767505	23.95363514	1.97292308426093	1.5600565177177
MIEN1	0.296761725	0.027672159	0.010698806	3.034838783	21.32697807	1.97066468741251	1.55795695559675
PPM1F	0.347441129	0.027682252	0.010706621	3.034440502	21.58903511	1.97034757049381	1.5577985821564
TMEM214	0.243727828	0.027683025	0.010710834	3.034225947	22.9722346	1.97017671147476	1.55778645507413
JPT2	0.224021235	0.027706407	0.010724098	3.03355095	24.64139911	1.96963922595876	1.55741979039415
MBP	-0.54741773	0.027706407	0.010727714	-3.033367063	20.11249456	1.96949281325839	1.55741979039415
ITCH	0.215983154	0.027719215	0.010736591	3.032915912	22.73861527	1.96913359060145	1.55721907297782
AUP1	-0.244953092	0.027726176	0.010743207	-3.032579941	22.88304439	1.96886605620629	1.55711002427784
TAF5	0.428829149	0.027804773	0.010777592	3.03083708	18.86355506	1.96747826122083	1.55588064618139
TXNDC17	0.274582406	0.027824793	0.010789286	3.030245644	25.16078155	1.96700729456826	1.55556805787527
MVB12A	-0.633419451	0.027955071	0.010846609	-3.027355616	19.27562827	1.96470601506612	1.55353940038728
RBFOX2	0.39154676	0.027955071	0.010847706	3.027300494	20.91837277	1.96466209378563	1.55353940038728
PFDN5	0.184886913	0.027973635	0.010861785	3.026593103	25.28775339	1.96409879795637	1.55325109609294
TNFRSF12A	-0.594686903	0.027973635	0.010862818	-3.026541215	18.88425565	1.96405749674592	1.55325109609294
KIF23	-0.44428293	0.028070685	0.010904473	-3.026573817	23.77018446	1.9623953185055	1.55174698928611
PLEKHD1	0.704768939	0.02812141	0.010928153	3.023270787	19.48833001	1.96145323326443	1.55096290769675
CD2BP2	0.244467887	0.028121957	0.010932341	3.023061818	22.98486571	1.96128683031741	1.55095446015549
SACS	-0.617965911	0.0281364	0.010941933	-3.022583521	19.42312338	1.9609059488365	1.55073147051718
ARMC6	0.323092666	0.028249616	0.010989955	3.020195222	22.94232205	1.95900408585601	1.54898745121497
USP8	-0.269147836	0.028275598	0.01100406	-3.019495723	22.45484588	1.95844705027092	1.54858820142094
PCBP3	0.458215514	0.028362762	0.011041991	3.017619063	20.47791482	1.95695261117631	1.54725147930873
TP53BP2	-0.574321099	0.028448095	0.011085187	-3.017457497	22.39479801	1.95525697621813	1.54594681041788
TMEM65	0.602842844	0.028448095	0.011083549	3.015570399	18.00923739	1.95532115437991	1.54594681041788
ENO1	0.150847959	0.028448095	0.011087277	3.015386991	32.62616542	1.95517510209987	1.54594681041788
DMAP1	-0.679848131	0.028459154	0.01109561	-3.014977244	20.60561386	1.95484881669906	1.54577801425148
CDC37L1	0.39024442	0.028477127	0.011106643	3.014435254	23.06434546	1.95441718740331	1.54550382792088
CCNC	-0.679676833	0.028539975	0.01113519	-3.013035369	17.85256629	1.95330236819011	1.54454641164768
TXNDC9	-0.449930342	0.028648715	0.011181666	-3.011610537	23.28240787	1.95149348440102	1.54289485296098
SH3KBP1	-0.735622114	0.028708547	0.011209077	-3.009428699	19.11938193	1.95043014746839	1.54198878750526
NISCH	-0.60275955	0.028771206	0.011237608	-3.008042347	18.4233936	1.94932612141412	1.54104193344621
GIGYF2	-0.188261149	0.028840841	0.01126937	-3.0065032	23.37970299	1.94810036196376	1.53999207972466
RAB23	-0.265104746	0.028840841	0.011272961	-3.006329457	22.44643563	1.94796199548359	1.53999207972466
TOX4	-0.358179647	0.02887677	0.011291086	-3.005453331	21.69999586	1.94726428472474	1.53945138622798
EML4	0.157910307	0.028903123	0.011305477	3.004758764	24.99860258	1.94671110920561	1.53905522892547
GGT5	-0.447382477	0.028935526	0.011322242	-3.003950685	18.96847692	1.94606756680336	1.53856861847337
TRIM33	-1.047178184	0.029000814	0.011351888	-3.059017951	23.66291398	1.94493190236576	1.53758981207529
AIMP1	0.166298527	0.029032655	0.011368456	3.001729345	25.8913962	1.94429851475054	1.53711324666487
KIFC3	-0.780833331	0.02906723	0.011390212	-3.002630784	21.02838135	1.94346819255186	1.53659635292285
WDR4	0.50266435	0.02906723	0.011387217	3.000830142	19.88728626	1.94358240315753	1.53659635292285
THAP11	-0.496696641	0.02916255	0.011431687	-2.998704688	17.88072246	1.94188967505279	1.53517450358763
RPS27L	-0.331667895	0.029173782	0.011444124	-2.998111729	22.76233678	1.94141744514989	1.53500726661836
BRD9	0.506975687	0.029173782	0.011444338	2.998101522	20.0705169	1.94140932411326	1.53500726661836
PRDX4	-0.204407683	0.029228732	0.011470026	-2.996878888	25.41869905	1.94043559764854	1.53419002478447
PREPL	-1.207332685	0.029282776	0.011495373	-3.002221015	19.08801646	1.93947693224911	1.5333877546514
LANCL1	-0.215537111	0.029311199	0.011520982	-2.994461645	24.03662069	1.93851050190194	1.53296641600601
DPP7	0.429082779	0.029311199	0.0115229	2.994370883	22.01721479	1.9384382070674	1.53296641600601
ELF2	-0.669528504	0.029311199	0.011524636	-2.994288752	17.71305724	1.93837278270082	1.53296641600601
PPFIBP1	-0.126414187	0.029311199	0.011526111	-2.99421895	27.4125087	1.93831720234486	1.53296641600601
FBXO3	0.392244693	0.029311199	0.011529203	2.994072696	20.40058214	1.93820071392522	1.53296641600601
LGR4	0.529295836	0.029311199	0.011531392	2.993969153	21.04642104	1.93811826413381	1.53296641600601
GON7	0.435795207	0.029416248	0.011576878	2.9918224	22.62861443	1.93640854338735	1.5314127217108
RBMXL1	-1.042470849	0.029426035	0.01158771	-2.997834884	20.49456156	1.93600238220971	1.53126825280454
SLX9	0.28842555	0.029426035	0.011589049	2.991249403	22.25963825	1.93595220087832	1.53126825280454
BRI3BP	-0.663041365	0.029458375	0.01160595	-2.993424703	21.98176779	1.93531930476674	1.53079121363723
TAF12	-0.415116831	0.029465926	0.01161309	-2.990119345	18.81778573	1.93505220822024	1.53067990615984
ACTR6	-0.819467351	0.029531566	0.011643135	-2.988710387	19.22824242	1.93393006694682	1.52971352265476
COMMD10	-0.303979659	0.02955092	0.011654943	-2.988157644	21.01908983	1.93348984611132	1.52942899381136
CCDC90B	0.514622834	0.02955541	0.011661938	2.987830469	20.37782481	1.93322927180963	1.52936301163221
FKBP10	0.30419459	0.02955541	0.01166507	2.987684042	23.01549143	1.93311265073885	1.52936301163221
SIPA1L2	-0.653518436	0.029670534	0.011714702	-2.985368838	20.62295315	1.93126875456183	1.52767463733107
CNOT1	-0.253996059	0.029863827	0.011795241	-2.981632755	25.72292889	1.92829318119629	1.52485453892568
HNRNPUL2	0.176553611	0.029895269	0.011811885	2.980863822	26.12769814	1.92768078995861	1.52439753441008
C18orf21	-0.396298445	0.029983942	0.011851159	-2.979053746	20.67425747	1.92623917516519	1.52311127087717
SFR1	-0.500485971	0.030094503	0.011899113	-2.976851776	18.6092166	1.92448541117578	1.52151282449868
SMIM11	-0.595471733	0.030258122	0.011968084	-2.97370024	19.57211398	1.92197537130043	1.51915803038908
GRB2	-0.262344468	0.030443211	0.012045596	-2.970180042	24.91934894	1.91917170682316	1.51650954224196
ATG2B	-0.524909405	0.030499526	0.012074518	-2.96887238	20.51591544	1.91813019673532	1.51570691006908
ZNF24	0.486432842	0.030499526	0.012077741	2.968726819	18.53394769	1.9180142878157	1.51570691006908
DDX1	-0.132016472	0.030499526	0.012080813	-2.968588162	27.3751495	1.91790383810455	1.51570691006908
ADA	0.596736097	0.030512709	0.012090348	2.968157944	20.40682332	1.91756119853504	1.51551923281897
TMPO	-0.188794872	0.030544077	0.012107095	-2.967403175	27.92907218	1.91696004982278	1.51507299411565
MAN2A1	-0.399638919	0.030684759	0.012167197	-2.964703006	20.802959	1.91480946019574	1.51307728334245
GSR	0.145121763	0.030765717	0.012203647	2.963071881	26.33613853	1.91351036315429	1.51193295915502
PCID2	-0.759205874	0.030774598	0.012211521	-2.969090473	21.97441011	1.91323023935018	1.51180761142742
API5	-0.148820674	0.03083799	0.012245207	-2.961218085	26.45108698	1.91203386891429	1.51091393672862
DVL3	0.41548545	0.03083799	0.012245394	2.961209756	21.88069833	1.91202723673175	1.51091393672862
PLPP2	2.606248257	0.030865891	0.012260836	3.015079615	19.46815142	1.9114799166195	1.51052118181697
MFAP1	-0.497149052	0.030903429	0.012280116	-2.959665788	21.24642382	1.91079753075821	1.5099933292109
GEMIN2	-0.250033975	0.03095493	0.012304956	-2.958563888	22.25694558	1.90991993490643	1.50927017374276
YEATS4	-0.640818295	0.030987879	0.012322435	-2.957789897	19.85721341	1.90930346404082	1.5088081485145
PPIA	0.151741365	0.031158811	0.012394811	2.954596541	30.23155329	1.90676009110535	1.50641912307878
DYNC2H1	-0.488465224	0.031163874	0.012401231	-2.954314196	18.79666242	1.90653520274324	1.50634856023423
ZFHX4	0.763172783	0.031163944	0.012405664	2.954119303	19.91001803	1.90637998561842	1.50634758472716
RBBP4	-0.175534646	0.031185027	0.012418465	-2.953556934	27.18742524	1.9059320823582	1.50605387560047
FUT11	-0.617722479	0.031232116	0.012441632	-2.952540646	20.00830024	1.90512264841474	1.50539859098618
SKP2	0.885160204	0.031272725	0.01246223	2.951638653	18.14017797	1.90440423776998	1.5048342741488
LIMD2	0.707329657	0.031346876	0.01249621	2.95015386	17.75138896	1.90322168504529	1.50380573405383
MED8	0.392768981	0.031392148	0.012518695	2.949173597	20.91299556	1.90244094140021	1.50317896679021
CXXC1	-1.192704225	0.031421887	0.012534997	-2.954759151	19.11457764	1.90187576564542	1.50276773753031
KLHL11	0.353921688	0.03145806	0.012553874	2.947643449	21.24137916	1.90122223456529	1.5022680635714
CEBPZ	0.223143869	0.03146431	0.012560816	2.947341993	23.55207053	1.90098214620504	1.50218178772003
MME	1.295355315	0.031680688	0.012651674	2.949680533	18.79630352	1.89785200722621	1.49920539553712
NUP188	-0.439730039	0.031700003	0.012663869	-2.942886538	22.89960411	1.89743359063397	1.49894069668183
SLC27A1	-0.962341848	0.031834095	0.012721938	-2.940391905	18.64748321	1.89544672527603	1.49710749202577
GTF2H2	2.970142007	0.031836533	0.012730253	2.99366238	18.42676685	1.8951629651278	1.49707423304967
UST	-2.83725439	0.031836533	0.012736413	-2.993386672	18.75623287	1.89495286663586	1.49707423304967
GNL3	-0.214880632	0.031836533	0.012735253	-2.939821496	24.32358436	1.89499242287057	1.49707423304967
WWC2	0.715610277	0.031940865	0.012782667	2.937795093	19.40364488	1.89337852469533	1.49565332678113
CENPM	-1.672168803	0.031981947	0.012803629	-2.972905122	19.62394941	1.8926669185319	1.49509510076435
SLTM	-0.354034447	0.031998567	0.012815811	-2.936383053	23.78042639	1.89225390593074	1.49486947036533
PITPNB	0.137443493	0.031998567	0.01281933	2.936233343	26.38278165	1.89213467254783	1.49486947036533
SNRPG	-0.225348134	0.03207873	0.01285598	-2.93467661	24.5551873	1.89089481187449	1.49378283380776
GPHN	0.230973965	0.032119222	0.012876748	2.933796415	23.7570331	1.89019380343431	1.49323498285783
SMPD4	-0.272061634	0.032120256	0.012881703	-2.93358663	22.66752659	1.8900267181399	1.49322100203145
BCKDHB	0.382915063	0.032127363	0.012889095	2.933273816	21.05961648	1.88977757530014	1.49312491968806
SAMD4A	-0.252678928	0.032149475	0.012902511	-2.932706525	23.62025832	1.8893257620013	1.49282611469822
PEX16	0.780426614	0.032263597	0.012952872	2.930582245	20.31609505	1.88763392614161	1.49128721567715
TRAF4	-0.304203027	0.032269019	0.012964172	-2.931557654	25.70615344	1.88725521567166	1.49121423724136
MSH3	-0.325434092	0.032269019	0.012961058	-2.930237737	22.63235916	1.88735954593397	1.49121423724136
HLA-A	0.361041319	0.032288145	0.01297642	2.929591787	22.32807241	1.88684510635652	1.49095690510379
RAD18	-1.453760752	0.032336094	0.013000262	-2.942766526	18.23794244	1.88604789507719	1.49031244134665
GLRX3	0.148181819	0.032368133	0.013017718	2.927859093	25.14623745	1.88546514071935	1.48988235006241
AIG1	0.54590438	0.032402842	0.013036258	2.927083027	19.74200288	1.88484705301914	1.48941689686782
FAM91A1	0.370689156	0.032455337	0.013061966	2.926008732	22.50466401	1.88399145103244	1.48871387701258
RSRC2	-0.701767512	0.032634809	0.013138809	-2.923160723	21.03021946	1.88144400069486	1.48631892473264
USP28	0.567712967	0.032638065	0.013144734	2.922564246	18.61354297	1.88124819795633	1.48627559699946
NT5C3A	0.286340524	0.032638903	0.013149685	2.922358875	21.12017155	1.88108465055067	1.48626444639651
OR11A1	-0.3730149	0.032683666	0.01317234	-2.921420206	21.87078261	1.88033706795268	1.4856692362805
LMNB2	-0.336176086	0.032707862	0.013186715	-2.922644774	25.35027508	1.87986337996984	1.48534784327792
RPL6	-0.175473278	0.032715889	0.013198598	-2.920334249	28.83799843	1.87947219858212	1.48524127397333
TARBP2	0.334613483	0.032715889	0.013199201	2.920309316	21.5743267	1.87945235756639	1.48524127397333
S100A13	0.296710645	0.032793617	0.013235196	2.920956194	27.04185324	1.8782696228486	1.48421067980794
TRAF6	2.701394117	0.032817302	0.013254033	2.970687351	22.6040691	1.87765195243361	1.48389712635045
TRIM41	-0.795949758	0.032817302	0.013251217	-2.918164523	17.93038021	1.87774423402052	1.48389712635045
MCAT	-0.383807341	0.032891066	0.013288474	-2.916633439	21.15891224	1.87652488899187	1.48292205079781
C11orf68	0.413293169	0.03293106	0.013309288	2.915779978	19.61306964	1.87584517712803	1.48239428979396
EIF4H	0.220246214	0.033043559	0.013359426	2.913729504	24.9387879	1.87421220132065	1.48091318257382
ACSL3	-0.175747016	0.033156132	0.013409626	-2.911684177	24.94760221	1.87258333463172	1.47943614003485
SYTL2	0.329033812	0.0331667	0.013418589	2.911319808	20.90582281	1.8722931489756	1.47929773749729
KLHL18	-0.495614496	0.03320927	0.013440506	-2.910429795	19.37579977	1.87158438091975	1.47874067087726
LPP	0.232046577	0.033329227	0.013493767	2.90827306	24.73143967	1.86986679317938	1.47717475875254
PCNP	-0.227799021	0.033367579	0.013514011	-2.907455501	23.97807232	1.86921573190821	1.47667530263748
TXNDC5	-0.214877221	0.033469496	0.013560336	-2.905589301	25.61542168	1.86772954932308	1.47535082741118
PEAK1	-0.673367208	0.033469496	0.013564751	-2.90541178	19.45915988	1.8675881739126	1.47535082741118
HABP4	-1.225200027	0.033553068	0.013607257	-2.909768133	18.07586532	1.86622941262371	1.4742677629897
ALG13	-0.446313307	0.033553068	0.013608107	-2.903671463	20.39557157	1.86620228454196	1.4742677629897
EIF4E	-0.205750498	0.033620678	0.013640281	-2.902383616	24.29401182	1.86517668279593	1.47339353275587
PLLP	0.588145852	0.03377709	0.013708514	2.899662348	18.0338638	1.86300962008849	1.47137776895627
IGBP1	0.730272416	0.033846335	0.013741402	2.904390664	21.92741443	1.86196895506386	1.47048835136436
MAPRE2	-0.499963439	0.033858	0.013750924	-2.897977745	18.80010873	1.86166811822509	1.47033869934632
SEC24C	0.173042507	0.033882285	0.013765576	2.897396923	25.2434722	1.86120561148548	1.47002730880685
SCRN1	0.248678256	0.033938814	0.013793341	2.896298041	24.93666163	1.86033052699869	1.46930333827807
CLCC1	-0.54530452	0.034379082	0.013977133	-2.890850011	22.39436378	1.85458190226495	1.46370572414859
YTHDC1	-0.556289818	0.03445218	0.014011722	-2.887730869	21.59531178	1.85350848790185	1.46278329242062
GOT1	-0.127823427	0.034469892	0.014023798	-2.887261011	26.44628504	1.85313435248451	1.46256007730797
MAPK8	0.85865731	0.034517844	0.014048187	2.886313329	19.06402334	1.85237972036397	1.46195633833761
BUD31	-0.686865632	0.034544057	0.014063738	-2.891680411	22.06462462	1.85189923287142	1.46162665839437
MYO15B	0.503162769	0.034569316	0.014078909	2.926370875	28.21754255	1.85143099815113	1.46130921346785
VPS13D	-0.544271915	0.034685705	0.014131213	-2.883099358	22.14540628	1.84982055742985	1.45984947387605
SORBS2	-0.438122296	0.034699432	0.014141711	-2.882694325	19.26859398	1.84949804224319	1.45967763417987
TOP2B	-0.659076719	0.034745245	0.014165294	-2.887736078	22.65698428	1.84877440728879	1.45910462162238
WDR62	-1.132192937	0.034750486	0.014177255	-2.887008309	18.86263295	1.84840784910756	1.45903911724244
RAB33B	-0.487613012	0.034750486	0.014173292	-2.881477638	19.17148573	1.84852926539226	1.45903911724244
SCARB1	-0.361684531	0.034762327	0.014187	-2.880950379	21.88804459	1.84810943126491	1.45889115945486
BIN1	0.787771145	0.03476313	0.014192242	2.882507462	20.85316992	1.84794899204669	1.45888112749005
AKAP8	-0.492962023	0.034896179	0.014251493	-2.878476496	21.78583818	1.84613963616798	1.4572221240455
NDUFS7	-0.260603194	0.034922407	0.014267141	-2.877877938	21.64185713	1.8456630466697	1.45689583052225
UMPS	-0.168316655	0.03496995	0.014291508	-2.876947187	27.33873481	1.84492194325066	1.45630498864413
SLC4A1AP	0.280948223	0.034996835	0.014307442	2.876339368	23.51073446	1.8444380059739	1.45597123005509
MYH9	0.128453083	0.035092233	0.014351404	2.874665976	31.05695734	1.84310560975747	1.45478899574234
LAMA3	0.307264996	0.035237405	0.014420545	2.872044393	24.99545746	1.84101832588428	1.45299608197615
UFC1	-0.177690294	0.035237405	0.014420736	-2.872037173	23.42376166	1.84101257369553	1.45299608197615
NAA38	-0.387521499	0.035251526	0.014431498	-2.871630241	20.16705983	1.84068858648324	1.45282207813259
C1orf174	-0.414943709	0.035296257	0.0144548	-2.870750213	19.47218203	1.83998791295197	1.45227134703242
CTBP2	-0.211592254	0.035311444	0.014466011	-2.870327309	25.52062772	1.8396512089999	1.45208452235735
SLC33A1	0.38014064	0.035353443	0.014488215	2.869490713	21.50978329	1.83898511786926	1.45156828475003
MMTAG2	-0.401694534	0.035457712	0.014535958	-2.867696156	20.80435064	1.8375563405428	1.45028929179865
PSMB4	-0.163221982	0.0355073	0.014561306	-2.86674575	25.85921726	1.83679967150944	1.44968235049992
CD9	0.568576897	0.035553761	0.014585385	2.899732666	25.22338072	1.83608210262941	1.4491144513294
SNRPB2	0.329964674	0.03569756	0.014654465	2.86326695	23.89826984	1.83403003200473	1.44736146777438
HUS1B	-0.397416959	0.03569756	0.014654469	-2.863266784	19.31363287	1.83402991346218	1.44736146777438
C11orf54	0.341476644	0.035765686	0.014687492	2.86203891	22.74009486	1.83305235693614	1.44653344059977
CENPK	-0.486477767	0.035829834	0.0147189	-2.860873615	18.29934311	1.83212464528254	1.44575520392016
RNF40	-0.324303268	0.03586678	0.014739147	-2.860123714	23.04160718	1.83152764971391	1.44530761108548
SUGP2	-0.165321579	0.035965128	0.014784647	-2.858442285	25.40108872	1.83018904028107	1.44411838970506
UTP3	-0.567368608	0.035995812	0.014802349	-2.857789491	21.25031912	1.82966936049769	1.44374802509642
SUPT7L	-0.45823596	0.036106939	0.014853151	-2.855920397	19.79142197	1.82818140380488	1.44240932773925
TRAPPC1	-0.472408742	0.036121295	0.014868741	-2.855348114	18.45915836	1.8277258034956	1.44223668800216
PPP3CC	-0.489220519	0.036121295	0.014869269	-2.855328722	18.09432169	1.82771038165087	1.44223668800216
HAX1	0.322421157	0.036194664	0.014904588	2.854034428	21.56230404	1.8266800244485	1.4413554506317
MAP7D3	0.327233205	0.036199082	0.014911525	2.853780593	21.60544683	1.82647793902741	1.44130244293064
CLU	-0.459663284	0.036235156	0.014931507	-2.853050004	21.75442649	1.82589635779704	1.4408698646122
PPP1R14B	0.180688928	0.036302021	0.014964192	2.851857085	25.65706856	1.82494672816659	1.44006919632158
CEP290	0.44681701	0.036383069	0.015002744	2.850453353	22.2970242	1.82382930127296	1.43910066993584
NUP42	-0.90432138	0.036398991	0.015014455	-2.850666163	19.34493748	1.82349042735367	1.43891065506539
LPCAT2	-0.299975804	0.036587091	0.015105318	-2.84673591	22.04646478	1.82087012744522	1.43667211942487
CETN3	-0.396917125	0.036587091	0.015106732	-2.846684867	18.53207176	1.82082947529498	1.43667211942487
DPH3	0.633733831	0.036587091	0.015107562	2.846654872	18.37166183	1.82080561477253	1.43667211942487
CROCC2	0.410842921	0.036614956	0.015124244	2.847580229	23.49054453	1.82032632476369	1.43634148341621
ABHD10	0.37930887	0.036696772	0.01517231	2.848265744	24.69364104	1.818948292392	1.43537213640852
MAN1B1	-0.324094386	0.036696772	0.015165333	-2.844572499	21.82015242	1.81914804902132	1.43537213640852
GRHL1	0.434476282	0.036696772	0.015173602	2.844275104	16.66436142	1.81891131156434	1.43537213640852
ADO	0.216741599	0.036802546	0.01522254	2.842518216	24.93768649	1.81751287608399	1.4341221357965
LSM1	-0.347702114	0.036829077	0.015238721	-2.841938579	22.50392619	1.81705148220586	1.43380916517522
GNE	0.257048782	0.037100498	0.015356271	2.837745787	22.18163822	1.81371423226927	1.43062026081082
MPZL1	-0.548761142	0.037187599	0.01539758	-2.836279953	20.35951442	1.81254753080203	1.42960186075671
PLXNB1	-1.22924383	0.037309721	0.015453419	-2.847381747	19.92966006	1.81097541989203	1.42817799857679
ATAD1	-0.330008137	0.037318453	0.015462311	-2.833990822	23.39581556	1.81072559582903	1.42807636780573
PPP2R5D	0.195362541	0.037328774	0.015471864	2.833653797	23.32388393	1.81045736075779	1.42795627350199
FST	1.533019982	0.037376507	0.015497766	2.850201924	18.48247436	1.80973090078437	1.42740128780223
LITAF	1.201024029	0.037376507	0.015506477	2.838137088	18.49062682	1.80948686068113	1.42740128780223
FAM98A	-0.507630973	0.037376507	0.015507499	-2.832398439	21.4016196	1.80945823816844	1.42740128780223
STOM	-1.273173114	0.037656133	0.01562986	-2.838387751	19.40546049	1.80604491203198	1.4241642807875
UBE2R2	-0.303506057	0.037656133	0.015634162	-2.82795943	23.26711365	1.80592539222913	1.4241642807875
EIF3C	-0.177788342	0.037733852	0.015671764	-2.826648524	26.83881684	1.80488211697436	1.42326885827757
ACSL4	0.488992197	0.037754728	0.015685771	2.827662296	22.73100534	1.80449412963973	1.42302865421398
PLEKHA5	-0.781622454	0.037921196	0.015760293	-2.82508493	20.5165185	1.80243571279187	1.42111797386537
RAB6B	1.302700569	0.03803519	0.015813047	2.867577342	21.96403314	1.80098443824072	1.41981440994017
PDCL	-1.531254325	0.038035977	0.015818751	-2.849860931	19.76898879	1.80082781004326	1.41980542388749
PREP	0.271044375	0.038041836	0.015826565	2.823857939	28.23746554	1.80061333424845	1.41973853102413
HINT3	0.332023144	0.038055247	0.015841419	2.820772428	21.99972203	1.80020591894173	1.4195854548975
HPS6	0.440910233	0.038055247	0.015844677	2.820660172	20.5197322	1.80011660964802	1.4195854548975
MTHFD2	-0.168347192	0.038055247	0.015848284	-2.820535973	24.94573678	1.8000177548769	1.4195854548975
COMMD6	0.355919879	0.038162695	0.015898425	2.818811988	19.53024953	1.7986458975468	1.41836096357222
UTP4	-0.343114986	0.03851237	0.016049543	-2.813648698	21.10967388	1.79453732932789	1.41439975465041
RPE	1.031404141	0.038666922	0.016130349	2.848467608	22.33921375	1.7923562360125	1.41266039766106
CEBPB	0.423090104	0.038666922	0.01612134	2.811212453	21.90819529	1.792598862629	1.41266039766106
PAF1	0.327543131	0.038666922	0.016127457	2.811005392	23.24955914	1.79243410737455	1.41266039766106
USP10	-0.15241646	0.038675827	0.016139531	-2.810596917	24.67384435	1.79210908963076	1.41256039106889
ANKRD44	-0.685247106	0.038709257	0.016158953	-2.80994046	18.25040549	1.79158678224047	1.41218516461225
ZMPSTE24	-0.143229728	0.038779378	0.016193707	-2.808767772	25.00223092	1.7906537228735	1.41139916104726
CHMP1A	-0.331340847	0.038823105	0.016217455	-2.807967894	22.83977899	1.79001729847119	1.41090973349067
ZNF362	-0.44422213	0.038885791	0.016249138	-2.806902541	19.23819239	1.78916967294806	1.41020906236551
EXOSC9	-0.507482162	0.038895187	0.016258562	-2.806586037	21.97212376	1.78891786852559	1.41010413617206
CD59	0.299876657	0.038939614	0.016288142	2.806208092	25.3301991	1.78812845314812	1.40960835786223
SPECC1L	-0.228603228	0.038939614	0.016285463	-2.805683617	24.33243387	1.78819988981715	1.40960835786223
DAP	0.575831679	0.038953074	0.016299279	2.805220725	19.25359682	1.78783160622469	1.40945826408746
IRF2	0.644013227	0.038985364	0.016318301	2.80458403	17.23792351	1.7873250603331	1.40909840648747
SRXN1	-0.889482122	0.03905959	0.016354892	-2.805894841	20.19679267	1.78635231940564	1.40827231971873
CKAP2L	-0.71242895	0.039083057	0.016370243	-2.802849238	17.77821064	1.78594487386993	1.4080114739628
MAP1A	-0.490340339	0.039090206	0.016378763	-2.802565193	17.70348849	1.78571890126671	1.40793204088964
PXK	-0.755245928	0.039094738	0.016388228	-2.802249825	20.0216219	1.78546800258727	1.4078816930223
CPNE2	0.850396846	0.039094738	0.016391715	2.802133677	19.22554832	1.78537560554655	1.4078816930223
MTMR12	0.264675427	0.039128586	0.016411438	2.801477234	21.0587662	1.78485336360848	1.40750584602963
HERC2	-0.238074386	0.039141959	0.01642258	-2.801106743	23.15852994	1.7845586138582	1.40735744230603
TMED4	0.902110147	0.039230468	0.016465262	2.847192395	24.32534365	1.78343135427798	1.40637651092208
MACROD1	0.490182795	0.039249275	0.016478703	2.799244322	20.66656948	1.78307697359216	1.4061683609928
TUT1	-0.660077594	0.039324473	0.016515834	-2.798015607	18.76727029	1.78209949085221	1.4053370887867
EFL1	-0.333547584	0.039328724	0.016523179	-2.797772875	23.69458065	1.78190639228585	1.40529014382032
SFXN1	-0.238859825	0.039356359	0.016540353	-2.797205746	25.32696367	1.78145522608237	1.40498508654534
ULK3	0.477619284	0.03946372	0.016591052	2.795534893	18.13835824	1.78012607550006	1.40380197890833
IDH3A	0.22892013	0.039594572	0.016651661	2.793544086	24.69500805	1.77854243920539	1.40236434720642
NOB1	-0.244061922	0.039648677	0.01668002	-2.792615067	23.62133835	1.7778034329618	1.40177129967514
BPNT2	-0.304107691	0.039654491	0.016689287	-2.792311826	22.66785961	1.7775622168606	1.40170762029925
TYW5	0.370319607	0.039654491	0.016693677	2.792168219	19.37113325	1.77744799376246	1.40170762029925
DCTN6	-0.599504515	0.039720989	0.016727287	-2.795141732	22.3803	1.77657449158236	1.40097994668483
AHCYL2	0.465330726	0.040091037	0.016892316	2.785709667	16.88073224	1.77231080294138	1.39695271008639
CPE	0.639953548	0.040091037	0.016894456	2.78564049	16.6192544	1.77225578790813	1.39695271008639
SERINC3	0.426752832	0.040109576	0.016913657	2.785020272	20.96770539	1.77176248091738	1.39675192893916
LZTS1	-0.251796547	0.040109576	0.016914592	-2.784990085	23.70967663	1.77173847344713	1.39675192893916
USP39	-0.163703348	0.040109576	0.016919278	-2.784838819	25.28253727	1.7716181736437	1.39675192893916
MPHOSPH8	-0.758547271	0.040188457	0.016958233	-2.783583043	18.82208158	1.77061940198075	1.39589866783757
KIR2DL1	-0.92652671	0.040272405	0.01699935	-2.787717614	20.88663738	1.76956768431644	1.39499243428526
RB1	-0.266267337	0.040300279	0.017022675	-2.781511935	22.19257237	1.76897219240333	1.39469194721519
THRB	0.800883832	0.040300279	0.017023879	2.781473318	16.99243163	1.76894147619303	1.39469194721519
EVPL	0.144158678	0.040300279	0.017028207	2.781334524	25.98541833	1.76883107904862	1.39469194721519
POC1A	0.319822485	0.040361364	0.017059723	2.780324773	22.8737317	1.76802802478328	1.39403416533742
MCM3AP	-0.340985338	0.040376335	0.017071758	-2.779939652	21.78715157	1.76772175419945	1.39387310494447
KRT1	-2.028838495	0.040494327	0.017127371	-2.824765135	26.43946428	1.76630929481714	1.39260581444375
CCDC134	-0.301113856	0.040565408	0.017165855	-2.776937916	21.9306243	1.76533456028167	1.39184415160385
GPX1	0.224658724	0.040565408	0.017168905	2.776840907	26.01137435	1.7652574024292	1.39184415160385
LIG1	0.242037533	0.040647446	0.017209372	2.775555201	22.63965825	1.7642349775464	1.39096673722742
ATP6V0A1	0.30448355	0.040742497	0.017255691	2.774087293	22.19623919	1.76306764480609	1.38995235775879
ATP6V0C	0.336946322	0.040742497	0.01726501	2.773792425	22.53585317	1.76283316576842	1.38995235775879
PRDX6	0.127603717	0.040742497	0.017266894	2.773732834	29.07946089	1.76278577708086	1.38995235775879
TOMM20	-0.397419713	0.040793679	0.017294352	-2.772865032	21.81321376	1.7620957058726	1.38940712583395
SBDS	-0.310976191	0.040802537	0.017303875	-2.772564377	23.74390438	1.76185663082083	1.38931283272271
TYK2	-1.445129014	0.040964701	0.017378438	-2.783325899	18.0782369	1.75998926117079	1.3875902106941
UQCRC2	-0.187374918	0.041071934	0.017429735	-2.768606159	25.78379578	1.75870921581098	1.38645484655583
PPP2R5A	0.398849837	0.041094681	0.017445197	2.76812184	19.90585224	1.75832412191493	1.38621438644117
CAPN7	-0.615356958	0.041196085	0.017494068	-2.766593848	17.73635077	1.75710918969087	1.38514405444465
TPBG	0.665571425	0.041237797	0.017517611	2.767450122	21.33052208	1.75652512192716	1.38470454358975
GPATCH11	-0.500186164	0.041280609	0.017541633	-2.765110748	18.0729939	1.75592997939204	1.38425390432201
TAF1L	-0.961745093	0.041362223	0.017582161	-2.765271282	17.83020841	1.75492774742507	1.38339612826302
F11R	0.218858931	0.041454621	0.017627297	2.762449698	24.52176376	1.7538142780571	1.38242705104996
HEXIM1	-0.146387666	0.041523267	0.017662357	-2.761364307	25.32595454	1.75295134131393	1.3817084840552
TYW1	-0.691973285	0.041547259	0.017678435	-2.760867252	16.70714683	1.75255618394668	1.38145762267268
TIMM9	0.179765998	0.041570226	0.017694084	2.760383909	24.21054972	1.75217191531199	1.3812176144092
SNAPC3	-0.51340012	0.041586742	0.017706993	-2.759985513	17.21063987	1.75185518439924	1.38104510192035
THOC5	-0.510051635	0.04161472	0.017724788	-2.761873552	22.83203161	1.75141895055848	1.38075302312316
RPS2	-0.160765611	0.041629907	0.017737142	-2.759056177	28.14897811	1.75111635708731	1.38059455931337
TOR1AIP2	0.308842885	0.041800476	0.017815725	2.756867534	24.80346608	1.74919649960583	1.37881877269874
TOMM5	0.350078571	0.041875399	0.017853577	2.755481682	21.89089357	1.74827475906267	1.37804104186142
RERE	-0.358547949	0.041890607	0.017865983	-2.755102192	21.11121324	1.74797308359079	1.37788334661322
ARL6IP4	-0.299425886	0.042010522	0.017925469	-2.753286141	22.2266849	1.74652947267844	1.3766419221204
ISCU	-0.568390371	0.042010522	0.017929003	-2.75317843	21.32235681	1.74644386011083	1.3766419221204
RBM17	-0.173143673	0.042026905	0.017946971	-2.752631156	23.74734519	1.74600883895136	1.37647259169606
NLE1	-0.320367295	0.042026905	0.017947877	-2.752603595	21.54192681	1.74598691542626	1.37647259169606
RPL13	-0.376863891	0.042027016	0.017953865	-2.765324292	27.41983837	1.74584204471877	1.37647144465409
GALNT6	-0.502805658	0.042042849	0.017966572	-2.752034765	18.08685432	1.74553477784383	1.37630786202877
NRAS	-0.309536137	0.042107143	0.018	-2.751019163	22.08851998	1.74472749489669	1.3756442247737
Uncharacterized protein FLJ45252 OS=Homo sapiens OX=9606	0.562887824	0.042122884	0.018012684	2.750634308	20.11776901	1.74442156982672	1.37548190191182
RECQL5	1.194984672	0.042155129	0.018032431	2.755338022	17.98692048	1.74394572093613	1.37514957736468
GNG10	-0.527904564	0.042426327	0.018154438	-2.746351146	20.97844642	1.74101719083132	1.37236456504412
FMC1	0.275012972	0.042525131	0.018202728	2.744899585	21.82977462	1.73986352044548	1.37135433985556
POGLUT1	0.192294891	0.042575425	0.018230645	2.744062167	22.63678282	1.73919796573968	1.3708410080927
PPDPF	0.437275136	0.042575425	0.018236293	2.743892881	17.6784183	1.73906343866458	1.3708410080927
COQ6	-0.362747682	0.04268832	0.018290684	-2.742265469	21.50105102	1.73777005330591	1.36969093653094
TRIP13	0.138535312	0.042710092	0.01830605	2.741806553	24.92763756	1.73740535576754	1.36946949307682
NRDC	-0.263940892	0.04274196	0.018325752	-2.741218744	23.99326899	1.73693819498154	1.36914556645676
CHCHD4	0.319705626	0.042815076	0.018363153	2.740104555	22.87625668	1.73605274726681	1.36840328073594
SLC25A30	0.364250753	0.043002842	0.018449763	2.737532978	19.00401483	1.73400920828288	1.36650284153364
NDUFC2	-0.636660171	0.04304874	0.018483642	-2.741768731	22.43715789	1.73321245169468	1.36603955545435
SNRPD1	0.236373114	0.04304874	0.01848675	2.736438425	25.36017242	1.73313943178983	1.36603955545435
COX6B1	-0.262830915	0.04304874	0.018487711	-2.73641001	24.60462488	1.73311685636961	1.36603955545435
KLHL26	0.543220912	0.043149151	0.018536934	2.734956803	16.94484682	1.73196209635086	1.36502774501581
MRPL44	0.226658097	0.043204397	0.018566775	2.73407765	23.60299471	1.7312635255191	1.36447205189661
GMPPA	0.313344031	0.043338785	0.018630654	2.732200392	23.22711365	1.72977189960693	1.3631232682629
FAM169A	-1.518792287	0.043424935	0.018686583	-2.750546168	18.45426853	1.72847010578628	1.36226082294793
DDX46	-0.140831955	0.043424935	0.018680425	-2.730742129	26.08327602	1.72861324732139	1.36226082294793
UQCRQ	0.18634086	0.043424935	0.018681857	2.730700216	23.86126829	1.72857995654443	1.36226082294793
CRIPT	-0.512277964	0.043424935	0.018692243	-2.730396425	21.179017	1.72833858176322	1.36226082294793
MRPS12	0.611769943	0.04343256	0.01871303	2.731329113	21.76802918	1.72785588616441	1.3621845717175
HNRNPL	-0.218014663	0.04343256	0.018702914	-2.730084476	27.17375461	1.72809072311446	1.3621845717175
UTP25	-0.262238768	0.04343256	0.018713944	-2.729762195	22.11972776	1.72783467444922	1.3621845717175
RUFY1	-0.334801654	0.043577584	0.018782592	-2.727760699	22.72950181	1.72624447524239	1.36073685129384
FKBP3	-0.126148387	0.043591469	0.018794739	-2.727407298	26.17377446	1.72596370089706	1.36059849533551
SMNDC1	0.263729849	0.043692349	0.01884441	2.725964485	22.83092472	1.72481745533592	1.35959460600422
CDH3	-0.374558924	0.043719978	0.018862507	-2.725439758	21.82379835	1.72440058604679	1.35932006526033
SMG5	-0.471963377	0.043827491	0.018920398	-2.723764516	20.88120098	1.7230697322373	1.35825339076616
QDPR	0.215081683	0.043827491	0.018921283	2.723738939	22.91493992	1.7230494186251	1.35825339076616
NME2	-0.121875783	0.043832684	0.018929721	-2.72349519	27.64125862	1.72285578693707	1.35820193544459
COG1	-0.368165032	0.043867718	0.018951052	-2.722879489	21.47459567	1.72236667671893	1.35785495701937
LIPA	-0.647591122	0.04408393	0.019050689	-2.720012612	19.77517806	1.72008931271871	1.35571969588872
PCDH12	-0.627415678	0.044124462	0.019074442	-2.719331344	16.91662609	1.71954815795319	1.35532057683031
PDCD5	-0.152071148	0.044218877	0.019121508	-2.717983911	25.78802209	1.71847786047763	1.35439229113081
TBPL1	-0.407566072	0.044230387	0.019132737	-2.717662902	20.15890488	1.71822289829619	1.35427926069304
GPS2	-0.934425725	0.044243924	0.019144848	-2.722465095	20.64394828	1.71794807737183	1.35414636235496
AAK1	0.210191345	0.044250173	0.019153807	2.717061117	22.93502265	1.71774489298667	1.35408502704981
SAMD1	-0.44877112	0.044332386	0.01919566	-2.715867653	17.24302462	1.71679695104174	1.35327889403908
UNG	-1.057434449	0.044448756	0.019252331	-2.719389597	20.07999083	1.71551668022563	1.3521403892471
RNF220	-0.611698032	0.044496333	0.019279228	-2.71349231	19.53643672	1.71491036058115	1.35167577831088
TTC39B	0.444947214	0.044577668	0.01932077	2.712315299	19.74956113	1.71397556942739	1.35088265459113
PAX8	-0.159932049	0.044697874	0.019379188	-2.710664357	24.95728661	1.71266442411225	1.34971313306552
DNAJC21	-0.440422213	0.044797574	0.019428747	-2.709267643	20.82044206	1.71155520704473	1.34874550446037
GTF2A1	0.302000458	0.044846567	0.019456335	2.708491648	20.51802502	1.7109389646422	1.34827079654453
ZFR	-0.249702771	0.04502192	0.019541932	-2.706090877	24.5239873	1.70903250226201	1.3465759880644
MLXIP	-0.419647645	0.04502192	0.01954514	-2.706001107	19.25612488	1.70896121441006	1.3465759880644
CHMP4C	-1.594270146	0.045026504	0.019553495	-2.731286803	18.88345323	1.70877560534971	1.34653177172349
CCT7	-0.103686466	0.045064264	0.019578022	-2.70508174	27.99157531	1.70823118780758	1.34616771753768
AP3M1	-0.217356589	0.045064264	0.019587464	-2.704818032	23.21793912	1.70802178871688	1.34616771753768
NR2C2AP	-0.610602962	0.045064264	0.019589004	-2.704775049	19.80063693	1.70798764508237	1.34616771753768
CTSH	-0.505487978	0.045065766	0.019596027	-2.704578985	17.83948502	1.70783197083119	1.34615324266594
TMCC1	-0.48624993	0.045077829	0.019607645	-2.704254822	20.52606386	1.70757456466585	1.34603700824315
ZHX2	0.602191736	0.045133753	0.019638351	2.703398968	21.20397953	1.70689498201072	1.34549855215628
CTBP1	-0.298790025	0.045202637	0.019674713	-2.702387156	24.00142204	1.70609159408582	1.34483622888014
CTSA	0.268240719	0.045220168	0.019688736	2.701997443	23.53155794	1.70578216430098	1.3446678285157
AFG3L2	-0.163768599	0.045269169	0.01971647	-2.701227501	25.43354157	1.70517083770875	1.34419747771652
MPST	0.257206258	0.045350548	0.019758325	2.700067561	23.22766748	1.70424987523881	1.34341746071109
TNRC6B	-0.460543014	0.045459116	0.019812052	-2.698582153	20.15184299	1.70307054081055	1.34237901383883
ATP6V0A2	-1.039085425	0.045498172	0.019835505	-2.707084965	20.38967906	1.70255673817337	1.34200605183214
MRPL57	-0.597109366	0.045566348	0.01987517	-2.696842169	21.10945007	1.70168914796728	1.34135577736454
VGLL4	0.710687073	0.045566348	0.019879051	2.69673534	18.00535709	1.70160435209669	1.34135577736454
IGHMBP2	0.324156015	0.045566348	0.019884551	2.696584017	21.11371896	1.70148421108604	1.34135577736454
OGFOD1	-0.785657932	0.04557168	0.01989332	-2.705479483	21.85751387	1.70129273133724	1.3413049608562
ZMYM1	-0.942974753	0.045595195	0.019910031	-2.697376973	18.9822844	1.70092806377377	1.34108092257544
TCF12	-0.89988872	0.045630952	0.019932095	-2.697696624	19.97886636	1.70044705156934	1.34074047043326
CUL4A	-0.197448531	0.04563641	0.019940931	-2.695035117	24.78586367	1.70025456925787	1.34068852679792
CTNNBL1	-0.2349446	0.045668133	0.019961248	-2.694478006	22.92711622	1.69981230961328	1.34038674281322
SRSF7	-0.349637391	0.046023766	0.020123199	-2.695078784	26.20813962	1.69630297800915	1.33701784707327
SBK2	0.748430857	0.046130397	0.020176343	2.688614014	19.25887072	1.69515754765536	1.33601280782036
SKA3	-1.357943192	0.046251927	0.020242574	-2.69805715	17.03997346	1.69373426441523	1.334870168481
RNH1	0.256655217	0.046251927	0.020239992	2.687335749	26.3665141	1.69378966349017	1.334870168481
WDR19	-1.034986932	0.04627498	0.020259205	-2.68795491	16.62808225	1.69337760097413	1.33465376027666
COPS4	0.136912228	0.046317921	0.020284552	2.685687236	24.99990813	1.69283457958285	1.33425094233958
KIF11	-1.274543797	0.046328873	0.020295897	-2.728215164	24.18299281	1.69259174978934	1.33414826435187
XRN2	-0.136919098	0.046336756	0.020308599	-2.685038909	25.74588745	1.69232003560827	1.33407437409836
TRPT1	0.901332983	0.046336756	0.020318485	2.685323731	18.14518628	1.69210867732655	1.33407437409836
RPL30	-0.233533053	0.046336756	0.020322098	-2.684675308	26.69658157	1.69203145865244	1.33407437409836
PIK3CD	-0.239321378	0.046336756	0.020325552	-2.684582297	21.70349089	1.69195765103285	1.33407437409836
SCYL1	0.144243658	0.046708391	0.020495172	2.68003435	24.92112555	1.68834843263719	1.33060509293181
STAG1	-0.652913583	0.046905741	0.020588398	-2.682514774	21.9002249	1.68637744487431	1.32877399881941
CMPK1	0.19099779	0.0469669	0.020627275	2.67651792	24.92097526	1.68555814142242	1.32820810401356
INIP	-0.537739303	0.0469669	0.020628521	-2.676484864	21.16697133	1.6855319084575	1.32820810401356
SHFL	0.675515105	0.047037585	0.020666216	2.67548559	18.17186012	1.68473903574627	1.32755498387277
EIF2B2	-0.236567795	0.047043482	0.020675457	-2.67524089	23.93036126	1.68454488224048	1.32750054072826
ADD1	-0.339628019	0.047097748	0.020705965	-2.674433819	23.10389469	1.68390452442705	1.3269998583606
DCTN5	-0.357298095	0.047193097	0.020754555	-2.673150797	20.76611432	1.68288657392682	1.32612152157892
POR	0.154987272	0.047297026	0.020806947	2.671770702	25.67498672	1.68179163907348	1.32516616650099
MNAT1	0.227105144	0.047406867	0.02086197	2.670324983	22.79742662	1.68064468345825	1.32415874515714
MAP2K7	0.487640032	0.047430384	0.020879024	2.669877659	19.86652925	1.68028980649934	1.3239433592527
MRPS5	-0.369621896	0.04748075	0.020908184	-2.669113619	22.1613642	1.67968368660026	1.32348242960184
CBS	0.124591328	0.04748075	0.020914619	2.668945147	26.17805839	1.67955004252035	1.32348242960184
PMVK	-0.239065476	0.047656839	0.020998921	-2.66674285	24.02303559	1.67780302030346	1.32187476707526
COA6	-0.697355359	0.047678538	0.021015222	-2.677287462	22.41584926	1.67746601784671	1.32167707013584
MOB2	0.486310045	0.047752338	0.021055602	2.665267	21.87754857	1.67663233716746	1.32100536008775
TBRG4	0.290281911	0.047752338	0.021061252	2.665120118	21.74150558	1.67651581546157	1.32100536008775
SRRM1	0.219337935	0.04795207	0.021156123	2.662659269	24.26677663	1.67456391669248	1.31919264041879
MAP3K7	-0.292742379	0.047965588	0.021168867	-2.662329514	21.26539497	1.67430238566579	1.31907022723716
RBM3	-0.288606178	0.048019744	0.02119999	-2.661525068	24.28921617	1.67366434392718	1.3185801595577
NDUFB10	0.231064051	0.048019744	0.021206344	2.661360966	23.17015439	1.67353419793726	1.3185801595577
RTRAF	-0.115619811	0.048148593	0.021270053	-2.659718355	26.179823	1.67223142793559	1.31741639932375
PURA	-0.396386566	0.048462369	0.021415517	-2.65598589	21.64496798	1.66927143667545	1.31459535993684
DEDD2	-0.373732106	0.048493098	0.021435951	-2.655463564	19.58856076	1.66885724437212	1.31432006993012
PDE7A	-0.343808356	0.048576284	0.021482603	-2.654272926	20.81667497	1.66791309727204	1.31357571102165
ST3GAL1	-0.802344972	0.048576284	0.021486457	-2.654174683	17.54747456	1.667835191405	1.31357571102165
SLC30A5	-0.43595581	0.048606955	0.021506894	-2.653653969	17.4687615	1.66742230537547	1.31330158460574
LASP1	0.23657915	0.048643355	0.021529876	2.653069008	26.83491487	1.66695847146174	1.3129764788065
RHEB	0.196030457	0.04865172	0.021540456	2.652799923	24.62174102	1.66674510715746	1.31290180137087
MED25	0.910109807	0.048655818	0.021549604	2.652773238	17.07229264	1.66656070611555	1.31286522170141
TTC38	-0.37608659	0.048655818	0.021559543	-2.652314798	19.15943291	1.66636044917555	1.31286522170141
HIRA	-0.858362042	0.048655818	0.021562905	-2.6522294	17.45037384	1.66629273047594	1.31286522170141
ZBTB10	-0.551523397	0.048663909	0.021580163	-2.651791187	17.23210614	1.66594527931329	1.31279300866158
PUF60	-0.11470889	0.048663909	0.021580249	-2.651789012	26.54886949	1.66594354859184	1.31279300866158
OGN	-0.690617007	0.048796252	0.021645835	-2.650126842	17.00700105	1.66462565637899	1.31161353451838
DPY19L4	-1.654837999	0.048931753	0.02171286	-2.677212673	18.47565404	1.66328296786702	1.31040922518449
GRHL2	-0.255478225	0.049203452	0.021840379	-2.645225421	21.53909013	1.66073982951215	1.30800442707084
CEP192	-0.451615603	0.049219408	0.021854419	-2.644873345	20.43108499	1.66046073474504	1.30786361419842
NFIL3	-0.778317534	0.049301905	0.021898019	-2.655462877	22.15743618	1.65959517174813	1.30713629948537
TIMM21	-0.898113201	0.049322874	0.021921277	-2.644472864	18.88830502	1.65913415010102	1.3069516253858
ATG12	0.371279131	0.049322874	0.021920356	2.643222871	20.04291855	1.65915239692215	1.3069516253858
ADAR	-0.215811192	0.049476286	0.021996455	-2.641324105	26.789223	1.65764730545017	1.30560290868407
ERH	-0.227494064	0.049675329	0.022091969	-2.638950007	26.5215811	1.65576557486074	1.30385924787368
RPL18A	-0.181408277	0.049699986	0.02210996	-2.638503941	26.08896463	1.65541204311984	1.30364373360316
CHD8	-0.142724719	0.049832292	0.022175863	-2.636873024	24.34578928	1.65411947008271	1.30248913731097
H2BC20P	-0.166612916	0.049876305	0.0222025	-2.636215192	26.32710192	1.65359812126668	1.30210572795914
ANXA2	0.14084959	0.049892223	0.022216639	2.63586633	32.50476561	1.65332164180196	1.3019671451864
AP1M2	-0.183503175	0.049929302	0.022240208	-2.635285255	24.81419178	1.65286115536202	1.30164450523805
NDUFS8	-0.24825521	0.049965164	0.022263245	-2.634717894	23.2338961	1.65241153439112	1.30133268277174
C1orf52	-1.394452106	0.050003615	0.022287447	-2.648713084	18.98989295	1.65193967657643	1.30099859730798
MAP1B	-0.237812098	0.050084679	0.022330658	-2.633060927	24.07483132	1.65109847972485	1.3002951053376
TNK2	0.742422634	0.050185912	0.022382889	2.631780526	19.15419509	1.65008385901486	1.29941817925617
CLSTN1	0.373375316	0.050310209	0.022445437	2.630251033	22.07197276	1.64887193471138	1.29834387851289
CLDN16	3.152161221	0.050319612	0.022463858	2.670468215	18.99689646	1.64851565483213	1.29826271626924
PIBF1	0.574533405	0.050319612	0.022457653	2.629952799	17.26352769	1.6486356328657	1.29826271626924
PIGS	0.247618956	0.050325387	0.022473551	2.629564928	23.22701536	1.64832830017275	1.29821287672111
CDKN2AIP	0.434387958	0.050360119	0.02249618	2.630417073	23.01074167	1.64789122170054	1.29791325233339
ATP13A3	-0.352727143	0.050376743	0.022510727	-2.628658952	19.8913591	1.64761047892263	1.29776991430619
VAV2	0.354499805	0.050417358	0.022536003	2.628043819	21.78258156	1.64712310820886	1.29741991621777
COG3	-0.621486425	0.050466474	0.022565091	-2.627859264	21.15072254	1.64656291072712	1.29699703756545
HMGN1	-0.317280756	0.050626219	0.022643675	-2.626683037	24.52928973	1.64505308708189	1.29562450652098
TRIM26	-0.2256204	0.050632067	0.022653448	-2.625194468	24.06908123	1.64486568621595	1.29557434264337
NSF	0.171543604	0.050676421	0.022680457	2.624541266	26.14541424	1.64434819887178	1.2951940645628
SBNO1	-0.438355921	0.050708891	0.022702157	-2.624017001	21.47465182	1.64393287722568	1.29491588733907
FUCA1	0.323807415	0.050746946	0.022726368	2.62343265	21.1593971	1.64346996522504	1.29459008888779
NTMT1	-0.438129065	0.050755527	0.022737385	-2.624563033	23.12661171	1.64325948447565	1.29451665853978
NDUFB3	-0.251347252	0.050819679	0.022785236	-2.622014371	22.50330741	1.64234646881658	1.2939680824767
SPCS1	-0.512325218	0.050819679	0.022785762	-2.622001718	20.42333151	1.6423364431903	1.2939680824767
RAB12	0.189057039	0.050819679	0.022787676	2.621955647	23.29980424	1.64229996406232	1.2939680824767
SON	-0.290287764	0.050829045	0.022799061	-2.622201544	24.99273969	1.64208303944324	1.2938880499496
ASNS	-0.155219475	0.050883378	0.022830625	-2.620923281	25.76004573	1.64148219931415	1.29342406485056
SUGP1	-0.510607201	0.050964161	0.022874076	-2.61988079	21.08646839	1.64065644026506	1.29273512098734
EXOC6	0.228777604	0.050992724	0.022894104	2.619400919	25.42409099	1.64027634866261	1.29249178766834
UHRF2	0.573369951	0.051046641	0.022925527	2.618648846	20.75169016	1.63968067220925	1.29203283032849
NIPA1	0.39633288	0.051105282	0.022959088	2.617846741	19.26295941	1.63904536733826	1.29153421092392
CDK9	-0.290319555	0.051123271	0.022980082	-2.617345567	23.55585721	1.63864842594869	1.29138136666884
THOC6	-0.580651851	0.051123271	0.022981623	-2.617308783	21.10981875	1.63861930397435	1.29138136666884
RPL26L1	-0.904857998	0.051343464	0.023087865	-2.61626101	19.51238159	1.63661622566181	1.28951483404137
INPP1	-0.670360458	0.051373898	0.023109225	-2.654345795	26.39489521	1.63621461894613	1.28925748088526
TRIM11	0.340979712	0.051373898	0.023116075	2.614109903	18.98368044	1.6360859051369	1.28925748088526
STK38L	-0.541127923	0.051457344	0.023160897	-2.613047574	20.70069994	1.63524462479752	1.28855263390321
TTN	-0.528232643	0.05171251	0.023283057	-2.610162409	21.48829894	1.63295999863255	1.28640438211394
LMAN2L	-0.167882789	0.051720231	0.023293845	-2.609908336	23.48756392	1.63275881870201	1.28633954408164
PTMS	0.506786835	0.051742274	0.023311087	2.64309909	27.41984675	1.63243747478079	1.2861544885698
B4GALT1	0.321360386	0.051742476	0.023318492	2.609328279	22.94990795	1.63229953870097	1.28615279310288
TYMS	0.252431659	0.0518969	0.023401032	2.607390135	23.16630325	1.63076498951198	1.28485858344448
SMARCC2	-0.236181412	0.0518969	0.023402758	-2.607349674	24.4273019	1.63073295824801	1.28485858344448
CCND1	-1.785188855	0.051911006	0.023416458	-2.63911628	18.82955446	1.63047879617183	1.28474055470783
DYRK1A	-0.258238467	0.052041764	0.023482798	-2.605476769	22.95091654	1.62925015769853	1.2836479910789
MYDGF	-0.214022741	0.052093067	0.023513311	-2.604764415	24.47540003	1.62868621188811	1.28322007255454
SUN2	-0.333786876	0.052128517	0.023538609	-2.604174511	22.1711425	1.62821920510658	1.28292463010613
ADCY9	0.443001718	0.052128517	0.02354405	2.604047708	17.1927141	1.62811882860548	1.28292463010613
LRATD2	0.303850953	0.052391973	0.023670447	2.601110247	23.28956144	1.62579354064293	1.28073524639117
MOCS3	0.951912418	0.05250776	0.023730182	2.631592664	22.45658232	1.6246989309233	1.27977650847717
DERA	0.36802626	0.052553354	0.023758217	2.599079517	21.18249527	1.62418615527826	1.27939956170596
VPS25	0.500752321	0.052565905	0.023778753	2.600706825	22.64940965	1.6238109242934	1.27929585416236
NBEAL1	0.429852881	0.052565905	0.023773046	2.598737147	20.60062445	1.62391516929242	1.27929585416236
ITPA	0.301675565	0.052591773	0.023797889	2.598164043	24.0014658	1.62346156547762	1.27908218778824
P3H3	-0.558020454	0.052749015	0.023876498	-2.596354448	19.05151431	1.62202937146253	1.27778564568067
BCL10	-0.340190076	0.052820478	0.023916312	-2.595440151	21.41532739	1.62130578963078	1.27719767295448
PCYT2	0.219908953	0.052890162	0.023955341	2.59454533	22.13711862	1.62059764265746	1.27662510275605
SMS	-0.177379708	0.052905948	0.02396997	-2.594210297	24.92439325	1.62033250951422	1.27649549926227
STXBP3	0.220873421	0.052956805	0.024000497	2.593511799	22.7712018	1.61977976486662	1.276078224715
XRCC5	-0.122951553	0.052987693	0.024026035	-2.592928126	28.04411607	1.6193178946019	1.27582498856607
ARHGEF28	-0.718304835	0.052987693	0.024029477	-2.592849517	19.80317936	1.61925568148432	1.27582498856607
GK3P	-0.484339923	0.053027783	0.024055153	-2.592263385	16.94898598	1.61879187647314	1.27549652960392
DNTTIP1	0.798488509	0.053138735	0.024112997	2.59552266	21.10459529	1.61774880788583	1.27458878844774
FBXO42	-0.474490283	0.053277516	0.024183503	-2.589342606	16.62660971	1.61648079101116	1.27345603182276
FGF2	0.496897635	0.053292983	0.024198058	2.589012364	19.22263939	1.61621948665288	1.27332997005404
ATP6V0D1	-0.246059706	0.053393244	0.02425113	-2.587809773	23.17359234	1.61526802030581	1.27251369201904
EXOC3	-0.198325116	0.053518148	0.024315427	-2.586356292	23.73183217	1.61411809944084	1.27149892377717
RSBN1L	-1.557334839	0.053583447	0.024352669	-2.61604912	19.77515363	1.6134534341023	1.27096935185273
MRPS34	-0.370813223	0.05364261	0.024387141	-2.584739571	23.24881029	1.61283911074418	1.27049009955605
RAB5B	-0.207135907	0.053863596	0.024501604	-2.582168723	24.99070815	1.61080548357234	1.2687046559222
RND3	-0.600860852	0.053863596	0.024502835	-2.582141148	17.79967449	1.61078366446704	1.2687046559222
HOMER2	0.490556714	0.054031052	0.024586649	2.580266215	16.69510396	1.60930065873504	1.267356576541
INSR	-1.378380664	0.054041061	0.024598843	-2.590991463	17.51232986	1.60908531934103	1.26727613296751
SLFN5	0.306609037	0.054101935	0.0246342	2.579205273	23.9325497	1.60846153695014	1.26678720171794
NCOA2	-0.23536532	0.054105281	0.024643372	-2.579000862	22.83197985	1.60829986709214	1.26676034307781
CLN6	-0.238251478	0.054152163	0.024672381	-2.578354855	22.59595915	1.60778893704191	1.26638419166649
DDX20	-0.369743934	0.054225409	0.024713418	-2.577442243	22.05359573	1.60706718515709	1.26579716359642
FMNL3	0.681253619	0.054293903	0.02475231	2.576578713	17.94885352	1.60638426447024	1.26524893730111
SCARF2	2.246320563	0.054326846	0.024775008	2.614711116	19.0271925	1.60598619660635	1.26498550763988
CBR3	-0.640591255	0.054386451	0.024814262	-2.575205884	19.7278056	1.60529863660987	1.26450928024356
NEK7	0.424035458	0.054386451	0.024821575	2.575044066	21.47134037	1.60517066473466	1.26450928024356
ATAD3B	-0.219159698	0.054386451	0.024825254	-2.574962657	22.263041	1.60510629931862	1.26450928024356
GBA	0.199781485	0.054496891	0.02488337	2.573678461	23.7032235	1.60409080270741	1.26362827313727
RETREG3	0.576935806	0.054632381	0.024952958	2.572144604	19.81183606	1.60287796439203	1.26254987155886
PIK3AP1	-0.372417852	0.054744262	0.025011797	-2.570850931	17.98658267	1.60185510478497	1.26166139452128
EPHB4	0.406395708	0.054788061	0.025039553	2.570241705	21.08208964	1.6013734283117	1.2613140693755
CASP2	-0.434374129	0.054818869	0.025061383	-2.569763021	19.63021286	1.60099496635482	1.26106992888638
GLRX5	0.264639271	0.054918763	0.025114814	2.568593093	22.16550066	1.60007003387205	1.26027925345138
ANKRD17	-0.171849219	0.055063982	0.025189008	-2.566972584	24.15383073	1.59878893566224	1.25913238542189
PRSS23	-0.964997199	0.055234979	0.025279899	-2.567028724	18.16080873	1.59722466550952	1.25778580677156
IDH2	-0.217301913	0.055234979	0.025282847	-2.564929661	25.50893681	1.59717402347619	1.25778580677156
GORASP1	-0.347175138	0.055296433	0.025318794	-2.564149058	18.63410829	1.59655698473758	1.2573028827709
PPAT	0.180895899	0.055337509	0.025345424	2.563571456	24.75197465	1.59610043912907	1.25698039438016
NDUFB4	-0.289932987	0.055468069	0.025413064	-2.562107045	23.0740197	1.59494296981501	1.2559569528744
GALK2	0.549796045	0.055526353	0.025447616	2.561360446	20.09888243	1.59435289727775	1.25550085028016
PDIA5	0.220462603	0.055580648	0.025480356	2.560653918	24.12514169	1.59379450852839	1.25507639420521
SF3B2	0.148739574	0.055655048	0.025522332	2.559749389	26.43098869	1.59307964623374	1.2544954383532
LAMTOR3	0.242411578	0.055715563	0.025557959	2.558982804	22.63410292	1.59247383089037	1.25402347662249
CNIH4	0.459289655	0.055807889	0.0256082	2.557903548	21.56802307	1.59162094701149	1.25330440487969
UBTF	-0.126532112	0.05610369	0.025751863	-2.554828808	25.57442398	1.58919134676444	1.25100857378953
MMP15	-0.352468785	0.056112069	0.025763641	-2.554577473	19.78647411	1.58899276109217	1.25094371741815
EIF3H	-0.140629793	0.05615503	0.025798877	-2.553826246	25.23372533	1.58839919804134	1.25061133640334
GMEB1	-0.564460238	0.05615503	0.025799243	-2.553818436	17.08382701	1.58839303689514	1.25061133640334
GABARAPL2	0.24206701	0.05617204	0.025814999	2.553482849	24.03373795	1.5881278874401	1.25047980356457
RAB34	-0.203686595	0.056194133	0.025833096	-2.553097647	24.52658305	1.58782354213711	1.25030902497781
PCTP	-0.273932805	0.056274567	0.025878027	-2.552142386	22.87176446	1.58706883834633	1.24968783795755
RCC2	-0.131295727	0.056310357	0.025902446	-2.551623924	26.02080783	1.58665922301741	1.24941171928235
RELB	0.442019714	0.056374897	0.025940103	2.550825294	20.08242546	1.58602830380156	1.24891423859287
HMOX2	0.115059734	0.056391278	0.025959814	2.550407729	25.76672814	1.5856984235459	1.24878806284987
ZMYM3	-0.380020801	0.056391278	0.025963584	-2.550327891	22.73709836	1.585635357943	1.24878806284987
NAA16	1.094695946	0.056448824	0.025998059	2.553997736	17.96369928	1.58505907499288	1.2483451013144
STRAP	-0.114981518	0.056599129	0.026075284	-2.54796771	26.23310136	1.58377095273993	1.24719025208742
LPIN1	-0.767287647	0.056732199	0.02614461	-2.547805488	20.19819149	1.58261783217096	1.24617038239587
CRK	-0.166870341	0.056788606	0.026179405	-2.54577655	24.58426788	1.58204022822656	1.2457387918895
TUT7	-0.333645778	0.056788606	0.02618666	-2.545624197	20.5763739	1.58191989050455	1.2457387918895
RGCC	-1.552644405	0.05692507	0.026257634	-2.581593753	20.84770475	1.58074440951224	1.24469642666635
ANAPC16	-0.518154993	0.056938604	0.026277163	-2.543727041	18.37721563	1.58042152495525	1.24459318493281
RNF181	0.390426873	0.056938604	0.026279975	2.543668196	22.10870721	1.58037505225408	1.24459318493281
HYAL2	-0.711596009	0.057090178	0.026358004	-2.542037792	18.82622358	1.57908748044399	1.24343860291559
TRPC4AP	-0.668258569	0.05715371	0.026395416	-2.541257767	19.98840689	1.57847148899241	1.24295557313866
RNF141	0.607826582	0.057236552	0.026441766	2.54029285	17.14831191	1.57770954243744	1.24232653655581
CPNE8	0.595007592	0.057296285	0.02647746	2.539550897	18.09028659	1.57712367938692	1.2418735360833
EXOSC4	-0.332178051	0.057327876	0.026500163	-2.539079501	21.46694695	1.57675145475063	1.24163414855443
SSX2IP	-0.447076757	0.057407227	0.026544959	-2.538150519	18.27164775	1.57601794111158	1.24103343079627
GNG2	-1.61159639	0.057561087	0.02662424	-2.565078559	18.73382167	1.57472278049282	1.23987101331701
PIK3C2B	-0.582410866	0.057589705	0.026645618	-2.536068601	19.77293847	1.57437420258099	1.23965514611327
PRKAA2	-0.34981555	0.057713176	0.026710904	-2.534722402	19.8385659	1.57331141352981	1.23872502547783
PRRC1	-0.483371045	0.057736121	0.026729686	-2.535483331	22.27928935	1.57300614297441	1.23855239754025
DCP1B	-0.406695674	0.057922469	0.026824146	-2.532394953	20.44230781	1.57147409576989	1.23715293420348
BAP18	1.060529676	0.057935306	0.026838281	2.539928667	19.81856993	1.57124530430492	1.2370566948568
TMEM230	0.562666785	0.058091346	0.026918777	2.530457341	20.96110329	1.56994467528821	1.23588856062826
AP1S1	0.250433654	0.058272234	0.027010836	2.528578769	23.06755828	1.56846197395516	1.23453833191372
B3GALT6	-1.382936962	0.058289733	0.027027188	-2.55389783	19.98671352	1.56819913741676	1.23440793399077
MYH7	0.639158827	0.058365318	0.027070485	2.527364897	19.55106697	1.56750396325658	1.23384514390621
CSTF2	-0.26365834	0.058447667	0.027122025	-2.526318136	23.84015072	1.56667788805371	1.23323281947644
CASK	-0.241926216	0.058447667	0.027125204	-2.526253636	22.93154947	1.56662698694098	1.23323281947644
POLR2M	-0.412322646	0.058450802	0.027134921	-2.526056516	18.44993834	1.56647143847787	1.23320952553234
TNFAIP2	0.13831051	0.058511925	0.027171568	2.525313755	27.10297761	1.56588529886225	1.23275561368
ACP1	0.204798722	0.058742593	0.027286989	2.522980764	25.56536672	1.56404438418462	1.23104688687797
ULK1	0.190192707	0.058850005	0.027345203	2.521807735	22.97570463	1.56311884824646	1.23025349592212
CASP3	0.239770859	0.058984514	0.0274172	2.520360347	23.09680913	1.56197689989811	1.22926199458049
P3H4	-0.461025018	0.058984514	0.02742438	-2.520216197	20.48450051	1.56186318200749	1.22926199458049
SGTA	0.174181928	0.059019807	0.027449133	2.519719562	23.94242269	1.5614713684912	1.22900221501519
RBM26	0.555153206	0.059130072	0.027519707	2.518776634	21.54129521	1.56035619430864	1.22819159217993
CLCN5	-0.316976183	0.059130072	0.02751649	-2.518370313	19.594021	1.56040696545294	1.22819159217993
RBM15	-0.19696223	0.059130072	0.027525492	-2.518190255	23.20675943	1.56026490955965	1.22819159217993
PTP4A2	-0.239573644	0.059552362	0.027730489	-2.514104935	23.12866293	1.557042471997	1.22510100860231
PIP4P1	0.95201322	0.05957505	0.027749475	2.52404105	20.92343255	1.55674522900112	1.22493558448776
NFXL1	-0.365494998	0.059584054	0.027762092	-2.513477749	22.17298599	1.55654781091805	1.224869951441
CNTROB	-0.558744954	0.059701675	0.027825336	-2.512224731	16.99704834	1.55555958271419	1.22401348406238
COMP	-0.506980742	0.059732822	0.027848296	-2.512238162	21.93317653	1.55520137357599	1.22378696708656
AP4E1	-0.484483836	0.05978185	0.027879605	-2.511151722	16.72028171	1.55471338364202	1.22343064947807
RANBP2	-0.166222202	0.059830111	0.027919942	-2.510355497	25.93587633	1.55408548823749	1.22308019143101
PFKL	0.135483118	0.059830111	0.027921407	2.510326594	26.14019771	1.55406270077166	1.22308019143101
PAFAH1B3	0.16309314	0.059830111	0.027927485	2.510206727	24.72597166	1.55396817277739	1.22308019143101
RPL10	-0.160027073	0.059843503	0.027942195	-2.509916701	27.05353982	1.5537394808652	1.22298299253259
ACTC1	0.171176558	0.059889477	0.027972128	2.509327037	30.64406139	1.55327449310281	1.2226494794856
ACIN1	-0.264403825	0.059907223	0.027988885	-2.508997192	24.6916731	1.55301440228384	1.22252081166867
FIS1	1.046803274	0.059982196	0.028032392	2.512366678	18.77915316	1.55233984237251	1.22197763838936
OMA1	0.357555671	0.060091298	0.028091875	2.506974159	20.28215742	1.55141927272517	1.22118841492254
LAMA1	-2.45301887	0.060108112	0.028108232	-2.542757113	19.77373118	1.55116647053599	1.22106691303719
RCOR3	-0.279586633	0.060253451	0.028184714	-2.505156697	20.65306423	1.54998636775712	1.22001807394254
STK11IP	1.107645471	0.060316418	0.028224173	2.5085954	18.01307717	1.54937877453314	1.21956445773884
ZC3HC1	-0.498263818	0.060316418	0.028231222	-2.504248446	19.9621501	1.5492703228318	1.21956445773884
ETV6	-0.623632688	0.060351005	0.028255941	-2.505010881	21.20188348	1.54889022493298	1.21931549338237
SNX11	0.373109849	0.060516954	0.028342192	2.502087136	19.81319878	1.54756656422651	1.21812293944401
VPS18	0.192473969	0.060533953	0.028363555	2.501672021	22.85453134	1.54723933695427	1.21800096477849
WDFY1	0.350270356	0.060533953	0.028367268	2.501599893	22.40512328	1.54718248830204	1.21800096477849
C2orf69	-0.308202537	0.060570871	0.028393131	-2.501097795	19.20821731	1.54678671381276	1.21773618120257
PTMA	0.417709539	0.060588317	0.028409874	2.528354698	27.8926993	1.54653069240259	1.21761111100841
DTWD1	-3.378244688	0.060691765	0.02846696	-2.535521426	18.60190319	1.54565890888809	1.21687023244503
TATDN1	0.155094897	0.0607308	0.028499506	2.499037302	24.47419028	1.54516266782775	1.21659099792738
PDLIM2	0.264738591	0.0607308	0.02850244	2.498980593	23.21321876	1.54511795988002	1.21659099792738
CRKL	-0.143899333	0.060739392	0.028515058	-2.498736697	25.38657232	1.54492574071733	1.21652955967436
ERCC2	0.304900589	0.060873105	0.028586437	2.497359008	21.45354364	1.54383997152792	1.21557454529851
RBL1	-0.337741773	0.060904571	0.028609823	-2.496908357	19.14509238	1.54348482903015	1.21535011154479
HAUS3	-0.617227222	0.060964161	0.028646433	-2.499062176	21.62098614	1.54292944786274	1.2149253986621
CHUK	-0.921081269	0.061005535	0.028674498	-2.499837257	20.10259261	1.54250417648644	1.21463075989242
C1orf131	-0.738994622	0.061429752	0.028894959	-2.491442464	18.21686805	1.53917791743177	1.21162123798092
UBA3	-0.137429684	0.061429752	0.028898535	-2.491374247	24.92123738	1.53912417307538	1.21162123798092
RPL8	-0.195369759	0.061429752	0.028899946	-2.491347338	27.94956726	1.53910296872871	1.21162123798092
COMMD2	-0.260021185	0.061467871	0.028926568	-2.490839765	22.61125344	1.53870309027454	1.21135182883399
SRA1	-0.386243969	0.061860878	0.029120261	-2.487160533	22.49812437	1.53580473683318	1.20858392028743
CX3CL1	-1.852904478	0.061876894	0.029145294	-2.520656712	19.26780893	1.53543155942384	1.20847149446387
OCIAD2	0.23546928	0.061876894	0.02913739	2.486836305	24.93573148	1.53554935302463	1.20847149446387
EP300	-1.713091987	0.062013308	0.029218315	-2.520652842	20.85041185	1.53434483314171	1.20751510129573
APEX2	-0.637095838	0.062099665	0.02927005	-2.48433153	16.93034813	1.53357653569038	1.20691074264216
NF1	-0.166830936	0.062099665	0.029282311	-2.484100602	24.31874262	1.53339465114706	1.20691074264216
SH3D19	-0.38633129	0.062099665	0.029285338	-2.484043587	20.28635229	1.53334975914882	1.20691074264216
ASCC1	0.19575705	0.062138766	0.029314457	2.483495546	22.74912172	1.53291814596452	1.2066373755534
PRPS2	0.120468287	0.062138766	0.029324279	2.483310813	25.07716361	1.53277265713812	1.2066373755534
PEF1	0.342854114	0.062138766	0.029334201	2.483124256	22.652069	1.53262573652611	1.2066373755534
NENF	0.219931232	0.062138766	0.029338914	2.483035655	23.36502389	1.53255596590297	1.2066373755534
COQ7	-0.413997135	0.06234107	0.029443245	-2.481077981	18.22015958	1.53101432721732	1.20522574791886
MYO5C	-0.805695065	0.062512128	0.029532871	-2.479401603	16.78904448	1.52969433160418	1.20403571685584
NEGR1	-0.556500604	0.062557847	0.029563314	-2.478833327	17.5280131	1.52924688383468	1.20371820643333
TIMM44	-0.199799986	0.062632999	0.029607683	-2.478006098	23.99119733	1.52859557774028	1.20319679286569
GOSR1	-0.278116865	0.062653608	0.029626282	-2.47765969	21.0462615	1.52832284761545	1.20305391446436
PXDC1	-1.341034318	0.062680543	0.02965674	-2.493401735	19.1969947	1.52787659025382	1.20286724990475
TMEM126A	-0.400329818	0.062680543	0.029649397	-2.477229468	21.60461189	1.52798413475286	1.20286724990475
SPTBN2	-0.288894323	0.062692778	0.029671391	-2.476820417	24.15990289	1.52766209340463	1.20278248557115
NAPG	0.209433243	0.062946318	0.029800285	2.47442909	23.94625762	1.52577958245611	1.20102966855929
PRPF6	-0.176254365	0.063324362	0.029988212	-2.470960494	25.63495991	1.52304942759434	1.19842917708065
B3GALNT1	-0.637287333	0.063397297	0.030034379	-2.470111619	16.8471148	1.52238134322924	1.19792925825406
OTUD4	0.233793812	0.063397297	0.030040676	2.469995935	22.05903458	1.52229029870627	1.19792925825406
PRMT1	-0.123090545	0.063682699	0.030184915	-2.467352458	26.48061572	1.52021004277168	1.19597853861261
PPP1R12C	0.791428162	0.063724603	0.030221948	2.467598688	19.41981577	1.51967754600676	1.19569286147574
RWDD4	-0.351371964	0.063724603	0.030222794	-2.46666029	21.32940973	1.51966538901445	1.19569286147574
PARK7	-0.16434091	0.063859026	0.030295574	-2.46533271	29.26478858	1.51862081465875	1.19477770975604
SCO2	0.350095554	0.063913737	0.030337435	2.464570537	20.68657083	1.51802114116422	1.1944057887567
RPLP0	-0.161074434	0.063913737	0.0303396	-2.464531142	27.61499428	1.51799014928884	1.1944057887567
TXNDC12	0.191632979	0.064054978	0.030415701	2.463148241	25.06710861	1.51690216976744	1.19344711363323
CDC42SE2	0.977202716	0.064103395	0.030447753	2.465331343	17.39671638	1.51644475215125	1.19311896906587
HID1	0.300817048	0.064208617	0.030506808	2.461497076	22.48772203	1.51560323124674	1.1924066843233
NACA	-0.162948817	0.064266408	0.030543351	-2.460836143	27.09015262	1.51508331695307	1.19201597314661
DYNLRB1	-0.212297097	0.064339081	0.030586985	-2.460047959	24.76066723	1.51446332989323	1.19152514672095
STRIP1	-0.229446955	0.064527086	0.030685485	-2.458272698	21.76449523	1.51306700807635	1.19025794689807
NCKAP5L	-0.530664017	0.064703546	0.030778546	-2.456600539	20.47305178	1.51175190039446	1.18907191769246
TRIM65	-0.35133232	0.064846363	0.030855649	-2.455218829	18.10128425	1.51066531445282	1.18811437691722
RPRD1A	-0.230598542	0.064865955	0.03087414	-2.454887947	22.79565579	1.51040513084827	1.18798318355508
RELA	0.175508145	0.064881293	0.030890613	2.454593366	24.30478977	1.51017347337948	1.18788050378504
MAP1S	-0.338466164	0.064933972	0.030924873	-2.455165649	23.86146125	1.5096920752239	1.18752803059526
DPM3	-0.239213349	0.065008287	0.030969456	-2.453185483	23.10094551	1.50906642326036	1.1870312776807
GOLIM4	-1.052753904	0.065012823	0.030985928	-2.460125145	19.68112131	1.50883549259986	1.18700097552791
TUBB2B	-0.232421548	0.065012823	0.030989997	-2.454002352	27.98092421	1.50877846580278	1.18700097552791
ZNF629	-0.310946831	0.065201838	0.031093148	-2.450983725	20.6458878	1.50733530594593	1.18574016159926
ARNT	-0.488569339	0.065201838	0.03109853	-2.450888113	20.23241732	1.50726013920393	1.18574016159926
RFX1	-0.303890828	0.065318583	0.031163446	-2.449736176	20.85496776	1.50635452481086	1.18496324527578
PPIL1	0.134314822	0.065328839	0.031177574	2.449485782	24.38017676	1.50615768130252	1.18489505986275
HDGF	0.105950931	0.065417007	0.031228899	2.448577065	27.54651342	1.50544332690183	1.18430932987046
ACP6	0.411409976	0.065423912	0.031241444	2.448355175	18.045336	1.50526890095547	1.18426349094754
ZNF217	-1.485360206	0.065443853	0.031268861	-2.469033979	18.38349163	1.50488793808627	1.18413113954182
SCLY	-0.535814798	0.065443853	0.031269469	-2.447859793	21.02393599	1.50487949363164	1.18413113954182
CCPG1	-1.04114686	0.065449802	0.031290816	-2.451460203	16.54265655	1.504583111201	1.18409166294726
SAV1	-0.579839076	0.065449802	0.031282654	-2.447626876	18.94804996	1.50469640878802	1.18409166294726
RRAGC	0.341659458	0.065492293	0.031322419	2.44692499	21.84146029	1.50414470517783	1.18380980389379
ERCC6	-0.435656017	0.065492293	0.031329646	-2.44679752	20.09511541	1.50404451227167	1.18380980389379
RMDN1	0.390800461	0.06556459	0.0313735	2.447199697	23.20121314	1.50343702909005	1.18333065025264
LYN	1.475779738	0.065615142	0.031416241	2.465137021	18.05097594	1.50284578016873	1.18299592696268
VPS29	-0.128854333	0.065615142	0.031410001	-2.445382164	24.54176915	1.50293204977486	1.18299592696268
UBE2Z	-0.134174077	0.065825746	0.031529958	-2.443275749	26.13798473	1.50127660776083	1.18160421035562
EFTUD2	-0.15978694	0.065825746	0.031535687	-2.44317534	27.00701771	1.50119770353037	1.18160421035562
ARMC7	0.701394181	0.06602449	0.031640235	2.441346169	19.66072654	1.4997602995478	1.1802949447752
ZNRD2	0.167507643	0.066347754	0.031804528	2.438483473	23.72203269	1.49751104525382	1.17817377426023
NAMPT	0.161025684	0.06647309	0.031874914	2.437261441	25.73185723	1.49655097830311	1.17735413258801
C1orf122	0.33862161	0.06647309	0.031883403	2.437114225	19.95379033	1.49643533140237	1.17735413258801
SMARCD1	-0.402674823	0.066486568	0.031899267	-2.436839239	21.10781543	1.49621929630058	1.17726608451185
SEC61B	0.138511534	0.066496894	0.031913621	2.43659052	25.38815904	1.49602391686255	1.17719863966176
URGCP	-0.489848688	0.066559789	0.031953215	-2.435905041	17.68267912	1.49548543839716	1.17678806346434
SPATA33	-0.40782215	0.066658237	0.032012255	-2.43488444	17.39188018	1.49468373230501	1.17614617689356
AP3S2	0.592211646	0.066658237	0.032022413	2.434709022	18.38307191	1.4945459455866	1.17614617689356
NSUN4	0.505327934	0.066658237	0.032028746	2.434599684	20.19421863	1.49446006464375	1.17614617689356
PARVA	0.256373558	0.066673436	0.032045474	2.434310988	21.81326194	1.4942333001741	1.17604716303271
CTTN	0.174193916	0.066695354	0.032065436	2.433966656	27.51778589	1.49396285051965	1.17590441799408
MED16	-0.227314064	0.066707379	0.032080648	-2.433704419	21.70748648	1.49375686794454	1.17582612287911
GSK3A	-0.491071058	0.06674608	0.032108695	-2.433221203	20.92143431	1.49337734519077	1.17557423534706
PTRH1	-0.290940718	0.066905983	0.032195076	-2.431735576	20.9144892	1.492210545371	1.17453504414992
S100A1	0.228681695	0.066924823	0.032213602	2.431417447	22.9327451	1.49196071134107	1.17441276874357
TTC27	0.29532444	0.066944433	0.032232505	2.431093045	23.32019094	1.49170594129493	1.17428553243696
NUDT3	0.631744322	0.067273496	0.032402959	2.43207657	21.76243302	1.48941532872258	1.17215600276082
ATAD3A	-0.195798598	0.067273496	0.032409963	-2.428056477	26.0537258	1.48932146476862	1.17215600276082
POLR1F	-0.38566847	0.067369232	0.032465608	-2.427107615	18.73262703	1.48857645946079	1.1715384035166
TBP	-0.438167504	0.06745924	0.03251852	-2.426206828	19.98829136	1.48786922846726	1.17095855590794
KIAA1143	0.759474179	0.067475712	0.032539797	2.425844999	18.77828112	1.48758516074319	1.17085252409579
RAD51AP1	-0.342867288	0.067475712	0.032545537	-2.425747429	17.06365865	1.48750855822218	1.17085252409579
NKRF	-0.255339798	0.067574288	0.032602636	-2.424777731	23.73707137	1.48674728477951	1.17021852157153
COMMD9	0.239820792	0.067649175	0.032648329	2.424002904	23.55827523	1.48613904179014	1.16973749537282
SRSF1	-0.233864029	0.067657387	0.032661857	-2.424801853	26.62131527	1.48595912695006	1.16968477913738
LRRC8A	-0.352264294	0.067775439	0.032728428	-2.422647205	21.41117399	1.48507485406631	1.16892766069458
SEPHS1	0.162297065	0.068022194	0.032857201	2.420474397	23.70159151	1.48336943548493	1.16734936436556
ERBIN	0.220684462	0.06809341	0.032914126	2.419516518	23.01481427	1.48261767265201	1.16689491656184
FEN1	-0.16562154	0.06809341	0.032916434	-2.4194777	25.59763924	1.48258722017934	1.16689491656184
ACOT8	0.320846468	0.06809341	0.032920478	2.419409719	23.31985769	1.48253386752856	1.16689491656184
PATL1	-0.593788499	0.068119428	0.032942686	-2.41903653	20.57243256	1.48224099328342	1.16672900747231
ALDH9A1	-0.132000689	0.068145946	0.032970855	-2.418563521	25.60720135	1.48186979058911	1.16655997522474
MLF1	-0.423608626	0.068145946	0.032974777	-2.418497691	18.76549645	1.48181813279439	1.16655997522474
GPI	0.122116407	0.068251258	0.033035384	2.41748142	28.15606907	1.4810206406307	1.16588933934328
BCAP31	-0.157067052	0.068372851	0.033103904	-2.416334642	26.54508568	1.48012078611317	1.16511631058186
SCAMP3	-0.186437618	0.068487801	0.033172415	-2.415190293	24.54777298	1.47922291006041	1.16438677785343
PRCC	-0.53107648	0.068487801	0.033178922	-2.41508173	21.42002498	1.47913772853037	1.16438677785343
SUB1	0.162430476	0.068518864	0.033212708	2.414518337	26.73748117	1.47869571273313	1.16418984597829
SKIV2L	-0.231133771	0.068518864	0.033213343	-2.414507767	23.40427419	1.47868740945477	1.16418984597829
LBR	-0.162168047	0.06857382	0.033249675	-2.413902549	24.69065972	1.47821259536528	1.16384165688272
MYCBP	0.144227269	0.068595715	0.033269988	2.413564459	24.08148394	1.47794735577484	1.16370301271859
SLC30A9	0.302052963	0.0686507	0.033306362	2.412959562	17.87408396	1.47747280200142	1.16335503010112
PROSER2	-0.313466418	0.068723374	0.033351335	-2.412212527	22.56173145	1.47688677729378	1.16289552680179
DHRS7B	-0.241469693	0.069041273	0.03351571	-2.409490416	22.45258275	1.47475157603704	1.16089120959038
GNG5	0.219537412	0.069041273	0.033525421	2.409330006	24.37750793	1.47462575973054	1.16089120959038
MPHOSPH10	-0.373640553	0.069041273	0.03353489	-2.409173624	21.214491	1.47450311387891	1.16089120959038
SORT1	-0.360838914	0.069083584	0.033565207	-2.408673251	21.74096028	1.47411067013315	1.16062513967657
COX16	0.451645442	0.069096	0.033581008	2.408412644	20.11572845	1.4739062717993	1.16054709341031
NUDT9	0.239339155	0.069185571	0.03363432	2.407534195	23.24070585	1.47321734821703	1.1599844704057
EPHX2	-0.275216111	0.069190208	0.033646355	-2.407336077	21.95873206	1.47306197717935	1.15995536381598
RFC2	-0.288820704	0.069240837	0.033680763	-2.406770026	23.59672378	1.4726180786054	1.15963769090808
POLR1A	-0.177328928	0.069262977	0.033701324	-2.406432049	22.79070555	1.47235303697439	1.1594988459242
CCDC25	0.181387702	0.069296516	0.033727439	2.406003062	23.15692394	1.47201663451178	1.15928859973178
GOLGA4	0.443128912	0.069333767	0.033774089	2.406364911	22.54154945	1.47141635652085	1.15905520333693
SND1	-0.120759555	0.069333767	0.033770706	-2.40529303	27.22063821	1.47145986004273	1.15905520333693
ACOT7	-0.140802813	0.069333767	0.033774973	-2.405223045	26.54729167	1.47140498948449	1.15905520333693
TES	-0.141722017	0.069403246	0.03381863	-2.404507582	24.94267467	1.47084398974512	1.15862021705348
ALDH5A1	-0.285659894	0.069434624	0.033843735	-2.404096556	22.65079783	1.47052171417972	1.15842391193176
PIGT	0.155068885	0.069606199	0.033937204	2.402568863	24.61979861	1.46932394096328	1.15735208119965
ABCB6	-0.175724735	0.069677163	0.033981653	-2.401843793	26.93185904	1.46875549917745	1.15690954052806
NDUFA2	-0.314412063	0.069679367	0.033992578	-2.401665719	22.81423394	1.46861589723755	1.15689580331692
LRIG3	-1.004466025	0.069899927	0.034110058	-2.403543361	18.75993899	1.46711754212709	1.15552327780959
MID1	0.428415464	0.07007378	0.034204801	2.398217497	20.32950459	1.46591293191253	1.15444445466479
HNRNPH3	-0.245480975	0.070141893	0.034247964	-2.39751871	25.41792501	1.46536524168536	1.15402251749129
IQSEC2	0.429591534	0.07014359	0.034258708	2.397344897	20.38785077	1.46522901962652	1.15401201037794
CHCHD10	0.534327766	0.070202809	0.034297556	2.396716897	19.51886992	1.4647368261243	1.15364551025206
ABL1	0.237123762	0.070279908	0.034345157	2.395948309	22.07658427	1.46413449401814	1.1531688156901
ASPM	-1.328925044	0.070349144	0.034398882	-2.406138787	17.19351259	1.4634556722285	1.15274118264058
FLVCR1	-0.909472978	0.070349144	0.034396074	-2.397709053	18.81034273	1.4634911253773	1.15274118264058
MACF1	-0.126128996	0.070396164	0.034431825	-2.394551596	25.27765698	1.46303995764896	1.15245100561672
ATP5PO	0.131121093	0.070532385	0.034508423	2.393319974	25.82961285	1.46207488707325	1.15161143056307
ASAP2	-1.468756647	0.070594986	0.03454903	-2.424837985	23.51341985	1.46156414138851	1.15122614356379
PAK4	-0.19489342	0.070602086	0.034562486	-2.392452295	23.59571517	1.46139502726801	1.15118246715066
UBAP2	-0.282440078	0.070664826	0.034603189	-2.391799895	22.87424722	1.4608838751586	1.15079670608036
FNDC3B	0.240345856	0.070676862	0.034619073	2.391545487	23.02771736	1.46068456547203	1.15072274108856
HDAC11	0.477761697	0.070740127	0.034660062	2.390889545	18.35889534	1.46017066475442	1.15033416483015
EIF4A1	-0.094578953	0.070760451	0.034680023	-2.390570379	29.20688916	1.45992062316902	1.15020940772688
ENG	-0.352802662	0.070819752	0.034719098	-2.389946108	17.79949487	1.45943156629253	1.14984559840847
FRG1	-0.226142409	0.070838401	0.034738255	-2.389640305	22.1852855	1.45919200117116	1.1497312504847
ATP5ME	-0.170288981	0.0708768	0.034767104	-2.389180072	24.40317928	1.45883148329432	1.14949589853797
FAM20B	-0.399851929	0.071010532	0.034842742	-2.387975198	22.18847868	1.45788767488679	1.14867723367151
NR2F2	0.443356635	0.071483027	0.035084686	2.384138002	16.90979992	1.4548824059551	1.14579706526597
CYCS	0.142877082	0.07150636	0.035106246	2.383797297	26.72995192	1.45461560826322	1.14565532896723
TUBA1C	0.222595702	0.071515128	0.035120661	2.384672158	27.48839474	1.45443731890628	1.14560207970972
BMP1	0.262456864	0.071583613	0.035164413	2.382879144	20.58552164	1.45389662787346	1.14518638548829
PWP2	-0.19826742	0.071671118	0.03521753	-2.382041962	23.37351046	1.45324110677268	1.14465582090448
HOMER1	-0.56286511	0.071732504	0.035257834	-2.381407551	20.00854152	1.45274437129766	1.14428400877976
TRIP4	0.258243141	0.071733276	0.035268354	2.381242068	23.31407161	1.45261480870218	1.14427933483814
ORMDL1	-0.215000985	0.071744004	0.03528377	-2.380999657	21.53249645	1.45242501756734	1.14421438920758
NUP98	-0.216179255	0.071767009	0.035305229	-2.380662404	24.29729027	1.45216096719954	1.14407515327811
ERBB2	0.390378395	0.071918914	0.035390124	2.379330096	21.69555878	1.45111791567779	1.14315687921933
UBIAD1	-0.367981457	0.072155278	0.035516635	-2.377350393	21.89585937	1.44956818788666	1.14173189572172
TAOK1	-0.215962423	0.07227259	0.035584596	-2.376289725	22.4637275	1.44873796045295	1.14102638138891
PROS1	0.781482538	0.07232875	0.035622472	2.37569943	17.56308159	1.44827594622291	1.14068904040258
METTL15	0.664223243	0.072485914	0.035710123	2.374335721	19.60675886	1.44720865392009	1.13974638055218
TBC1D13	-0.365835326	0.072571653	0.035762621	-2.373520481	20.54532909	1.44657065978316	1.13923298466818
CCN2	0.348644059	0.072943261	0.035956057	2.372202169	23.9339487	1.44422793977063	1.13701482502761
FTO	0.477799717	0.073094879	0.036041128	2.36921477	21.80400076	1.44320162511502	1.13611304848601
RPP40	-0.311890665	0.07315861	0.036082894	-2.368571829	20.94095012	1.44269863748744	1.13573455463171
PACSIN3	0.201082774	0.073187241	0.036107361	2.368195523	24.15001343	1.44240425195035	1.13556462449177
HIBADH	0.498429963	0.07323187	0.036139731	2.367698038	20.64559427	1.44201508436088	1.13529987586845
TRIM3	-0.494528425	0.07368638	0.036374447	-2.364103593	19.00177659	1.43920360052629	1.13261277859244
STUB1	0.178379935	0.073718993	0.036400968	2.363698868	22.54974358	1.43888706713477	1.13242060586656
HDHD2	0.279844964	0.073792763	0.03645026	2.362947373	22.01974753	1.4382993695089	1.1319862281943
PGPEP1	0.509188563	0.073792763	0.036458257	2.362825544	18.01445055	1.43820409797881	1.1319862281943
TEKT3	0.300475331	0.07379684	0.036470703	2.362635989	20.80286035	1.4380558652555	1.13196223438218
THNSL1	-0.316516112	0.074037764	0.036600235	-2.360666899	19.99693849	1.43651612611172	1.13054670576361
RBCK1	0.436722695	0.074074727	0.036631742	2.36018896	18.95923504	1.43614242823694	1.13032994042317
CLUH	-0.183678923	0.074074727	0.03663945	-2.360072087	24.44406189	1.43605105421155	1.13032994042317
MMS19	0.218018256	0.074295966	0.036759384	2.358256749	24.73026768	1.43463177496934	1.12903476620579
FAM241B	0.790989832	0.074422215	0.036832369	2.357154827	17.62140762	1.43377034710924	1.12829740838111
MAIP1	-0.195585411	0.074448478	0.036855891	-2.356800136	22.91622734	1.43349308516412	1.12814417639344
EURL	-0.675123059	0.07455409	0.036918713	-2.355853907	18.37864881	1.43275344704863	1.1275285263799
GJA1	-1.270915694	0.074581516	0.036942837	-2.369007848	19.03997806	1.43246975626624	1.12736879308864
HADHA	0.11143581	0.074843219	0.037083048	2.353386018	27.52982558	1.4308245767072	1.1258475418044
CUL2	0.166877322	0.075031791	0.037187088	2.351829034	24.84846587	1.42960782849894	1.12475468686806
SLC30A6	-0.367236093	0.075079589	0.037221391	-2.351316606	18.83662349	1.42920740088993	1.12447811345507
DGCR8	-0.318062953	0.075129657	0.037256833	-2.350787629	19.84953872	1.42879406487404	1.12418859390146
WDR77	0.246044409	0.075247692	0.037326004	2.349756648	22.92483047	1.427988501733	1.12350681622629
PGK1	0.099820002	0.075383487	0.03740402	2.348596029	29.93607038	1.4270817194574	1.12272377734234
YBEY	0.487066643	0.075502722	0.037473856	2.347559088	18.60974031	1.42627161639752	1.12203739104273
EIF2S3	0.10272221	0.075580567	0.037530941	2.346712853	27.2519236	1.42561054653858	1.12158985436069
S100A12	0.7067653	0.075580567	0.037533861	2.346669596	19.21937198	1.42557675866852	1.12158985436069
NADSYN1	-0.1449714	0.075682883	0.037595371	-2.345759218	23.54551178	1.42486562509669	1.12100233264295
PSMA4	-0.127719952	0.075699238	0.037614196	-2.345480876	26.12795995	1.42464821675042	1.12090849215199
IGSF3	-0.287574393	0.075753567	0.0376519	-2.344923812	20.52041765	1.42421310342887	1.12059691276698
PIGX	0.53910038	0.07575911	0.037672897	2.344613815	17.97915362	1.42397098179467	1.12056513596306
ROBO1	-0.560416622	0.07575911	0.037679232	-2.344520326	19.00276631	1.42389795783142	1.12056513596306
CCDC124	-0.186703714	0.07575911	0.037686784	-2.344408894	23.0406382	1.42381092146908	1.12056513596306
HTATSF1	-0.198373144	0.07602587	0.037830232	-2.342296261	23.31664583	1.42216099531812	1.11903860131816
GTF2A2	-0.307687527	0.076147466	0.037901502	-2.341249492	20.88290401	1.42134357901909	1.1183445443375
PLEKHA2	0.353408647	0.076173149	0.037925054	2.340904001	19.98361395	1.42107379216588	1.1181980902901
PSMB3	-0.227114317	0.076173798	0.037936145	-2.34074137	25.30521605	1.420946803397	1.11819439008968
LRRFIP1	0.254508478	0.076208681	0.037971656	2.340220964	23.00010921	1.4205404622234	1.11799555496406
PCBP1	-0.142508085	0.076208681	0.037980913	-2.340085389	27.51365117	1.42043459973338	1.11799555496406
TUBGCP2	-0.296667737	0.076208681	0.037985837	-2.340013288	22.77064512	1.42037829968022	1.11799555496406
WASHC2C	-0.540046429	0.076483863	0.038133812	-2.337850575	17.32108327	1.41868977883816	1.11643018509891
BCAM	0.18213915	0.076605517	0.038216097	2.336651441	25.94389301	1.41775366939816	1.11573995208572
YBX1	0.137129601	0.076605517	0.038216125	2.336651027	27.99468006	1.41775335120132	1.11573995208572
BLM	-0.237487142	0.076915924	0.03838243	-2.334235024	24.84653176	1.41586753345194	1.11398373835986
TBCEL	0.225927053	0.076915924	0.038392724	2.334085813	20.88898025	1.41575107318607	1.11398373835986
SMG9	-0.271782921	0.077150841	0.038521243	-2.332226099	20.10217354	1.41429970754617	1.11265933545088
HSPA1B	-0.103902164	0.077150841	0.038531795	-2.33207367	29.13795022	1.41418075894867	1.11265933545088
VPS45	-0.167389271	0.077208241	0.038571377	-2.331502259	24.04467823	1.41373485652347	1.11233634176516
WDR12	-0.215436672	0.077235118	0.038604932	-2.3310183	24.21730255	1.41335720818948	1.11218518560042
BTBD1	-0.382406358	0.077235118	0.038606641	-2.330993662	17.04987418	1.41333798285211	1.11218518560042
SPAG1	0.488125396	0.077403009	0.038701505	2.32962768	20.22806498	1.41227214607963	1.11124215602647
SPPL2A	-0.281587926	0.077507795	0.038764854	-2.328717271	20.29551599	1.41156184737392	1.11065461807113
MIF4GD	1.348078974	0.077539909	0.038795128	2.344636241	18.51905602	1.41122281088954	1.11047471301182
PAN2	-0.443092835	0.077539909	0.038802838	-2.328172083	17.5513499	1.41113650938864	1.11047471301182
TRMT5	0.205926824	0.07754145	0.038814571	2.328003785	22.46499402	1.41100520953566	1.11046608208673
ALDH8A1	0.170782322	0.0775646	0.038837124	2.327680416	23.48846221	1.41075293832057	1.11033644281952
FHIP1B	-1.142923746	0.077624351	0.038878015	-2.334975418	18.19209169	1.41029591701103	1.11000201784012
MRC2	-0.488138202	0.077909162	0.039036394	-2.324831054	21.10332744	1.40853030725105	1.10841146694783
RNF121	0.385773281	0.077909162	0.039042689	2.324741269	17.35567992	1.40846027866812	1.10841146694783
BCLAF1	-0.721764089	0.078014296	0.039117431	-2.353599107	25.47307389	1.4076296748241	1.1078258062196
ODR4	-0.375975129	0.078014296	0.039111752	-2.323757141	22.49944331	1.40769272951219	1.1078258062196
DCXR	0.173654648	0.07806893	0.039155862	2.323129464	23.92194701	1.40720321077907	1.10752177296374
CEND1	-0.745487498	0.078098293	0.039181629	-2.323148837	19.23827058	1.40691751190932	1.10735845842465
PPP1R37	0.329018789	0.078106249	0.039196662	2.322549491	18.54170426	1.40675091605878	1.10731421839351
PSMB6	-0.251667209	0.078183848	0.039246656	-2.322764572	25.41543023	1.40619734127838	1.10688295856429
ATP2A3	0.359647044	0.078196487	0.039264054	2.321592764	16.86172874	1.40600486166586	1.10681275730825
INPP5A	1.007542602	0.078296138	0.03932516	2.324215864	17.97533351	1.40532950171229	1.10625965922755
SSH3	0.265810232	0.078614649	0.039496248	2.318308505	21.80543524	1.40344415881128	1.10449652028266
NAA35	-0.161745516	0.078650333	0.039525294	-2.317898968	23.04289518	1.40312489098202	1.10429943426439
ROCK1	0.249073249	0.078680028	0.03955134	2.317531981	22.32977654	1.4028387980134	1.10413549419953
NRCAM	1.883753794	0.078804311	0.039624955	2.346190703	18.55104873	1.40203121797956	1.10345002372491
UTP18	-0.508631105	0.078810336	0.039643084	-2.316241143	20.44133916	1.40183256730272	1.10341682091915
SLC27A2	-0.543126475	0.078810336	0.039650267	-2.316140202	16.89194534	1.40175388385114	1.10341682091915
GPSM1	-0.307939818	0.079090419	0.03980236	-2.314006918	16.69331705	1.40009117655468	1.10187612367617
UNC119	0.709295568	0.079167429	0.039852306	2.313505161	19.588054	1.39954654367565	1.10145345875163
ZNF428	-0.468528344	0.079527224	0.040044667	-2.310624378	18.15312842	1.39745531345464	1.09948417688992
CPNE3	-0.150127613	0.07959652	0.040090812	-2.309982428	26.17977442	1.39695514745245	1.09910591942106
UBR1	-0.209090884	0.079829009	0.040219195	-2.308200138	22.59317335	1.39556662619469	1.09783926204178
CHM	0.200788902	0.079847062	0.040239578	2.307917671	23.92757484	1.39534658245592	1.09774105924575
BECN1	0.517154178	0.079853512	0.040254117	2.307716282	20.67393553	1.39518969544654	1.09770597860277
SLC25A6	-2.034258786	0.079860749	0.040269054	-2.33692019	22.79523593	1.39502857271205	1.09766662095058
DNAL1	-0.471216594	0.079990122	0.040346578	-2.306437131	19.34527006	1.39419329412009	1.09696364083013
SMARCAL1	0.41667023	0.079990122	0.040361695	2.306228254	19.31788185	1.39403060374113	1.09696364083013
RUNDC1	-0.442511641	0.079990122	0.040368213	-2.306138224	17.34466588	1.39396047529656	1.09696364083013
TULP3	-0.430910619	0.080003314	0.040386179	-2.305890116	17.20612059	1.39376723417128	1.09689202273176
RFT1	-0.352416156	0.080153897	0.040473526	-2.32184791	28.17229351	1.39282895879999	1.09607535784567
BRD8	-0.288398364	0.080320104	0.040568806	-2.303374161	19.87293542	1.39180777403691	1.09517573786593
INA	0.928012122	0.080468471	0.040671352	2.317867711	21.26428587	1.39071139050714	1.09437425072439
MT-ND4	-0.885003195	0.080468471	0.04067787	-2.311903104	21.08187647	1.39064179595246	1.09437425072439
CPSF7	-0.16355104	0.080468471	0.040668727	-2.302002186	24.53189661	1.39073942153512	1.09437425072439
MLH1	0.38266049	0.080577423	0.040744337	2.300966158	20.84166636	1.38993274472911	1.09378662618537
APLF	-0.346711092	0.080711793	0.040823692	-2.319543253	29.07074624	1.38908772125835	1.09306300479913
IPO8	0.247756146	0.081014849	0.040988429	2.298641409	25.86114996	1.38733872695566	1.09143537312468
FPGT	-0.34361593	0.081176622	0.041088751	-2.29627011	18.11690078	1.38627706005359	1.09056902492417
IDH3B	-0.195162636	0.081176622	0.041108996	-2.295995245	22.94906825	1.38606312981134	1.09056902492417
SNX7	0.463676591	0.081176622	0.041110025	2.295981272	21.31749653	1.3860522591146	1.09056902492417
IFT20	0.33551169	0.081176622	0.041116177	2.295897776	19.70047045	1.38598727302518	1.09056902492417
PPP2R5E	0.232307461	0.081308975	0.041194708	2.294832974	22.05824115	1.38515857120023	1.08986151371903
WDR17	-0.50604047	0.081361588	0.041242101	-2.295420778	21.98122114	1.38465921852275	1.08958058352549
SPTY2D1	0.443442606	0.081361588	0.041244367	2.294160647	20.85934945	1.38463535736539	1.08958058352549
HSF1	-0.393645721	0.081373779	0.041262051	-2.293921419	21.82372843	1.38444918848492	1.08951551489123
EXOC1	-0.26193016	0.081490889	0.041332953	-2.292963222	23.28024746	1.38370356578552	1.08889094436692
TM9SF1	-0.391087576	0.08153012	0.041364377	-2.292539051	22.36597123	1.38337351231327	1.08868191845974
LTBP4	0.547676173	0.081723634	0.041474109	2.291060265	17.01049468	1.38222293527442	1.08765232986317
MGA	-1.477300739	0.081815839	0.041532468	-2.310365734	17.19864663	1.3816122608734	1.08716261167816
ERG	-0.493033372	0.081826544	0.041549469	-2.290046848	18.80426359	1.38143452210474	1.08710579116076
MICU2	0.539766695	0.081949059	0.041623264	2.289056194	20.24945754	1.38066386642118	1.08645602895686
DDX52	-0.285602903	0.081978809	0.041649963	-2.288698183	22.9349361	1.38038538006519	1.08629839546676
PICK1	1.161142069	0.082053732	0.04171994	2.295936547	18.34777806	1.37965632483054	1.08590166140982
PRKDC	0.153497941	0.082053732	0.041712406	2.287861748	29.71455137	1.37973475903004	1.08590166140982
MGAT5	0.199955697	0.082053732	0.041722827	2.287722277	21.91406101	1.37962627289878	1.08590166140982
ALKBH6	-0.406333557	0.082127947	0.041772173	-2.287062268	19.82469168	1.37911293202809	1.08550903334845
CLPTM1	-0.180169437	0.082270875	0.0418565	-2.285936139	23.50797802	1.37823708976314	1.08475388368747
ANKRD34B	-0.794697774	0.082291048	0.041901662	-2.286328038	18.49821218	1.3777687507064	1.08464740677632
CACNA1E	0.70695321	0.082291048	0.041878469	2.285643104	18.14970195	1.37800920371252	1.08464740677632
PRKAR2A	0.139566395	0.082291048	0.041901496	2.285336121	25.47435172	1.37777047123546	1.08464740677632
HOMER3	0.157796461	0.082357048	0.041946911	2.284731158	23.92474096	1.37730001540856	1.08429922859464
SNX6	0.11934903	0.082569781	0.042066934	2.283135343	24.8832758	1.37605913988233	1.08317886728271
ME2	0.263443158	0.082741862	0.042166301	2.281817462	23.74780922	1.37503449539844	1.08227471008752
TMEM9	-0.276034727	0.082852413	0.042234351	-2.280916641	21.43053172	1.37433417507632	1.08169483863482
DDX60	0.341661053	0.08291246	0.042276681	2.280356994	17.65861342	1.37389911502508	1.08138019921304
SLC25A44	-0.35680259	0.082994622	0.042330308	-2.279648768	18.6508189	1.37334857153984	1.08095004872508
LRRC49	-0.676334681	0.083016789	0.042353349	-2.279344731	18.21095095	1.37311224307319	1.08083406867552
HABP2	1.051807381	0.083127919	0.042450015	2.285549478	19.40330804	1.37212215195911	1.080253091363
PHYHIP	-0.456662124	0.083127919	0.042449309	-2.278080212	16.78809748	1.37212937491189	1.080253091363
SELENOF	0.420108045	0.083127919	0.042461218	2.277923477	20.7505342	1.37200755225452	1.080253091363
USP25	0.175782838	0.083127919	0.042462908	2.277901232	25.20628131	1.37199026723296	1.080253091363
SSBP1	-0.140314379	0.083127919	0.042468801	-2.277823686	25.71826442	1.37193000005086	1.080253091363
GALT	0.510754852	0.08318105	0.042507703	2.277312053	21.32627354	1.37153236248471	1.07997560180797
OPTN	0.811514841	0.083414002	0.042653419	2.284991221	21.41041846	1.370046151054	1.07876104191712
MET	0.390389889	0.083414002	0.042655427	2.275373299	17.33834579	1.37002570620307	1.07876104191712
SWAP70	-0.128518418	0.083414002	0.042662123	-2.275285563	25.23451071	1.36995753650394	1.07876104191712
COPS8	0.211325934	0.083497656	0.042716712	2.274570864	23.20161687	1.36940218330187	1.0783257161398
REPIN1	-0.503530759	0.083592618	0.04277711	-2.273781107	17.94934656	1.36878855948981	1.07783207308035
HELLS	-0.315247027	0.083736239	0.042862443	-2.272667139	21.61851191	1.36792307941685	1.07708654927507
FCGRT	-1.353748699	0.083825452	0.042919959	-2.287312473	17.68689102	1.36734070157287	1.07662409610879
STT3A	-0.156017034	0.083986127	0.043015084	-2.270679767	25.37392612	1.36637922467072	1.07579244566345
B3GALNT2	-0.429435089	0.083986127	0.043025972	-2.270538272	17.47363626	1.36626930974025	1.07579244566345
GLG1	-0.154099371	0.084012127	0.043051168	-2.270210947	24.80105595	1.36601506142116	1.07565801978282
DRG2	0.132189833	0.0840222	0.043068207	2.269989692	23.75241111	1.36584320825168	1.07560595127516
C17orf75	0.7527853	0.0840328	0.043085519	2.270639802	19.28560506	1.36566867125784	1.07555116538346
LACTB	0.530007014	0.08411343	0.043138751	2.269074575	19.58246688	1.36513243321726	1.07513465688655
TRIOBP	0.299286245	0.084161044	0.043175068	2.268604021	21.47620068	1.36476696975352	1.07488888582547
RFX5	2.060593666	0.084361179	0.043301589	2.295118309	17.0122095	1.36349616643486	1.07385735935436
MAGI1	0.331647243	0.084361179	0.043297272	2.267023396	19.15832021	1.36353946606394	1.07385735935436
MANBA	-0.53358654	0.084436472	0.043352172	-2.266314686	18.44853462	1.36298913892631	1.07346992106478
YIF1A	-0.239806915	0.084544327	0.0434195	-2.26544672	21.81746166	1.36231518199839	1.07291552863695
CCDC51	0.252364786	0.084638055	0.0434796	2.264673009	23.54809237	1.36171445995354	1.07243432537119
ZNF185	0.226523352	0.084765915	0.043557266	2.26367468	23.76144357	1.36093938783217	1.07177874565838
BDH1	0.447533501	0.08482908	0.043601715	2.263104087	20.69640807	1.3604964281537	1.07145524304301
SARNP	-0.166784408	0.084914548	0.04365765	-2.262386852	24.69314602	1.35993964516147	1.07101789780239
FNBP4	-0.202621727	0.085211079	0.043822152	-2.260282531	21.75801537	1.35830629909899	1.06950393533005
RBM45	-0.41825331	0.085332029	0.043896417	-2.259335002	17.66674267	1.35757092715272	1.06888792771756
PTTG1	-0.860236721	0.085394894	0.04395057	-2.260132885	17.98595677	1.35703548813857	1.06856809621871
ATP5PF	-0.238180175	0.085394894	0.043953201	-2.258611535	23.37136184	1.35700949087431	1.06856809621871
BUB3	-0.163921159	0.085394894	0.043964971	-2.258461696	25.05766042	1.35689320897339	1.06856809621871
ADCK5	0.191773191	0.08541412	0.043986944	2.258182059	23.41348786	1.35667620965395	1.06847032917997
GEMIN8	-0.297891093	0.085710844	0.044151868	-2.256087402	21.12734141	1.3550509173428	1.06696422835182
UBL4A	0.17305732	0.085825617	0.044223123	2.255184717	23.34657033	1.35435059116085	1.06638306574978
TRAP1	-0.128005683	0.085904123	0.044275718	-2.254519317	25.46811847	1.35383438731666	1.06598599154503
TRMT112	0.152670902	0.08597183	0.044322768	2.253924707	23.72792714	1.35337312531961	1.06564382875269
EIF5	-0.136554869	0.086043518	0.04437189	-2.253304554	26.09992953	1.35289207231817	1.06528184123259
ZC2HC1A	-0.902995894	0.086228181	0.044479309	-2.259073848	20.28984098	1.35184196827443	1.06435077532804
SDE2	-0.199381967	0.086501923	0.044632742	-2.250022299	23.19268653	1.35034643158006	1.06297423774899
XPR1	-0.984875282	0.086652276	0.04472257	-2.252125992	18.9174177	1.34947324750204	1.0622200256649
PPWD1	-0.307327782	0.086844118	0.044833859	-2.247504142	21.27238628	1.34839387834865	1.06125959122552
ATE1	0.264822199	0.087009946	0.044931769	2.246282127	21.27763	1.3474464825462	1.06043110087529
ATP5F1C	-0.146238003	0.087310034	0.045099076	-2.244199815	25.7002089	1.34583235595379	1.05893584265847
MPDU1	-0.333434891	0.087396884	0.045156292	-2.24348939	20.82521743	1.34528172728858	1.05850405118401
TRAPPC9	0.356962461	0.087399487	0.045169992	2.243319412	20.62038713	1.34514998635594	1.05849111649286
USP14	0.11248299	0.087407945	0.04518672	2.243111937	26.84616607	1.34498918196155	1.05844909010201
UCHL3	0.21247696	0.08750344	0.045248457	2.242346833	23.5657594	1.34439622591317	1.05797487333596
TATDN3	0.386670762	0.087603877	0.045312777	2.241550767	19.39326554	1.34377932120595	1.05747667325603
KIDINS220	0.190264528	0.087621415	0.045334235	2.241285437	23.23570131	1.34357370844584	1.05738973767086
DYNLT1	0.299757386	0.087651797	0.045362345	2.240938025	22.85844039	1.3433045027431	1.05723917575748
AGTRAP	-0.27412959	0.088102807	0.04560821	-2.237908108	23.18369592	1.34095697231897	1.05501025452563
STXBP5	0.522115305	0.088414074	0.045782961	2.235764008	18.91503484	1.33929612288087	1.05347859727167
DHX8	-0.191201404	0.088414074	0.045794341	-2.235624659	23.1337141	1.33918818628258	1.05347859727167
CNOT9	-0.219875927	0.088429259	0.045814707	-2.235375348	23.58583748	1.338995086545	1.05340401417473
HNRNPD	-0.124942848	0.088469653	0.045848141	-2.234966288	28.31878808	1.33867826893201	1.05320567613626
SNRNP70	-0.201249662	0.08850116	0.04587698	-2.234613678	25.39658258	1.33840517866317	1.05305103689203
TNRC6A	-1.152746476	0.088503697	0.045890806	-2.242159882	18.36002079	1.33827431453723	1.05303858745851
LARP7	-0.185341002	0.088564131	0.045934978	-2.233905175	22.71781947	1.33785648728875	1.05274213435311
PI4KA	-0.282321216	0.088564131	0.045947218	-2.233755761	22.05307682	1.33774077902923	1.05274213435311
ATG13	-0.267567037	0.088564131	0.045959701	-2.233603428	19.87720836	1.33762280536392	1.05274213435311
MRPS26	-0.4604081	0.088682371	0.046033597	-2.233641275	22.16157133	1.33692508862509	1.0521627041632
RGS20	-0.564003127	0.088685708	0.046047866	-2.232528589	20.64832538	1.33679049154529	1.05214636254531
LRRC59	0.136657606	0.088733186	0.046089263	2.232024589	28.49527632	1.3364002364967	1.05191392468664
SIK3	-0.534073216	0.088733186	0.046097605	-2.231923085	17.81263744	1.33632163778397	1.05191392468664
COG7	-0.296164163	0.089030561	0.046271446	-2.229811655	20.34055182	1.33468692842298	1.05046089003578
MAP4K5	-0.234227214	0.089030561	0.046277265	-2.229741116	24.30731147	1.33463231589373	1.05046089003578
SELENOM	0.995075717	0.089319355	0.046440004	2.235430308	20.06665433	1.33310775152653	1.04905442175098
CYTH2	-2.541961029	0.089462858	0.046527262	-2.253651807	17.73542752	1.33229250373749	1.04835723187538
DUS1L	0.55249693	0.089469659	0.046546735	2.226483475	19.97182166	1.33211077700732	1.04832421790092
BTBD10	-0.51325819	0.089469659	0.046556095	-2.226370644	16.66081154	1.33202345428331	1.04832421790092
DCAF7	-0.212381499	0.089479539	0.046573885	-2.226156249	22.78364874	1.33185753351478	1.04827626206168
GNPAT	-0.419578123	0.089518937	0.046607046	-2.225756826	21.99315901	1.33154842220268	1.04808508351473
ALDH7A1	-0.121829834	0.090175347	0.046961546	-2.221503693	26.4968465	1.32825761431118	1.04491217781586
PARL	0.222339889	0.090457834	0.047121447	2.21959526	22.63346157	1.32678138175095	1.04355381558535
RRP1	0.275737013	0.090695543	0.047258096	2.217969215	23.04970671	1.32552377981222	1.04241405470469
PPP2R2A	-0.176039802	0.090798834	0.047324753	-2.217177663	23.48229643	1.32491164405232	1.04191972846809
BBS9	-0.625709464	0.090811777	0.047344336	-2.216945306	17.01727221	1.32473197000982	1.0418578259894
DHX34	-0.440904782	0.090905538	0.047406069	-2.216213461	16.68769708	1.32416605569958	1.04140965858685
FBXO6	0.30579297	0.091236613	0.047598769	2.213934789	21.46275169	1.32240427886397	1.0398308455207
SLC66A2	0.274197383	0.091236613	0.047610972	2.213790781	17.91806924	1.3222929521124	1.0398308455207
SLU7	-0.261719827	0.091236613	0.047623911	-2.213638132	21.91733266	1.32217494206904	1.0398308455207
ZNF143	-0.549839772	0.091236613	0.04763031	-2.213562653	16.6872106	1.32211659189065	1.0398308455207
HMGB2	0.155027413	0.091479022	0.047769792	2.211919776	26.29444591	1.32084664972458	1.03867848707222
BABAM2	0.254947125	0.091710548	0.047903658	2.210347335	22.12567606	1.31963132189739	1.03758071149738
NEMF	0.129079956	0.091745508	0.047934888	2.209981092	24.23554108	1.31934828302178	1.03741519027555
TMEM129	-0.286072606	0.091925434	0.04804189	-2.208727974	18.67036152	1.31837991549842	1.0365643110554
ZC3H11A	-0.237036451	0.091986669	0.048086896	-2.208201698	23.57065599	1.31797325564774	1.03627510742879
RFC3	-0.183586701	0.092159176	0.048190103	-2.206996604	23.48256933	1.31704214545053	1.03546141695312
CBX3	-0.172241787	0.09285143	0.048565209	-2.202637248	25.04099748	1.31367473794123	1.03221140332617
KMT2D	-0.302220544	0.092868967	0.04858751	-2.202379083	21.21677913	1.31347535697669	1.03212938516904
PSMD12	0.104127586	0.092941619	0.048645842	2.20170434	25.4715185	1.31295427510023	1.03178976658233
PKP3	0.166988003	0.092941619	0.048651797	2.201635493	25.12360537	1.31290111402315	1.03178976658233
NSD1	0.411158264	0.093091404	0.048743365	2.200577971	17.08052635	1.31208449258079	1.03109041963865
NARS1	0.127068388	0.093253837	0.048841598	2.199445555	26.47795534	1.31121013524254	1.0303332897751
SHARPIN	0.303878039	0.093368441	0.048914821	2.198602866	19.68072352	1.31055953140248	1.02979989267381
KLHDC10	0.40467089	0.093545218	0.049020656	2.197386963	18.8242085	1.30962088126685	1.028978408584
SETD2	-0.728553563	0.09381008	0.049172714	-2.19564438	17.83139635	1.30827582094116	1.02775049367664
RELL1	-0.27516306	0.093918683	0.049242917	-2.194841577	20.44863342	1.30765622870008	1.02724800606498
UBE2H	-0.128087114	0.093945718	0.049270372	-2.194527908	24.18209074	1.30741415871276	1.02712301004299
CDK13	0.799394131	0.094064193	0.049345804	2.194566108	17.34026787	1.30674977059559	1.02657566607287
CTCF	-0.409204855	0.094305398	0.049485671	-2.192073922	20.90581907	1.30552053655141	1.02546344772377
VPS26C	-0.264618447	0.094361899	0.049537073	-2.191489536	22.5647401	1.30506965817616	1.02520332767493
TRIM46	-0.327204477	0.094361899	0.049541998	-2.191433575	18.87169123	1.30502648255282	1.02520332767493
ABCD1	0.327833332	0.094474782	0.049614619	2.190609008	18.9478226	1.30439033932479	1.02468410154174
GOLPH3L	-0.188793008	0.094535625	0.049659936	-2.190095047	22.02231153	1.30399384448473	1.02440450021719
GLA	-0.43850684	0.094735068	0.049791487	-2.191627052	22.81157322	1.30284490352468	1.02348922881367
STK25	-0.507919244	0.094735068	0.049786678	-2.188659943	17.74365855	1.30288685091676	1.02348922881367
ATP5PD	-0.125226874	0.095113329	0.05001406	-2.18609396	25.84265858	1.30090788922303	1.0217586175997
HAUS6	-0.21763189	0.095113329	0.050017187	-2.18605875	23.27140922	1.3008807369304	1.0217586175997
CASP1	0.794775992	0.09520406	0.050078358	2.188380932	19.81550721	1.30034991947874	1.02134453062814
FAM117B	-0.307091058	0.095468252	0.050230822	-2.183658103	19.94555864	1.29902971479002	1.02014102918648
LRRC40	-0.278802924	0.09548981	0.050255663	-2.183379585	23.56063247	1.2988149931895	1.02004297079206
GDI2	0.088132154	0.095616342	0.050335773	2.182482293	28.5059797	1.29812325759681	1.01946787515187
H2AW	-0.395818463	0.095732577	0.050410496	-2.202305662	27.77054826	1.29747902942153	1.01894025027082
ZNF366	-0.396075328	0.095893813	0.050508955	-2.180547136	17.42439579	1.29663161668718	1.01820941229376
PALS1	0.261632192	0.096235774	0.050702676	2.178389906	23.12211556	1.29496911874626	1.01666345641611
BAG6	0.160709532	0.096339604	0.050777836	2.177555043	24.64276333	1.2943258114041	1.01619514316761
PNN	-0.179490378	0.096339604	0.050784617	-2.177479773	25.36733022	1.29426781849827	1.01619514316761
MKRN1	0.310714138	0.096770495	0.051025438	2.174812986	18.75898905	1.29221325863214	1.01425703744307
TUBA1A	-0.122357721	0.096816838	0.05106356	-2.174391921	32.21770367	1.29188891075269	1.01404910535115
CBL	-0.239102716	0.096828236	0.051083259	-2.174174458	20.25129436	1.29172140348836	1.01399797997618
LETM1	0.175891264	0.096958505	0.051165691	2.173265336	25.08879257	1.29102115628801	1.0134140894985
GOLT1B	0.36703919	0.097010979	0.051207096	2.172809218	21.68120501	1.29066985269395	1.01317911264823
RER1	0.296567208	0.097141899	0.051303666	2.174711549	25.01239786	1.28985160044988	1.01259341087781
PXMP4	0.506382666	0.097141899	0.051299938	2.17178773	19.47983671	1.28988315976682	1.01259341087781
DSCC1	-0.344211607	0.097164602	0.051329392	-2.171464027	20.12375635	1.28963387995527	1.01249192392172
BLOC1S6	-0.334140818	0.097207097	0.051365582	-2.171066535	19.76650541	1.28932778672911	1.01230202647885
AP3S1	-0.284172407	0.097225618	0.051389113	-2.170808228	22.0242526	1.28912887837495	1.01221928764425
SLC7A1	0.694291514	0.097233561	0.051407057	2.17196101	20.17165667	1.28897725832408	1.01218380872174
SERBP1	-0.134182724	0.097281376	0.051458415	-2.170048129	27.96249835	1.28854359487178	1.01197029513363
KLC1	-0.124196736	0.097281376	0.05145984	-2.170032503	26.7520861	1.28853156844097	1.01197029513363
CCAR2	-0.132580284	0.097316639	0.05149225	-2.169677373	26.42060131	1.28825813087164	1.01181289860023
DDX28	-0.324773112	0.097367709	0.051533037	-2.169230758	17.80226635	1.28791426247827	1.01158504854524
L1CAM	-0.367541847	0.097774644	0.051767791	-2.186978835	29.09624295	1.28594036654178	1.00977375665036
TRAPPC6B	0.948644604	0.097774644	0.051790708	2.180113433	20.82799515	1.28574815195968	1.00977375665036
DHX38	0.422657392	0.097774644	0.05179294	2.166392636	21.68285039	1.28572943577614	1.00977375665036
MRPL24	-0.148128953	0.097774644	0.051814079	-2.166162394	23.95022955	1.28555221706511	1.00977375665036
ARMC10	-0.346611192	0.097774644	0.05181752	-2.166124915	20.95722422	1.2855233762998	1.00977375665036
BCL7A	-0.374901004	0.097969564	0.051934671	-2.164850609	22.06564098	1.28454261523863	1.00890882471436
GCLC	-0.240863168	0.098162465	0.052050806	-2.163590033	22.39485541	1.28357254110748	1.00805454438806
LRPPRC	0.122841828	0.098207281	0.052088453	2.163181969	29.07808131	1.28325854069632	1.00785631281486
CHTF8	-0.285738201	0.098257676	0.052129072	-2.162742006	19.34345353	1.28292000630004	1.00763351205456
MED19	-0.36894091	0.098337768	0.052185465	-2.16213172	19.15546098	1.28245044238674	1.00727965323809
SCAI	0.407474326	0.098699481	0.05239137	2.159908702	20.73581279	1.28074024488741	1.00568513101252
IGFBP5	0.644701748	0.09871463	0.052413366	2.159671713	17.73948063	1.28055794889719	1.00561847795428
AP5M1	-0.404929287	0.099043895	0.052602193	-2.157641125	18.68209312	1.27899614961156	1.00417228892427
ACOX1	-0.135607657	0.099240331	0.052720549	-2.156371868	23.42278635	1.2780200759097	1.00331179587873
ZNF451	0.617871112	0.099421456	0.052830824	2.155191691	17.68640167	1.27711261558862	1.00251988102668
EXOC2	-0.145740817	0.099431845	0.052850401	-2.154982423	25.10844964	1.27695171315454	1.00247450199245
UGGT2	-0.450189789	0.099844819	0.053084021	-2.152490745	19.72329702	1.2750361876921	1.00067446597694
DENR	0.280324645	0.099853676	0.053102845	2.154299028	24.94792552	1.27488221084504	1.00063594243946
PPP3R1	0.201737054	0.099934674	0.053160048	2.151682111	25.58802451	1.27441463559	1.00028379992091
RECQL	0.146778021	0.100384433	0.053417932	2.14894733	25.73865685	1.27231292908838	0.998333629684761
B3GLCT	-0.312611695	0.100384433	0.053436238	-2.14875367	19.65250367	1.27216412450989	0.998333629684761
MPDZ	0.308934006	0.100384433	0.053441868	2.148694122	21.80702484	1.2721183699952	0.998333629684761
UGP2	-0.104471558	0.100428184	0.053479357	-2.148297774	27.04719391	1.27181382304488	0.998144390398283
RPL14	-0.147367283	0.100719925	0.053648951	-2.146508009	27.0076692	1.2704387653917	0.99688460629275
RCC1	0.188645597	0.100735699	0.053671593	2.146269465	25.28010936	1.270255514442	0.996816595670505
MRE11	-0.21231297	0.101000309	0.053826854	-2.14463629	23.91167793	1.26900100250582	0.995677297536272
PRAG1	-0.990709974	0.101058136	0.053871958	-2.147036168	17.07657247	1.26863723954329	0.995428716511206
CLASRP	0.378622081	0.101065833	0.053890348	2.143969681	18.71025405	1.2684890119135	0.995395640130949
FAM83B	-0.461255184	0.101184799	0.053968087	-2.143154526	18.9914893	1.26786297604389	0.994884726688733
ERCC6	0.373498595	0.101256689	0.054020744	2.142603005	20.48706185	1.26743943879223	0.994576277744547
PPM1B	0.281121649	0.101380656	0.054113311	2.141634707	22.2408988	1.26669589232805	0.994044902930546
LPCAT4	0.355065602	0.101380656	0.054115544	2.141611368	19.18609893	1.26667797142187	0.994044902930546
CEP78	-0.602238836	0.101616174	0.054255625	-2.140149068	17.85269456	1.26555522927997	0.993037160950703
VANGL1	-0.22683103	0.101669837	0.054298649	-2.139700654	21.31704146	1.26521097592025	0.992807872715776
RPP14	-0.37781713	0.101892035	0.054431722	-2.138315845	20.7804919	1.26414792614098	0.991859763890999
NOP2	-0.142236931	0.102081378	0.054547301	-2.137115664	24.68109593	1.26322673343138	0.991053476027334
QPCT	0.939374824	0.102148371	0.054632552	2.139079529	17.05013319	1.26254851221411	0.990768554840169
CHRDL1	0.903402438	0.102148371	0.054635107	2.139052971	17.55671376	1.26252820204344	0.990768554840169
CCDC22	-0.142308776	0.102148371	0.054614322	-2.136420821	24.25271025	1.26269345345021	0.990768554840169
TFIP11	-0.24246292	0.102148371	0.054640859	-2.136145918	22.58086991	1.2624824818004	0.990768554840169
ALYREF	-0.177162165	0.102631726	0.054913922	-2.133324476	25.95524474	1.26031753749385	0.988718367324714
FAM219A	-0.49533939	0.10276757	0.055001134	-2.132426141	17.833795	1.25962835623548	0.988143912500863
TTLL12	0.121509643	0.102784696	0.05502483	2.132182293	24.88613532	1.25944129053156	0.988071544266166
QRICH1	-0.18847021	0.102981326	0.055144651	-2.130950743	23.08915843	1.25849660750025	0.987241520444544
NAXE	-0.14627775	0.103006679	0.055172789	-2.130661907	24.64970868	1.25827506177916	0.987134614529752
FZD6	-0.295774349	0.103276244	0.055331773	-2.129032505	21.46556245	1.25702541343342	0.985999565084548
NCK2	-0.289499245	0.103301458	0.055359885	-2.12874485	19.92172326	1.25680482071743	0.98589354879126
UTRN	-0.234179497	0.103435549	0.055446367	-2.127860787	22.666261	1.25612690476355	0.985330176123886
POLR2L	-0.298465813	0.10349662	0.055493735	-2.127377123	20.63373106	1.25575604405768	0.985073833195645
MAP2K2	0.179035609	0.104033834	0.05579649	2.124294887	24.96679666	1.25339312044553	0.982825395991074
EPG5	-0.350241446	0.104162894	0.055880433	-2.123443078	18.13388077	1.25274023733269	0.982286962428238
DYNLL1	-0.168078517	0.104318799	0.055978818	-2.122446257	24.15318933	1.25197627595734	0.981637421522769
PRKAR2B	-0.929751494	0.104408909	0.056041932	-2.128215487	19.95755823	1.25148690117934	0.981262442287185
VPS41	0.467427305	0.104529471	0.056121421	2.12100436	19.82448451	1.25087134112469	0.980761247464689
GEMIN7	0.759647813	0.104541068	0.056142425	2.121620084	18.23357521	1.25070883250362	0.980713067428077
PATZ1	-0.27203163	0.104999274	0.056403342	-2.118163888	20.3611589	1.24869516252094	0.978813703776575
PPP4R3A	-0.181751035	0.105283481	0.056570895	-2.116482046	24.0091123	1.24740695029465	0.977639764363676
TOMM34	0.153031254	0.105432769	0.056666015	2.115529351	24.62529258	1.24667732775665	0.977024387377211
XRN1	0.289062565	0.105636992	0.056790709	2.114282719	22.53174287	1.24572270936082	0.976183973769549
OTUB2	-0.449366978	0.106229429	0.057138303	-2.111639551	22.03363043	1.24307266225009	0.973755152917554
TTPAL	0.243095269	0.106229429	0.057139239	2.110811909	21.41170145	1.24306554799776	0.973755152917554
TARS1	-0.090051786	0.106692795	0.057428499	-2.107946429	28.10996014	1.24087253465974	0.971864907636393
PCGF6	-0.296060103	0.106692795	0.05743403	-2.107891763	19.05974335	1.240830709309	0.971864907636393
KRTCAP2	-0.300170385	0.106692795	0.057437355	-2.107858911	20.91988369	1.24080556764029	0.971864907636393
HYDIN	0.481586811	0.106692795	0.057448806	2.107745765	18.62973812	1.24071899313758	0.971864907636393
SNX12	0.17005105	0.106701014	0.057468315	2.107553056	24.2006465	1.24057153641302	0.971831453372979
SNTB2	-0.469603219	0.106725444	0.05749656	-2.107274166	19.95587205	1.24035813822704	0.971732029765066
RAB3GAP1	0.150875387	0.107013959	0.057667121	2.105592773	24.70299187	1.23907172996632	0.97055956884499
CAV2	0.549263522	0.107062548	0.057710358	2.105167281	16.6540625	1.23874623158386	0.970362424980498
TBC1D22B	0.297228275	0.107062548	0.057723573	2.10503729	19.50116941	1.23864679458898	0.970362424980498
MT-ND5	-0.255026557	0.107133876	0.057777175	-2.104510328	20.49880313	1.23824369668886	0.97007318244907
RAB6A	-0.193355091	0.107136804	0.057796594	-2.104319536	24.33980641	1.23809775415023	0.970061313216723
TOMM70	0.108173947	0.107136804	0.057809045	2.104197238	26.29969986	1.23800420506972	0.970061313216723
COPG2	-0.143068843	0.107298992	0.057916853	-2.10313931	27.05437512	1.23719504421881	0.969404357911906
ARL6IP1	0.182528742	0.107298992	0.057927913	2.103030887	24.01280512	1.23711211777939	0.969404357911906
SLC39A14	-0.192221699	0.107298992	0.057942063	-2.102892198	23.18589371	1.23700604600547	0.969404357911906
GPKOW	0.145328363	0.107357192	0.057988667	2.102435627	22.96935244	1.23665687437298	0.96916885629257
C17orf107	0.363556737	0.107361285	0.058011588	2.102211207	16.92123763	1.23648524606149	0.969152299102528
VPS51	0.302097481	0.107361285	0.058021232	2.102116805	21.98976825	1.23641305379738	0.969152299102528
PPP3CB	-0.414074893	0.107531192	0.058128255	-2.101070182	18.93994356	1.23561271429195	0.968465539947966
ODAD2	0.264449188	0.107637973	0.058201194	2.100357921	19.00207149	1.23506810568873	0.968034489310398
POLR3E	-0.254866857	0.107858723	0.058335803	-2.099045638	20.92025233	1.23406481963506	0.967144725873709
TSN	-0.143487258	0.107880906	0.058363052	-2.098780346	25.19650678	1.23386200546773	0.967055414933752
QSOX2	-0.252267648	0.108373877	0.058645067	-2.096041424	21.83414807	1.23176851321224	0.965075389771605
NUP85	-0.183444198	0.108415797	0.058683077	-2.095673218	24.49882409	1.23148712234945	0.964907433202711
ECE1	0.154400152	0.108623641	0.058810934	2.0944363	24.96527317	1.23054192333857	0.964075644006043
RPS29	-0.24159076	0.108743233	0.058891056	-2.094464678	25.0392355	1.22995065809566	0.963597759313085
ATP5F1A	0.094844169	0.108825313	0.05895089	2.093085219	28.9647323	1.22950963383995	0.963270075064409
ODF2	-0.470971256	0.108913676	0.059014153	-2.092475491	17.18877045	1.22904382170198	0.962917583619607
NUP160	-0.147482127	0.108951834	0.059050231	-2.092128054	24.05882927	1.22877839912025	0.96276545482226
CWC27	-0.819081523	0.10928389	0.059245648	-2.092949745	19.96705208	1.22734354606051	0.961443854516617
SSB	-0.101746965	0.109369749	0.059319613	-2.089540085	27.6538565	1.22680169096316	0.961102784575968
THYN1	0.287786596	0.109369749	0.059323117	2.089506501	20.3194167	1.2267760380156	0.961102784575968
ATG9A	-0.210943296	0.109601956	0.059464561	-2.088152129	22.66572313	1.22574178296888	0.960181695190824
ABCE1	0.119917939	0.109803459	0.059589409	2.086959184	26.54396008	1.22483092182998	0.959383978638647
NIPSNAP1	0.124716061	0.109833417	0.059621193	2.086655849	25.95508441	1.22459933813007	0.95926550496149
NCBP3	-0.346540415	0.109869107	0.059656098	-2.086322913	20.81085362	1.22434515647996	0.95912440535177
MYL6	0.116512619	0.109875081	0.059674875	2.086143891	28.20214962	1.22420848202991	0.959100791755805
KDM4B	-1.078839235	0.110241446	0.059889437	-2.090235073	17.0073212	1.22264976954966	0.957655098904317
HEXB	-0.155205927	0.11030414	0.05993934	-2.083627967	25.38542585	1.22228804343802	0.957408187057423
RETSAT	0.148213527	0.11030414	0.059954682	2.08348234	23.22612862	1.22217689617869	0.957408187057423
MRPS17	-0.334957953	0.110319362	0.05997855	-2.083255841	21.04833397	1.22200403765303	0.957348258440987
NVL	-0.353433891	0.110507057	0.060096219	-2.082140464	19.40434147	1.22115285111025	0.956609986971659
RUSC1	0.518569534	0.110515997	0.060116703	2.081946502	18.18783105	1.2210048455863	0.956574854051359
ZRANB2	-0.123910614	0.110688301	0.060226077	-2.08091191	24.44781276	1.22021542493734	0.955898278666335
GADD45GIP1	0.24491371	0.110727793	0.060263218	2.080560986	20.87638487	1.21994768112055	0.955743356252599
MRPL12	0.192853213	0.110927054	0.060387346	2.079389642	24.68420699	1.21905405704317	0.954962520847991
INTS14	-0.193859633	0.111036603	0.060462679	-2.078679854	23.68431567	1.21851261387106	0.95453383328081
USP7	-0.129800274	0.111149495	0.060545774	-2.0778979	25.82297369	1.2179161645363	0.954092506147281
IFITM3	-0.34633878	0.111149495	0.060565714	-2.077710404	21.73720266	1.21777315858054	0.954092506147281
STK3	0.182850656	0.111149495	0.06057129	2.077657987	23.28617269	1.21773317697372	0.954092506147281
PPP1R8	-0.276178479	0.111210737	0.060624296	-2.0771599	22.71520151	1.21735329160767	0.953853281146533
HELZ2	0.406010248	0.111210737	0.060636106	2.07704898	20.66994427	1.21726869650881	0.953853281146533
HSBP1	-0.643264265	0.111250605	0.06067357	-2.079354923	20.87538666	1.21700045065203	0.953697618572225
PARG	-0.685170404	0.111257836	0.060704655	-2.076682814	18.61988891	1.21677800475178	0.953669391477688
ACBD3	0.143237697	0.111257836	0.060708969	2.076365088	23.76551105	1.21674714254153	0.953669391477688
RAD50	-0.142716109	0.111382932	0.060792974	-2.075577575	25.17670226	1.21614661035472	0.953181354100585
TMEM63B	-0.643526955	0.111562024	0.060906494	-2.074514997	19.0220823	1.21533639935389	0.952483615201455
MTCH1	0.219998499	0.111626525	0.060957488	2.07403828	24.35290506	1.21497293816151	0.952232594893446
RAPGEF6	-1.21533601	0.111768922	0.061051048	-2.085462168	17.61194008	1.21430687657232	0.951678937775132
DCAF11	0.465230943	0.11181602	0.061107442	2.072638595	19.15757779	1.21390589576858	0.951495970159976
PDS5B	0.15362384	0.11181602	0.061108387	2.07262978	24.02862839	1.21389917964533	0.951495970159976
SPTLC3	-0.257250006	0.112051013	0.061252653	-2.071286247	20.98435554	1.21287509621554	0.95058421286099
MED31	0.365369645	0.112088888	0.061289203	2.070946333	19.62966247	1.21261602614263	0.950437439318348
SEC63	-0.174752501	0.112132075	0.061328668	-2.070579515	23.44005457	1.21233646767076	0.950270141169496
PRKD2	0.221516515	0.112193305	0.061383961	2.070065953	21.49920528	1.21194509073412	0.950033058305423
PYCR2	0.257473712	0.112193305	0.061400135	2.069915821	23.77923709	1.21183067397788	0.950033058305423
NELFB	-0.203313279	0.112193305	0.061409737	-2.069826703	24.36726232	1.2117627625705	0.950033058305423
EED	-0.395014977	0.112193417	0.061425658	-2.069678965	19.96673662	1.21165018260143	0.950032624759431
NEDD4L	-0.283032637	0.112462164	0.061588694	-2.068168173	18.73402175	1.2104990051094	0.948993564040053
NR1I3	-0.38991341	0.112518866	0.061635653	-2.067733724	17.91169087	1.21016799851762	0.948774653439153
MFAP3	-0.465609749	0.112597908	0.061694867	-2.067186322	16.69629619	1.20975096767355	0.94846967833455
CLEC16A	0.154580111	0.112683872	0.061767258	2.066517783	22.9149224	1.20924167763108	0.948138238369415
EPS8	-0.273523869	0.112683872	0.061773827	-2.066457153	22.19647196	1.20919549250239	0.948138238369415
SEMA4D	-0.940296708	0.112790244	0.061848086	-2.070516705	19.28325653	1.20867373584893	0.947728463829651
VPS4B	0.144477335	0.112951621	0.061952543	2.064809988	24.7618812	1.20794086219832	0.947107532018487
EEA1	-0.14814496	0.112961985	0.061974196	-2.064610723	24.96381148	1.20778909868726	0.947067684679557
ATF7	1.078605243	0.113006545	0.062014618	2.070593764	18.12633491	1.20750592713972	0.946896402754906
C3orf38	-0.556077429	0.113404408	0.062248984	-2.062860609	20.84203449	1.20586773253415	0.94537006420087
PRSS8	0.559894039	0.113414069	0.06230651	2.064171386	21.4383195	1.20546657437821	0.945333067929247
WDR20	-0.728752412	0.113414069	0.062307146	-2.062327413	18.90857458	1.205462141296	0.945333067929247
PPP5C	0.210190419	0.113414069	0.062303861	2.061584931	24.20851105	1.20548503907057	0.945333067929247
PBRM1	-0.217777927	0.113414069	0.062318417	-2.061451671	23.89366351	1.20538358705719	0.945333067929247
TUBB4B	-0.0898396	0.113466017	0.062378644	-2.060900623	28.75144457	1.20496407026048	0.945134189918065
KDM5A	-0.558914896	0.113466017	0.062399025	-2.06071426	18.40214594	1.20482219622187	0.945134189918065
EXOC5	-0.160895615	0.113466017	0.062409966	-2.06061424	24.55411197	1.20474605401608	0.945134189918065
USP46	-0.317760504	0.113466017	0.062421091	-2.060512558	18.50791321	1.20466864497637	0.945134189918065
ANAPC1	-0.33152772	0.113466017	0.062427161	-2.060457078	22.12630999	1.20462641502978	0.945134189918065
DCAKD	-0.303840732	0.113690834	0.062566923	-2.059181166	20.66246729	1.20365520281343	0.944274547657779
RPL9	-0.169850568	0.113699595	0.062587818	-2.058990648	26.62968138	1.20351018899756	0.944241082274257
PSMA3	-0.147506603	0.113773684	0.062644685	-2.058472422	26.21061263	1.20311577020997	0.943958179199672
DDI2	0.141816128	0.113820817	0.062686727	2.058089579	25.20414017	1.20282440495681	0.943778301372938
MT-CYB	0.34594774	0.113852803	0.062720437	2.05778278	19.836669	1.20259092439844	0.943656272800726
RIOX1	-0.395092713	0.11405741	0.062857854	-2.056533739	21.18709905	1.20164045010602	0.942876494538386
CIAPIN1	-0.166282832	0.11405741	0.0628654	-2.056465218	25.39199713	1.20158831677253	0.942876494538386
NABP2	-0.46446237	0.114213646	0.062967659	-2.055537499	20.3907223	1.20088245251787	0.94228200442248
STIM2	0.29140207	0.114427415	0.063101688	2.054323683	18.15461777	1.19995902301767	0.941469912983197
METTL16	-0.545169087	0.114758754	0.063333076	-2.052518691	20.56731164	1.19836941837747	0.94021417577862
EHHADH	0.157902245	0.114758754	0.063320777	2.052344718	24.32538955	1.19845376461287	0.94021417577862
POLR3D	0.256972388	0.114758754	0.063330396	2.052257979	20.44105548	1.19838779635485	0.94021417577862
SUN1	-0.284317831	0.114794772	0.063382137	-2.051791616	22.88922057	1.1980331221722	0.94007789018937
PABPC1	-0.085700244	0.114794772	0.063385409	-2.051762144	28.50637833	1.19801070300278	0.94007789018937
GGA2	-0.515594131	0.114935264	0.063492252	-2.050800294	20.65687153	1.19727926870722	0.93954670228708
MAPK14	0.194633151	0.114935264	0.063495478	2.050771276	22.41527006	1.19725720304782	0.93954670228708
SAE1	-0.103075564	0.115109655	0.063608092	-2.049759164	26.18360515	1.19648763140506	0.938888247722372
HMGN5	0.421301501	0.115269109	0.063712499	2.048822303	21.24198144	1.19577536021971	0.938287063809643
SCYL3	-0.651347975	0.115398505	0.063800333	-2.048035267	18.69764674	1.19517705451261	0.937799817475401
ZYX	-0.147934038	0.115622211	0.063940358	-2.046782662	26.38821506	1.19422493645674	0.936958730031666
TTC7B	0.269884127	0.115818173	0.064065099	2.045668933	17.53099086	1.19337849840034	0.936223290225272
VPS37C	-0.447438993	0.115885251	0.064118586	-2.045192009	19.01627878	1.19301606365989	0.935971834242723
BGN	1.094966508	0.115902179	0.064144336	2.054766776	19.21267632	1.19284168617207	0.935908399077126
GUSB	-0.518509722	0.116314919	0.064389203	-2.042784673	19.19767704	1.19118695050726	0.934364577414014
NTPCR	-0.12581082	0.116466142	0.064489381	-2.041895913	24.87240691	1.19051179160932	0.933800310515378
PKN1	0.282324742	0.11647735	0.06451388	2.041678757	22.02508011	1.19034683793982	0.933758518641176
DNM2	0.158042788	0.11647735	0.064528518	2.041549047	25.17093579	1.19024830904154	0.933758518641176
GATD1	0.350748344	0.116577473	0.064606902	2.040854928	21.60113418	1.18972108354678	0.933385362930198
SUOX	-0.403011717	0.116577473	0.06461705	-2.040765119	18.92404455	1.18965287296595	0.933385362930198
CHMP2B	-0.227477592	0.116577473	0.064633425	-2.040620232	21.3847723	1.18954282970028	0.933385362930198
ANKRD50	-0.253759762	0.116594694	0.064659455	-2.040389994	20.52187274	1.18936796027952	0.933321213032869
ZNF652	0.326826711	0.116864222	0.064825446	2.038923785	16.72140602	1.18825448659606	0.932318427813696
C1QBP	0.233907044	0.117274164	0.065091885	2.038312832	25.97641009	1.18647315151474	0.930797654279171
XRCC3	-0.545924483	0.117274164	0.065088305	-2.036609094	16.77453035	1.18649703800999	0.930797654279171
RBM4B	-0.608459361	0.117274164	0.065107838	-2.036437435	19.60671367	1.18636672579055	0.930797654279171
CPT2	0.135959761	0.117274164	0.065119157	2.036337991	24.78618321	1.18629123024137	0.930797654279171
MTOR	-0.154645292	0.117478547	0.065249252	-2.035196119	24.78290028	1.18542446259711	0.930041433563815
MED22	-0.423499429	0.11751121	0.065286952	-2.034865616	20.76696558	1.1851736064833	0.929920701826952
PGGHG	-0.619796892	0.11751121	0.065300617	-2.034745864	17.43126162	1.18508271522677	0.929920701826952
UBR4	-0.145513593	0.117623329	0.065379549	-2.034054611	25.81921356	1.18455807958751	0.929506533266995
PKP4	0.217622904	0.117929125	0.065566193	2.032423139	20.51476699	1.18332003224155	0.928378923787743
SHOC2	-0.566518992	0.118100287	0.065678051	-2.033191989	21.10903693	1.18257974341152	0.927749046989662
PTDSS2	-0.346190271	0.118308623	0.065810635	-2.030292986	19.25510037	1.18170391871732	0.926983600386113
H1-0	-0.331199804	0.118567934	0.065971641	-2.031721821	24.42309428	1.18064271300336	0.926032747479354
GPR89B	-0.25354986	0.118775187	0.066103748	-2.027748405	21.10736786	1.17977391586123	0.925274277153723
HSPBP1	-0.120997493	0.119107218	0.066305375	-2.026004127	23.85033276	1.17845126438222	0.924061919100056
ATG3	0.227722022	0.11928893	0.06642633	2.024960119	22.70220406	1.17765974130792	0.92339985694141
BBS7	-0.342671192	0.11928893	0.066440258	-2.024840014	16.70085655	1.17756868977033	0.92339985694141
DENND10	0.355086707	0.119675572	0.066680716	2.022770173	22.12743032	1.17599974547901	0.921994488092097
AKAP8L	-0.340673236	0.119675572	0.066689441	-2.022695203	21.81920794	1.17594292288173	0.921994488092097
CD151	0.179587571	0.119828422	0.066791556	2.021818414	24.5004642	1.17527843893769	0.921440159794998
RAB13	0.179741003	0.119855703	0.066823705	2.021542628	23.32325323	1.17506944883485	0.921341296444645
EMC6	0.439457926	0.120284582	0.067079824	2.019349986	19.75204658	1.17340808554015	0.919790036678818
LEO1	-0.155594229	0.120537291	0.067237793	-2.018001488	23.26386045	1.17238655019467	0.918878573254468
IFT22	-0.317825858	0.120624792	0.067303655	-2.017440134	21.19909199	1.1719613502897	0.918563422525499
MAX	-0.26996103	0.120815392	0.067427081	-2.016389522	20.60439871	1.17116564105052	0.917877732645092
MTARC2	-0.389085695	0.120896888	0.067489654	-2.015857576	18.82460233	1.17076279835551	0.917584878145202
COLGALT1	0.153486175	0.120946504	0.067534449	2.015477047	23.90696717	1.17047463910693	0.91740668055098
PDAP1	-0.126736855	0.121004678	0.067584038	-2.01505607	24.94870829	1.17015586363056	0.917197839680948
PRDX1	0.115285364	0.121015721	0.067607313	2.014858581	30.47211527	1.17000632441682	0.91715820736907
SF1	-0.110196121	0.12122659	0.067755837	-2.013599828	25.22253464	1.1690532854322	0.916402110997155
TRAPPC12	0.254366471	0.12122659	0.067759392	2.01356973	21.12286847	1.16903049955205	0.916402110997155
ZC3HAV1L	0.675265149	0.121271753	0.067801779	2.015675218	20.89062079	1.16875891085643	0.916240344597679
ULBP2	-0.445604312	0.121362338	0.06786958	-2.012637577	19.12295199	1.1683248383619	0.915916065620154
AGO1	-0.268784652	0.121384548	0.06789916	-2.012387581	20.15163491	1.16813559846797	0.915836594524736
TPPP3	-0.945017596	0.121656678	0.068068579	-2.015401535	18.55150028	1.16705331563457	0.914864046708921
DIS3L2	0.211298287	0.12172884	0.068126163	2.010472425	21.84935629	1.16668607069444	0.91460651651913
BRIP1	-0.475066007	0.121884381	0.068230442	-2.00959464	17.12007129	1.16602181533098	0.914051943931391
RFX3	-0.4860403	0.122043837	0.068336958	-2.008699319	16.89172742	1.16534435760074	0.913484146803708
THUMPD1	0.205087818	0.122168665	0.068424124	2.007967604	21.20144215	1.16479075393832	0.913040171856772
LLGL2	0.700094163	0.122215097	0.068467406	2.013818233	21.42706423	1.16451612577992	0.912875143202975
ALDH18A1	-0.115230015	0.122588478	0.068693911	-2.00570836	26.32613782	1.16308175691857	0.91155034691525
PTAR1	-0.273507741	0.122708034	0.068778252	-2.005003767	20.297552	1.16254886597259	0.91112700200287
ZGPAT	0.204832855	0.1227684	0.068829442	2.004576511	22.32428025	1.16222575125555	0.91091340413691
HMGCL	0.657017935	0.122944344	0.068945464	2.023550969	23.45951141	1.16149430127307	0.910291445990664
PWWP2A	-0.360668449	0.123027086	0.069009256	-2.003078036	20.10316974	1.16109265476813	0.909999262501085
AP1S3	0.40500929	0.123057683	0.069043815	2.002790459	19.2962712	1.16087521978888	0.909891266314362
AKR1C3	0.277577581	0.123145448	0.069110465	2.002236213	21.36966594	1.16045618493214	0.9095816369716
DNAJC17	-0.274980635	0.123167102	0.069140028	-2.001990527	21.68984881	1.16027044891506	0.90950527697504
ERAL1	0.146967053	0.123182653	0.069166171	2.001773349	23.10847637	1.16010626595207	0.909450446691185
CAPZA2	-0.125430539	0.12336406	0.069285469	-2.000783274	24.61638896	1.15935783890673	0.908811346113955
RPP25L	-0.20220634	0.123446028	0.069348956	-2.00025703	21.1255995	1.15896007254098	0.908522879368614
MRTFA	0.295890004	0.123496097	0.069402093	1.999816921	17.81505266	1.15862743207189	0.908346767733449
TGFBI	-0.371818542	0.123496097	0.069441599	-1.999489916	18.04036507	1.15838028741565	0.908346767733449
VHL	0.410834681	0.123496097	0.069442947	1.999478761	20.3061351	1.15837185697499	0.908346767733449
RMND1	-0.202870799	0.123496097	0.069446915	-1.999445927	22.49582821	1.15834704190959	0.908346767733449
CD200	0.201092	0.123513011	0.069489934	1.999090061	23.32993238	1.15807810080363	0.908287290923562
ASF1B	-0.415060892	0.123513011	0.069491346	-1.999078383	18.3854603	1.15806927625102	0.908287290923562
MICAL1	0.553818266	0.123856003	0.06970183	1.997340182	19.69778833	1.15675581948494	0.907082939368054
CEP170B	0.471041828	0.124192985	0.069938373	1.995658671	21.1845502	1.15528447504852	0.905902934447936
HNRNPCL1	-0.650155484	0.124192985	0.069944141	-1.995611242	19.1371209	1.15524865912698	0.905902934447936
MGAT2	-0.376932675	0.124192985	0.069930017	-1.995461287	21.32384585	1.15533636618268	0.905902934447936
GOLGA7	-0.256161258	0.124295746	0.070019585	-1.994725334	20.89510552	1.15478046758904	0.905543734756108
TSC2	-0.205557134	0.124327366	0.070054973	-1.994434803	22.30579157	1.15456102997421	0.905433267217661
STIP1	-0.106509473	0.124557966	0.070202518	-1.993224954	28.98955612	1.1536473104643	0.904628492300795
PTPN2	-0.181559641	0.125149562	0.070553641	-1.990355237	23.98249949	1.15148056907609	0.90257066600235
ARID2	-0.165157304	0.125665347	0.070862181	-1.987844462	24.05432258	1.14958548505832	0.900784465205864
RBM39	-0.136865279	0.125824913	0.070969947	-1.986969897	25.45755258	1.14892551909993	0.900233361217991
MLH3	-1.774294862	0.126043269	0.071110925	-2.006168538	16.98328108	1.14806367208701	0.899480341690907
PTEN	0.319988793	0.126099866	0.071160682	1.985425014	18.9115608	1.14775989831412	0.899285374929626
MRPS33	-0.402687894	0.126202137	0.071236236	-1.984814117	17.06015013	1.14729903597488	0.898933291055038
RILPL1	0.745453466	0.126290143	0.07133947	1.985064525	18.64769549	1.14667012147552	0.898630544993082
SERPINA1	0.415261706	0.126290143	0.071316291	1.984167478	18.36361146	1.14681125158922	0.898630544993082
CLCN7	0.486250181	0.126290143	0.071339222	1.98398238	17.98865368	1.14667163123189	0.898630544993082
MRPS28	-0.125276576	0.126638657	0.071554243	-1.98224942	22.5872878	1.14536460848909	0.897433703804117
PGK2	0.381445608	0.126724753	0.071620803	1.98584596	23.584706	1.14496081406254	0.897138546589797
CNNM3	0.370167947	0.126886121	0.07172994	1.980836958	18.43735434	1.14429953243906	0.896585879109038
B4GALT3	-0.770623277	0.126916839	0.071765247	-1.982175064	18.42446299	1.14408581606428	0.896480753006803
SRM	0.137076746	0.126935421	0.071808379	1.98020741	24.91456389	1.14382487691161	0.896417172244693
TRMT1L	-0.27183487	0.126935421	0.071811642	-1.980181238	22.22260728	1.14380514285386	0.896417172244693
VPS11	0.338095182	0.127085237	0.071914363	1.97998409	22.7411508	1.14318436206932	0.895904896824598
CRLF3	0.348597464	0.12709508	0.071937899	1.979169281	22.38549869	1.14304225022658	0.895871261170682
GTF2F1	-0.137077951	0.12722833	0.072031306	-1.978421679	23.32445789	1.14247871095632	0.895416173335795
WRNIP1	-0.253117692	0.127349338	0.072117819	-1.977730062	20.54643466	1.14195741576255	0.895003308287286
PEX19	-0.172643825	0.127488697	0.07221476	-1.976955985	23.83135046	1.14137402775698	0.894528317568286
NT5DC3	-0.30709964	0.127540757	0.072262278	-1.976576903	20.24453171	1.14108835182922	0.894351009648065
UQCRFS1	-0.225409786	0.127673592	0.072355588	-1.975833176	23.84129607	1.1405279228193	0.893898922898718
EHMT1	-0.309684502	0.128081272	0.072604736	-1.973851704	22.32574452	1.13903504938831	0.892514368004451
SLC12A4	-0.177485851	0.128371034	0.072787139	-1.97240504	22.57894694	1.13794535083476	0.891532960637289
ANKRD54	0.935175746	0.128443425	0.072846341	1.977276793	19.13690037	1.13759225753047	0.891288122299178
CAVIN2	-0.233958102	0.128647252	0.072980128	-1.970878066	22.20979972	1.1367953792607	0.890599486204374
WASH2P	-0.192965854	0.128818069	0.07309524	-1.969969043	21.61140893	1.13611090360359	0.890023215263403
ASTE1	-0.625014776	0.12902942	0.073235078	-1.968866554	18.61134601	1.13528085155317	0.889311254918493
NMRAL1	0.182632558	0.12902942	0.073259736	1.968672354	22.520873	1.13513465069945	0.889311254918493
UNC45A	0.146989689	0.12902942	0.073269887	1.968592423	24.68647134	1.13507447824828	0.889311254918493
AATF	0.626115904	0.129430952	0.073516195	1.973301718	21.92507511	1.13361697895148	0.887961854460301
UBQLN1	0.167888342	0.130204469	0.073973955	1.963073338	23.46610821	1.13092116122565	0.885374109249154
NPHP4	-0.489077428	0.130656023	0.07424897	-1.960930726	18.58140344	1.12930956660899	0.883870565306171
ACYP1	0.263490733	0.130684564	0.074283663	1.960660954	22.51541861	1.12910668891901	0.883775706723357
DHX36	0.092226551	0.130883981	0.074415517	1.959636733	25.6960106	1.12833649664727	0.883113503861945
CAMK1	-0.50775913	0.131065141	0.074537046	-1.959304773	20.86436569	1.12762782289585	0.882512800944643
TP53BP1	-0.178610202	0.131356711	0.074721431	-1.957266889	24.01646846	1.1265548194673	0.881547734253512
POLR1E	-0.265143546	0.13164491	0.074903981	-1.955856984	21.81320585	1.12549509978535	0.880595928063022
PCMT1	0.110623285	0.131786896	0.075003399	1.955090477	24.35565676	1.12491905482837	0.880127770909069
FAM83C	0.288925632	0.131949383	0.075114527	1.954234791	20.34608238	1.12427606318457	0.879592636215601
ABLIM1	-0.212823447	0.132006838	0.075165895	-1.953839652	22.36745847	1.12397916702846	0.87940357160665
ARFIP1	0.140395741	0.132121415	0.075249813	1.953194668	24.18096731	1.12349457497889	0.879026783728723
CENPS	-0.573504824	0.132251144	0.075342396	-1.95257626	19.87970552	1.12296057270413	0.878600562538611
LEMD2	0.163648266	0.132373861	0.07543102	1.951804196	23.60556757	1.12245001958915	0.878197763719533
SYMPK	-0.195566515	0.132447204	0.075491536	-1.951340518	23.71611925	1.1221017381	0.877957205356092
PSMD7	0.118316671	0.132531491	0.075558313	1.950829269	25.79373137	1.12171774718972	0.87768091612287
INTS10	0.21343778	0.132592405	0.075611784	1.950420184	20.86452223	1.12141051498347	0.877481351957322
NUP210	-0.201357439	0.132682252	0.075681777	-1.94997722	25.4584012	1.12100867929873	0.877187165861681
NKAP	0.227800958	0.132705986	0.075714074	1.949638365	19.21858789	1.12082338480087	0.877109486870791
NIFK	-0.253484189	0.13288607	0.075835604	-1.948710747	23.45772091	1.12012684990359	0.876520542301872
IFT46	-0.448574177	0.132960112	0.075896654	-1.948245285	17.46386415	1.1197773701041	0.876278627728425
PRCP	-0.500992819	0.133069157	0.075977711	-1.947627817	20.05428556	1.11931379468553	0.875922594389616
SNRPF	-0.298258131	0.133161328	0.076049161	-1.947084033	22.24486048	1.11890557286779	0.875621882333363
FOXP4	-0.366545047	0.133174202	0.076075339	-1.946884916	20.47470859	1.11875610370195	0.875579896893686
LAMP1	0.283837245	0.133444521	0.076248622	1.947836785	25.12308133	1.11776800067893	0.8746992528867
PPM1G	-0.109164267	0.133692761	0.076409363	-1.944349811	25.74345374	1.11685342087343	0.873892107643532
PSMC4	-0.100054731	0.133822884	0.07650265	-1.943643628	26.86204749	1.11632352091901	0.873469614930438
PRKCSH	0.088728155	0.133966359	0.076603608	1.942880269	27.80637517	1.11575077478529	0.873004245925655
SMAD1	-0.555497396	0.134018848	0.076652567	-1.943179139	20.3482663	1.11547329657911	0.872834119495115
MRPL39	0.246261382	0.134161756	0.076753269	1.941750359	22.52154596	1.11490311841198	0.872371266024218
SGPP2	-0.45971326	0.134338719	0.076873499	-1.94084412	16.72575936	1.11422335098734	0.871798797275109
HEXA	0.189539148	0.13436483	0.076907435	1.940588563	24.27129257	1.11403167289834	0.871714393006577
LSM2	0.196986946	0.134522541	0.077031713	1.93965357	22.18363288	1.11333044436682	0.871204937879436
NSL1	-0.276822798	0.134522541	0.077035738	-1.939623307	19.40849016	1.11330775254867	0.871204937879436
VAV3	0.208116439	0.13459085	0.077100931	1.939133415	21.55673101	1.11294037777626	0.870984464105974
SLC35B1	-0.491368364	0.13459085	0.077112908	-1.939043451	19.63021811	1.11287291891454	0.870984464105974
PRPF40A	-0.180187545	0.134681684	0.07718399	-1.938509817	24.77229755	1.11247277447941	0.870691462024554
BSDC1	-0.29230642	0.135011136	0.07739188	-1.93695171	22.45994238	1.11130460335052	0.86963040851321
ABHD16A	-0.266030021	0.136122406	0.078048131	-1.932058375	19.63843702	1.10763749242354	0.866070383237051
RABGGTB	-0.216833127	0.136768409	0.078437862	-1.92917025	22.20343418	1.1054742525139	0.864014205111274
FIGNL1	-0.352813625	0.136852342	0.078505344	-1.928671511	19.90997211	1.1051007790418	0.863747765963222
PRPF19	-0.124984413	0.136882996	0.078552269	-1.92832494	26.56492966	1.1048412657488	0.863650497826772
XRCC6	-0.093505697	0.136882996	0.078561629	-1.928255833	28.27418396	1.10478951989554	0.863650497826772
OSMR	0.561754685	0.136973371	0.078632861	1.927730153	16.64802436	1.10439592255441	0.863363855849762
PTBP1	-0.133987443	0.137088285	0.078720263	-1.927085744	28.30857904	1.10391346362069	0.862999656641843
LTF	-0.310448673	0.137088285	0.078737589	-1.926958081	17.12156413	1.10381788774273	0.862999656641843
ORC6	-1.918049179	0.137275959	0.078871054	-1.944858178	17.17165878	1.10308235540416	0.862405513657898
AHSA1	-0.136865878	0.137275959	0.078895235	-1.92579766	27.51687386	1.10294922588688	0.862405513657898
HPRT1	-0.12476147	0.137275959	0.078903598	-1.925736164	25.50578321	1.10290319253306	0.862405513657898
RPS19	-0.120009407	0.137799957	0.079224261	-1.923382589	27.78870101	1.10114180319628	0.860750917948463
ZDHHC3	0.192611323	0.138025746	0.079373584	1.922289593	21.27267974	1.10032400930906	0.860039896911548
HNRNPK	-0.106435625	0.138143643	0.079460911	-1.921651265	28.64611849	1.09984646017161	0.859669095355092
AKAP13	-0.129177069	0.138231802	0.07954665	-1.92102517	24.24374849	1.09937810535931	0.859392030447762
MASTL	-0.493216174	0.138231802	0.079550702	-1.920995596	19.54596243	1.09935598354246	0.859392030447762
USO1	-0.097159541	0.138695573	0.079837203	-1.91890806	26.25439097	1.09779468643692	0.857937400875922
RBM28	-0.182652069	0.138851735	0.079946723	-1.918111886	23.36814472	1.09719933319586	0.857448689221477
ZC3H4	-0.222280464	0.138862612	0.079972615	-1.9179238	22.30752769	1.09705870288855	0.857414669941356
NFYB	-0.879624365	0.138939221	0.080036376	-1.921276057	18.85572191	1.09671258418918	0.857175140443309
TMCO4	-0.557260452	0.139074192	0.080133786	-1.917401815	20.38653338	1.09618433810177	0.856753454564993
TMEM161A	0.666517675	0.139076174	0.080156385	1.917237872	18.73346173	1.09606187742935	0.856747265310774
DHRS11	0.452828457	0.139076174	0.080174249	1.916461036	17.8389774	1.09596509945918	0.856747265310774
OCIAD1	-0.145180458	0.139220928	0.080277377	-1.915714196	25.17324515	1.09540682618251	0.856295475704264
PFDN2	-0.118934155	0.13995879	0.080753136	-1.912280172	26.51670216	1.09284060310151	0.853999820823274
MGRN1	0.37936041	0.13995879	0.080757496	1.912248792	19.1520148	1.09281715543223	0.853999820823274
CEP20	-0.258038193	0.13995879	0.080762197	-1.912214953	18.43181173	1.09279187531534	0.853999820823274
DARS1	0.091330853	0.139963761	0.080784851	1.912051918	27.5076598	1.09267007169987	0.853984396000501
GPAA1	0.204355075	0.140023827	0.080839314	1.911660133	23.09767525	1.09237738055108	0.853798056792134
ARFGAP1	0.125020733	0.140171439	0.08094435	1.910905231	23.75849415	1.09181346006019	0.853340468168967
LIMCH1	-0.111584649	0.140362723	0.081074652	-1.90996999	24.09208002	1.09111490679072	0.852748215175902
LAMTOR1	0.280279229	0.140561335	0.081209241	1.909005418	22.89374595	1.09039454850567	0.85213412672349
MUC15	0.489680154	0.140850525	0.081396232	1.907667735	18.44718346	1.08939569903566	0.8512415299052
EIF2S1	0.08095603	0.141151046	0.081589854	1.906285587	27.25554229	1.08836384401299	0.850315899165345
TSEN2	-0.555799405	0.141238867	0.081660584	-1.905781443	19.84695567	1.08798751852188	0.850045774949365
SPRYD7	-0.251639064	0.141258117	0.081691682	-1.905559909	19.59326286	1.08782216189363	0.849986587281793
EEF1AKMT4	-0.260848036	0.141419737	0.081805141	-1.904752317	20.76760874	1.08721940246837	0.849489974753997
STAR	-0.672159416	0.141506461	0.08187531	-1.904823755	17.66335968	1.08684704265165	0.849223730368751
SETD7	0.707617334	0.141633093	0.081968601	1.905742523	19.82491878	1.08635247717598	0.848835260571986
PIK3CB	-0.219397813	0.141662069	0.082005396	-1.903329418	20.45350552	1.08615756986113	0.84874641954228
PKNOX1	0.513919406	0.142032224	0.08223975	1.901668281	18.41547688	1.08491821855534	0.847613112534417
CCDC185	0.321800819	0.142039941	0.082264297	1.901494536	20.14326455	1.08478860926096	0.847589516765943
DAXX	0.303759909	0.14256562	0.082588904	1.899201451	20.73027257	1.08307829717446	0.845985192888568
DHRSX	0.259312284	0.142689191	0.082680661	1.898554765	18.05131759	1.08259606001397	0.845608924340514
NEK9	1.362059881	0.142879193	0.082810955	1.912672345	18.17975335	1.08191220691875	0.845031011399514
MTM1	1.533636678	0.142981635	0.082890541	1.915281633	18.0058634	1.08149502585366	0.844719741068907
ESD	-0.154156982	0.143036312	0.082942459	-1.896713262	24.62267871	1.08122309322688	0.844553696106167
CLGN	0.311325014	0.143243803	0.083083026	1.8957267	22.39433394	1.08048769423648	0.843924157361406
MZT2B	0.268891387	0.143251078	0.083111726	1.895525458	20.31371075	1.08033769850431	0.843902101174255
CD63	0.142107124	0.143251078	0.083127746	1.895413154	23.63732142	1.08025399518719	0.843902101174255
VCPIP1	-0.210843639	0.143415781	0.083243596	-1.894601622	22.84558779	1.07964916717708	0.84340305770496
FUNDC2	-0.258943807	0.143426551	0.083270123	-1.894415945	22.54216084	1.07951079383598	0.84337044500418
KANK2	-0.211353847	0.144027027	0.083639105	-1.891838833	20.96965038	1.07759062310019	0.84155600390758
TMEM181	-0.424814154	0.144495862	0.083941547	-1.88973422	17.98133888	1.07602303122445	0.840144589836833
LCOR	0.27911805	0.144495862	0.083952218	1.889660085	18.60288817	1.07596782540519	0.840144589836833
PSMC3	0.103973388	0.144629525	0.084050322	1.888978976	26.70983676	1.07546061842254	0.839743040128089
PHB	0.177222226	0.144722781	0.084124975	1.889085882	27.68870303	1.07507505183024	0.839463100644167
RNF31	0.240534893	0.145014118	0.084314824	1.88714623	20.99513033	1.0740960622031	0.838589714516591
POMT2	-0.688886114	0.145103844	0.084387505	-1.887310149	18.78962856	1.07372185327097	0.838321082352922
ZFYVE21	0.331258336	0.145121057	0.084418031	1.886432536	20.85552194	1.07356478172209	0.838269567056337
FADD	2.363950703	0.145206561	0.084488296	1.903893434	20.15716761	1.07320344885703	0.838013760070352
QTRT1	0.175276366	0.145327639	0.08459043	1.885242137	22.05473959	1.07267876737806	0.837651781960209
GTF2H4	0.207476278	0.145327639	0.084599833	1.885177279	21.11284013	1.07263049425708	0.837651781960209
ZC3H7A	-0.344058579	0.145855309	0.084943768	-1.882809305	21.15137128	1.07086847815447	0.836077758332157
DROSHA	-0.284653363	0.145855309	0.084964191	-1.88266897	18.32356673	1.07076407343678	0.836077758332157
GINS2	-0.280241434	0.145855309	0.084968862	-1.882636879	20.57926298	1.07074019827547	0.836077758332157
VTCN1	0.845106857	0.145966911	0.085057096	1.891754231	20.65711565	1.07028944895217	0.835745582563415
IFT52	0.551565337	0.145966911	0.085075145	1.881907096	18.46696169	1.07019730203061	0.835745582563415
VPS39	0.298308773	0.14599781	0.085113793	1.881641932	20.95545962	1.07000005521043	0.83565365868165
RTL8A	0.258918873	0.146029765	0.085153065	1.881372596	20.36474154	1.06979971542151	0.835558613683077
TEP1	0.264328534	0.146449594	0.085419397	1.879549035	17.66077298	1.06844349870757	0.834311827968754
MANBAL	-0.347416987	0.146449594	0.085439281	-1.879413097	19.32786919	1.06834241503282	0.834311827968754
PDE4DIP	0.204718775	0.146485127	0.085483568	1.879110439	23.99866686	1.06811735910539	0.834206468072539
SVIL	0.173676338	0.146485127	0.085501426	1.878988433	24.61086919	1.0680266420114	0.834206468072539
CD74	0.69869201	0.146599448	0.085588877	1.879341313	18.79060529	1.06758267190463	0.833867664967779
DZIP3	0.306681834	0.146636551	0.085631268	1.878102076	18.53986483	1.06736762503899	0.833757762852738
CSTF2T	-0.125552073	0.146718073	0.085699615	-1.877636005	22.98461031	1.0670211291124	0.833516385674616
KIF2C	-0.188164416	0.147048391	0.085913345	-1.876180727	23.10999396	1.06593937156206	0.832539723170814
EIF3K	-0.153165275	0.147186275	0.08601471	-1.875491686	24.9885289	1.06542727055262	0.832132685716389
CCT6A	-0.099929805	0.147214483	0.086052006	-1.875238357	28.21114193	1.06523900116935	0.832049461890022
ALDH3B1	2.549541378	0.147528697	0.08625653	1.891520369	17.51616096	1.06420801700115	0.831123493336435
VPS35L	-0.180356387	0.147683706	0.086368036	-1.873095719	22.9295071	1.06364695610054	0.830667417921933
EDC3	-0.204170247	0.147685057	0.086389704	-1.87294908	22.41473967	1.06353801403075	0.830663445045187
DDAH2	0.169331471	0.147926053	0.086556783	1.871819462	24.37925246	1.06269889307982	0.829955330548758
BTF3L4	-0.136689391	0.147926053	0.086572499	-1.871713308	25.37921106	1.06262004596607	0.829955330548758
HBA1	-0.23330548	0.148403191	0.086872719	-1.871749639	25.54968319	1.06111658543744	0.828556760655426
BCAR1	-0.201803514	0.148944791	0.087210818	-1.867416624	22.57043898	1.05942963999517	0.82697468062963
HSPA5	-0.07824011	0.149189683	0.087394179	-1.866187684	29.89432348	1.0585174931364	0.826261208841175
AP3D1	-0.134027428	0.149189683	0.087415079	-1.866047758	24.64116678	1.05841364560774	0.826261208841175
TRIT1	0.356183459	0.149189683	0.087417477	1.8660317	20.02793388	1.0584017320581	0.826261208841175
RAB8A	0.134397441	0.149365699	0.087541729	1.865200469	24.33715571	1.0577848800699	0.825749124377172
PPP1R14A	0.486361922	0.15031805	0.088121141	1.866284288	22.70555246	1.05491988820312	0.822988866753544
NPHP3	-0.682767688	0.150382439	0.088180146	-1.861549468	17.0992899	1.05462918644708	0.822802875783488
PLBD2	-0.226291695	0.150617795	0.088339445	-1.859889323	22.60411009	1.0538453335607	0.822123714630985
PSMB10	0.478410083	0.150678589	0.088396401	1.859593938	20.64683957	1.05356541663465	0.821948455314955
GRK2	-0.230141465	0.15136545	0.08882075	-1.856705942	20.97030397	1.05148556397605	0.819973243638404
NOMO1	0.421953543	0.151570504	0.088962501	1.855771387	19.06623768	1.05079301628325	0.819385305276403
MIA3	-0.178408843	0.152449123	0.089499747	-1.85224165	23.27795252	1.04817819235626	0.816875069674174
MDC1	-0.237108165	0.152527238	0.089567168	-1.851800049	23.77254419	1.04785115740792	0.816652593977471
PARP10	0.812969615	0.152550879	0.08962418	1.853439611	17.09455431	1.04757480480369	0.816585285604335
UBE3A	-0.172022253	0.152550879	0.089611023	-1.851512968	23.36988977	1.04763856473938	0.816585285604335
EPHB3	-0.308656677	0.152640945	0.089698672	-1.850939592	21.06100594	1.04721398669215	0.816328953914777
CUL3	-0.13422135	0.152806794	0.089817734	-1.850161537	24.37388393	1.04663790589443	0.815857336001721
RBPMS	0.311656488	0.152890245	0.089888398	1.849700197	18.87942516	1.04629635954307	0.815620223402736
LDHB	0.074867751	0.152922984	0.089929264	1.849433553	30.25436218	1.04609896092933	0.815527236142873
RPL18	-0.115526943	0.153007824	0.090000785	-1.848967147	27.43122467	1.04575370256421	0.815286361122602
PIAS3	-0.463197262	0.153219618	0.090147024	-1.84801454	17.38351897	1.04504860595447	0.814685624757725
EMC4	0.196161572	0.153241619	0.090181631	1.847789315	21.67170192	1.04488191442871	0.814623268337016
ZCRB1	-0.320589063	0.15328512	0.0902289	-1.847481815	20.12155926	1.04465433717786	0.814500001802776
LIMD1	-0.436807224	0.153681912	0.090484191	-1.845823579	20.63639033	1.04342729218935	0.813377244932646
SMARCA5	-0.134664197	0.153882158	0.090623843	-1.844918269	26.58721709	1.04275752504907	0.812811731899142
PHLDA3	0.478880049	0.154041752	0.090739607	1.844168782	17.11082468	1.04220310602769	0.812361550555634
CSNK2A1	-0.153772373	0.154077292	0.090782323	-1.84389245	25.33420785	1.04199870842757	0.812261363136155
NAV1	-0.560597374	0.154434789	0.091014792	-1.84239065	19.15279477	1.04088801908641	0.811254860937694
B3GAT3	-0.19972887	0.154457357	0.091049926	-1.842163977	21.03684776	1.04072040283781	0.811191400872348
NCOA3	0.827884062	0.154564555	0.091161254	1.845038571	19.22794808	1.04018970936338	0.810890092130601
ATP6AP2	0.245970166	0.154564555	0.091145759	1.841546106	22.56400665	1.04026353420316	0.810890092130601
SYNE1	-0.238714583	0.154564555	0.091190279	-1.841259275	22.16419308	1.04005145554959	0.810890092130601
MFF	-0.244905456	0.154564555	0.091200517	-1.841193331	22.39244234	1.0400026997241	0.810890092130601
SLC25A32	0.217556634	0.154569743	0.091225428	1.841032903	20.81881999	1.03988409039026	0.810875515166564
TTC5	-0.244983206	0.155177701	0.091606175	-1.838585857	22.34097887	1.03807525037104	0.809170686611573
PEX5	0.247420034	0.155383877	0.091763139	1.837579741	21.36501046	1.0373317386654	0.808594046623895
G3BP2	-0.108011519	0.155383877	0.091771817	-1.837524161	25.46409432	1.03729066956773	0.808594046623895
LAMTOR2	0.498647391	0.155413882	0.091818609	1.837809337	20.85872691	1.03706929083596	0.808510191411991
KCMF1	-0.274899805	0.155413882	0.091833479	-1.837129386	21.89872754	1.0369989626515	0.808510191411991
ALDH16A1	0.154003023	0.155550608	0.091936259	1.83647189	24.02994471	1.03651317220537	0.808128287026966
ASL	-0.395124297	0.155881294	0.092153742	-1.835082819	18.30372216	1.03548702510084	0.807205997704039
BRD3	-0.40863117	0.156408565	0.092487564	-1.832956482	20.86342857	1.03391665914492	0.805739468473175
MRPS2	-0.137574489	0.156502987	0.092565521	-1.832460924	23.56587837	1.03355075012018	0.805477369138377
HELZ	-0.304435956	0.156688757	0.092697547	-1.831622527	20.46665706	1.03293175817977	0.804962164654795
IFT122	0.392705311	0.156987825	0.092896669	1.830878743	21.7575978	1.03199985824376	0.804134027465582
SLC1A4	-0.454524959	0.157342487	0.09312878	-1.829470061	21.15415218	1.03091608632607	0.803153989530811
GTPBP10	-0.295552536	0.157435913	0.093206334	-1.828401712	20.91961262	1.03055457339948	0.80289619295101
CUEDC2	-0.374769745	0.157556735	0.093300136	-1.827809652	21.69834035	1.03011772319877	0.802563027521283
MRPL9	-0.174968639	0.157627558	0.093375961	-1.827331452	23.51013729	1.02976491551283	0.80236785257575
LIN37	0.414203484	0.157627558	0.093386641	1.82726413	18.38985407	1.02971524534308	0.80236785257575
LENG1	-0.598765676	0.157631465	0.093411239	-1.829059025	20.61878743	1.02960086743122	0.802357088166695
TTC1	-0.117218812	0.157855279	0.093566184	-1.826133347	25.11014534	1.02888108241309	0.8017408898425
P4HA1	-0.169961874	0.158084651	0.093724488	-1.825137962	22.96111686	1.02814692337248	0.801110295213929
VKORC1L1	-0.544510174	0.158137666	0.093778274	-1.824800116	18.89790464	1.02789776476388	0.800964675370318
CHPF2	-0.480382085	0.158369737	0.093959068	-1.823665773	17.71667065	1.0270612997325	0.800327804498951
SOWAHC	0.190296785	0.158369737	0.093960671	1.823655722	22.1924757	1.02705389046237	0.800327804498951
PARD6B	0.148926137	0.15917428	0.094460507	1.820529961	23.77789756	1.02474972775454	0.79812710592295
DCAF5	0.364852232	0.159558119	0.094710848	1.818970066	21.00303311	1.02360027488562	0.797081092146202
ABI1	0.129648831	0.15972564	0.094832865	1.818211125	23.70873902	1.02304112875221	0.796625363030466
CARD19	-0.344168709	0.159800229	0.09489974	-1.817795541	19.01556509	1.02273497742223	0.796422602660544
TTC28	-0.498828511	0.159996281	0.095038786	-1.816932307	17.49474704	1.02209911988885	0.795890112093759
RRP9	-0.240678294	0.160155847	0.095156209	-1.816204206	21.8603721	1.02156286847564	0.795457201405516
SERPINE2	1.19353185	0.160209911	0.095210979	1.828706537	18.71195039	1.02131296921852	0.795310620839359
FMR1	0.146157598	0.160214963	0.095242871	1.815667371	23.85383969	1.02116752170201	0.795296926173927
DNAL4	-0.296340401	0.160214963	0.095259278	-1.815565781	18.57004387	1.02109271446629	0.795296926173927
DARS2	-0.104838077	0.160268037	0.09531349	-1.815230235	25.05887904	1.0208456280296	0.79515308237851
CLPTM1L	-0.233252254	0.160361234	0.095391585	-1.814747168	22.31435981	1.02048993503653	0.79490061045763
CPA4	0.259784179	0.1604101	0.095443329	1.814427295	20.44086716	1.02025442117011	0.794768290439802
FAM120C	-0.493530305	0.160716113	0.095648125	-1.813162825	19.23038619	1.01932353907249	0.793940579763197
DDB1	0.080993079	0.160868259	0.095761413	1.812464404	26.83206567	1.01880945435629	0.793529638318731
OSM	0.22731319	0.160915158	0.095812079	1.812152292	20.49239128	1.01857973609513	0.793403043994878
EML1	-0.428344489	0.161038013	0.095907994	-1.811561845	20.46634894	1.0181451925645	0.793071596716392
GRB7	0.418782087	0.161218839	0.096038477	1.810759451	17.3588989	1.01755473570102	0.79258421069658
PEX6	-0.275146096	0.161226859	0.096066046	-1.810590048	19.01215664	1.01743008413669	0.792562606800065
RPS15	-0.360192937	0.161508629	0.096279599	-1.818123409	24.70894305	1.01646572720932	0.791804269450698
SAC3D1	-0.284345059	0.161508629	0.096268	-1.809350424	19.60489026	1.01651805070469	0.791804269450698
ISCA2	0.451153358	0.161544585	0.09632387	1.809007896	20.04412628	1.01626607710492	0.791707595021972
PRMT6	0.440621604	0.161665429	0.096418779	1.808426449	19.11679077	1.01583837250993	0.791382840945407
RGL3	-0.459590686	0.161885147	0.096572705	-1.807484538	17.03599655	1.01514560384252	0.790792996038792
SAT2	-0.25094945	0.161965502	0.096643537	-1.807051558	19.86528971	1.01482718394363	0.790577478583957
TUBB4A	-0.509241286	0.162071273	0.096729561	-1.81533801	22.85914377	1.01444078323575	0.790293956670268
PTDSS1	0.268149558	0.16269813	0.09712669	1.804105789	19.6685841	1.012661411421	0.788617438675608
RECQL4	-1.233620823	0.162789221	0.097204081	-1.81627037	17.58125101	1.01231550134353	0.788374355068443
UNK	-0.403479529	0.162863404	0.0972714	-1.803226076	20.66655625	1.01201483340077	0.788176492280705
PLOD3	0.15705678	0.16288728	0.097308686	1.802999598	23.7965629	1.01184839186419	0.788112828776204
RO60	-0.114885817	0.163179411	0.097506272	-1.801800767	24.2775906	1.01096744781549	0.787334638800102
CPTP	0.947262124	0.163418515	0.097672248	1.816852034	23.3508188	1.01022881655316	0.786698740295632
NANS	-0.132881989	0.163471249	0.097726875	-1.80046488	24.63728528	1.00998598838774	0.786558619142084
DLG1	0.104110576	0.163502006	0.097768375	1.800213874	24.77702841	1.00980160312754	0.786476914628243
POLD3	-0.16920627	0.16373156	0.097928785	-1.79924457	20.99181441	1.00908963374133	0.785867600290044
CADM1	-0.164969445	0.163781896	0.097982045	-1.79892306	23.21894023	1.00885350055077	0.785734105639288
HDAC6	0.265189373	0.163973878	0.098120077	1.798090535	19.79221527	1.00824211965173	0.785225332098901
ZNF106	-0.933624036	0.164104186	0.09822125	-1.802029766	18.04767299	1.00779454317684	0.784880340741455
NFIC	-0.20850901	0.164280908	0.098350246	-1.796704652	21.60873422	1.00722454945782	0.784412905414807
KRAS	-0.153183585	0.164541666	0.098529615	-1.795626675	24.33258699	1.00643321419294	0.783724109734675
VPS28	-0.23228689	0.164616729	0.098597834	-1.795217156	23.52045435	1.00613262554743	0.783526032166213
WASHC4	-0.233393895	0.164761839	0.09870804	-1.794556133	21.51837302	1.0056474715915	0.783143369282414
ATG16L1	0.497969349	0.164932488	0.09883359	1.794661292	21.00238409	1.00509542917346	0.782693789659161
ADSS1	0.456855335	0.165058625	0.098932509	1.793211799	19.59588642	1.00466097676068	0.782361777046859
ACAA1	0.124734495	0.166016806	0.09953029	1.789645118	23.99242568	1.00204473053106	0.779847945793551
CTTNBP2NL	-0.223718116	0.166340125	0.099747641	-1.78835308	22.26789899	1.0010973664462	0.779002976492226
IRF2BP1	-0.266428822	0.166559549	0.099902766	-1.787432493	21.83570617	1.0004224873305	0.778430463788609
PRKACB	-0.164919164	0.166575517	0.099935891	-1.787236082	23.79334739	1.0002785111343	0.778388830139077
BMP7	-0.27175092	0.166616274	0.099983896	-1.786951543	21.04511098	1.00006994441544	0.778282581781433
PLA2G4A	-0.563913203	0.166811878	0.100124856	-1.786116748	17.83447313	0.999458095511455	0.777773028241494
NDUFB1	-0.232973856	0.166867808	0.100203516	-1.785651367	22.33743519	0.999117039420786	0.777627438973585
VPS26A	0.097307504	0.166867808	0.100205605	1.785639017	24.87575258	0.999107985529744	0.777627438973585
CYFIP1	-0.095057846	0.166926931	0.100264706	-1.785289576	25.63682891	0.998851915303778	0.777473591174791
METAP1	0.145550631	0.167066352	0.100372066	1.784655275	24.01760739	0.998387136494167	0.777111010383139
SRGAP2	-0.175236773	0.167233499	0.100517663	-1.783796044	23.15660496	0.997757617154697	0.776676723466177
RANBP9	0.237853945	0.167233499	0.100546577	1.783625546	21.04765337	0.997632709903798	0.776676723466177
LSM8	-0.120751123	0.167233499	0.100552237	-1.783592175	23.66325247	0.997608263148301	0.776676723466177
TMEM102	-0.305273115	0.167233499	0.100567049	-1.783504851	19.97402943	0.997544293451456	0.776676723466177
ANP32A	-0.095705781	0.167496144	0.100751005	-1.782421329	27.66979734	0.996750613040179	0.775995186590111
PARP2	0.432625657	0.167496144	0.100772348	1.782295735	20.79949943	0.99665862224086	0.775995186590111
UBXN6	-0.357222969	0.167603507	0.100860634	-1.783612734	22.75433552	0.996278306236015	0.775716898266522
UBE2K	0.147688136	0.167777818	0.101024527	1.780813547	25.28560568	0.995573174260923	0.775265458030537
ERG28	-0.18614684	0.167777818	0.101025368	-1.780808612	22.19046737	0.995569558899882	0.775265458030537
MAP4K3	-0.368058331	0.167777818	0.101036684	-1.780742179	18.47437898	0.995520915660702	0.775265458030537
CDC42EP1	-0.236488338	0.16789955	0.101133727	-1.78017276	21.80393494	0.995103987758783	0.774950467845148
NUBP2	-0.248606951	0.167909374	0.10116597	-1.780525842	23.95795202	0.99496555001215	0.77492505750798
FKBP4	0.086392	0.167909374	0.101187117	1.779859693	26.94672012	0.994874777733077	0.77492505750798
GTF2H3	0.210624796	0.168424797	0.101521534	1.777902119	21.00311939	0.993441828632993	0.773593967423899
ABR	0.536563963	0.168611403	0.101677961	1.776988438	18.46637359	0.992773171495428	0.773113057869548
PTRH2	-0.149256124	0.168611403	0.101682741	-1.776960541	23.63566433	0.992752755283215	0.773113057869548
HNRNPH2	0.112163167	0.168611403	0.101705521	1.776827594	25.0308337	0.992655471120975	0.773113057869548
GID8	-0.295248953	0.169581207	0.102314474	-1.773283618	20.65131387	0.990062924120835	0.770622277954432
TSC22D2	0.309331396	0.170029232	0.10260882	1.771577392	21.9468491	0.98881530674178	0.769476406828059
ZNF281	-0.678922468	0.170293478	0.10279236	-1.771340285	18.15930387	0.988039162900505	0.768801984584962
VIPAS39	0.227460647	0.170440483	0.102905189	1.769863886	20.22719018	0.987562725361495	0.768427243751463
EEF1E1	-0.120793633	0.170606311	0.103029426	-1.769146906	24.20799286	0.987038719719277	0.768004907624646
TDP1	0.357038613	0.170724554	0.103124968	1.76859606	19.11470342	0.986636173204933	0.767704013156882
USP33	-0.5454297	0.17103698	0.103337864	-1.767370254	18.22925001	0.985740519591214	0.766909980405377
PHRF1	-0.448845772	0.171047983	0.103368692	-1.767192942	18.23031105	0.985610979138832	0.766882042654801
YBX3	0.166148018	0.17126967	0.103540168	1.766207542	23.44269144	0.984891134685303	0.76631953906537
PNPLA8	-0.234857643	0.17126967	0.103551085	-1.766144853	18.82138066	0.984845346243786	0.76631953906537
GGCX	0.164166337	0.171299228	0.103593172	1.765903245	22.14952867	0.984668868726368	0.766244594279647
CSK	0.299976447	0.171570441	0.103781441	1.764823524	21.82487113	0.983880303442559	0.765557532433494
TRIM27	-0.297745645	0.171592642	0.103838416	-1.764497122	18.44669643	0.983641945425315	0.765501338907536
TPRA1	0.581638631	0.171592642	0.103859688	1.7643753	18.01983848	0.983552986382614	0.765501338907536
ARG2	0.318990227	0.171592642	0.103867641	1.764329758	19.84656575	0.983519731788402	0.765501338907536
SMPD1	0.450311761	0.171819258	0.104029104	1.763405862	19.76973929	0.982845142063291	0.764928160793459
PPM1A	-0.147047652	0.172016099	0.104189834	-1.762487438	25.09284529	0.982174653906819	0.764430905536191
OAS3	-0.510168575	0.172016099	0.104196916	-1.762447002	18.64392667	0.982145135009653	0.764430905536191
UPRT	-0.569238965	0.172144282	0.104298896	-1.762062253	19.20132819	0.981720288540349	0.764107398385332
SYPL1	-0.227698859	0.172209225	0.10436654	-1.761479199	22.06829296	0.981438714193144	0.763943587729716
RPL24	-0.116887164	0.172209225	0.104386932	-1.761362944	27.09694768	0.981353866424929	0.763943587729716
SRP72	0.214615953	0.172441713	0.104552234	1.761643049	25.44857091	0.98066668304232	0.763357671605946
SLC9A1	0.300349205	0.172442595	0.104577146	1.760279532	19.50935504	0.9805632146135	0.763355450294485
ALG2	-0.1182842	0.172489967	0.104630259	-1.759977331	23.01736998	0.980342699633995	0.76323616089944
DOCK1	0.270919931	0.172728206	0.104799189	1.759017068	18.17024849	0.979642078174693	0.762636737650077
GNAI3	0.1391887	0.172735592	0.104850155	1.75872763	24.16445932	0.979430923180564	0.762618167258259
RALY	-0.164881768	0.172735592	0.104855907	-1.758694974	25.22110541	0.979407098768083	0.762618167258259
DLD	-0.109843866	0.172735592	0.104897667	-1.758457924	25.99553651	0.97923417072249	0.762618167258259
GSK3B	0.123903777	0.172735592	0.104924464	1.758305856	24.71500758	0.979123240676747	0.762618167258259
DCAF8	0.291576966	0.172735592	0.104925762	1.758298489	20.64159387	0.979117868137978	0.762618167258259
NSUN2	0.125812761	0.172784109	0.104979658	1.757992746	26.32425882	0.978894846398844	0.762496202198345
TMEM243	-0.353599151	0.173128095	0.10523332	-1.756555666	17.87886246	0.977846727853674	0.761632449667105
CHCHD1	0.225912246	0.173128095	0.105237604	1.756531421	20.1605428	0.977829048285158	0.761632449667105
RABGAP1L	0.159291647	0.173958561	0.105767002	1.753542298	21.68049136	0.975649805690299	0.759554193512705
HAGH	0.114683339	0.173980197	0.105804751	1.753329669	23.57502488	0.97549483053564	0.759500181735019
IKZF2	0.581853483	0.174040066	0.105865763	1.752986154	17.93408284	0.975244468072178	0.759350760684823
DIAPH2	-0.204140466	0.174605996	0.106234691	-1.75091275	22.23384287	0.973733640978839	0.757940846627004
OGDHL	-0.266590594	0.175159784	0.106596391	-1.748886231	20.3497687	0.972257498830252	0.756565599034068
TLN1	0.072149352	0.175187746	0.106638173	1.748652537	28.93414623	0.972087304168235	0.75649627505551
ARPP19	-0.166783708	0.175510742	0.106859594	-1.747415444	22.38123311	0.971186480198917	0.755696297724898
COA5	0.418336968	0.176487114	0.107479006	1.743966916	18.4074515	0.968676358713666	0.753286998621729
UVRAG	-0.461702048	0.176763735	0.107672453	-1.742893564	19.8998741	0.967895392712595	0.752606830413928
SRP19	1.081129402	0.176790748	0.107713899	1.757508746	21.19550345	0.96772825334511	0.752540466685413
RRM1	0.149653758	0.176816618	0.107754656	1.742437979	25.02576044	0.967563955214368	0.752476920507663
SEC24B	0.164978087	0.176821922	0.107782885	1.742281602	23.24220027	0.967450195922666	0.752463893093104
SQSTM1	-0.183154923	0.177016448	0.107951507	-1.741540125	25.4515815	0.966771290548686	0.751986378023736
SEC23B	-0.101089717	0.177016448	0.107929811	-1.741468273	24.71085583	0.966858583448307	0.751986378023736
NUP43	0.172775986	0.177318122	0.108160545	1.740193019	22.88437599	0.965931133071297	0.751246877019421
LDAH	-0.41470167	0.177352388	0.108212706	-1.739905069	19.20249065	0.965721742725636	0.751162959499675
MPI	0.248315012	0.177352388	0.108231589	1.739800857	21.66505771	0.965645965420232	0.751162959499675
PPT1	0.173935364	0.177597774	0.108406444	1.738836626	23.96477515	0.96494490128046	0.750562481944666
RAB11FIP2	0.549895761	0.177807395	0.108559533	1.737993569	16.99656376	0.964332033586706	0.750050180706033
COPS3	0.146315227	0.178761762	0.109167488	1.734656052	24.69634342	0.96190668291834	0.747725373282736
RBBP6	-0.278759794	0.178991095	0.109332842	-1.733751181	21.37259458	0.9612493626894	0.747168575101466
PTF1A	-0.33597716	0.179311839	0.109554109	-1.73254224	20.26948467	0.960371328896884	0.746391035353428
GSE1	0.286274042	0.179651002	0.109786723	1.73127366	19.50278682	0.959450177886692	0.745570356183477
SLC23A2	-0.518457266	0.179759174	0.10987824	-1.730775227	17.44295434	0.959088305607589	0.745308936183421
RNF4	0.3013804	0.17977778	0.109915027	1.730574976	18.37309484	0.958942929077425	0.745263986794784
GSTK1	-0.121664265	0.179946394	0.110049208	-1.729845063	23.17030133	0.958413078621468	0.744856851881829
NKIRAS2	-0.33916151	0.179946394	0.110068992	-1.729737512	19.08830877	0.958335010728371	0.744856851881829
POP1	-0.145697031	0.180123151	0.110202573	-1.729011769	23.52201894	0.957808265496422	0.744430464274379
SHKBP1	0.400298139	0.180134072	0.110252005	1.728743402	17.80559984	0.957613503878097	0.74440413347663
ASPSCR1	0.106797211	0.180134072	0.110260182	1.72869902	24.50568358	0.95758129499179	0.74440413347663
HSPA14	-0.129274823	0.180213856	0.110334494	-1.728295817	22.77101329	0.957288692347472	0.744211820720996
LCMT1	0.333912692	0.180540044	0.110559722	1.727075243	19.1770012	0.956403061992469	0.743426456032945
APH1A	-0.368334797	0.180605161	0.110625129	-1.726721198	19.34877895	0.956146209862882	0.743269843381341
PYM1	-0.287986585	0.180880834	0.110845125	-1.726307435	23.29240859	0.955283402523835	0.742607448225927
MTHFR	-0.323880992	0.180880834	0.110837149	-1.725574839	21.16996621	0.955314653852384	0.742607448225927
PRXL2B	-0.396978367	0.180941545	0.110907908	-1.72519269	19.53170392	0.955037486508013	0.742461705706566
OGFRL1	0.694559638	0.181249216	0.111122116	1.725735111	18.89913947	0.954199497306671	0.741723863309301
ZNF608	-0.907009131	0.181312003	0.111187824	-1.72779974	17.87650994	0.953942769041188	0.741573444309811
ERF	-0.717361976	0.181312003	0.111211872	-1.727434273	20.27056557	0.953848848825204	0.741573444309811
AP1G1	0.092695358	0.181342962	0.111256496	1.723313244	25.32176986	0.953674622193395	0.74149929491606
DOP1B	0.225118869	0.181935467	0.111645726	1.721220884	21.51432219	0.952157897851335	0.740082630123275
PLTP	0.305763208	0.181993486	0.111707056	1.720891786	17.9782539	0.951919393714462	0.739944156217578
SLC25A29	-0.26336311	0.182063926	0.111776029	-1.720521873	21.49043497	0.951651323365859	0.739776096440858
CDAN1	-0.264163034	0.182261171	0.111922891	-1.719734909	16.96993207	0.951081080421773	0.739305843778289
GLMP	1.353714948	0.182369142	0.112014973	1.733616348	20.30197215	0.950723921466854	0.739048645135146
MCTP1	0.496031378	0.182518659	0.112136244	1.718593285	17.53705095	0.950253994674054	0.738692730733475
LIN52	-0.381152984	0.182518659	0.112158413	-1.718474774	16.77382874	0.950168144439996	0.738692730733475
RAB21	0.115678001	0.183229011	0.112620828	1.716007526	24.15523803	0.948381284005229	0.7370057625474
LYRM1	-0.356430312	0.18325232	0.11266106	-1.715793294	17.56751216	0.948226166912268	0.736950518423151
CLTB	-0.122612555	0.183342983	0.112742716	-1.71535869	24.07973793	0.947911507127992	0.736735706934333
RAB5C	0.280770232	0.183346727	0.112770937	1.716357133	23.51081126	0.947802811051504	0.736726838408732
CHTOP	-0.214256076	0.183458306	0.112868767	-1.71468835	22.63999001	0.94742621924542	0.736462620957327
ARID5B	-0.39686715	0.183458306	0.112891434	-1.714567879	18.37625294	0.947339010313014	0.736462620957327
SNRPD3	-0.136671207	0.183603061	0.113006464	-1.71395684	25.78812676	0.946896714045422	0.73612008258833
IL1RAP	-0.19043431	0.183665725	0.113070997	-1.713614286	22.15422458	0.94664877843576	0.735971882519523
KIF26A	0.147031128	0.183712415	0.113125711	1.713323989	25.89672175	0.946438678218508	0.735861493755133
GLDC	0.118616536	0.183795885	0.113203092	1.712913641	26.09773047	0.946141710778499	0.735664216245875
POU2F1	-0.578956751	0.183844526	0.113259039	-1.714288562	20.42761874	0.945927127671239	0.735549296789877
CNP	-0.145542252	0.184594324	0.113747054	-1.710036068	25.02102545	0.944059842566339	0.733781657012042
PNKP	0.201367909	0.184844961	0.113927627	1.709083542	21.11063036	0.943370948451458	0.733192384093973
INTS8	-0.582771066	0.184929745	0.114019505	-1.710261589	20.37776645	0.943020848757559	0.732993229184773
COPA	-0.067911235	0.184929745	0.114032167	-1.708532707	27.77637413	0.942972622522801	0.732993229184773
PLD3	0.098264863	0.185071787	0.114145915	1.70793386	25.02831138	0.942539626221082	0.732659781593378
C5orf22	-0.211663317	0.185623555	0.114512467	-1.706007705	22.42459071	0.941147229004753	0.731366914122384
ERGIC3	0.143743909	0.186084866	0.114823359	1.704378331	26.10478676	0.939969752592707	0.730288945944742
CD276	0.34739983	0.18610564	0.114888794	1.704558737	22.29386748	0.93972232937351	0.730240465215486
BRCC3	-0.248529473	0.18610564	0.114886833	-1.704046148	22.1107827	0.939729742270084	0.730240465215486
PPP2R1B	0.171309585	0.186170277	0.114998087	1.703464311	23.81752869	0.939309384100772	0.730089655069425
KMT2A	-0.279438378	0.186170277	0.115028207	-1.703306874	19.77403438	0.939195649712914	0.730089655069425
CHKB	0.267444851	0.186170277	0.115031613	1.703289074	19.34206642	0.939182790387843	0.730089655069425
NUP155	-0.143239135	0.186170277	0.115033967	-1.703276772	24.5240306	0.939173903102658	0.730089655069425
RAMAC	0.217503886	0.186633031	0.115362483	1.701562085	21.94713143	0.937935405003343	0.729011490752834
FGFR1OP2	0.278124978	0.186633031	0.115372667	1.701509002	20.24197032	0.93789706793154	0.729011490752834
CWF19L1	-0.156337169	0.186687459	0.115432704	-1.701196134	22.91139276	0.937671130915558	0.728884855430843
MED10	-0.682381874	0.186860669	0.115566218	-1.704186259	20.34458413	0.937169099136261	0.728482100621151
AMBRA1	-0.538313584	0.186939666	0.115641501	-1.700595366	20.03824802	0.936886279922629	0.728298537587706
MBD1	-0.291123841	0.187018341	0.115733176	-1.699632469	17.94559899	0.936542128615942	0.72811579985658
MED29	-0.209184291	0.187018341	0.115743045	-1.699581173	23.37962365	0.936505096282979	0.72811579985658
ZDHHC21	-0.261561559	0.187029124	0.115776157	-1.699409091	17.22498976	0.936380870224332	0.728090760267555
GPD1L	0.121430693	0.187389703	0.116025855	1.698112829	25.17526683	0.935445222560612	0.727254277125633
CEP104	-0.767681337	0.187431896	0.116104971	-1.699339869	17.76916102	0.935149185673545	0.727156501612156
DNAH5	0.365742037	0.187431896	0.116104903	1.697702981	19.36645579	0.935149440029867	0.727156501612156
QPRT	0.31383319	0.188321825	0.116690657	1.695054924	22.37733179	0.93296391495531	0.725099345794242
TBC1D2B	-0.375162287	0.188321825	0.116709482	-1.694576552	18.28526147	0.932893858496264	0.725099345794242
VPS50	-0.421282776	0.188343034	0.116749251	-1.694371403	20.53869884	0.932745896951232	0.72505043785151
ARHGEF40	-0.463375363	0.188647614	0.116964721	-1.693260973	19.60370652	0.931945110778907	0.724348683350273
HGS	0.108462031	0.18866948	0.117004949	1.693053857	24.40548913	0.931795768356958	0.724298347527683
TTC21B	0.651906279	0.188790043	0.117106405	1.694084906	19.14535467	0.931419351041339	0.724020914615215
PSMB1	0.115216988	0.188856206	0.117174143	1.692183446	26.2228624	0.931168214182679	0.723868739259701
LNPK	-0.384496263	0.189079564	0.117339452	-1.691334099	20.8685704	0.93055594436182	0.723355407810907
EPHX4	0.244016485	0.18915384	0.117412286	1.690960223	20.34122213	0.930286456215922	0.723184837697261
PHF5A	0.147205342	0.189302819	0.117531521	1.690348598	23.55138032	0.929845643515586	0.722842918698492
PARP12	-0.427295324	0.189361092	0.11759447	-1.690025921	18.76389996	0.929613100921054	0.722709250599639
TSC22D4	0.258195149	0.189571189	0.117778811	1.689081864	19.68279252	0.928932834281467	0.722227665991047
LRIF1	-0.239988553	0.189571189	0.117780352	-1.689073976	19.53742211	0.928927152075875	0.722227665991047
KLHL22	0.40022159	0.189571189	0.117805336	1.688946129	17.99624595	0.928835037707904	0.722227665991047
SASH3	0.370066329	0.189622518	0.117864039	1.688645831	20.1933782	0.928618680453183	0.722110090719167
ADPRS	0.115903847	0.189692307	0.117934233	1.688286924	23.63819496	0.92836011309809	0.72195028163214
PIH1D1	0.098959167	0.189790444	0.118022076	1.687838048	24.649696	0.9280367504205	0.721725658202441
SURF6	0.174487844	0.189808926	0.118060401	1.687642299	23.17721984	0.927895746002242	0.721683368192208
THOC7	-0.210846075	0.189876276	0.118129134	-1.68729138	21.75155738	0.927642979820478	0.721529294588555
HNRNPA2B1	-0.160228963	0.190374043	0.118465725	-1.686690508	29.27203375	0.926407283379776	0.720392266825245
MEX3D	-0.425091546	0.190635171	0.118655168	-1.684611678	18.82038694	0.925713341433125	0.719796971682452
MCFD2	0.429708103	0.190655197	0.118694584	1.688309533	22.80810214	0.925569097326596	0.719751351955165
HOOK2	-0.42121423	0.191083701	0.118988366	-1.68291976	19.01276051	0.924495499355374	0.718776355685148
HMGA2	0.374779447	0.191172358	0.119070598	1.682502853	21.33645845	0.924195465240664	0.718574903042784
SH3BGRL2	-0.258968743	0.191288166	0.119171369	-1.681992295	20.26344571	0.923828071599678	0.718311896673544
TMEM209	-0.285352793	0.191288166	0.11919681	-1.681863457	20.86981074	0.923735367229469	0.718311896673544
MAGT1	-0.137728987	0.191364329	0.119271321	-1.681486266	23.30385834	0.923463970652841	0.718139013070305
NUB1	-0.930952903	0.191737539	0.119531036	-1.686262439	18.37443463	0.922519316360014	0.717292851208914
MTPAP	0.201165967	0.191967238	0.119718572	1.679226563	22.29888366	0.921838472054189	0.716772883639601
TIAL1	0.147211092	0.191967238	0.119728506	1.679176454	24.30780914	0.921802436689533	0.716772883639601
EAF1	-0.311352313	0.192485345	0.120078856	-1.677411689	20.14016753	0.920533458300212	0.715602330196582
GET4	0.286747012	0.193115356	0.120499177	1.675300472	20.96473836	0.919015919276492	0.714183190949213
DCUN1D5	-0.859723329	0.193331288	0.120661244	-1.679130801	19.21610839	0.918432201483144	0.713697855717134
SART1	-0.194357705	0.193492309	0.120789092	-1.673848069	24.47870496	0.917972283414433	0.713336292791025
PKD1L1	-0.443853812	0.193824771	0.121024034	-1.672673333	17.37721404	0.91712837516213	0.712590720468194
NUMBL	0.258552663	0.194024541	0.121193765	1.67182591	18.07313705	0.916519722543888	0.712143335292365
MARS2	0.421423759	0.194024541	0.121224312	1.67167351	18.54468604	0.916410272013027	0.712143335292365
CSNK1D	0.159952778	0.194024541	0.121231053	1.671639881	22.36200027	0.916386122585744	0.712143335292365
ACTR1B	0.586328656	0.194046047	0.121271922	1.678761307	21.94617828	0.916239739380763	0.712095200043643
TMEM120A	-0.786945652	0.19411457	0.121342187	-1.672861974	17.23202101	0.915988181853875	0.71194186578051
CFHR5	-0.230641709	0.19438281	0.121537344	-1.670113725	18.66843477	0.915290258681048	0.711342143999437
GTF3C2	0.199550148	0.194756401	0.121798462	1.668815336	21.40764642	0.914358195686151	0.710508259594834
BCORL1	-0.186544787	0.19482904	0.121871431	-1.668452943	21.16472209	0.914098089403778	0.710346309409244
MYCBP2	-0.215021091	0.194851447	0.121912992	-1.668246622	18.33540558	0.913950010105559	0.710296364714596
ABCF3	-0.141198364	0.195043694	0.122060847	-1.667513124	24.44096235	0.913423620729173	0.709868086394356
MEOX2	-0.341313145	0.195245296	0.122214613	-1.666751141	19.64417558	0.912876863112794	0.709419420681661
SNAPIN	0.333650242	0.19554304	0.12242863	1.665691991	21.27370075	0.912117010318953	0.70875763736149
KIAA1522	0.150829732	0.195602551	0.12249354	1.66537108	24.16524367	0.911886814289901	0.708625485550468
UBR5	0.099108189	0.195890395	0.12270149	1.664344004	23.71896536	0.911150163476345	0.707986858036729
MBD4	-1.214948656	0.195929766	0.12287009	-1.674719452	17.76629834	0.910553823613616	0.707899580199566
YME1L1	0.156995997	0.195929766	0.12282894	1.66371528	23.093464	0.910699296048712	0.707899580199566
RABGAP1L	-0.147179602	0.195929766	0.122840336	-1.663659093	23.54446472	0.91065900431993	0.707899580199566
PLS1	0.11872699	0.195929766	0.122887661	1.663425802	25.56535855	0.910491721903102	0.707899580199566
ZSCAN18	0.25439146	0.195929766	0.122890909	1.663409794	18.96800873	0.910480243372022	0.707899580199566
MICAL2	-0.257262276	0.195929766	0.122892334	-1.663402766	19.53978054	0.9104752074743	0.707899580199566
TFPI2	0.424244367	0.19610183	0.123027978	1.66273456	18.11248169	0.909996113688201	0.707518353526537
KDM1A	-0.132850112	0.196159573	0.123091934	-1.662419728	24.55901303	0.909770404697131	0.707390492532527
INTS1	-0.292685327	0.196174778	0.123129208	-1.662236312	22.39286681	0.909638914017569	0.707356830185176
ARIH2	0.20765739	0.196283447	0.12322915	1.661744755	22.2206746	0.909286547149695	0.707116323831869
MRPS30	0.148058211	0.196283447	0.123252908	1.661627952	22.67323071	0.909202825288423	0.707116323831869
THRAP3	-0.118794302	0.196298768	0.123290278	-1.661444273	26.2780562	0.909071168152192	0.707082426087619
FBXL15	0.957302556	0.196330399	0.123337898	1.668430355	18.13054538	0.908903457359203	0.707012450803348
RNF7	0.87477684	0.196477021	0.123457783	1.665174134	18.89491868	0.908481526166183	0.706688235295999
EIF2B5	-0.142047993	0.196543103	0.123546565	-1.660185901	23.80531408	0.908169324906043	0.706542191638328
POGLUT3	-0.204533437	0.196543103	0.123554874	-1.660145144	20.33784745	0.908140117849491	0.706542191638328
PSME3	-0.089161696	0.197081864	0.123921421	-1.658349504	25.247132	0.906853615189776	0.705353338821088
STK36	-1.832039255	0.197110738	0.123967441	-1.67131808	19.0634234	0.906692363634337	0.705289716019294
COPS7B	0.205868628	0.19724699	0.124081016	1.657569146	22.11771293	0.906294659090429	0.704989615425841
REL	0.196353058	0.197501772	0.124269209	1.65665009	19.67623055	0.905636466032003	0.704429003498941
SRPRA	-0.085422253	0.197904595	0.124550644	-1.655277974	24.8027617	0.90465402256406	0.703544122115093
DCUN1D4	-0.29870905	0.197923607	0.124617112	-1.654954311	17.16335542	0.904422317733778	0.703502402972018
GBF1	0.083995172	0.197923607	0.124618567	1.654947228	25.06278702	0.904417247043468	0.703502402972018
ETF1	-0.085449343	0.198004381	0.124697416	-1.654563485	25.69157197	0.904142545948631	0.703325200531013
SRRM2	0.100244915	0.198127902	0.124803213	1.654048918	25.74246425	0.903774233802566	0.703054359235113
SRP68	0.108220789	0.198132196	0.124833927	1.65389961	25.7780688	0.903667367326011	0.703044946929837
RAB8B	0.318273167	0.198254756	0.124939172	1.653388224	21.43897041	0.903301376547693	0.702776385449044
VARS2	0.244615266	0.198266911	0.12497486	1.653214902	19.08670767	0.903177341082766	0.70274975966857
MRPL18	0.17779646	0.198353682	0.125057594	1.652813262	21.89449488	0.902889931025373	0.702559733392802
STAU1	-0.12003213	0.198384945	0.125105349	-1.652581539	25.88092023	0.902724121229673	0.702491288590648
FUS	-0.172200191	0.199128287	0.125602264	-1.650628212	26.29039511	0.901002532303875	0.700867042255822
FOXQ1	-0.364334516	0.199279107	0.125725566	-1.649579115	19.33469869	0.900576400565866	0.700538231606843
PTCD3	-0.165854902	0.199367309	0.125809396	-1.649174303	22.74924988	0.900286922654117	0.700346053069772
RXRB	0.370550997	0.199578781	0.125971057	1.649921776	22.24912106	0.899729226541886	0.699885634313549
CNTN2	-0.242459097	0.199677854	0.126061818	-1.647956799	18.90347573	0.899416433989122	0.699670099470458
HMGB1	-0.095278976	0.199751065	0.126136275	-1.647598081	27.73297076	0.899159998543525	0.699510896507637
GCN1	-0.121150443	0.199806549	0.126199556	-1.647293352	30.75569132	0.898942173040293	0.699390281135313
NUTF2	0.11635076	0.199980039	0.126337404	1.646630019	27.0180993	0.898468051298373	0.699013351259941
PLXNA3	-0.297583829	0.200134589	0.126463332	-1.6460246	17.90618937	0.898035379772918	0.698677846328008
PHLDB1	-0.511668948	0.20045614	0.126694855	-1.645080635	19.61808546	0.897241021189791	0.697980636708148
ADAM10	0.099126846	0.200841682	0.126966921	1.643608815	26.04107544	0.896309412102408	0.697146150172319
TDRD3	-0.299806744	0.200859409	0.127006522	-1.643419205	19.25919916	0.89617397671425	0.697107819490833
TPR	-0.142562227	0.201505857	0.127443767	-1.641329093	26.65853563	0.894681400082516	0.695712326069706
ZBTB8OS	0.533187146	0.20157394	0.127553136	1.644079556	21.37760277	0.894308859431668	0.695565615310632
APPL1	0.106347267	0.20157394	0.127555586	1.640795586	24.17132164	0.894300517721731	0.695565615310632
LYRM7	-0.447774698	0.20157394	0.127572311	-1.640715827	19.55732727	0.894243577063295	0.695565615310632
TMUB1	-0.202669447	0.201794486	0.12776743	-1.639785982	20.03744377	0.893579840809968	0.695090704959813
SF3A1	-0.121965218	0.201794486	0.127768943	-1.639778777	26.18573992	0.893574697999624	0.695090704959813
IFT74	-0.136633906	0.202010267	0.127934125	-1.638992585	23.28351724	0.893013596862671	0.694626557344793
ITGA6	0.28426031	0.202139295	0.128060797	1.638390287	22.13693985	0.892583799625509	0.69434925331884
GRWD1	0.115158571	0.202139295	0.128072989	1.638332345	23.52549077	0.892542454683008	0.69434925331884
MEPCE	-0.193770098	0.202235418	0.128162479	-1.637907187	21.25427415	0.892239100779124	0.694142782993529
MEST	-0.304367887	0.20225147	0.128201243	-1.637723108	21.94591845	0.892107764010462	0.694108313173943
CST3	0.385983357	0.202395325	0.12832104	1.63715453	20.31585518	0.891702129231118	0.693799523206504
TSPAN15	0.395564107	0.202573006	0.128462328	1.636484552	20.87713629	0.89122421194676	0.693418427318833
HTD2	-0.268069379	0.202761704	0.128610654	-1.635781895	17.60039381	0.89072305332659	0.693014067642523
SIN3B	-0.326418344	0.203006263	0.128821177	-1.634785818	20.41344198	0.890012737145097	0.692490563345988
PIN1	0.09221666	0.203006263	0.128823171	1.63477639	23.94556187	0.890006014830374	0.692490563345988
EPM2AIP1	-0.357231443	0.203027898	0.128865601	-1.634575814	20.92281324	0.88986299645289	0.69244428171736
PJA2	-0.340328987	0.203133405	0.128961284	-1.634123706	17.86010413	0.889540651474633	0.692218651611319
DICER1	0.318131676	0.203431983	0.129179597	1.633093269	20.93763069	0.88880607465391	0.691580767497438
PPP2R2D	-0.252517197	0.204008165	0.129584643	-1.631185498	17.61188757	0.887446463400147	0.690352450498205
SERPINB8	0.214342747	0.204008165	0.129603151	1.631098449	20.58831161	0.887384439474092	0.690352450498205
MYH10	0.115734747	0.204327487	0.129834896	1.630009423	27.51586401	0.886608565598682	0.689673206302209
CAB39	0.122404586	0.204426287	0.129938513	1.629523051	23.97396598	0.88626210755364	0.689463259393449
RPL5	-0.090134498	0.204426287	0.12996271	-1.629409522	27.37834292	0.886181241265382	0.689463259393449
NRBP2	0.270074293	0.204426287	0.129984371	1.629307908	17.61043155	0.886108863050877	0.689463259393449
EXOSC3	0.252659425	0.204690552	0.130181339	1.62838458	20.23204126	0.885451265769089	0.688902202813609
KCTD1	-0.227926596	0.204753826	0.130250525	-1.628060546	18.08891743	0.88522051751678	0.688767974328651
RPL23	-0.125110736	0.205003583	0.130438384	-1.627181475	27.07256596	0.884594590303294	0.68823854839044
TMLHE	0.277990193	0.20507696	0.130514062	1.626827657	19.39608594	0.884342693536457	0.688083129036449
SCD5	-0.165886316	0.205283937	0.130674805	-1.626076736	22.5223874	0.883808139307405	0.687645031852918
IFT57	-0.387081226	0.205311383	0.130721299	-1.638457144	27.63768079	0.883653645131359	0.687586971540063
WDR35	0.352327598	0.205641552	0.130960587	1.624743682	20.19268758	0.88285938696898	0.686889127123169
POP4	-0.183873671	0.205918314	0.131165949	-1.623787333	22.07218575	0.882178894234433	0.686305026303588
SMARCE1	-0.158601311	0.205987165	0.131238924	-1.62344781	23.29755133	0.881937338959399	0.686159839549944
MYO9B	0.381516749	0.20666744	0.131701558	1.621299223	21.0037642	0.880409087401158	0.684727940122517
TMEM9B	0.314395924	0.206760519	0.131790102	1.620888759	21.11874492	0.880117205889211	0.68453238635851
POLR2K	0.255206106	0.206948355	0.131939084	1.620198663	20.72176237	0.879626535377033	0.684138021388189
NDUFB8	-0.893868045	0.206988047	0.13202291	-1.62941831	20.08645347	0.879350698921094	0.684054733150937
OCRL	-0.203080422	0.206988047	0.132009156	-1.619874321	22.29947011	0.879395945594348	0.684054733150937
TECR	-0.154273658	0.207105555	0.132127138	-1.619328561	24.71569295	0.879007972141737	0.683808252272687
VBP1	-0.137426888	0.207199091	0.132216101	-1.618917317	24.96314382	0.878715654156995	0.683612154209382
SIPA1L1	-0.22832848	0.207499604	0.132440956	-1.617878977	22.922012	0.87797769303605	0.68298272777492
SNX24	-0.396139388	0.207499604	0.132466527	-1.617760993	19.96974044	0.877893849845926	0.68298272777492
RABL3	0.293814897	0.207863365	0.132786902	1.616670845	22.48398003	0.876844761335953	0.68222204640845
ACADM	-0.108377766	0.207863365	0.132736963	-1.616514425	24.21296379	0.877008123167007	0.68222204640845
SPTAN1	0.113914878	0.207863365	0.132776825	1.616330867	28.40524316	0.876877720547255	0.68222204640845
SNX30	-0.256294392	0.208115639	0.132977479	-1.615407638	18.40214964	0.876221904703676	0.681695283189604
GTPBP2	-0.238917617	0.208415665	0.133198646	-1.61439144	19.20651454	0.875500189863295	0.681069641575106
NAA40	-0.204412227	0.209209994	0.133735877	-1.611929158	19.93072098	0.873752069978276	0.679417572981718
PSMG1	-0.185371763	0.209282022	0.133811505	-1.611583229	23.3230719	0.873506544690705	0.679268077354296
LENG8	0.175293975	0.209290871	0.133860866	1.611357539	22.42358641	0.873346369697043	0.679249714617792
AKR1B1	-0.107019425	0.209290871	0.133876335	-1.611286827	28.31059612	0.873296185401974	0.679249714617792
POP7	-0.286064175	0.209364761	0.134010384	-1.610674355	18.95475495	0.87286154835777	0.679096414305325
CAB39L	0.251919454	0.209364761	0.1340282	1.610592992	20.81852792	0.872803814949501	0.679096414305325
KIF13B	0.316500593	0.209364761	0.134061254	1.610442068	21.75623484	0.872696722561767	0.679096414305325
GK5	-0.34745383	0.209364761	0.134062455	-1.610436587	17.97678571	0.872692831912375	0.679096414305325
PLA2G15	-0.357002886	0.209364761	0.134071582	-1.610394921	18.33788483	0.872663266059548	0.679096414305325
BAG1	0.18404049	0.209543889	0.134215912	1.609736338	20.70561212	0.87219599322707	0.678725000123756
TFCP2	-0.189766615	0.209745582	0.134374749	-1.609012272	19.6938022	0.87168233396277	0.678307178214296
AQR	-0.225078834	0.209746898	0.134405243	-1.608873351	23.34241386	0.871583789603947	0.67830445334286
EHBP1L1	0.192818485	0.209971917	0.134591429	1.608025736	22.17722664	0.870982595806872	0.677838786730387
BPTF	-0.225746422	0.209971917	0.134608799	-1.607946714	23.09767571	0.870926550570825	0.677838786730387
KIF15	0.105743181	0.210095495	0.134738422	1.607357276	24.63686286	0.870508543228743	0.677583259910169
LIN7C	-0.115426205	0.210095495	0.134747421	-1.607316371	24.10679813	0.87047953824651	0.677583259910169
NUP58	-0.268067878	0.210164727	0.134821534	-1.606979601	22.26312366	0.870240735764612	0.677440172012389
RFX7	0.252309517	0.21023724	0.134912525	1.606566353	17.78127858	0.869947729454261	0.677290353512237
MLYCD	-0.234692075	0.21023724	0.134927491	-1.606498407	17.99639106	0.869899555344882	0.677290353512237
UFSP2	-0.312371073	0.210608282	0.135195393	-1.605708152	22.29833395	0.869038107423731	0.676524554536206
DHRS1	0.254221127	0.21067316	0.135266821	1.604959597	16.94253263	0.868808716511664	0.676390790478213
MRPL43	0.273259541	0.210861033	0.135417257	1.604658181	22.7964905	0.868325987480175	0.676003670221038
ATP5F1D	-0.167224505	0.211073884	0.13558379	-1.603525238	25.28099169	0.867792230338945	0.675565498271362
ARHGAP35	-0.185361329	0.211178871	0.135681081	-1.603085557	21.68972844	0.867480704957167	0.675349536266751
WDTC1	0.306054639	0.211338253	0.135813359	1.602488211	17.64019261	0.867057509476457	0.675021886936269
EFCAB14	1.020140743	0.211356386	0.135854889	1.61166706	18.7880877	0.866924728040962	0.674984625702657
CRTC1	1.253951866	0.211660914	0.136084494	1.613420764	19.25156268	0.866191357191086	0.674359332822995
MYO5A	-1.143357475	0.211660914	0.136110474	-1.611637132	19.16652108	0.866108453596233	0.674359332822995
AAGAB	-0.301372074	0.211740631	0.13619167	-1.601204762	22.50146585	0.86584945471154	0.674195797030404
RPS6KA3	0.164933487	0.21174861	0.136226735	1.600624736	23.6059303	0.865737652162134	0.674179431865313
RPAIN	0.320057762	0.212161216	0.136539345	1.599218784	18.40165492	0.864742184856012	0.673334004113478
ILRUN	0.330552255	0.212161216	0.136552165	1.599161187	18.15634561	0.864701409840618	0.673334004113478
PSMD3	-0.080744506	0.212235543	0.136630006	-1.598811568	26.34675883	0.864453912593218	0.673181883223759
MEN1	-0.465179093	0.212502951	0.136832194	-1.597904258	19.83691405	0.863811709402374	0.672635034582529
BDH2	-0.707089507	0.212550705	0.13689299	-1.599051374	18.24424314	0.863618790596949	0.672537450202377
CNBP	-0.166603338	0.212621536	0.136968665	-1.597939458	26.87981184	0.863378777180288	0.672392748786029
DDX56	-0.23640082	0.212684811	0.137039492	-1.596975233	21.11878523	0.863154259952103	0.672263524363497
CISD2	0.100073555	0.212794414	0.137140194	1.596524369	23.1473527	0.862835240512544	0.67203977675677
UTP6	-0.455359543	0.212796433	0.137171577	-1.596803372	20.62497118	0.862735868445969	0.672035656176804
ATG5	0.248923664	0.21335101	0.137559225	1.594651384	21.92711582	0.861510279630859	0.670905296857219
SDHB	0.103575339	0.213477762	0.137671127	1.594152048	23.99697759	0.8611571323603	0.670647358782752
CLNS1A	-0.107566668	0.213742978	0.137872379	-1.593254895	25.45634189	0.860522730556515	0.670108144042808
STXBP1	-0.413745147	0.214016704	0.138100422	-1.592239692	18.5501478	0.859804994325124	0.669552328651214
EIF2AK4	-0.256967158	0.214016704	0.138123745	-1.592135947	20.04137022	0.859731654976613	0.669552328651214
MINK1	0.233462628	0.214016704	0.138139705	1.592064962	18.90852023	0.85968147577311	0.669552328651214
PSD3	-0.356611274	0.214211148	0.138295493	-1.591372438	20.14231311	0.859191973159847	0.669157931315084
XPO7	0.07711779	0.214346951	0.138413468	1.590848455	26.70311215	0.858821649810565	0.66888268977543
SYT9	0.443247632	0.214583693	0.138623076	1.589918446	19.73620046	0.858164468531742	0.668403284742876
SHC1	0.175596359	0.214583693	0.138627011	1.589900998	20.73686363	0.858152140681425	0.668403284742876
C2orf76	-0.260317573	0.214765722	0.138774967	-1.58924529	18.30725526	0.857688867269167	0.668035033653106
GTPBP3	-0.3828192	0.214811655	0.138835014	-1.588979348	19.71345172	0.857500991595046	0.667942158890228
CKB	-0.137737143	0.214948447	0.138953809	-1.588824552	28.33547545	0.857129543848764	0.66766568830816
HINT2	0.132847717	0.215041128	0.139044122	1.58805401	23.92190125	0.856847365929074	0.667478470525028
CTPS1	0.112735253	0.215093027	0.139108086	1.587771203	25.40325598	0.856647624838181	0.667373668573527
NECAP2	0.135936014	0.215241865	0.139234772	1.587211412	22.53181688	0.856252292010682	0.667073253590329
ALG5	-0.204663566	0.215465655	0.139412852	-1.586425273	20.19991954	0.855697188250913	0.666621946072636
TTC24	-0.246859817	0.215465655	0.139440453	-1.586303506	19.86249414	0.85561121500391	0.666621946072636
LARP6	0.358988058	0.215540272	0.139519363	1.585955497	18.00833159	0.85536551525423	0.666471573422749
TMF1	-0.207012308	0.215540272	0.139549681	-1.585821834	22.41316432	0.855271151938504	0.666471573422749
ZFYVE1	-0.441592999	0.215770097	0.139728982	-1.585031867	20.17570892	0.854713505000767	0.666008743192252
POLR1C	0.148292795	0.2157706	0.139759809	1.584896134	25.21225481	0.85461770154475	0.666007730772678
CRIP1	0.18964111	0.215786657	0.139800714	1.586109205	26.84293857	0.854490610525472	0.665975413084186
LPIN3	0.357471824	0.215875683	0.139888908	1.584328005	21.09770774	0.854216719999734	0.665796275376254
ERICH6B	-0.275510015	0.215909602	0.139951577	-1.584052376	19.16566125	0.854022203460489	0.665728043154945
VMA21	0.168160293	0.215909602	0.13997193	1.583962885	22.39977566	0.853959049095924	0.665728043154945
ELL	0.317525506	0.216070286	0.140106644	1.583370835	18.33074233	0.853541269538486	0.665404953216329
CRCP	-0.387882431	0.216120509	0.140169762	-1.583093612	18.93168811	0.853345664064851	0.665304018295386
PPP1R10	-0.148701173	0.216124612	0.140202975	-1.582947778	24.15413855	0.853242770874527	0.665295773389092
TRMT61A	-0.33814145	0.216290868	0.140341403	-1.582751199	21.90338972	0.852814186121922	0.664961816487544
SLC12A8	-0.528478935	0.216486461	0.140498918	-1.581649664	17.87594317	0.85232702030295	0.664569259111312
RDH13	-0.400616351	0.216595874	0.140600545	-1.581643191	21.2903528	0.852012995887789	0.664349820638212
HDGFL3	0.230279214	0.216645493	0.140666767	1.580914471	18.83028984	0.851808493988812	0.664250341411928
TRA2A	-0.200932236	0.216645493	0.140695565	-1.580788412	21.18587108	0.851719592162867	0.664250341411928
PLXNA1	0.137880531	0.216645493	0.140728439	1.580644538	22.53124451	0.851618129624774	0.664250341411928
PMM2	0.130488599	0.216645493	0.140755257	1.580527189	22.66646445	0.851535375919203	0.664250341411928
RPL11	-0.078038132	0.216885693	0.140941975	-1.579710694	27.03127574	0.850959647088842	0.663769095547287
CDCA3	-0.477234441	0.217272272	0.14125462	-1.57972579	21.0345069	0.849997338852284	0.662995694230608
TOPORS	0.293571422	0.217272272	0.141246814	1.578379693	17.46126732	0.850021339457723	0.662995694230608
AKAP17A	0.286654869	0.217315634	0.141313531	1.578088722	20.64372561	0.849816251758756	0.662909028784438
STEEP1	0.65752312	0.217418328	0.14143501	1.580711625	20.26765696	0.849443074500782	0.66270384841091
REPS1	-0.17533848	0.217418328	0.141441779	-1.577529735	22.82345338	0.8494222899086	0.66270384841091
STAP2	0.442369633	0.217734697	0.141678373	1.576907065	20.55818615	0.848696439121618	0.662072358671624
COX6A1	0.469508285	0.21787791	0.141802361	1.577335758	21.01863684	0.848316538118146	0.661786799360998
PTGIS	0.105584618	0.218547399	0.142268981	1.573934815	25.32769297	0.846889779107665	0.660454357816146
LHFPL2	-0.316416761	0.218625603	0.142350796	-1.573580248	17.72684354	0.846640100013752	0.660298979666674
DVL2	-0.157227038	0.218697824	0.142428735	-1.573242638	21.72322226	0.846402382939415	0.660155538084878
GPAM	0.256306643	0.218730367	0.14248085	1.573016984	18.26368769	0.846243502660419	0.660090918356925
DTNBP1	-0.711693603	0.21881455	0.142566619	-1.575119941	19.29655034	0.845982149667718	0.659923803112749
MAP4	-0.075910184	0.218914076	0.14266241	-1.572231393	26.8235366	0.845690443704788	0.65972631274642
MTFR1L	0.2488865	0.219179492	0.142866361	1.571349956	19.57921855	0.845070017198327	0.659200083982834
ALDH2	-0.195432238	0.219624912	0.143187743	-1.569963219	22.20375825	0.844094156436622	0.658318399511092
GTF2E2	-0.195244731	0.21990428	0.143400968	-1.569044665	23.62276795	0.843447917038933	0.657766317877528
POLR3A	-0.13702813	0.220427606	0.143779391	-1.567417362	22.16343027	0.842303360242495	0.656734016069408
CNOT4	-0.171837951	0.220427606	0.143804552	-1.567309295	20.41827593	0.842227366545677	0.656734016069408
HNRNPUL1	0.093198632	0.220471191	0.143864153	1.567053376	25.27795525	0.842047406853598	0.656648151806751
ELOF1	-0.304582003	0.220807756	0.144114986	-1.565977339	20.40189871	0.841290856113805	0.655985675830327
TRIM38	-0.257609419	0.221034962	0.144294523	-1.565208147	18.98178758	0.840750153147807	0.65553902675484
PTCD1	0.260324484	0.221226314	0.144450713	1.564539655	18.10409556	0.840280310163146	0.655163216674254
IQCB1	-0.241104691	0.221282753	0.144518847	-1.564248242	17.78555625	0.840075511977632	0.65505243410176
RYBP	-0.679586202	0.221898261	0.145014937	-1.565887585	20.31177243	0.838587261747294	0.653846101287881
PECR	0.472801272	0.221898261	0.145001312	1.562545045	19.9727031	0.838628068166525	0.653846101287881
TST	-0.234740548	0.221898261	0.144991306	-1.562230755	20.74058274	0.838658038243817	0.653846101287881
USP4	1.92703199	0.222495047	0.145436401	1.57177845	19.92866697	0.837326881132419	0.652679652478606
HGFAC	-0.414587135	0.222556099	0.145507769	-1.560031881	18.07172846	0.837113818061204	0.652560499670603
RNASET2	0.318453803	0.222931427	0.145784674	1.558855723	20.41238649	0.836288129976083	0.651828704015918
SGSH	0.79375773	0.222954831	0.145831496	1.561908199	18.94385594	0.836148669009934	0.65178311289091
EXPH5	-0.427942735	0.223094925	0.145954667	-1.558134634	17.70749221	0.835782013591748	0.651510309006007
PDPK1	-0.182917265	0.2236399	0.146342819	-1.556490865	20.67890056	0.834628583412556	0.65045071060697
MOCS2	-0.25511218	0.223787573	0.146471086	-1.555948501	20.26723281	0.834248098381469	0.650164033658303
CIAO1	0.217959176	0.224133588	0.14672924	1.554858171	23.35796632	0.833483331928564	0.64949305649477
LUC7L3	-0.261471862	0.224440582	0.146969894	-1.555174222	23.77254614	0.832771619052773	0.648898613792049
TASOR	0.124955333	0.224440582	0.147014219	1.55365647	22.81647994	0.832640658894009	0.648898613792049
NDUFA11	-0.380970813	0.224440582	0.147025396	-1.55360938	20.83775879	0.83260764219028	0.648898613792049
PXN	-0.143244809	0.224560334	0.147135588	-1.553145296	24.91414841	0.832282270829757	0.648666954424877
GINS3	-0.390358758	0.224862887	0.147388121	-1.552082856	20.59557638	0.831537517779841	0.648082217757552
ATPAF2	0.228965367	0.224862887	0.1473974	1.552043848	22.31009507	0.831510177098486	0.648082217757552
RAF1	-0.264054583	0.22503093	0.147539363	-1.551447316	18.06538373	0.831092095936485	0.647757784976932
TIPRL	-0.107767668	0.225629175	0.147963492	-1.549668065	25.45741769	0.82984542770515	0.646604744572155
UBE2A	-0.142876525	0.225692982	0.14803724	-1.549359136	21.80847179	0.829629020469278	0.646481945246832
ALG11	-1.155384537	0.226784156	0.148785025	-1.556832881	18.95935892	0.827440777709109	0.644387290176533
CKAP2	-0.469154894	0.226817974	0.148839275	-1.546607776	20.48691697	0.827282454105128	0.644322533113702
MTAP	-0.100922846	0.227158109	0.149094586	-1.544944522	26.29197996	0.826538126587346	0.643671755300621
RHBDD2	-0.25923655	0.227507259	0.14935591	-1.543857614	18.91174971	0.825777587726035	0.643004741893242
CHAC2	-0.279081471	0.227606675	0.149453351	-1.543452755	18.84012393	0.825494342889717	0.64281500557592
VPS52	-0.165952974	0.227802191	0.149613935	-1.54278604	21.35803467	0.825027954521285	0.642442103195312
MED23	-0.168232027	0.228389533	0.150033903	-1.541045328	22.60564058	0.823810592796823	0.641323803510715
GSTP1	-0.0592646	0.228389533	0.150064257	-1.54091968	28.81556292	0.82372273771135	0.641323803510715
AMMECR1	-0.183663116	0.22853455	0.150191846	-1.540391762	19.64621736	0.823353644784125	0.64104813371199
CENPB	-0.291520157	0.228780476	0.150385809	-1.53958996	17.18574106	0.822793143556674	0.640581040749896
SEC11C	0.344626706	0.229229287	0.150713234	1.538238477	18.82745217	0.821848610984461	0.639729896434416
MROH1	-0.33721303	0.229356415	0.15082924	-1.537760255	18.69839239	0.821514457274804	0.639489108332786
TMEM131	-0.550146577	0.229751729	0.151121684	-1.536939999	18.85830381	0.820673215569066	0.638741211640072
PLRG1	-0.100102071	0.230033126	0.151339294	-1.535661373	24.40070445	0.820048296353779	0.638209618751556
GMPR2	0.177502225	0.230174091	0.151497111	1.535396206	25.21768706	0.819595648935414	0.637943563282217
SNRNP40	-0.166205111	0.230174091	0.151480847	-1.535079965	23.48225963	0.819642275201609	0.637943563282217
COQ9	0.903807208	0.23102612	0.152090563	1.541834761	20.37259122	0.817897732457022	0.636338915646491
STK24	0.170593877	0.231187136	0.152229245	1.532013775	23.96747567	0.817501906553316	0.636036335128866
TMEM205	0.13987201	0.231568912	0.152533006	1.530772971	23.73901657	0.816636170922542	0.635319744828397
TCP11L2	0.375159381	0.231568912	0.152546103	1.53071952	17.46919186	0.816598882529694	0.635319744828397
WDR83	-0.333368565	0.231666423	0.152673556	-1.530199573	18.70265543	0.816236178908305	0.6351369069201
UGGT1	0.076015587	0.231666423	0.152675836	1.530190274	26.77090534	0.816229693279417	0.6351369069201
REEP4	-0.10681174	0.232057732	0.152966526	-1.529005808	24.03158031	0.81540359639819	0.63440395661797
IBA57	-0.336185497	0.232181781	0.153081117	-1.528539417	19.16492987	0.815078377482511	0.634171861779167
CCNL2	-0.316735998	0.232763943	0.15349785	-1.526845835	18.721993	0.813897703181422	0.633084294507335
EMG1	0.203746428	0.232938544	0.153647224	1.526239751	21.87302348	0.813475281892294	0.632758643446821
MTA2	-0.118276716	0.232938544	0.153711971	-1.525977197	24.68106136	0.813292308578378	0.632758643446821
TSEN54	-0.221001667	0.232938544	0.153725448	-1.525922557	18.57124073	0.813254232622918	0.632758643446821
KAT8	-0.186899984	0.232938544	0.153744708	-1.525844484	20.12275203	0.813199824014023	0.632758643446821
XAB2	-0.246457001	0.232976776	0.153802876	-1.525608732	21.75252047	0.813035543473132	0.632687368921358
RAB34	0.316623071	0.234026455	0.154528919	1.522672566	17.20922672	0.810990233476359	0.630735045961202
MTHFS	0.27359919	0.234052243	0.154579033	1.52247034	20.0481151	0.810849413845444	0.63068719252904
DMD	0.113420393	0.234585129	0.154964138	1.520918195	23.27105949	0.809768795189231	0.629699522476004
MTCH2	-0.122335858	0.234611387	0.155014648	-1.520714861	25.23243731	0.809627261539408	0.629650912973892
RPRD1B	0.176146406	0.234688095	0.155131361	1.520245241	23.87878469	0.809300397334884	0.62950894025629
PSEN1	-0.210165101	0.234688095	0.155139331	-1.520213184	21.40857438	0.809278085675351	0.62950894025629
TAF2	0.222735219	0.234688095	0.15516486	1.520110507	20.37041256	0.809206626093591	0.62950894025629
PSMC5	-0.078424819	0.235213973	0.155545797	-1.518580122	26.56478596	0.808141719459607	0.628536882355491
ALDOA	-0.066940661	0.235348725	0.155668177	-1.518089153	30.12577782	0.807800160494554	0.628288150138195
RTN4IP1	-0.269488412	0.235360251	0.155709072	-1.517925162	21.29738992	0.807686083611952	0.628266881462837
SRSF3	0.093707893	0.235804834	0.156036532	1.516613367	26.38363371	0.806773710692984	0.62744729611113
RLF	0.527111078	0.235816539	0.156077613	1.516821399	19.15523402	0.806659385520608	0.627425738916301
FAM234B	-0.301439994	0.236084252	0.156288175	-1.515606899	19.45801955	0.806073880115968	0.626932981568468
GPN1	-0.222107606	0.236275745	0.156448345	-1.514967013	21.87667546	0.805629026708707	0.626580858787931
DGCR2	-0.349785401	0.236480708	0.156617489	-1.514291881	17.26420771	0.805159743222508	0.626204283048323
MRPL47	-0.221285402	0.236573641	0.15671248	-1.513913004	23.00151749	0.804896416554293	0.626033646039314
OTULIN	-0.145116451	0.237073294	0.157076976	-1.512461014	22.23918279	0.803887468231482	0.625117365978261
EXD2	-0.566847726	0.237150241	0.157161483	-1.513374795	20.27963252	0.803653881771163	0.62497642966732
CLPX	-0.074167241	0.237270069	0.157279121	-1.511657003	24.84312105	0.803328926685874	0.624757043442964
SEL1L3	-0.480479613	0.237270069	0.157307976	-1.511542308	18.55937966	0.803249256747532	0.624757043442964
MT-ND6	0.213725575	0.237332736	0.157383074	1.511243887	18.06365469	0.803041976320453	0.624642354139956
SIRT1	-0.217201685	0.237401709	0.157462372	-1.510928909	22.96266755	0.802823210668977	0.624516158984637
ATP11A	0.170401449	0.237688607	0.157686264	1.510040323	22.23744912	0.80220613627681	0.623991634576462
TMEM70	-0.221401196	0.237844931	0.157840396	-1.509429232	21.85155074	0.801781838168948	0.623706099918611
ROR2	-0.262300538	0.237844931	0.157857217	-1.509362575	19.5688277	0.801735558012328	0.623706099918611
CUL4B	-0.081897038	0.237982592	0.157982224	-1.508867377	23.89633131	0.801391776672276	0.623454809644504
PNKD	0.278744865	0.238029441	0.158046973	1.508611014	21.10290277	0.801213817584513	0.623369323308706
PSMA6	-0.080095688	0.239013529	0.158734176	-1.505895691	26.58935841	0.799329558120486	0.621577515772558
WDR7	0.265946636	0.239457819	0.159063089	1.504599627	19.21744961	0.798430587816696	0.620770977401441
KTN1	0.071968994	0.240089702	0.159516766	1.502815705	28.16127405	0.797193663712658	0.619626467433553
MRPS18A	0.226542537	0.240275385	0.1596741	1.502198057	22.37762822	0.79676552305559	0.619290718194143
RBIS	0.245754255	0.240342848	0.159752908	1.501888878	19.85046142	0.796551227586722	0.619168796856943
GNA11	-0.116378786	0.240872477	0.160138996	-1.500376054	23.38434303	0.795502898652795	0.618212821296393
EXOC8	-0.361810464	0.240963773	0.160233756	-1.502062355	22.56076313	0.795245987001923	0.618048245262546
AIFM2	-0.155682104	0.241062369	0.160333396	-1.499615511	24.57783246	0.794976008600827	0.617870579797526
TBK1	-0.206284965	0.241143485	0.160421437	-1.499271335	22.69906098	0.794737597718074	0.617724466965282
WDR11	1.240920337	0.241430567	0.160646548	1.508812083	24.72773412	0.794128602204955	0.617207745676
JMJD7	-0.335120326	0.241545343	0.160757065	-1.497960741	17.77052129	0.793829931479382	0.617001331304761
ARPC5	0.174302572	0.241550629	0.160828875	1.498238134	25.63082481	0.79363597593976	0.616991827269271
PARP6	-0.24661103	0.241550629	0.160817325	-1.497725677	22.65606322	0.793667166118709	0.616991827269271
CHD4	0.101619789	0.241937168	0.161120441	1.496544432	27.15489092	0.792849358088841	0.616297407300253
PCK2	0.296999747	0.242007734	0.161201646	1.498949541	23.62735103	0.792630528008176	0.616170754763981
HCK	1.511908127	0.242178011	0.161349302	1.506030131	20.31763672	0.7922329090218	0.615865291972863
ABI2	0.269990953	0.242534839	0.161621322	1.494596645	20.70523976	0.791501345194485	0.615225868201106
YKT6	0.139724898	0.242554195	0.161668508	1.494413416	24.62422002	0.791374569665737	0.615191209804783
CRTC2	-0.388444252	0.242744025	0.16182935	-1.4937892	19.5716973	0.790942710244805	0.614851451189124
ARL6IP5	0.137745047	0.242808374	0.161910255	1.493475411	24.9421522	0.790725643223983	0.614736339346047
TGS1	-0.175033964	0.242808374	0.161940898	-1.4933566	22.48906445	0.790643456789101	0.614736339346047
DEPDC7	0.158253405	0.242976207	0.162121529	1.493870019	29.4224642	0.790159308994424	0.614436251811234
NSD3	-0.240447709	0.242976207	0.162095067	-1.492759127	20.74635889	0.790230201729388	0.614436251811234
UXS1	-0.263187667	0.243456704	0.162476548	-1.491282803	21.93161084	0.78920931658797	0.613578261906259
DTNA	-0.351678789	0.244001615	0.1628747	-1.489745119	21.0054554	0.788146371208535	0.612607299139684
MAP9	-0.243218381	0.244409988	0.163181845	-1.488561099	19.01151831	0.787328160869591	0.611881050292611
POM121C	-0.452704423	0.24468355	0.163399079	-1.487724827	18.83014479	0.786750395700452	0.611395227151567
SNW1	-0.112526053	0.245318129	0.163857529	-1.485963073	24.76354863	0.785533598663467	0.610270356262689
MRPL21	-0.233249251	0.245357172	0.163918292	-1.485729886	21.86732367	0.785372579856005	0.610201242698349
SEZ6L2	0.26585603	0.245462541	0.164023386	1.485326746	18.00955205	0.785094227033504	0.610014774328173
PDZD8	-0.219773007	0.245750554	0.164250582	-1.484455973	18.53742731	0.784493082900963	0.609505494456674
ARMH3	-0.306464701	0.245911355	0.164400473	-1.483882051	20.49178067	0.784096937276538	0.609221417174313
USP15	0.112007851	0.245911355	0.164427581	1.483778302	24.23595422	0.784025332346855	0.609221417174313
SFXN2	0.278422349	0.245969697	0.164501362	1.483496002	20.11410246	0.783830501928988	0.609118393857278
ATRIP	0.569101092	0.246200144	0.164725089	1.486549716	21.17192764	0.7832402491336	0.608711697390133
TLCD3A	0.215925856	0.246200144	0.164697251	1.482747019	17.08333042	0.783313649679634	0.608711697390133
TRIM13	0.400420227	0.246362974	0.164903262	1.481960152	16.76616303	0.782770753363437	0.608424561912546
USF2	-0.248964311	0.246362974	0.164903687	-1.481958532	20.85690742	0.782769634071346	0.608424561912546
USP47	-0.116075671	0.246445165	0.16499354	-1.481615598	23.40802946	0.782533059405943	0.608279697835562
MRPL55	0.179860823	0.246651473	0.165166529	1.480955814	21.37902935	0.782077957883627	0.607916286592022
H2AC21	1.028982219	0.246801648	0.16530198	1.490575284	22.55438563	0.781721944384244	0.607651944659393
SH3PXD2A	-0.180373475	0.247748862	0.165971424	-1.477893651	20.64539132	0.779966679836023	0.60598833170951
TOR1AIP1	0.168209652	0.247835398	0.166064431	1.47754063	23.59281689	0.779723378232738	0.605836663826967
USP19	-0.155152645	0.248132419	0.166324762	-1.476553398	22.71136556	0.779043089328843	0.605316490572538
UQCC2	-0.169236678	0.248132419	0.16635301	-1.476446355	21.27844549	0.778969336577161	0.605316490572538
XPO4	0.17400565	0.248132419	0.166368683	1.476386969	21.10036147	0.77892842131637	0.605316490572538
AKIRIN2	0.3079994	0.248750462	0.166824691	1.474661238	18.37977169	0.777739670895709	0.604236103973737
KDSR	-0.153259112	0.248750462	0.166853399	-1.474552732	21.34759202	0.777664941829636	0.604236103973737
YAF2	0.346964038	0.248858043	0.16696074	1.47414715	16.77331464	0.777385639067157	0.604048318455941
NUDT18	0.288650624	0.248962297	0.167065879	1.473750104	17.01138196	0.77711223996395	0.603866417742209
NSUN6	-1.40824376	0.249111662	0.167201325	-1.483262044	18.07540195	0.776760285282717	0.603605940774634
NDRG2	-0.241133082	0.249375642	0.167413758	-1.472437888	21.44796718	0.776208854718131	0.603145968907228
GPR174	-0.326920276	0.249818271	0.167746224	-1.47118598	18.54941676	0.775347247101866	0.602375801733299
OSGEPL1	-0.178470453	0.250668026	0.168352247	-1.468909398	21.76494609	0.773781082702157	0.600901059010872
BCL2L1	-0.120307854	0.2509046	0.168546602	-1.46818076	23.05995121	0.773279998690474	0.600491376404387
RIN3	-0.207957461	0.251074578	0.168696278	-1.467620112	19.08323591	0.772894499283391	0.600197258586351
ATP1A1	-0.095201994	0.251075948	0.168732691	-1.467483781	27.59469128	0.772800767170954	0.600194888844971
SLC25A5	0.069964026	0.251118055	0.168796487	1.467244988	29.93335862	0.772636596172396	0.600122061062548
MRPL23	0.491644977	0.251588681	0.169148398	1.467093484	20.48173459	0.771732111048065	0.599308901739566
SNAP23	0.117917243	0.251632623	0.169222421	1.465652657	23.46062892	0.771542095957273	0.599233055315654
SF3B4	-0.119103668	0.251632623	0.169249084	-1.465553091	23.31063007	0.771473673099669	0.599233055315654
ATG14	0.262016308	0.252520906	0.169882243	1.46319265	18.3637525	0.769852013539069	0.597702661170699
ARAP2	0.253247044	0.252703208	0.170040609	1.462603425	20.50412187	0.769447348277569	0.597389244792176
TMEM33	-0.074679675	0.252847469	0.170186838	-1.462059769	25.44553255	0.76907403064982	0.597141389292007
FAIM	-0.132158101	0.252847469	0.170209167	-1.461976788	22.05049241	0.769017053709092	0.597141389292007
ELAC2	-0.142885941	0.253157731	0.170453813	-1.461068222	24.04055585	0.768393279290839	0.596608805471008
ESPN	-1.746011523	0.253220002	0.170531536	-1.470610227	18.17877483	0.768195296176898	0.596501992117827
MICB	-1.971123491	0.253319611	0.170634429	-1.47022272	17.01426341	0.767933336497061	0.596331187550937
TANK	0.252245635	0.253494689	0.170788194	1.459828181	18.04925589	0.767542153892124	0.596031135195164
CFAP97	-0.38257742	0.254434175	0.171457126	-1.45735364	19.19995258	0.765844460282689	0.594424555692247
DECR1	0.121478921	0.255279021	0.172062535	1.45512113	24.805551	0.764313682920827	0.592984874339119
HTATIP2	0.250085462	0.255439261	0.172206649	1.455112244	23.15218218	0.763950084193264	0.592712350904903
KIAA0100	0.172005909	0.25613023	0.172711728	1.45273454	19.98866689	0.762678170638993	0.591539160510903
DPH2	0.325988415	0.25613023	0.172744886	1.452612848	19.88934664	0.762594800769136	0.591539160510903
MRTO4	-0.10735929	0.256566863	0.173075639	-1.451400037	23.76091505	0.761764056286443	0.59079943582375
PLCB3	0.120020477	0.256711367	0.173209408	1.450910087	23.38365822	0.761428522644764	0.590554900646519
RPS6	-0.113985605	0.257009107	0.173446632	-1.450042005	26.9556689	0.760834128903596	0.590051487369982
ENOPH1	-0.191401759	0.257307834	0.173684606	-1.449172186	22.92601188	0.760238672200693	0.589546991048969
PIK3R2	0.327108835	0.257441166	0.173810999	1.448710618	20.09383912	0.759922744263291	0.58932200623829
MAD1L1	-0.253588553	0.257481961	0.173903873	-1.448371636	21.17112258	0.75969074575003	0.589253191914375
TXLNA	-0.087024037	0.257481961	0.173911339	-1.448344394	25.04020031	0.759672101122132	0.589253191914375
AGAP3	0.3285646	0.257491831	0.173954405	1.448187263	17.97263409	0.759564569256314	0.589236544517543
FAM98C	0.339972111	0.257878007	0.174251749	1.44710328	18.75144285	0.758822854106643	0.588585694875726
TPM3	0.083740277	0.258077579	0.174423085	1.446479375	27.24249009	0.758396036464045	0.588249724009176
FIGN	0.227662623	0.258672659	0.17486184	1.444884049	17.08669993	0.757304956019442	0.587249472609065
DISC1	0.546280219	0.259091868	0.175215703	1.444112517	18.25810032	0.75642697453412	0.586546217805954
EIF4A3	-0.062015761	0.259091868	0.175218475	-1.443589799	26.37805734	0.75642010383269	0.586546217805954
LIG3	-0.126889403	0.259181285	0.175315585	-1.443237769	22.93742642	0.756179474786734	0.586396361268532
SURF4	-0.192025697	0.259823818	0.175786937	-1.441655113	23.76452565	0.755013401159878	0.585321039745524
NFU1	-0.180760497	0.260117363	0.176022309	-1.440680783	21.69995478	0.754432286381297	0.584830657402697
SSRP1	-0.087932539	0.260488794	0.176310482	-1.439640639	25.48176686	0.753721867284139	0.584210954931226
GOT2	-0.063575976	0.261345953	0.176927589	-1.437418037	26.53490083	0.752204440599421	0.582784220660459
CYB5R4	-0.922328294	0.261526045	0.17708648	-1.44344493	17.23925217	0.751814594572382	0.582485053884548
PTK2	0.072783885	0.261629705	0.177193655	1.43646178	25.02291344	0.751551833508921	0.582312948477762
UBE2Q2	0.206946197	0.261683167	0.177266856	1.436198905	17.65005355	0.751372457867149	0.582224212836372
RPS24	-0.116492189	0.261740076	0.177342406	-1.435927686	25.76745492	0.751187403768905	0.58212977581968
KIF1C	0.215083198	0.262356378	0.17779707	1.434297545	21.00937269	0.750075400246102	0.581108373445683
JUNB	1.051860368	0.263542584	0.178638209	1.439203251	17.60894558	0.748025644086396	0.579149200178269
BLOC1S4	0.197321564	0.263567281	0.178692208	1.431098383	20.14581313	0.747894384799243	0.579108503649747
RPL22	-0.129222259	0.263619519	0.17876489	-1.430839214	26.98280928	0.747717773999539	0.579022436717799
AGRN	-0.128597783	0.263652988	0.178834609	-1.430590695	25.36300692	0.747548430488421	0.578967302411187
SCFD1	0.108773561	0.263652988	0.178862127	1.430492628	22.91883768	0.747481608992031	0.578967302411187
MFSD10	0.141006566	0.264435062	0.179430067	1.428471455	22.42510851	0.746104780700673	0.577680961351396
RPL7A	-0.071541002	0.264655698	0.17961719	-1.427806705	28.3021336	0.745652102162623	0.57731875127287
RAB3A	-0.201359762	0.264686241	0.179675337	-1.427600261	18.42686489	0.745511531905453	0.577268633738632
POLD2	-0.378787153	0.264699892	0.179722021	-1.427934311	21.22520413	0.74539870634758	0.577246235894774
CHERP	-0.101822034	0.264776648	0.179811566	-1.427116807	24.49327971	0.745182376627119	0.57712032018381
LYRM2	0.244471501	0.26528632	0.180195189	1.425757052	20.01049768	0.744256808354982	0.576285144671622
ATG101	0.267438934	0.265529635	0.180397997	1.425039183	20.87616794	0.743768288837739	0.575887001517597
TP53I11	0.199652655	0.266846185	0.18134866	1.421683179	21.89788241	0.741485649108944	0.573739001761619
COL9A2	0.327985717	0.266846185	0.181367891	1.421615443	16.84709808	0.741439597076489	0.573739001761619
FHIP2B	-0.25799841	0.266959517	0.181482657	-1.421211334	21.57173421	0.741164871063551	0.573554592105528
ZFAND3	-0.264693317	0.267538614	0.181914155	-1.419693889	18.7063843	0.74013350654831	0.572613527149799
VPS26B	0.484138815	0.267959234	0.182269159	1.418767578	19.13311733	0.739286810276621	0.571931272372386
BRMS1	-0.185622325	0.267959234	0.182275917	-1.418424014	20.6449534	0.739270708223392	0.571931272372386
SYNGR1	-0.146306295	0.268348435	0.1825786	-1.417363144	20.40937707	0.738550127385288	0.571300933161913
SIRT3	-0.188803821	0.268726518	0.182873828	-1.416329824	20.19690612	0.737848444159941	0.570689475164074
GALNS	0.204313593	0.268824156	0.182978274	1.415964589	19.71426811	0.737600473340907	0.570531709032837
CHDH	-0.228705315	0.268917731	0.183086859	-1.415585067	19.35025574	0.737342825925464	0.570380561772277
ARPC4	0.068002354	0.268917731	0.183117997	1.415476271	25.7387094	0.737268970751845	0.570380561772277
PDZD11	-0.357294595	0.269434702	0.183509888	-1.414108315	20.50850964	0.736340529841643	0.569546469798863
RIC1	-0.235811796	0.269434702	0.183546202	-1.41398168	17.29173828	0.736254597635111	0.569546469798863
ARCN1	-0.066111314	0.269478297	0.183613994	-1.41374533	26.25225126	0.736094222451894	0.569476205886079
FKBP5	-0.094055732	0.269767107	0.183848915	-1.412926865	23.61490983	0.735538928813358	0.569011005439748
CCDC9	-0.668435995	0.270286789	0.1842795	-1.413824375	19.03388002	0.734522974775856	0.568175181103403
NME7	-0.197166024	0.270286789	0.184246826	-1.411542537	22.51145382	0.734599984948198	0.568175181103403
SDF4	0.136726721	0.271194105	0.184936438	1.409149315	23.19108961	0.732977511430076	0.566719755047585
MRPS24	-0.151173387	0.271460337	0.185156365	-1.408387655	20.99955591	0.732461353898828	0.566293616094933
CRELD1	0.445309794	0.271874804	0.185477496	1.408012139	20.45912758	0.731708775838144	0.565631038792779
LRP6	-0.28826423	0.271963656	0.185576558	-1.406934532	16.68637584	0.731476884659354	0.565489129249826
MGST2	-0.282051254	0.272257332	0.185815436	-1.40610966	20.74297544	0.73091821127258	0.565020415688755
POLR2M	-0.250187052	0.273312406	0.186602496	-1.403398134	20.32986624	0.729082551416009	0.56334065467741
GPR107	-0.178784465	0.273312406	0.186612796	-1.403362712	20.62762162	0.729058580087606	0.56334065467741
TBL3	-0.166822975	0.274056608	0.187159666	-1.401484388	22.98817452	0.727787738509171	0.562159721840867
FLOT1	-0.15339422	0.274419546	0.187446317	-1.400501662	21.57787484	0.727123088303463	0.561584958498725
ATP11C	0.236250945	0.274680299	0.187663258	1.399758762	19.34055336	0.726620748208823	0.561172488531439
RPUSD2	-0.171999332	0.27496004	0.187893248	-1.398971957	21.82782897	0.726088826121022	0.56073041769154
MAPKAP1	-0.557038023	0.274977592	0.188021857	-1.40092556	20.41874899	0.725791662317496	0.560702695505221
ROCK2	-0.092569844	0.274977592	0.187965466	-1.398725063	23.7158248	0.725921934264524	0.560702695505221
GUF1	-0.180990303	0.274977592	0.188002358	-1.398598966	19.0732057	0.72583670360884	0.560702695505221
VDAC3	-0.178598328	0.275028735	0.188095706	-1.399326302	25.99188046	0.725621118760049	0.560621928715235
SIGMAR1	0.377542455	0.27523954	0.188282357	1.397919514	20.63150239	0.725190373645199	0.560289176649031
DUS2	0.249614376	0.27523954	0.188317695	1.397522018	20.41058579	0.725108870212764	0.560289176649031
SETD6	0.247982362	0.275468188	0.188513076	1.3968555	17.04163523	0.724658520059314	0.559928547715187
SAPCD2	-0.269897793	0.275637045	0.188667596	-1.396328784	19.51358819	0.724302684291049	0.559662414638473
TMEM236	-0.388402169	0.275787061	0.188811536	-1.395838456	19.18802517	0.723971474719681	0.559426113316512
CNOT11	-0.167944256	0.275787061	0.188848251	-1.395713436	20.82444574	0.723887032994604	0.559426113316512
ECT2	-0.097690366	0.275934708	0.189009193	-1.395165647	24.22658308	0.723517072164967	0.559193669057456
QSOX1	-0.20339628	0.275934708	0.189027367	-1.395103814	21.23931438	0.723475314997776	0.559193669057456
CRYBG3	-0.332792682	0.27593971	0.189069801	-1.394959461	18.88220338	0.723377832902261	0.559185796465693
BICD2	-0.201548955	0.276121042	0.18923308	-1.394404266	22.34974148	0.72300294189997	0.55890049638037
ACO2	-0.069903758	0.27614354	0.189287535	-1.394219192	26.27750667	0.722877984340259	0.558865112046202
HDLBP	-0.079307759	0.277149364	0.190016174	-1.391747067	26.47074364	0.721209430731425	0.557286113685655
SLC30A7	-0.212777955	0.277514721	0.190305896	-1.390766293	22.55988435	0.7205477563236	0.55671397441699
PGM3	0.090610044	0.27754294	0.190364482	1.39056812	24.1319112	0.720414078589853	0.556669815559788
CCDC88C	-0.383657235	0.277705962	0.190516309	-1.390054779	17.00523839	0.720067840956691	0.556414796389797
SNX3	-0.099831487	0.277705962	0.190557878	-1.38991429	25.28830073	0.719973092018003	0.556414796389797
VCL	0.051864599	0.277705962	0.190594069	1.389791998	29.3830594	0.719890618076755	0.556414796389797
DDX41	-0.26975506	0.27796322	0.190809923	-1.390093894	23.13788127	0.719399043719529	0.556012665980456
TFB2M	0.146774723	0.278286697	0.191071315	1.388181157	23.12408351	0.71880450746246	0.555507553844111
MRPS25	0.142868248	0.278372037	0.191169261	1.387850977	21.79978668	0.7185819386881	0.55537439257631
TSR1	0.117831892	0.278399981	0.191227807	1.387653684	23.41908003	0.718448955425079	0.555330798700827
SARS1	-0.067498892	0.278428589	0.191286817	-1.387454877	26.06137049	0.718314959410431	0.555286173488621
MYBBP1A	0.087423759	0.278429188	0.191326588	1.387320915	26.24521942	0.718224673363595	0.555285239166051
INTS6	0.370814075	0.278485975	0.191404977	1.387056944	19.03369996	0.718046773688045	0.555196671705627
MRPL54	0.211301821	0.278591701	0.191517026	1.386679781	20.17887357	0.717792610890346	0.555031824967288
FLII	0.077681239	0.278827212	0.191718343	1.386002601	26.33635115	0.717336333222219	0.554664843756468
CCNY	0.235953916	0.279319646	0.192096421	1.384732437	19.69271752	0.716480726520036	0.553898517040387
ZNF532	-0.214616867	0.279323643	0.192138655	-1.384590677	17.21219792	0.716385253751576	0.553892302430533
TADA2B	0.426081329	0.280252674	0.192817326	1.382316288	16.92755196	0.71485394425002	0.552450234940289
RAB39B	0.379392833	0.280938454	0.193328866	1.380606395	19.08674982	0.713703296470334	0.55138881182367
ADH5	0.075181196	0.280972889	0.193392281	1.380394682	25.89490894	0.713560864203413	0.551335583033437
MFN1	0.248570124	0.281010794	0.193458095	1.380175023	21.45723971	0.713413093080101	0.551276997943302
IRF2BPL	-0.129007204	0.281232033	0.19365016	-1.379534345	22.62695204	0.71298213984966	0.550935213656418
FOXRED1	-0.167398973	0.281444177	0.193836023	-1.378914859	22.12871239	0.712565509347609	0.550607732340176
GGCT	-0.083971026	0.28165271	0.194019459	-1.378303946	24.938075	0.712154710726888	0.550286065723202
RAB28	0.240807499	0.282048738	0.194332138	1.377263709	16.70042126	0.711455371289639	0.549675839143205
GHDC	-0.792604957	0.282173634	0.19448549	-1.381441438	18.34538949	0.711112794585056	0.549483568693859
TJAP1	-0.164432111	0.282173634	0.19449797	-1.376712577	20.8766599	0.71108492710125	0.549483568693859
MYO10	-0.177826134	0.282612743	0.194840592	-1.375575125	22.23879167	0.710320559546056	0.548808259720963
EIF4G3	-0.300568539	0.282740636	0.195008703	-1.377321585	23.25535725	0.709946006173206	0.548611769429458
PEMT	0.299756693	0.282740636	0.195004812	1.37503053	19.86140885	0.709954671718189	0.548611769429458
CYB5A	-0.139402137	0.283750435	0.195745282	-1.372579658	23.63479735	0.708308696836092	0.547063464008672
TOMM22	-0.240286833	0.283865863	0.195865038	-1.373544317	24.01293707	0.708043078853419	0.546886831504197
NDUFA6	0.233080872	0.284971964	0.196668523	1.369534591	21.82218099	0.706265143798611	0.545197864479266
SYNRG	0.318017789	0.285045884	0.196759832	1.369234076	20.16491299	0.706063556927425	0.545085225731568
CNOT6	-0.35732646	0.285138626	0.196887978	-1.368812519	18.82067415	0.705780801117637	0.544943947466412
FZD2	-0.197691204	0.285138626	0.196904465	-1.368758298	20.85206132	0.705744435701009	0.544943947466412
INTS7	-0.345920627	0.285291107	0.197050092	-1.368279547	20.26553121	0.705423358032161	0.544711765815837
STK33	0.232577246	0.285395288	0.197162393	1.367910552	18.64003517	0.705175919365009	0.544553201552458
PMM1	-0.17607031	0.285692155	0.19740845	-1.367102681	18.05477186	0.704634261444351	0.544101685017986
HSD17B8	0.294985222	0.285692155	0.19746377	1.366921163	19.67977503	0.704512575644848	0.544101685017986
ST6GAL1	0.252190094	0.285692155	0.19748864	1.366839575	17.60372229	0.704457880934773	0.544101685017986
ADGRG1	0.127782322	0.286255605	0.197918598	1.365430377	24.17570553	0.703513394124717	0.543246000907988
CIAO2A	0.178860294	0.286404144	0.198061786	1.364961641	20.79804092	0.703199309066478	0.5430207024839
WNT5A	-0.381347188	0.286642212	0.198266941	-1.36458366	20.65790528	0.702749693954966	0.542659853405694
SSR3	-0.165294519	0.286840779	0.198444836	-1.363709069	21.90965352	0.702360197970647	0.542359106715076
DPY19L1	-0.179417594	0.287480802	0.198941541	-1.362087825	19.92090562	0.701274522338775	0.541391152239915
ZNHIT2	0.256041608	0.287480802	0.198987945	1.361936533	19.78276931	0.701173233030299	0.541391152239915
TIAM1	0.19419193	0.287480802	0.19900954	1.361866137	16.79999418	0.701126104142809	0.541391152239915
FUCA2	0.13898551	0.288236705	0.199601429	1.359939124	23.36054493	0.699836353807199	0.54025071552779
NSMAF	-0.214126464	0.288236705	0.199614309	-1.359897246	20.09552247	0.699808330298122	0.54025071552779
MTFR1	-0.497084984	0.288659223	0.199947723	-1.359261359	19.12030524	0.699083537237716	0.539614561726702
RAD54B	0.369726634	0.28869356	0.200012318	1.358604172	17.07756063	0.698943256962555	0.539562903987858
MRPL30	0.15772326	0.288831206	0.200148512	1.358162188	20.94705137	0.698647634300276	0.53935588637439
STX5	-0.0996382	0.288979564	0.200306953	-1.357648317	23.54254756	0.698303975333865	0.539132868509347
CCDC47	0.114098299	0.288979564	0.200333019	1.357563808	24.73534907	0.698247464147901	0.539132868509347
GART	0.074615321	0.28928923	0.200588588	1.356735721	28.26524483	0.69769377874137	0.538667734477271
NACC1	0.324423474	0.289995794	0.201119503	1.355276617	21.26575519	0.696545812871245	0.537608300914276
AP2B1	0.1330975	0.290820301	0.201772416	1.352911245	25.19874546	0.695138205779022	0.5363752803971
DIP2B	-0.097178667	0.290820301	0.201831857	-1.352719705	23.60123917	0.695010283949584	0.5363752803971
ATP5F1EP2	0.118259828	0.290820301	0.201845512	1.352675709	24.20493567	0.6949809026089	0.5363752803971
ASCC3	0.143861097	0.290820301	0.201855765	1.352642678	24.92250837	0.694958842627534	0.5363752803971
MRPS9	-0.092878435	0.291635626	0.2024629	-1.350689112	23.35394129	0.69365454677735	0.53515942400928
MTMR9	-0.18770967	0.292489546	0.203097067	-1.348653724	21.13434638	0.692296348357443	0.533889651618204
NUDT15	0.372090453	0.29267696	0.20328696	1.348045273	20.0221859	0.69189047862549	0.5336114645792
EDC4	-0.081474179	0.29267696	0.203309949	-1.347971643	25.634023	0.691841368582427	0.5336114645792
TUBGCP4	0.17833288	0.292726757	0.203385922	1.347728367	21.39936713	0.691679111439386	0.533537578603626
CHMP4B	0.096786071	0.292761526	0.203451464	1.34751855	25.14073535	0.691539180694776	0.533485997776827
TRMT1	0.336508884	0.292814407	0.203529607	1.347573343	21.37935536	0.691372405989343	0.533407559011619
PARS2	-0.549461324	0.292931182	0.203735004	-1.347573428	19.49440084	0.69093434783819	0.533234395987438
JMY	-0.308300918	0.292931182	0.203659142	-1.346854094	18.73869031	0.691096090213187	0.533234395987438
THOC2	-0.128972275	0.292931182	0.20369427	-1.346741758	23.45200898	0.691021187702744	0.533234395987438
BUD23	-0.263174535	0.293135345	0.203918438	-1.346025269	17.4573127	0.690543504189333	0.532931813042292
DOCK7	-0.126240937	0.293421281	0.204158827	-1.345257654	23.64002876	0.690031838202323	0.53250839122312
BCL2L12	-0.702654675	0.294220545	0.204756537	-1.349108753	20.24747069	0.688762224181906	0.531327004386878
ARMC8	-0.329166095	0.294432313	0.204945534	-1.350441757	25.17390573	0.688361541022955	0.53101452929545
DENND2B	-1.830234211	0.294532268	0.205056746	-1.350522337	21.11187174	0.688125938630178	0.530867118375487
AIFM1	-0.100906093	0.295270275	0.205612295	-1.340632208	25.65890694	0.686950919389776	0.529780271467873
LAD1	-0.086034258	0.29536305	0.205718653	-1.340294799	25.81005113	0.686726328005343	0.529643835986892
SYNCRIP	-0.059579055	0.295366925	0.205787005	-1.340078033	28.18947947	0.686582053455903	0.529638138320653
MRPS15	-0.120776674	0.295366925	0.205804859	-1.340021422	22.18875453	0.686544375871077	0.529638138320653
PHLDB2	-0.632717771	0.295678699	0.20614749	-1.340974438	18.87197593	0.685821948690834	0.529179961371662
SLC4A7	-0.248581785	0.295678699	0.206120149	-1.339323132	22.70798869	0.685879552268335	0.529179961371662
MED24	-0.248253283	0.295678699	0.206128777	-1.33899506	21.55452442	0.685861373480937	0.529179961371662
ALKBH1	0.510170319	0.296254545	0.206590849	1.338369374	19.2283233	0.684888919587078	0.528334978185961
MAK16	-0.200759069	0.296300075	0.206664486	-1.337300527	21.49164298	0.684734147752844	0.528268238590546
MRPL50	0.150372339	0.296838617	0.207082072	1.335982138	22.55039588	0.683857498250426	0.527479600498653
ATP13A1	0.108719247	0.296889045	0.207197171	1.335619133	24.01700382	0.683616178596094	0.527405827273696
UAP1L1	-0.28654351	0.296889045	0.20720119	-1.335606463	20.47891396	0.683607754675118	0.527405827273696
PRKCA	-0.155815192	0.297150283	0.207425515	-1.334899465	23.43064164	0.683137822960717	0.527023851792176
RNASEH2C	-0.291713044	0.297511331	0.207719602	-1.334252413	21.89553805	0.682522518203736	0.526496489104968
SFT2D2	1.056254099	0.298078483	0.20815772	1.340590352	21.11736391	0.681607477685072	0.525669372681345
NADK2	-0.173308134	0.298394173	0.208420358	-1.331771608	20.28126704	0.681059862458661	0.525209661958936
MT1X	-0.24173713	0.298880338	0.208802181	-1.330574381	21.01373469	0.680264969312888	0.524502654311578
MARK3	-0.111514796	0.298965091	0.208903653	-1.330256513	22.96756892	0.680053965649795	0.524379519605897
COMMD7	0.403288657	0.299263343	0.209154364	1.330406686	21.29233273	0.679533069446504	0.523946476971388
PSMD11	0.061880769	0.299764937	0.209547302	1.328243181	26.94477589	0.678717926498261	0.523219167211427
KHDC4	0.687269037	0.300828024	0.210360832	1.33208675	20.90286153	0.67703512017321	0.521681708965846
PMPCB	0.184268022	0.300828024	0.210375492	1.326241482	24.34136051	0.677004855341086	0.521681708965846
ANOS1	0.367911302	0.300944724	0.210499646	1.325273533	17.13018759	0.676748630186393	0.521513266088225
IMMT	-0.10400922	0.301032001	0.210603248	-1.324951139	26.66887579	0.676534935251198	0.521387334575631
CREG1	-0.279652468	0.301255805	0.210802408	-1.324331749	20.12970588	0.676124432476856	0.521064575769183
MFSD5	-0.195223829	0.301297233	0.210874615	-1.324107305	18.28318151	0.675975697306331	0.521004856704835
ARMCX2	0.439579139	0.301297233	0.210916581	1.323976886	17.26896119	0.675889277284004	0.521004856704835
MRPL17	0.127031045	0.301377149	0.211015129	1.323670716	24.05472305	0.675686406286796	0.52088967982307
S100A4	0.101661576	0.30164589	0.211245934	1.3229541	25.02178914	0.675211641471087	0.5205025876772
FGGY	0.192645755	0.301678994	0.211311763	1.322749828	19.64069166	0.675076326592747	0.520454928828959
SLC7A2	-0.277724725	0.301979086	0.211605292	-1.321839622	18.64406992	0.674473475305759	0.520023133696193
PRPF39	-0.151089135	0.301979086	0.211607341	-1.321833275	20.39280543	0.674469269999376	0.520023133696193
R3HDM1	0.550150032	0.302095127	0.211745226	1.322328586	19.4679245	0.674186372474134	0.519856280135786
CPS1	0.51836742	0.302095127	0.211774065	1.322198068	18.86761791	0.674127227028582	0.519856280135786
EME1	-0.50378968	0.302273163	0.211956089	-1.321173366	17.67066502	0.673754102657374	0.519600409482424
BRAT1	-0.142006261	0.302273163	0.211991262	-1.320644338	22.18075763	0.673682039747623	0.519600409482424
MBOAT1	-0.26106941	0.302273163	0.212027062	-1.320533563	18.25340477	0.673608704508984	0.519600409482424
IFIT5	-0.529223096	0.302386328	0.212191933	-1.320943991	19.09577622	0.673271130897359	0.519437848780575
CPNE4	0.434090727	0.302386328	0.212188595	1.32013551	18.92942478	0.673277962855401	0.519437848780575
GINS4	-0.224423322	0.302531107	0.212336294	-1.319577339	22.06514666	0.672975766847898	0.519229963478026
AP5B1	-0.317981489	0.30265348	0.212464968	-1.319179783	17.47154927	0.672712667771354	0.519054328075209
GALNT14	-0.293456862	0.302926134	0.212699195	-1.318456608	18.02463316	0.672234153763089	0.518663257659585
TUFM	0.066369428	0.303040084	0.212822044	1.318077576	27.67961907	0.67198339004368	0.518499922294259
TMA7	-0.117014622	0.303177687	0.212961539	-1.317647397	24.96170817	0.671698823360795	0.518302764680351
MAL2	-0.144616834	0.303427026	0.213201464	-1.316908051	22.63798654	0.671209817445941	0.517945739567947
ATP6AP1	0.092711741	0.303427026	0.213222469	1.316843356	22.9788439	0.671167032063162	0.517945739567947
ARHGAP27	0.243921404	0.303579926	0.213372829	1.316380396	19.34688434	0.670860884661589	0.5177269492313
RPS26	-0.137600358	0.30362892	0.213450186	-1.316413009	26.43035571	0.670703462416659	0.517656865193386
SNAP29	0.169794506	0.304553965	0.214156654	1.31397129	22.97136735	0.669268427218436	0.516335742028883
CDK5	0.131261592	0.304553965	0.214186595	1.313879409	22.45357033	0.669207713241343	0.516335742028883
NOP10	0.226311869	0.304638523	0.214289128	1.313564841	17.56051399	0.668999862413058	0.516215178910459
CYB5R3	0.069366673	0.304655951	0.214344454	1.313395153	26.06953763	0.668887749047945	0.516190334161145
CBWD2	0.264396574	0.30494994	0.214594402	1.312628995	21.63228225	0.668381611411167	0.515771447755277
ZC3HAV1	-0.096625515	0.305144837	0.214847199	-1.311854844	23.86130848	0.667870303915258	0.515493973835782
MIOS	-0.229466109	0.305144837	0.21485415	-1.311833568	21.35793793	0.667856253314993	0.515493973835782
CPPED1	0.140861736	0.305144837	0.214885298	1.311738237	21.08706707	0.667793297006891	0.515493973835782
UBE2B	-0.227360166	0.305144837	0.214904096	-1.311680709	20.09655108	0.667755306922491	0.515493973835782
PLEK2	0.595528061	0.306335449	0.215790445	1.311163604	19.82009453	0.665967789382697	0.513802743923804
E4F1	-0.17500739	0.306335449	0.215829217	-1.308854607	18.5921266	0.66588976482923	0.513802743923804
SRSF5	0.11958321	0.306377308	0.215902019	1.308632628	24.24974702	0.665743296357483	0.51374340410253
CRISPLD1	-0.24671513	0.307703547	0.21689115	-1.305622713	17.75986547	0.663758168523284	0.51186749746834
GABPA	-0.116854047	0.307703547	0.216966421	-1.305394125	22.24710181	0.663607474920312	0.51186749746834
DPH6	0.407739186	0.307703547	0.216967104	1.30539205	18.81105242	0.663606107784038	0.51186749746834
CTR9	0.816480699	0.307875267	0.217146197	1.312479269	24.00846183	0.663247772271715	0.511625198517594
WDR26	-0.141355427	0.307875267	0.217175231	-1.304760328	23.30683181	0.663189707874274	0.511625198517594
NMT1	-0.106411572	0.307947896	0.217269996	-1.304472853	25.46491216	0.663000243634952	0.511522758804483
SEPTIN9	0.072927939	0.308163465	0.217465651	1.303879645	26.45951238	0.662609330705772	0.511218851306859
MICOS10	0.147200588	0.30899874	0.218098772	1.30196306	20.60112627	0.661346779699269	0.510043291488314
FNDC3A	0.485663272	0.309294154	0.218351004	1.301811424	19.26571517	0.660844806808099	0.509628288563051
RMDN3	-0.160972487	0.30937769	0.218453713	-1.300890561	22.08864355	0.6606405693032	0.509511007570187
DIO2	-0.20951253	0.309834637	0.218820165	-1.299784767	19.85110533	0.659912658825368	0.5088700332614
PPP2CB	-0.119347853	0.310804119	0.219548796	-1.297590539	25.69183626	0.65846894021293	0.507513234249768
SMYD5	-0.505393129	0.311585283	0.220166737	-1.299831984	21.41584577	0.657248294031613	0.506423063396238
OXR1	0.229718652	0.311585283	0.220198136	1.295640073	20.52342411	0.657186361696422	0.506423063396238
PYURF	-0.197991045	0.311585283	0.220232742	-1.295536256	18.56472447	0.657118114007069	0.506423063396238
QRSL1	0.152271821	0.313013636	0.22128657	1.292381124	22.10544359	0.65504494283677	0.504436742611505
HACD2	0.164004996	0.313490117	0.221667736	1.291242925	22.57479123	0.654297514358907	0.503776146061399
SOWAHB	0.376882275	0.313522239	0.22173477	1.291042921	18.39852	0.654166200276882	0.503731648031252
MFHAS1	0.219046898	0.313568068	0.221811509	1.29081402	19.75181437	0.654015923626362	0.503668169831623
ACAD10	-0.243318121	0.31401389	0.222171264	-1.289741778	17.68899133	0.653312114131793	0.503051141044826
NDUFB6	-0.15269528	0.314141414	0.222305897	-1.289340866	22.29444722	0.653049016830511	0.502874805766215
BAZ2B	0.264992491	0.314648319	0.222709095	1.288141406	16.71210074	0.652262046874096	0.502174584116636
UBE2M	0.114084919	0.314853606	0.222898906	1.287577352	24.53731586	0.651892063055559	0.501891328384044
ATXN3	0.200277999	0.314927159	0.222995496	1.287290467	21.3196541	0.651703908620451	0.501789884631081
UBTD2	0.168806248	0.3149341	0.223084051	1.287027536	19.66733231	0.651531477722828	0.501780312878712
NPTXR	0.216991471	0.3149341	0.223089451	1.287011507	19.17528464	0.65152096526437	0.501780312878712
RPL19	0.184013777	0.315097886	0.223250015	1.287137577	24.30905911	0.651208503259497	0.501554510509322
RPL36A	0.095671074	0.315271795	0.223417799	1.28603736	25.43046004	0.650882230953792	0.501314880580263
CCDC12	-0.326268586	0.315299591	0.223482068	-1.286243001	21.37213977	0.650757318532416	0.5012765926094
ALG10	-0.183186719	0.315699999	0.223810502	-1.284873803	20.34633277	0.650119538658255	0.500725419483438
CANT1	0.279578465	0.315769579	0.223904468	1.284595634	20.28961572	0.649937240014608	0.500629711911052
PEX13	-0.725808665	0.315842931	0.224001129	-1.287750761	18.0590851	0.649749792749612	0.500528838769765
FAU	0.184990798	0.315854099	0.224053699	1.285129653	25.32789556	0.649647881735193	0.500513482671686
HDAC7	-0.052979546	0.315901157	0.224131737	-1.283923235	25.85711451	0.649496643116537	0.500448783471884
PMPCA	-0.077343832	0.316284768	0.22444862	-1.282986621	24.5720018	0.648883060470515	0.499921722826093
PKD2	0.215790446	0.316533904	0.224670163	1.282332442	17.63954911	0.648454599609602	0.499579765799789
HEATR5A	-0.190350152	0.316884922	0.224964105	-1.281465284	17.71046495	0.647886771862161	0.499098424892962
WDSUB1	-0.180935303	0.31689751	0.225017839	-1.281306863	21.49824792	0.647783050456835	0.499081173234781
TSEN15	0.374641064	0.316942894	0.225094868	1.281079814	19.4735536	0.647634406486323	0.499018980857407
NPC1	0.229848966	0.317306966	0.22539829	1.280440819	22.72847558	0.647049383083085	0.498520393508939
AP1M1	-0.091404759	0.317848992	0.225828249	-1.27892127	23.05500836	0.64622173283861	0.497779161516934
ZNF317	-0.575544644	0.318314533	0.226249007	-1.278542311	18.44376648	0.645413318223828	0.497143532734254
OFD1	-0.180946704	0.318314533	0.226226973	-1.277750093	18.03541135	0.645455615472941	0.497143532734254
HACL1	0.233926611	0.318523213	0.226442358	1.277118132	21.57907049	0.64504233134858	0.496858912118417
TRAPPC8	0.160772094	0.318704741	0.226616462	1.27660765	20.7209592	0.644708545063614	0.496611475983989
TMEM53	0.193940564	0.318722164	0.226673906	1.27643929	19.70769946	0.644598471635573	0.496587734555127
C8orf33	0.203191337	0.319012928	0.226925792	1.275701457	22.17192621	0.644116140136697	0.496191716800827
USP32	0.6382851	0.319187131	0.227094831	1.277566625	19.31902827	0.643792750825289	0.495954626871288
MAP2K1	0.144806615	0.319208913	0.227195543	1.27513796	25.0373701	0.643600192633079	0.495924990715183
PPIL4	0.303080472	0.319208913	0.227200576	1.274991436	21.18842328	0.64359057193415	0.495924990715183
C2CD5	0.140491275	0.319241433	0.227268851	1.274697618	21.54951126	0.64346008370232	0.495880748413014
DPP9	-0.225969322	0.3192972	0.227398826	-1.274411656	22.53549253	0.643211781790051	0.495804889884862
MRPL22	-0.157332847	0.3192972	0.227376355	-1.2743833	21.11998322	0.643254699837115	0.495804889884862
RNF126	0.220103581	0.319752841	0.227768528	1.273237684	21.76948108	0.642506284910955	0.495185588131117
PICALM	-0.14067256	0.320619147	0.228430944	-1.271306241	23.58707958	0.641245065495478	0.494010545649541
GINS1	0.193658669	0.321105204	0.228822637	1.270166286	16.81745164	0.640501013804348	0.49335265597143
SMAD2	0.170144859	0.32137213	0.229058281	1.269481242	20.05070533	0.640054002828763	0.492991788779977
RNASEH2B	-0.134133868	0.321453559	0.229161761	-1.269180593	21.24697215	0.639857849061437	0.492881761548144
TMEM109	0.171371317	0.322043031	0.229627516	1.267828751	23.53457027	0.638976072149694	0.492086094523881
MED28	0.169622666	0.322654657	0.230109237	1.266432888	20.61011962	0.638065947617266	0.49126206217066
PMS2	-0.442307003	0.322810279	0.23031149	-1.266069987	18.00089533	0.637684394996598	0.491052644823867
UQCRC1	-0.088005617	0.322810279	0.230291095	-1.265906539	26.65982446	0.637722855206127	0.491052644823867
RALA	0.200754956	0.322896287	0.230418498	1.265537996	22.32578173	0.637482658682638	0.490936948927349
KDELR2	-0.23534951	0.323041463	0.230567762	-1.265106426	22.17020883	0.63720141588025	0.490741731549927
HUS1	-0.278238357	0.323095466	0.230651979	-1.264863025	18.61241491	0.637042814781739	0.490669136395841
METAP2	-0.268892117	0.323127715	0.230766358	-1.264580301	21.62329416	0.636827504008066	0.490625790495631
IFIT2	-0.22514858	0.323127715	0.230760335	-1.264549965	18.14201044	0.636838839238311	0.490625790495631
PLCH1	-0.237996351	0.323491993	0.231072242	-1.263649469	19.45081576	0.636252221852235	0.490136464420171
USP13	-0.192423574	0.323553024	0.231202573	-1.263273486	21.48624563	0.636007337061699	0.490054536808004
ARHGEF10	0.172551965	0.323553024	0.231207314	1.263259813	21.97105462	0.635998431585425	0.490054536808004
RNF123	0.099344568	0.323752479	0.231424932	1.262632408	23.57043475	0.63558985520818	0.489786897468533
APP	0.107883837	0.323752479	0.231441375	1.262585022	24.3015234	0.635558999196149	0.489786897468533
TNPO2	0.149812943	0.323765281	0.231496295	1.262426769	22.33004472	0.635455955289361	0.4897697246949
NRBP1	0.14039295	0.324825419	0.232300225	1.260113678	24.22527029	0.633950369553139	0.48834999267136
YIPF2	-0.248615319	0.325183404	0.232602209	-1.259246464	17.43778205	0.633386165136568	0.487871627085166
TP53I3	0.102453445	0.325355277	0.232771142	1.25876173	23.20002542	0.633070862712069	0.487642144967023
NAF1	-0.207126861	0.325474363	0.232902351	-1.258385436	19.80735455	0.632826127518674	0.487483214303542
LSR	0.07545855	0.325533235	0.232990496	1.258132739	24.77404399	0.632661794076722	0.487404665958217
GALNT10	-0.350755248	0.325558483	0.233054588	-1.257949047	16.84680283	0.632542342963235	0.487370983861574
CRTC3	0.889129587	0.325689244	0.233240275	1.263099322	18.02967382	0.632196455199406	0.487196583923864
C18orf32	-0.302325535	0.325689244	0.233234834	-1.257432666	19.32700852	0.632206586485001	0.487196583923864
SMPDL3B	0.163866212	0.326049597	0.233544431	1.256546462	22.30232363	0.631630484252053	0.486716332247763
EML3	0.225568669	0.326067775	0.233624652	1.256316987	19.11488356	0.631481332524154	0.486692120026366
DIS3L	0.202818995	0.326067775	0.23364964	1.256245522	17.71605281	0.6314348837864	0.486692120026366
FHL1	-0.519597007	0.326083875	0.233744306	-1.256800383	19.26496025	0.631258959719185	0.486670676728139
PHF6	-0.113266523	0.326083875	0.233753369	-1.255948922	23.58491198	0.63124212108618	0.486670676728139
GPATCH1	-0.454191918	0.327204684	0.234603075	-1.253766615	18.24108499	0.629666299778973	0.485180487944501
PLK2	-0.09588695	0.327308005	0.234723425	-1.253180264	23.77719924	0.629443566385301	0.485043372984649
TIMM8A	0.146431348	0.327421776	0.234851299	1.252815981	23.12667497	0.629207033322028	0.484892440128281
CSPG4	1.480950793	0.327505529	0.23495767	1.259490489	16.37661921	0.629010373223255	0.484781363782361
GNG7	0.738001825	0.327641223	0.235101336	1.256195477	18.56964731	0.628744902921938	0.48460146162734
MPHOSPH6	0.173785722	0.327775816	0.23527323	1.251615127	19.70354028	0.628427485168549	0.484423092758219
BMI1	-0.3433217	0.327775816	0.235290584	-1.251565772	18.84595094	0.628395452333817	0.484423092758219
ENO3	-0.15065882	0.32787025	0.235450213	-1.251485208	25.33734105	0.628100912336643	0.484297988170502
NDUFA13	0.120667061	0.32787025	0.23545107	1.251109495	23.38011762	0.628099331579128	0.484297988170502
MRPS31	-0.121438823	0.327993529	0.235603831	-1.25067541	22.85281665	0.627817652048632	0.484134724420378
SH3GLB1	0.118094743	0.327993529	0.235632331	1.250594451	23.23710397	0.627765120457267	0.484134724420378
WT1	-0.220947188	0.328353307	0.235937215	-1.249728854	17.1095202	0.62720355129576	0.483658605371151
EPN1	0.189606784	0.329085592	0.236509917	1.248105317	21.42483248	0.626150644321179	0.482691131536899
RNASEL	0.589925248	0.329242746	0.236669404	1.252979324	20.99035862	0.625857882894023	0.482483784800124
STX6	0.153065426	0.329959557	0.237231313	1.246064721	21.55420674	0.624827987459638	0.48153928814667
ARL8A	0.091623796	0.330154115	0.237417866	1.245537832	23.46374756	0.624486602932965	0.481283285364602
ITPR2	0.15043811	0.330660269	0.237828591	1.244378971	22.28734441	0.623735937071654	0.480617985281843
CINP	-0.188877777	0.331622398	0.238567484	-1.242298204	18.24709316	0.622388749608214	0.479356144589487
DUSP11	-0.205876127	0.331724475	0.238687812	-1.241959844	18.20579616	0.622169756595611	0.479222484569417
COA1	0.582879645	0.331957897	0.238948668	1.242681339	18.31799275	0.62169538607586	0.478916995392631
PIN4	-0.120716098	0.331957897	0.23894962	-1.241224109	23.60465829	0.62169365579828	0.478916995392631
DSG1	-0.43959042	0.332649338	0.239494356	-1.240497939	20.60396864	0.620704716850412	0.478013336499408
KAT6A	-0.533982048	0.332669778	0.239597696	-1.240207832	18.8798361	0.620517362490144	0.477986651622935
GAPDH	0.083016027	0.332669778	0.239603127	1.239390426	32.14892112	0.620507518377955	0.477986651622935
ADGRE5	0.124817738	0.333515732	0.240259566	1.237552533	22.77973191	0.619319311762196	0.476883675511613
VPS35	-0.055330784	0.333724724	0.240476404	-1.236946311	26.51462639	0.618927530996329	0.47661161744165
DNAJB12	-0.113999586	0.333724724	0.240504473	-1.236867869	22.68270212	0.618876842029639	0.47661161744165
MRPL16	-0.170262462	0.334066203	0.240797791	-1.236048602	23.18792068	0.618347501471152	0.476167459091137
PPIG	-0.125206313	0.33436326	0.241059178	-1.235319189	22.70497655	0.617876328695083	0.475781449103411
PUS10	-0.183223955	0.334366357	0.241108678	-1.235181129	16.69519571	0.617787158184597	0.475777426520962
RPA3	-0.090574896	0.334582279	0.241311674	-1.234615186	22.92128673	0.617421667601598	0.475497064976497
APOC2	-0.420793474	0.334703215	0.241446212	-1.234421385	18.29647547	0.617179603767061	0.475340115995813
MREG	0.651247805	0.33489264	0.2416302	1.23565371	17.47785981	0.616848786633311	0.475094396928663
AGL	0.065164166	0.335256058	0.241939804	1.232866396	25.98540722	0.616292675517918	0.474623365803878
DENND11	-0.250686976	0.33573875	0.242335603	-1.231766301	18.39667427	0.61558277632654	0.473998530840268
SLC44A1	-0.258399395	0.336098127	0.242642512	-1.230914253	18.46167555	0.615033106562826	0.473533907750193
VDAC2	-0.123980622	0.336247774	0.242845615	-1.230891585	27.7540645	0.614669734062456	0.473340582060812
BLOC1S3	0.131247495	0.336247774	0.242834089	1.230382829	23.56460162	0.614690347146174	0.473340582060812
PVR	-0.122710147	0.336317119	0.24294324	-1.2300802	21.6078719	0.614495180863344	0.473251025941342
ARHGEF17	-0.091210731	0.336543618	0.243154429	-1.229494967	23.1494326	0.614117815453228	0.472958640714614
MDN1	-0.080545891	0.336810224	0.243394666	-1.228829732	24.7419453	0.613688943575755	0.472614733801278
GLRX	-0.451249412	0.336892638	0.243501846	-1.229320218	20.4021026	0.613497742028096	0.472508479404484
SFRP1	0.519909041	0.337517907	0.244009529	1.22892449	20.117566	0.612593213369011	0.471703180744121
SKIL	-0.292662546	0.337517907	0.244049207	-1.2270199	16.8178049	0.612522599177645	0.471703180744121
CSTF1	0.128215204	0.337656324	0.244197025	1.226611715	23.97968732	0.612259631275468	0.471525111921634
EPN2	-0.102475447	0.338002163	0.244494921	-1.225789695	23.2645207	0.611730158236002	0.471080520503533
UQCR10	-0.170391433	0.338015567	0.244552399	-1.225838648	23.69258839	0.611628072497772	0.471063298223767
BAG5	0.081573203	0.338057087	0.244630227	1.22541659	23.97909927	0.61148988168957	0.471009955119873
QKI	0.842101296	0.338318014	0.244866869	1.230132432	18.45657217	0.611069971852993	0.470674877256322
RETREG2	0.328384072	0.338371603	0.244953489	1.224882259	21.16428567	0.610916370281315	0.470606091194131
NCDN	0.10049757	0.338845361	0.245344351	1.223450124	23.01656802	0.61022393710337	0.469998455740033
THBS1	0.118287335	0.338971676	0.245485657	1.223061552	23.80177244	0.609973877340296	0.46983658932145
TGOLN2	0.125745668	0.338971676	0.245531647	1.222935126	22.07247377	0.609892522963908	0.46983658932145
CLK1	-0.350935635	0.340726052	0.246850582	-1.219317312	17.31076127	0.60756584450647	0.467594658896793
RICTOR	0.230341152	0.341098422	0.247168576	1.218447355	22.02091408	0.607006744494595	0.467120289734431
DYRK1B	-0.190234841	0.341155933	0.247288037	-1.218120769	19.28915593	0.606796892900955	0.467047071557589
NIPSNAP2	0.122670845	0.341155933	0.247306704	1.218069747	21.9558819	0.606764110606986	0.467047071557589
ARFGEF2	0.108161554	0.342301017	0.248185173	1.215672129	22.74028325	0.605224167545694	0.465591810541258
PHLDA2	-0.170979908	0.342401974	0.248306775	-1.21534077	18.35635329	0.60501143064691	0.465463740213237
PRR5	-0.398237369	0.34277207	0.248623621	-1.214477983	17.06604648	0.604457612691043	0.464994572802085
COX14	0.13042652	0.343113295	0.248928569	1.213648417	20.80291897	0.603925257481229	0.464562453516923
PEX11B	0.243416161	0.343113295	0.248968129	1.213540859	20.45500278	0.603856244411613	0.464562453516923
EPCAM	0.105182949	0.343287753	0.249143246	1.213064902	26.2760135	0.603550881580176	0.464341690018452
SAMHD1	-0.088439478	0.343575379	0.249400561	-1.212366016	23.5684739	0.603102573957194	0.463977965759182
NFX1	-0.758999278	0.343718191	0.249698584	-1.216801725	19.7825883	0.60258392045494	0.463797482579506
MARCHF5	0.244916312	0.343718191	0.249624577	1.211758039	21.33104316	0.602712658052023	0.463797482579506
PSMA7	-0.051261444	0.343718191	0.249660674	-1.211660112	27.04438879	0.602649861372533	0.463797482579506
DNASE2	0.158164721	0.343718191	0.249691468	1.21157658	22.20534814	0.602596297311552	0.463797482579506
DDX11L8	-0.90624662	0.344158223	0.250106726	-1.216046563	17.70778276	0.601874628839639	0.463241849353424
PRPF38B	-0.301981981	0.344158223	0.250138749	-1.210364209	20.66011555	0.601819026488762	0.463241849353424
FARS2	0.182783495	0.344158223	0.250164204	1.210295263	19.22320444	0.601774833401433	0.463241849353424
HNRNPLL	0.099385701	0.344249839	0.250279463	1.209983153	23.3879195	0.601574785516424	0.463126254183393
THBS4	-1.164214363	0.344488546	0.250501708	-1.215851121	17.88008271	0.601189308629285	0.46282521350002
PHF3	-0.170243136	0.344735963	0.250730355	-1.208763272	22.09638673	0.600793084426479	0.462513408446539
MSI2	0.754027394	0.345034639	0.25099636	1.21449856	20.835795	0.600332576699746	0.462137302690777
TRADD	0.165657538	0.345177016	0.251148728	1.207632918	20.85554049	0.600069017082293	0.461958129980844
PHF12	-0.292594036	0.345470029	0.251410759	-1.206925726	16.67678264	0.599616140833239	0.461589623556087
YJU2	0.31406364	0.345810014	0.251732411	1.206058418	19.76125663	0.599060864657183	0.461162434538177
IL18	-0.254268559	0.345810014	0.251755947	-1.205994989	20.4253022	0.599020261712661	0.461162434538177
WIPF2	-0.168979676	0.345843915	0.251829518	-1.20579675	19.98185265	0.598893365756459	0.46111986117417
TTI1	0.095334774	0.346000509	0.252011927	1.205305437	23.07372112	0.598578904822779	0.460923262317834
PPP2CA	-0.241087677	0.346000509	0.252041366	-1.20522617	20.08701588	0.59852817528507	0.460923262317834
NDUFB5	0.114018957	0.346045426	0.252123003	1.205006396	21.53535489	0.598387528697929	0.460866886854055
EXOC6B	-0.221943014	0.346329621	0.252379021	-1.204317533	21.38489418	0.597946748645827	0.460510362372848
AGPAT2	0.22955894	0.346587664	0.252616058	1.203680235	20.34921255	0.597539046183177	0.460186899071816
BCAS2	-0.139243491	0.346736203	0.252773339	-1.20325763	22.41386966	0.597268734724255	0.460000810947334
TMEM165	-0.144699997	0.34681212	0.252877709	-1.202977306	22.59593379	0.597089451734931	0.459905733695408
NMRK1	0.255703631	0.347392751	0.253350184	1.201709448	18.54306417	0.596278775959236	0.459179248161648
TPD52L1	0.121225974	0.347491004	0.253470961	1.201468475	25.85013271	0.596071788598305	0.459056434134963
TPMT	0.099494344	0.347584035	0.253587956	1.201072107	23.31799412	0.595871376842951	0.458940179492168
GLMN	-0.271124729	0.347710309	0.253729236	-1.200915492	21.58146924	0.595629488229843	0.458782433057197
CARS1	0.084889254	0.34789274	0.253911538	1.200205513	24.57908123	0.595317563892404	0.458554634232685
PPP6R1	-0.17888648	0.347956637	0.254007361	-1.199949051	21.9059312	0.59515369757156	0.458474875263272
GDPD5	-0.207216533	0.348467383	0.254429465	-1.198820245	18.25791394	0.594432595280259	0.457837866191638
SF3B1	-0.08692102	0.348534093	0.254527442	-1.198558441	27.80270902	0.59426538713201	0.4577547335557
PPIAL4C	-0.160411811	0.348837444	0.254798286	-1.197835136	22.00104284	0.593803497777997	0.457376904330676
POLE2	-0.481593924	0.34897376	0.254947186	-1.197947981	16.75457379	0.593549777230207	0.457207227240343
IKBKE	0.312585735	0.349170422	0.255140219	1.196922846	17.22275074	0.593221076031528	0.456962552212287
MTUS1	0.145037155	0.349607093	0.255508718	1.195940754	20.98180445	0.592594277076431	0.45641976476901
DMXL2	0.318797039	0.350567508	0.25626019	1.193941448	19.06975824	0.591318856188748	0.455228338528083
PPHLN1	-0.408345888	0.351335079	0.25687094	-1.198434609	23.27389322	0.590285025011606	0.454278485973541
AFAP1	0.082958399	0.351368735	0.256945217	1.192122932	23.74478933	0.590159462235825	0.454236884904064
PTPN12	0.250453073	0.351644364	0.257196486	1.191456854	21.59992688	0.589734969345151	0.453896338874249
CEP135	-0.167879092	0.351669816	0.257264814	-1.191275813	20.68022856	0.589619608001027	0.453864905800745
GDAP2	-0.156155555	0.351760972	0.257383705	-1.190960895	21.70736287	0.58941895180846	0.453752347326793
DDRGK1	0.100535387	0.351760972	0.257430952	1.190835779	23.59274185	0.589339237250356	0.453752347326793
SNX16	0.387400659	0.353373853	0.258661268	1.187584068	17.37023363	0.587268597774402	0.451765588156698
KARS1	0.067403559	0.353685484	0.258939373	1.186850722	26.58580303	0.586801907940792	0.451382764183175
ELP2	0.10395746	0.353687135	0.25899058	1.186715761	23.1624829	0.586716031781368	0.45138073690598
PDXP	0.193560002	0.35374922	0.259086048	1.186464197	20.6258585	0.58655597350494	0.451304509065023
WDR70	-0.119718345	0.354272815	0.259519611	-1.185322659	22.24666405	0.585829818442582	0.450662171822778
RAB4A	0.116966985	0.354299917	0.259589549	1.185138657	22.10468332	0.585712796089676	0.450628949406722
TUBGCP6	0.18545939	0.355257404	0.260341303	1.1831633	19.3862317	0.584456925851538	0.449456862076535
ESRRA	-0.354757675	0.355680963	0.260731483	-1.182139801	18.69466295	0.583806525150627	0.448939378798762
CSNK2A2	0.079681529	0.355680963	0.260752258	1.182085338	23.79580395	0.58377192208573	0.448939378798762
TBC1D9B	-0.143134223	0.356419806	0.261344294	-1.180534727	21.7502407	0.582786977530516	0.44803817052318
STK17B	-0.289116196	0.356425231	0.261398657	-1.180392481	19.57968726	0.582696648044639	0.448031560257436
AFG1L	-0.229712971	0.35725508	0.262057762	-1.17866972	17.362369	0.58160297221842	0.447021587028854
CASP9	0.202798531	0.357433156	0.262238914	1.17819682	19.51179075	0.581302862297005	0.446805164197571
SFSWAP	-0.238628676	0.357651585	0.262449728	-1.17764681	20.45452046	0.580953872993613	0.44653984595793
ZNF598	-0.135008898	0.358032273	0.262779695	-1.176786625	23.07780816	0.580408195771859	0.446077824322339
ACACA	-0.061715767	0.358056874	0.262848367	-1.176607712	24.16441511	0.580294716781725	0.446047984242795
PIK3R1	-0.409103989	0.358213195	0.263013759	-1.177816718	21.2322493	0.580021531732762	0.445858420692057
TCEA1	-0.077083367	0.358376399	0.263218051	-1.175645188	26.15722225	0.5796843309362	0.445660598679448
NCL	-0.061672642	0.358376399	0.263234912	-1.175601313	29.83089421	0.579656512157405	0.445660598679448
HK1	0.096565258	0.358505211	0.263399244	1.175173813	25.91633695	0.579385475870437	0.445504527326453
ZMYND8	-0.257627638	0.358505211	0.263458489	-1.175019741	21.38254326	0.57928780329176	0.445504527326453
CASTOR1	0.17017443	0.358505211	0.263481566	1.174959736	18.00775387	0.57924976399803	0.445504527326453
R3HCC1L	-0.196578677	0.358888459	0.263813965	-1.174095865	18.51370106	0.578702218789981	0.445040507320716
SCAMP4	0.393030944	0.359137657	0.264047915	1.173699689	19.34984256	0.578317257478913	0.444739054996811
MAEA	-0.318910696	0.359388013	0.264282789	-1.172878885	19.14182873	0.577931118690877	0.44443641241005
DHRS13	-0.244467746	0.359990376	0.264776637	-1.171598769	19.87961474	0.577120338226335	0.443709109527054
AFTPH	-0.187571199	0.361760947	0.266169569	-1.167998123	18.54547686	0.574841598639102	0.44157831812251
RNASEH1	0.288831233	0.361760947	0.266181188	1.167968151	18.62780773	0.574822640959341	0.44157831812251
NAAA	0.582214421	0.362923897	0.267190791	1.16697575	18.22675803	0.573178514335732	0.440184434407485
LAMC2	0.151172575	0.362923897	0.267120027	1.165549672	23.4943389	0.573293550055998	0.440184434407485
LAMB1	-0.096136135	0.362923897	0.267182874	-1.165388013	24.96051352	0.573191382894341	0.440184434407485
TUSC2	0.170648914	0.363258681	0.267488616	1.164601984	20.26704194	0.572694696310364	0.439783998322855
NEPRO	-0.159420777	0.36361548	0.267802749	-1.163795111	21.40904631	0.572184969260518	0.439357636078582
PAM16	0.164793177	0.363716309	0.267979842	1.163820525	24.26137245	0.571897873275032	0.439237224791028
AP2S1	0.13324214	0.363716309	0.267975743	1.163351079	22.72469056	0.571904516262366	0.439237224791028
SETD3	-0.086663949	0.364071714	0.268293165	-1.162536918	22.54713628	0.57139039121399	0.43881306160688
MBNL1	0.089431221	0.364294521	0.268508854	1.161984118	23.85334004	0.571041388996291	0.438547360510377
FAM83G	-0.202882055	0.364555875	0.268753023	-1.161358744	21.77655784	0.570646641997882	0.43823589849976
SMIM12	-0.162939829	0.3646154	0.268848448	-1.161114457	20.69300879	0.57049246626137	0.43816499230809
NIP7	-0.262549469	0.365082914	0.269296387	-1.160665262	22.33608117	0.569769473237168	0.437608491698732
ITGA5	-0.262172393	0.365082914	0.269253751	-1.160077642	21.025674	0.569838237789482	0.437608491698732
CPQ	0.203940493	0.365092582	0.269355129	1.159818494	18.52474061	0.569674750301097	0.437596991014104
EEF1B2	-0.134652177	0.365453015	0.269672708	-1.159702576	27.40659673	0.56916300373159	0.437168450820748
RBM25	-0.074143086	0.365659834	0.269877014	-1.158485623	25.26283319	0.5688341036542	0.436922742232884
APOOL	0.091436836	0.365730998	0.269981237	1.158219682	23.29427856	0.568666417139209	0.436838228915912
CC2D1B	-0.141205799	0.365765763	0.270072981	-1.15798565	21.54997278	0.568518861904927	0.436796948493414
RNF2	-0.18189425	0.365765763	0.270110312	-1.157890438	21.10979051	0.568458835437838	0.436796948493414
ZNFX1	0.362732345	0.366068328	0.270385498	1.157188901	18.97777602	0.568016605287622	0.43643784437673
MSMO1	-0.253982633	0.366295414	0.270605009	-1.156629694	17.03202989	0.567664168710583	0.436168518646298
RB1CC1	-0.120158053	0.366472998	0.270788007	-1.156163776	21.38640446	0.567370574141472	0.435958018980862
NCCRP1	-0.867672631	0.366977441	0.271212619	-1.160951737	20.97950186	0.566690107450366	0.435360632070367
BTC	0.289326531	0.367132664	0.271389151	1.15463496	17.96561205	0.56640751760115	0.43517697435224
NOL11	-0.116099656	0.367132664	0.271431133	-1.15452829	23.25546047	0.566340340483739	0.43517697435224
STK4	0.117631533	0.367195821	0.271529734	1.154277809	22.59075869	0.566182605835504	0.435102270082362
KANSL1	-0.290275723	0.369876948	0.27357883	-1.14908832	17.16504281	0.562917512105054	0.431942734562847
TMEM223	0.171159062	0.369876948	0.273616917	1.148992149	20.9115962	0.562857054858996	0.431942734562847
PSMD4	-0.072890229	0.369925752	0.273705313	-1.14876898	25.50385333	0.562716772249404	0.431885434669442
CIRBP	-0.134172843	0.370105575	0.273924756	-1.148300146	24.67305698	0.56236871652899	0.431674372960816
ENO2	0.105084799	0.370105575	0.273943002	1.148169183	23.882575	0.562339789339886	0.431674372960816
NUDCD1	0.06631569	0.370490033	0.274279941	1.147319618	25.3515371	0.561805952627172	0.431223471008068
SH3RF1	-0.496974743	0.370951342	0.274673895	-1.148312285	20.38325603	0.561182613954681	0.430683053422109
TWF1	0.084178836	0.371000462	0.274783492	1.146051461	26.59948459	0.561009361673101	0.430625549565747
EMC3	-0.147206365	0.371000462	0.274815157	-1.145971773	22.67444453	0.560959318119284	0.430625549565747
CDC25B	0.600775404	0.37110207	0.274942882	1.147585732	18.68178505	0.560757519292294	0.430506623158438
LSM12	-0.401388816	0.371377908	0.275252244	-1.146999523	21.58379224	0.56026913174642	0.43018393451939
NUP37	0.117741608	0.371377908	0.275246226	1.14488768	22.88493579	0.560278627083227	0.43018393451939
WWTR1	-0.163009998	0.37223578	0.275940689	-1.143143935	21.97221249	0.55918425564526	0.429181884000209
C18orf25	0.126707907	0.372925002	0.27650433	1.141731162	21.58651339	0.558298063345241	0.428378499270379
CCDC137	-0.127706382	0.373340635	0.276865277	-1.140827614	21.0632162	0.557731507789577	0.427894738185555
NRDE2	0.200333514	0.373603978	0.277113383	1.140207064	17.13254287	0.557342499758361	0.427588508206796
CDC123	-0.394635254	0.37449911	0.27783027	-1.139947494	21.23257641	0.556220439023895	0.426549210067447
RAB24	0.769996171	0.374547586	0.278013643	1.142551747	18.7759876	0.555933891368855	0.426492997659205
MED12	-0.262316873	0.374547586	0.277950511	-1.138314617	21.65432649	0.556032523193055	0.426492997659205
MT-ATP6	-0.101752498	0.374547586	0.278025074	-1.137930465	22.06016811	0.55591603498558	0.426492997659205
SPG11	0.829552054	0.375063301	0.278460907	1.141743925	18.33144949	0.555235766615507	0.425895428392388
PLEKHA4	-0.236167915	0.376191882	0.279351987	-1.134627272	19.74548128	0.553848235203883	0.424590580504524
PNISR	-0.170698979	0.376298491	0.279484347	-1.13429844	19.2994673	0.553642510503457	0.424467523247202
CCDC97	-0.134046683	0.377137288	0.280160651	-1.132620118	20.65918522	0.552592862103793	0.423500526273626
NUMA1	-0.05751553	0.377195545	0.28025725	-1.132380653	28.01878816	0.552443143784667	0.423433445291397
COG6	-0.178085465	0.377545514	0.280570649	-1.131604184	19.85870604	0.55195776325797	0.423030685657167
WDR61	0.080644464	0.377762779	0.280785509	1.131072235	23.55002065	0.551625309376032	0.422780835379903
CDC73	-0.08430273	0.378229651	0.281185996	-1.130081551	25.46708731	0.551006312426646	0.422244428000449
USP38	0.132378006	0.378479741	0.281425422	1.129489801	20.64788706	0.550636674009883	0.421957362154348
SNF8	-0.201611597	0.378562909	0.281540778	-1.129204834	21.88465394	0.550458693609086	0.421861939779885
TSEN34	-0.162076741	0.378595944	0.281618866	-1.129011982	21.99505688	0.550338254624931	0.421824043060691
ACLY	-0.046115461	0.378743336	0.281782044	-1.128609116	26.51950065	0.550086684896548	0.42165499984644
BRIX1	-0.125050744	0.379047907	0.282062226	-1.1279178	23.48467767	0.549655071016553	0.421305897074424
TXNL4A	-0.950809863	0.379916641	0.282762385	-1.131757496	19.62955416	0.548578363876027	0.420311683186023
NLRP13	0.256239882	0.380310098	0.283108987	1.125339696	17.91326403	0.548046344189967	0.419862143041071
TUSC3	-0.176024385	0.380425305	0.283248528	-1.12499657	21.10658922	0.547832338421806	0.419730602522353
NBAS	0.112778942	0.380864972	0.283629725	1.124059878	22.20271507	0.547248256115965	0.419228967393223
CRAT	0.307260129	0.380921311	0.283725528	1.123824618	18.9440251	0.54710158711299	0.419164729647265
ATR	-0.096404874	0.381432592	0.284160272	-1.122757804	23.2004238	0.546436640191884	0.418582200852124
KIF3A	0.091668787	0.382096493	0.28470888	1.121413363	24.98136864	0.545598987103637	0.417826948382613
SLC12A7	-0.107440042	0.382310603	0.284922463	-1.120890485	23.48968515	0.545273310071237	0.417583657093355
ANO10	-0.14910737	0.382338108	0.28499701	-1.120708055	21.71659514	0.54515969629785	0.41755241328281
UBE2D1	0.111439483	0.382355299	0.285108732	1.120434718	21.28829785	0.54498948138804	0.417532886616642
SCAP	-0.159199305	0.382355299	0.285117925	-1.120412231	20.39677047	0.544975478292522	0.417532886616642
KIAA1107	-0.2087051	0.382392114	0.285199434	-1.120212872	18.9455429	0.544851340709796	0.41749107267627
NEK4	-0.177628014	0.382404682	0.285262865	-1.120057757	17.66988569	0.544754760327732	0.417476799046784
FNDC10	0.386513596	0.382587788	0.28545354	1.119663055	17.54677328	0.544464566800115	0.41726889653783
TIA1	-0.239064544	0.383117257	0.285902742	-1.119140107	22.51738226	0.543781679445233	0.416668285367277
TOLLIP	0.130359705	0.384290637	0.286832706	1.11622726	21.35505838	0.542371329902811	0.415340196719024
DOCK9	0.188879696	0.384594277	0.287113709	1.115543292	20.78007063	0.541946070474892	0.414997182619152
TMEM199	-0.130175921	0.385337691	0.287724987	-1.114057191	21.78901384	0.541022420886852	0.414158509303267
DVL1	0.177960823	0.385337691	0.287777639	1.113929298	18.91689949	0.540942954792026	0.414158509303267
TLN2	-0.064548207	0.385531241	0.287976686	-1.113445976	26.56055087	0.540642670405336	0.413940423724126
CERS4	0.340978574	0.385730898	0.28818035	1.112951707	16.51767904	0.540335635518943	0.413715571677265
PLPP6	-0.699744643	0.385817962	0.288299936	-1.116839493	19.143886	0.540155454021261	0.413617557366329
LRBA	0.060167924	0.386833934	0.289113798	1.11068974	25.63412968	0.538931181064503	0.412475435564909
TMEM263	-0.196927166	0.386939943	0.289247727	-1.110365657	20.79302739	0.538730045186018	0.412356436654792
PPFIBP2	-0.336036329	0.387426649	0.28966632	-1.109353474	18.16776186	0.538101998025348	0.411810509802765
HMGXB4	-0.369870704	0.387738393	0.289954213	-1.108845657	19.47184173	0.537670576623096	0.411461193982443
NDUFAF5	-0.390800084	0.38774421	0.290013375	-1.108804113	19.46416507	0.537581972601909	0.411454678579024
DEGS1	-0.396380405	0.388037814	0.290320701	-1.108406267	20.2438531	0.537121996171291	0.411125950665234
B2M	0.158100921	0.388037814	0.290343349	1.108285983	24.39800178	0.537088118057324	0.411125950665234
EIF5A2	-0.15809731	0.388037814	0.290397539	-1.107588016	20.1753083	0.537007068423902	0.411125950665234
RPL13A	-0.109025725	0.388105061	0.290502728	-1.107334326	24.35148928	0.536849784961142	0.411050693899919
ZW10	-0.242331804	0.388202076	0.290630223	-1.108414921	23.15242032	0.536659224863789	0.410942146451691
MRPL4	0.126010134	0.388557337	0.290951119	1.106253702	23.14600218	0.536179968167801	0.410544885986967
CCDC91	0.190053167	0.388581188	0.291023909	1.106366082	23.10998359	0.53607133018857	0.41051822830019
ALDH1L1	-0.685723201	0.389018196	0.291406194	-1.110509698	21.40354619	0.535501221298246	0.41003008443888
PPP1R9B	-0.35183683	0.389795495	0.292160098	-1.103974053	20.93850407	0.534379098469275	0.409163184479421
USP6NL	0.243761064	0.389795495	0.292045748	1.103620961	17.55996582	0.534549112429183	0.409163184479421
ELOC	0.11745007	0.389795495	0.292115041	1.103454554	24.34749309	0.534446080632998	0.409163184479421
OXNAD1	-0.149542586	0.389795495	0.292208865	-1.103229284	22.39637314	0.534306612624238	0.409163184479421
TMEM39A	-0.295385206	0.389967018	0.292392574	-1.102788361	16.76859691	0.534033661508214	0.408972122476877
CLIC3	0.674382019	0.390159958	0.292592392	1.106607926	19.79390495	0.533736970607751	0.408757304167488
CIAO2B	0.11791581	0.39160471	0.293778602	1.099468502	23.40234212	0.531979840171884	0.407152093389052
PHKA1	0.234681183	0.39160471	0.293884489	1.099215368	19.35832539	0.531823335055238	0.407152093389052
PRPF18	0.24177918	0.39160471	0.293895207	1.099189749	18.68311546	0.531807496575994	0.407152093389052
EDRF1	-0.329067205	0.39160471	0.293897287	-1.099184779	19.11252757	0.5318044229317	0.407152093389052
NAA30	-0.246040957	0.392135536	0.294351102	-1.098284719	21.61027778	0.531134333924776	0.406563799399867
SMG7	-0.137586972	0.392943065	0.29501281	-1.096522289	22.89488242	0.530159125745475	0.405670371628651
SARDH	0.347047635	0.393615164	0.295573049	1.095371026	19.76403395	0.529335168396949	0.404928178750182
SLC9A6	0.154350004	0.393909784	0.295849969	1.094529204	19.69309975	0.528928471893576	0.404603231974712
ACAP2	0.14057111	0.393981014	0.295959162	1.094269557	23.40886834	0.528768211041161	0.404524706381803
ATP5MJ	-0.096822154	0.394674313	0.296535761	-1.092899675	23.50160881	0.527922925003078	0.403761138325484
PLEKHG3	-0.272595987	0.395473163	0.297191876	-1.09134333	20.28088142	0.526963066568911	0.402882982599843
LIN54	-0.135006532	0.395749401	0.297455409	-1.090718947	19.11593758	0.52657812935292	0.40257973380633
DHX15	0.058595245	0.395909307	0.29765697	1.090241674	27.24951067	0.526283943459623	0.402404288772591
FHL3	-0.115032942	0.395909307	0.297687532	-1.090169329	22.28221241	0.526239354459732	0.402404288772591
OTUB1	0.076502942	0.395938103	0.297765155	1.089985607	26.26634013	0.526126125511418	0.402372702020526
NECAP1	-0.135631941	0.396902199	0.298546311	-1.088138741	21.26380095	0.524988290827008	0.401316494917679
XIAP	0.493240534	0.397771919	0.299256736	1.088530858	20.28910277	0.523956065233312	0.400365879466507
SLC25A33	-0.235405821	0.398029344	0.299506672	-1.085873184	20.54095828	0.523593498548431	0.400084909163741
COA3	-0.097132083	0.398159937	0.299661225	-1.085509096	22.45461488	0.523369449440038	0.39994244098152
TAOK3	-0.63884379	0.398570001	0.300064494	-1.087368601	17.97470097	0.522785390686944	0.399495392264864
LSM14A	-0.087697181	0.398570001	0.300082531	-1.084517326	23.45809326	0.522759285851808	0.399495392264864
FAM222B	-0.245963959	0.398682578	0.300223649	-1.084185364	16.88926676	0.522555100814679	0.399372742124865
RWDD2B	-0.442953389	0.398899207	0.300499558	-1.084141436	18.01016514	0.522156162457588	0.399136827054077
RNF113A	-0.150226396	0.398899207	0.300478427	-1.08358633	21.04798538	0.522186702933046	0.399136827054077
RIPK1	-0.568736109	0.400246989	0.301628032	-1.086000589	22.31584916	0.520528299482658	0.397671926530721
PLGRKT	-0.291009923	0.400246989	0.301616793	-1.082002121	22.19989282	0.52054448208541	0.397671926530721
SPATA5L1	-0.113779835	0.400266364	0.301699216	-1.080721316	22.18146172	0.520425818387545	0.397650903881799
MLST8	0.823205496	0.400430848	0.301879801	1.085129544	18.43624091	0.520165944968669	0.397472473150442
SPG21	-0.158912883	0.400547351	0.302069922	-1.079853053	21.49982989	0.519892516566347	0.397346136102954
NHSL1	-0.166262895	0.400547351	0.302080876	-1.079827409	19.08910094	0.519876767975859	0.397346136102954
NFIB	-0.065610533	0.401615031	0.302942862	-1.077811634	23.76987875	0.518639275979905	0.396190041485053
POLR1D	0.214392237	0.401939271	0.303244259	1.077284711	22.24354895	0.518207412417603	0.395839559507409
RBBP8NL	-0.300901425	0.402352456	0.303612866	-1.076247795	18.9670415	0.517679828578893	0.395393343351585
THOP1	0.062093195	0.402801169	0.304008403	1.075325802	25.57157349	0.517114412029091	0.394909277717445
PSMD1	-0.05264482	0.403347821	0.304477999	-1.074232347	26.62426591	0.516444083189063	0.394320284897371
IFIT3	-0.161754692	0.403404288	0.304577651	-1.074000471	18.68376084	0.516301967065202	0.394259489750321
SC5D	0.417836284	0.403651766	0.304821563	1.073844168	18.70354627	0.515954314364335	0.39399314311274
SNIP1	-0.197054812	0.403770964	0.304968654	-1.073091211	20.82280732	0.515744797028387	0.393864915278406
FGFRL1	-0.497469472	0.404160377	0.305319912	-1.07334511	18.98384062	0.515244871463767	0.393446266015541
AVL9	0.1767812	0.405032317	0.306078248	1.070515663	20.61791134	0.514167533222784	0.392510323612897
FGD4	0.078906008	0.405032317	0.306093125	1.07048118	24.26947048	0.514146424757758	0.392510323612897
RRN3	-1.229094948	0.405221892	0.306293675	-1.075024374	19.86601988	0.513861971332376	0.39230710003937
GDPGP1	0.527398034	0.405718244	0.306726204	1.0704412	19.05259723	0.513249120116388	0.391775462864119
EZH2	0.177208491	0.406182179	0.307134361	1.068070757	19.52960069	0.51267159365817	0.391279134923688
CTU1	-0.212419203	0.406895947	0.307731597	-1.066690944	18.09221201	0.511827909348147	0.390516636035881
HDGFL2	-0.1014016	0.407081178	0.307929231	-1.066234787	25.9126157	0.511549082582886	0.390318977403727
GLB1	-0.116443387	0.407505868	0.308308087	-1.065360965	22.75205211	0.511015083468715	0.389866133128492
ASAH1	0.06445762	0.407861488	0.308664994	1.064538502	25.69867482	0.510512621488716	0.389487300661603
TXNL4B	-0.149198328	0.407861488	0.308692452	-1.064475258	20.2700638	0.510473989548762	0.389487300661603
COBLL1	-0.957516243	0.407947308	0.308815074	-1.069145459	19.10187882	0.510301508869847	0.389395928387224
HMBS	-0.262481057	0.407956405	0.3089373	-1.064494144	22.18019531	0.510129653348859	0.389386243967753
ADRM1	0.091676922	0.407956405	0.308920177	1.063950893	23.34694911	0.510153724998688	0.389386243967753
CABIN1	0.299424317	0.408224365	0.309197929	1.063311725	18.54946199	0.509763423637555	0.389101077843215
TMTC4	-0.100337114	0.408354714	0.309354384	-1.062951877	23.15312231	0.509543725018095	0.388962426600835
FBXO4	-0.186028958	0.410947477	0.311380906	-1.058303118	19.25350773	0.506708022060382	0.386213681546576
PTPN9	0.198760526	0.410947477	0.311434751	1.058179909	18.12077017	0.506632928937165	0.386213681546576
URM1	-0.155061154	0.411243855	0.311752568	-1.057452995	22.20029449	0.506189960419953	0.385900578426845
COPS5	0.062986285	0.411243855	0.311780343	1.057389494	24.41121915	0.506151269505553	0.385900578426845
STK38	0.109873713	0.411243855	0.311833763	1.057267375	21.84918033	0.506076864481494	0.385900578426845
ANKFY1	-0.09179456	0.411718659	0.312251994	-1.056311824	24.03614509	0.50549477959776	0.385399450425126
PLSCR1	-0.565456006	0.411879649	0.312432315	-1.060774667	21.82150518	0.505244053218633	0.385229666031805
PPIF	0.104678494	0.412310074	0.312817101	1.055022214	23.85931331	0.504709513070865	0.384776053922479
SMUG1	0.364029466	0.41304586	0.313433726	1.053680086	17.65997476	0.503854274530969	0.384001726456837
USP16	-0.341052866	0.413830235	0.314087437	-1.052699236	20.48833491	0.502949434345498	0.383177782365383
RPS17	-0.081315014	0.414267008	0.3144775	-1.051243102	27.33825381	0.502410421682626	0.382719652301703
MORC3	-0.204089595	0.41431056	0.314569129	-1.051034984	21.07830023	0.502283900157737	0.382673997207904
CNPY2	-0.095562615	0.415242187	0.31534876	-1.049266034	24.89487613	0.501208872380242	0.381698530278636
FAM114A1	0.093268201	0.415242187	0.315393874	1.049163771	22.13554243	0.501146746371205	0.381698530278636
NDUFAF7	0.189513	0.415436939	0.315600524	1.048695486	20.95540045	0.500862284391262	0.38149489034634
EDEM2	0.741864537	0.415714169	0.315869898	1.052051686	18.44250517	0.500491759835278	0.381205172959154
COX7C	-0.175064465	0.416127708	0.31624294	-1.047241178	22.55950676	0.499979161162424	0.380773365603662
GATB	-0.238913086	0.416226387	0.316376772	-1.046938485	19.70880634	0.499795409379587	0.380670390810511
RCHY1	-0.241396326	0.417362807	0.317299573	-1.04485393	19.19491715	0.498530512342918	0.379486255400807
PEX3	-0.165883281	0.417364467	0.317359835	-1.044717959	20.07511995	0.498448038329873	0.379484528060962
ZNF350	0.090125509	0.417924495	0.317844753	1.043647163	27.81713778	0.497784953533368	0.378902173648012
LRCH4	0.140088944	0.41840593	0.318270047	1.042666537	17.62604382	0.497204231736273	0.378402168911271
PFDN1	-0.095187345	0.418487001	0.318390873	-1.042394548	24.75922107	0.49703939025142	0.378318027471552
PHC2	-0.695669079	0.418851118	0.318727109	-1.045359136	18.15734982	0.496580996493593	0.377940320998512
SLC39A9	-0.93723508	0.419339404	0.319217231	-1.045268692	18.42997702	0.495913673943354	0.377434326397492
HEATR5B	-0.120769424	0.419339404	0.319180391	-1.040619167	21.15174682	0.495963797590998	0.377434326397492
TP53RK	-0.077519941	0.419368921	0.319298984	-1.04035277	23.35068958	0.495802463370657	0.377403757796119
MICAL3	0.132770878	0.420139875	0.319945364	1.038902082	22.77756565	0.494924178365042	0.376606098108168
TRAPPC5	-0.163645615	0.420889046	0.320576714	-1.037487223	21.68613991	0.494068027049214	0.375832376992914
CLDND1	-0.215964763	0.420889046	0.32063487	-1.037356999	21.0264653	0.493989248591092	0.375832376992914
CCDC14	-0.709994202	0.420992544	0.320773228	-1.04084361	18.36113801	0.4938018854535	0.375725595680558
WASF2	0.085439141	0.421947935	0.321560831	1.035285917	24.0459515	0.49273685767408	0.374741134197531
NHLRC2	0.38299687	0.422600366	0.322117779	1.038077029	22.68376919	0.491985304026927	0.374070131155661
RPTOR	0.198824077	0.422741354	0.322285005	1.033669241	20.66149381	0.491759900498376	0.373925265926527
ARHGEF12	-0.360637824	0.42277504	0.322393502	-1.033572846	18.16051355	0.49161372019816	0.373890660698221
RIOK3	0.138712502	0.42277504	0.322465095	1.033267616	22.92075569	0.491517288375384	0.373890660698221
CYB561	-0.225794859	0.42277504	0.322489979	-1.033212135	19.87313229	0.491483776013582	0.373890660698221
ZNF512B	0.475019107	0.422960549	0.322691275	1.037424911	23.40139888	0.49121277699021	0.373700138891209
TNFRSF10A	-0.112772996	0.423329809	0.32303284	-1.032002557	20.17517009	0.490753324400162	0.373321149365809
TRANK1	-0.179264958	0.423338098	0.32309901	-1.032017412	22.91929571	0.490664372691721	0.373312645755525
BBS4	-0.288575375	0.423869146	0.323564233	-1.030819985	19.04016293	0.49003949160006	0.372768195155357
AKT1S1	0.536531555	0.423968152	0.32385598	1.032759895	19.88023243	0.48964807928934	0.372666765884028
ENC1	-0.496178756	0.423968152	0.323788566	-1.031569641	18.90699734	0.489738491625828	0.372666765884028
DYM	-0.158974419	0.423968152	0.323716755	-1.030541139	23.11016795	0.489834821710405	0.372666765884028
OSTC	-0.197211512	0.423968152	0.323879544	-1.030118964	21.6570419	0.489616480852025	0.372666765884028
BICD1	0.355824893	0.424877894	0.32463458	1.028586545	18.33527483	0.488605221098499	0.371735864258957
PPME1	0.103498338	0.4254841	0.325157908	1.027281962	24.13671706	0.487905679272569	0.371116664513079
ZNF35	-0.166610542	0.425570202	0.325283868	-1.027002873	19.49139579	0.487737474413525	0.371028788513814
CPVL	0.251829373	0.425648919	0.325404206	1.026880021	21.10422486	0.487576837905657	0.370948465226928
MKNK1	-0.097561928	0.425789368	0.325659124	-1.026171886	22.9993083	0.487236749679846	0.370805187135789
PURB	0.087780336	0.425789368	0.325669231	1.026149514	24.08312783	0.487223271334261	0.370805187135789
SPTBN1	-0.068629239	0.425789368	0.32569215	-1.026098786	27.40508918	0.487192708898338	0.370805187135789
ZFAND2B	-0.299331272	0.426431122	0.326243318	-1.025039624	20.47965422	0.486458374628211	0.370151106937314
ADAM15	0.332717424	0.426702255	0.326511069	1.02444773	19.73861374	0.486102091190944	0.369875062011865
C1orf50	0.178281289	0.427166612	0.326926779	1.02336993	19.91647139	0.485549504333657	0.369402699778252
LPCAT1	0.118119387	0.427359894	0.327135118	1.022910194	22.23427421	0.48527283179994	0.369206237042706
SYNJ1	-0.161230344	0.427439877	0.327256768	-1.022641853	17.18073368	0.48511136303646	0.369124963797612
NAA20	-0.090901742	0.427586487	0.32742946	-1.022261046	22.80546124	0.484882248137747	0.368976028238905
MLF2	-0.16609558	0.427641454	0.327581289	-1.021926365	20.70711724	0.484680912516387	0.368920202502454
SIGIRR	0.222777217	0.427641454	0.327626549	1.02182662	21.13880011	0.484620912720468	0.368920202502454
ZFHX3	-0.115519495	0.427641454	0.32765291	-1.02176853	21.90992349	0.484585970569646	0.368920202502454
VPS33A	0.078806561	0.427720266	0.327773758	1.021502266	23.36157421	0.484425819563572	0.368840171759894
STYX	0.128779305	0.428457054	0.328398947	1.020125944	18.3727337	0.483598244100778	0.368092702668513
TBC1D23	-0.083849227	0.429157489	0.329051702	-1.018690987	22.64558666	0.482735858496271	0.367383304429988
MECP2	-0.291625358	0.429157489	0.329057142	-1.018679038	19.63733485	0.482728678644478	0.367383304429988
BRAWNIN	-0.205049568	0.429425634	0.329323447	-1.018094225	20.92514922	0.482377347513995	0.367112034486481
RAVER1	-0.472654542	0.429587922	0.329508633	-1.022214069	23.64177541	0.482133202571801	0.366947937463272
FKBP2	0.093389691	0.430292057	0.330109555	1.016369932	23.8721563	0.481341904861697	0.366236670726435
DNMT3B	-0.078634969	0.43121415	0.33087792	-1.014687466	24.46653396	0.480332213021789	0.36530699650849
ASDURF	-0.178671222	0.431445897	0.331116734	-1.014165126	21.55068106	0.480018870289264	0.365073656744886
NOSTRIN	0.228590811	0.43178414	0.331437359	1.01346428	21.01165951	0.479598540294775	0.364733313916986
NXF1	-0.071141341	0.433945183	0.333157519	-1.009712678	24.20793575	0.477350380734851	0.362565128146965
WDR47	0.160749019	0.433975246	0.333241948	1.009528907	17.60296954	0.477240335481742	0.362535041990265
SLC15A4	-0.393613271	0.434519881	0.333721588	-1.008848116	18.39608737	0.476615698511455	0.361990348073618
FDX2	0.331617547	0.434772227	0.333976856	1.0080855	19.59822633	0.476283627978106	0.361738206181612
ATXN7	-0.182642234	0.434992272	0.334207379	-1.00742993	17.45619933	0.475983965503059	0.361518458580004
SIPA1L3	0.183794869	0.435931137	0.33499034	1.005730918	21.98716449	0.474967716381613	0.360582109774848
NOC3L	0.069046483	0.436244655	0.33529293	1.005075079	24.36364884	0.474575604025277	0.360269881106062
CDC42BPG	0.320788848	0.436345433	0.33543207	1.005293225	20.84722195	0.47439541770427	0.360169565207237
IRAK1	0.282425079	0.437105188	0.336077907	1.003375716	19.97971408	0.473560036127233	0.359414038840018
KIAA2013	-0.196169217	0.437466916	0.336417872	-1.002697759	22.09202316	0.473120940624397	0.35905478548037
HSP90AA1	-0.039442497	0.437698726	0.336658011	-1.002121734	32.24581096	0.472811046748687	0.358824717476388
NAXD	0.166934938	0.438205983	0.337110116	1.001145532	20.10982608	0.472228214975139	0.358321697140109
GTF2F2	-0.095484448	0.438893589	0.337701132	-0.999870823	24.03957964	0.471467483573858	0.357640762928685
BAK1	-0.268955743	0.439220638	0.338014864	-0.999429161	21.13845035	0.471064201464233	0.357317261547629
GMFG	0.182414301	0.439596331	0.338366132	0.998438485	17.01150295	0.470613113190949	0.356945940982632
FAM171A2	0.366651673	0.439770622	0.338562455	0.998371181	19.50742659	0.470361204792932	0.356773786183595
DAGLB	-0.150412789	0.440185102	0.338943773	-0.997195971	17.45077815	0.469872340443373	0.35636466016677
PTPRG	-0.138983472	0.442436155	0.340739634	-0.993342846	21.00460352	0.467577347423082	0.35414939057449
SACM1L	-0.072174717	0.442629298	0.340975738	-0.992837369	24.83051355	0.467276521968159	0.353959843145731
ADAM17	-0.101328358	0.442629298	0.341031161	-0.99271875	21.5750471	0.467205936456022	0.353959843145731
EDEM3	0.125011539	0.442629298	0.341076096	0.992622589	19.67396064	0.467148716649687	0.353959843145731
SLC7A5	0.118382075	0.442825319	0.341289743	0.992165507	24.29655936	0.466876763656427	0.35376755584293
PELO	-0.101935182	0.442884072	0.34140712	-0.991914473	21.89964542	0.466727425973284	0.353709938516092
PKP2	0.090990937	0.442884072	0.341476221	0.991766719	23.50538569	0.46663953341157	0.353709938516092
ANXA13	0.161200647	0.442884072	0.341522846	0.991667034	20.90493199	0.466580239098507	0.353709938516092
EMC10	-0.117886629	0.442942113	0.341630219	-0.99143751	22.3570209	0.466443720639677	0.353653026931207
UCHL5	0.054129609	0.443425306	0.342083744	0.990468612	24.99156395	0.465867563227507	0.353179525604594
RYR1	0.173628677	0.443425306	0.342190945	0.990239726	20.4081376	0.465731486871377	0.353179525604594
PTPN20	0.173628677	0.443425306	0.342190945	0.990239726	20.4081376	0.465731486871377	0.353179525604594
PDCD2L	0.213004305	0.443769132	0.342519007	0.990043762	22.72262168	0.465315323715553	0.352842910009152
HTRA1	0.144642701	0.444172243	0.342892934	0.988742191	17.09493334	0.464841464305959	0.352448584663243
IKBKG	-0.15385668	0.444208293	0.342983559	-0.988549025	22.79099929	0.4647266974695	0.352413337794482
UPF1	0.052780621	0.444505515	0.343275887	0.987926182	26.34282991	0.464356701994101	0.35212284634909
LANCL2	0.155679311	0.44470539	0.343493109	0.987463613	21.36699194	0.464081971132215	0.351927606703367
RABGEF1	-0.434109522	0.444989524	0.34377548	-0.987694145	19.32148804	0.463725102868446	0.351650213114678
FAM98B	0.083181626	0.445207592	0.344006884	0.986370378	24.34771773	0.463432866575855	0.351437438372384
ABCB7	0.114714143	0.445879894	0.344589395	0.985132312	22.98999078	0.462698092424414	0.350782110789491
NDUFB11	0.076588292	0.446087478	0.344829927	0.984621528	23.77685557	0.462395049787731	0.350579967549303
THEM6	-0.119665474	0.446087478	0.344875942	-0.984523841	22.14057824	0.462337100271821	0.350579967549303
COPB2	-0.036473492	0.446848142	0.345527189	-0.983142302	27.17748767	0.461517772984201	0.34984004352725
PRPSAP1	0.088154562	0.447794795	0.346322494	0.98145771	22.18409079	0.460519299663894	0.348920958805036
CDC42EP2	-0.298179524	0.447912768	0.346491009	-0.981101125	18.93700218	0.46030803029416	0.348806557575603
TANC1	0.108203972	0.447912768	0.34654037	0.980996698	20.97015141	0.4602461652456	0.348806557575603
RIC8A	-0.07419737	0.448161121	0.346795869	-0.980456346	23.96895545	0.45992608444032	0.348565822204224
STAT5B	0.533746739	0.449237914	0.347692618	0.980519655	19.001231	0.458804529897411	0.347523598033599
SDAD1	-0.153124856	0.449974914	0.348340328	-0.977687985	23.90897896	0.457996243560713	0.346811697369226
CCDC43	-0.055201614	0.449974914	0.348440512	-0.976984951	23.79059096	0.45787135677802	0.346811697369226
CSNK1G1	-0.237718425	0.449974914	0.348453856	-0.976956834	20.85715579	0.457854725202753	0.346811697369226
ARHGAP17	0.296143866	0.450370167	0.348823599	0.976544436	20.72220528	0.457394141374834	0.346430385333417
ZC3H18	-0.171579679	0.450512695	0.348997677	-0.9761749	23.23898288	0.457177463784198	0.346292966525614
RPN1	0.039447273	0.451071029	0.349493965	0.974767593	28.59337392	0.456560319173886	0.345755065497008
EWSR1	0.06953876	0.451744771	0.350079846	0.973536482	25.95834038	0.455832890728629	0.345106865748744
FBXO30	0.209709482	0.452135438	0.350446509	0.972766767	17.82567052	0.455378261916955	0.344731451990953
LAS1L	-0.101003431	0.453260956	0.351382964	-0.970803543	24.51426635	0.454219298105789	0.343651689553827
CYB5B	-0.156629796	0.45334795	0.35151449	-0.970528105	21.0089998	0.454056767949026	0.343568343771484
PINX1	-0.373233737	0.453394178	0.351614428	-0.970804052	19.34980102	0.453933312573735	0.343524060915958
PACS1	-0.085565792	0.454003366	0.352151042	-0.969196111	21.85128219	0.453271022210793	0.342940927253453
LRCH3	-0.190531509	0.454789233	0.352824895	-0.967787941	21.53881103	0.45244077903998	0.342189825655451
RBP4	-0.607702636	0.454848275	0.352934999	-0.971655286	20.86700526	0.452305272445088	0.342133448000372
PFAS	-0.093368989	0.455001267	0.353118031	-0.967175969	23.54304293	0.452080105818745	0.341987394001476
MTX2	-0.214929743	0.45610387	0.354038217	-0.965737554	22.75518602	0.450949855103111	0.34093624279411
SLK	0.110281539	0.456409797	0.354340204	0.964628385	23.7662857	0.450579569132326	0.340645041866939
C14orf119	0.149409252	0.456699251	0.354629486	0.964026306	19.81337569	0.450225157413297	0.340369700647945
HSDL1	-0.134773779	0.456743131	0.354728126	-0.963821088	19.88471636	0.450104375434655	0.34032797531911
MED11	0.142798503	0.456882884	0.354901251	0.963461004	19.63952165	0.44989246979459	0.340195111420301
GALNT7	0.057386279	0.457085146	0.35512298	0.963000012	24.85789457	0.44962122360297	0.340002891847954
A1CF	-0.285539625	0.45751487	0.355521521	-0.962171931	17.27282904	0.449134104727036	0.33959478606967
WDR73	-0.159788659	0.458098548	0.356039838	-0.961095975	19.96446896	0.448501405241763	0.339041084771804
MTMR1	-0.076457955	0.458305119	0.356265175	-0.960628555	23.03078795	0.448226627956339	0.338845291912889
TRUB1	0.126669245	0.458574012	0.356539025	0.960060787	21.59598342	0.447892927482294	0.338590560955401
RHOT1	0.124228345	0.459170268	0.357067521	0.958965946	21.18371521	0.447249651604969	0.338026240953239
BCCIP	0.062071938	0.459623381	0.357484852	0.958102214	24.46193299	0.446742356190711	0.337597886900627
DIPK1A	-0.179673394	0.459666154	0.3575831	-0.957898979	20.96203565	0.446623014904593	0.337557472913128
JTB	-0.239876945	0.460165573	0.358036658	-0.956961268	20.46675897	0.446072505333564	0.337085875922496
C19orf47	-0.162804632	0.460305147	0.358212012	-0.956598957	22.51269322	0.445859854953072	0.336954168922665
ARPIN	-0.3456967	0.460305147	0.358441778	-0.956264013	18.65538714	0.44558137708624	0.336954168922665
POMGNT1	0.143647989	0.460305147	0.358385542	0.95624054	16.65927996	0.445649518977189	0.336954168922665
EXOG	-0.123534478	0.460305147	0.358428785	-0.956151244	19.35698617	0.445597119923219	0.336954168922665
ZNF148	0.085351503	0.460305147	0.358470605	0.956064894	23.32433832	0.445546451180834	0.336954168922665
FECH	0.270139267	0.4606527	0.358806386	0.955371823	19.37017735	0.445139836029615	0.336626378985859
TMED1	-0.082948226	0.460836351	0.359014579	-0.954942335	22.96945129	0.444887915068777	0.336453270869457
FBLIM1	-0.129760612	0.460838246	0.3590812	-0.955275183	24.94186886	0.444807332133721	0.336451485015651
NR2F6	-0.300203053	0.4610979	0.359411779	-0.954593026	20.99589007	0.444407693863452	0.336206855704012
POLR1H	0.155887627	0.4610979	0.359413885	0.954119088	18.50109047	0.444405149090151	0.336206855704012
COL1A2	-0.175331559	0.461329679	0.359659765	-0.953612482	18.11590225	0.444108143821296	0.335988604764575
RAB3IP	-0.962779762	0.463124899	0.361124815	-0.954558041	18.51413983	0.44234266763165	0.334301869389142
ZNF595	0.179395045	0.463293741	0.361321964	0.950194169	17.50007831	0.442105637784119	0.334143566983384
IMPA1	0.056406251	0.463703803	0.36170732	0.949403279	24.49817314	0.44164270217717	0.333759342285904
RPS28	-0.082603741	0.463756457	0.36181395	-0.949184542	25.56642817	0.441514692613773	0.333710030541431
PPID	0.046434431	0.46384306	0.361947087	0.948911495	26.41366099	0.441354914283265	0.333628936913338
HBS1L	-0.060204156	0.463972069	0.362113344	-0.948570621	24.39865392	0.441155470988602	0.333508163075047
GBP2	-0.12722425	0.464117466	0.362292429	-0.948203569	22.98290826	0.440940741532336	0.333372087593274
SF3B3	0.045521831	0.464312039	0.36250995	0.947757914	26.35406499	0.44068006862184	0.33319005550358
BAHD1	-0.223634617	0.465725578	0.363679402	-0.945365195	18.61531023	0.439281295731274	0.331869909631769
YIPF6	0.144501624	0.465932749	0.363907045	0.944900068	21.16917789	0.439009536678099	0.331676763236818
RIN2	0.159464931	0.466382804	0.364441231	0.943809413	17.11574258	0.43837249508316	0.331257470825345
SETD1A	0.158673562	0.466382804	0.364449927	0.943791666	18.17086613	0.438362132425379	0.331257470825345
RAB6D	0.143955946	0.466382804	0.364456338	0.943778583	20.82616366	0.438354492864417	0.331257470825345
MRPS6	-0.149511209	0.467201439	0.365162109	-0.942389993	22.98891178	0.437514293311764	0.330495828248403
FAM120B	-0.156441078	0.467472852	0.36544843	-0.94175607	20.14060245	0.437173899544959	0.330243605259786
MED30	-0.206044219	0.467472852	0.36550641	-0.941637991	20.4142412	0.437105002281446	0.330243605259786
DNAJC3	-0.122085027	0.467540679	0.365625535	-0.941395427	23.77949159	0.436963481093737	0.330180596777236
KATNB1	0.390352058	0.467726537	0.365903118	0.941287508	19.14474676	0.436633889708733	0.330007989198356
PPP1R7	0.082466243	0.467726537	0.365850018	0.940938484	23.65711182	0.436696919263087	0.330007989198356
TDP2	-0.173700086	0.468170877	0.366316908	-0.939988748	19.01906844	0.436143035248554	0.329595605486847
VPS13B	-0.407964943	0.469595824	0.36749823	-0.938043608	18.54235339	0.434744748288859	0.328275773817129
HMG20A	-0.666508488	0.469628976	0.367670927	-0.941091798	21.67387443	0.434540709926241	0.328245115063932
TOE1	-0.122178801	0.469628976	0.367681594	-0.937217627	20.98221403	0.434528110202689	0.328245115063932
CMSS1	-0.102665966	0.469628976	0.367764497	-0.93704952	22.95218362	0.434430198701013	0.328245115063932
TNFRSF1A	-0.295209376	0.469628976	0.367789727	-0.936998365	16.81687742	0.434400405520782	0.328245115063932
KPNB1	0.038674289	0.469869675	0.368044652	0.936481628	28.41904715	0.43409948855254	0.328022583079079
TUBGCP5	0.130843363	0.469893559	0.368129786	0.936309117	17.4902456	0.433999041634856	0.328000507966896
ELOVL1	0.089834339	0.471343558	0.369332392	0.933875214	21.32572959	0.432582601230843	0.326662424180672
PDPR	-0.224209704	0.471678494	0.369661517	-0.933259766	21.04848038	0.432195758581489	0.3263539247932
SKP1	-0.071303315	0.471819852	0.369838999	-0.932851583	25.95183222	0.431987295022507	0.32622378996023
CRELD2	-0.170693184	0.472438843	0.370405791	-0.931757045	22.36190001	0.431322232088147	0.325654402745523
FARP1	0.116291644	0.472438843	0.370482683	0.931552406	21.35400045	0.431232086883857	0.325654402745523
IARS2	0.054759218	0.472438843	0.370524555	0.931467948	25.84998404	0.431183005639753	0.325654402745523
C19orf12	0.117062584	0.472483067	0.37062603	0.931263298	20.89838226	0.431064082350159	0.325613751261039
TAB1	-0.080304977	0.473131555	0.371201601	-0.930103254	23.96982814	0.430390159328267	0.325018086182307
MRPL2	-0.087996659	0.473148997	0.371296566	-0.929911978	23.20569183	0.430279067402302	0.325002076206538
PAPSS1	-0.068833542	0.473148997	0.371349058	-0.929806264	24.94285527	0.430217673420447	0.325002076206538
PAXX	0.108658762	0.473498499	0.371690298	0.929119296	23.88903216	0.429818774874289	0.324681393380984
SNRPA1	-0.064880532	0.473532695	0.371784081	-0.928930574	25.08807736	0.429709209727828	0.324650029822521
SNX17	-0.127493709	0.473865447	0.37212076	-0.928253341	19.32070177	0.429316100733781	0.324344957737242
SPAST	-0.140708418	0.473865447	0.372238838	-0.928015928	19.11025904	0.429178316188779	0.324344957737242
AARS1	0.049379422	0.473865447	0.372246295	0.928000936	25.90004929	0.429169616125317	0.324344957737242
TMED8	0.163372986	0.47442013	0.372749093	0.926990594	21.31028191	0.428583404630365	0.323836891814017
HOXA5	0.214853949	0.474675718	0.373017008	0.926452624	19.87082479	0.428271365745871	0.323602984014383
TRIM4	0.065862342	0.474958873	0.373306663	0.925871307	28.14429826	0.427934258457546	0.323343994590802
AKT2	-0.067420051	0.475331603	0.373666814	-0.925148951	23.88028751	0.427515470886399	0.323003310148247
SDHD	-0.152848121	0.475992598	0.374253722	-0.923972832	19.62409649	0.426833871850578	0.322399800793687
KIAA1109	-0.151070919	0.476082951	0.374392064	-0.923695794	16.59900545	0.426673365589746	0.322317370760729
PRAF2	0.157747561	0.476837329	0.375085849	0.922747569	23.99880741	0.425869320325797	0.321629753384992
ECI2	0.141493856	0.476837329	0.375167582	0.922144096	20.08577944	0.425774695790771	0.321629753384992
EMC2	-0.0687034	0.476837329	0.375187528	-0.922104216	23.64414754	0.425751606888936	0.321629753384992
ACAT1	-0.126245516	0.477432195	0.375723074	-0.921472907	24.71144937	0.425132133115573	0.321088298275637
FOCAD	0.123198067	0.47835459	0.37651659	0.919450269	23.14106017	0.42421588324357	0.320250054455393
NCKAP1	-0.081651907	0.478442244	0.376677	-0.919130395	25.51855189	0.424030897126268	0.320170481347978
ICA1	0.143879519	0.478442244	0.37672981	0.919025108	18.82573944	0.423970013440795	0.320170481347978
COPB1	0.053214346	0.478442244	0.376788485	0.918908141	26.85484931	0.423902378112107	0.320170481347978
LRRC57	-0.099780709	0.478935251	0.377244447	-0.917999617	21.6615384	0.42337714427605	0.31972319646885
KLHL13	0.144077926	0.479504199	0.377760376	0.916972531	21.63160236	0.422783597994478	0.319207585376436
TANC2	0.107238379	0.479820373	0.378077291	0.916342116	21.43338472	0.422419407508063	0.318921315989617
ENPP4	-0.125179086	0.480370019	0.378578295	-0.915346262	18.28339056	0.421844289030291	0.318424105742853
NFYA	0.180257587	0.480615119	0.378839398	0.914827626	19.75917445	0.42154486218128	0.31820257145348
NAE1	0.054001068	0.480673974	0.378953739	0.914600586	24.23208228	0.421413803549821	0.318149392026083
CREBBP	0.169557947	0.481218567	0.379491621	0.913533188	20.48813308	0.42079780868454	0.317657624494944
RRP7A	-0.135315532	0.481218567	0.379519139	-0.913478609	21.81212076	0.420766317917378	0.317657624494944
STAT6	0.179219634	0.48146179	0.37977902	0.912963292	20.45311059	0.420469030515003	0.317438173857457
TADA1	0.157743577	0.481639397	0.379987203	0.912550665	18.67658173	0.420231029067579	0.317277996002912
FTSJ1	-0.139014149	0.482922835	0.381068033	-0.910410939	19.20883634	0.41899748175525	0.316122258505172
UEVLD	-0.075712162	0.483312687	0.381443982	-0.909667659	22.07028637	0.418569232531119	0.315771804443628
RLIM	-0.153542915	0.483418054	0.381595478	-0.909368285	17.20206237	0.41839678043357	0.315677134221786
TRIM21	0.730410427	0.484815486	0.382814002	0.910582274	18.85098639	0.417012185628414	0.314423516364599
CCT8	0.03410526	0.484815486	0.382835638	0.906920677	29.04520802	0.416987640732362	0.314423516364599
LARP4B	0.063426826	0.484903368	0.382973582	0.906648768	22.95316981	0.416831183178457	0.314344799388837
DUSP12	-0.235715819	0.484936651	0.383165052	-0.90638425	20.78537894	0.416614109237812	0.314314991125693
NLRP2	0.211271379	0.484936651	0.383189304	0.906223684	19.38391873	0.416586621928068	0.314314991125693
SF3B5	-0.090565531	0.484936651	0.383205524	-0.906191728	23.54484913	0.416568239088727	0.314314991125693
ADCK1	0.250020954	0.485022913	0.383342255	0.905922391	18.63709587	0.416413306751665	0.314237744378329
PYROXD2	-0.258598371	0.485101256	0.383472748	-0.905665402	18.42316982	0.416265494332366	0.314167600918849
NUP93	-0.061733516	0.485269489	0.383674336	-0.905268522	25.31385497	0.416037249814831	0.314017013806278
IMPACT	-0.296419911	0.485368443	0.383821186	-0.904987383	18.66124395	0.415871056935218	0.313928463431531
C4orf3	-0.142958536	0.485818453	0.384294602	-0.904048268	20.49613632	0.415335715816885	0.313525993269314
USP53	0.282622276	0.485818453	0.3843144	0.904009342	17.62062714	0.415313342510998	0.313525993269314
TFAP2B	-0.333288094	0.486053975	0.384569423	-0.903931276	19.76447759	0.415025249349439	0.313315500813674
MGST3	0.115997031	0.486124504	0.384693946	0.903263358	23.68639543	0.414884648212242	0.313252486961322
CADM4	0.116284817	0.486685988	0.385207075	0.902255632	20.42849644	0.41430574489838	0.312751157191628
ABRA	0.442519437	0.486782294	0.385352113	0.905552399	22.89256811	0.41414225530591	0.31266522698664
APLP1	-0.166083117	0.487322733	0.385848831	-0.900996604	17.40442514	0.413582811187044	0.312183328848182
PTPN11	-0.101236855	0.488120669	0.386549617	-0.899747719	25.45656293	0.412794752699633	0.311472802172214
RARS2	0.261720247	0.488298167	0.386759207	0.899500321	20.80387293	0.412559338904094	0.31131490599087
CACUL1	-0.259334566	0.488605867	0.387071993	-0.898733605	20.63026268	0.412208251376957	0.31104132248246
NRF1	-0.237673681	0.488626332	0.387157279	-0.898434109	19.92989967	0.412112571090321	0.31102313266722
TMEM30B	0.471545748	0.489066724	0.387575354	0.900610067	20.96812069	0.411643847622605	0.310631885481335
CLCN3	0.258516623	0.489253578	0.387792595	0.89719205	16.62883015	0.411400488143706	0.310465989584168
MIEF1	0.166431255	0.489596749	0.388176129	0.89644291	19.4164525	0.410971175187566	0.310161474637104
CLMN	0.106421471	0.489596749	0.38820302	0.896390404	23.40821484	0.410941090369001	0.310161474637104
EEF1G	-0.036170581	0.489847253	0.388470892	-0.89586751	29.00005866	0.410641517190936	0.309939323075514
RNF13	0.181607065	0.490663829	0.389187835	0.894469239	18.58129307	0.409840743108056	0.30921595637553
HDDC2	-0.103596788	0.491559743	0.38996795	-0.892949778	22.47154009	0.408971084537886	0.308423691507415
SENP8	0.122760343	0.491961262	0.390356031	0.892194677	21.2814784	0.408539106398469	0.308069093090339
INPP5B	0.135053679	0.492182269	0.390600969	0.891718359	18.96825902	0.408266683652284	0.307874035928143
PEX26	-0.208676931	0.492808153	0.391167342	-0.890617752	18.50751221	0.407637410993947	0.307322115832224
GPRIN1	0.166509125	0.49285446	0.391273769	0.89041106	21.28624155	0.407519266232735	0.307281309019988
ARHGEF11	-0.098371994	0.493094776	0.39153426	-0.890027115	25.54509144	0.407230230341763	0.307069598495817
RPF1	-0.125490209	0.494549905	0.392759594	-0.887529461	18.89744324	0.405873197579219	0.305789877226461
C2orf49	0.107083045	0.494685216	0.392936985	0.887185931	21.89378479	0.405677091510267	0.305671068624219
IWS1	-0.091041373	0.494794881	0.393094039	-0.886881874	22.21326487	0.405503541906279	0.305574802100623
CDIPT	-0.096535431	0.494906352	0.393252559	-0.886575062	20.98573784	0.405328442624667	0.305476972091358
HDAC3	-0.105135622	0.494945058	0.393353282	-0.88638016	20.73879113	0.40521722188091	0.305443007797212
CBLB	0.111971827	0.495312988	0.39371571	0.885679133	21.72167387	0.404817255694433	0.305120283883531
UBE2G1	-0.105447918	0.49554849	0.393972959	-0.885181817	21.22522801	0.404533585687376	0.304913842875834
PANK4	0.059669668	0.495715864	0.394176101	0.884789259	24.19496197	0.404309710646285	0.304767182492029
MICOS13	0.101884201	0.495891108	0.394385549	0.884384659	21.97765711	0.404079006774788	0.304613679128039
NR2C1	0.171011934	0.495965713	0.394514994	0.884134679	18.87177816	0.403936486275307	0.304548346029153
WBP4	-0.174316507	0.496593229	0.39508435	-0.88303582	18.617468	0.403310173161517	0.303999206303775
CBR1	-0.045302279	0.497524992	0.395895983	-0.881471242	27.32493999	0.402418904839825	0.303185098606542
ZBTB7A	-0.205866485	0.49766523	0.396077926	-0.881120813	18.12542204	0.402219360785625	0.303062700719968
LRCH1	0.179219857	0.498380419	0.396717577	0.879889695	19.72706673	0.401518557214283	0.302439029124377
RPP30	-0.101537894	0.498430585	0.396827969	-0.879677363	23.1331881	0.401397725745951	0.302395316089689
CEPT1	0.234336614	0.498889184	0.397263609	0.878839835	19.56670636	0.400921216304677	0.301995911534932
PHB2	0.072476876	0.499838173	0.398089944	0.877252909	27.86795638	0.400018792826526	0.301170579561725
TXNRD2	-0.258695318	0.500102393	0.398371075	-0.877113601	21.44048977	0.399712202436915	0.300941067339537
NAGLU	0.371871385	0.50015524	0.398483876	0.87689707	17.56412312	0.399589246930097	0.300895176841431
MTMR6	-0.158192967	0.500838771	0.399099258	-0.875317631	20.6678663	0.398919079649715	0.300302058831958
MCCC2	-0.043403964	0.500967252	0.399272457	-0.874985871	24.51657153	0.398730647695682	0.300190662836417
PPP2R5C	-0.250346543	0.501933696	0.400113671	-0.873647988	20.91552271	0.397816609484712	0.299353648120206
FRAT2	-0.117099534	0.502381496	0.400541651	-0.872557743	20.99738668	0.397352316386395	0.298966365156784
PERP	0.208660445	0.502420798	0.400644009	0.872362146	19.70894194	0.397241347064202	0.29893239102707
GALC	0.26737524	0.503133125	0.401283163	0.871141559	17.54124714	0.396549061969606	0.298317088893426
TRAF7	-0.169540146	0.503134011	0.401354994	-0.871004467	18.10048003	0.39647132879248	0.298316324116564
FNBP1L	-0.073007962	0.503186868	0.40146829	-0.87078827	23.90503288	0.396348751809652	0.298270701484797
ATF2	0.145446051	0.503347115	0.401691598	0.870362266	16.63711575	0.396107252112985	0.298132416261238
QTRT2	-0.105452148	0.503347115	0.401738452	-0.870272903	22.44955157	0.396056598210562	0.298132416261238
TCP11L1	0.103359432	0.503491073	0.401924525	0.869918083	20.91633062	0.395855492819651	0.298008225172348
NECTIN4	-0.093767949	0.504329647	0.402665231	-0.868506746	22.3333673	0.395055868869705	0.297285501105087
PHF21A	-0.300795412	0.504986761	0.403261269	-0.867476265	18.4170588	0.39441348755677	0.296720007425919
CFAP20	-0.111250091	0.505556543	0.403787739	-0.866371282	20.75781572	0.393846872528305	0.296230264524786
TBCB	-0.084998141	0.505649089	0.403947739	-0.866067226	25.72632004	0.393674818384576	0.296150770866992
MAU2	-0.176328034	0.505649089	0.404004615	-0.86595916	19.8874073	0.393613673855765	0.296150770866992
SLC25A11	-0.07259777	0.505672132	0.40409451	-0.865788381	24.41680642	0.393517049811997	0.296130980027958
EAPP	-0.560586044	0.505930839	0.404372769	-0.867937149	19.54549188	0.393218098064286	0.295908847376711
BANF1	-0.095386686	0.505945231	0.404455793	-0.865145378	25.07533131	0.393128939825109	0.295896493361492
PDF	-0.154940782	0.506103603	0.404653941	-0.864726167	17.75714017	0.392916225576091	0.295760570896214
EIF3E	-0.048370231	0.506440392	0.404994812	-0.86407943	26.48854204	0.392550540079661	0.295471663726981
COPZ1	0.069253583	0.506577663	0.405176197	0.863735437	24.12403352	0.392356076182431	0.295353963873764
SRBD1	-0.329202161	0.506598057	0.405264123	-0.864511721	20.81538024	0.392261841540291	0.295336480230028
MTMR14	0.25116731	0.506605676	0.405341833	0.863421403	19.24603403	0.392178572908862	0.295329948691405
INTS4	-0.083773296	0.507650028	0.406249195	-0.861702647	23.22075362	0.391207486585141	0.29443558552585
POP5	0.213431528	0.508331759	0.406866613	0.860534598	16.84155033	0.390547946383552	0.29385275607031
TLK2	-0.132275837	0.508502024	0.407074775	-0.860141061	21.30775997	0.390325808496854	0.293707314107447
CASQ1	0.125870852	0.508843416	0.407420004	0.859488694	19.17000756	0.389957651296742	0.293415840510571
KLC2	-0.087229921	0.509990991	0.408410936	-0.857618237	24.03414423	0.388902637346965	0.292437495654113
TAPT1	-0.061750007	0.510356218	0.408775563	-0.856930748	22.24233852	0.388515074643088	0.29212658957015
SUCLA2	0.048618039	0.511907846	0.410090722	0.8544545	24.73031001	0.387120056193578	0.290808213977022
WDR83OS	-0.15277154	0.511909978	0.410188183	-0.854271207	19.76341892	0.387016855259257	0.290806405225868
PLEKHA1	-0.17777855	0.511909978	0.410237159	-0.854179111	19.7472406	0.386965004090157	0.290806405225868
EXOSC8	-0.176893498	0.512280631	0.410606612	-0.853484614	20.61050507	0.38657406146325	0.290492064207284
ACAD8	-0.102191438	0.512460724	0.410880889	-0.852969303	20.13545368	0.386284058287561	0.290339414181884
PEBP1	-0.064597697	0.512460724	0.410910844	-0.852913037	25.86041409	0.386252397489116	0.290339414181884
AKR7A2	0.117116848	0.512460724	0.410968291	0.852805141	23.01860451	0.386191685605629	0.290339414181884
RAB11A	0.219759045	0.512571674	0.411129725	0.852881941	22.14229131	0.386021122254475	0.290245397694114
NGLY1	0.38471488	0.5129838	0.411583821	0.852142853	18.7862795	0.385541705310292	0.28989634966732
BOLA2	-0.050740768	0.5129838	0.411605322	-0.851609347	25.18562038	0.385519018505596	0.28989634966732
CHCHD7	0.114433628	0.513259152	0.411898813	0.851058844	19.02823399	0.385209459581074	0.289663297919062
PRDX3	-0.054485214	0.513340436	0.412036613	-0.850800464	25.81677285	0.385064191448947	0.289594524868394
SLC35E1	0.261768556	0.513345673	0.412113383	0.850768592	19.96160455	0.38498328193579	0.289590094302553
BORCS6	0.208378303	0.513616454	0.412403373	0.850113054	16.89262775	0.38467779132912	0.289361071841573
SCAMP1	-0.095938801	0.513845826	0.412689982	-0.849576156	23.41723577	0.384376073441281	0.289167166921661
RAI1	0.247145662	0.513845826	0.412732822	0.849495924	19.51745509	0.384330993088446	0.289167166921661
NOP9	0.143000197	0.513986951	0.412918836	0.849147628	22.18494732	0.384135305586723	0.289047906647976
TPP2	0.080141583	0.514035562	0.413030553	0.848938495	25.46989939	0.384017821204322	0.289006834611501
DCAF16	0.215326757	0.514082792	0.413141175	0.848731451	19.81507515	0.383901519658684	0.288966933119003
SAP18	0.057349557	0.514274487	0.413420542	0.848208744	24.31749868	0.383607947990289	0.288805020360912
GNAT1	-0.181747009	0.514274487	0.413440629	-0.84817117	18.11439704	0.383586847293907	0.288805020360912
TIMM8B	0.086150783	0.514322861	0.413553492	0.847960071	21.95200308	0.383468307688435	0.28876417141001
RDH14	-0.083903867	0.514322861	0.41362493	-0.847826473	22.7075112	0.383393293330105	0.28876417141001
MBLAC2	-0.146281659	0.514389002	0.413750837	-0.847591052	18.01167401	0.383261114656433	0.288708325507187
B4GAT1	0.146329597	0.51484973	0.414194206	0.846762419	18.49065239	0.382795980574937	0.288319510676959
CAPNS2	-0.197363411	0.515474982	0.414770088	-0.845687013	17.86443419	0.382192571195615	0.287792407864478
ATG2A	0.189137724	0.516276301	0.41548784	0.844348077	20.16980488	0.381441682104126	0.287117810225199
TRAFD1	-0.089616999	0.517156523	0.416269331	-0.842891997	21.62969751	0.38062558495303	0.286377993101115
HSPD1	0.035360052	0.517372581	0.416516376	0.84243208	31.19884448	0.380367918947172	0.28619659115085
DHX16	0.050583058	0.517756853	0.41689893	0.841720251	24.88436886	0.379969219519162	0.285874144099623
AGPS	-0.179548452	0.518171475	0.417306035	-0.844108786	28.02788363	0.379545334559208	0.285526498318686
COG8	-0.126513485	0.518676683	0.417786222	-0.840070921	19.88939598	0.379045886538663	0.28510327518368
COPS2	0.051789393	0.519114093	0.418211934	0.839280423	25.21766935	0.378603578413618	0.284737180658711
ATAT1	-0.137781521	0.519248925	0.41839396	-0.838942585	19.23642448	0.378414593637925	0.284624393910921
DPAGT1	-0.111437142	0.519562569	0.418720131	-0.838337462	19.04747853	0.378076158831611	0.284362144477972
VMP1	-0.061447365	0.51995425	0.419109292	-0.837615887	23.17134284	0.377672710391184	0.284034867608743
MAPKAPK3	0.159635207	0.520640964	0.419759071	0.836412075	18.68863313	0.376999909978052	0.283461664618518
SMAP1	-0.194014871	0.520640964	0.419810017	-0.836358253	21.26845003	0.376947203019165	0.283461664618518
PP2D1	0.16062374	0.520780175	0.419995886	0.835973649	20.22437357	0.376754963640788	0.28334555679774
GOLGB1	0.061280271	0.520896249	0.420163132	0.835664118	25.75486205	0.376582058239968	0.283248769932377
SESTD1	-0.270734952	0.520997622	0.420379609	-0.835263595	17.51036462	0.37635835808993	0.283164258955053
RGPD5	0.19138036	0.520997622	0.420392201	0.835240302	19.16298017	0.376345349480337	0.283164258955053
IFT81	0.072535664	0.521337587	0.420740215	0.83459671	21.28586949	0.375985975461278	0.282880962511642
RASA2	-0.090705843	0.521974986	0.421328409	-0.833509751	22.18206012	0.375379256619715	0.282350308688282
TMEM167B	-0.281055341	0.522299324	0.421664043	-0.832930176	18.21842299	0.375033431454863	0.28208053626
IKBIP	0.064654819	0.522525072	0.42192016	0.832417238	25.43960044	0.374769722858036	0.281892866231234
TAP2	0.312315464	0.522555064	0.422018247	0.832599927	19.80601202	0.374668770839062	0.281867939223905
NARF	0.089914515	0.522714621	0.422220999	0.831862207	20.55512912	0.374460171021167	0.281735351957324
SHTN1	-0.049116977	0.522757852	0.422378777	-0.831571221	24.43210575	0.37429791164694	0.281699435211082
METTL2B	-0.084332778	0.522757852	0.422415215	-0.831504028	21.61898473	0.37426044731246	0.281699435211082
GNPTAB	-0.148616622	0.522757852	0.422477614	-0.831388975	18.16226309	0.37419629825001	0.281699435211082
DNAJB1	0.05404041	0.525632653	0.424875249	0.8269766	24.33377058	0.371738567888627	0.279317663659013
PELP1	-0.070255795	0.525664031	0.424974921	-0.82679353	25.38025397	0.371636698167759	0.27929173892727
MRPL10	0.156345169	0.525833653	0.425186386	0.82648703	22.28125313	0.371420649557328	0.279151622785562
TTC26	-0.415431837	0.526607855	0.425886845	-0.825938287	18.18789718	0.370705774418253	0.27851266714846
RNF185	0.125091728	0.527224975	0.426460462	0.824068374	19.33212437	0.370121226937691	0.278004025106424
GATAD2A	-0.133739173	0.527505638	0.426762053	-0.823515886	22.14442496	0.369814204302344	0.277772894249789
UPK3BL2	0.207632692	0.527721097	0.427010964	0.823662269	22.36997777	0.369560973819076	0.27759554344361
TNKS1BP1	0.058525072	0.527891733	0.42722366	0.822670763	25.60412076	0.369344703725506	0.277455139174633
STK17A	-0.27335526	0.530179658	0.42915023	-0.819311213	19.87264871	0.367390650381969	0.275576939348736
FAM3C	0.079946601	0.530282408	0.429308362	0.818861511	24.07084711	0.367230652319327	0.275492780264529
ADAM9	0.083586393	0.530401116	0.429548806	0.818422946	23.55327202	0.366987483818148	0.275395570817213
MDH2	-0.039495981	0.530401116	0.429554424	-0.818412702	28.96828913	0.366981803787357	0.275395570817213
TBC1D2	0.056126245	0.530457124	0.42967477	0.818193256	22.9281543	0.366860146831504	0.275349713671653
COMMD4	-0.102992272	0.530622958	0.429896702	-0.817788679	21.40979155	0.366635886608267	0.275213963707215
PMS1	-0.142803313	0.530622958	0.429990156	-0.817618355	19.14633718	0.366541486847894	0.275213963707215
ZNF592	-0.149967142	0.530622958	0.430034127	-0.817538224	19.02354401	0.366497077956057	0.275213963707215
GGPS1	0.072741403	0.530856972	0.430298823	0.81705597	22.85232438	0.366229841845179	0.275022474470985
MIPEP	-0.169967694	0.531227476	0.43068941	-0.81634471	19.30190034	0.365835806749372	0.274719470600524
MTERF2	-0.204236734	0.531227476	0.430772302	-0.816193818	17.31383997	0.365752228947124	0.274719470600524
TENT4B	-0.153245529	0.531227476	0.430824432	-0.816098932	17.9787098	0.365699675889583	0.274719470600524
NIF3L1	-0.047597875	0.531664427	0.431253956	-0.815317418	24.42647538	0.365266908008895	0.274362396812839
MRPL15	0.10930724	0.531791061	0.431507024	0.814949978	23.88852387	0.365012130517455	0.274258967100356
TUBG1	-0.052393702	0.531791061	0.431474392	-0.814916534	24.23674189	0.36504497455622	0.274258967100356
BLVRA	0.059127917	0.531925798	0.431691547	0.81452175	24.51826826	0.364826455228832	0.274148946213827
POLR1G	-0.116616809	0.531926367	0.431767204	-0.814384238	21.47853189	0.364750348714969	0.274148481650106
ABHD11	-0.095360724	0.53194355	0.431856348	-0.81422223	21.55551513	0.364660692180377	0.274134452712989
NFS1	0.173611647	0.532176491	0.432120691	0.813834506	21.79741364	0.364394938104447	0.273944314404101
MARCHF3	0.294685852	0.532274835	0.432275788	0.813563608	18.41530876	0.364239088853278	0.27386406600644
TAF5L	-0.312171898	0.532790143	0.432844918	-0.812676736	19.0369079	0.36366767713598	0.273443818523017
C11orf52	0.133501999	0.532790143	0.432815547	0.812480415	17.40095946	0.363697147497048	0.273443818523017
YRDC	0.09340686	0.533081332	0.433156842	0.811861267	20.94479983	0.363354821241019	0.273206525787442
MARK2	0.052709362	0.533504718	0.433576283	0.811100789	23.6934282	0.362934482106053	0.272861735579145
RBBP9	0.054992236	0.534343574	0.434333552	0.809729024	24.20582935	0.362176620360026	0.272179409054713
ATP5PB	-0.111039735	0.534582014	0.434602935	-0.809587264	25.33111078	0.361907345088664	0.271985657161887
NDUFA10	-0.067369266	0.535008496	0.435025286	-0.808477343	22.9367019	0.361485498789939	0.271639321274807
EIF2B4	0.06377145	0.535370545	0.435395355	0.807808242	23.88228702	0.361116208525584	0.271345526492114
COL6A2	0.302482523	0.535379281	0.435478143	0.80776065	16.76599313	0.36103363770041	0.271338439875797
CCDC93	-0.052628962	0.535746843	0.435852853	-0.80698158	23.82341895	0.360660106869777	0.271040379449398
MAPKAPK2	0.142223337	0.536002256	0.436136413	0.806469495	22.40070699	0.360377652595554	0.270833382385049
MTG1	-0.189049543	0.536096128	0.436288579	-0.806194785	20.43469658	0.360226155663647	0.270757329492296
RNF34	0.09946417	0.537480817	0.437491454	0.804025403	20.85972105	0.35903042610885	0.269637031356013
TRO	-0.171950732	0.537536009	0.437612366	-0.803807554	17.31200682	0.358910414257616	0.269592437484575
CAMK1D	0.206149198	0.537812584	0.437913555	0.803265067	18.39459207	0.358611611623149	0.26936904016065
XPO1	-0.035501299	0.537913317	0.438071617	-0.80298047	27.76878142	0.3584548841868	0.26928770385345
FIBP	-0.098585781	0.537932601	0.438163365	-0.802815304	22.12050973	0.35836393677865	0.269272134830694
ORAI1	-0.573232364	0.538155476	0.43842098	-0.804686665	17.17788	0.358108671493993	0.269092236203236
AKTIP	0.229015078	0.540947359	0.440771922	0.79816602	20.14958761	0.35578607865003	0.266844995167278
SMIM20	-0.128516828	0.542082349	0.441773359	-0.796334368	20.65348828	0.354800477663654	0.265934733757411
RBPJ	0.173452684	0.542095821	0.441860971	0.79617751	18.34415776	0.354714357405576	0.265923940669296
TBC1D10B	0.116859041	0.542625942	0.442395481	0.795220965	20.5080694	0.354189317930274	0.265499447216276
NTAN1	-0.162699729	0.542625942	0.442446485	-0.79512973	18.20501673	0.354139250784657	0.265499447216276
DAZAP1	-0.089588079	0.542977966	0.442810275	-0.794479179	23.3559685	0.353782310277442	0.265217793686975
POLD1	0.067259253	0.543123429	0.443015455	0.794112417	23.9035858	0.353581122751786	0.26510146241461
TIMM17A	0.169856629	0.543123429	0.443105991	0.793950617	19.77855802	0.353492378064412	0.26510146241461
DDHD1	0.151859512	0.543123429	0.443159236	0.793855472	19.43747856	0.353440195018045	0.26510146241461
USHBP1	0.30858899	0.543137991	0.443451711	0.793561615	18.3096953	0.353153665095012	0.265089818447275
NOL4L	0.06645143	0.543137991	0.443267275	0.793662435	23.2589091	0.353334330084674	0.265089818447275
NAA15	0.036550899	0.543137991	0.443441595	0.793351036	26.3055885	0.353163572313726	0.265089818447275
RBM33	-0.217873796	0.543137991	0.443478235	-0.793285593	19.54172659	0.353127689589521	0.265089818447275
MTHFSD	-0.149066809	0.543406352	0.443774172	-0.792757152	19.04112543	0.352837977643195	0.264875289321835
SLC4A2	-0.284976114	0.543770488	0.444148414	-0.792187794	18.36264728	0.352471884365057	0.264584366528858
BORCS5	0.474206427	0.544968799	0.445204226	0.79194129	18.44926247	0.351440721876032	0.263628361594958
RPL36	0.045527925	0.545176612	0.445503354	0.78967398	26.30541206	0.351149022001497	0.263462783609948
IST1	0.113195419	0.545176612	0.445541345	0.789606329	22.35450309	0.35111198843474	0.263462783609948
RNF114	0.068955242	0.545176612	0.445605198	0.789492631	24.85258036	0.351049751744673	0.263462783609948
PEX1	-0.114782809	0.545539811	0.44601273	-0.788767225	20.33127814	0.350652745570692	0.263173551094444
TIMM29	-0.137111969	0.545539811	0.4460563	-0.788689696	21.91836304	0.350610322372586	0.263173551094444
INTS2	0.136620271	0.546285984	0.446743627	0.787467301	19.93401144	0.34994163418544	0.262579941988704
WDR81	-0.124586277	0.546699386	0.447158983	-0.786729188	17.96339463	0.349538040259682	0.262251413865826
ANK2	-0.299188824	0.546935663	0.447429557	-0.786577235	19.66022625	0.349275329989037	0.262063757482665
TAF6	-0.130855324	0.547261502	0.447773477	-0.785638004	21.3546331	0.348941634592816	0.261805101934289
HERC1	-0.09571114	0.547397767	0.447962351	-0.785302805	21.25594015	0.348758484751922	0.261696978539991
EI24	0.314310198	0.547538605	0.448155007	0.785709874	20.42465319	0.348571747070194	0.261585254848745
RC3H1	0.164805358	0.547544081	0.448236892	0.784815735	19.39500836	0.348492401855697	0.261580911438675
COX19	0.159905343	0.547993291	0.448682095	0.784026295	21.33999415	0.348061260972499	0.261224758485548
HIP1R	-0.181606049	0.547993506	0.448914669	-0.785749	24.4406095	0.347836203104322	0.261224588094238
PCNX3	-0.13872199	0.547993506	0.448824145	-0.783774517	16.96761679	0.347923787763022	0.261224588094238
EIF2D	-0.128812203	0.547993506	0.448889697	-0.783658346	21.88321131	0.347860362491858	0.261224588094238
RCOR1	-0.078042965	0.548539773	0.449439712	-0.782684038	22.81699005	0.347328556437377	0.260791877536491
DERL1	-0.060906609	0.549289135	0.450131343	-0.781459956	23.38214827	0.346660745741759	0.260198991286693
LYSMD2	0.204696696	0.549583889	0.450450578	0.780895365	19.71541575	0.346352851475831	0.259966007063779
MTR	-0.200731638	0.550063522	0.450921453	-0.780387171	22.04769307	0.345899102245245	0.259587154758277
NDUFA5	-0.118458904	0.55024581	0.451188169	-0.779739516	23.76350774	0.345642296891249	0.259443255818335
OSGEP	0.068100739	0.55024581	0.451226456	0.779524238	23.08177969	0.345605445022102	0.259443255818335
SNRPA	0.050348088	0.550512206	0.451548017	0.77895642	26.13887019	0.345296060612201	0.259233047374012
VIRMA	-0.199377781	0.550512206	0.451600556	-0.778892441	20.69485804	0.345245532053573	0.259233047374012
CLINT1	-0.043458104	0.550845042	0.451951459	-0.778244381	25.29875108	0.344908207269355	0.258970555175697
CD46	-0.086274622	0.551861852	0.452863733	-0.776635801	22.67058929	0.344032457830268	0.258169625935649
EMD	0.052275646	0.552351167	0.453343352	0.775790937	24.61815657	0.34357274854745	0.25778472408308
PSMD6	-0.039898528	0.552657941	0.453673263	-0.775210121	26.25435978	0.343256814901322	0.257543585330739
SP1	-0.09468037	0.552964757	0.454003295	-0.774629362	20.19981206	0.342940995171255	0.257302547408089
SBF1	-0.115730409	0.553182424	0.454260207	-0.774177459	16.56210263	0.342695305530166	0.257131626973926
MSLN	0.899708321	0.553305846	0.454439775	0.776573689	21.25918498	0.342523663857257	0.257034741186302
TSPAN14	-0.154718119	0.553690515	0.454865139	-0.773114039	20.61756475	0.342117346353346	0.256732916109601
ESF1	0.062959923	0.553690515	0.454912253	0.773031255	22.47104592	0.34207236534938	0.256732916109601
PPFIA1	0.237872244	0.553842252	0.455193505	0.774962045	23.57947432	0.341803943367783	0.256613915490971
PPP1R3D	0.242428057	0.553842252	0.455182703	0.773255873	21.56205948	0.3418142495444	0.256613915490971
UBAC2	0.082752687	0.553938795	0.455351159	0.772260312	21.12788867	0.341653553682046	0.256538218055298
PAM	0.123078657	0.554027184	0.455502135	0.77199523	17.51824481	0.341509583089346	0.256468925575619
MRC1	-0.103110248	0.554395081	0.455887447	-0.771318958	20.35034393	0.341142366064517	0.256180631758504
PHKA2	-0.118987329	0.554395081	0.45597143	-0.771171605	19.28918172	0.341062368261135	0.256180631758504
AKT1	-0.048716249	0.554395081	0.456049564	-0.771034531	24.36071737	0.34098795513829	0.256180631758504
RPS14	0.035419863	0.554395081	0.45611809	0.770914324	26.56519048	0.340922702958842	0.256180631758504
DIS3	-0.240284135	0.554456011	0.456246599	-0.773381552	23.83827151	0.340800359885689	0.256132903866094
H1-4	-0.175424001	0.554837065	0.456638591	-0.770001652	20.16310286	0.340427388618594	0.255834534283525
KCTD5	-0.112254665	0.555270568	0.457073865	-0.769238929	19.05881316	0.340013610499724	0.255495345605307
ORC3	-0.096875932	0.555723313	0.457525103	-0.768448719	22.5281789	0.339585072536786	0.255141383860861
ERC1	-0.054841547	0.555809242	0.457732119	-0.768086358	24.54883346	0.339388612119239	0.255074236046896
EMC8	0.060097545	0.555809242	0.457752989	0.768049833	22.99721986	0.339368811194549	0.255074236046896
SAAL1	0.046702634	0.556231732	0.458179573	0.76730349	23.43303385	0.338964276847045	0.254744239061574
ZDHHC7	-0.15967897	0.556435378	0.45842598	-0.766872583	18.40762773	0.338730777927842	0.254585265484923
MCOLN1	-0.158554214	0.55828428	0.460105158	-0.763940007	19.65978661	0.337142898058	0.253144600710152
CORO6	0.176970687	0.55828428	0.460107061	0.763936687	19.43537235	0.337141101814955	0.253144600710152
ATP5F1B	-0.037923084	0.558333155	0.460226269	-0.763728757	28.67518297	0.33702859610599	0.253106582061774
STAU2	-0.132963052	0.559757878	0.461479777	-0.761544371	21.87207208	0.335847325905119	0.2519997854705
OPHN1	-0.111115423	0.560368051	0.462172706	-0.76064847	24.8127113	0.335195705727518	0.251526633682372
NHP2	-0.089951016	0.560368051	0.462140727	-0.7603941	23.27224157	0.335225756796228	0.251526633682372
SF3A3	0.056334591	0.560368051	0.462220466	0.760255398	25.73287026	0.335150828925953	0.251526633682372
DDX49	-0.121575892	0.560573022	0.462468781	-0.759823564	21.66235739	0.334917579026668	0.251367806822715
SAP30BP	0.100992452	0.560576368	0.462550786	0.759680985	22.83559127	0.334840576722388	0.251365214573459
RTN4R	-0.278669006	0.560667545	0.462705277	-0.759532602	18.78772503	0.334695547487541	0.25129458289804
ZNF512	-0.152176005	0.560813146	0.462904716	-0.759065804	20.70412923	0.334508394671189	0.251181814641356
MRPS18C	0.113210684	0.561402394	0.463470453	0.758083086	20.66785716	0.333977947621063	0.250725739726566
FBXL18	0.111244713	0.562114007	0.464137393	0.756925545	20.61579517	0.333353441450874	0.250175592634449
SEPTIN2	0.051427802	0.562427104	0.464475422	0.756339262	25.37800569	0.333037262019498	0.249933758340293
SPTB	0.132342473	0.562783923	0.464849655	0.755690501	18.02835917	0.332687487027617	0.249658317513258
CTU2	-0.110220072	0.562784859	0.464940612	-0.75553287	17.84368344	0.332602517062414	0.249657595212424
IDH3G	0.056287203	0.562784859	0.465009542	0.755413426	22.63084222	0.332538135291921	0.249657595212424
TMPPE	0.407753315	0.563122695	0.465368288	0.755687654	18.14550741	0.33220321455133	0.249396969347591
CLN3	-0.201214362	0.563224758	0.465532254	-0.754508012	19.16857623	0.332050223922271	0.249318262909876
SPCS3	-0.068733805	0.563241472	0.46562569	-0.754346234	23.59064589	0.331963066336152	0.249305375176932
MRTFB	-0.147846957	0.564224103	0.46651778	-0.752802674	19.75119092	0.331131799701533	0.248548365227253
NOL6	0.074831951	0.564522881	0.466844622	0.752237613	22.49230279	0.330827639854185	0.248318450744054
ARMC9	-0.22317183	0.564649327	0.467029009	-0.751918945	19.66798205	0.330656142865691	0.248221185154449
SALL1	-0.321850659	0.564928376	0.467339675	-0.751685949	18.66379121	0.330367347796256	0.248006610374823
COMMD5	-0.104743694	0.565294363	0.46772235	-0.750721381	20.92959939	0.330011876938287	0.247725345214214
MT-ND1	-0.129974969	0.565653477	0.468099442	-0.750070522	20.51131523	0.329661876574898	0.247449538977534
BRME1	-0.474622558	0.565966546	0.468438525	-0.751461559	19.00952568	0.329347395181872	0.247209238983083
RPLP1	-0.133532648	0.566414406	0.468889279	-0.748708332	21.19204947	0.328929697148909	0.246865709473048
PLEKHA7	-0.186968652	0.567029031	0.469478235	-0.747693528	19.11318665	0.32838453681321	0.246394705339292
EXOSC6	-0.098081084	0.567064019	0.469587365	-0.747505577	21.87880216	0.328283596991704	0.24636790842816
SPICE1	-0.188061007	0.567451014	0.469988054	-0.746815724	18.86155145	0.327913180676654	0.2460716235934
SRGAP1	-0.091216286	0.567659941	0.470241342	-0.746379836	20.23425139	0.327679191856774	0.245911752271842
PCF11	-0.14462339	0.568636571	0.471130752	-0.744850394	20.83622823	0.326858547241228	0.2451652127554
SEH1L	0.063918627	0.568656687	0.471227806	0.744683609	22.89201316	0.326769090809942	0.245149849492253
ARVCF	0.350718716	0.568952554	0.471633839	0.744811577	19.79622951	0.326395042500295	0.244923948710608
EOGT	0.181898174	0.568952554	0.471575595	0.744086114	17.59232685	0.326448678621658	0.244923948710608
DPF2	-0.063259329	0.569633863	0.472279136	-0.742878287	22.43116215	0.325801239941435	0.24440420111821
G6PC3	-0.265584888	0.570216321	0.472842654	-0.742208868	19.88141934	0.325283353697687	0.24396035626753
DNAJC2	-0.095120783	0.571064639	0.473695741	-0.740449683	23.31996555	0.324500519997637	0.243314731032268
DNAJC19	-0.077130552	0.571064639	0.473707563	-0.740429435	22.37271487	0.324489681468061	0.243314731032268
NUDC	-0.034827787	0.571211198	0.473909884	-0.740082954	26.62722594	0.324304233436291	0.2432032872579
GTF3C3	0.066864192	0.571262751	0.47403494	0.739868839	22.7820931	0.324189646321791	0.243164093045269
SRC	0.050786998	0.571262751	0.474114166	0.739733209	23.43303423	0.324117068254722	0.243164093045269
RAB5A	0.174018517	0.571495597	0.474468991	0.739942262	23.20720641	0.323792165697489	0.242987111210904
AP2M1	0.076483655	0.571495597	0.474435047	0.739184027	24.45828327	0.323823236683194	0.242987111210904
DPY30	-0.078673901	0.573007367	0.4758051	-0.736841804	23.36213649	0.322570907212609	0.241839794390584
PSIP1	-0.046301111	0.573082122	0.475948185	-0.736597428	25.87198789	0.322440324996838	0.241783139680193
CTNNAL1	0.213848268	0.573818161	0.476640587	0.735493108	20.16930587	0.321808979279451	0.241225710713109
CYTH3	-0.089392598	0.574110423	0.477045669	-0.734811112	24.74286591	0.321440042667874	0.241004568425372
ELP3	-0.084956656	0.574110423	0.477025425	-0.734759078	23.32140451	0.32145847286149	0.241004568425372
GATC	-0.095433712	0.574178622	0.477183506	-0.734489524	20.4860633	0.321314576269473	0.240952981327968
TAX1BP1	-0.187991087	0.574452169	0.477492049	-0.733963566	19.80389252	0.321033855712015	0.240746126425909
ZPR1	0.079844144	0.575143689	0.478148153	0.732845838	23.28062811	0.320437517485706	0.240223641320802
NUMB	-0.073978759	0.575381679	0.478427344	-0.732370501	23.56143232	0.320184006676532	0.240043970801407
MYO1G	-0.25706372	0.57596611	0.478994716	-0.731490945	18.6268137	0.319669277451198	0.239603069828517
FSTL3	-0.112594674	0.576157598	0.479235413	-0.730995691	16.87982415	0.319451097333614	0.239458706541937
ATG4C	-0.110702549	0.576490202	0.479593559	-0.730386815	17.20429214	0.319126658161892	0.239208069554875
NTHL1	0.48439904	0.576707335	0.479855722	0.732393914	21.93305345	0.318889322120587	0.239044524868335
FBXO9	0.293009338	0.577118451	0.480360961	0.729371656	18.3923183	0.318432295006027	0.238735040681131
RPL38	-0.047920847	0.577118451	0.480283127	-0.72921529	26.30916047	0.318502670449337	0.238735040681131
ACYP2	0.273793092	0.57718888	0.480501175	0.728957094	18.05224938	0.318305545986295	0.238682044524419
CASKIN2	-0.07562498	0.577449614	0.480799863	-0.728338076	21.96397612	0.31803566475397	0.238485904624428
SYF2	0.117065064	0.578119119	0.481439034	0.727253816	20.59646013	0.317458701008303	0.237982667817587
CCDC127	0.16628494	0.578621432	0.48193914	0.726406081	17.06770243	0.317007801659453	0.237605484225964
MED18	-0.200214942	0.578981021	0.482320492	-0.725760011	19.55846831	0.316664286132304	0.237335672213954
DPH1	-0.071122274	0.579236595	0.48261528	-0.72526081	20.79214648	0.316398932086099	0.237144008094558
SIRT5	-0.110108748	0.579404505	0.482837087	-0.724885319	19.45721635	0.316199378879467	0.237018132382111
ZFYVE9	-0.11834077	0.579490196	0.482990415	-0.724625817	16.64825325	0.316061487786611	0.236953907170822
C4A	0.268234834	0.579745354	0.483285038	0.724412553	19.91364853	0.31579664995655	0.236762723052628
ALG1	-0.112052003	0.579835296	0.483441982	-0.723861852	19.55988377	0.315655638249302	0.236695351603527
MYL9	-0.19638655	0.580249443	0.483869305	-0.723229424	20.92831852	0.31527192716176	0.236385267765009
RALGAPA1	0.275301645	0.580576207	0.484305937	0.722530982	18.00969965	0.31488020700026	0.236140766265868
SLC2A1	-0.058812141	0.580576207	0.484267581	-0.722466227	25.43910056	0.314914603561486	0.236140766265868
PPP1R13L	0.047248435	0.581445479	0.485113262	0.72103817	23.20077837	0.314156852492695	0.235491001966557
SASH1	0.102700391	0.581573766	0.485335623	0.720694175	23.45355735	0.313957830867809	0.235395192139394
CTDP1	-0.137701026	0.581573766	0.485448691	-0.720472173	20.08484025	0.313856665638842	0.235395192139394
DOHH	0.04920635	0.581573766	0.485466934	0.720441397	23.09834769	0.313840345303624	0.235395192139394
ITSN2	-0.08128453	0.582493644	0.486317142	-0.719007875	24.46977011	0.313080421888125	0.234708809170247
DDAH1	0.0459486	0.582515563	0.486417788	0.718838278	25.03930203	0.312990551562236	0.234692467152188
METTL21A	0.085931578	0.583005543	0.486977612	0.717895326	23.33188947	0.312491004305605	0.23432731611085
KIF13A	0.241638537	0.583005543	0.487156597	0.717677167	19.18925019	0.312331411925007	0.23432731611085
CDK11A	0.161510513	0.583005543	0.487124162	0.71764859	17.6303994	0.312360328315679	0.23432731611085
UBE3C	-0.072517094	0.583005543	0.487124603	-0.717647848	23.29217421	0.312359935143271	0.23432731611085
SUPT6H	-0.038631297	0.583419758	0.487585187	-0.716872694	25.88515437	0.311949496863912	0.23401886721793
NBEA	-0.156117097	0.583581939	0.487803224	-0.716588865	21.86975634	0.31175533366398	0.233898157344065
FSD1	-0.190337184	0.583625169	0.487990899	-0.71686884	22.56009821	0.311588277486914	0.23386598730272
MRPL28	-0.114289476	0.583625169	0.488004364	-0.716167614	21.76519453	0.311576294282853	0.23386598730272
IRAK4	-0.095309356	0.583660824	0.488116686	-0.715978746	19.23225715	0.311476345972115	0.233839456067273
PKN2	0.058655702	0.584334569	0.488831855	0.714776816	22.92535665	0.310840500801618	0.233338420241417
CTH	0.121495823	0.584334569	0.488845346	0.714754153	20.03360717	0.310828515113807	0.233338420241417
NCKIPSD	-0.053876096	0.585912746	0.490248451	-0.712399216	22.3682657	0.309583769864595	0.232167054207442
ATP9A	-0.121466537	0.588569901	0.492554964	-0.708536927	20.61484244	0.307545299724743	0.230201951145424
CTDSP1	0.818328322	0.590008398	0.493842201	0.708707264	18.31944259	0.306411800434223	0.22914180669836
POLDIP2	-0.066483305	0.591517912	0.495237158	-0.704059343	23.24269296	0.305186777338224	0.228032099785032
MGME1	-0.066759093	0.591517912	0.495272914	-0.703999752	21.20711442	0.305155422516217	0.228032099785032
CDS1	0.081601712	0.591913143	0.495687512	0.703308976	21.77364475	0.304792022264522	0.227742016728594
PSMD8	-0.042893825	0.59240566	0.496183706	-0.702482708	25.17316914	0.304357501471461	0.227380800766925
GARS1	0.040225471	0.592733954	0.496542467	0.701885608	26.20125064	0.304043602364854	0.227140194049194
ABRACL	-0.092713878	0.592873677	0.496743325	-0.701631525	24.33396542	0.303867960021154	0.227037831468878
SNX27	0.040942027	0.593452647	0.497312311	0.700605201	24.28180252	0.303370789645337	0.2266139287179
FKBP9	-0.058419931	0.593576076	0.497499654	-0.700293793	24.05052025	0.303207216960352	0.226523611554109
AJUBA	0.476413484	0.59395778	0.498216349	0.700893848	17.54166626	0.30258202516566	0.226244424656335
SEMA4C	0.299268233	0.59395778	0.498323357	0.699194292	18.35540086	0.302488756460322	0.226244424656335
IFT43	0.17940668	0.59395778	0.498168271	0.699182972	17.58461748	0.302623936712061	0.226244424656335
GRPEL1	0.060293879	0.59395778	0.49817162	0.699177409	24.91142275	0.302621017121602	0.226244424656335
EEFSEC	-0.083486385	0.59395778	0.498223267	-0.699091642	23.2180617	0.302575994796779	0.226244424656335
ERI1	0.14213503	0.59395778	0.498270923	0.699012507	20.96273287	0.302534455692883	0.226244424656335
TRAF5	-0.353778901	0.594109366	0.49853452	-0.699188739	17.59858836	0.302304764480784	0.226133601014905
SNX4	0.140377128	0.59514036	0.499653511	0.696718644	21.79826229	0.301331056511786	0.225380596650122
SIAH1	-0.104485476	0.59514036	0.499673413	-0.696685652	17.95898899	0.301313758211155	0.225380596650122
UBE2V1	0.046578264	0.59514036	0.499726667	0.696597377	27.36523653	0.301267474607973	0.225380596650122
WDR6	-0.057727722	0.59514036	0.49973618	-0.696581608	22.16452846	0.30125920728034	0.225380596650122
ATXN10	0.079264884	0.596611585	0.501055898	0.694395829	24.5715011	0.300113821360762	0.224308317764563
MTO1	-0.358488184	0.597297774	0.501716621	-0.693924857	17.37822311	0.299541511312261	0.223809103771793
SCFD2	0.113002081	0.597629681	0.502079897	0.692702215	21.16168828	0.299227167187199	0.223567841623687
ZFP36L2	0.101529304	0.597673137	0.502200894	0.692502231	19.0858794	0.299122518506965	0.223536263515228
HLCS	-0.268380432	0.597901007	0.502645927	-0.692356132	20.48138434	0.298737832234863	0.223370715129482
COX11	0.151435531	0.597901007	0.502508749	0.691993543	19.50139144	0.298856372495842	0.223370715129482
TIPIN	-0.098295392	0.597901007	0.502635689	-0.691783846	20.50144307	0.298746678128064	0.223370715129482
F8A1	-0.170878531	0.598499788	0.503233918	-0.691059742	21.96526904	0.298230095098934	0.222935999092903
GRAMD1A	0.341386752	0.598629483	0.503472598	0.692207559	20.9797445	0.298024161378956	0.222841897604592
SCRN3	0.404553282	0.598629483	0.503512217	0.691792636	19.21031553	0.297989987451344	0.222841897604592
ECD	0.177051181	0.599237628	0.504108442	0.689431076	20.97120491	0.29747602963323	0.222400923747036
CCDC102A	0.130596989	0.601327379	0.50595145	0.686317591	16.97680083	0.295891155114152	0.220889021868916
DESI1	-0.080264777	0.601487379	0.506217002	-0.685880738	20.94251061	0.295663272550382	0.22077348102266
ARIH1	0.081042684	0.601487379	0.506256129	0.685816382	22.73329351	0.295629705950575	0.22077348102266
BBS2	0.102414758	0.602295545	0.507021483	0.684558137	16.79595555	0.294973638791531	0.220190349163925
MBD2	0.115342417	0.603054312	0.507745474	0.683368932	21.84946315	0.294353939170001	0.219643572868621
LDLR	-0.409229346	0.604182834	0.508781049	-0.683559615	20.32886748	0.29346907359393	0.218831618031593
FKBP15	-0.074614819	0.604254299	0.508926648	-0.681430934	22.04674178	0.293344808359642	0.218780251097662
TOM1L2	-0.07172259	0.604615293	0.509316162	-0.68079243	23.76397232	0.293012542249017	0.218520872074651
SRCAP	-0.105157818	0.605178785	0.509876386	-0.6798746	18.58153438	0.292535101127982	0.21811630490352
COL6A1	-0.09828164	0.60541014	0.510156891	-0.679415266	21.733496	0.292296242691764	0.217950309330607
INPPL1	0.086915064	0.605952831	0.510699856	0.678594431	24.1818935	0.291834264600724	0.217561181169868
PARN	0.07176416	0.606353153	0.511122964	0.677862668	25.31191117	0.291474606396671	0.217274359782861
WNK1	-0.045048586	0.606770419	0.511560472	-0.67711911	24.76549766	0.291103020595843	0.216975599899507
EARS2	-0.062083134	0.60728369	0.512079052	-0.676271696	24.53265667	0.290662989810762	0.21660838269782
ACTN1	-0.048212214	0.60739634	0.512259904	-0.675976282	27.68127825	0.290509636224047	0.216527829346619
FAM3A	-0.120106087	0.607562465	0.512485896	-0.675607223	18.38542602	0.29031808222081	0.216409064544127
C1orf198	-0.143315687	0.608572282	0.513423718	-0.674192268	22.22746798	0.289524072636535	0.21568783188022
PSMB7	-0.067398891	0.608750013	0.513659715	-0.673691845	25.67736513	0.28932449353058	0.215561016502848
PEX14	0.070221381	0.608817143	0.513802424	0.673459157	24.68338884	0.289203851164766	0.215513127253444
PDIA3	-0.036250109	0.609144513	0.514164813	-0.672868447	29.61164306	0.288897647729759	0.215279663437463
IK	-0.061363327	0.609173021	0.514274991	-0.672688901	26.85606335	0.288804594743237	0.21525933890507
EXOSC5	0.175517181	0.609303513	0.514471287	0.672396932	20.65021346	0.288638858501994	0.215166317900286
NDUFA12	-0.054900427	0.610203715	0.515317641	-0.670990917	22.36260872	0.287924989970874	0.214525152643974
CD70	0.181326368	0.610947822	0.516291502	0.669657298	21.62182276	0.28710502324811	0.213995879094785
CCDC88A	0.097807171	0.610947822	0.516146114	0.669643169	17.64247257	0.287227338060306	0.213995879094785
PAFAH1B1	-0.029419574	0.610947822	0.516179902	-0.669588229	25.40261113	0.287198909169176	0.213995879094785
PRKAA1	-0.039114694	0.610947822	0.516250829	-0.669472909	24.00816349	0.287139237941186	0.213995879094785
METTL7B	0.057241456	0.611416206	0.516773748	0.668622987	22.10346635	0.286699556522881	0.213663054188443
NDUFV3	-0.297079425	0.611491849	0.516924124	-0.668628559	18.65608957	0.286573199549068	0.213609327602209
AARSD1	-0.050470399	0.611583432	0.517087999	-0.668112464	22.49413704	0.286435541571498	0.213544288283325
PGGT1B	-0.212686406	0.612094462	0.517606598	-0.667519585	20.83745305	0.286000196294672	0.213181549815828
EPN3	-0.629775173	0.613187663	0.518791089	-0.667452717	18.84450116	0.285007492170387	0.212406591496922
FCSK	0.44175493	0.613187663	0.518713717	0.66709522	17.2629142	0.285072267258699	0.212406591496922
RPP38	0.061194541	0.613187663	0.518771217	0.665381053	22.30683014	0.285024127894132	0.212406591496922
ERCC3	0.062830304	0.613591084	0.519293442	0.664534677	22.75137962	0.284587161944124	0.212120959681197
LYRM4	-0.148859246	0.613591084	0.519305884	-0.664514519	17.62360544	0.284576756599524	0.212120959681197
BIRC6	-0.097956597	0.613607431	0.51940646	-0.664351573	23.11964981	0.284492653234043	0.212109389569582
CCZ1B	0.100367013	0.613637398	0.519518572	0.66416996	21.2873673	0.284398922461091	0.21208818026817
COASY	0.083796188	0.614531381	0.520362308	0.662803905	22.68223336	0.283694168721616	0.211455934995332
RPL27A	-0.05250468	0.614562191	0.520475274	-0.662621106	26.75293674	0.283599897508732	0.211434161855686
CNEP1R1	-0.110754327	0.615237227	0.521133936	-0.661555729	17.57871791	0.283050644857314	0.210957393961609
AP5Z1	0.171047941	0.615400155	0.521358938	0.661191971	19.34754453	0.282863176662621	0.210842398703386
UFD1	-0.086118121	0.61603034	0.522060511	-0.66013085	24.42269866	0.282279155866842	0.21039789794905
MADD	0.108660118	0.61603034	0.52206699	0.660047871	18.95558343	0.282273766115215	0.21039789794905
LRRC8E	0.141258451	0.616555159	0.522598916	0.659188957	20.70900981	0.281831495442422	0.210028063954318
SLC35F2	-0.08738812	0.617356687	0.523389229	-0.657913758	20.09597175	0.281175219093916	0.209463843361769
MOB4	0.099182675	0.617356687	0.523452843	0.657811164	21.93049431	0.281122437093756	0.209463843361769
CDYL	-0.268881648	0.618158645	0.52447941	-0.656399122	18.53734533	0.28027155665804	0.208900052732854
FNTB	-0.092022303	0.618158645	0.524253086	-0.656521175	22.06297987	0.280459004393708	0.208900052732854
TRAPPC4	-0.068560489	0.618158645	0.524328032	-0.656400419	22.194853	0.280396923103596	0.208900052732854
USP40	0.104289195	0.618158645	0.524567252	0.656015052	16.76390957	0.280198825296604	0.208900052732854
DNPEP	-0.048860947	0.618158645	0.524569741	-0.656011043	24.47627494	0.280196764633463	0.208900052732854
PIK3CA	0.111108663	0.619061977	0.525423821	0.65463601	19.55594089	0.279490241610211	0.208265869684717
PNPT1	0.045205549	0.619190765	0.525620659	0.654319292	24.28840587	0.279327573597857	0.208175529617556
HS1BP3	0.264576716	0.619434375	0.525915021	0.654962937	21.22170448	0.279084424843036	0.208004697496224
RRP8	-0.245906255	0.619893486	0.526567706	-0.653195779	20.38294901	0.278545779366039	0.207682927302433
NPM3	-0.136338448	0.619893486	0.526413353	-0.653115807	22.15933967	0.278673102941468	0.207682927302433
ACAD11	0.177220461	0.619893486	0.526539519	0.652912982	20.81478474	0.278569027632263	0.207682927302433
CASP6	-0.044529239	0.620661661	0.527307971	-0.651607182	24.66955468	0.277935663648338	0.207145080666462
MIER3	0.488564005	0.62143185	0.528195262	0.651933835	17.7079613	0.277205498805892	0.20660649178788
CASP4	-0.203854622	0.62143185	0.52805378	-0.650649187	20.9066785	0.277321844193793	0.20660649178788
CORO7	0.14046227	0.62143185	0.528225857	0.650133919	17.26847586	0.277180343610793	0.20660649178788
GLYR1	-0.070277276	0.621793322	0.528621012	-0.649500126	22.32928517	0.276855578218516	0.206353946548414
NSUN5	-0.228612596	0.622055554	0.528931885	-0.649240068	20.49417568	0.276600252110962	0.206170827980776
GRB10	-0.216572969	0.622340107	0.529261815	-0.648499201	18.42285738	0.276329438207879	0.205972209802111
ATL1	-0.141172143	0.622480214	0.529468964	-0.648141011	18.05896628	0.276159491946631	0.205874448388345
ZBTB7B	0.090757889	0.623660677	0.530561204	0.646392192	20.86630412	0.275264509922333	0.205051638184388
SOS1	0.134287595	0.62456785	0.531421246	0.645016609	18.12426027	0.274561086666212	0.204420375096138
PIGU	0.082501203	0.624630593	0.53156293	0.644790117	21.18669075	0.274445313391073	0.204376748819059
SEPTIN5	-0.066952017	0.624655841	0.53167272	-0.644614634	21.50083848	0.274355622660071	0.204359194690906
SMYD4	0.23805726	0.624690827	0.531879114	0.644520412	19.93938177	0.274187063359889	0.204334871215066
RUNX1	0.153351651	0.624690827	0.531853545	0.644325658	19.07762883	0.274207941680238	0.204334871215066
BPHL	-0.137039501	0.62636271	0.533473315	-0.64173961	18.73805489	0.272887299647377	0.203174105553073
CABLES2	-0.193499926	0.62636271	0.53347969	-0.64172944	18.73108553	0.272882109864305	0.203174105553073
MTIF2	-0.21180859	0.626516514	0.533699252	-0.641441236	19.27843786	0.272703405876383	0.203067477192492
PAXIP1	-0.194706822	0.628808114	0.535740247	-0.638127873	19.33463755	0.271045726422646	0.201481862893123
CSNK2B	0.052109958	0.62936545	0.536335821	0.637180437	24.24201555	0.270563196243876	0.201097102042754
MIEF1	-0.083716115	0.62936545	0.53639303	-0.63708946	17.48401274	0.270516874094499	0.201097102042754
BLVRB	-0.12438061	0.629749972	0.536809773	-0.63645242	22.08457329	0.270179586130168	0.200831843139489
GTPBP1	-0.052467613	0.631220232	0.538152279	-0.634294523	23.49872151	0.269094816207797	0.199819089479972
GNAS	-0.065910221	0.631686619	0.538639198	-0.633521868	25.14100925	0.268702045176888	0.199498322656071
POT1	-0.130875565	0.631961707	0.538963102	-0.63300811	17.05978732	0.268440966068014	0.199309236499951
BOP1	-0.179856823	0.632286552	0.539329524	-0.634367345	25.03342371	0.268145804893883	0.199086055027366
HACD3	0.047394172	0.632369625	0.539507957	0.632144286	25.9173942	0.268002145687819	0.199028998973391
FAM118B	-0.173863168	0.632369625	0.53959628	-0.632004303	19.15652389	0.26793105303468	0.199028998973391
MRPS10	0.066623994	0.632369625	0.539668565	0.631889749	21.46359331	0.267872878293204	0.199028998973391
SH2D3A	-0.113670237	0.632550823	0.539912619	-0.631503047	17.7205628	0.267676521948979	0.198904574876691
CRACDL	-0.128170148	0.63262255	0.5401207	-0.631173423	17.07267483	0.26750917816501	0.198855331601419
MCRIP1	-0.047499317	0.63262255	0.540188264	-0.631066408	22.69197561	0.267454855423292	0.198855331601419
PLPBP	0.063024708	0.63262255	0.540242129	0.630981097	23.95777051	0.267411551805699	0.198855331601419
AVEN	0.13542113	0.633319254	0.540926623	0.629957672	21.77908655	0.266861643188263	0.198377308469057
EIPR1	-0.183069588	0.634161115	0.541735315	-0.62884476	21.16750134	0.266212852414062	0.19780039122515
C19orf25	0.123310536	0.634765022	0.542340937	0.627660775	20.83681594	0.265727612894064	0.197387012558202
TRIQK	0.10551435	0.634842436	0.542496823	0.627414454	21.32845316	0.265602800811431	0.197334050561402
LGALSL	-0.065130278	0.634965955	0.542721554	-0.627059416	20.91414229	0.265422930221924	0.197249559671817
ARF4	0.04676418	0.634965955	0.542865429	0.626832162	26.22788412	0.265307814399925	0.197249559671817
RNASE4	0.14125423	0.634965955	0.542871656	0.626822327	17.66460414	0.265302832803963	0.197249559671817
ELAVL1	-0.036656395	0.635870039	0.543755315	-0.625427318	25.98709059	0.26459648495429	0.196631637673275
KIN	-0.125249098	0.635870039	0.54382439	-0.625318325	18.37932942	0.264541318622591	0.196631637673275
TARDBP	-0.063750316	0.637649427	0.545436342	-0.622777048	24.47637401	0.263255928726181	0.195418026239644
DBR1	-0.053928609	0.63813601	0.545986545	-0.621910608	23.69228993	0.262818059684008	0.195086747458736
SUMF1	-0.093767932	0.63813601	0.546032975	-0.621837514	17.30013166	0.262781129404946	0.195086747458736
LMBRD1	-0.361867207	0.638415428	0.546716911	-0.622318261	20.27878169	0.262237492341487	0.194896626334166
PRPSAP2	-0.040321703	0.638415428	0.546364284	-0.621316043	24.65016841	0.262517698361466	0.194896626334166
ERLIN1	-0.08338922	0.638415428	0.546515785	-0.621077644	21.0992704	0.262397289817856	0.194896626334166
EFNB3	0.144530082	0.638415428	0.546592976	0.620956191	18.38823899	0.262335953514271	0.194896626334166
POLR2C	-0.082004087	0.638415428	0.546723305	-0.620751153	21.65166987	0.262232413181462	0.194896626334166
OBI1	-0.153873888	0.638497624	0.546883956	-0.62049845	18.33445286	0.262104817387611	0.194840714509585
BMP2K	-0.091980697	0.63886667	0.547290362	-0.619859361	19.18824612	0.261782199887958	0.194589768641471
FCHSD2	-0.09578415	0.638976979	0.547475186	-0.619568805	18.06185535	0.261635560191025	0.194514788278794
USP36	-0.332788842	0.639533034	0.548083366	-0.61924301	17.85375757	0.261153378303705	0.194137017857122
VPS8	0.070409929	0.639533034	0.548132426	0.618536028	23.3959186	0.261114505506119	0.194137017857122
POLR3GL	-0.085429189	0.639569952	0.548254479	-0.618344312	17.32011265	0.261017811639425	0.194111948282799
VTI1B	0.079468017	0.640071856	0.548775206	0.617526644	21.12755914	0.26060551854881	0.19377126834024
AAMDC	0.042061057	0.640132359	0.54891757	0.617303174	24.89044791	0.260492867903164	0.193730218453432
RTF2	0.047339609	0.640332119	0.549179385	0.616892284	23.45687461	0.260285773599849	0.193594713458332
UBA7	-0.334621357	0.640364578	0.549297747	-0.618571821	22.06658367	0.26019218227752	0.193572699245874
SRSF4	0.17281536	0.64070909	0.549728387	0.616031039	18.33841245	0.25985183625758	0.193339114452284
AP1B1	0.033666801	0.64070909	0.54977441	0.615958864	26.5888121	0.259815478851293	0.193339114452284
THOC3	-0.06233343	0.641983955	0.550959089	-0.614102128	23.20278726	0.258880648119513	0.192475826046473
ARID1B	-0.079019314	0.64232385	0.551341592	-0.613503111	20.71671113	0.258579244062086	0.192245951983888
NKTR	-0.138665497	0.642339924	0.551446192	-0.613339343	18.54608201	0.25849685794283	0.19223508400482
TUT4	0.160188107	0.642732946	0.551874458	0.612669003	20.3473281	0.25815970560198	0.191969437915523
SPINT1	0.054496041	0.643276825	0.552519647	0.611659673	24.63917875	0.257652274327052	0.191602094419491
ORC5	0.054488107	0.643276825	0.552523323	0.611653924	22.97559652	0.257649384907258	0.191602094419491
BRMS1L	0.126908705	0.643439867	0.552754322	0.611292712	19.46488462	0.257467852976453	0.191492034074836
ZFYVE26	-0.071251781	0.644004931	0.553330785	-0.610391664	20.29601386	0.257015166793438	0.191110807332903
PHF20L1	0.459676329	0.644363463	0.553729926	0.61150224	18.71969363	0.256702004670368	0.190869093124559
YY1AP1	0.118907335	0.645088371	0.554444062	0.608653014	19.74294869	0.256142263383495	0.190380787056581
R3HCC1	-0.098371581	0.64518177	0.554615542	-0.60838538	21.43604505	0.256007964346578	0.190317912362209
CARM1	-0.0909999	0.647566848	0.556757361	-0.605046419	22.16348364	0.254334032362091	0.188715392931637
RRP15	-0.072420781	0.648274677	0.557457571	-0.603956375	21.86464589	0.253788181879438	0.188240942540175
DDX18	0.048163499	0.648489022	0.557733561	0.60352694	24.76392581	0.253573221532161	0.188097371507699
PLA2G12A	0.256943799	0.648776371	0.558072409	0.603212321	18.87377876	0.253309448394027	0.187904975891822
EIF4EBP1	0.18976621	0.649011458	0.558366374	0.603525514	22.30613485	0.25308074372653	0.187747635861807
CIITA	-0.124532628	0.649620102	0.558981843	-0.601586092	18.02155297	0.252602298755752	0.1873405446465
SF3B6	0.055004069	0.650994505	0.560256509	0.599606682	23.98359726	0.251613089176905	0.186422677266293
DGKA	0.152956597	0.651667924	0.560928186	0.598564641	19.98502804	0.251092736641022	0.185973655055702
DNAH2	0.094485161	0.65168268	0.561092835	0.598309309	20.19498888	0.250965277081306	0.185963821248352
HIBCH	0.048329104	0.65168268	0.561182711	0.598169949	24.10015619	0.25089571724624	0.185963821248352
WASHC2A	0.061354036	0.65168268	0.561217259	0.598116384	23.10318512	0.250868981668609	0.185963821248352
MCEMP1	-0.120588043	0.651778483	0.561418885	-0.597803802	19.59724217	0.250712982664626	0.185899980889305
FDX1	0.102256417	0.651778483	0.561484037	0.59770281	21.60421744	0.250662586225963	0.185899980889305
CAMSAP3	-0.061551119	0.651836387	0.561626065	-0.597482675	21.28649217	0.250552744854409	0.185861399881562
DDX39A	0.093121517	0.652822431	0.56256793	0.596023607	22.60372793	0.249825029051399	0.185204931625274
MRPL20	-0.114506691	0.654060029	0.563726887	-0.59423007	20.55441436	0.248931250974977	0.184382390716917
CAMKMT	-0.094503415	0.654065229	0.563823829	-0.59408014	19.03330663	0.248856573401416	0.184378937941592
C7orf50	-0.060873454	0.654492778	0.56428491	-0.593367223	22.67411952	0.248501563395309	0.184095141308875
RPL37A	0.081536133	0.655157437	0.564950574	0.592404019	24.17183651	0.247989545769963	0.183654324734306
PBLD	0.311834534	0.656651946	0.566332135	0.590742277	17.98655844	0.246928794797241	0.182664764359027
RUFY2	0.084569751	0.656925555	0.566660975	0.589698412	20.81158368	0.246676695468165	0.182483843354325
SLC66A3	0.103744933	0.657037574	0.566850483	0.589406159	18.14902909	0.246531478975006	0.182409793736627
ISG20	0.094954304	0.657239346	0.567117468	0.588994514	20.60649669	0.246326975639103	0.182276445177343
ALAD	-0.053850355	0.657829526	0.567719714	-0.588066339	21.80540937	0.245866024688163	0.181886637555864
IL1RL2	-0.140649788	0.657920086	0.567890874	-0.587802647	17.34725998	0.245735110367936	0.181826854588065
AAR2	-0.056598851	0.658123533	0.568159516	-0.587388859	22.95686633	0.245529715006235	0.181692579539901
TMCO1	-0.033648948	0.658189842	0.568340991	-0.587109394	23.38722048	0.245391019790021	0.181648824559709
NUDT2	-0.056353234	0.658189842	0.568410525	-0.587002327	22.98673389	0.245337889036083	0.181648824559709
RBX1	-0.079045993	0.658189842	0.568587337	-0.586730107	22.65250021	0.245202816703725	0.181648824559709
PSMD14	0.042668225	0.658189842	0.568588934	0.586727648	24.98584549	0.245201596895846	0.181648824559709
AGPAT5	0.181499039	0.658526739	0.569066151	0.586015613	19.66030849	0.244837246180662	0.181426586132132
HYPK	0.071155864	0.658526739	0.569039853	0.586033622	23.52460209	0.244857316501435	0.181426586132132
WDR89	-0.087066132	0.659053697	0.569718876	-0.584989074	18.29225483	0.244339391203607	0.181079199426101
THADA	-0.107549059	0.659053697	0.569737916	-0.584959795	21.11162574	0.244324877328234	0.181079199426101
PEA15	0.037667848	0.659053697	0.569801019	0.584862758	26.52029054	0.244276778428094	0.181079199426101
CDK8	0.078245132	0.659220925	0.57003879	0.584497181	20.28982353	0.244095590450733	0.180969015710512
PIP5K1A	-0.087272837	0.659950202	0.570762699	-0.583384661	21.29355422	0.243544417035674	0.180488833871079
CUL1	0.044214877	0.660467611	0.57130355	0.582553968	24.82224152	0.243133077286168	0.180148475110578
ELP5	0.174653475	0.660635908	0.571542516	0.582187075	17.68153362	0.242951457696684	0.18003782449499
NFATC2	0.241555583	0.660984034	0.571937132	0.58178247	19.19991362	0.242651706742001	0.179809030725315
IGLV2-11	-0.148609662	0.66100356	0.572047469	-0.581412073	18.79363436	0.242567931575174	0.179796201506505
VTI1A	0.264222246	0.661215944	0.572324742	0.581473202	19.79291321	0.242357478830726	0.179656682765844
SGPL1	0.025684927	0.662002291	0.573098958	0.579799432	25.69675454	0.241770381169299	0.179140507589097
IPO13	0.098396384	0.662179544	0.573346015	0.579420757	18.82917491	0.241583201677909	0.17902423956876
PRMT5	-0.037087539	0.662314898	0.573556837	-0.579097691	25.79842388	0.241423538926813	0.178935475896156
MRPL48	0.076102656	0.662655129	0.573952755	0.578491153	21.79291085	0.241123855140799	0.178712436210564
EIF3A	-0.030138366	0.662655129	0.574038823	-0.57835933	27.50777668	0.241058734702191	0.178712436210564
KIFBP	0.047731853	0.663547165	0.574905368	0.577032692	26.91572731	0.240403636245493	0.178128202006423
ARHGAP12	-0.058705364	0.663640496	0.575080045	-0.576765401	20.70884877	0.240271701949734	0.178067120759892
TLCD1	0.130002481	0.664120047	0.575589484	0.575986103	18.93993775	0.239887149208141	0.177753410033594
SNAPC5	0.091585084	0.664166967	0.575724038	0.575780335	18.33588123	0.239785637224016	0.177722728265445
ABCF1	0.033532767	0.665272517	0.576776413	0.574171866	26.04887773	0.238992508193963	0.1770004172751
PAIP2B	-0.154721074	0.665629478	0.577179985	-0.573555455	16.85978838	0.238688737444738	0.176767453169772
MRPL35	0.075107299	0.66626728	0.577827221	0.572567355	21.12143223	0.238202002727844	0.176351514158499
STK11	0.096609684	0.667314689	0.578829931	0.571037738	17.86587721	0.237449019826584	0.175669315308928
PPP4C	-0.05115018	0.667759369	0.579310044	-0.570305833	23.73380267	0.237088941696072	0.175380009893701
TMEM184B	0.123429661	0.668011144	0.579622901	0.569829074	17.08065556	0.236854463812582	0.175216292408681
MIB2	0.164507842	0.668455146	0.58010265	0.569098256	17.84685618	0.23649515060248	0.17492772901267
SAMM50	-0.065412736	0.668618398	0.580338841	-0.568796157	25.25307756	0.236318361940256	0.174821677339701
TERF2IP	-0.122910826	0.670541177	0.58210254	-0.566112381	21.99360863	0.235000505670321	0.173574547574072
STX12	0.132209769	0.671174384	0.582841991	0.56498846	21.48310748	0.234449166918093	0.173164627119376
DDA1	-0.05486624	0.671174384	0.582805687	-0.564986606	21.19925449	0.234476219049151	0.173164627119376
PARD3B	0.255179337	0.671773432	0.583457162	0.564344164	19.28097207	0.23399102477709	0.172777176088218
STRN3	0.05868829	0.673024862	0.584639211	0.562203333	21.93609432	0.233112060429392	0.171968892343669
GTF2H1	-0.060743259	0.673199632	0.584886194	-0.561828765	21.43672052	0.232928629859761	0.171856130100274
NUBP1	-0.058562918	0.673297744	0.585112089	-0.561486255	22.11642021	0.232760928838941	0.171792840708042
LONP2	0.117082583	0.673297744	0.585161794	0.561410898	17.32043528	0.232724037291502	0.171792840708042
ANKS1A	0.088545217	0.673853635	0.585740176	0.560534288	22.1360256	0.232294986631587	0.171434424554809
APOB	-0.065754548	0.674320811	0.586241587	-0.559774704	22.24580384	0.231923376678895	0.171133436848655
TOP1	-0.035750732	0.674439428	0.586460861	-0.559442634	26.88982307	0.231760966359897	0.171057048611215
PHKB	0.129562572	0.674439428	0.586535392	0.55932978	20.36612998	0.231705777092256	0.171057048611215
NME1	0.027684126	0.67513708	0.587237554	0.558266933	29.99934058	0.231186178954615	0.170608038956584
RBM41	-0.183582073	0.675380464	0.587544723	-0.55782192	18.70937562	0.230959069970485	0.170451505885544
RUSF1	0.122048819	0.67609855	0.588264995	0.556712919	20.67362844	0.230426993752016	0.169989995475913
PGS1	-0.421159679	0.677337318	0.589630083	-0.556238746	19.19031938	0.229420366825383	0.169194996215573
CTDSPL2	0.190399198	0.677337318	0.589511865	0.554884429	19.39440575	0.229507449513469	0.169194996215573
CDCP1	-0.041100911	0.677337318	0.589581063	-0.554724429	22.89428328	0.22945647421054	0.169194996215573
BABAM1	-0.175770082	0.67774422	0.590080103	-0.555252092	23.03145154	0.229089029155258	0.168934177521449
LARS2	-0.090825896	0.677766069	0.590194937	-0.553847237	22.97123321	0.229004520424662	0.168920177037331
S100A10	0.039312845	0.67787894	0.590389051	0.553504763	28.20021249	0.228861705274403	0.168847858322248
SMIM8	0.071921125	0.678850102	0.591330835	0.552084229	17.99182601	0.228169474085295	0.168226112407457
SP140L	-0.050318522	0.679290489	0.591810472	-0.551361224	22.67810725	0.227817354329869	0.167944466086049
EHBP1	0.120987496	0.679761379	0.592316813	0.550598297	18.32303104	0.227445939671243	0.167643513721269
SMU1	0.036691184	0.681022078	0.593511608	0.548799388	24.69130168	0.226570782621696	0.166838808501095
SELENOH	-0.092835024	0.681302137	0.59385199	-0.548294691	22.63816152	0.226321783867418	0.166660248832726
SNRPC	0.080293705	0.681591216	0.594200315	0.547847199	23.9335844	0.226067122302255	0.166476015171096
GPD2	0.045575304	0.681959672	0.594617933	0.547135355	25.57422485	0.225761997106357	0.166241306788847
SMG1	-0.058238462	0.682589373	0.595263478	-0.546165125	20.60696576	0.225290762483755	0.165840477386688
PSMG3	0.257395467	0.68266496	0.595501747	0.546250565	19.59647035	0.225116960106734	0.165792388153431
FAHD1	0.039549077	0.68266496	0.595522401	0.545776127	23.68567925	0.225101897577153	0.165792388153431
RABEP2	0.064851697	0.68317976	0.596068063	0.544956627	20.74631917	0.22470414680739	0.165465008610798
KTI12	0.161592916	0.683404788	0.596457614	0.544554099	21.2873116	0.224420413116787	0.16532198281748
HS2ST1	-0.120409566	0.683404788	0.596417155	-0.544432549	19.91079997	0.224449873242706	0.16532198281748
TBC1D22A	-0.105227617	0.684865319	0.597829141	-0.542314397	19.71127758	0.223422919228084	0.164394825538209
RTN3	0.042627795	0.684991506	0.598036124	0.542004115	25.20836331	0.223272581931273	0.164314813792539
ARL2	0.143266867	0.685191861	0.598307906	0.541777702	21.93457102	0.223075258382275	0.164187804410236
CALU	0.037578356	0.685247367	0.598453242	0.541378991	26.86499142	0.222969775975468	0.164152624521872
PIKFYVE	0.129227059	0.685282187	0.598580525	0.54118828	17.97523209	0.222877417169438	0.164130556943951
FAM111A	-0.088203374	0.685944862	0.599256325	-0.540176062	17.70864022	0.222387373400939	0.163710792589958
TRAPPC14	-0.110313708	0.686316117	0.599677681	-0.539545249	18.31022529	0.222082114575458	0.163475802301259
NNMT	-0.10360786	0.687693574	0.600978467	-0.537599274	21.31643223	0.221141088447529	0.162605033807432
ZCCHC17	0.094293671	0.687742812	0.601118717	0.537389589	18.90060355	0.221039749217766	0.162573939978699
MSTO1	-0.42593421	0.687858889	0.601317411	-0.538607784	19.63606379	0.220896221080906	0.162500646087511
MRPS36	-0.080716708	0.687927461	0.601474603	-0.536857622	21.93570432	0.220782705830067	0.162457353840517
HIRIP3	0.119790675	0.689161628	0.602651093	0.53510019	20.65237969	0.21993405144241	0.161678911740247
PSMB2	0.044578575	0.689637341	0.603175078	0.534318029	25.90505539	0.219556610955718	0.161379231302834
RBM19	-0.081550323	0.689637341	0.603348745	-0.534058869	19.28864345	0.219431586287541	0.161379231302834
MYO15A	-0.105192958	0.689637341	0.603359556	-0.534042737	20.00450827	0.219423804526795	0.161379231302834
EIF2B3	0.049107808	0.68996425	0.603743103	0.533470519	23.57247917	0.219147817476292	0.161173411335145
AXIN1	-0.080256579	0.691748243	0.605473286	-0.530891535	16.69309225	0.217905013542771	0.160051935268143
STK26	0.100361608	0.691748243	0.605499734	0.53085214	22.10938822	0.217886043309298	0.160051935268143
MAP1LC3A	0.060681964	0.692855317	0.606653968	0.529133775	21.31471165	0.217058957424556	0.159357445891393
OSBPL2	-0.041259334	0.692855317	0.606664664	-0.529117859	22.48223501	0.217051300385991	0.159357445891393
TRAPPC11	0.059402008	0.693236593	0.607096508	0.528475383	21.13903874	0.216742265168053	0.159118520801557
BZW1	0.039855484	0.693268165	0.607222159	0.528288489	26.92584852	0.216652388371091	0.159098742224807
ARFGAP2	0.0277924	0.695902695	0.609628075	0.524713681	24.85129718	0.214935040787847	0.157451481623447
SPATA5	-0.047659663	0.696394059	0.610156966	-0.523928787	23.06825422	0.21455842613936	0.157144942543969
RPL17	-0.044384803	0.696871749	0.610674013	-0.523161802	27.47227561	0.214190560847157	0.156847141308917
FRA10AC1	0.06910187	0.69927165	0.612875916	0.519899153	20.99013244	0.212627444651826	0.15535407864971
SIRT2	-0.087695972	0.699431207	0.613114633	-0.519545789	20.65200691	0.212458318589262	0.155254994380878
RPS27A	0.025566722	0.699614282	0.613374015	0.519161915	28.79870256	0.212274626431706	0.155141333369348
CDS2	-0.290013672	0.699650683	0.613592664	-0.519487995	18.14793564	0.212119841372251	0.155118737572504
IGSF9	0.189904783	0.699650683	0.613603737	0.518875857	18.66361941	0.212112004089165	0.155118737572504
MED21	-0.071532829	0.699737587	0.61377887	-0.518562907	20.42774709	0.211988066703086	0.155064796963579
RPS6KA1	0.045654736	0.700744115	0.614760811	0.517110887	24.51752575	0.21129382514905	0.154440540850956
CLIC5	-0.755037418	0.701711213	0.61570844	-0.517139812	18.93104637	0.210624893151568	0.153841583603553
RBPMS2	-0.102086861	0.701807679	0.615892292	-0.515439171	18.03116433	0.210495231147307	0.153781884155549
CACHD1	-0.129255129	0.702486656	0.616587454	-0.514412857	17.25650653	0.210005316317267	0.153361920932644
UIMC1	-0.221533762	0.702540589	0.616734105	-0.514364311	17.31512929	0.209902034703643	0.153328579508999
NOM1	0.069285462	0.702869928	0.617122579	0.513623208	20.48152086	0.209628563526114	0.153125037396195
SOX2	-0.086633322	0.70302948	0.617362048	-0.513269948	17.77057242	0.209460072053127	0.153026463411343
DMAC2L	0.066032807	0.70378744	0.618127137	0.512141764	21.72978072	0.208922189605636	0.152558487980176
RARS1	-0.022289474	0.704280804	0.618705242	-0.51128976	27.32122519	0.208516204390489	0.152254148652234
PAPOLG	-0.149161656	0.704280804	0.61875957	-0.511209713	17.78198363	0.208478071022333	0.152254148652234
BORCS7	-0.066225109	0.704451775	0.619031978	-0.510808397	20.66719973	0.208286915583718	0.152148732246967
MOB1A	-0.07436302	0.704451775	0.619108946	-0.510695021	20.02452996	0.208232920473665	0.152148732246967
MED9	-0.295115754	0.705416264	0.620130169	-0.510272556	19.70680899	0.207517139945565	0.151554531507164
MRPS16	0.054331652	0.705416264	0.620156028	0.509153345	22.52263159	0.207499030543015	0.151554531507164
YARS2	0.02521851	0.705676395	0.620484475	0.50867002	24.79289837	0.207269080412119	0.151394409549997
EIF2AK3	0.108605202	0.706076034	0.620935681	0.508006255	20.22174264	0.206953383452176	0.151148529304248
DCP1A	-0.032597857	0.706439511	0.621355193	-0.507389327	22.91063369	0.20666006767979	0.150925018760323
EXTL3	0.075330238	0.706614072	0.621608619	0.507016742	17.49699181	0.206482972395384	0.150817717975196
YTHDF2	-0.148641009	0.708295647	0.623188028	-0.504739723	20.14664346	0.205380898441203	0.149785427253833
UBA52	-0.409061626	0.710039845	0.624823019	-0.503674112	21.54513278	0.204242979065892	0.1487172794808
ITGB8	-0.048161394	0.710887224	0.625669191	-0.501057065	22.40703529	0.203655229884423	0.14819929080223
EIF1AX	-0.041883706	0.711628411	0.626422125	-0.49995407	24.61353147	0.203132911557199	0.147746721501243
LUZP1	-0.052803953	0.712356672	0.627163889	-0.498868071	23.240649	0.202618955520559	0.147302503700037
RRM2B	-0.235090335	0.712603629	0.627482048	-0.499202639	20.52218253	0.202398694653402	0.147151970294487
PRKD3	0.171272891	0.712898179	0.627842191	0.497923034	19.40632336	0.20214950306285	0.146972494630904
CARHSP1	0.04194885	0.712955494	0.627993453	0.497654267	24.43061947	0.202044883875533	0.146937579984731
USE1	0.096365798	0.714200209	0.629190798	0.495903704	18.57458659	0.201217637617483	0.146180027053439
BCHE	0.059846098	0.714802009	0.629854475	0.494934079	22.7773828	0.200759780713139	0.145814235550294
DHX40	0.115409089	0.714802009	0.62992306	0.494833906	20.60861422	0.200712492860731	0.145814235550294
PDHB	-0.038358902	0.714828052	0.63004706	-0.494652807	25.19630414	0.200627010649566	0.145798412811948
TMEM138	-0.239771575	0.71528916	0.630554595	-0.494255011	18.08654126	0.200277305156307	0.145518356512757
ENTPD2	0.556208581	0.715299717	0.630665018	0.495094474	19.62653081	0.200201257972765	0.145511946779088
FBXL14	-0.177421824	0.715331861	0.63079448	-0.493608516	18.78838426	0.200112115780721	0.145492430976357
PDE12	-0.041020267	0.716304183	0.631753152	-0.492162861	24.10902093	0.199452582581309	0.144902512685419
C8orf82	0.116112351	0.716412839	0.631950257	0.491892822	21.16296075	0.199317105199607	0.144836639661519
PLEKHG5	-0.179328201	0.717121154	0.632676438	-0.49086653	18.76127428	0.198818339141491	0.144407466272558
DYNC1LI1	-0.034210892	0.718103675	0.633655667	-0.489390068	26.01790113	0.198146676732702	0.143812850701967
ITM2B	0.148359245	0.718103675	0.633746288	0.489258094	18.8465584	0.198084571415354	0.143812850701967
DCTPP1	-0.102222509	0.718736174	0.634406089	-0.48833885	21.91241044	0.197632657332304	0.143430496546849
SMARCD2	0.045969121	0.71915676	0.634974503	0.487470297	24.46697737	0.197243713178451	0.143176432868176
BOD1L1	-0.065386974	0.71915676	0.634980651	-0.487461352	22.1113439	0.197239508238668	0.143176432868176
HMG20B	-0.196172112	0.719416519	0.635413403	-0.486987306	18.54577522	0.196943628684902	0.14301959427928
PLD1	-0.056071183	0.719416519	0.635373789	-0.486889451	20.17452609	0.196970705038394	0.14301959427928
MTMR3	-0.068429143	0.719943041	0.635980218	-0.486007607	21.13863847	0.196556392758903	0.142701861843612
RHBDD1	-0.075122249	0.720936706	0.637053587	-0.484447742	17.10977294	0.195824034604105	0.142102862106583
PCCA	-0.054867915	0.720936706	0.637118687	-0.484353177	20.53800392	0.195779656663424	0.142102862106583
POLG2	0.115865067	0.720936706	0.637163739	0.484287737	20.55716402	0.195748947874528	0.142102862106583
ARAP3	-0.120496416	0.721253671	0.637545831	-0.483732813	18.32991768	0.195488589819557	0.141911963380773
MTDH	0.031400408	0.721857567	0.638181682	0.482809698	25.19075711	0.195055665702665	0.141548486596937
ZBTB25	0.056547094	0.722226191	0.638626945	0.482163537	22.06751518	0.194752761621904	0.141326766254627
MAN2B1	0.083434021	0.722226191	0.638711768	0.482040466	19.56174797	0.1946950820722	0.141326766254627
ZNF609	0.055256429	0.722754051	0.63928076	0.481215113	21.17966644	0.194308366036291	0.141009465451818
EIF4E2	0.042963609	0.722778852	0.639404871	0.481035131	22.08559134	0.194224059587065	0.140994563075781
DERPC	0.057478496	0.723120447	0.639809284	0.480448775	20.99549757	0.193949462343946	0.140789358153961
NFKBIB	-0.103991649	0.723779212	0.640494468	-0.479455732	19.49661368	0.193484616937951	0.140393894622872
PPIL2	-0.072931459	0.724258174	0.641025996	-0.478685731	21.51418518	0.193124357859616	0.140106594635678
C6orf47	-0.077404745	0.724258174	0.641200206	-0.478433427	18.30129565	0.193006346790992	0.140106594635678
YTHDF1	-0.065782087	0.724258174	0.641225465	-0.478396846	21.11219277	0.192989238829778	0.140106594635678
GAS2L1	-0.140220988	0.724278226	0.641430646	-0.478099735	18.35533442	0.192850294375239	0.140094570812249
KIF5B	0.024569323	0.724278226	0.641533517	0.47795079	27.01165766	0.192780648926002	0.140094570812249
CCDC50	0.091406411	0.724278226	0.641589681	0.477869475	21.86224518	0.192742629637854	0.140094570812249
MFN2	-0.022370021	0.724278226	0.641652762	-0.47777815	27.60823183	0.192699931969328	0.140094570812249
MYO19	0.204228912	0.725019518	0.64251447	0.476681994	17.70370932	0.192117087186724	0.139650301779904
MBOAT7	0.031979073	0.725019518	0.642431998	0.476650372	24.45907624	0.192172836022107	0.139650301779904
TMEM256	0.092911231	0.72512396	0.642709532	0.476248856	20.36026434	0.191985259037315	0.139587744405346
ABL2	0.083219326	0.725906411	0.643505669	0.475097518	18.32936702	0.191447622800662	0.1391193680138
PTTG1IP	-0.096131356	0.726162236	0.643835107	-0.47477141	22.98126149	0.191225345822693	0.138966340280281
BRD7	0.204959552	0.726454168	0.644196635	0.474434601	19.87132292	0.190981548073838	0.138791780144448
BRPF1	-0.384283423	0.72654458	0.644379516	-0.475103952	18.69252739	0.190858273699069	0.13873773270249
DCUN1D1	0.073864245	0.726746711	0.644832304	0.473291203	23.82268236	0.190553213917726	0.138616925017161
MRPS7	-0.038572276	0.726746711	0.644834144	-0.473177828	24.00148164	0.190551974679707	0.138616925017161
MAP3K20	0.074660729	0.726746711	0.644866992	0.473130385	20.17431133	0.190529852182105	0.138616925017161
RHBDF2	-0.178370915	0.726781922	0.645000976	-0.473008552	18.76993532	0.190439628200246	0.138595883886414
OXSR1	-0.044787168	0.726895069	0.645204148	-0.472643491	23.90700393	0.190302849206634	0.138528277233564
TM9SF2	-0.041216715	0.727396906	0.645752413	-0.471851985	23.97581797	0.189933962312017	0.138228550559262
AGPAT1	0.072426365	0.727562639	0.646002394	0.471491202	20.35891448	0.189765872563642	0.138129610450683
SNX15	0.144195411	0.727745566	0.646335962	0.471056933	20.3063012	0.189541679349405	0.138020431945626
INTS5	-0.118558254	0.727745566	0.646370567	-0.47095996	20.34355658	0.189518427729315	0.138020431945626
MYO1B	0.045604628	0.728421759	0.647105142	0.469967986	28.1559212	0.189025149191309	0.137617089685889
RALBP1	0.11409789	0.728421759	0.647177093	0.46984054	21.36469125	0.188976863088858	0.137617089685889
RAB32	0.030548828	0.731300422	0.649838062	0.465963573	25.51120267	0.187194854960159	0.135904175964213
TM2D2	0.067357781	0.732540655	0.651043695	0.464229259	18.91999528	0.186389862644457	0.135168267557875
RIMS2	0.120206062	0.732954125	0.651514777	0.463552007	17.05822025	0.186075729610982	0.13492320664514
VPS16	-0.10598206	0.733058498	0.651711181	-0.463414947	22.37805419	0.185944828022434	0.134861367316713
RABL2B	0.068842052	0.734406476	0.653013392	0.461399029	17.81502257	0.18507791212146	0.134063502179003
NDUFAF6	-0.072056745	0.735176214	0.65385895	-0.460185267	19.37485839	0.184515927277234	0.133608552622565
PDCD10	0.044995218	0.735176214	0.654051967	0.4599083	24.36137488	0.184387743900931	0.133608552622565
AP2A2	0.041481528	0.735176214	0.654085463	0.45986024	23.99778045	0.184365502922827	0.133608552622565
RPS12	0.039438067	0.735176214	0.654113527	0.459819974	27.8600673	0.184346869610257	0.133608552622565
SINHCAF	-0.130632049	0.735416856	0.654431595	-0.45936367	17.19405086	0.184135741728355	0.13346642017848
ANXA7	-0.023799472	0.735631053	0.654726196	-0.458941124	25.94804257	0.183940282339575	0.133339946288366
BROX	0.046432662	0.736325218	0.655448105	0.457906058	23.77345847	0.183461687809633	0.132930325354213
FBN2	-0.05253107	0.737704392	0.656780077	-0.456039756	25.28168514	0.182580029731787	0.132117630916452
IQCJ-SCHIP1	-0.091837235	0.738102881	0.657239193	-0.455340268	17.10087508	0.182276546277595	0.131883099509579
EXOC7	-0.029648968	0.73839181	0.657639166	-0.454767732	24.20869038	0.182012330092152	0.131713129007513
SNRPD2	-0.027428121	0.73839181	0.65770523	-0.45467318	26.16906058	0.181968704664828	0.131713129007513
CTIF	-0.211060998	0.738815949	0.658187462	-0.454137696	17.57308701	0.181650394961848	0.131463737909749
DDX23	-0.029004326	0.738982798	0.658540825	-0.453477645	25.86447052	0.181417296597959	0.13136567097003
KIF20B	0.091173695	0.738982798	0.658545033	0.453471627	19.51108294	0.181414521515122	0.13136567097003
MTMR2	-0.048401056	0.740070284	0.659618765	-0.451936393	20.78142092	0.180706997933474	0.130727033642132
ARHGEF16	-0.042890824	0.740524088	0.660127919	-0.451208796	23.84909933	0.180371899105358	0.130460810045765
APTX	-0.12603359	0.740605532	0.660305215	-0.451095538	21.31128969	0.180255272715208	0.130413048284279
MYADM	0.042073616	0.740725958	0.660517295	0.450652539	23.08890831	0.180115806323901	0.130342435666177
ARFGEF3	-0.066225137	0.741245193	0.66108509	-0.449841661	16.93853672	0.179742637732011	0.130038110032866
PTK7	0.023890856	0.741285592	0.66122591	0.449640601	25.37854113	0.179650137028058	0.130014440962441
KPNA3	-0.041527582	0.741388261	0.661422295	-0.449360241	23.70304669	0.17952117012343	0.129954294787821
UQCRH	-0.052776128	0.742730974	0.662725177	-0.447516496	24.48780772	0.178666530201913	0.129168464388174
SDHA	-0.024301413	0.742918857	0.662997844	-0.447112339	25.86135064	0.178487883873395	0.129058618112321
CMC1	-0.092976573	0.74293638	0.66314492	-0.446902621	21.51928633	0.178391552924396	0.129048374661927
PLOD1	0.041415025	0.74293638	0.663223528	0.446790543	24.8838674	0.178340075492578	0.129048374661927
TRAPPC13	-0.106546383	0.742959333	0.663349045	-0.446611594	18.90408605	0.178257891763234	0.129034957352547
ST6GALNAC5	0.086099827	0.743232323	0.663697849	0.446114385	19.50825644	0.178029589874824	0.128875411238196
SLC52A2	-0.060515308	0.743264666	0.663831801	-0.445923473	20.20407985	0.177941946461907	0.128856512597251
WDR74	-0.08799887	0.743345094	0.664008715	-0.445671356	21.1278573	0.177826220554314	0.128809520525001
TRMT10A	0.089280792	0.743593934	0.664336113	0.445204866	18.26412758	0.177612138872106	0.128664161720301
ARF6	0.034537143	0.743793011	0.664656118	0.44474901	22.99853264	0.177402993317865	0.128547906776178
AP1S2	-0.082849333	0.743793011	0.66472426	-0.444651953	18.50053863	0.177358470779242	0.128547906776178
PTPN6	0.101004104	0.743795728	0.664831833	0.444636106	22.22045304	0.177288194149848	0.128546320345633
U2AF2	-0.03585988	0.744474541	0.665543822	-0.443484969	25.88975468	0.176823343605966	0.128150149345341
GXYLT1	-0.062346157	0.745584807	0.666641773	-0.441922592	20.07882022	0.176107476131561	0.127502950309775
NDUFS5	-0.039453266	0.746376651	0.667455286	-0.440765712	22.3713405	0.17557782313778	0.127041955141068
TRIM24	0.140659786	0.746424831	0.667603888	0.440554456	18.45954117	0.175481142735708	0.127013921529904
CELF1	-0.046142114	0.746502855	0.667779201	-0.440305255	23.54772117	0.175367111833908	0.126968526976632
GGA1	-0.077017814	0.747789478	0.669121775	-0.438397796	20.07681721	0.174494836794508	0.126220650011818
CCSMST1	-0.113621567	0.747789478	0.66914156	-0.438369698	16.71715607	0.17448199550072	0.126220650011818
EPS15L1	0.027231573	0.749064248	0.670388147	0.43660016	24.07152516	0.173673672984584	0.125480930824934
CYP2U1	0.145496051	0.749146975	0.670792526	0.436026455	17.28161537	0.173411784967325	0.125432969791017
CKS2	-0.085241031	0.749146975	0.670832688	-0.435969485	19.28256423	0.173385783465854	0.125432969791017
CDK12	-0.0793301	0.749146975	0.670849278	-0.435945952	19.09291574	0.173375043296965	0.125432969791017
TMEM87A	0.04677477	0.749146975	0.670885791	0.43589416	22.65896968	0.173351406150127	0.125432969791017
CNKSR1	0.075160281	0.749690816	0.671506889	0.435013342	20.4687464	0.17294952753832	0.125117809395254
TBC1D8	0.093962943	0.749690816	0.671584775	0.434902912	18.13572688	0.172899157990266	0.125117809395254
HPF1	0.051109029	0.749861544	0.671843719	0.434535814	21.51437606	0.172731738656499	0.125018918245329
MRPL13	-0.104148114	0.750591119	0.672603492	-0.434326372	24.10124416	0.172240882260167	0.124596578468249
IPO7	0.023432025	0.750705729	0.672910077	0.43302472	27.14872901	0.172042967978058	0.12453026980886
PDSS2	-0.078625657	0.750705729	0.672918438	-0.433012876	16.77286729	0.172037571843078	0.12453026980886
PPAN	0.04724594	0.75079104	0.673101042	0.432754221	21.65026091	0.171919737129334	0.124480918924662
PGP	-0.060359312	0.751540144	0.673881013	-0.431649764	23.0463024	0.171416779962315	0.124047816338496
U2SURP	-0.030299789	0.751540144	0.673985111	-0.4315024	26.07842868	0.171349697354833	0.124047816338496
TRIR	-0.105030956	0.752394587	0.674900099	-0.430312377	21.81009541	0.170760508152654	0.123554337582699
RAD21	-0.072757881	0.752394587	0.67504489	-0.430134182	23.81735094	0.170667345937774	0.123554337582699
TP53	0.028807471	0.752394587	0.675070461	0.429966556	24.04505974	0.170650894981654	0.123554337582699
C5orf51	-0.078158834	0.752668387	0.675422522	-0.429468599	21.78509873	0.170424461886508	0.123396324486223
HSD17B11	-0.038254045	0.753267729	0.67614779	-0.428443133	22.68284549	0.169958367125862	0.123050637927078
INTS9	0.047053077	0.753267729	0.676173322	0.428407042	23.26021896	0.169941968052277	0.123050637927078
TXLNG	-0.06966988	0.753414127	0.676411241	-0.428070756	21.88292554	0.169789183653087	0.122966240755229
KLC4	-0.068182521	0.754453627	0.67745115	-0.426601505	20.99975706	0.169122015656987	0.122367449270687
CPT1A	-0.030540393	0.756186676	0.679114214	-0.424253865	25.77599882	0.168057179565409	0.121370979169537
IPO4	-0.023114529	0.756945846	0.679903012	-0.423141244	26.87587255	0.167553034878129	0.120935190017302
ALCAM	-0.046214493	0.756968188	0.680030087	-0.422962054	22.4280368	0.167471872104035	0.120922371578345
GGT2	0.1698318	0.757075403	0.680233427	0.422803874	18.26306906	0.167342030437771	0.120860863596366
FLNC	0.032165707	0.75731667	0.68056384	0.42220956	25.3201822	0.167131129741614	0.120722483411314
TFAP2C	-0.074327873	0.75731667	0.680664318	-0.422067932	17.24390557	0.167067015521268	0.120722483411314
TSR2	-0.116278862	0.758753828	0.682109562	-0.420159286	21.31184656	0.166145862366332	0.119899104845736
LSM3	-0.049623648	0.758753828	0.682170532	-0.419945957	23.80918463	0.166107044920126	0.119899104845736
ACTR5	-0.193675797	0.75922474	0.682808566	-0.419419437	20.06262292	0.165701039192927	0.119629648485898
YY1	-0.035227968	0.75922474	0.682798346	-0.419062082	22.79088409	0.165707539584169	0.119629648485898
TIMP3	-0.066436569	0.75994022	0.68355946	-0.417991007	21.07071919	0.165223701978767	0.119220569752425
C6orf132	0.030438251	0.760181397	0.683883858	0.417534656	23.20535496	0.165017646982368	0.119082762566514
UPF3B	0.038745212	0.760302509	0.684100293	0.417230234	21.58667571	0.164880223567183	0.119013576338109
RAB4B	0.067662845	0.760691	0.68455738	0.416587465	17.48036646	0.164590143186754	0.118791722003768
CLDN6	0.076570256	0.76079553	0.684758996	0.416304005	21.10473581	0.164462253506282	0.118732047729471
CALR	-0.019763201	0.760811131	0.684880589	-0.416133071	29.14305629	0.164385142462391	0.118723142105717
DPP8	-0.160387662	0.762021245	0.686163704	-0.414416819	18.87849051	0.16357225854656	0.118032920448262
GPS1	0.021598532	0.762021245	0.686211426	0.414263034	25.29394216	0.163542054849596	0.118032920448262
EVI5L	0.083503649	0.762021245	0.686293095	0.414148327	16.65989262	0.163490370653964	0.118032920448262
STRN4	-0.042855833	0.762022095	0.686401581	-0.413995962	22.74512943	0.163421724840608	0.118032436012813
AADAT	-0.061818946	0.762473286	0.686915784	-0.413273928	17.42438634	0.163096504259255	0.117775367648096
RSL1D1	-0.04416514	0.762779175	0.687366132	-0.412655499	25.30844691	0.162811870289965	0.117601172346069
UBE2W	-0.060931916	0.762779175	0.687407017	-0.412584361	18.12515282	0.162786038930208	0.117601172346069
SRP54	0.027124506	0.763028115	0.687750733	0.412101996	25.29967237	0.162568938069961	0.11745945947054
MAP2K5	-0.060513237	0.763028115	0.687904981	-0.41188556	17.74644002	0.162471545888409	0.11745945947054
SNU13	-0.023423097	0.763028115	0.68795495	-0.411815449	23.99935009	0.162440000146744	0.11745945947054
KL	0.114137476	0.763561064	0.688543402	0.410989968	17.64276626	0.162068679001808	0.117156225539077
INTS12	-0.185933661	0.763685378	0.688763459	-0.410905034	19.29941891	0.161929901588693	0.117085524592775
SZRD1	-0.039388705	0.76385288	0.689077958	-0.410240352	22.52526736	0.161731641932754	0.116990279587659
MYEF2	0.066656346	0.76385288	0.689130489	0.410180349	22.88819203	0.161698535295671	0.116990279587659
CARS2	-0.062890336	0.764830354	0.690120462	-0.408779143	20.15695168	0.161075095616831	0.116434884443894
SLC25A19	0.088915375	0.764899333	0.690290832	0.408540435	20.75339107	0.160967894594094	0.116395717786749
KCTD10	-0.05519729	0.76490601	0.690404987	-0.408380505	18.82630901	0.160896080243659	0.116391926736771
UFM1	0.032744188	0.765611948	0.691150396	0.407336467	24.1401519	0.160427438811173	0.115991297658093
ANKRD40	0.051763581	0.765668832	0.691321592	0.407096754	21.41846955	0.160319878615886	0.115959031325696
HOOK3	-0.038640749	0.765668832	0.691418222	-0.406961461	21.39137626	0.160259179017264	0.115959031325696
MRPS18B	-0.051366495	0.765782752	0.691629347	-0.406665889	22.30251029	0.160126587159602	0.115894419648792
MOGS	0.018197516	0.765963319	0.692008057	0.406135796	25.6607642	0.159888849054412	0.115792027674611
ELOA	-0.083706223	0.765963319	0.692008987	-0.406134495	20.35434934	0.15988826539994	0.115792027674611
MMGT1	0.047365063	0.766746664	0.692825088	0.404992586	22.52998658	0.159376394399069	0.11534810489167
UBP1	-0.038351525	0.767004111	0.693166141	-0.404515544	21.58114856	0.159162659368389	0.115202308306781
VPS53	-0.243620273	0.767236968	0.69348504	-0.404714263	18.48931128	0.158962903178334	0.115070479597026
DNAJC9	-0.027212286	0.767899567	0.694192498	-0.403080539	24.60588418	0.158520083973175	0.114695577299121
ELP4	-0.082698748	0.769195173	0.695478254	-0.401284109	18.39964098	0.157716444845839	0.113963449792426
ABCC1	-0.054795604	0.769195173	0.695678341	-0.401004676	23.10910076	0.157591517600535	0.113963449792426
R3HDM4	-0.111431486	0.769195173	0.695689952	-0.400988462	18.450903	0.157584269205909	0.113963449792426
TIMP1	0.057236305	0.769249109	0.695847476	0.400768495	18.85806834	0.1574859437094	0.113932998111518
TMEM192	0.097333562	0.769543257	0.696222342	0.400245118	20.50849777	0.157252044177805	0.113766962904116
IP6K2	0.150235911	0.769675212	0.696450528	0.399981154	18.66557846	0.157109728026369	0.113692500013169
YWHAQ	0.030614034	0.769698507	0.696580413	0.399745298	29.2190179	0.157028741542457	0.113679355849628
BCL9L	-0.07302276	0.769747023	0.696733134	-0.399532153	19.90091809	0.156933535566776	0.113651982057337
XYLT2	-0.113100702	0.770007399	0.697186512	-0.398937275	20.70103286	0.156651023484928	0.11350510167241
PITPNC1	0.070657056	0.770007399	0.697140631	0.398963523	18.44475895	0.156679604819275	0.11350510167241
BHLHE41	0.131433814	0.772472554	0.699527732	0.39564831	18.5074467	0.155195063708485	0.112116942140151
WDFY3	-0.04987307	0.773321194	0.700405554	-0.394412549	19.39492456	0.154650418753656	0.111640087182461
CDC42EP3	0.395900309	0.773897976	0.701146752	0.394373217	19.08488827	0.154191073454835	0.111316289162992
NDC1	-0.041084053	0.773897976	0.70106607	-0.393492923	23.01756694	0.154241051242625	0.111316289162992
TPRN	-0.145117511	0.774600209	0.702001971	-0.392401342	20.58485291	0.15366166850663	0.110922390170057
NNT	-0.029118742	0.774600209	0.701908189	-0.392320971	25.0871942	0.153719690745265	0.110922390170057
ATRN	0.160273764	0.776078236	0.703488426	0.390239272	18.84176515	0.15274304331194	0.110094495558301
SLC41A3	0.056778103	0.776078236	0.703560889	0.390022633	18.42170075	0.152698311004785	0.110094495558301
STXBP4	0.352013256	0.777121807	0.704616804	0.389532524	18.91577938	0.152047003792512	0.109510904028008
PITHD1	0.030408258	0.777147277	0.704749757	0.388370692	22.23770305	0.151965065202479	0.109496670353068
WDR54	-0.063851172	0.777547292	0.705222424	-0.387714233	20.57025785	0.151673886865298	0.109273186828425
BAP1	-0.113429098	0.777757739	0.705598182	-0.387192493	19.02217422	0.151442546850706	0.109155658794285
RAB3GAP2	-0.023709086	0.777757739	0.705633188	-0.387143893	25.31685409	0.15142100125165	0.109155658794285
ITGA2	-0.23647947	0.778903542	0.706892952	-0.386310651	20.39301906	0.150646348403445	0.108516321237438
DCAF6	0.115098476	0.778903542	0.706819569	0.385497377	18.38315814	0.150691435125846	0.108516321237438
WDR55	0.119885292	0.778977508	0.707180316	0.385110925	21.28331464	0.150469836190055	0.108475081855686
PTPN3	-0.114020842	0.778977508	0.707149039	-0.385040321	18.28120837	0.150489044486149	0.108475081855686
RWDD1	-0.035369126	0.779010479	0.707320371	-0.384802675	21.47158976	0.150383833949941	0.108456700297568
AKR1A1	-0.024727666	0.779482507	0.70785915	-0.384055517	25.69326273	0.15005314974416	0.108193626720961
BTAF1	-0.054342656	0.780718436	0.709091879	-0.382346877	22.84243023	0.14929748843125	0.107505565020438
CFAP298	-0.057408385	0.782423537	0.710828566	-0.379941748	22.48298247	0.148235127564983	0.10655809350232
NLRX1	0.126056347	0.782423537	0.710861758	0.379908182	18.68397528	0.148214848743073	0.10655809350232
EMC1	0.032153434	0.782450766	0.710997105	0.379708464	24.48517193	0.148132167603686	0.106542979950482
HEATR6	-0.160159338	0.782913818	0.711769067	-0.378841922	19.84288992	0.147660890065134	0.106286041807949
C3orf33	0.114037702	0.782913818	0.711707683	0.378725163	17.52586275	0.147698345868319	0.106286041807949
POLR2B	-0.02261096	0.782913818	0.711832293	-0.378552767	25.45204745	0.147622313671907	0.106286041807949
TBX20	-0.052598628	0.782913818	0.711860571	-0.378513647	20.410748	0.147605061384322	0.106286041807949
ZFYVE16	-0.037289378	0.784280685	0.713214256	-0.376641654	22.38176221	0.146779984565308	0.105528480516124
TMC4	-0.102884	0.784324863	0.713454433	-0.376309664	18.72244023	0.146633759239737	0.105504017690972
AGGF1	-0.051683097	0.784324863	0.713476179	-0.376279607	17.11437784	0.146620522201125	0.105504017690972
TFRC	-0.014091678	0.784977966	0.71427275	-0.375178863	27.66599793	0.146135918194619	0.105142533546359
STIM1	0.025165067	0.784977966	0.71429222	0.375151964	24.85852737	0.14612408014211	0.105142533546359
LAP3	0.017769131	0.785875448	0.71521998	0.373870565	26.27911995	0.145560361826028	0.10464627906565
MRPL11	0.041949344	0.786583779	0.716095117	0.372662448	23.64962865	0.145029287685656	0.104255013893001
SPAG7	-0.055189971	0.786583779	0.716156495	-0.37257774	19.83211921	0.14499206499866	0.104255013893001
PAK1	0.01989781	0.786583779	0.716198208	0.372520172	25.24624586	0.144966769971261	0.104255013893001
PRMT3	0.026693988	0.787508795	0.717151775	0.371204523	24.22312955	0.144388922338467	0.103744587254376
PACS2	-0.183770674	0.787818301	0.717544998	-0.370910518	18.420624	0.144150858677145	0.103573934759428
WRAP53	-0.154483997	0.788141865	0.717951113	-0.370345215	20.0950068	0.143905126895815	0.10339560276253
CSTF3	0.031582119	0.788288651	0.718196262	0.369764223	23.3683866	0.143756859578921	0.103314725934331
CENPV	-0.265151766	0.788574407	0.718568085	-0.370009126	17.82256269	0.143532075770655	0.103157321961045
TMEM208	-0.049799206	0.788632958	0.718732921	-0.369024515	20.29900672	0.143432462168168	0.103125077150646
RNPS1	-0.037665914	0.788988091	0.71916811	-0.368424827	22.33923144	0.143169578724897	0.102929551989589
FAM210A	-0.069885093	0.789075702	0.719359514	-0.368161118	20.00181933	0.143054008192753	0.102881329637537
RASAL2	-0.048968504	0.789564445	0.720021972	-0.367248624	21.31766048	0.14265425055101	0.102612416680833
STAMBP	0.032025487	0.789564445	0.720028306	0.367239902	23.74728352	0.142650430099335	0.102612416680833
SENP3	0.08183109	0.789779219	0.72033581	0.366816447	19.28959979	0.142464994637692	0.102494297786564
YEATS2	-0.10304625	0.78983415	0.720497564	-0.366605567	20.20321535	0.142367483195788	0.102464092635527
RBBP7	-0.01693907	0.789869988	0.720641914	-0.36639499	25.07319453	0.14228048202813	0.102444387368863
HYOU1	0.014256408	0.790198697	0.721053519	0.365828386	27.22524152	0.142032499297535	0.10226369078489
PUM1	-0.020665238	0.790962684	0.721862466	-0.364715178	23.77121325	0.141545539199078	0.101844005143495
PFKFB3	-0.14641385	0.792216344	0.723118593	-0.363093457	19.55961021	0.140790471637897	0.101156202027924
NOSIP	0.022632533	0.792755333	0.723722638	0.362157195	23.72838923	0.140427842456557	0.100860827718179
CC2D1A	0.025436343	0.792913571	0.723979185	0.36180461	24.14641964	0.140273919948697	0.100774148979279
OGFR	0.053525514	0.793483309	0.72461156	0.361007732	23.97728384	0.139894741783453	0.100462204240496
CERS5	0.062917045	0.793881286	0.725087219	0.360282334	20.37958276	0.139609750046724	0.100244435469301
OTUD6B	0.061718179	0.794543	0.725803911	0.359402754	23.6391228	0.139180695929975	0.0998825941678865
PPIE	0.20536385	0.79482192	0.726171058	0.359678615	23.16737778	0.138961064155392	0.0997301642046834
PLXNA4	-0.048826787	0.795570235	0.726967204	-0.357701559	19.27815771	0.138485181222258	0.0993214736836858
CEP97	-0.041246693	0.796200452	0.72765563	-0.356757154	22.31081723	0.138074106092221	0.098977580204508
RP2	-0.070613593	0.796553833	0.728091191	-0.356159813	19.94612463	0.137814223340978	0.0987848682183931
IER3IP1	0.046366582	0.79682902	0.728455368	0.355660475	22.45991874	0.137597052027292	0.098634857570852
METTL14	0.055457247	0.796860444	0.728596742	0.355466658	21.82681632	0.137512775085025	0.0986177309346918
VAPB	-0.037560273	0.798072542	0.729817822	-0.35384	26.63417718	0.136785535460613	0.0979576310071223
MTA3	0.039585766	0.79844463	0.730270957	0.353172466	21.01846991	0.136515970980417	0.0977551956422638
PYROXD1	-0.053706235	0.798467775	0.730405001	-0.352988872	19.83054151	0.136436261898636	0.0977426066664968
RABEP1	-0.127008862	0.800232197	0.732245265	-0.350687183	20.80513251	0.135343427964589	0.0967839789528596
COQ8B	-0.093662552	0.800232197	0.732209689	-0.350518298	19.1934401	0.135364528593801	0.0967839789528596
NAT1	-0.064224886	0.800598978	0.7328064	-0.349701921	21.24276585	0.135010746391862	0.0965849686266716
MVD	0.03762399	0.800598978	0.732807236	0.349700779	22.30637461	0.13501025094043	0.0965849686266716
RFC4	-0.028454433	0.80102224	0.733307892	-0.34901601	24.84643221	0.134713641018834	0.0963554257694558
NIBAN2	-0.017813177	0.801412478	0.733778431	-0.348372595	26.17860841	0.134435058231954	0.096143899881411
KIF5C	0.03564423	0.80209324	0.734515127	0.347365549	23.34765153	0.133999255687232	0.0957751438557439
GOLM1	0.045388821	0.802310755	0.734827732	0.346938338	22.87300079	0.133814462018781	0.095657386027785
WDR53	0.075384691	0.802377146	0.735001966	0.346700258	17.92764777	0.133711499253479	0.0956214497626128
FLCN	0.046029371	0.802691126	0.735403051	0.346152279	18.75850576	0.1334745726862	0.0954515382572318
ASH2L	0.040840289	0.803083418	0.735978299	0.345366546	23.04145409	0.133134991047688	0.0952393412773746
SF3A2	-0.034541471	0.803083418	0.735989511	-0.345351234	23.79262226	0.133128374993046	0.0952393412773746
MYORG	0.183236639	0.803141923	0.736156662	0.345423815	18.79373552	0.133029753322741	0.0952077038750421
HGD	0.15170291	0.80315372	0.736394547	0.344897559	18.77688803	0.132889436105799	0.0952013247604309
TYW3	0.074020803	0.80315372	0.73631028	0.344913197	17.81977061	0.132939136076187	0.0952013247604309
CLIP2	-0.196548948	0.803544544	0.736866476	-0.344613041	18.76759829	0.132611201408266	0.0949900433845235
ULK4	0.241995887	0.804230803	0.737609478	0.343831825	18.41397254	0.132173511400396	0.0946192969173476
ABT1	0.057635468	0.80440807	0.738071898	0.342508823	17.83329581	0.131901330068896	0.0945235811149666
NELFCD	-0.028653729	0.80440807	0.738077363	-0.342501366	23.61026921	0.131898114378713	0.0945235811149666
ITGA1	0.052134146	0.80440807	0.738132551	0.342426077	19.39775437	0.131865642243617	0.0945235811149666
MYO1E	-0.029837177	0.80440807	0.738226914	-0.342297348	23.65595489	0.131810125506368	0.0945235811149666
PARP4	-0.065995028	0.805159746	0.739030567	-0.341201261	19.64056949	0.131337598405053	0.0941179458140292
TMEM254	0.073181703	0.805405342	0.739369846	0.340738657	18.29236073	0.131138265397815	0.0939854941805013
PPOX	-0.04942884	0.806622697	0.740601416	-0.339060081	21.53557912	0.130415461932271	0.0933295618434358
BLOC1S2	-0.096104463	0.806635669	0.740727355	-0.338910674	20.25276459	0.130341616592926	0.0933225776329236
PDK1	-0.093361613	0.806636397	0.740842052	-0.338732226	16.7975011	0.130274374013462	0.0933221856762419
AGO2	0.038580631	0.807003894	0.741309674	0.338095222	22.99933573	0.130000332351745	0.0931243696910244
USP34	-0.046074392	0.807003894	0.741407733	-0.337961663	19.70008723	0.129942888522649	0.0931243696910244
ERLEC1	0.039950159	0.807370147	0.741924245	0.337258267	21.81343997	0.129640436578202	0.0929273129302369
DUS3L	0.056094752	0.807370147	0.741972481	0.337192588	20.03287748	0.129612201960159	0.0929273129302369
RAB2B	0.027263444	0.807673646	0.74236557	0.336657403	24.2257647	0.12938217836483	0.0927640877061458
RRAGB	-0.031017448	0.808087031	0.742859763	-0.335984716	21.79824998	0.12909316457541	0.0925418631763942
NUP35	0.06010233	0.808631641	0.743567452	0.335021706	21.7642917	0.128679628752433	0.0922492691328762
STX18	-0.061638591	0.808631641	0.743589034	-0.334992343	20.33083988	0.128667023564482	0.0922492691328762
PRORP	-0.051340913	0.809633197	0.744624482	-0.33358394	21.22026992	0.128062689011104	0.0917116929717422
PGLS	0.016832353	0.810168205	0.745276129	0.332697943	24.26773482	0.127682788885948	0.0914248046774902
MAP7	0.020986494	0.810168205	0.745400915	0.332528312	23.36084081	0.127610078473503	0.0914248046774902
TRAPPC10	-0.0463049	0.810168205	0.745460114	-0.332447842	20.50046636	0.127575588606845	0.0914248046774902
ZFYVE19	0.062646386	0.810629946	0.745999569	0.331714663	17.83456417	0.127261423440167	0.0911773567473827
OGDH	-0.0288924	0.810900207	0.746362913	-0.331220946	25.2883709	0.127049948950218	0.09103258871844
KAZN	0.065491789	0.812832544	0.748256365	0.3286495	21.51202232	0.125949580170871	0.0899989165307824
TAPBP	-0.028742048	0.812864203	0.748456742	-0.32837751	22.49972114	0.125833295192123	0.0899820015322999
CDK7	-0.02480892	0.812864203	0.748515326	-0.328297994	23.13728384	0.125799302964098	0.0899820015322999
CBFB	-0.027142911	0.813221734	0.748959514	-0.327695168	23.01240809	0.12554165803033	0.089791023012188
NT5DC1	0.034481319	0.81324776	0.749098446	0.327506644	23.27717879	0.125461103869218	0.0897771242600396
DHRS7	-0.017300161	0.813669952	0.749602358	-0.326822964	26.03569113	0.125169055971962	0.0895517217597568
TMOD3	0.022535309	0.814862143	0.750815867	0.325177216	24.88890992	0.124466558003634	0.0889158582520529
MED17	-0.133687958	0.817754633	0.753857587	-0.321609675	21.46108306	0.122710689968051	0.0873769866947143
MYL6B	-0.127654768	0.817754633	0.754044871	-0.321010943	20.44842174	0.122602809769653	0.0873769866947143
CAMSAP1	0.048668201	0.817754633	0.753685769	0.321288847	17.71809346	0.122809684944637	0.0873769866947143
TMEM11	0.026754419	0.817754633	0.753832912	0.321089627	22.95882561	0.122724905374129	0.0873769866947143
SNRNP27	-0.049212065	0.817754633	0.754059015	-0.320783529	18.90427172	0.12259466356539	0.0873769866947143
ZFAND6	0.091555934	0.818117523	0.75450929	0.320174042	19.55328824	0.122335408544589	0.0871843052231886
CISD1	-0.021521833	0.818459755	0.754940614	-0.319590329	23.5143785	0.122087209995284	0.0870026706944741
TMTC3	0.097463114	0.818647715	0.755345439	0.319133144	20.75902339	0.12185438884528	0.0869029460365966
WDR1	-0.016980589	0.818647715	0.755249941	-0.319171787	28.51935487	0.121909299981693	0.0869029460365966
RREB1	-0.146987515	0.818996911	0.755957964	-0.318377127	18.73863148	0.121502353322082	0.0867177362593428
SNX14	-0.128572994	0.818996911	0.75587795	-0.318384087	16.64649612	0.121548323441439	0.0867177362593428
UBXN4	-0.032052007	0.818996911	0.75601496	-0.318136917	22.7146551	0.121469610608361	0.0867177362593428
PACSIN2	-0.020690544	0.819530595	0.756623454	-0.317314046	24.68320371	0.121120200467404	0.0864348285588283
GM2A	-0.048456927	0.819706189	0.756901445	-0.316938194	22.70857745	0.120960665650691	0.086341785862018
TUBB	-0.015603902	0.820077895	0.7573606	-0.316317509	32.13917205	0.120697291831598	0.0861448942480178
NOCT	0.099154577	0.822427721	0.759646979	0.313228729	16.96427815	0.119388184944015	0.084902259639614
TSPO	0.038390942	0.822677426	0.759993919	0.312760313	22.83225829	0.119189882660406	0.0847704194291153
UBE3B	0.187736804	0.82300676	0.76047923	0.312538739	17.69743571	0.118912642780697	0.0845965975718851
GTF2E1	0.055423864	0.82300676	0.760530844	0.312061658	22.82616457	0.118883168057577	0.0845965975718851
ZFPL1	0.047650482	0.823115739	0.760747908	0.311742579	22.82691372	0.118759233245583	0.0845390939797269
DNAJC1	-0.042983823	0.823128144	0.760875732	-0.311570077	18.99926324	0.118686267426012	0.0845325488704587
LDLRAP1	-0.103193493	0.823497791	0.761333836	-0.310951935	18.10511846	0.118424868405107	0.0843375614703012
DPH5	0.039535561	0.823507888	0.761459584	0.31078228	21.20433669	0.118353142769945	0.0843322365689487
NDUFV2	-0.031755604	0.824621559	0.762605914	-0.309236126	23.00703967	0.117699831100629	0.0837453151418139
AASS	0.072235526	0.824818012	0.762904192	0.308833945	16.71493084	0.117529998740143	0.0836418636959327
AGMAT	0.024170146	0.827578512	0.765574467	0.305235875	22.72227004	0.116012559329853	0.0821907942762159
FNBP1	-0.075353676	0.827840616	0.76593396	-0.304837591	22.27046438	0.115808674289068	0.0820532698029141
FAF1	-0.027990159	0.827907875	0.766113224	-0.304510443	22.35237297	0.115707041170751	0.0820179864096534
GALNT18	0.053863048	0.827948006	0.766295837	0.304264595	19.60689991	0.115603533797143	0.0819969354570232
RBMX2	0.061331297	0.827948006	0.766384442	0.304145315	18.43537151	0.115553320242314	0.0819969354570232
STAT1	-0.018944036	0.82801493	0.76656344	-0.303904363	25.32978114	0.115451897558689	0.0819618323477798
MAST3	-0.086808648	0.828036383	0.766700355	-0.303720072	18.3375035	0.115374335655328	0.0819505803781727
SNAPC1	0.05093404	0.828464515	0.767213887	0.303028944	17.3484178	0.115083544793484	0.0817260886565072
LARP1B	0.238586102	0.829099847	0.768036655	0.302640793	20.9091972	0.114618052514901	0.0813931649986218
RBM42	-0.091791393	0.829099847	0.767943622	-0.302187851	21.49996984	0.114670662199009	0.0813931649986218
RPL35	-0.020471768	0.829150064	0.768211174	-0.30168721	26.77072736	0.114519380103351	0.0813668614048634
PPP4R3B	0.034235751	0.829150064	0.768317595	0.301544066	19.64782559	0.114459221056459	0.0813668614048634
CHCHD6	-0.066564764	0.82944706	0.768710055	-0.30107887	22.25342926	0.114237438167814	0.0812113278838419
TWNK	-0.033354538	0.829465328	0.76884424	-0.300835795	21.64337833	0.11416163491925	0.081201762952441
PFDN6	0.028650458	0.829579351	0.769067201	0.30053599	25.67945909	0.114035709940637	0.0811420664772166
TREX1	-0.218742987	0.82985753	0.7694424	-0.300671591	18.93614888	0.113823885642057	0.0809964609321112
UBA2	0.014676016	0.829862212	0.769711117	0.299670308	26.25076522	0.113672240844848	0.0809940106789596
GAN	-0.05321585	0.829862212	0.76980306	-0.29954672	18.00408734	0.113620366898906	0.0809940106789596
ATP5MG	-0.03033682	0.829862212	0.769803231	-0.299546491	23.54425287	0.113620270427026	0.0809940106789596
TBCD	0.019144558	0.829862212	0.769915987	0.299394931	24.50750662	0.113556662324826	0.0809940106789596
LAMB2	0.03068789	0.830160766	0.770336699	0.298829508	23.49944848	0.113319411766817	0.0808377955447518
ANKRD27	0.049465825	0.830160766	0.770427683	0.298707241	18.99530716	0.113268120538062	0.0808377955447518
CXorf38	0.03972444	0.83174117	0.772011948	0.29657904	19.41577039	0.112375978277844	0.0800118010279778
MRPL45	0.019869985	0.832239332	0.772591984	0.29580022	23.23992288	0.112049802174407	0.0797517631081854
EIF5B	-0.016520557	0.832898684	0.77332182	-0.294820535	26.27287127	0.111639735623189	0.0794078241104007
CCNH	0.03507063	0.833044945	0.773575381	0.294480243	21.10616879	0.111497360106522	0.0793315666137181
MTG2	-0.043887054	0.833240902	0.773875138	-0.294078	18.67044298	0.111329105534189	0.0792294196209487
DMXL1	-0.191607658	0.833573392	0.774488486	-0.29379043	17.8285782	0.110985034333225	0.0790561566789125
ZMYM4	-0.083183122	0.833573392	0.774598742	-0.293255318	21.93796094	0.110923212672557	0.0790561566789125
NOTCH2NLB	0.117363779	0.833573392	0.774653046	0.293090494	17.46600854	0.110892767101685	0.0790561566789125
VPS37A	-0.036946877	0.833573392	0.774655284	-0.293031366	21.82068792	0.110891512411406	0.0790561566789125
MSRB2	0.241636782	0.833889822	0.775258638	0.292914109	18.66658006	0.110553386116324	0.0788913268902798
PBDC1	0.025837111	0.833889822	0.775180354	0.292327134	24.86128418	0.110597242481426	0.0788913268902798
KLHL33	0.030001663	0.833889822	0.77539897	0.292033968	21.30761466	0.110474780222816	0.0788913268902798
MANSC4	-0.035912293	0.833889822	0.775420872	-0.292004598	22.62974348	0.110462513268931	0.0788913268902798
ARHGEF18	-0.054503363	0.833908926	0.77555652	-0.291822709	17.31435815	0.11038654674829	0.0788813775342287
PCYT1A	0.023004029	0.834108364	0.775859914	0.291415928	23.63836905	0.110216686047018	0.0787775239065549
LONP1	0.022238146	0.834692101	0.776520881	0.290529903	25.18499923	0.109846861402071	0.0784736963685845
BEND3	-0.113128152	0.835269378	0.777176003	-0.289688834	17.56722779	0.109480617652258	0.0781734400707374
NELFE	-0.022937997	0.835343227	0.777461694	-0.289269171	22.72554448	0.109320999721385	0.07813504431924
EIF3B	-0.014773363	0.835343227	0.777480888	-0.289243455	26.28685309	0.109310277977209	0.07813504431924
MRPL51	0.101891825	0.836052107	0.778371836	0.288107592	19.80616576	0.108812886628544	0.0777666542866384
SREK1	0.036866754	0.836052107	0.77837704	0.288043041	22.07374763	0.10880998305364	0.0777666542866384
AHSG	-0.131234057	0.836622062	0.779025943	-0.287254153	17.57157552	0.108448079279762	0.0774706871155054
UGCG	0.089957231	0.836949059	0.779448742	0.28660806	18.12955025	0.108212439549549	0.0773009745855458
USF3	-0.117413915	0.837711653	0.780277365	-0.285691644	20.51876909	0.107750991313581	0.0769054432559438
CD82	0.052667019	0.837715311	0.78040227	0.285411307	23.08743953	0.107681476018883	0.0769035468447615
MRPL32	0.062839841	0.837715311	0.780555963	0.28514723	21.62546743	0.107595954163638	0.0769035468447615
SLC35C1	0.045263818	0.837715311	0.780752097	0.284863759	18.21622701	0.107486840636918	0.0769035468447615
TMCO6	0.054568088	0.837715311	0.780754459	0.284860599	17.64448356	0.107485526772993	0.0769035468447615
BLOC1S1	-0.089614997	0.837918305	0.781062101	-0.284449013	18.89443762	0.107314434689388	0.0767983219630822
KDF1	0.097107144	0.838244843	0.781484978	0.283906737	18.96132308	0.107079365737449	0.07662910973157
MTRR	-0.023793352	0.838980362	0.782289295	-0.282807703	21.73577347	0.106632612684102	0.0762482045763654
STAT2	0.052472957	0.839363277	0.78276499	0.282171706	21.83905206	0.106368606864098	0.0760500355357004
MTCL1	0.052142327	0.839585175	0.783090612	0.281736425	18.60948808	0.106187982495358	0.0759352385895623
RTN1	-0.057084247	0.841565016	0.785056198	-0.279110113	17.34772482	0.105099253308623	0.0749123265101386
CHEK2	-0.024646632	0.842314928	0.785874826	-0.278016917	21.95321215	0.104646622798585	0.0745255024183085
TBCC	-0.013689193	0.842957489	0.786593495	-0.277057504	24.65544761	0.104249649456003	0.0741943266305913
SLC7A6OS	-0.059052564	0.84367277	0.787380213	-0.276007561	18.15402811	0.103815503303586	0.0738259677584843
ILVBL	-0.019126984	0.844128018	0.787924414	-0.27528147	23.44890727	0.103515442608407	0.0735916845415336
MAPK7	0.079602562	0.844533674	0.788541831	0.274533872	21.18287764	0.103175263031847	0.0733830291707457
YOD1	0.043452781	0.844533674	0.788446777	0.274584663	17.86956814	0.103227617788911	0.0733830291707457
PCCB	0.048864939	0.84461278	0.78873509	0.274200129	21.14995896	0.103068837436467	0.0733423514672474
METAP1D	-0.054015705	0.845719542	0.789888184	-0.272662641	19.31374699	0.102434382771282	0.0727736340714875
NT5DC2	0.035413053	0.845748252	0.790034556	0.272467524	21.9607468	0.102353912314749	0.0727588911427472
ZER1	-0.039027108	0.845958493	0.790350534	-0.272046358	18.42562898	0.102180248940551	0.0726509451208853
SGF29	-0.135510787	0.845975712	0.790486211	-0.27204766	18.86226056	0.10210570136598	0.072642105395721
RPL27	-0.015937963	0.846276506	0.790925775	-0.271279754	27.50156115	0.101864271269016	0.0724877156725156
KCTD18	-0.051137506	0.846276506	0.791006539	-0.271172136	17.25901043	0.101819926312843	0.0724877156725156
NUDT4	-0.044071812	0.847023369	0.791824362	-0.270082581	21.65363538	0.101371140472921	0.0721046075113914
TMEM237	-0.224109679	0.847233941	0.792140979	-0.270291719	19.03600911	0.101197519227242	0.0719966543007729
C12orf4	0.133335113	0.848279801	0.793238745	0.268368173	18.37349875	0.100596081243397	0.071460874173252
EPHX1	-0.018452338	0.848360007	0.793433674	-0.267939565	27.18034041	0.100489371643514	0.0714198129850407
NCS1	-0.05035684	0.848543491	0.793725231	-0.26755146	21.6336059	0.100329814087826	0.0713258935734513
TRAPPC3	0.035312381	0.848679876	0.793972776	0.267221975	23.74815366	0.100194388549821	0.071256095744605
OR10A6	0.031128522	0.848695721	0.794107574	0.26704257	22.49117413	0.100120661766775	0.0712479874672407
BIN3	-0.077877792	0.848882109	0.794401974	-0.266650783	18.04807782	0.0999596853381509	0.0711526194920142
NADK	0.058248075	0.84910484	0.794819216	0.266095592	16.93298479	0.0997316416856726	0.0710386835811869
PBK	0.015722397	0.84910484	0.794850474	0.266054003	24.3715727	0.099714562443359	0.0710386835811869
SS18	0.06795908	0.849137077	0.795000688	0.26585415	19.87778844	0.0996324955014237	0.0710221955283664
RPL36AL	0.029598241	0.849276435	0.795251216	0.265520857	23.19757645	0.0994956581505755	0.0709509261818647
COPG1	0.01318944	0.849285384	0.795379654	0.265350001	26.83754786	0.0994255225636961	0.0709463499559363
RPAP3	0.013220084	0.850261762	0.796414254	0.263974015	25.62961748	0.0988609756936645	0.0704473515900484
AIMP2	-0.019856852	0.850312154	0.796581658	-0.263751425	25.42429198	0.0987696978276405	0.0704216132586151
TOMM40	-0.056334679	0.850788272	0.797147959	-0.263070928	22.63316708	0.0984610615230582	0.0701785054180975
SFMBT1	-0.044717415	0.851070786	0.797532971	-0.262486764	18.63218682	0.0982513536283065	0.0700343168945994
TRIP11	-0.026877727	0.851180721	0.797756316	-0.262189918	24.12450444	0.098129748722557	0.0699782215834916
ADD2	0.033066845	0.851840822	0.798568133	0.26111115	18.5313107	0.0976880243926056	0.0696415514605166
TAF6L	0.06381124	0.851840822	0.798620128	0.261042069	18.73695303	0.0976597482749482	0.0696415514605166
GTF2I	0.013756416	0.851840822	0.798736242	0.260887804	26.21344245	0.0975966093655506	0.0696415514605166
FANCI	0.042732827	0.851877831	0.798997978	0.260540092	22.17891921	0.0974543197405187	0.0696226835512464
RPAP1	0.034189603	0.851877831	0.799011791	0.260521743	21.97517918	0.097446811764291	0.0696226835512464
ACOT11	-0.055638387	0.852036254	0.799280829	-0.260164369	19.56881672	0.0973006035938173	0.0695419256826303
CLDN3	-0.048114258	0.852892626	0.800204744	-0.258937366	21.64254719	0.0967988782420567	0.0691056404279229
ZNF787	0.031861155	0.853126089	0.800544385	0.258486414	20.7130994	0.096614584261608	0.0689867769097563
CUL5	-0.031187474	0.853615377	0.801124185	-0.257716723	21.67266356	0.0963001572243009	0.0687377701462647
VPS4A	0.057311409	0.854079233	0.801680253	0.257049215	22.41968266	0.0959988138190462	0.0685018379075934
C6orf89	0.056729385	0.854238835	0.801989683	0.256568075	18.07640768	0.0958312185549756	0.0684206887710236
WDR44	0.021076539	0.854238835	0.802071578	0.256459406	23.18978378	0.0957868729336567	0.0684206887710236
KDM5C	-0.020241129	0.854424031	0.802366248	-0.256068428	23.43418191	0.0956273484518132	0.0683265454466898
TIMM23	0.096981057	0.854630981	0.802779477	0.255844547	21.55871988	0.0954037387500498	0.0682213677399008
PAICS	0.013483319	0.854630981	0.802802215	0.255490052	27.40815916	0.0953914379272646	0.0682213677399008
GMFB	-0.016153504	0.855416973	0.803661464	-0.254350395	26.35347609	0.0949268558271587	0.0678221368158091
TFB1M	0.079855857	0.855692266	0.804041065	0.253867627	19.95945995	0.0947217698492308	0.0676823932750542
ATAD2B	-0.074928191	0.859686182	0.807915428	-0.248713414	16.78629194	0.0926340984769571	0.0656600537542177
NAGA	0.042320344	0.860566924	0.808864783	0.247456583	20.50162042	0.0921240728316062	0.0652153500967527
CDK18	-0.20851154	0.860931139	0.80932882	-0.247413351	19.57848427	0.0918749942125221	0.0650315839102131
SERINC1	0.021977199	0.862346111	0.810803218	0.244891638	22.05384459	0.0910845363025743	0.0643183908709056
UBA5	0.038699963	0.862346111	0.810902789	0.244759932	22.38130118	0.0910312058768063	0.0643183908709056
MEIS1	0.070097679	0.862868337	0.811755758	0.243651544	20.49603834	0.0905746221244952	0.0640554671778001
GDF15	-0.036758574	0.862868337	0.811775208	-0.243606152	20.06545066	0.0905642163757286	0.0640554671778001
ADGRV1	0.040072087	0.862868337	0.811876853	0.243471749	18.14694874	0.0905098403628734	0.0640554671778001
TSPYL1	-0.055005782	0.862868337	0.811881772	-0.243465245	20.48038885	0.0905072090671579	0.0640554671778001
EXOSC7	-0.035644551	0.863608326	0.812800912	-0.242250101	22.1459374	0.0900158177615028	0.0636831793085968
TASP1	0.060538841	0.863608326	0.812822199	0.242221963	19.88730658	0.0900044438746846	0.0636831793085968
PIEZO1	-0.186602257	0.86381034	0.813134444	-0.242337219	17.70659086	0.0898376420319015	0.0635816016568162
STXBP6	-0.196478336	0.865690459	0.815026641	-0.239860731	18.20273221	0.0888281951248163	0.0626373689289223
APIP	0.028309067	0.86571225	0.815169536	0.239120448	20.24989826	0.0887520588768897	0.0626264370861956
SSR4	0.018475148	0.865904221	0.815472705	0.238720055	25.15587173	0.0885905708177794	0.0625301433078408
FAAP100	0.065950829	0.866307539	0.815974997	0.238056773	18.59009684	0.0883231486374308	0.0623279061575544
RSU1	0.020364064	0.866804867	0.816565964	0.23727654	22.54490008	0.0880087262438387	0.0620786588366344
ALKBH5	-0.022414467	0.866989326	0.816862293	-0.236885367	22.10557311	0.0878511508494028	0.0619862493379026
CASTOR2	-0.031137202	0.867427464	0.817477146	-0.236073845	19.7195928	0.0875243799579865	0.0617668315821973
DCAF13	-0.027920843	0.867427464	0.817520342	-0.236016838	22.77094621	0.0875014321741736	0.0617668315821973
NARS2	-0.185039666	0.867615262	0.818018355	-0.235901117	20.18045518	0.0872369513582843	0.06167281702658
SUDS3	0.048014574	0.867615262	0.817948913	0.235451291	19.60792054	0.0872738204057528	0.06167281702658
CWC15	-0.049797575	0.867615262	0.818157337	-0.235195196	22.07586023	0.0871631706315272	0.06167281702658
GPAT4	0.025531368	0.867615262	0.818209185	0.235107873	20.70569894	0.0871356495352416	0.06167281702658
NUDT21	-0.015563109	0.867615262	0.818310578	-0.234974096	25.341396	0.0870818348225134	0.06167281702658
XPO6	-0.035687074	0.868477551	0.819246635	-0.233739296	21.12433751	0.086585333777058	0.0612414030117343
PDHA1	-0.017458435	0.869258562	0.820184172	-0.23250293	24.72491592	0.0860886160280352	0.0608510229213319
BAIAP2L1	-0.014235831	0.869258562	0.820229135	-0.232443645	24.46548059	0.0860648083903973	0.0608510229213319
GNA13	0.015991594	0.86956605	0.820642204	0.231899045	22.86631915	0.085846151891413	0.0606974245168444
ISY1	-0.03200324	0.869679257	0.821052473	-0.23135821	22.23878327	0.0856290864784572	0.0606408882993431
MTIF3	-0.074001891	0.869679257	0.821117011	-0.231273141	19.02338112	0.0855949505411369	0.0606408882993431
FLNB	0.011680185	0.869679257	0.821117863	0.231272017	29.27013449	0.0855944999126617	0.0606408882993431
ATP7A	0.051621362	0.870527377	0.822041685	0.230054487	18.55129907	0.0851061592160779	0.06021756631222
CHMP1B	-0.012184675	0.870615185	0.822345485	-0.229654182	24.43739505	0.0849456876829616	0.0601737622829216
YES1	0.013914874	0.870615185	0.822370747	0.229620896	26.12048637	0.0849323466007867	0.0601737622829216
TRAPPC2L	-0.042154867	0.870938873	0.822799617	-0.229055864	20.06216113	0.0847059191343691	0.0600123249583307
GBP3	0.038861433	0.87192683	0.823904042	0.227601156	17.68651384	0.0841233665269548	0.0595199584854855
EMC7	-0.018745674	0.87192683	0.823979483	-0.227501807	23.29515899	0.0840836020538776	0.0595199584854855
TNS3	0.058357333	0.872961128	0.825080308	0.226162862	22.34817278	0.0835037779666437	0.0590050945200443
DENND6A	-0.044764028	0.873049744	0.825287481	-0.225779674	17.39385854	0.0833947427664033	0.0589610106710162
MAN2C1	-0.037528176	0.87407785	0.826382904	-0.224337979	18.01989099	0.0828186759696341	0.0584498850775758
DNAJA3	-0.023094746	0.874139474	0.826564736	-0.224098717	22.76015539	0.0827231271057245	0.0584192676448385
GCSH	-0.024669056	0.874363608	0.826900274	-0.223657239	21.39574314	0.0825468641633728	0.0583079265085922
PARD3	0.027221171	0.874907539	0.827538358	0.222817821	22.86438637	0.0822118666982857	0.0580378411763615
SEPSECS	-0.054793169	0.875742581	0.828451986	-0.221616213	19.22348445	0.0817326566103667	0.0576235331931523
GEMIN6	-0.025964407	0.875818087	0.828647223	-0.221359482	21.01728952	0.0816303207312652	0.057586090197577
CRB3	-0.037451192	0.875935296	0.828909959	-0.221014015	20.01458132	0.081492642469312	0.0575279733159436
PQBP1	-0.027196061	0.875935296	0.829046534	-0.220834448	22.95263028	0.0814210920163894	0.0575279733159436
HDAC1	-0.026779092	0.875935296	0.829129593	-0.220725245	24.20219919	0.08137758389344	0.0575279733159436
DEF6	-0.160135087	0.877105952	0.830361685	-0.219537939	18.43609561	0.0807326984852296	0.0569479418795356
TEAD1	-0.035000028	0.877427412	0.830790049	-0.218542753	21.48672268	0.0805087139788634	0.0567888017815708
UNC13B	0.123967222	0.877596787	0.83107448	0.218402155	17.73671835	0.080360053467934	0.0567049754410079
ABAT	0.03806528	0.878114284	0.831811604	0.217200588	17.833458	0.079975025401698	0.0564489582617325
TMX1	-0.012346375	0.878114284	0.83181281	-0.217199004	25.18953878	0.0799743957413723	0.0564489582617325
DNAAF10	-0.05035741	0.878153028	0.832046343	-0.216932257	21.97109833	0.0798524838671305	0.0564297968216777
KLRG2	0.010796154	0.878153028	0.832097788	0.216824663	25.79940507	0.0798256324914444	0.0564297968216777
MACROH2A2	0.091781428	0.878365189	0.832422989	0.216502834	19.82543461	0.079655934397485	0.0563248843293034
ZNF330	-0.03802002	0.878657335	0.832824064	-0.215870789	19.70802069	0.0794467346125238	0.0561804611416137
C1D	0.038201334	0.878662794	0.832953449	0.215700881	19.85925963	0.0793792691902624	0.056177762926829
POLB	-0.018412966	0.879085683	0.833478608	-0.215011309	22.56506352	0.079105542262826	0.0559687929119444
TLR9	0.054264962	0.879198348	0.833709715	0.214707886	20.0780927	0.0789851377541242	0.0559131366163654
RNF214	-0.037733013	0.879345129	0.833973208	-0.214361966	21.62213846	0.0788479011664082	0.0558406377793107
NMU	0.029306633	0.879438288	0.83418588	0.214082786	19.74309099	0.0787371655930205	0.0557946304775743
LAMTOR5	-0.03906035	0.879631651	0.83449364	-0.213678814	20.6831013	0.0785769688989711	0.0556991521996723
PHIP	0.036805286	0.879913234	0.83488516	0.213178388	22.67865325	0.0783732584185549	0.0555601504098524
SPTLC2	-0.016495684	0.880257442	0.83533619	-0.212573058	23.3464913	0.0781387028670596	0.0553902945669267
CNN2	-0.009259347	0.880636839	0.835820714	-0.211937298	27.68085116	0.0778868700140914	0.0552031509912128
PIK3C3	-0.056679699	0.881443037	0.836710489	-0.21080883	21.27494756	0.0774247866659336	0.0548057486124432
PYGO2	-0.040449301	0.881460485	0.836851657	-0.210584876	20.5319461	0.0773515196125251	0.0547971519195148
PGAP1	0.032837123	0.881476245	0.836991227	0.210401816	17.72250563	0.0772790940801659	0.0547893870565807
RPAP2	-0.126230244	0.88221578	0.837818152	-0.209684204	19.53371151	0.0768502345357497	0.0544251783580722
DENND3	0.057447469	0.882923429	0.838615002	0.208272629	17.10027776	0.0764373727605675	0.0540769587154262
RPL32	-0.015856651	0.883128378	0.839099617	-0.207637372	26.03218731	0.0761864771388479	0.0539761596110983
SHROOM1	0.028446677	0.883128378	0.839165222	0.20755138	17.18951815	0.0761525231539491	0.0539761596110983
RCN1	0.019722816	0.883128378	0.839309031	0.207375931	26.76636442	0.0760781038351074	0.0539761596110983
PPT2	0.037118521	0.883128378	0.839283141	0.207396824	17.75770515	0.0760915006378864	0.0539761596110983
ILK	-0.04860255	0.883350436	0.839644943	-0.20708466	23.26804146	0.0759043233358075	0.0538669722675466
RBMS2	-0.02384521	0.883665944	0.840148917	-0.206262209	20.57384949	0.0756437281056405	0.0537118821547402
RFC1	-0.030561714	0.883665944	0.840194677	-0.206202249	22.23334312	0.0756200742344112	0.0537118821547402
FYCO1	0.068273532	0.883669978	0.84032343	0.206437786	23.18207001	0.0755535272364288	0.053709899573027
TMEM59	-0.082473216	0.885221769	0.841924238	-0.203991164	18.27919364	0.0747269874776793	0.0529479146269201
DLAT	-0.016476566	0.886073827	0.842859879	-0.202711298	24.37138025	0.074244618536738	0.0525300915181861
COMMD8	-0.021793057	0.88665524	0.843680277	-0.201637259	22.27133512	0.0738221034235349	0.0522452149723438
CACTIN	-0.045707784	0.88665524	0.843700991	-0.201610145	17.76024708	0.073811440775953	0.0522452149723438
RACK1	-0.010412062	0.88665524	0.843788956	-0.201494998	28.23007118	0.0737661632153925	0.0522452149723438
PPP6R2	0.014511225	0.886966719	0.84421076	0.200942901	24.18578068	0.0735491167885226	0.0520926755750579
CTNNBIP1	-0.031337387	0.887266076	0.844761923	-0.200221587	19.55172593	0.0732656698619555	0.0519461231104442
MAN1A2	-0.017228452	0.887266076	0.844976029	-0.199941414	23.78993989	0.0731556113114803	0.0519461231104442
CMTR1	-0.042072548	0.887266076	0.845149838	-0.199728145	21.8374958	0.0730662874435423	0.0519461231104442
DNAAF2	0.029485452	0.887266076	0.845363432	0.199434513	20.22255407	0.0729565424356712	0.0519461231104442
LYAR	0.03007038	0.887266076	0.845420152	0.199376092	23.57939188	0.0729274042499732	0.0519461231104442
NCLN	-0.01701996	0.887266076	0.845410185	-0.199373342	24.04664852	0.0729325243533999	0.0519461231104442
DENND4A	-0.038821038	0.887266076	0.845430738	-0.199346451	16.64158377	0.0729219662289003	0.0519461231104442
REXO4	0.037483545	0.887266076	0.845499098	0.199257013	21.72025463	0.0728868513824212	0.0519461231104442
ARMCX5	-0.049592292	0.887624727	0.845966343	-0.198645738	18.2460369	0.0726469151408171	0.0517706079158353
PPP6C	-0.018066767	0.887880052	0.846335198	-0.198163239	24.49916082	0.0724575969965288	0.0516457011955968
TOPBP1	0.018175276	0.889065235	0.847590606	0.196521416	23.34440512	0.0718138652988684	0.0510663715819762
STK10	0.113934828	0.89087131	0.849740376	0.193950556	18.04904359	0.0707137454548324	0.0501850270443875
SPART	0.026666172	0.89087131	0.849577877	0.19392363	21.6662822	0.0707968051396269	0.0501850270443875
WASHC3	0.040210853	0.89087131	0.849604479	0.193888865	16.98453558	0.0707832067147519	0.0501850270443875
ATG4B	0.023650704	0.89087131	0.849816172	0.193612223	22.36612682	0.0706750085447708	0.0501850270443875
RPL23A	-0.014742379	0.891489469	0.850531867	-0.192677066	26.96269909	0.0703094099726523	0.0498837826986121
DDX27	-0.01982599	0.891860175	0.851011617	-0.192050307	24.81817014	0.070064511402415	0.0497032285677169
TNPO3	-0.009865567	0.892713161	0.851951732	-0.190822351	23.91284155	0.0695850098340811	0.0492880625068117
LRRTM2	0.031203926	0.892873312	0.852230789	0.190457912	19.46982165	0.0694427798618494	0.0492101579115322
H6PD	-0.036408836	0.894775357	0.854228251	-0.1878501	21.79196941	0.0684260697032454	0.0482859853110946
TMEM259	-0.021001837	0.894775357	0.854299232	-0.187757456	21.2518872	0.0683899840599714	0.0482859853110946
TTC4	0.013945503	0.894838242	0.854485768	0.187513996	23.20220588	0.0682951663318218	0.0482554640762079
TMEM161B	-0.051115992	0.895664733	0.855401603	-0.186318861	18.95535851	0.0678299402220623	0.0478545258916332
HGH1	0.012291718	0.896132586	0.855975104	0.185570606	23.07150358	0.0675388665759497	0.0476277301723798
SLC25A13	-0.014817414	0.896737583	0.856679755	-0.184651394	25.26401027	0.0671814961967076	0.0473346282253631
NCK1	0.023989949	0.898052406	0.858062795	0.182847716	22.68496758	0.0664809283237065	0.0466983192652853
NDRG3	0.015211762	0.898503419	0.85862074	0.182120261	23.62737237	0.0661986253385641	0.0464802659673518
ZFP64	0.044770053	0.899070331	0.859289582	0.181248353	19.3050568	0.0658604535483116	0.0462063336611113
PIGQ	-0.024203983	0.900120731	0.860420749	-0.179774096	16.94178966	0.0652891251702653	0.0456992357933472
RPA1	-0.012275059	0.900695697	0.861097681	-0.178892048	24.37651932	0.0649475803546505	0.0454219120576411
ZFAND5	-0.050345779	0.900752869	0.861279673	-0.178654937	19.78105266	0.0648558024159066	0.0453943459260331
IAH1	-0.016792948	0.90082722	0.861533075	-0.178324807	22.19148402	0.0647280449550628	0.0453584993608545
EXOSC10	0.021222824	0.90082722	0.861605453	0.178230517	22.90827329	0.064691561102466	0.0453584993608545
TIMM10B	0.034793657	0.901390365	0.862271501	0.177362908	20.99873599	0.0643559675616335	0.045087088432444
PUM2	0.038794997	0.903253665	0.864286325	0.174739235	20.96566897	0.0633423584843905	0.0441902675833036
TMEM97	0.024697244	0.903253665	0.86430931	0.174709311	19.79149544	0.0633308089253554	0.0441902675833036
GLIS3	-0.023657698	0.903672246	0.864837589	-0.174021615	18.25696196	0.0630654426202992	0.0439890557675068
TEX264	0.021150417	0.904383081	0.865645723	0.172969784	21.94318313	0.0626598124013671	0.0436475709364409
PSMA1	0.007259525	0.904954875	0.866380076	0.172014162	26.95196726	0.0622915436666132	0.0433730760733571
LMAN2	0.008077818	0.904954875	0.866448878	0.171924638	27.07416566	0.0622570563285633	0.0433730760733571
RPL4	-0.007437517	0.905029124	0.866655575	-0.171655696	28.28934409	0.0621534649185981	0.0433374448953768
DSG2	-0.014982723	0.905029124	0.866775843	-0.171499217	23.98112461	0.0620932009493508	0.0433374448953768
LSM7	0.029446195	0.905497541	0.86751218	0.17058641	24.02040106	0.0617244189351806	0.043112724733226
DNAJC8	-0.014334044	0.905497541	0.867516749	-0.170535333	24.06370953	0.0617221316056097	0.043112724733226
APEX1	-0.00927069	0.905497541	0.867608472	-0.170416017	27.22548356	0.061676215849999	0.043112724733226
SSU72	0.028083633	0.906103492	0.868443992	0.169329274	21.37725675	0.0612581849885354	0.0428221958798812
MON1B	-0.025388453	0.906103492	0.868445247	-0.169327642	18.3187623	0.0612575573842385	0.0428221958798812
NCOA7	-0.02176539	0.906150543	0.868618438	-0.169102404	21.89643559	0.0611709561887682	0.0427996449689405
HSPE1	0.009397518	0.90672385	0.869296176	0.16822108	28.61474876	0.0608322308151212	0.0425249606600903
YLPM1	-0.016862942	0.906823687	0.869520083	-0.167929945	25.07585864	0.0607203827982951	0.042477144258977
UAP1	0.014873957	0.907159625	0.86997044	0.167344413	23.38966123	0.0604955036606735	0.0423162871878404
NDUFB9	0.019769576	0.907287995	0.870234224	0.167001484	22.64260198	0.0603638410593006	0.0422548355569193
ATP5MF	-0.068059862	0.907287995	0.870411943	-0.166820089	19.81059888	0.0602751586116431	0.0422548355569193
MITD1	0.036973241	0.907287995	0.870478318	0.166684173	17.64462699	0.0602420418817768	0.0422548355569193
PPM1H	0.05694606	0.907660076	0.870963612	0.166067261	19.5473648	0.0599999890080911	0.0420767668507487
PDS5A	0.01110054	0.908175266	0.871586356	0.165243996	24.95094567	0.0596895769116591	0.0418303302108616
ADAMTS13	-0.06462419	0.910183984	0.873642812	-0.162601479	17.27412414	0.0586660919472756	0.0408708108002029
TELO2	0.013598097	0.910394485	0.873973558	0.162142476	23.04108109	0.0585017067116	0.0407703818160101
TUFT1	-0.045741483	0.912278856	0.875911505	-0.159667978	21.20252578	0.0575397692104404	0.0398723907165398
LZTFL1	0.015808155	0.912866085	0.87660437	0.158726407	22.90859708	0.0571963686556446	0.0395929276258178
ATM	-0.027859118	0.914386229	0.87819339	-0.156664064	19.64341088	0.056409836073955	0.0388703232015166
LGALS8	0.034621076	0.914838824	0.878757395	0.155932232	19.52775303	0.0561310072419002	0.0386554130517505
MED6	-0.032560291	0.915358884	0.879386341	-0.155116241	20.72275651	0.0558202843092139	0.0384085990672829
EIF3F	0.018276583	0.915679496	0.879823796	0.154576625	25.66896429	0.0556042961307683	0.0382565104760487
CD40	0.018529605	0.91584119	0.880108625	0.154179293	21.51914651	0.0554637229330818	0.0381798279546051
RPS21	0.007747834	0.9163641	0.880740672	0.153359521	26.62221979	0.0551519477724706	0.037931933316447
MCCC1	-0.01050539	0.917712592	0.882166472	-0.15151065	23.88007674	0.0544494522276319	0.0372933092691816
FUBP3	0.009256182	0.91794748	0.882522026	0.151049683	25.86818427	0.0542744466756797	0.0371821660740138
MTERF3	0.061108902	0.918157554	0.882853786	0.150659201	18.72225554	0.0541112162314502	0.0370827883394071
CORO1A	0.022461335	0.918251315	0.883150615	0.150234816	22.11807011	0.0539652242985764	0.0370384410422006
LLGL1	-0.008819017	0.918251315	0.883366925	-0.14995443	23.63016164	0.0538588656152089	0.0370384410422006
TKFC	0.020565112	0.918251315	0.883425241	0.149878841	23.02533652	0.0538301963495157	0.0370384410422006
NCAPH2	-0.037544307	0.918251315	0.883463168	-0.149829681	20.1760354	0.0538115517234784	0.0370384410422006
PABPN1	-0.02388582	0.918283519	0.883676578	-0.149592385	24.06758664	0.0537066559040693	0.0370232101636594
CHD6	0.057649942	0.918283519	0.883753774	0.149470935	17.98803481	0.0536687185711403	0.0370232101636594
D2HGDH	-0.031096432	0.918802069	0.88438271	-0.148637912	19.26954595	0.0533597566236188	0.0367780355119796
COG4	-0.061897695	0.919950576	0.885618239	-0.14729381	21.62865551	0.0527534478932352	0.0362355043360222
PTRHD1	0.011305537	0.920127526	0.885918657	0.146647762	24.74154025	0.0526061521962506	0.0361519770023442
MYO9A	-0.020208885	0.921176391	0.887058747	-0.145170939	17.21177826	0.0520476173124991	0.0356572011787286
MAP3K2	-0.053441696	0.921473712	0.887475318	-0.14466938	19.62926938	0.0518437164762037	0.0355170499144551
ZC3H13	0.035768054	0.922903738	0.889296351	0.142273437	16.89216367	0.050953489696948	0.0348435950039883
POLR2H	0.010909827	0.922903738	0.889317482	0.14224608	24.10626749	0.0509431703386621	0.0348435950039883
TMEM179B	0.018864985	0.922903738	0.889441331	0.142085745	20.40042323	0.0508826934072389	0.0348435950039883
HEG1	-0.019295985	0.922903738	0.889457994	-0.142064174	22.59772874	0.0508745573099899	0.0348435950039883
CNDP2	0.011582356	0.922903738	0.889504904	0.142003445	25.81639149	0.0508516532301199	0.0348435950039883
ITPK1	-0.015637243	0.922926801	0.889657599	-0.141805774	20.49913074	0.0507771073738924	0.0348327422919706
PPP1CA	-0.011775208	0.922993498	0.889852369	-0.141553644	26.51525661	0.0506820390257525	0.0348013583377579
HDHD5	0.012047703	0.924200097	0.891146291	0.139878904	21.23999223	0.0500509961214504	0.0342339902356621
RBM10	-0.021903553	0.924487555	0.891554156	-0.139361903	23.29685486	0.0498522711789058	0.0340989307256902
PHC3	0.020740496	0.925683539	0.892894426	0.137616945	18.94387289	0.0491998881620052	0.0335374590589074
PYGM	-0.03946523	0.925683539	0.892969249	-0.137520146	18.42480669	0.0491634965644904	0.0335374590589074
GAMT	-0.024820025	0.925721686	0.89317258	-0.137257104	20.92601464	0.0490646180429222	0.0335195623484739
DRAP1	-0.027027476	0.925721686	0.893267773	-0.137144598	22.34636073	0.049018334051872	0.0335195623484739
AASDHPPT	-0.014349315	0.925936977	0.89360641	-0.136695909	22.42973351	0.0488537246086017	0.033418572143753
TCP1	-0.005607556	0.926053701	0.893849968	-0.136380867	28.19277863	0.0487353710673573	0.0333638282513836
SEPHS2	0.031182054	0.926148123	0.894072029	0.136093644	18.77469012	0.0486274917889507	0.0333195491095812
CCDC174	0.018273227	0.92681021	0.894842201	0.135097564	19.48780354	0.0482535426473175	0.0330091905464597
DCUN1D3	0.018464196	0.926833268	0.894995484	0.134899338	17.93076427	0.0481791560570807	0.0329983859205615
GLUD2	-0.020829897	0.927107002	0.895390874	-0.134388044	18.93916478	0.0479873363448448	0.0328701388907117
SPR	-0.037551404	0.927376362	0.895913211	-0.133792586	22.21432506	0.04773405932156	0.0327439780798476
HSD17B10	-0.011164918	0.927376362	0.895810089	-0.133845981	26.42536614	0.0477840506518198	0.0327439780798476
PLXNB2	0.005869077	0.927680763	0.896338424	0.133162883	24.99535361	0.0475279859561998	0.032601449125897
CFAP36	-0.039934941	0.930194705	0.898986783	-0.129749804	20.180577	0.0462466932638376	0.0314261369765414
COA7	-0.024374416	0.930194705	0.899030421	-0.12968337	21.50459722	0.0462256125505243	0.0314261369765414
VAMP3	0.012176239	0.930341381	0.899303698	0.129330244	22.38075958	0.0460936207334412	0.031357661467747
VAMP7	0.018084349	0.930467315	0.899556964	0.129002992	21.64549574	0.0459713299642849	0.0312988779490703
MARCHF6	-0.022891955	0.930637415	0.899868444	-0.128600541	18.7743641	0.045820977472903	0.0312194912381704
CASP7	-0.013950975	0.930637415	0.899984528	-0.128450559	22.35409022	0.0457649566295437	0.0312194912381704
TMEM106B	0.018815577	0.931320239	0.900788537	0.127411856	19.87262071	0.0453771490794539	0.0309009590653598
PRKAG2	0.021459784	0.931320239	0.90090817	0.127257314	21.54161863	0.0453194746089084	0.0309009590653598
TAF4	-0.020755699	0.93162403	0.901333738	-0.126707593	19.20732758	0.0451143724673042	0.0307593179456369
ZFAND1	-0.013238022	0.931812264	0.901647576	-0.126302225	21.66162351	0.0449631805365507	0.0306715779053169
WIPI2	0.01406196	0.931978041	0.902031497	0.125806363	20.75650177	0.0447782975639634	0.0305943202478184
USP48	0.007134658	0.931978041	0.902125239	0.125685294	23.22787177	0.0447331666365369	0.0305943202478184
ULBP3	-0.03417772	0.931978041	0.902203227	-0.125584573	18.75623758	0.0446956238512692	0.0305943202478184
FRMD5	0.01400549	0.932347988	0.902693154	0.124951865	21.28119281	0.0444598512051482	0.0304219620440426
APOM	-0.023863734	0.932425431	0.902899944	-0.124684825	20.27789828	0.044360373912723	0.0303858900288169
ATN1	-0.021771776	0.933598089	0.904167445	-0.123048243	17.80127757	0.0437511340097387	0.0298400459275581
DGKE	-0.019897659	0.93375355	0.904450004	-0.122683456	19.12044339	0.043615434981093	0.0297677340467135
DHX35	-0.055309707	0.933767946	0.904650053	-0.122461168	18.62858864	0.0435193870297061	0.0297610384307594
ERICH5	0.017538492	0.933767946	0.904727948	0.122324642	19.77328821	0.043481993661742	0.0297610384307594
UQCC3	-0.018998375	0.934427799	0.905499373	-0.121328859	19.76998612	0.043111846070778	0.0294542498841619
BAG3	0.008714376	0.934831657	0.906022879	0.120653172	23.89766332	0.0428608353276074	0.0292665891471373
PHACTR2	0.01700568	0.934863803	0.906245568	0.120365766	17.00787319	0.0427541043358193	0.0292516553456543
MIB1	-0.047695491	0.934863803	0.906318344	-0.120293325	17.74371989	0.0427192297418558	0.0292516553456543
PDK3	-0.027758114	0.935124676	0.906703443	-0.11977486	17.66065758	0.0425347351324684	0.0291304827219886
RIPOR1	-0.039195595	0.935159631	0.906869532	-0.119563302	18.8000869	0.0424551888033151	0.029114249079264
CNTRL	0.028283	0.935167557	0.907086995	0.119279906	17.08997399	0.0423510595367479	0.0291105682066491
MTFP1	-0.021728207	0.935167557	0.907141614	-0.119209426	20.33695063	0.0423249098771112	0.0291105682066491
ISG15	-0.014280042	0.935622773	0.907715449	-0.118468986	23.95260026	0.0420502729512522	0.028899216033607
PIGO	-0.015771439	0.935789512	0.908009501	-0.118089589	20.00049652	0.0419096071944601	0.0288218265364981
EPB41L5	0.026959695	0.936022894	0.908368273	0.117626711	17.64523701	0.0417380429922131	0.0287135288086106
PAIP1	-0.012657389	0.936486945	0.908950998	-0.116874954	24.57173062	0.0414595291782906	0.028498272484131
GCAT	-0.069539476	0.936590323	0.909316135	-0.116544302	17.12193285	0.0412851026779241	0.028450333730335
RSBN1	-0.025723899	0.936590323	0.909197346	-0.116557169	18.25966218	0.0413418406761003	0.028450333730335
VPS36	0.019890837	0.937066291	0.909910709	0.115637014	21.78235404	0.0410012236033283	0.0282296846755781
MSL3	0.057399747	0.93712497	0.910100162	0.115465481	18.89991335	0.0409108083271471	0.028202490048816
EEF2K	0.032631941	0.937416706	0.910516001	0.114856342	18.8529437	0.0407124177054764	0.0280673110473378
NCOR1	0.035911626	0.937701106	0.910924795	0.114523416	22.86306515	0.040517476446001	0.0279355717498814
NUP54	0.010621747	0.93773683	0.91109206	0.114113442	22.86835887	0.0404377381422413	0.0279190265624609
PSPC1	0.004763142	0.938808012	0.912265518	0.112600335	25.62697131	0.039878740378277	0.0274232126902524
CBR4	-0.015361277	0.940000521	0.913557193	-0.110935115	22.46798727	0.0392642585722204	0.0268719056903414
ARHGEF5	-0.014556286	0.940147849	0.913833278	-0.110579231	21.95857332	0.0391330307970389	0.0268038432559274
NDE1	-0.019067232	0.940271053	0.914085953	-0.110253538	18.2739519	0.0390129649242665	0.0267469337903099
BUD13	-0.089796629	0.940341794	0.914287653	-0.110235887	18.33077029	0.0389171451234688	0.026714261009192
WDR41	-0.045087158	0.940401682	0.91447882	-0.109775714	19.09740369	0.0388263486497253	0.026686602768424
RAP2A	-0.018956355	0.942340599	0.9164975	-0.107145726	17.56880723	0.0378687153582682	0.0257920977050887
PITRM1	0.007939094	0.942653262	0.916934845	0.106582232	23.9497821	0.0376615230674716	0.0256480252816713
PSAP	-0.008311222	0.942857251	0.917266554	-0.106154868	27.90165316	0.0375044417459257	0.02555405466013
HSPB11	-0.007766385	0.943236843	0.917851768	-0.105400947	22.75069161	0.0372274511927814	0.0253792439614222
UROS	-0.024788539	0.943236843	0.91790252	-0.105335567	19.98116952	0.0372034378335914	0.0253792439614222
ZMAT2	0.018697285	0.943256502	0.918054992	0.105139152	21.31387269	0.0371313035407615	0.0253701924635807
FAM89B	-0.016580552	0.943388376	0.918336288	-0.104776797	18.76029609	0.0369982542251091	0.0253094792352805
TPRG1L	0.00927795	0.943388376	0.918450063	0.10463024	21.91941313	0.0369444517186665	0.0253094792352805
CEP131	-0.017430835	0.943438212	0.918631949	-0.104395954	22.60054861	0.0368584543751863	0.0252865375405399
PI15	-0.01592344	0.94491285	0.920201388	-0.102374621	19.45589441	0.0361171159959279	0.0246082449398944
SUMF2	-0.012611843	0.94516957	0.920585007	-0.101880615	22.93852318	0.035936102470711	0.0244902690475206
MFSD1	0.017510619	0.946486421	0.922001404	0.10005688	19.95700291	0.0352684176134115	0.0238856123679847
NBN	0.012290952	0.94665547	0.922299901	0.099672585	22.70039329	0.0351278379795467	0.0238080513056941
GPATCH8	0.009936918	0.947021061	0.922789959	0.099041702	21.90883025	0.0348971397411236	0.0236403625232575
DUSP23	0.011583146	0.94747263	0.923363912	0.098302871	22.52658257	0.0346271030635551	0.023433326807547
SCAF11	0.015516005	0.949135479	0.925118621	0.09604445	22.46981647	0.0338025773768446	0.0226717922274176
THEMIS2	0.02068491	0.949884635	0.925983099	0.094934727	21.57897436	0.0333969399681985	0.0223291372640877
ADSL	-0.005297687	0.950566434	0.926782117	-0.093903916	25.75321698	0.0330223548595649	0.0220175253936212
NAA50	-0.004956661	0.951263195	0.927595918	-0.092856915	24.9070919	0.0326411711961631	0.0216993060679469
RHOF	-0.016270743	0.951344917	0.927863059	-0.092513246	21.13531964	0.0325161154935796	0.0216619978977062
ITGB3	0.008710591	0.951344917	0.928060512	0.092259237	24.88182596	0.0324237057090403	0.0216619978977062
RPL28	-0.004836419	0.951344917	0.92807906	-0.092235376	26.80620678	0.0324150260879901	0.0216619978977062
PSME3IP1	0.013943404	0.951442061	0.928308327	0.09194045	21.69137818	0.0323077538729492	0.0216176533613241
UBE2J2	0.057986101	0.952354464	0.929389366	0.090703028	18.16581896	0.0318023009920132	0.0212013781834821
ACSF3	0.045485475	0.952354464	0.929467801	0.090505827	18.90397392	0.0317656506368239	0.0212013781834821
CD81	0.015870147	0.952908304	0.930143036	0.089580606	21.66497318	0.0314502611568949	0.0209488884307067
NELFA	-0.006129511	0.953009021	0.930376067	-0.089280916	23.19136424	0.0313414699299966	0.0209029883942248
SPATS2	-0.011724142	0.95349573	0.930986006	-0.088496543	20.68065587	0.0310568470129176	0.020681247496413
PUSL1	0.018559483	0.953551409	0.931175167	0.088253296	19.5833928	0.0309686145011833	0.0206558877850873
DNAI4	0.016061125	0.954320073	0.932060699	0.087114645	18.7763599	0.0305558039739467	0.0203059412034128
SPTLC1	-0.006209928	0.954603166	0.932592283	-0.086431173	24.71069162	0.0303081825598273	0.0201771296030772
UBE2G2	0.010130263	0.954603166	0.93260708	0.086412149	21.92062113	0.0303012918696669	0.0201771296030772
AGO3	0.030147378	0.954628171	0.932766457	0.086209707	17.18539177	0.0302270798682229	0.0201657537856891
GPC1	0.01321593	0.955223262	0.933482953	0.085286112	20.15585423	0.029893608604707	0.0198951099634225
F10	0.011476099	0.955756974	0.934139627	0.084441959	18.76525645	0.0295882043871569	0.0196525243226235
AHCYL1	-0.00450254	0.956430944	0.934933556	-0.08342145	26.73343758	0.0292192525370137	0.0193463813318289
PPIL3	-0.007535279	0.957903315	0.936597789	-0.081282568	23.07457876	0.0284468717794704	0.0186783237826336
SULT2B1	-0.013789222	0.957903315	0.936643657	-0.081223624	16.9227612	0.0284256035982198	0.0186783237826336
PALM	0.004890148	0.958538141	0.937512515	0.080107129	24.83682897	0.0280229260971361	0.0183906015169838
ACP2	0.006848531	0.958538141	0.937696594	0.079870598	22.85938955	0.0279376614791184	0.0183906015169838
ARRDC1	-0.010359018	0.958538141	0.937733593	-0.079823058	19.99145552	0.0279205257183214	0.0183906015169838
SMG6	0.020133161	0.958538141	0.937856537	0.079665085	18.60898707	0.0278635901437461	0.0183906015169838
INTS13	-0.007188737	0.958538141	0.938113292	-0.079335185	23.89307589	0.0277447105341985	0.0183906015169838
TCEAL8	0.01897673	0.958538141	0.938165207	0.079268481	19.12221711	0.0277206774303221	0.0183906015169838
NOL10	0.010255485	0.958538141	0.938212904	0.079207197	20.70874319	0.0276985981449304	0.0183906015169838
NEB	-0.022938204	0.958566943	0.938376602	-0.078996873	17.26327767	0.027622829695782	0.0183775521022458
CDK5RAP2	-0.030013379	0.960603208	0.94050577	-0.076275074	18.05072056	0.0266385357101214	0.0174559673385603
UQCRB	0.006468223	0.961524739	0.941543945	0.074928077	23.41830531	0.026159405200563	0.0170395373506488
CPSF3	-0.006256621	0.961871705	0.942019674	-0.07431707	24.15102699	0.0259400269094446	0.016882850546623
NECTIN2	0.011575753	0.962012129	0.94234754	0.073895989	21.98403865	0.0257888988331517	0.0168194523649268
CWC22	0.016115697	0.962012129	0.942429185	0.073791134	20.73379821	0.0257512731849496	0.0168194523649268
FTSJ3	-0.005164675	0.962507103	0.943050146	-0.072993676	24.36756034	0.0254652133580468	0.0165960568508149
COPRS	0.014902128	0.963048854	0.943725034	0.072127019	18.80335432	0.0251545243582022	0.0163516812197478
RAD9A	0.01489666	0.963048854	0.943853224	0.071962411	17.89706201	0.0250955363830178	0.0163516812197478
RASL11A	0.009825603	0.96337654	0.944310564	0.07137516	18.85351727	0.0248851518353423	0.0162039337664462
PEPD	-0.004390479	0.963886706	0.944946891	-0.070558123	25.28810152	0.0245925995264923	0.0159740095105983
DES	0.011887797	0.964959363	0.946238215	0.068900232	18.7101537	0.0239995164137639	0.0154909755644633
RAB10	0.00365811	0.964959363	0.946381113	0.068716783	26.0674341	0.0239339355417155	0.0154909755644633
EIF3J	-0.004322212	0.964959363	0.946407699	-0.068682653	25.52380513	0.0239217353923662	0.0154909755644633
EVI5	0.010538327	0.965066122	0.946648829	0.068373102	17.42329735	0.0238110979893739	0.015442929727762
SMTN	0.037350474	0.966120038	0.947955779	0.066753925	17.57439384	0.0232119215060486	0.0149689102281308
NPRL2	-0.016237743	0.966120038	0.947882164	-0.066789916	16.97459165	0.0232456486380742	0.0149689102281308
FAM89A	-0.011095498	0.966710745	0.948672037	-0.065776082	18.44854078	0.0228839004687288	0.0147034541925946
TRIM32	-0.012238594	0.966796405	0.948892768	-0.065492777	20.4916313	0.0227828633336968	0.014664973170847
SLC39A8	0.010524428	0.967449752	0.949670777	0.064494262	19.42880361	0.0224269257772487	0.0143715823770926
DGKZ	0.03717501	0.967890445	0.950280583	0.063787755	18.34915665	0.0221481445457909	0.0141737974690769
PCIF1	0.008858749	0.967890445	0.950377019	0.063587916	20.83483921	0.0221040738803025	0.0141737974690769
TTC19	-0.011239951	0.967983065	0.950604799	-0.063295608	18.7950549	0.0219999975586622	0.0141322406682459
MRM1	0.007411129	0.968167794	0.951014075	0.062770407	19.60861616	0.0218130554604844	0.0140493682151847
PRKRA	-0.005961613	0.968167794	0.951059938	-0.062711554	25.62732923	0.0217921119559822	0.0140493682151847
TNFAIP3	0.031832318	0.968613915	0.951635101	0.062010034	16.89402085	0.0215295474150722	0.0138492962183381
GPRC5C	0.030921012	0.96864569	0.95180325	0.061892657	21.94592082	0.0214528166052836	0.0138350495916825
CCNK	-0.011630283	0.969503712	0.95284922	-0.060422795	22.6057632	0.0209758172029706	0.0134505237714227
PPP4R2	0.005225789	0.969503712	0.952920456	0.06032429	22.21964673	0.0209433501088439	0.0134505237714227
VPS13C	-0.005986775	0.969686549	0.953237244	-0.059917852	24.16270865	0.020798997643568	0.01336862866085
ZKSCAN1	-0.030835362	0.970126685	0.953922961	-0.059081488	18.73274537	0.0204866975847692	0.0131715492348343
TASOR2	0.012441024	0.970126685	0.954018766	0.058915206	18.82328072	0.0204430824341753	0.0131715492348343
LSM4	-0.00681207	0.970126685	0.95409275	-0.058820293	23.99988481	0.0204094042736529	0.0131715492348343
MAP2	0.006783697	0.970126685	0.954218472	0.058659005	22.70295142	0.0203521805144429	0.0131715492348343
HAT1	-0.007131053	0.970452475	0.954676106	-0.058075897	24.39067537	0.0201439469880559	0.0130257280248522
CIT	-0.012384613	0.970655398	0.955012945	-0.057639827	19.03334053	0.0199907416058181	0.0129349259208599
ARHGEF7	-0.032943471	0.971156278	0.955643039	-0.056931841	20.25301398	0.0197042992954368	0.0127108780097171
TMCO3	-0.008915195	0.971586225	0.956266503	-0.056031849	18.83941582	0.0194210568318005	0.0125186511835979
PDHX	0.005595457	0.971586225	0.95634081	0.055936538	23.62263809	0.0193873111487597	0.0125186511835979
CEP43	-0.009148106	0.972650427	0.95752581	-0.054416655	20.7018313	0.0188495108428843	0.0120432182141475
B4GALT4	0.015679871	0.972756301	0.957767549	0.054106617	19.66070711	0.0187398817734522	0.0119959473855227
SCAF1	0.013756678	0.973139253	0.958282165	0.053446623	19.19602464	0.0185065946172369	0.0118250091846115
UBB	-0.007157538	0.97384833	0.959364319	-0.052058848	20.38739085	0.0180164379960051	0.0115086761533705
CMC2	0.010836841	0.97384833	0.959476438	0.05191507	19.39126425	0.0179656858292145	0.0115086761533705
SEMA3F	-0.010177755	0.97384833	0.959563978	-0.051802813	19.20245498	0.017926063798688	0.0115086761533705
ESRP2	0.01854276	0.97384833	0.959653326	0.051692182	18.59423016	0.0178856271651539	0.0115086761533705
ODC1	0.014709579	0.97384833	0.959819438	0.051475227	16.99515111	0.0178104591018075	0.0115086761533705
IFT27	-0.006820588	0.97384833	0.959916953	-0.051350181	21.67426844	0.0177663382249644	0.0115086761533705
PLEKHF2	0.004930223	0.97384833	0.959944077	0.051315399	22.429231	0.0177540667080746	0.0115086761533705
BAZ1A	-0.004237359	0.97402272	0.960253668	-0.05091841	27.38266201	0.017614025231136	0.0114309126742105
GCC1	0.012780579	0.974244654	0.960610187	0.050461257	18.85922752	0.0174528121021903	0.0113319686450183
MRPL40	-0.022526594	0.974928213	0.961421998	-0.049528141	22.21828779	0.0170859451356895	0.0110273615791687
CSF1	-0.009679869	0.975848027	0.962467018	-0.048080478	16.8011671	0.0166141440490995	0.0106178116102997
PRKACA	-0.004487861	0.975965123	0.962748595	-0.047719475	22.94827625	0.0164871064982121	0.0105657019637242
LDB1	-0.008605165	0.975965123	0.962913814	-0.047507654	18.45878854	0.0164125828435505	0.0105657019637242
SUPV3L1	0.006056889	0.975965123	0.962996404	0.047401769	22.19905291	0.0163753346053438	0.0105657019637242
CUEDC1	0.009477926	0.976078935	0.96350842	0.046745351	19.22799369	0.016144485737579	0.010515059742379
NHEJ1	0.015177485	0.976078935	0.963542142	0.046704861	19.29016529	0.0161292860549044	0.010515059742379
MRPS14	0.018807078	0.976078935	0.963660628	0.04657188	20.04907248	0.0160758844960766	0.010515059742379
AIDA	-0.004188689	0.976078935	0.963653319	-0.046559592	22.15976164	0.0160791784673293	0.010515059742379
VEZF1	0.021459686	0.976083347	0.963802966	0.046404174	20.09213636	0.016011741538181	0.010513096680935
LZTS2	0.007354354	0.976314215	0.964168943	0.045899882	22.96818964	0.0158468617567168	0.0104103873753439
PDRG1	-0.005748545	0.976481689	0.964472372	-0.0455096	22.5042998	0.0157102085175564	0.0103358961967301
TEX2	-0.007832306	0.977171021	0.965337008	-0.044401232	19.02937796	0.015321043999368	0.010029420951984
LZTR1	-0.007471128	0.977171021	0.965429497	-0.044282675	20.88070088	0.0152794362106857	0.010029420951984
UBE2F	0.01268805	0.97742992	0.96594434	0.043622735	18.85829601	0.0150478979398868	0.00991437096365203
USP54	0.007560804	0.97742992	0.966089529	0.043436632	18.05206973	0.0149826249830681	0.00991437096365203
PRR36	0.005967864	0.97742992	0.966099802	0.043423464	20.83054173	0.0149780068981413	0.00991437096365203
ARL2BP	0.008699835	0.977541608	0.966348383	0.043104836	17.88295392	0.0148662757189672	0.00986474826434118
ESRP1	-0.003271737	0.97759853	0.966542849	-0.042855576	24.36378574	0.0147788879657356	0.00983946014301894
TLCD4	-0.00757701	0.977783221	0.966863674	-0.042444359	17.8656392	0.0146347563237059	0.00975741960811599
APOBEC3D	0.007337951	0.978445859	0.967904232	0.041110679	17.68718067	0.0141676112571886	0.00946320044856236
RSF1	-0.004463803	0.978445859	0.967941858	-0.041065585	25.73036272	0.014150728960334	0.00946320044856236
NRBF2	-0.007053836	0.978445859	0.968095455	-0.040865598	20.66373985	0.0140818187908564	0.00946320044856236
CFL1	0.004527685	0.978445859	0.968183808	0.040770621	29.46083618	0.014042184817473	0.00946320044856236
TMEM131L	-0.013484907	0.978445859	0.968275651	-0.040635806	18.68238184	0.0140009891105906	0.00946320044856236
MTX3	-0.015462405	0.978445859	0.968348806	-0.040551327	20.07769167	0.013968178605979	0.00946320044856236
CZIB	0.00259065	0.978965546	0.96900152	0.039704373	24.55322773	0.0136755417035229	0.00923259261502941
CD99	-0.007137425	0.980017421	0.970181227	-0.038192532	18.46981655	0.0131471332238582	0.00876620412697167
BCL9	0.006310394	0.980428398	0.970795029	0.037405959	20.90359165	0.0128724561590118	0.00858411794619182
ACTR8	-0.012796734	0.980428398	0.970865271	-0.037325549	20.27747146	0.0128410338623195	0.00858411794619182
TMUB2	0.004264776	0.981024209	0.971593951	0.036382197	20.91746399	0.012515197711595	0.00832027528530639
PRKCI	-0.003668611	0.982348884	0.97304476	-0.034523191	24.8737882	0.0118671817522995	0.00773424389661055
SNX33	0.01044969	0.982640358	0.973472382	0.033975279	17.46675712	0.0116763651661817	0.00760540293601794
URI1	-0.003035694	0.983666267	0.974627773	-0.032494931	22.81445996	0.0111612171197255	0.00715222167486714
AURKAIP1	-0.007187078	0.983901242	0.97502072	-0.031991485	19.21956558	0.010986155085001	0.00704849120980962
TLR3	0.006367401	0.983901242	0.975138763	0.031840249	16.71670375	0.0109335794633281	0.00704849120980962
SLC25A17	0.004489657	0.983964309	0.975340364	0.031581962	21.73912906	0.0108438023404192	0.00702065429779532
POLA2	-0.012107095	0.984958494	0.976465072	-0.030155053	20.1426183	0.010343286742699	0.00658207021971144
SLC5A3	0.012580531	0.985965974	0.977603243	0.028699804	19.93988053	0.00983736641548503	0.00613807244116511
GNB4	0.013131132	0.986460636	0.978458836	0.027616809	20.16574446	0.00945744049560588	0.00592024027400415
TTI2	-0.008119193	0.986460636	0.978498333	-0.027537925	20.02920584	0.00943990988285077	0.00592024027400415
POMGNT2	-0.003121617	0.986460636	0.97851853	-0.027510439	20.92639804	0.00943094578466935	0.00592024027400415
SPEN	-0.002773499	0.986460636	0.978651505	-0.027340098	23.11923429	0.0093719316900458	0.00592024027400415
TRIM44	0.004311398	0.986480982	0.978811141	0.027135604	22.43194837	0.00930109607618774	0.00591128293289634
GAK	0.004240863	0.986643341	0.979111712	0.026751336	22.9508058	0.0091677544304272	0.00583981088511453
CDR2	-0.005693169	0.98761046	0.980246592	-0.025296846	17.21977445	0.00866465892642151	0.00541431900719309
OARD1	0.002775634	0.98761046	0.980350671	0.025163528	21.56685372	0.00861854957364674	0.00541431900719309
TRIM25	0.001522226	0.987952029	0.980862705	0.024507658	25.73844164	0.00839177817944696	0.00526414250384951
SMAP2	-0.00559143	0.987952029	0.980969049	-0.024377709	22.2616965	0.00834469502633291	0.00526414250384951
EPRS1	-0.001106583	0.987993762	0.981150152	-0.024139468	27.9393935	0.00826452453135037	0.00524579745440685
PPP1R2	-0.002192451	0.988295788	0.981589795	-0.023576339	23.61852658	0.00806996535666958	0.00511305554296735
SGPP1	0.004926573	0.988749	0.982409535	0.022526372	19.61688974	0.00770743103821988	0.00491394273037477
BNIP1	0.003019936	0.988749	0.982439968	0.022487393	21.39132581	0.00769397770864053	0.00491394273037477
NT5C3B	0.002746581	0.988749	0.982521718	0.022382685	20.80902382	0.00765784105094483	0.00491394273037477
B4GALT5	-0.003929446	0.988749	0.98259902	-0.022283674	19.76498403	0.00762367334673387	0.00491394273037477
FASTKD2	-0.002113316	0.988779263	0.982768871	-0.022066124	22.40058761	0.00754860816166884	0.00490065032474623
POLRMT	0.001506246	0.989081903	0.983209492	0.021501771	22.97472495	0.00735393738022368	0.00476774424894234
DOCK10	-0.005929939	0.989109625	0.983376872	-0.02128739	16.65581045	0.00728001007971228	0.00475557200832994
GRIPAP1	0.004347869	0.989629074	0.984033207	0.020446765	21.26865735	0.00699024570125684	0.00452755419109477
MECR	-0.002239348	0.990087513	0.984629016	-0.019683675	21.73623302	0.00672737016492003	0.00432641678298755
ABHD12	-0.00178568	0.990713377	0.985391479	-0.018707157	22.823977	0.00639119753023948	0.00405197295368661
OR1M1	-0.002373854	0.990863139	0.985729428	-0.018274339	23.72771563	0.00624227780970728	0.00398632743377104
PPP1R11	0.002084218	0.990863139	0.986014207	0.01790962	21.82058233	0.00611682747536713	0.00398632743377104
KRT18	-0.001425358	0.990863139	0.986073605	-0.017835	31.46718512	0.0060906661416913	0.00398632743377104
UFL1	-0.001065578	0.990863139	0.98610072	-0.017798821	25.13613498	0.00607872409911595	0.00398632743377104
DTNB	0.005346761	0.990916974	0.986294375	0.017550807	19.54452987	0.00599344372260682	0.00396273223944485
NEDD9	0.003488918	0.991627133	0.987208349	0.016380296	18.04459377	0.00559118038812607	0.00365159853293494
NFIA	-0.013886662	0.991627133	0.987290504	-0.016310505	19.15932646	0.00555504011574543	0.00365159853293494
UBFD1	0.002151361	0.991627133	0.987421759	0.016106988	21.86799565	0.00549730682125568	0.00365159853293494
KHSRP	0.000962311	0.991727273	0.987691333	0.015761756	27.22859702	0.00537875715251441	0.00360774328515557
DST	-0.001459504	0.991727273	0.987801861	-0.015620208	21.33226549	0.00533015997112023	0.00360774328515557
RASAL1	0.003827184	0.991920703	0.988134746	0.015197805	21.83233681	0.00518382924424983	0.00352304521078229
GLT8D1	-0.004481323	0.99196036	0.988322635	-0.01495328	19.12415682	0.0051012581178086	0.00350568245996791
TEX30	0.006659529	0.99196036	0.988609567	0.014589575	18.09467844	0.00497519108826612	0.00350568245996791
PRRT3	-0.00357959	0.99196036	0.98865974	-0.014521573	18.43106426	0.00495315073496871	0.00350568245996791
CDC34	-0.00190471	0.99196036	0.988735157	-0.014424991	20.63775658	0.00492002312145329	0.00350568245996791
PSTPIP2	-0.009468428	0.993525162	0.990435318	-0.012274405	20.19304036	0.00417388151152606	0.00282112948081438
NFKBIA	0.002938076	0.993992284	0.991041502	0.011471484	18.10100935	0.00390815811595186	0.00261698685945602
CENPC	0.001894156	0.995053724	0.992240454	0.00993615	17.25835993	0.00338307059672913	0.00215347060415011
RNGTT	0.000985021	0.995307141	0.992633853	0.009432382	21.2829586	0.00321091761301541	0.00204287999995316
SPAG9	-0.001145157	0.995587883	0.993302756	-0.008575825	23.05978838	0.00291835954092231	0.00192039769849893
EIF3D	0.000517919	0.995587883	0.993340873	0.008527016	26.21196937	0.00290169424421072	0.00192039769849893
ISOC2	0.001468448	0.995587883	0.993548612	0.008260999	22.20729533	0.00281087902536137	0.00192039769849893
USP5	-0.000678254	0.995587883	0.993561967	-0.008243898	26.12284012	0.00280504140075487	0.00192039769849893
HCFC1	-0.000565882	0.995587883	0.993680806	-0.008091721	25.51721287	0.00275309895799182	0.00192039769849893
CLN5	0.002505027	0.995587883	0.993814889	0.007920024	18.95610043	0.00269450108806748	0.00192039769849893
INTS11	0.000654029	0.995587883	0.993899015	0.007812299	22.73008136	0.00265773980412931	0.00192039769849893
RDX	0.000399368	0.995969833	0.99442111	0.007143744	25.40079161	0.00242966487807535	0.0017538157530559
ACADS	0.002188861	0.996142558	0.994734383	0.006743051	19.34776989	0.00229287040742392	0.00167850522849554
REXO2	-0.000446913	0.996662651	0.995394633	-0.005897135	23.27775481	0.0020047052282908	0.0014518162133477
SHROOM2	0.002707751	0.997497933	0.99636986	0.004655414	19.4153205	0.0015794182628515	0.00108799557868201
L1RE1	-0.000685168	0.997607298	0.996620127	-0.004327887	21.18381961	0.00147034638754582	0.00104038243495111
CASC3	0.000925427	0.997727031	0.996880782	0.003994119	16.71814314	0.00135677630757796	0.000988261464035725
CCT3	0.000148679	0.99808669	0.997381229	0.003353301	28.03503152	0.00113880958710849	0.000831735913465406
SMYD2	0.00080324	0.998169484	0.997605069	0.003066676	17.38084555	0.00104135280022769	0.000795711501545102
UBR2	-0.001027805	0.998466651	0.998043213	-0.002509918	21.7953718	0.000850654342736313	0.000666436079755085
SLC25A12	0.000119931	0.999474592	0.999192015	0.001034612	23.11482475	0.00035104526572086	0.000228241760423215
NDUFB7	5.62918e-05	0.999779856	0.999638525	0.000462863	21.45091083	0.000157014978050593	9.56178496582777e-05
FXYD6	6.82707e-07	0.99999913	0.99999913	1.11532e-06	19.59892162	3.77836363632768e-07	3.77836363632768e-07
