id	logFC	adj.P.Val	P.Value	t	AveExpr	-log10(pvalue)	-log10(padj)
CRYAB	2.810650562	4.98592e-12	8.1568e-16	59.33625456	29.81226782	15.0884801862108	11.3022546941109
CA2	-3.741392473	4.98592e-12	1.40965e-15	-56.60407587	29.73076901	14.8508887043215	11.3022546941109
CRABP2	-2.472024641	1.38901e-10	5.89065e-14	-41.01626743	25.40685436	13.2298367806224	9.8572946276035
PLCB4	2.806093919	4.54036e-10	2.56735e-13	36.11131766	22.83479292	12.5905149210804	9.34290971106028
RRM2	-1.83336383	3.10647e-09	2.19569e-12	-29.97669337	25.03537551	11.6584289760584	8.50773283612696
HMGCS1	-2.462127854	3.23163e-09	2.74099e-12	-29.40411482	25.22601725	11.5620925489015	8.49057836886183
FBN1	5.378680734	5.49256e-09	5.43511e-12	27.83495574	22.19404514	11.2647916618979	8.26022519020598
HMGB3	-1.407053637	5.77185e-09	6.5274e-12	-27.26503704	26.12714547	11.185259772861	8.23868496396433
KLRG2	1.340164883	5.94994e-09	7.5699e-12	26.91521392	25.79940507	11.1209098575851	8.22548741373368
NIBAN1	1.834639388	6.23538e-09	8.81451e-12	26.56037242	24.32257204	11.0548018251923	8.20513707436278
ACSL1	1.34539732	8.35798e-09	1.29966e-11	25.67564498	24.40489537	10.8861702472598	8.07789867242427
PYGL	1.022607031	9.19041e-09	1.61882e-11	25.18799302	27.24919854	10.7908014386788	8.03666511355777
CDH6	-1.675521547	9.19041e-09	1.71636e-11	-25.05957339	25.28335015	10.7653916153126	8.03666511355777
S100A1	2.345010287	9.19041e-09	1.81885e-11	24.93290475	22.9327451	10.7402031155921	8.03666511355777
EEF1A2	1.929977809	1.18883e-08	2.52084e-11	24.23153696	27.29604892	10.5984547185133	7.92488024406965
PTPRJ	1.297416249	1.4603e-08	3.30291e-11	23.66530594	25.22629053	10.4811032601069	7.83555791479048
MUC16	-2.461351811	1.64429e-08	3.9515e-11	-23.29665096	23.6017756	10.4032380137248	7.78402158442812
VIM	2.13050476	1.85861e-08	4.72929e-11	22.93273682	25.82250182	10.3252040542362	7.73081173051698
NSDHL	-1.414059185	2.04523e-08	5.49328e-11	-22.63361657	24.43090612	10.2601682638303	7.68925784554706
CA12	3.183722477	2.05997e-08	5.98235e-11	22.46493368	19.05382586	10.223128181973	7.68613910435382
G6PD	-1.255035418	2.05997e-08	6.28204e-11	-22.36879897	26.65377982	10.2018993026201	7.68613910435382
ALDH1A1	1.506932964	2.05997e-08	6.40646e-11	22.33034054	24.93667224	10.1933818811125	7.68613910435382
GDA	1.488421684	2.26215e-08	7.42992e-11	22.04173968	26.25937551	10.1290158623828	7.64547860099658
SFXN3	1.470739153	2.26215e-08	7.6748e-11	21.97907404	23.10422321	10.1149329331183	7.64547860099658
MCAM	2.183933074	2.43953e-08	8.62146e-11	21.75569445	23.30094668	10.0644191824059	7.61269383680388
CCDC6	-2.057993338	4.08647e-08	1.50195e-10	-20.71914291	25.15180348	9.82334452477894	7.38865168501932
CEMIP2	1.343495108	5.0413e-08	2.08567e-10	20.12835522	24.88188559	9.68075440564891	7.29745745759699
NT5E	3.572571046	5.0413e-08	2.09213e-10	20.12286606	19.60344133	9.67941133293645	7.29745745759699
PLCG2	1.750784319	5.0413e-08	2.09506e-10	20.12038617	22.82122685	9.67880353484767	7.29745745759699
CKB	1.748795054	5.0413e-08	2.13796e-10	20.17268878	28.33547545	9.67000042445081	7.29745745759699
CTHRC1	2.986065183	6.39289e-08	2.80152e-10	19.6110688	21.13798247	9.55260627276499	7.19430276824
ALDH8A1	1.426433117	6.53048e-08	3.09083e-10	19.44159316	23.48846221	9.50992488108754	7.18505489626091
EPB41L2	0.900100195	6.53048e-08	3.1227e-10	19.42397903	25.67095295	9.50546973674413	7.18505489626091
OTULINL	1.583861316	6.53048e-08	3.13877e-10	19.41517636	22.4778122	9.50324050697931	7.18505489626091
ACOT9	1.021486503	7.70162e-08	3.81053e-10	19.08520643	25.8650863	9.41901461485791	7.11341791339109
CCN2	2.800414036	8.27797e-08	4.21271e-10	19.05424192	23.9339487	9.37543843637153	7.08207615184901
MTMR1	-1.485270623	9.17983e-08	4.91208e-10	-18.66115	23.03078795	9.30873456872446	7.03716536136363
NAV2	-1.527032665	9.17983e-08	4.93121e-10	-18.65472953	22.76134151	9.30704650225507	7.03716536136363
GLS	1.614262928	9.29848e-08	5.12639e-10	18.59071222	24.84920848	9.29018835710515	7.03158803871104
CD44	1.449968004	1.48359e-07	8.38897e-10	17.7961586	24.16233115	9.07629135869174	6.828686102655
LGALS1	1.270074929	1.62823e-07	9.43701e-10	17.6110084	28.59069382	9.02516558474774	6.78828424768051
CYB5R1	0.92764992	1.69334e-07	1.00537e-09	17.51218588	23.78108741	8.99767407815792	6.77125583261831
FAT2	-1.159388131	1.70795e-07	1.03819e-09	-17.462241	25.30204594	8.98372315862586	6.7675248473718
ITGA3	1.000414384	1.80039e-07	1.11983e-09	17.34506616	26.24149062	8.9508479020313	6.74463340795133
MSH6	-1.234948457	1.81716e-07	1.15595e-09	-17.29614668	24.67257509	8.93706095068514	6.74060683160343
CAV1	1.781652337	1.87614e-07	1.22e-09	17.21334272	22.89435934	8.91364016932525	6.72673475713026
PTGFRN	1.186745771	1.98335e-07	1.31775e-09	17.09562372	24.75790095	8.880166975113	6.70260063947299
EGLN1	1.257832171	2.02795e-07	1.37605e-09	17.02983398	23.6364457	8.86136578533773	6.69294275692834
SLC3A2	1.07240255	2.3381e-07	1.61955e-09	16.78432828	27.26097245	8.79060563957174	6.6311369181017
MSH2	-0.780102851	2.45583e-07	1.74477e-09	-16.67319905	25.76105942	8.75826181473017	6.60980169967144
COTL1	1.022275439	2.45583e-07	1.77053e-09	16.65141574	27.3327346	8.75189671012356	6.60980169967144
MAP1B	1.493020786	2.61308e-07	1.92084e-09	16.53075992	24.07483132	8.71650880901184	6.5828472940512
POFUT1	0.947390819	2.8318e-07	2.13839e-09	16.37312485	25.04590029	8.66991308518819	6.54793742257958
ICAM1	1.635660302	2.8318e-07	2.16168e-09	16.35728535	24.41444252	8.66520859554464	6.54793742257958
PGRMC1	-0.91013878	3.00218e-07	2.33418e-09	-16.24543593	25.63145483	8.63186565643439	6.5225632725647
SYK	-1.886560899	3.18189e-07	2.51931e-09	-16.13494682	22.54193487	8.5987183894666	6.4973148382717
DYSF	3.426450972	3.18189e-07	2.56387e-09	16.10966435	18.15628531	8.59110399932248	6.4973148382717
SLC25A5	-0.75996088	3.52605e-07	2.89102e-09	-15.93745903	29.93335862	8.5389489038812	6.45271153362202
EHD4	0.866985568	3.63975e-07	3.0357e-09	15.86792343	25.77973589	8.51774114937147	6.43892844529301
WARS1	0.774450179	4.00623e-07	3.39799e-09	15.70843887	26.15481428	8.46877790355738	6.3972641212273
ACAT2	-0.988798396	4.44618e-07	3.834e-09	-15.53929556	24.13553194	8.41634789145796	6.3520129592204
SYNGR2	0.667414357	4.71803e-07	4.13511e-09	15.43421806	25.23569784	8.38351293308662	6.32623930194279
SEPTIN11	0.646294434	5.02158e-07	4.52067e-09	15.31115455	25.85332623	8.34479719444986	6.29915961406639
FABP6	-2.547401252	5.02158e-07	4.54313e-09	-15.30434042	17.99042467	8.34264483583013	6.29915961406639
RRAS2	1.040234638	5.0288e-07	4.62075e-09	15.28106453	24.10704369	8.33528752781489	6.2985356363265
ABTB2	2.134882485	5.52374e-07	5.15362e-09	15.13188539	19.96459436	8.28788760712529	6.2577667716616
TIMP3	2.396479986	5.66294e-07	5.36354e-09	15.07764618	21.07071919	8.270548476165	6.24695803978738
SCEL	0.7341345	5.73531e-07	5.51316e-09	15.04037116	25.17689096	8.25859940347415	6.24144310301976
AIFM1	-1.124817389	6.0695e-07	5.92021e-09	-14.94425535	25.65890694	8.2276628878339	6.21684708424351
TFCP2	1.756159833	6.228e-07	6.16285e-09	14.89030471	19.6938022	8.21021840260278	6.20565139610392
DIRAS2	-2.595859816	6.27402e-07	6.29708e-09	-14.86143555	17.55259717	8.20086078925505	6.20245410121434
ACP3	-2.705554174	6.28321e-07	6.4682e-09	-14.82558422	17.31425472	8.18921655995402	6.20181842487469
FAS	2.269399088	6.28321e-07	6.48395e-09	14.82233709	21.94957476	8.18816034280684	6.20181842487469
MAT2B	-0.69619732	7.23866e-07	7.57224e-09	-14.61644178	24.4558425	8.12077562964962	6.1403418217127
DIAPH1	-0.852530972	7.3673e-07	7.81096e-09	-14.57556539	24.87435355	8.10729558621479	6.13269164510482
BCAP31	-0.94515969	7.38249e-07	8.02268e-09	-14.54042763	26.54508568	8.09568053012155	6.13179713263891
AKR1C3	2.015497646	7.38249e-07	8.03578e-09	14.53828643	21.36966594	8.09497196168162	6.13179713263891
NQO1	0.686421308	8.41961e-07	9.28371e-09	14.34996785	26.17196769	8.03227843428321	6.07470802474389
PAGE5	5.412822581	8.45583e-07	9.44318e-09	14.45611425	19.17063885	8.02488173198474	6.07284375687424
HLA-B	0.979460239	9.70458e-07	1.09749e-08	14.13440348	23.52466524	7.95959942822899	6.01302325549761
SCD5	-1.440073785	9.72285e-07	1.1133e-08	-14.116116	22.5223874	7.95338779093155	6.01220641430724
ADI1	-0.828053322	1.09244e-06	1.28294e-08	-13.93593223	23.06976768	7.89179365405238	5.96160240642572
ACTN1	0.993347277	1.09244e-06	1.29145e-08	13.92757459	27.68127825	7.88892240338493	5.96160240642572
BAZ1A	-1.158565839	1.09244e-06	1.29722e-08	-13.92195593	27.38266201	7.88698636417523	5.96160240642572
AK3	0.815654871	1.12106e-06	1.34717e-08	13.87434296	25.65709596	7.87057759699906	5.95037114300575
GARS1	0.794310012	1.12106e-06	1.3629e-08	13.85974502	26.20125064	7.86553600846571	5.95037114300575
UGDH	-0.543594585	1.14498e-06	1.41563e-08	-13.81210104	27.16125409	7.84905024237784	5.94120209932016
NT5C2	0.771614785	1.14498e-06	1.43041e-08	13.79908605	24.41706213	7.8445394623837	5.94120209932016
FLNA	-0.663649992	1.14498e-06	1.44054e-08	-13.79025617	31.9213698	7.84147467800274	5.94120209932016
MAP2K6	-2.012440616	1.15128e-06	1.46473e-08	-13.76942981	20.3470496	7.83424242330777	5.9388190398225
ITGB5	0.822319185	1.16011e-06	1.49237e-08	13.7460843	25.6158935	7.82612348984121	5.93550082962818
GYG1	1.035078856	1.20112e-06	1.5621e-08	13.68920634	24.00931214	7.80629116760465	5.92041360147769
PLCD3	0.97822139	1.25317e-06	1.6475e-08	13.62317132	24.05731828	7.78317457673395	5.90199001036742
RPL36A	-1.007266958	1.32628e-06	1.76238e-08	-13.53996445	25.43046004	7.75390044432921	5.87736477938685
SLC12A2	-1.044703787	1.33286e-06	1.81149e-08	-13.50616231	24.97427829	7.74196405906627	5.87521546530524
ASAH1	0.817581465	1.33286e-06	1.81672e-08	13.5026232	25.69867482	7.74071200270043	5.87521546530524
ASS1	-0.72742364	1.33286e-06	1.82764e-08	-13.49526185	27.34187591	7.7381093454789	5.87521546530524
PDCD4	0.819903443	1.33625e-06	1.85118e-08	13.47956457	25.23858191	7.73255135044967	5.87411228178317
GSPT2	1.870734257	1.3829e-06	1.93535e-08	13.42513396	18.41214473	7.71324048319118	5.8592092233747
DOCK11	-2.603436446	1.39837e-06	1.97678e-08	-13.39928092	21.45360321	7.70404166154243	5.85437790176789
LAMC2	1.731278416	1.44377e-06	2.06136e-08	13.34826104	23.4943389	7.68584615554713	5.84050198660484
CALD1	0.835185055	1.54928e-06	2.25447e-08	13.23979588	27.56151941	7.64695553943088	5.80987008549081
SARS1	0.64407385	1.54928e-06	2.2558e-08	13.23908265	26.06137049	7.64669940767927	5.80987008549081
AHNAK	0.808545701	1.58662e-06	2.3326e-08	13.19873565	31.24622754	7.63215972871019	5.79952707555413
GLG1	-0.893416386	1.60072e-06	2.40514e-08	-13.1619204	24.80105595	7.61885963885029	5.79568462878635
TAPT1	0.947890057	1.60072e-06	2.42053e-08	13.154268	22.24233852	7.61608953035269	5.79568462878635
YARS1	0.547628967	1.60072e-06	2.42122e-08	13.15392178	26.88272469	7.6159657473426	5.79568462878635
FASN	-0.610423459	1.8191e-06	2.78038e-08	-12.98887393	30.34248963	7.55589584414488	5.74014342614022
PRPS1	-1.064231919	1.8191e-06	2.80296e-08	-12.97927634	23.4615	7.55238309985057	5.74014342614022
FBXO2	1.430746407	1.8572e-06	2.88793e-08	12.94390384	23.11036709	7.53941333775827	5.73114132500586
VBP1	-1.095500325	1.90173e-06	2.98405e-08	-12.90522166	24.96314382	7.52519390420802	5.72085114241109
MCM4	-0.662166193	1.94087e-06	3.0729e-08	-12.87064153	26.11341341	7.51245157256329	5.71200355279989
SERPINH1	0.464725129	1.96069e-06	3.13201e-08	12.84823213	28.38900725	7.50417685998003	5.70759106616493
COL12A1	-0.962750495	2.05901e-06	3.31816e-08	-12.78052796	24.64695539	7.47910267634609	5.68634154413754
PCYOX1L	-1.608292941	2.09947e-06	3.41306e-08	-12.74757729	20.74741746	7.46685607696019	5.67789032675481
POR	-0.733279828	2.26568e-06	3.74141e-08	-12.64075132	25.67498672	7.42696469731345	5.64480142900394
PFDN5	-0.772080092	2.26568e-06	3.74731e-08	-12.63892744	25.28775339	7.42628037797092	5.64480142900394
GMPR2	-1.461626965	2.3053e-06	3.87801e-08	-12.64308937	25.21768706	7.41139107536582	5.6372725497248
CLDN3	-2.341834476	2.3053e-06	3.86517e-08	-12.60309276	21.64254719	7.4128313999505	5.6372725497248
IL18	-2.651329429	2.30866e-06	3.95953e-08	-12.57524727	20.4253022	7.40235636218573	5.63664002160703
TPM1	0.717770542	2.30866e-06	3.96532e-08	12.57356039	29.55920908	7.40172175951246	5.63664002160703
LAMB3	2.103382132	2.30866e-06	4.02593e-08	12.65826466	23.45278198	7.39513378058448	5.63664002160703
GFUS	0.681182292	2.30866e-06	4.02707e-08	12.55575091	24.90379615	7.39501082126182	5.63664002160703
MYL12B	0.592271805	2.30866e-06	4.04684e-08	12.55010886	28.30709634	7.39288396597926	5.63664002160703
GFM1	0.548093896	2.40197e-06	4.24436e-08	12.49534417	26.05643229	7.37218778702734	5.61943242112788
CTSC	-1.06515905	2.54098e-06	4.52592e-08	-12.42185701	23.23624473	7.34429312688717	5.59499875325889
RPL27A	-0.974639424	2.80593e-06	5.0375e-08	-12.3001731	26.75293674	7.29778494085083	5.55192316758882
ASNS	0.727868907	2.8085e-06	5.08182e-08	12.29026556	25.76004573	7.29398072188919	5.55152557178784
SHMT2	0.550863121	2.82718e-06	5.18108e-08	12.26840952	27.54494354	7.28557970180855	5.54864654010682
NTN1	1.538187182	2.82718e-06	5.19555e-08	12.26526195	22.77161833	7.28436847133651	5.54864654010682
AARS1	0.649894715	2.93712e-06	5.43911e-08	12.21364856	25.90004929	7.26447215796918	5.53207830942776
MYH9	0.54479813	2.95038e-06	5.54443e-08	12.19209858	31.05695734	7.25614309524592	5.53012204460663
RBMS2	1.409421267	2.95038e-06	5.54709e-08	12.19156126	20.57384949	7.25593478775623	5.53012204460663
LDHB	0.490926868	3.05585e-06	5.87509e-08	12.12720581	30.25436218	7.23098547608533	5.51486796742982
TRIP12	-0.773652858	3.05585e-06	5.88915e-08	-12.12453422	23.77294586	7.22994738381199	5.51486796742982
PLXND1	-1.768372922	3.05585e-06	5.89346e-08	-12.12371715	19.25868896	7.22962965975926	5.51486796742982
PPP1R18	0.905043499	3.05585e-06	5.91818e-08	12.11904185	23.35231486	7.22781183001386	5.51486796742982
CNTNAP1	2.68877492	3.09707e-06	6.04178e-08	12.09597308	17.95347509	7.21883509278759	5.50904897860506
MCTS1	-0.801092741	3.11796e-06	6.12661e-08	-12.08043206	25.31806842	7.21277976455767	5.50612946063233
PTK7	0.640162018	3.18656e-06	6.30645e-08	12.04824265	25.37854113	7.20021504317516	5.49667789974065
CHCHD7	-1.607446516	3.44245e-06	6.86153e-08	-11.95480388	19.02823399	7.16357903349599	5.46313235895246
CPT1A	0.85855678	3.50644e-06	7.03866e-08	11.92669745	25.77599882	7.15251001273256	5.45513358807615
MAFF	0.971000054	3.51089e-06	7.09723e-08	11.91757106	22.68661432	7.14891112035766	5.45458277723969
RPL24	-0.787141457	3.66949e-06	7.46971e-08	-11.86136911	27.09694768	7.12669625867249	5.43539429149092
HMOX2	0.532135047	3.87116e-06	7.93494e-08	11.79527616	25.76672814	7.10045635281177	5.41215887836302
PRIM1	-0.962169472	3.95458e-06	8.16183e-08	-11.76454525	22.50156469	7.0882124552416	5.4028996343833
NDUFA8	-0.946319962	3.98085e-06	8.27233e-08	-11.74991163	22.47646675	7.08237214901798	5.40002418649518
MDK	1.056513595	4.1582e-06	8.69966e-08	11.69523732	23.93724403	7.06049772014106	5.38109462592146
ATXN7L3B	1.220022586	4.36505e-06	9.19412e-08	11.63548147	22.26056047	7.03648983221528	5.36001077725057
POMP	-0.935260905	4.85188e-06	1.02881e-07	-11.51475762	22.29027161	6.98766482307099	5.31408994893949
SVIL	1.063192756	4.87496e-06	1.0406e-07	11.50258528	24.61086919	6.98271617843998	5.31202894342197
IARS1	0.59104466	5.02623e-06	1.07999e-07	11.46295444	26.84636544	6.96658026577687	5.29875764199785
LIMCH1	0.666023649	5.29729e-06	1.14573e-07	11.40018084	24.09208002	6.94091771511346	5.27594625097374
UAP1	1.01224477	5.32075e-06	1.15832e-07	11.38859717	23.38966123	6.93617144489547	5.27402714629444
APOOL	-0.896884133	5.39319e-06	1.18924e-07	-11.36072617	23.29427856	6.92473049175845	5.26815427941552
KIF4A	-0.849988765	5.39319e-06	1.19818e-07	-11.35281637	24.00833409	6.92147793392119	5.26815427941552
IDH1	-0.78390201	5.39319e-06	1.20257e-07	-11.34895207	26.61534426	6.91988963451428	5.26815427941552
ACAA2	0.694941734	5.39319e-06	1.20704e-07	11.34503405	25.01894196	6.9182783376148	5.26815427941552
AFAP1L2	-1.407629072	5.39319e-06	1.21221e-07	-11.34052095	23.27303447	6.91642213764419	5.26815427941552
CPNE8	2.655129821	5.40113e-06	1.22163e-07	11.33235511	18.09028659	6.91306031069748	5.26751536954288
SH3BGRL3	0.820635472	5.4868e-06	1.24876e-07	11.30920729	24.79440947	6.9035210209462	5.26068087003527
SORBS2	1.71668414	5.5073e-06	1.26551e-07	11.2951924	19.26859398	6.89773441871777	5.25906126548423
TMCC3	-1.256446982	5.5073e-06	1.269e-07	-11.29229351	24.47915131	6.8965383779053	5.25906126548423
EEF1A1	-0.366420976	5.60216e-06	1.30338e-07	-11.26421687	32.42098747	6.88492894741613	5.25164449170581
FUNDC2	-1.538465113	5.60216e-06	1.31449e-07	-11.2553101	22.54216084	6.88124271344605	5.25164449170581
PPP1R13L	-0.737363252	5.60216e-06	1.31791e-07	-11.2525853	23.20077837	6.8801142466752	5.25164449170581
PGM2L1	-0.597203604	5.60216e-06	1.32253e-07	-11.24891518	24.55756137	6.87859446773385	5.25164449170581
CCT7	-0.43075114	5.62773e-06	1.33653e-07	-11.2378895	27.99157531	6.87402128854363	5.2496667467602
SLC2A1	0.914185227	5.63605e-06	1.34647e-07	11.23012945	25.43910056	6.87080331843487	5.24902516271886
FN1	1.392790044	5.79442e-06	1.40069e-07	11.22403592	24.68437803	6.85365797191377	5.23699002879542
GSR	-0.548039451	5.79442e-06	1.39948e-07	-11.1897778	26.33613853	6.85403330366563	5.23699002879542
SOX5	-1.688807035	5.82461e-06	1.41622e-07	-11.17737729	17.88980014	6.84886927675605	5.2347331485025
NDUFS1	-0.560670821	5.85752e-06	1.4325e-07	-11.16546545	24.97021997	6.84390536936057	5.23228621986718
NUCKS1	0.923133458	5.86257e-06	1.44202e-07	11.15856594	25.09967396	6.84102871615653	5.23191195870206
HSPA2	-1.067158173	6.26119e-06	1.5578e-07	-11.07841433	23.14722358	6.8074883004965	5.20334311705827
CCT2	-0.389436018	6.26119e-06	1.56135e-07	-11.0760616	28.54928915	6.80649973240811	5.20334311705827
DHFR	-0.921117974	6.26119e-06	1.56662e-07	-11.07257426	24.12404269	6.805036333408	5.20334311705827
CAVIN1	1.557999182	6.29434e-06	1.58382e-07	11.06129037	21.62439384	6.80029417719648	5.20104980159825
SLC9A1	1.884595486	6.35751e-06	1.6087e-07	11.04519274	19.50935504	6.79352493818331	5.19671294803131
MAT2A	-0.71839298	6.57375e-06	1.67271e-07	-11.00498318	25.6916435	6.77657934673443	5.18218681617849
HSD17B4	-0.724324802	6.79646e-06	1.73899e-07	-10.9650637	25.41622867	6.75970291538504	5.16771723476166
SERPINB6	0.791147224	7.04247e-06	1.81189e-07	10.92300377	25.21299767	6.74186817191479	5.15227499437587
FBN2	1.257939855	7.25388e-06	1.87653e-07	10.92059592	25.28168514	6.72664448814921	5.13942963317368
PSMD10	-1.173951671	7.29613e-06	1.89778e-07	-10.87573408	24.57696276	6.72175413454509	5.13690743649712
IQGAP2	-2.309625592	7.31366e-06	1.92265e-07	-10.97525939	22.96158931	6.71609976771325	5.13586523316341
GPC4	1.117391006	7.31366e-06	1.92302e-07	10.86228116	23.9788325	6.71601619894172	5.13586523316341
PCBD1	0.757290608	7.40258e-06	1.95686e-07	10.84453759	24.09474903	6.70844024404173	5.13061689047418
ATP6V1C1	0.520561828	7.5058e-06	2.00469e-07	10.82001594	25.53332958	6.69795277601057	5.12460301200575
DRP2	1.202114939	7.5058e-06	2.00537e-07	10.81967461	21.08022918	6.69780548631888	5.12460301200575
WAC	0.624249179	7.59154e-06	2.04322e-07	10.80071877	24.28472184	6.68968486898085	5.11967011532182
TRIM2	1.241910639	7.59154e-06	2.05084e-07	10.7969483	23.49901656	6.68806822058123	5.11967011532182
ACSL4	-1.871394562	7.59154e-06	2.06047e-07	-10.82158749	22.73100534	6.6860337043276	5.11967011532182
FSTL1	1.225528103	7.82717e-06	2.1448e-07	10.75166442	24.61777357	6.66861319902518	5.10639523354179
GGH	-0.946367858	7.82717e-06	2.15185e-07	-10.74835307	23.71278999	6.66718800551622	5.10639523354179
DCTD	0.711752652	7.82717e-06	2.15762e-07	10.7456532	23.37655678	6.6660250408556	5.10639523354179
CUL4B	-0.579149928	8.39368e-06	2.32564e-07	-10.67023245	23.89633131	6.63345751149654	5.0760475918178
HSD17B12	0.603307078	8.54262e-06	2.37899e-07	10.64751158	25.22699324	6.62360738350033	5.0684089118594
TFPI2	2.70246651	8.9876e-06	2.51561e-07	10.59173631	18.11248169	6.59935668754176	5.0463562644303
NFKB2	0.7997733	9.00174e-06	2.545e-07	10.58016666	25.67000436	6.59431221332722	5.04567353507628
APP	0.904040463	9.00174e-06	2.54502e-07	10.58015715	24.3015234	6.5943088004174	5.04567353507628
PTBP3	0.88731642	9.07013e-06	2.58999e-07	10.56272797	22.50571407	6.58670191273466	5.04238648825655
COL18A1	-0.80897587	9.07013e-06	2.59e-07	-10.56272515	24.23004222	6.58670023591875	5.04238648825655
NKRF	-1.11132718	9.10985e-06	2.61422e-07	-10.55347198	23.73707137	6.58265786711293	5.04048877392806
AMMECR1	-1.249599543	9.67388e-06	2.81415e-07	-10.48045401	19.64621736	6.55065275749257	5.01439930413601
TYMS	-1.014551253	9.67388e-06	2.81717e-07	-10.47939444	23.16630325	6.55018694505034	5.01439930413601
PYCARD	2.001019963	9.67388e-06	2.82711e-07	10.47591431	21.77671632	6.54865729322127	5.01439930413601
GBE1	1.040150849	9.67388e-06	2.85451e-07	10.4663921	24.11462016	6.54446843122195	5.01439930413601
FMR1	-0.84247006	9.67388e-06	2.85644e-07	-10.46572619	23.85383969	6.54417489393586	5.01439930413601
SUPT5H	-0.536369695	9.67388e-06	2.85813e-07	-10.46514089	26.05996066	6.54391802152173	5.01439930413601
ISOC1	-0.911800722	1.05794e-05	3.14062e-07	-10.37246839	22.62160406	6.50298460797805	4.9755389621759
DLG3	-0.96703394	1.14601e-05	3.41826e-07	-10.28975581	21.87652241	6.46619490701293	4.94081159273
CARS1	0.727283389	1.14892e-05	3.44319e-07	10.28268586	24.57908123	6.4630390116622	4.93971021044847
IP6K2	-3.875822825	1.14988e-05	3.47858e-07	-10.3188118	18.66557846	6.45859800433478	4.93934747969602
PTRHD1	0.792030038	1.14988e-05	3.47524e-07	10.27367635	24.74154025	6.45901519767056	4.93934747969602
CYP51A1	-1.54946486	1.25297e-05	3.80907e-07	-10.18483691	21.71983957	6.41918104615386	4.90205932724243
MYL6	0.568593557	1.25297e-05	3.82585e-07	10.18059658	28.20214962	6.41727206134723	4.90205932724243
ITGB1	0.529665604	1.25443e-05	3.84804e-07	10.17501752	28.01346872	6.41476042216203	4.90155356827677
BCHE	1.229549685	1.25712e-05	3.87408e-07	10.16851661	22.7773828	6.41183141531546	4.90062326419918
EIF4EBP1	3.342577967	1.25905e-05	3.90576e-07	10.6306127	22.30613485	6.4082944466288	4.89995702263803
GSTM3	0.756022151	1.25905e-05	3.91562e-07	10.15823942	25.9278963	6.40719946189209	4.89995702263803
DDX5	-0.464088791	1.26387e-05	3.95013e-07	-10.14979086	28.96367789	6.40338861137263	4.89829759471357
EPHA2	0.448349195	1.26387e-05	3.96635e-07	10.14584798	26.27532812	6.401608965279	4.89829759471357
MFGE8	1.082199198	1.28106e-05	4.03841e-07	10.12853699	23.73643711	6.39378959136106	4.89243052906977
CCAR2	-0.617246534	1.31213e-05	4.1549e-07	-10.10124434	26.42060131	6.38143942433975	4.88202313486452
MYLK	0.708711807	1.33401e-05	4.24304e-07	10.08113698	24.00392287	6.37232287403178	4.87484091485085
TNFAIP2	0.551665317	1.3402e-05	4.28166e-07	10.07246678	27.10297761	6.36838782232566	4.8728303864001
AGMAT	0.796400088	1.35543e-05	4.34949e-07	10.0574435	22.72227004	6.36156166331449	4.86792290626404
NUP50	-0.607167828	1.38346e-05	4.45899e-07	-10.03371258	24.53122405	6.35076350162431	4.85903339310446
HBA1	1.258525458	1.42617e-05	4.61682e-07	10.09682488	25.54968319	6.33565705733767	4.84582870333306
SOX17	-1.4661271	1.42948e-05	4.64772e-07	-9.994249027	20.67087102	6.33276004372397	4.84482191652173
NASP	-0.53912423	1.43394e-05	4.6825e-07	-9.987165323	26.9751369	6.32952221395272	4.84346902036562
EXOC6	-0.871192961	1.44067e-05	4.74404e-07	-9.974768534	25.42409099	6.32385165781706	4.84143548732751
SAR1A	-0.929461854	1.44067e-05	4.7452e-07	-9.974536463	25.46460057	6.32374547827022	4.84143548732751
MRPL19	-0.814681077	1.44609e-05	4.78351e-07	-9.966908258	26.07881394	6.32025331380123	4.83980467710578
ATP1B3	0.48139967	1.52061e-05	5.05149e-07	9.915323076	25.07706567	6.29658050240931	4.81798215778552
MEMO1	0.905666869	1.564e-05	5.21777e-07	9.927542373	29.05855008	6.28251506857277	4.80576325127617
PCDH1	1.148662091	1.57501e-05	5.27674e-07	9.874190655	19.65967536	6.27763430422104	4.80271668445785
CSDE1	-0.423366464	1.63263e-05	5.49289e-07	-9.836462779	26.37347789	6.26019909802422	4.78711222748945
MCM2	-0.83116438	1.63774e-05	5.53321e-07	-9.829600785	25.40305293	6.25702284684522	4.78575504367931
RNASE4	2.213636547	1.64223e-05	5.57161e-07	9.823116874	17.66460414	6.25401929080797	4.7845660185103
PDCL3	-0.662904907	1.67954e-05	5.72192e-07	-9.798190646	23.3970814	6.24245821849885	4.77480964852228
GFRA1	2.63040048	1.68458e-05	5.7629e-07	9.791516261	20.37620538	6.23935891639383	4.77350835972972
PRPS2	-0.47283057	1.75991e-05	6.04549e-07	-9.746841267	25.07716361	6.2185684928724	4.75450954099425
CDH3	1.33263855	1.84962e-05	6.37979e-07	9.696808313	21.82379835	6.19519361647354	4.7329174871941
USP3	-1.163564901	1.85043e-05	6.4222e-07	-9.690662242	20.72514698	6.19231617377047	4.73272733920369
DSC2	-0.733724277	1.85043e-05	6.43492e-07	-9.688828434	23.15436251	6.19145684794755	4.73272733920369
RPL35	-0.656874471	1.85763e-05	6.49517e-07	-9.680190872	26.77072736	6.18740947752464	4.73104078386236
CTNNA1	-0.500996687	1.85763e-05	6.51606e-07	-9.677217416	28.30112449	6.18601492535356	4.73104078386236
ANKHD1	-0.905808618	1.85763e-05	6.53873e-07	-9.674000599	22.34955249	6.18450659533811	4.73104078386236
BAIAP2	-0.466658435	1.97673e-05	6.98589e-07	-9.612903867	25.53333145	6.15577825705639	4.70405264657805
DDX1	-0.426210029	2.03174e-05	7.20902e-07	-9.583971081	27.3751495	6.14212376961063	4.69213186911937
TGFBI	1.778283531	2.07067e-05	7.37643e-07	9.562890452	18.04036507	6.13215377454878	4.68388910854187
TACC2	0.88457049	2.08243e-05	7.44777e-07	9.554062837	23.55694025	6.12797374358326	4.68142958830037
PYGB	0.480133185	2.09865e-05	7.5536e-07	9.541134077	26.3576255	6.12184601691282	4.67805998435377
PFDN4	-0.550682669	2.09865e-05	7.56511e-07	-9.539739029	24.13749626	6.12118475276364	4.67805998435377
PLEC	0.901132762	2.12052e-05	7.67393e-07	9.610289755	29.74955378	6.11498216666395	4.67355762707191
CTTN	0.679881507	2.17199e-05	7.90285e-07	9.499808914	27.51778589	6.10221626110652	4.66314217860198
CAPZA1	0.527585903	2.17199e-05	7.92158e-07	9.497648883	26.57251863	6.1011881874957	4.66314217860198
FADS3	2.010656801	2.22506e-05	8.14659e-07	9.472116598	17.86227563	6.08902414022774	4.65265827352908
TK1	-0.580389601	2.26589e-05	8.32813e-07	-9.452064602	24.63499727	6.07945250421774	4.64476117724075
PBXIP1	0.708797819	2.26745e-05	8.39732e-07	9.444544996	24.89053885	6.07585929666696	4.64446228087802
DPYSL2	-0.733755085	2.26745e-05	8.39795e-07	-9.444476532	23.10165676	6.07582671540762	4.64446228087802
CAMK2D	0.837091542	2.28542e-05	8.49684e-07	9.433845951	22.80970909	6.07074255966518	4.64103397637274
RPL26	-0.366426766	2.2993e-05	8.58092e-07	-9.424911369	27.24669021	6.06646614694107	4.63840436068177
KLHL13	-1.479185351	2.31795e-05	8.6833e-07	-9.414157854	21.63160236	6.06131519424464	4.63489593634408
PALD1	1.357276567	2.33722e-05	8.78851e-07	9.403248598	21.53466475	6.05608474877485	4.63130040601209
ROCK2	-0.621611237	2.35626e-05	8.89342e-07	-9.392510318	23.7158248	6.0509311972407	4.62777678929444
TPD52L2	0.721744995	2.36708e-05	8.96774e-07	9.384984497	26.91280691	6.04731699164883	4.62578706400947
TBC1D10A	0.965502953	2.48116e-05	9.43498e-07	9.339156996	21.35121154	6.02525901610306	4.60534522892546
CLTA	0.429005904	2.505e-05	9.56106e-07	9.327209412	26.87391089	6.01949395640266	4.60119226979674
CPOX	0.607431645	2.5921e-05	9.93014e-07	9.293182493	23.7283423	6.00304462856415	4.5863482479363
ALG8	-0.656938174	2.61245e-05	1.0045e-06	-9.282867804	24.05417895	5.99805005891573	4.58295201281654
CADM1	0.849730174	2.64226e-05	1.02365e-06	9.265953479	23.21894023	5.98984850923096	4.57802444977615
RBM47	-1.629903734	2.64226e-05	1.02986e-06	-9.260548167	21.298151	5.98722180962489	4.57802444977615
FLOT2	-0.662158145	2.64226e-05	1.03331e-06	-9.257555645	25.61846244	5.9857693676457	4.57802444977615
IGSF8	-0.889972675	2.64226e-05	1.03452e-06	-9.25650861	22.7561204	5.98526110885936	4.57802444977615
NDUFV1	-1.008196605	2.64226e-05	1.03464e-06	-9.256398423	23.78006482	5.98521073543451	4.57802444977615
KIFBP	-0.764797606	2.66453e-05	1.04713e-06	-9.245675368	26.91572731	5.97999939780742	4.57437938566472
HCFC1	-0.646141387	2.67112e-05	1.05453e-06	-9.239382149	25.51721287	5.97694106063846	4.57330660087149
KIF1A	1.859758528	2.67112e-05	1.05727e-06	9.237065638	19.59112421	5.97581409070933	4.57330660087149
CAPG	-0.621221857	2.76113e-05	1.0968e-06	-9.204338631	23.55842771	5.95987255821854	4.55891314535149
TRIM29	0.59263736	2.78078e-05	1.10854e-06	9.194866445	25.43646847	5.95524863140303	4.55583336876454
KRT18	-0.735258288	2.82109e-05	1.13437e-06	-9.200027702	31.46718512	5.94524526753366	4.54958305851678
COL6A6	-0.832210666	2.82109e-05	1.13651e-06	-9.17271701	22.32853567	5.94442673862294	4.54958305851678
UQCRC1	-0.637484161	2.82109e-05	1.14023e-06	-9.169816636	26.65982446	5.94300753668476	4.54958305851678
NDUFV2	-0.941362172	2.82109e-05	1.14387e-06	-9.166986366	23.00703967	5.94162332999295	4.54958305851678
NARS1	0.529573071	2.82109e-05	1.14455e-06	9.166458738	26.47795534	5.94136523029413	4.54958305851678
YWHAQ	-0.700163081	2.8885e-05	1.17598e-06	-9.14243768	29.2190179	5.92960006428326	4.53932762812257
ITPR3	1.558331669	2.90735e-05	1.18776e-06	9.188683075	23.33943646	5.92527130447724	4.53650268273976
HSPA4	-0.32813161	2.99564e-05	1.22807e-06	-9.104112542	28.2839622	5.91077687770031	4.52351037902582
SPOCK2	1.603991339	3.01153e-05	1.2431e-06	9.116931324	22.81147742	5.90549393354554	4.52121280615451
PLAU	1.493433722	3.01153e-05	1.24137e-06	9.094607157	21.65880892	5.9060987543525	4.52121280615451
THEMIS2	-1.980519364	3.04347e-05	1.26072e-06	-9.089721195	21.57897436	5.89938135748529	4.51663097480424
VCL	0.338777366	3.04347e-05	1.26488e-06	9.07806249	29.3830594	5.89795067433785	4.51663097480424
GMDS	0.527095925	3.04513e-05	1.26988e-06	9.074589979	24.59664532	5.89623731668194	4.51639416211896
GIGYF2	-0.56755747	3.07224e-05	1.28553e-06	-9.063810366	23.37970299	5.89091778391227	4.51254486070942
CETN2	-0.919561104	3.09966e-05	1.30138e-06	-9.053030633	24.1826747	5.88559587191935	4.50868594107603
UXS1	1.595106591	3.14169e-05	1.32347e-06	9.038246574	21.93161084	5.87828589870122	4.5028366703245
KPNA2	-0.459315313	3.18487e-05	1.34617e-06	-9.023328418	26.85562883	5.87090009211803	4.49690828999579
PAK1	-0.481264377	3.22264e-05	1.36669e-06	-9.010071287	25.24624586	5.86432998327939	4.49178820666447
RBM12	-0.392799925	3.22642e-05	1.37285e-06	-9.006130888	24.9370285	5.86237691194827	4.49127909887835
PSAP	0.704189319	3.25204e-05	1.39163e-06	8.994239824	27.90165316	5.85647621754013	4.48784412123528
DHCR24	0.673645663	3.25204e-05	1.39295e-06	8.993414955	24.27229193	5.85606447231532	4.48784412123528
SRI	-0.68975438	3.27797e-05	1.40868e-06	-8.983592128	24.77558604	5.85118765133203	4.48439502541289
ALDH1B1	0.687235389	3.29083e-05	1.41886e-06	8.977302262	24.53246597	5.8480604545968	4.48269455221455
DEPDC7	-0.954171664	3.46261e-05	1.49782e-06	-9.007126543	29.4224642	5.8245403746898	4.46059642106564
CASTOR1	1.2903553	3.5354e-05	1.53431e-06	8.909185279	18.00775387	5.81408688439768	4.45156144241445
PSAT1	0.375076129	3.70895e-05	1.61487e-06	8.864836625	26.83196429	5.7918624334289	4.43074902131428
LMNB1	-0.854066392	3.72342e-05	1.6317e-06	-8.878216932	27.11300681	5.78735968646517	4.42905797280807
CAST	-0.566867688	3.72342e-05	1.62983e-06	-8.85686202	26.70665338	5.78785769247471	4.42905797280807
RAB25	0.632819938	3.79921e-05	1.67028e-06	8.835691571	23.9874571	5.77721071911478	4.42030670030667
NHSL2	-2.705358164	3.85902e-05	1.70203e-06	-8.81945475	16.97237575	5.76903278930453	4.41352297062085
PNPLA2	1.039478647	3.86364e-05	1.70953e-06	8.815668295	22.78974814	5.76712327350433	4.41300334636036
GSS	0.439673097	3.88329e-05	1.72371e-06	8.808552309	25.3143559	5.76353579883253	4.41080017558918
RPL23A	-0.671419034	4.0242e-05	1.79195e-06	-8.775181619	26.96269909	5.74667411243452	4.3953204432757
KLB	0.72782606	4.16247e-05	1.86211e-06	8.742261999	26.80416012	5.72999466761786	4.38064888354722
GPX4	0.527946167	4.16247e-05	1.86528e-06	8.740805945	24.54405906	5.72925596636065	4.38064888354722
QSOX1	1.273837969	4.16637e-05	1.87292e-06	8.737309319	21.23931438	5.72748077270515	4.38024216457958
IGF2BP2	0.481808886	4.3604e-05	1.96631e-06	8.695755101	26.1957192	5.70634801210097	4.36047366902854
PKP2	-0.795603533	4.47092e-05	2.02247e-06	-8.671776908	23.50538569	5.69411791170881	4.34960310107122
PHF6	-0.781263584	4.50326e-05	2.04347e-06	-8.662993548	23.58491198	5.68963173374397	4.34647297790814
PFDN2	-0.538254967	4.53534e-05	2.06443e-06	-8.654320559	26.51670216	5.68519983845125	4.34339014970887
DHRS3	3.103442855	4.59032e-05	2.11496e-06	8.809598282	21.33170673	5.67469784197383	4.33815703790718
CORO1B	0.444053919	4.59032e-05	2.10834e-06	8.636458218	25.47598992	5.67605935161079	4.33815703790718
ENDOG	-1.320116525	4.59032e-05	2.11498e-06	-8.633790658	18.48585471	5.67469373511197	4.33815703790718
CSNK1A1	-0.461554994	4.59032e-05	2.11542e-06	-8.63361711	23.90301787	5.67460339397509	4.33815703790718
PLOD2	0.733966954	4.64579e-05	2.14754e-06	8.620844412	23.97275802	5.66805873826855	4.3329404251648
HMMR	-1.010295	4.73354e-05	2.1948e-06	-8.602425269	22.72530524	5.65860504847596	4.32481394859712
ACTN4	0.625960642	4.77231e-05	2.21952e-06	8.592959173	28.83832241	5.65374093721194	4.32127135315832
RNF113A	-1.190897498	4.77471e-05	2.22739e-06	-8.589970071	21.04798538	5.65220373446173	4.32105300088116
CAP1	0.427237775	4.80848e-05	2.24994e-06	8.581465233	28.11550844	5.64782906322924	4.31799218598321
SCO1	0.463876289	4.89991e-05	2.29965e-06	8.563037245	24.43376037	5.6383382573021	4.30981189688217
HSPA4L	0.707471505	4.92119e-05	2.31659e-06	8.55685281	24.44636205	5.63515082270274	4.30792986716291
PPP2R3A	-0.600317563	5.00854e-05	2.36479e-06	-8.539523197	25.34373542	5.62620741978476	4.30028885344432
CD55	1.806711038	5.03508e-05	2.39155e-06	8.600323687	22.94293765	5.62132053492704	4.29799362475633
ALDH6A1	-0.862252032	5.03508e-05	2.3908e-06	-8.530329374	24.07983341	5.62145675283836	4.29799362475633
SLC25A20	0.649830594	5.11769e-05	2.43803e-06	8.513902646	24.85068119	5.61296095468388	4.29092602469481
FRMD5	-0.952981487	5.16674e-05	2.47243e-06	-8.502152953	21.28119281	5.60687599540079	4.28678339241337
TBL2	-0.886608573	5.16674e-05	2.476e-06	-8.500943607	21.47642342	5.60624935965192	4.28678339241337
SAMD4A	0.728270003	5.45789e-05	2.62325e-06	8.452632789	23.62025832	5.58116031846543	4.26297522148298
IGF2R	0.57394384	5.47757e-05	2.64368e-06	8.446158721	24.49095739	5.57779111448323	4.2614120637135
STON2	-0.922463762	5.47757e-05	2.64819e-06	-8.444738423	22.80199082	5.57705085873712	4.2614120637135
PGAM1	0.463690589	5.48274e-05	2.66612e-06	8.439111622	27.98323269	5.57412030722337	4.2610023485434
ECE1	0.622122878	5.48274e-05	2.66619e-06	8.439089732	24.96527317	5.57410890480538	4.2610023485434
POLB	-0.722024329	5.51886e-05	2.69156e-06	-8.43119996	22.56506352	5.56999593448902	4.25815062278537
SNX27	0.491815642	5.60424e-05	2.74112e-06	8.416012061	24.28180252	5.56207195161954	4.25148327444911
PAIP2	-0.943420607	5.73739e-05	2.81435e-06	-8.394099906	21.21069885	5.55062189353364	4.24128562787751
NUBP2	1.174367784	5.74245e-05	2.82561e-06	8.410835587	23.95795202	5.54888778110609	4.24090277755542
FDFT1	-1.940586969	5.74245e-05	2.83693e-06	-8.408898004	21.75655668	5.54715138009727	4.24090277755542
MCCC2	0.416001362	5.74245e-05	2.84119e-06	8.386222778	24.51657153	5.54649972256272	4.24090277755542
BCAR1	-0.905785748	5.75661e-05	2.85633e-06	-8.381813221	22.57043898	5.54419161870966	4.23983319222026
S100A6	0.933363936	5.77517e-05	2.87371e-06	8.499693036	29.82055675	5.541557060751	4.23843522719768
CLIC4	0.457121098	5.84809e-05	2.91826e-06	8.364039635	26.14935336	5.53487601760534	4.23298595236302
HSPA8	-0.361225342	5.88894e-05	2.94697e-06	-8.355935799	31.46529914	5.53062428522261	4.22996287050656
NDUFA6	-1.415772689	6.14247e-05	3.08252e-06	-8.318785018	21.82218099	5.51109409693451	4.21165695594943
INTS9	-0.907129918	6.56197e-05	3.3141e-06	-8.259201477	23.26021896	5.47963439127185	4.18296575945199
PGK1	-0.350971161	6.56197e-05	3.31993e-06	-8.257758518	29.93607038	5.47887107320386	4.18296575945199
PBK	-0.487976501	6.56197e-05	3.32087e-06	-8.257525864	24.3715727	5.47874812512059	4.18296575945199
LGSN	1.560325006	6.60374e-05	3.35135e-06	8.250035157	20.40446328	5.47478021402354	4.18021003395378
C4orf54	-0.85970746	6.61657e-05	3.36721e-06	-8.246164582	24.97371217	5.47272979748266	4.17936708852329
BASP1	0.711162629	6.63383e-05	3.38537e-06	8.241756823	25.31551369	5.47039385868435	4.17823566200073
EIF4G2	0.347731161	6.68137e-05	3.42503e-06	8.232220592	27.21969295	5.46533562014896	4.17513447727954
STAG2	-0.613411685	6.68137e-05	3.42853e-06	-8.231386709	24.32433492	5.46489204605935	4.17513447727954
TTC12	-0.97699879	6.68255e-05	3.43857e-06	-8.228991848	24.38735509	5.46362213016905	4.17505778309251
WDR44	-0.675682493	6.71306e-05	3.46934e-06	-8.221707049	23.18978378	5.45975313662719	4.17307947115971
CDC42EP1	1.092096042	6.71306e-05	3.47325e-06	8.220784343	21.80393494	5.45926395561441	4.17307947115971
GAA	-0.871572889	6.73168e-05	3.4924e-06	-8.216289745	22.99333526	5.45687602045214	4.17187653701251
GALNT7	0.489217967	6.76879e-05	3.52123e-06	8.20957405	24.85789457	5.4533056067195	4.16948895957034
PRR36	-1.127452275	6.80014e-05	3.54715e-06	-8.203584985	20.83054173	5.45012044592477	4.16748214602883
ST6GALNAC5	1.582603538	6.81126e-05	3.56258e-06	8.200042059	19.50825644	5.4482353745151	4.16677254147482
MOB1B	-0.555639385	6.85873e-05	3.5971e-06	-8.192175152	23.86138485	5.44404748855221	4.16375629319314
SLC7A5	0.976485895	6.90946e-05	3.63347e-06	8.183972333	24.29655936	5.43967842123878	4.16055589302873
NDUFA9	-0.680610299	6.91202e-05	3.64459e-06	-8.181483247	24.07138839	5.43835132077611	4.16039501389186
CHMP1B	-0.43357629	6.97467e-05	3.68748e-06	-8.171954354	24.43739505	5.43327032651566	4.15647633580626
OPA1	0.414398277	7.16271e-05	3.79715e-06	8.14812216	26.12475757	5.42054224645105	4.14492263196986
ERO1A	0.365010062	7.16271e-05	3.80715e-06	8.145985965	25.39426192	5.41940001184102	4.14492263196986
NDUFA2	-1.065986858	7.17321e-05	3.82287e-06	-8.142639533	22.81423394	5.41761047028926	4.14428645474853
LMCD1	-0.375975233	7.18457e-05	3.84858e-06	-8.137199488	26.40144119	5.41469948138008	4.14359921948738
MT-ND5	-0.986056551	7.18457e-05	3.84924e-06	-8.13705921	20.49880313	5.41462500981313	4.14359921948738
SUPT16H	0.416706497	7.19333e-05	3.8641e-06	8.133932485	26.7285049	5.41295164289676	4.14307001562142
GLDC	0.562693719	7.2474e-05	3.90339e-06	8.125728328	26.09773047	5.40855805482014	4.13981776834934
ZNF593OS	1.126054269	7.30474e-05	3.9446e-06	8.11721719	21.3376437	5.40399702961561	4.13639523744013
SCAP	1.152900836	7.31574e-05	3.96088e-06	8.113880872	20.39677047	5.40220831491135	4.13574173766415
UHRF1	-0.757928557	7.47607e-05	4.05826e-06	-8.094229104	23.35938496	5.39166013252492	4.12632664088451
HNRNPA0	-0.604451933	7.58175e-05	4.13163e-06	-8.079753052	25.88980936	5.38387857779936	4.12023054006396
SEPTIN2	0.549316178	7.58175e-05	4.13706e-06	8.078692434	25.37800569	5.38330818046297	4.12023054006396
NDUFB7	-0.979835468	7.77049e-05	4.25103e-06	-8.056772776	21.45091083	5.37150583015673	4.10955159412233
SUPT4H1	-0.652442096	7.78661e-05	4.27086e-06	-8.053024935	23.88371321	5.36948466463592	4.10865157682427
ALDH3A2	-0.473233558	7.85694e-05	4.32054e-06	-8.0437131	24.37388903	5.36446196976749	4.10474656335866
SH3BP4	-0.581175689	8.00642e-05	4.41406e-06	-8.026491647	22.43574931	5.3551617678006	4.09656163145574
FLNC	-0.611119362	8.02475e-05	4.44102e-06	-8.021600061	25.3201822	5.35251727098978	4.09556848855695
ZNF185	-0.802606932	8.02475e-05	4.44685e-06	-8.020546104	23.76144357	5.35194751981371	4.09556848855695
DLGAP5	-0.554060614	8.05707e-05	4.47615e-06	-8.015272208	24.96735223	5.34909536828293	4.09382286317962
GUSB	-2.033908066	8.05906e-05	4.48865e-06	-8.013034368	19.19767704	5.34788425715007	4.09371561087732
NDUFA4	-0.891976418	8.08423e-05	4.5141e-06	-8.00849792	24.09115413	5.34542882430851	4.09236133910652
VAMP7	-1.121003281	8.18466e-05	4.58174e-06	-7.996570991	21.64549574	5.33896955935637	4.08699935695953
FTH1	0.531652653	8.24904e-05	4.62944e-06	7.988274104	23.68884881	5.33447154021723	4.08359659047575
WDHD1	-0.447472649	8.67721e-05	4.882e-06	-7.945816312	25.32980647	5.31140222491883	4.06161989191807
ABHD14B	0.565200392	8.7296e-05	4.92382e-06	7.939014438	24.78445178	5.30769783194617	4.05900565569565
UGP2	-0.38520944	8.90421e-05	5.0349e-06	-7.921242829	27.04719391	5.29800915070708	4.05040460599975
NIPBL	-0.818668187	9.31698e-05	5.28147e-06	-7.88325018	24.80863517	5.27724518276261	4.03072483677456
SEC14L2	-0.698559385	9.40641e-05	5.34749e-06	-7.873398261	22.71447944	5.27185001890209	4.02657609545418
CRISPLD1	1.487004318	9.40641e-05	5.37546e-06	7.869264502	17.75986547	5.26958436547494	4.02657609545418
TAGLN2	0.402494633	9.40641e-05	5.37748e-06	7.868967909	29.83723284	5.2694211961717	4.02657609545418
PRPSAP2	-0.510599183	9.40641e-05	5.38535e-06	-7.867809163	24.65016841	5.26878606615818	4.02657609545418
SEC62	-0.465451589	9.69162e-05	5.56234e-06	-7.842222049	24.50315876	5.25474246825667	4.01360362251002
YARS2	0.388308745	9.77268e-05	5.63205e-06	7.832382562	24.79289837	5.24933349828574	4.00998632168499
MAML1	-1.489697053	9.77268e-05	5.63649e-06	-7.831760384	17.24679902	5.24899125916702	4.00998632168499
UBL5	-0.982712073	9.91435e-05	5.73222e-06	-7.818470541	23.86045706	5.24167714992987	4.00373575353803
SEPTIN8	-1.059608111	9.95451e-05	5.7695e-06	-7.813358126	22.9038737	5.2388618223122	4.00198011278711
MAOA	-1.332194172	0.000101107	5.88095e-06	-7.798286376	19.2578809	5.230552512966	3.99521877560451
EPB41	-1.175057416	0.000101107	5.88862e-06	-7.797260583	20.27138244	5.2299864703412	3.99521877560451
MYO5B	-0.935890967	0.000101118	5.90354e-06	-7.795269353	22.51493077	5.22888748981047	3.9951715288318
PDGFB	2.392232212	0.000101675	5.95043e-06	7.789043874	18.89987256	5.22545164941774	3.99278581892337
RPS23	-0.771160093	0.000101689	5.96562e-06	-7.787039483	24.54670836	5.22434441392386	3.99272602345558
CDC45	-0.977915408	0.000102914	6.06135e-06	-7.77452637	20.98153997	5.21743063783786	3.98752554157216
APC	-1.748691206	0.000102914	6.06663e-06	-7.773843013	18.38874351	5.21705249159928	3.98752554157216
YWHAH	0.475699568	0.000103017	6.08723e-06	7.771180466	26.55474112	5.21558028854702	3.98709110153772
PMM1	-0.998509418	0.000105186	6.23029e-06	-7.752953369	18.05477186	5.20549173785632	3.97804205987195
TRAF4	0.803706468	0.00010777	6.40105e-06	7.745195279	25.70615344	5.19374878042188	3.96750211714289
GRSF1	0.452590261	0.00010777	6.41379e-06	7.730218739	25.02753597	5.19288526382358	3.96750211714289
HDHD3	1.295509283	0.000107792	6.43035e-06	7.728201357	20.67215497	5.1917653880506	3.9674134699914
CNN3	0.399003055	0.000107958	6.4555e-06	7.725149137	27.86674946	5.1900701145391	3.96674516966025
FUCA1	-0.951134928	0.000110385	6.61622e-06	-7.705933543	21.1593971	5.17939006222251	3.95708993801827
UBE2L6	0.991618863	0.000111551	6.70188e-06	7.695896263	21.44866019	5.17380335265778	3.95252653212568
G3BP1	-0.371155377	0.000112068	6.74879e-06	-7.690456871	27.00013449	5.17077408545472	3.9505183785502
MATR3	-0.315873219	0.000114273	6.91073e-06	-7.67198715	27.4342686	5.1604760744454	3.94205637097116
PCBP1	-0.467192335	0.000114273	6.91386e-06	-7.671634608	27.51365117	5.16027941881199	3.94205637097116
PKM	0.306398224	0.00011471	6.95656e-06	7.666844392	33.10562803	5.15760546474859	3.94039872023725
TRHDE	0.428810588	0.000115014	6.99124e-06	7.662976118	24.7238135	5.15544578886132	3.93924929223176
EVA1A	-1.010820185	0.00011718	7.13944e-06	-7.646676685	20.0293326	5.14633585187198	3.9311465063285
DNMT1	-0.571310729	0.000117189	7.15657e-06	-7.644816656	25.48835847	5.14529507643387	3.9311131516584
FUCA2	0.780972698	0.000117208	7.18604e-06	7.641626291	23.36054493	5.14351036969038	3.93104274465511
KDM3B	-0.57551141	0.000117208	7.19088e-06	-7.641103912	23.71095504	5.14321795860764	3.93104274465511
DPYSL5	-1.570435208	0.00011876	7.30289e-06	-7.62911426	20.25830254	5.13650524088296	3.92532981107599
ALCAM	0.831573067	0.000121191	7.47875e-06	7.610682973	22.4280368	5.1261709841499	3.91652963095742
TLE1	-0.583378325	0.000121191	7.49368e-06	-7.609139638	22.67343983	5.12530485637185	3.91652963095742
TMSB15B	-1.109731274	0.000121191	7.50374e-06	-7.608101548	22.06539451	5.12472222240638	3.91652963095742
SEPTIN6	-1.974826915	0.000123608	7.67089e-06	-7.591068254	19.7959691	5.11515424496037	3.90795342048166
P3H2	-0.607434483	0.000124322	7.73279e-06	-7.584860607	23.95363514	5.11166378383198	3.9054520118799
HARS1	-0.370299228	0.000124708	7.77443e-06	-7.580715179	26.26486295	5.10933144242064	3.90410568570018
CAPN1	0.326206934	0.000126245	7.88808e-06	7.569519124	28.46394062	5.10302869347983	3.89878581333136
EEFSEC	-0.902011263	0.000128658	8.05704e-06	-7.553190075	23.2180617	5.09382448025118	3.89056320402935
NCAM1	-0.466516632	0.000129151	8.11243e-06	-7.547917298	25.55352831	5.09084903758694	3.88890222678992
FADS2	-1.033740128	0.000129151	8.12441e-06	-7.546781951	21.60950291	5.090208167955	3.88890222678992
DCP1A	-0.484482079	0.000129757	8.18551e-06	-7.541018207	22.91063369	5.08695425659588	3.88686920396605
NKAP	-0.880962022	0.000129757	8.19925e-06	-7.53972841	19.21858789	5.08622587148922	3.88686920396605
ATP6V0C	0.914397466	0.000131552	8.33123e-06	7.527456447	22.53585317	5.07929087581072	3.88090254489974
RPL17	-0.638384499	0.000131589	8.36215e-06	-7.524611121	27.47227561	5.07768204635413	3.88078041344979
RTCA	0.53172922	0.000131589	8.37083e-06	7.523814895	23.80484133	5.07723147790296	3.88078041344979
NDUFA3	-1.074359659	0.000132638	8.46921e-06	-7.514846804	21.9484084	5.07215709836373	3.87733203531244
ATP6V0A1	0.824770871	0.000132638	8.47505e-06	7.51431857	22.19623919	5.07185773092311	3.87733203531244
OPLAH	2.161092092	0.00013498	8.64379e-06	7.499204725	16.49374186	5.06329579280095	3.86973057619463
MT-CO2	-0.684619003	0.000135419	8.69099e-06	-7.495032923	24.62002842	5.06093074978286	3.86832039756921
PDIA6	-0.408246464	0.000136143	8.75672e-06	-7.489264532	27.78526559	5.0576585368287	3.86600468366318
NDUFA11	-1.835799043	0.000136347	8.78911e-06	-7.486438621	20.83775879	5.05605510008643	3.86535441326162
HMGA1	0.673073271	0.000136373	8.81005e-06	7.484618279	23.47129528	5.05502162681355	3.86527160557195
ACSS2	0.482518474	0.000138548	8.97015e-06	7.470848402	23.96367546	5.0472002945671	3.85839973906423
YIF1B	-0.681942583	0.000139635	9.0603e-06	-7.463209487	21.54410939	5.04285742194929	3.85500571064049
EPHX4	1.074667418	0.000142004	9.25339e-06	7.447119239	20.34122213	5.03369913336063	3.84769942214187
TENM3	-0.459692809	0.000142004	9.26574e-06	-7.446102111	24.81873622	5.03311989042139	3.84769942214187
KDM2A	-0.892426777	0.000142004	9.27997e-06	-7.444932517	22.6399821	5.03245342775264	3.84769942214187
HID1	-0.90969395	0.000142004	9.29429e-06	-7.443756981	22.48772203	5.03178378080972	3.84769942214187
GNS	0.485993493	0.000142016	9.31517e-06	7.442046936	24.13790651	5.03080921490749	3.8476627237841
UCHL1	0.442363911	0.000145658	9.57461e-06	7.421131472	29.73550013	5.01887890699876	3.8366656575489
ENC1	-3.624676993	0.0001463	9.65636e-06	-7.535805794	18.90699734	5.01518655162041	3.83475567387469
BZW2	-0.347193314	0.0001463	9.66274e-06	-7.414164337	25.8148626	5.01489970607427	3.83475567387469
ARHGAP1	0.556945079	0.0001463	9.67886e-06	7.412897315	26.7187787	5.01417579195452	3.83475567387469
S100A10	0.526044092	0.000147235	9.76156e-06	7.406431922	28.20021249	5.01048077195901	3.83198893931882
TACSTD2	0.719517714	0.000149919	9.96072e-06	7.391100656	25.50881279	5.00170926792917	3.82414332330749
DNAJC11	0.688451813	0.000154413	1.02811e-05	7.367110746	25.43880175	4.98796041662744	3.81131613929434
CALU	0.511077097	0.000154942	1.03382e-05	7.362919268	26.86499142	4.98555507034436	3.80983084243566
DUSP23	-0.866840413	0.000155906	1.04246e-05	-7.356628482	22.52658257	4.98194060025114	3.80713717078454
SERINC1	0.660026674	0.000155981	1.04516e-05	7.354668484	22.05384459	4.98081721979402	3.8069282997077
CCDC185	1.244389094	0.000155998	1.04748e-05	7.352992671	20.14326455	4.97985426045958	3.8068809695592
AKAP12	-0.41364188	0.000156354	1.05209e-05	-7.349678239	26.73220675	4.97794710730061	3.80589100373537
PLS3	-0.324022383	0.0001566	1.05743e-05	-7.345847186	26.83237688	4.9757483725297	3.80520824227808
MAPK8IP3	1.845642378	0.0001566	1.05817e-05	7.345321843	16.49087918	4.97544455523937	3.80520824227808
UQCRFS1	-0.837232845	0.000157468	1.06738e-05	-7.338778243	23.84129607	4.97168093903572	3.80280768844844
ACTC1	0.500569797	0.000157468	1.06848e-05	7.337998522	30.64406139	4.97123360262572	3.80280768844844
ZWINT	0.385916825	0.000157716	1.0724e-05	7.335238803	25.86590562	4.96964319468916	3.80212424605454
NFKB1	0.683953405	0.000159118	1.08418e-05	7.326992439	22.36683901	4.96489860846453	3.79828068862182
USP39	-0.430309187	0.000160226	1.09399e-05	-7.320202941	25.28253727	4.96098664780576	3.79526700922352
IGFBP5	2.180183186	0.000163438	1.11876e-05	7.303346038	17.73948063	4.95126306973153	3.7866469608291
RAB7A	0.323739546	0.000163438	1.12055e-05	7.302141323	28.18250802	4.95056876006634	3.7866469608291
RABL2B	-1.088971869	0.000163872	1.12584e-05	-7.298599471	17.81502257	4.94852332534124	3.7854952458457
CYB5R2	1.263804787	0.000164449	1.13213e-05	7.294410811	17.18592075	4.94610370120337	3.78396876308009
SARAF	-1.138275666	0.000164676	1.13602e-05	-7.291830053	18.25151665	4.94461402266269	3.78336969061204
MID1	1.302109184	0.000164949	1.14023e-05	7.289048339	20.32950459	4.94300753668476	3.78265031301223
PRKAR1A	-0.372283898	0.000165629	1.14728e-05	-7.284420773	24.14772485	4.94033057720348	3.78086362022432
MCU	0.489923498	0.000166054	1.15257e-05	7.280964086	24.56385426	4.93833268876648	3.77975065841546
RPL10	-0.463744734	0.000167229	1.16405e-05	-7.273523348	27.05353982	4.93402836482554	3.7766884072327
GCFC2	-0.80963403	0.000167229	1.16545e-05	-7.272621015	21.93148604	4.93350635379496	3.7766884072327
FABP5	0.602788579	0.000167424	1.16918e-05	7.270224797	27.70052528	4.93211862229504	3.77618228636388
TMEM214	-0.58368843	0.000167923	1.17504e-05	-7.266476666	22.9722346	4.92994734915089	3.77488981554162
RPS26	-0.760563363	0.00016845	1.18307e-05	-7.276256555	26.43035571	4.926989558234	3.77352898468286
ERCC4	1.001130151	0.00016845	1.18349e-05	7.261103886	23.17068849	4.92683540732777	3.77352898468286
MCM5	-0.429406805	0.00016867	1.18741e-05	-7.258620966	25.87329039	4.92539929790067	3.77296215506977
PDP1	0.723217293	0.000170414	1.2021e-05	7.249413967	22.65972246	4.92005940284764	3.76849472956351
RTRAF	-0.315026221	0.000170653	1.2062e-05	-7.24686376	26.179823	4.91858067586507	3.76788607262417
PBX1	-1.547350394	0.000172359	1.2207e-05	-7.237924877	21.32213562	4.91339105542705	3.76356603428512
FHL2	0.658060737	0.000173476	1.23106e-05	7.231606091	26.30301212	4.90972077969752	3.76076060034594
PPIAL4C	-0.967138861	0.000175402	1.24721e-05	-7.221867889	22.00104284	4.90406041567729	3.75596545895167
FAM241A	1.353494303	0.000177098	1.26177e-05	7.213201791	16.91500449	4.89901980264674	3.75178634334899
SAMD4B	-0.816210715	0.000177898	1.26998e-05	-7.208360622	23.13593615	4.89620311838108	3.74982893439975
PITPNB	0.337196804	0.000178683	1.27811e-05	7.203604008	26.38278165	4.89343176719703	3.74791676454748
ARF5	-0.844329713	0.000179783	1.28852e-05	-7.197555962	22.8893686	4.88990883607914	3.74525137687
CLGN	1.178684523	0.000184385	1.32411e-05	7.177270121	22.39433394	4.87807593452727	3.73427441236157
SLC20A2	0.714470977	0.000185256	1.33298e-05	7.172306943	22.44299026	4.87517636668126	3.73222771735839
RAC2	1.166074544	0.000186583	1.34771e-05	7.1641396	19.36074871	4.8704035491577	3.72912792834152
MKNK1	-0.681009594	0.000186583	1.34984e-05	-7.162967268	22.9993083	4.86971770649402	3.72912792834152
CCT5	-0.3146111	0.000186583	1.35044e-05	-7.162635995	28.32733559	4.8695247067359	3.72912792834152
ABCF2	-0.336819538	0.00018921	1.37213e-05	-7.150807297	25.0407665	4.8626047402269	3.72305591428702
TSKU	1.303415508	0.00019115	1.38891e-05	7.141795052	19.89448678	4.85732589520531	3.71862569764495
NF2	0.437078447	0.000197399	1.43986e-05	7.115120622	24.19664459	4.84167973303202	3.70465505174532
FAM3A	-1.264887148	0.000197399	1.43989e-05	-7.115100627	18.38542602	4.84167068444485	3.70465505174532
ZBED1	-0.979875249	0.000198792	1.45286e-05	-7.108473104	18.77606412	4.83777623302257	3.70160109692947
GEMIN5	-0.745913268	0.00020078	1.47023e-05	-7.0996947	23.44341474	4.83261471972985	3.69727955010387
EPHX2	-0.811248491	0.000201384	1.4775e-05	-7.096051737	21.95873206	4.83047251044671	3.6959750371972
LTA4H	-0.384704953	0.000201769	1.48394e-05	-7.092840465	26.81197983	4.82858365848806	3.69514555843177
PA2G4	-0.273185159	0.000201769	1.48603e-05	-7.091801396	27.66516728	4.82797242294224	3.69514555843177
PPP1CB	-0.469557796	0.000203633	1.50263e-05	-7.083606205	24.5139573	4.82314794472267	3.69115184049752
AMIGO2	1.19936088	0.000205246	1.51744e-05	7.076378554	18.54651521	4.81888847203792	3.68772529800806
NOSTRIN	1.594234816	0.000207173	1.53461e-05	7.06808833	21.01165951	4.81400197612703	3.68366684504203
POLR2I	-1.607553045	0.000212096	1.57408e-05	-7.063395558	21.58045447	4.80297319912076	3.6734675219328
DNAJA1	-0.427322792	0.000213647	1.59139e-05	-7.041371028	26.72565711	4.79822337529245	3.67030320110371
ATP6AP1	-0.495736785	0.000213647	1.59163e-05	-7.041262327	22.9788439	4.79815788360477	3.67030320110371
LBR	-0.472345261	0.000216258	1.61414e-05	-7.030949998	24.69065972	4.79205880010302	3.66502781777486
PSMC1	-0.277099976	0.000217546	1.62683e-05	-7.025205997	27.12150037	4.78865782746838	3.66244889763395
EPHX1	-0.483049957	0.000220424	1.65147e-05	-7.014189345	27.18034041	4.78212931113563	3.6567411207998
ILVBL	-0.487088839	0.00022117	1.66018e-05	-7.010333348	23.44890727	4.77984482234021	3.65527378206014
RPL36	-0.404060428	0.00022135	1.66467e-05	-7.008358166	26.30541206	4.77867184707268	3.65492047368513
PTGS1	-1.303223646	0.000221381	1.66803e-05	-7.006881415	21.55196249	4.77779614271669	3.65485965513409
TTC39C	0.839867313	0.000224638	1.69574e-05	6.994824277	22.72461382	4.7706407353466	3.64851677614943
EHD3	0.615354275	0.000225142	1.70426e-05	6.991158178	22.78385056	4.76846414903432	3.64754348026926
NUF2	-0.730022643	0.000225142	1.70591e-05	-6.990452334	23.67452968	4.76804388497061	3.64754348026926
CISD1	0.470566969	0.000225562	1.71228e-05	6.98772513	23.5143785	4.76642521599538	3.6467340632896
MFHAS1	1.184601513	0.000227319	1.72883e-05	6.980697993	19.75181437	4.7622477098445	3.64336426312985
MVD	-0.749511294	0.000231378	1.76297e-05	-6.966424444	22.30637461	4.75375507791356	3.63567793722878
LZTS1	0.629083458	0.000233645	1.78355e-05	6.957963541	23.70967663	4.74871471115337	3.63144350843656
MYL9	1.891640671	0.000234382	1.79873e-05	6.966313081	20.92831852	4.74503402192979	3.63007574419338
QTRT1	-0.646243115	0.000234382	1.80098e-05	-6.950878649	22.05473959	4.74449111002215	3.63007574419338
SORT1	-1.041228739	0.000234382	1.80213e-05	-6.950413919	21.74096028	4.74421388358657	3.63007574419338
WNK1	-0.46231869	0.000234382	1.80551e-05	-6.949048732	24.76549766	4.74340010184652	3.63007574419338
NCBP2AS2	1.133060697	0.000234382	1.80665e-05	6.948589791	20.47052278	4.74312597460642	3.63007574419338
AKAP2	1.039604635	0.000234382	1.80905e-05	6.947621534	23.06475433	4.74254942958905	3.63007574419338
SPAG1	1.455244743	0.000234699	1.81482e-05	6.945302301	20.22806498	4.74116644329087	3.62948876082922
HEBP2	0.486154053	0.000235286	1.82268e-05	6.942157034	24.06796661	4.73928957184587	3.6284039134684
ERCC6L	-0.790108436	0.000237903	1.84632e-05	-6.932784763	22.68631078	4.73369302585065	3.62360008139598
CCT8	-0.260245267	0.000241554	1.87807e-05	-6.92039326	29.04520802	4.72628822461135	3.61698576644265
ANXA5	-0.406779459	0.000245391	1.91165e-05	-6.907527348	29.40502577	4.71859161885008	3.61014136957158
IDH2	-0.585106365	0.000245391	1.91484e-05	-6.906320581	25.50893681	4.71786750891213	3.61014136957158
BNIP3L	-0.791692565	0.000245719	1.92087e-05	-6.904037581	20.97607352	4.71650202618104	3.60956126079251
RARS1	-0.300910452	0.000245806	1.92503e-05	-6.902470382	27.32122519	4.71556249798253	3.60940752041178
ESPL1	-0.721760269	0.000246556	1.93692e-05	-6.898005552	22.98136542	4.7128883164394	3.6080844243428
HDGF	0.298426811	0.000246556	1.94018e-05	6.896787415	27.54651342	4.71215797657473	3.6080844243428
THOC2	-0.660410636	0.000246556	1.94209e-05	-6.896075771	23.45200898	4.71173064796165	3.6080844243428
DHX16	0.414217887	0.000246556	1.95106e-05	6.892734403	24.88436886	4.70972937475298	3.6080844243428
PGM2	0.373705745	0.000246556	1.95118e-05	6.892689536	25.47559307	4.7097026642801	3.6080844243428
PARL	0.690426702	0.000246556	1.95181e-05	6.892455693	22.63346157	4.70956246124295	3.6080844243428
GFPT1	-0.330279529	0.000248716	1.97243e-05	-6.884847103	25.50112098	4.70499840061698	3.60429627549324
TPM3	0.398238107	0.000250313	1.98863e-05	6.878926444	27.24249009	4.70144601320844	3.60151659473195
NSF	0.44922169	0.000251855	2.00529e-05	6.872893184	26.14541424	4.69782281192542	3.59884942280566
ATP23	-0.938217405	0.000251855	2.00801e-05	-6.8719137	18.31728933	4.69723412871128	3.59884942280566
SEC16A	-0.527009327	0.000252328	2.01534e-05	-6.869278028	25.02654259	4.69565167524616	3.5980345545923
PACSIN1	1.721064607	0.000255991	2.04822e-05	6.85758664	18.78888346	4.68862339747424	3.59177530312192
NUDT12	-1.056842813	0.000259858	2.08283e-05	-6.845492613	22.34466245	4.68134617559946	3.58526390842598
SYNPO	-1.454398592	0.000259873	2.08663e-05	-6.844180294	20.48591813	4.68055455294897	3.58523884000701
HLA-A	0.842716906	0.000261634	2.10446e-05	6.838044279	22.32807241	4.67685932458185	3.58230581901404
NSD2	-2.366297498	0.000265435	2.13879e-05	-6.837440778	17.9220317	4.66983185512854	3.5760418120493
PRIM2	-0.947052377	0.000267854	2.16284e-05	-6.818339262	21.57458261	4.66497560709223	3.57210186370234
SLC66A3	-1.199960802	0.000267854	2.16585e-05	-6.817338123	18.14902909	4.6643716245473	3.57210186370234
RDH11	-0.757949895	0.000269164	2.18025e-05	-6.812573015	24.3368786	4.66149370483787	3.56998302634571
POLRMT	0.475786397	0.000276544	2.24394e-05	6.791887441	22.97472495	4.64898875972304	3.55823575970488
CTSB	0.402058443	0.000277527	2.25584e-05	6.788092118	29.49299185	4.64669170680807	3.55669475891753
HINT1	-0.55151315	0.000280036	2.28019e-05	-6.780391923	25.60016506	4.6420289633006	3.55278613438509
LTBP3	1.465202683	0.000281343	2.29729e-05	6.775037335	20.7271537	4.63878417787854	3.55076388590964
LAMA3	0.724775876	0.000281343	2.29879e-05	6.774570864	24.99545746	4.63850070076501	3.55076388590964
GPX1	0.547787471	0.00028234	2.31093e-05	6.770797198	26.01137435	4.63621320946427	3.54922758962261
PIN4	-0.658099598	0.000283472	2.3242e-05	-6.766695611	23.60465829	4.63372650314956	3.54748983217156
PPP4R1	-0.348651282	0.000284858	2.33959e-05	-6.761972405	26.22136392	4.63086024358932	3.54537157923673
MCM7	-0.497034763	0.000291306	2.39984e-05	-6.743788725	25.70574443	4.619817712219	3.53565057016102
CA8	0.442733435	0.000291306	2.40515e-05	6.742210494	26.37813758	4.6188578331609	3.53565057016102
PCBD2	-0.645008919	0.000291306	2.40917e-05	-6.741017945	21.68041749	4.61813255348568	3.53565057016102
DNAJC13	0.326424483	0.000291306	2.41233e-05	6.740082374	25.56343088	4.61756328219694	3.53565057016102
RPL32	-0.514695723	0.000291306	2.41341e-05	-6.73976278	26.03218731	4.61736889209375	3.53565057016102
PRKAG2	1.136354425	0.000291306	2.41726e-05	6.738623703	21.54161863	4.61667663445274	3.53565057016102
NDUFS6	-1.317777585	0.000292031	2.4274e-05	-6.755204464	22.57261209	4.61485865239534	3.53457104439289
EEF2	-0.315256679	0.000292559	2.44359e-05	-6.730887765	30.62715314	4.61197166081688	3.5337865371355
IQGAP1	0.297772163	0.000292559	2.44361e-05	6.730883056	27.68035512	4.61196810627045	3.5337865371355
COX6C	-0.569165359	0.000292559	2.44786e-05	-6.729643973	24.2367494	4.61121342433944	3.5337865371355
BPNT1	0.427321042	0.000292559	2.44833e-05	6.729505429	25.50794597	4.61113004587287	3.5337865371355
CAPRIN1	-0.42478477	0.000295501	2.47713e-05	-6.721164218	26.92167026	4.60605120100352	3.52944104509153
TIMM50	-0.488840622	0.000295907	2.48472e-05	-6.718984174	24.92620755	4.60472254427724	3.52884476101235
PSME3	-0.361133644	0.000296285	2.49217e-05	-6.716850688	25.247132	4.60342233619274	3.5282903349598
CYBRD1	1.480470005	0.000296285	2.49627e-05	6.715679629	18.21495542	4.60270844255996	3.5282903349598
NDUFA7	-1.947354907	0.000296376	2.5096e-05	-6.754572688	21.1125357	4.60039549431031	3.52815696766159
USP22	-0.676523642	0.000296376	2.50773e-05	-6.712415981	21.78448504	4.60071922454881	3.52815696766159
IDE	-0.493290874	0.000296376	2.50888e-05	-6.712088855	25.26619027	4.60052011054037	3.52815696766159
CBX5	0.493705484	0.00029672	2.51671e-05	6.70986956	25.02381249	4.59916682523662	3.52765317967945
ANXA9	0.727959599	0.000296957	2.52292e-05	6.708113683	23.00302823	4.59809652043343	3.52730643288724
NDUFB2	-0.820066815	0.000308673	2.62682e-05	-6.67941225	19.98843508	4.58056968575411	3.51050135711926
SH3PXD2B	-0.617181886	0.000309822	2.64097e-05	-6.675597352	23.17964371	4.57823653211699	3.50888774687581
NPR3	0.74415513	0.000312064	2.6645e-05	6.669302053	21.85051732	4.57438427542307	3.50575632906977
CTSV	0.848286376	0.000312249	2.67049e-05	6.667708161	21.99981559	4.57340904396444	3.50549894381108
COPB2	-0.247295351	0.000312555	2.67753e-05	-6.665841691	27.17748767	4.57226565447875	3.50507354921665
PSMC2	-0.326955758	0.000321172	2.75589e-05	-6.645399868	26.93324255	4.55973812107007	3.49326232384027
MVP	0.691526586	0.000322717	2.7737e-05	6.640839384	21.85688277	4.55694051348272	3.49117815634469
ABCF1	0.387754053	0.000322843	2.77935e-05	6.639400505	26.04887773	4.55605675962871	3.49100862568785
ASL	-1.428976103	0.000323583	2.7903e-05	-6.636619195	18.30372216	4.5543491009055	3.49001430288217
LYRM7	-1.810758863	0.000323839	2.79708e-05	-6.634900844	19.55732727	4.55329511208336	3.48967085025571
RFC3	-0.551347373	0.000326458	2.82432e-05	-6.628049698	23.48256933	4.54908609856892	3.48617268434766
BID	0.702440959	0.000333351	2.88866e-05	6.616686657	25.39995834	4.5393035723176	3.47709823772207
CORO1C	0.678999234	0.000336016	2.92231e-05	6.603967325	24.42085514	4.53427371579794	3.47364004241292
CDC42BPB	0.317188076	0.000336016	2.92596e-05	6.603088403	25.63460892	4.53373161529137	3.47364004241292
IGFBP7	1.164575582	0.000336016	2.92601e-05	6.603075901	18.28795507	4.53372419395322	3.47364004241292
EIF4EBP2	-1.612163575	0.000343536	2.99635e-05	-6.586338078	19.37216986	4.52340745859918	3.46402774541047
ADCY9	1.117533138	0.000351502	3.0708e-05	6.569070699	17.1927141	4.51274846806519	3.45407219955883
ACOX1	-0.412587303	0.000354573	3.10725e-05	-6.56077743	23.42278635	4.50762380331001	3.45029433810186
MTHFD2	0.391582842	0.000354573	3.10765e-05	6.560688538	24.94573678	4.50756789966136	3.45029433810186
UBP1	0.621693937	0.000355303	3.1224e-05	6.557362809	21.58114856	4.50551146172681	3.44940112553081
CHID1	-0.690774127	0.000355303	3.1241e-05	-6.556980471	22.95601156	4.50527507314521	3.44940112553081
LRPAP1	-0.426189286	0.00035967	3.16757e-05	-6.547280577	25.31731901	4.49927377888246	3.44409578508337
NDUFA10	-0.544982188	0.000362758	3.1999e-05	-6.540159578	22.9367019	4.49486359359472	3.44038300117129
PIGQ	-0.879777346	0.000364744	3.2258e-05	-6.534510431	16.94178966	4.4913625624241	3.43801184347378
UQCRC2	-0.442216995	0.000364744	3.22773e-05	-6.534090619	25.78379578	4.49110280121588	3.43801184347378
LIMA1	0.523241355	0.00036636	3.24837e-05	6.529625616	25.03282378	4.4883345090471	3.43609194965371
UBE2O	-0.524347686	0.00036636	3.25239e-05	-6.528759586	25.08456414	4.48779738291422	3.43609194965371
SRFBP1	-0.956467774	0.000372961	3.31626e-05	-6.515147983	19.4919891	4.47935142741647	3.42833657937182
MELTF	1.327532907	0.000385633	3.43439e-05	6.490693342	19.71123301	4.46415038907297	3.41382580904131
SETD3	-0.482881178	0.000392366	3.4999e-05	-6.477516932	22.54713628	4.45594436424076	3.40630863292341
CCDC25	-0.486174226	0.000408233	3.6472e-05	-6.448820193	23.15692394	4.43804042080609	3.38909189149004
CRABP1	-0.502830014	0.000409128	3.66099e-05	-6.44619857	26.5410255	4.43640145739292	3.38814079713479
PTPN2	-0.587854366	0.000409554	3.67059e-05	-6.444378322	23.98249949	4.43526412290048	3.38768882807724
PFDN6	-0.612357381	0.000421411	3.78281e-05	-6.423472569	25.67945909	4.42218547156049	3.37529413228523
TP53	0.42965419	0.000427269	3.84143e-05	6.412813215	24.04505974	4.41550707628318	3.36929861576536
CSTF2	-0.668925527	0.000428642	3.85984e-05	-6.409502115	23.84015072	4.41343069754516	3.36790527735723
HECTD1	-0.635268537	0.000433249	3.90745e-05	-6.401014295	22.65031961	4.4081065705354	3.36326243102601
ACSL5	-1.053440162	0.000438334	3.9595e-05	-6.391860046	21.194419	4.40235965269845	3.35819484137046
SLC25A22	0.530670166	0.000442275	4.00136e-05	6.384591419	23.31216966	4.39779237364472	3.35430760883049
PISD	0.530529269	0.000446087	4.04215e-05	6.377585998	22.00273981	4.39338757430326	3.3505804329129
SYNE2	-0.518950425	0.000446895	4.05579e-05	-6.375259097	24.92026069	4.39192453991789	3.34979450433395
IARS2	0.374549929	0.00044835	4.07978e-05	6.37118771	25.84998404	4.38936325538122	3.34838282590504
CXADR	0.55224372	0.00044835	4.08167e-05	6.370868956	23.42899713	4.3891621105882	3.34838282590504
GPC6	0.937884672	0.000450789	4.11025e-05	6.366054496	19.55122998	4.38613176198804	3.34602669000301
APIP	-0.753196298	0.000452691	4.13399e-05	-6.362083134	20.24989826	4.38363057825302	3.3441981396757
COMMD4	-0.800732615	0.000454643	4.15824e-05	-6.358050516	21.40979155	4.38109044822541	3.34232949122528
CTNNB1	-0.619180084	0.000454644	4.16468e-05	-6.367017016	26.56868776	4.38041836270215	3.34232853598346
NUDT14	0.783020785	0.000456079	4.18427e-05	6.353749993	20.83650761	4.37838029934948	3.34095992423809
NME2	0.284091104	0.000458903	4.21667e-05	6.348437222	27.64125862	4.37503038589217	3.33827910317005
XPO7	-0.307256817	0.000464966	4.27895e-05	-6.338343382	26.70311215	4.36866278826507	3.33257880313638
NECTIN4	-0.682541688	0.000475488	4.3825e-05	-6.321904966	22.3333673	4.35827807523417	3.32286043897798
ASF1B	-1.310348958	0.00048229	4.45201e-05	-6.311098752	18.3854603	4.3514438688342	3.31669174282587
FAM136A	-0.496408176	0.000483293	4.47018e-05	-6.308305017	24.62544124	4.34967498885177	3.31578949512263
GRHPR	0.373376495	0.000483293	4.47494e-05	6.307574937	26.03057341	4.34921278332988	3.31578949512263
BICDL2	1.115847593	0.000483806	4.49042e-05	6.305205723	17.2793915	4.34771303646844	3.31532874996601
NNMT	1.215072959	0.000483806	4.49336e-05	6.304756604	21.31643223	4.34742878511269	3.31532874996601
NXN	-0.342416726	0.000485271	4.51571e-05	-6.301354654	25.08503864	4.34527395634933	3.31401566153099
MMUT	0.637892563	0.000485271	4.52069e-05	6.300597807	24.0999328	4.34479527308191	3.31401566153099
UBE2C	-0.549761727	0.000485369	4.5301e-05	-6.299173169	24.5313451	4.34389221101833	3.31392796504337
S100A4	-0.483923408	0.000485369	4.54151e-05	-6.297447696	25.02178914	4.34279972519683	3.31392796504337
GM2A	-0.962806251	0.000485369	4.54218e-05	-6.297346848	22.70857745	4.34273565931536	3.31392796504337
LAMP1	0.922616289	0.000486795	4.56242e-05	6.331466283	25.12308133	4.34080473762876	3.31265389117238
QSER1	-0.801650152	0.000486795	4.58051e-05	-6.291589629	21.72563376	4.33908616438591	3.31265389117238
ACP1	-0.510682755	0.000486795	4.58269e-05	-6.291263712	25.56536672	4.33887951998474	3.31265389117238
SPDL1	-1.386223882	0.000486795	4.58305e-05	-6.291208696	18.53104701	4.33884540467849	3.31265389117238
INTS11	-0.526488592	0.000487745	4.5989e-05	-6.288844935	22.73008136	4.3373460337659	3.31180717397556
TMOD1	1.438024401	0.000500226	4.73058e-05	6.269528182	21.06022506	4.32508560865814	3.30083373890885
STX4	0.594155703	0.000500226	4.73072e-05	6.269507151	22.17870985	4.32507275604223	3.30083373890885
BPNT2	-0.682632691	0.000500639	4.7417e-05	-6.267922151	22.66785961	4.32406592662651	3.30047532167734
DAAM1	-0.818487206	0.000502311	4.77146e-05	-6.263647304	22.19388694	4.32134871258978	3.29902731121534
CGNL1	1.85174386	0.000502311	4.77174e-05	6.263607328	17.59953683	4.32132322796094	3.29902731121534
TIMM9	0.407679503	0.000504151	4.79635e-05	6.260093413	24.21054972	4.31908913301219	3.29743936703668
FDPS	-0.372984935	0.000505032	4.81187e-05	-6.257885988	25.32533834	4.31768611430087	3.29668110310287
TESK2	0.718616424	0.000508444	4.85156e-05	6.252277893	20.2214837	4.31411859326238	3.29375687328257
NDUFB9	-0.739819622	0.000509724	4.87099e-05	-6.249550996	22.64260198	4.31238276202118	3.29266491747627
TPRG1L	0.553472906	0.00051399	4.92751e-05	6.241680776	21.91941313	4.3073724856806	3.2890453303959
VMA21	-0.6626357	0.00051399	4.92805e-05	-6.241606354	22.39977566	4.30732489446905	3.2890453303959
RAB32	0.409153269	0.00051399	4.93355e-05	6.240845683	25.51120267	4.3068404659994	3.2890453303959
PC	-0.701635981	0.000521705	5.01497e-05	-6.229690807	23.10960526	4.29973166062431	3.28257500099661
KANK1	0.866030945	0.000526063	5.0643e-05	6.223025939	21.12992123	4.29548057540668	3.27896224270182
DDT	0.552161637	0.000528456	5.10247e-05	6.217916827	25.23868609	4.29221954004114	3.27699116682903
LUC7L	-0.726557508	0.000528456	5.1068e-05	-6.217338492	22.61454265	4.2918511502896	3.27699116682903
AFG3L2	-0.376917743	0.000528456	5.10975e-05	-6.216946204	25.43354157	4.2916003476689	3.27699116682903
TKFC	-0.852680482	0.000529704	5.1293e-05	-6.214348024	23.02533652	4.28994189938728	3.27596674752623
AUP1	-0.50184889	0.000529748	5.13938e-05	-6.213013544	22.88304439	4.28908926988014	3.27593067424077
PFDN1	-0.567216173	0.000529748	5.15029e-05	-6.211571994	24.75922107	4.28816831622991	3.27593067424077
KLC3	-0.490109779	0.000529748	5.1522e-05	-6.211319093	27.72327215	4.28800728671763	3.27593067424077
CDH1	0.669581699	0.000535053	5.21136e-05	6.203559005	22.69554994	4.28304892479655	3.27160319654421
TM9SF3	0.331795245	0.000546028	5.3322e-05	6.18799474	28.80881902	4.27309356944809	3.26278508635442
RBM27	-0.566666002	0.000546028	5.3337e-05	-6.187804673	22.72110114	4.27297141534442	3.26278508635442
INTS4	-0.601301314	0.00054673	5.35531e-05	-6.185060852	23.22075362	4.2712153843293	3.26222709498169
WDR54	-1.018579519	0.00054673	5.35601e-05	-6.184973085	20.57025785	4.27115862080477	3.26222709498169
APEX1	-0.336307237	0.000548277	5.37891e-05	-6.182078927	27.22548356	4.26930572227892	3.26099997221353
SULT2B1	-1.046676972	0.000561202	5.51365e-05	-6.165314921	16.9227612	4.25856080585684	3.25088078991129
IKZF2	-2.042842772	0.00056934	5.60165e-05	-6.154599394	17.93408284	4.25168403007462	3.24462830298097
KLHL14	-0.675673744	0.000572934	5.64511e-05	-6.149373775	23.08459813	4.24832759104148	3.24189540436194
LAD1	0.394339171	0.000577043	5.69641e-05	6.143259147	25.81005113	4.24439875983302	3.23879182295015
RUVBL2	0.297768705	0.000577043	5.71768e-05	6.140741786	26.88264673	4.24278015435108	3.23879182295015
XPO1	-0.271458436	0.000577043	5.72447e-05	-6.139939286	27.76878142	4.24226471627725	3.23879182295015
CAPZB	0.354704633	0.000577043	5.72607e-05	6.13975156	26.58710065	4.24214334712338	3.23879182295015
TXNDC12	0.477669867	0.000577043	5.72638e-05	6.139714046	25.06710861	4.24211983577176	3.23879182295015
ZFAND1	0.642701894	0.0005829	5.79275e-05	6.131934198	21.66162351	4.23711521411501	3.23440594468055
PDCD11	0.611707029	0.000583033	5.80231e-05	6.130821209	23.780885	4.23639907186344	3.23430686323017
HNRNPL	0.489348626	0.000584767	5.82783e-05	6.127858861	27.17375461	4.23449312525118	3.23301714378324
PPM1H	2.103249248	0.000588608	5.87443e-05	6.133538395	19.5473648	4.23103426690545	3.23017383953127
NDC80	-0.429357409	0.000591876	5.92135e-05	-6.117124177	23.92457672	4.22757926781915	3.2277692698928
NCEH1	0.986005836	0.000591876	5.92935e-05	6.116213304	20.88015996	4.22699291319318	3.2277692698928
OCRL	-0.766737688	0.000591876	5.93215e-05	-6.115895766	22.29947011	4.22678787595979	3.2277692698928
SDF4	-0.59297538	0.000595004	5.97191e-05	-6.111393917	23.19108961	4.22388674595671	3.2254801146545
MOGS	-0.273724901	0.000596241	5.99276e-05	-6.109046897	25.6607642	4.2223731147218	3.22457816338971
FAM98C	-1.434811177	0.000596841	6.0081e-05	-6.107324374	18.75144285	4.22126284746082	3.22414135064573
IFIT3	0.919693686	0.000596841	6.01566e-05	6.106477908	18.68376084	4.22071671767848	3.22414135064573
ADGRE5	0.615611525	0.000598458	6.04042e-05	6.1037126	22.77973191	4.21893286314363	3.22296632313273
SUMO1	0.428447758	0.000602049	6.08517e-05	6.09874441	24.8830718	4.21572728447901	3.22036816062989
NMNAT1	0.557927237	0.000602745	6.10073e-05	6.097026975	22.26279469	4.21461819515265	3.21986638357418
EFNB2	-1.478701036	0.000602778	6.10958e-05	-6.096050781	19.93131392	4.21398864408672	3.21984260681022
ABCD1	-0.911969452	0.000603908	6.12957e-05	-6.09385411	18.9478226	4.21256999092651	3.21902921723248
IVNS1ABP	0.616631427	0.00060436	6.14271e-05	6.092414102	24.51025343	4.21163998742709	3.21870428747356
MRPS23	-0.39766772	0.000607344	6.18162e-05	-6.088168434	24.095225	4.20889769564533	3.21656525458467
BCAT1	1.3173226	0.000607422	6.191e-05	6.096278458	21.75597884	4.2082391959871	3.2165094825765
ADAMTS15	-1.599477649	0.000608158	6.20709e-05	-6.085404336	19.28198976	4.20711195749522	3.21598357596774
SLC25A12	0.705189264	0.000608688	6.22502e-05	6.083466122	23.11482475	4.20585924891083	3.21560526007573
PACC1	0.903324962	0.000608688	6.22972e-05	6.082959192	17.71094861	4.20553147263259	3.21560526007573
CYFIP2	-0.721722269	0.000610156	6.25337e-05	-6.080413596	20.50503491	4.20388587418126	3.21455911371457
COX7A2	-0.669268317	0.000610412	6.26781e-05	-6.078863871	22.48138629	4.20288417704107	3.21437693723772
LIPA	1.447140792	0.000610412	6.27325e-05	6.078281603	19.77517806	4.20250740472203	3.21437693723772
LRCH2	-1.298491278	0.000612389	6.30223e-05	-6.075187115	19.77162745	4.20050575128768	3.21297261889181
FARSB	-0.3594051	0.000615575	6.34371e-05	-6.07078304	25.94899144	4.19765667882388	3.21071902623906
LAMC1	0.330311341	0.000617667	6.374e-05	6.067586336	26.14652052	4.19558794086229	3.20924560102712
ANKRD28	-0.676013986	0.000617796	6.3841e-05	-6.06652421	23.1129711	4.19490031885218	3.20915490792118
GNAI3	-0.480042753	0.000617796	6.3928e-05	-6.065610616	24.16445932	4.19430888234153	3.20915490792118
CCDC115	0.944840453	0.000618319	6.40695e-05	6.064127417	19.88999209	4.19334866524005	3.2087874080889
RAC1	0.447576399	0.000622919	6.46343e-05	6.058242665	23.89506843	4.18953695031048	3.20556842226551
IRAK1	-1.70434664	0.000625035	6.49422e-05	-6.055057279	19.97971408	4.18747300318035	3.20409566284589
ODF2	-1.362231072	0.000626808	6.52149e-05	-6.052248616	17.18877045	4.185653167328	3.20286546923331
DYNC1H1	0.274543486	0.000628475	6.54772e-05	6.049559895	29.92601434	4.18390990058797	3.20171199336067
FRG1	-0.572236195	0.000629742	6.57473e-05	-6.046803347	22.1852855	4.18212207735042	3.20083734090476
HLA-C	0.431227216	0.000629742	6.57873e-05	6.046396067	23.29027705	4.18185793727151	3.20083734090476
TCAF1	-1.040625494	0.000632171	6.62009e-05	-6.04220007	22.17306686	4.17913610629479	3.1991654307186
THOC3	-0.613284249	0.000632171	6.62197e-05	-6.04200928	23.20278726	4.17901279109588	3.1991654307186
SMDT1	0.795165033	0.000635324	6.66399e-05	6.037776242	20.98093171	4.17626566330416	3.19700473844611
UBE2A	-0.55610512	0.000641478	6.73761e-05	-6.030427658	21.80847179	4.17149413134093	3.19281823350953
HSCB	-0.467523808	0.000643843	6.77154e-05	-6.027068902	25.08810305	4.16931255178092	3.19122002168722
HPRT1	-0.389921646	0.000651205	6.85818e-05	-6.018574598	25.50578321	4.16379112056536	3.186282273561
DDX46	-0.310210448	0.000653819	6.89495e-05	-6.015003745	26.08327602	4.16146887884315	3.18454246296143
FAM50A	-0.337530813	0.000653952	6.9056e-05	-6.013973241	25.1413807	4.1607985813332	3.18445412766987
S100A3	1.585891191	0.000666362	7.04606e-05	6.034016307	21.61402868	4.15205366294899	3.17628977699872
NADSYN1	-0.370538843	0.000670389	7.09813e-05	-5.995630202	23.54551178	4.14885605094987	3.17367312038985
PRDX6	0.275710742	0.000671994	7.12462e-05	5.993147836	29.07946089	4.14723829430951	3.17263460459279
RPL13A	-0.58975656	0.000674337	7.15899e-05	-5.989941235	24.35148928	4.14514824422386	3.17112301049245
ITGB6	-1.011009401	0.000678621	7.21407e-05	-5.984837096	19.11316525	4.14181964792475	3.1683727051934
ZHX2	-1.332447804	0.000680908	7.248e-05	-5.981712807	21.20397953	4.13978181533124	3.16691156325822
PSMD2	-0.250605159	0.000682817	7.27798e-05	-5.978965618	27.88684548	4.137989142196	3.16569567485331
MAGED2	-0.581068573	0.000687184	7.33424e-05	-5.973842304	24.64790089	4.13464488262599	3.16292696092391
KDM5C	-0.471937787	0.000689799	7.3719e-05	-5.970436029	23.43418191	4.13242056462805	3.16127743956387
PTK2	0.302441801	0.000690391	7.38798e-05	5.968987354	25.02291344	4.13147428890876	3.16090487875839
PXDN	0.553185924	0.000691371	7.40825e-05	5.967166146	25.11863603	4.13028437030716	3.16028884117214
DSG2	0.520863683	0.000695798	7.46552e-05	5.962048188	23.98112461	4.12693993673127	3.15751682392159
PCNP	-0.466329725	0.000705336	7.58068e-05	-5.951882136	23.97807232	4.12029183566057	3.15160394941451
ELMO2	-0.735032339	0.000705336	7.5878e-05	-5.951259176	21.59712618	4.1198841248104	3.15160394941451
HSD17B11	-0.530245988	0.000717846	7.73252e-05	-5.938724997	22.68284549	4.11167894802981	3.14396871526153
ARHGEF2	0.42971861	0.000719509	7.7606e-05	5.936322009	27.24216379	4.11010470056967	3.14296376930779
PRMT1	-0.296020348	0.000721378	7.79097e-05	-5.93373387	26.48061572	4.10840846794722	3.14183710657587
HEBP1	0.366036739	0.000726849	7.86032e-05	5.927862336	24.07969434	4.10455977312022	3.13855580272848
ACTL6A	-0.288989128	0.000730874	7.91419e-05	-5.923339911	25.14840429	4.10159352761547	3.13615748736677
RPL18	-0.370021762	0.000731328	7.92944e-05	-5.922065125	27.43122467	4.10075748273253	3.1358877986355
CEP170	0.705276248	0.000732461	7.95208e-05	5.920177893	22.82586877	4.09951925947294	3.13521549443557
KIF20A	-1.085911802	0.000738171	8.02451e-05	-5.914178363	20.58816362	4.095581477402	3.1318430206242
ENG	0.87209605	0.000744437	8.10315e-05	5.907729122	17.79949487	4.09134612165449	3.12817204970503
DPH5	-0.751339125	0.000745252	8.12255e-05	-5.906148235	21.20433669	4.0903076065872	3.12769684979678
USP47	-0.462504335	0.000747056	8.15506e-05	-5.903507881	23.40802946	4.08857283933578	3.12664684185338
GPI	0.29817534	0.000747056	8.16334e-05	5.902837836	28.15606907	4.08813211492422	3.12664684185338
CDK1	0.295544077	0.000749152	8.19682e-05	5.900133044	26.71163127	4.08635460180066	3.12543005671451
PARVA	-0.621139863	0.000750798	8.22545e-05	-5.897829725	21.81326194	4.08484033323563	3.12447689293684
HSPH1	-0.245807277	0.000751537	8.24742e-05	-5.89606808	27.67614397	4.08368188842003	3.12404963317385
DNA2	-0.870675767	0.000751537	8.2548e-05	-5.89547765	17.72071885	4.08329344450277	3.12404963317385
CIITA	-1.219596376	0.000755031	8.30385e-05	-5.891566176	18.02155297	4.08072050448125	3.12203521677803
PCNA	-0.309264462	0.000755485	8.31952e-05	-5.890321859	26.80466331	4.07990172988294	3.12177415406738
PTGR1	-0.371483982	0.000761726	8.39901e-05	-5.884046715	25.40457169	4.07577190166139	3.1182012203764
IRF2BPL	-0.549856513	0.00076558	8.45233e-05	-5.879872756	22.62695204	4.07302355535124	3.1160094205853
MRPL18	-0.632396794	0.000765607	8.46581e-05	-5.878822383	21.89449488	4.07233148271737	3.1159941044273
MAZ	-0.966547378	0.000765607	8.47428e-05	-5.878163007	19.49108538	4.07189719050662	3.1159941044273
HAS1	-0.449834494	0.000769416	8.52732e-05	-5.874050112	25.08595242	4.06918743918316	3.11383878678478
NDUFAF7	-1.060988631	0.000771858	8.56529e-05	-5.871122237	20.95540045	4.06725792828894	3.11246259019384
LSS	-0.539879399	0.0007737	8.59666e-05	-5.868713621	23.55711352	4.06567024937478	3.1114274031424
YWHAE	-0.416757743	0.000773939	8.61546e-05	-5.867275016	30.93289349	4.06472152957656	3.11129326800882
CTSF	-0.920999684	0.000773939	8.62121e-05	-5.86683554	18.06641713	4.0644317760031	3.11129326800882
S100A2	0.395635239	0.000778343	8.68126e-05	5.862264706	27.76903624	4.06141723665138	3.10882897604376
EIF3J	0.368715584	0.000781079	8.72282e-05	5.859120939	25.52380513	4.05934308932783	3.10730503842877
RTCB	-0.277902739	0.000781683	8.74062e-05	-5.857779345	27.37044812	4.0584577603829	3.1069693329533
POFUT2	0.537388891	0.00078349	8.7719e-05	5.855428438	23.16074862	4.05690632794022	3.10596654223628
GLUD2	-0.906887329	0.000787841	8.83174e-05	-5.850956161	18.93916478	4.05395372474026	3.10356142183809
NOL4L	0.489495847	0.00079245	8.89461e-05	5.846292066	23.2589091	4.05087308957681	3.10102813025738
C3	0.437014311	0.00079719	8.95999e-05	5.8414791	25.41979722	4.04769247504181	3.09843815775386
UBE2V2	0.515050127	0.00079719	8.97036e-05	5.840718901	22.743845	4.04719012742679	3.09843815775386
FAM89B	-0.923809603	0.000799745	9.01042e-05	-5.837791726	18.76029609	4.04525496491093	3.09704846644135
AIDA	0.524879134	0.000802974	9.05815e-05	5.834321901	22.15976164	4.042960491819	3.09529851678774
SYNJ2BP	0.451615882	0.000804838	9.09055e-05	5.831977098	24.60712622	4.04140984012907	3.09429152682007
ANKRD2	-1.118663791	0.000807983	9.13986e-05	-5.828426151	20.52295667	4.03906045653019	3.09259777670544
SLFN5	0.692790519	0.000807983	9.14891e-05	5.827776568	23.9325497	4.03863064464212	3.09259777670544
CSRP1	0.615603799	0.000815863	9.24968e-05	5.83483834	26.76517974	4.03387329176239	3.088382762005
ADCK5	0.493595323	0.000823317	9.36853e-05	5.812220644	23.41348786	4.02832854817006	3.084432917104
TCERG1	-0.486031457	0.000823317	9.38245e-05	-5.811247343	24.82841228	4.02768374130677	3.084432917104
CFL2	-0.488758866	0.000823317	9.39579e-05	-5.810316146	22.82128273	4.02706669845684	3.084432917104
MRPL46	0.715906989	0.000823317	9.3962e-05	5.81028792	21.31724359	4.02704774775097	3.084432917104
FUT8	-0.608012612	0.000823317	9.40195e-05	-5.809887153	21.52681363	4.02678206273954	3.084432917104
ZNF395	-1.113539925	0.000823317	9.40402e-05	-5.809742809	16.84218516	4.0266864559103	3.084432917104
CDC37L1	0.751854837	0.000824883	9.43357e-05	5.807687724	23.06434546	4.02532392360476	3.08360764667164
ZNF326	-0.307166493	0.000825351	9.45059e-05	-5.806507002	24.4378268	4.0245410776552	3.0833613181837
MCL1	-0.624809046	0.000826989	9.48187e-05	-5.804342277	20.65267792	4.02310600331675	3.08250026707511
IGFBP4	1.132662949	0.000826989	9.49273e-05	5.803593221	20.09050489	4.02260887151018	3.08250026707511
TSPAN6	-0.820351093	0.000830618	9.54749e-05	-5.799827141	20.88591225	4.02011078783258	3.08059866169716
SLC25A30	0.771618986	0.000830618	9.55787e-05	5.799116133	19.00401483	4.01963888076925	3.08059866169716
DPCD	0.44046497	0.000831448	9.57916e-05	5.797659227	23.14652575	4.01867257269175	3.08016490702082
OARD1	-0.639348211	0.000832226	9.59989e-05	-5.796244733	21.56685372	4.01773374327988	3.07975872031411
GINS2	-0.86262605	0.000832733	9.61752e-05	-5.795044617	20.57926298	4.01693690188825	3.07949422454078
KCTD1	-0.810358739	0.000840226	9.71683e-05	-5.788324472	18.08891743	4.01247539536708	3.07560388375753
ITGB3	0.54643091	0.000840226	9.72781e-05	5.787586329	24.88182596	4.01198492046828	3.07560388375753
TMEM205	-0.528333955	0.000846224	9.80922e-05	-5.782138543	23.73901657	4.00836552505264	3.0725146616805
PRXL2A	-0.400022017	0.000847578	9.83688e-05	-5.780298085	23.52871545	4.00714262653267	3.07182032449853
CLSPN	-0.810785208	0.000868337	0.000100901	-5.763704488	18.54284563	3.99610452957746	3.06131169321494
CALCOCO2	0.504280701	0.000869918	0.000101276	5.761281707	21.80437816	3.99449345989616	3.06052168281344
CAMK4	-1.078558913	0.000869918	0.000101433	-5.760272205	20.64111712	3.9938207295557	3.06052168281344
SERPINB5	0.476289186	0.000869918	0.000101607	5.759152931	22.18258447	3.99307637121891	3.06052168281344
DPP7	-0.825211466	0.000869918	0.000101667	-5.75877035	22.01721479	3.99281999145888	3.06052168281344
TCP1	-0.236774097	0.000869918	0.0001017	-5.758561688	28.19277863	3.99267904707726	3.06052168281344
TM7SF2	-0.734729606	0.000871489	0.000102075	-5.756160725	20.99859375	3.99108061140497	3.05973809021715
SLC9A3R1	-0.354204935	0.000871489	0.000102129	-5.755810961	25.73309227	3.99085092048246	3.05973809021715
FH	0.293876306	0.000872788	0.000102405	5.754053483	26.93779069	3.98967883809264	3.0590912335123
SCARB2	0.62290542	0.000874525	0.000102733	5.751973221	23.75167731	3.98829002947155	3.05822777085442
MYO10	-0.743163507	0.000877131	0.000103243	-5.748745753	22.23879167	3.98613938436339	3.0569355396688
SDC4	1.431301503	0.000877131	0.000103287	5.748467841	19.37376862	3.985954336598	3.0569355396688
ARMC6	0.61459598	0.000878816	0.000103822	5.745100512	22.94232205	3.98371060924066	3.05610204477786
CDK11B	-0.296329461	0.000878816	0.000103843	-5.744970535	25.78455916	3.98362277369639	3.05610204477786
ATL2	-0.412095622	0.000878816	0.000103858	-5.744875838	23.7144057	3.98356004489643	3.05610204477786
THUMPD3	-0.376416549	0.000879293	0.000104038	-5.743743807	23.68650888	3.98280800516237	3.05586638422104
SGPL1	0.254148418	0.000887352	0.000105117	5.737026548	25.69675454	3.97832704221007	3.05190406750468
NDUFS5	-0.513289369	0.000889895	0.000105544	-5.734388419	22.3713405	3.97656645057003	3.05066123336717
TIMP2	1.457305447	0.000914063	0.00010854	5.71619236	20.31622026	3.96441018275654	3.03902387033898
M6PR	0.367920177	0.000944219	0.000112254	5.694356781	24.97379564	3.94979817462774	3.02492726474766
NUCB2	-0.412482943	0.000949811	0.000113054	-5.689758677	23.75098272	3.94671406713379	3.02236280505129
SRP9	-0.305894178	0.000953366	0.000113612	-5.686568833	26.20861705	3.9445757948702	3.02074034042626
ADAM10	0.342427455	0.000965303	0.00011517	5.677743282	26.04107544	3.93866063316293	3.01533634409331
CBX1	0.364646456	0.000967371	0.000115554	5.675591825	25.13155812	3.93721501645177	3.01440693610071
SH2D3A	-1.021272775	0.000968977	0.000115883	-5.673753178	17.7205628	3.93598027022888	3.01368653140293
THOC5	-1.049642424	0.000973081	0.000116511	-5.683698377	22.83203161	3.93363307022783	3.01185100722509
RALGAPA2	-1.010416272	0.000979481	0.000117416	-5.665251011	17.87054171	3.93027271877625	3.00900398404412
UBA2	0.277381205	0.000980434	0.000117669	5.663860744	26.25076522	3.92933793734535	3.00858163646897
HEATR5B	-0.656777331	0.000985227	0.000118525	-5.659173144	21.15174682	3.92619003600901	3.0064636948939
RNMT	-0.351769114	0.000985227	0.000118535	-5.659121189	24.41670573	3.92615339596158	3.0064636948939
CSE1L	-0.236801817	0.000985227	0.000118662	-5.658428321	29.39764449	3.9256883360791	3.0064636948939
TJP3	-1.091730447	0.000990302	0.000119413	-5.654351189	20.32091196	3.92294839078676	3.00423234385411
GPAM	-0.921090926	0.000991272	0.00011967	-5.652961836	18.26368769	3.9220147089705	3.00380716096304
UCK2	-0.37169258	0.001009507	0.000122014	-5.640439999	23.52757984	3.91359033511284	2.99589066527821
NDUFB3	-0.540605061	0.00100979	0.000122191	-5.639505615	22.50330741	3.91296078095336	2.99576893445884
RANBP10	-0.8134723	0.001010855	0.000122463	-5.638072221	21.11573413	3.91199510577333	2.99531113641311
CERS4	-1.725834682	0.001017473	0.000123408	-5.63311246	16.51767904	3.90865668598155	2.99247710653183
PLSCR3	1.132051099	0.001025381	0.000124513	5.627371179	18.58149009	3.90478530291746	2.98911473416654
STAM2	-0.593804594	0.001026701	0.000124818	-5.625793172	21.26667034	3.90372278054317	2.98855601497776
ATAD2	-0.689576033	0.001031437	0.00012554	-5.622079808	22.38207258	3.90121787568531	2.98655729351529
ACBD5	0.525185094	0.00103199	0.000125753	5.620986996	22.25633815	3.90048164549347	2.98632451100906
DEPTOR	0.980754472	0.001033475	0.00012608	5.619314483	18.02126882	3.89935379985452	2.98570002459389
DBNL	0.384352006	0.001044122	0.000127526	5.611971374	24.08734721	3.89440126224665	2.98124875341112
TRIM56	-0.862555877	0.001071824	0.000131061	-5.594391536	21.28807972	3.8825265226852	2.96987652257616
SLC25A3	0.226174491	0.001072859	0.00013134	5.593029417	27.70159171	3.88160298804842	2.969457351236
WDR55	-1.747791544	0.001083561	0.000132803	-5.614480368	21.28331464	3.8767921142095	2.96514663467394
RPLP0	-0.364928184	0.001086205	0.00013328	-5.583610336	27.61499428	3.87523501593729	2.96408820240197
TMLHE	-0.953850837	0.001087127	0.000133608	-5.582034769	19.39608594	3.87416753698146	2.96371971794001
NUTF2	0.394393501	0.001087127	0.000133704	5.581572277	27.0180993	3.87385559982895	2.96371971794001
PXK	1.504118311	0.001087127	0.000133855	5.58085137	20.0216219	3.8733654016018	2.96371971794001
PRR14L	-0.51884784	0.001091434	0.000134539	-5.577578665	21.98756901	3.87115180466047	2.9620025213405
KIF13B	-1.095875353	0.001091701	0.000134847	-5.576115196	21.75623484	3.8701587110423	2.96189629187942
ATP5MK	0.33811303	0.001091701	0.000134881	5.575952062	23.88129808	3.87004922287301	2.96189629187942
THOC1	-0.720200632	0.001093792	0.000135294	-5.573991676	22.78240854	3.86872146300822	2.96106525738171
GNG12	0.727322073	0.001104319	0.000136894	5.585842103	24.82538659	3.86361558637292	2.95690545565748
EPS8L2	0.279237342	0.001104319	0.000136908	5.56638821	25.37628557	3.86357117382113	2.95690545565748
CDKN2A	-1.133434121	0.001111225	0.000137921	-5.570019907	22.19941287	3.86036960264387	2.95419799653618
SLC25A1	0.332444446	0.001122794	0.000139516	5.554303132	24.24628983	3.85537598369326	2.94969991681944
SRSF9	0.622679079	0.001134002	0.000141069	5.547218964	24.39542598	3.85056841224208	2.94538617949232
ESRP2	-1.991197115	0.001139587	0.000142086	-5.550917213	18.59423016	3.84744871181412	2.94325251368008
PSME4	-0.41107449	0.001139587	0.00014207	-5.542694631	26.10109476	3.84749761953887	2.94325251368008
ATF7IP	-0.661280226	0.001149291	0.000143458	-5.536480107	22.39268472	3.84327522811524	2.93956999420707
RNASEH2A	-0.357494444	0.001167043	0.000145839	-5.525965617	23.83391218	3.83612632224646	2.93291314196776
SERINC3	0.846361025	0.001170393	0.000146423	5.523414103	20.96770539	3.83439069931227	2.93166828434555
SNCG	0.570294713	0.001174473	0.0001471	5.520472104	23.00710276	3.83238732727247	2.93015696278233
RABGAP1L	-0.488118181	0.001178641	0.000147788	-5.517491838	23.54446472	3.83036082808841	2.9286184556861
EPRS1	0.252855849	0.001180249	0.000148157	5.515903316	27.9393935	3.82927782451093	2.92802635886508
DOCK9	0.933730268	0.001181131	0.000148435	5.514708888	20.78007063	3.82846368319001	2.9277019318344
FAU	-0.79820689	0.00118134	0.000148628	-5.545137123	25.32789556	3.82789936621482	2.92762509063977
LSM8	-0.372709021	0.00119616	0.000150661	-5.505214994	23.66325247	3.82199915429995	2.92221072463728
EIF2A	0.272986679	0.001230017	0.0001551	5.486727487	26.8190952	3.8093882021864	2.91008888615802
RPL12	-0.335333609	0.001231291	0.000155434	-5.485356051	27.50860856	3.80845397654353	2.90963929494932
TPRA1	1.801493052	0.00126966	0.000160556	5.464750233	18.01983848	3.79437346014916	2.89631256242428
PPP1R12A	0.526267358	0.00126966	0.000160702	5.46417553	25.28660903	3.79397871823629	2.89631256242428
NDUFS4	-1.054348166	0.00126966	0.000160816	-5.463722892	21.4102865	3.79367074435606	2.89631256242428
CD47	-0.453712865	0.001273265	0.000161453	-5.461214599	27.488428	3.79195388083362	2.89508119881261
PPM1G	-0.306574529	0.001273341	0.000161643	-5.460469278	25.74345374	3.79144309790178	2.89505527695376
PRPF4B	-0.295976511	0.00128184	0.000162973	-5.45526996	24.02335442	3.78788433990455	2.89216618031926
NDUFA12	-0.446277218	0.00128184	0.000163201	-5.454383091	22.36260872	3.78727718447216	2.89216618031926
OAT	0.439458335	0.00128184	0.000163265	5.454131623	26.06969084	3.78710690733949	2.89216618031926
KIFC3	-1.419451759	0.001287976	0.000164229	-5.458385777	21.02838135	3.78455015155324	2.89009222949537
PIK3R3	-0.672030766	0.001304096	0.000166469	-5.441811992	19.90214495	3.77866662931934	2.88469043718105
QDPR	0.429371243	0.00131166	0.00016762	5.437446635	22.91493992	3.77567416368051	2.8821787253719
CNN2	0.237479662	0.001313882	0.000168089	5.435674746	27.68085116	3.77446070652253	2.88144363709742
GCLM	-0.754912863	0.001314391	0.00016834	-5.434729806	22.08893262	3.77381267716012	2.88127542329767
AKT2	-0.39543615	0.00133067	0.000170613	-5.426239468	23.88028751	3.76798788047702	2.87592963419366
PLEKHF1	-1.247385307	0.001348503	0.00017309	-5.417121669	20.25320195	3.76172802207417	2.87014808303979
RRAGC	0.756277378	0.001348622	0.000173296	5.416369924	21.84146029	3.76121146150983	2.87010975997847
CDKN1B	0.815423682	0.001349227	0.000173565	5.415391548	18.37942723	3.76053784735861	2.86991497652991
TLR6	1.143862258	0.001354248	0.000174785	5.436374856	22.50610906	3.75749584113384	2.86830179712131
LY75	0.853628548	0.001354248	0.000174563	5.411764915	17.32397041	3.75804780300545	2.86830179712131
VPS26A	0.294871256	0.001354248	0.000174767	5.411027887	24.87575258	3.7575405686747	2.86830179712131
RPL31	-0.535604711	0.001359641	0.000175673	-5.415607381	26.55725543	3.75529498211354	2.86657574773322
PARD6B	-0.442121852	0.001364824	0.000176536	-5.40466633	23.77789756	3.75316671799796	2.86492334917778
YWHAG	-0.48969965	0.001375139	0.000178064	-5.399222588	26.3165286	3.74942387493148	2.86165340082869
MAD2L2	-0.88873981	0.001379944	0.000178977	-5.395995657	21.379094	3.74720277580712	2.86013853750055
MIDEAS	0.454094324	0.001379944	0.000179077	5.395644195	22.76924259	3.74696018977641	2.86013853750055
ETF1	-0.278434186	0.001387864	0.000180301	-5.391346747	25.69157197	3.74400186455171	2.85765308931586
OSBPL11	-0.311932832	0.001389782	0.000180746	-5.389789538	23.82389637	3.74293130508267	2.85705331745963
POGLUT2	-1.523124252	0.001392709	0.000181324	-5.387777635	19.18939092	3.74154470898922	2.85613961788798
ALDH1L2	2.727596978	0.001394146	0.000181708	5.446866762	17.84738145	3.74062595172679	2.85569174297105
GTF3C5	-0.440545309	0.001395389	0.000182067	-5.385197459	22.90124986	3.73976876379679	2.855304704933
RAB34	-0.429539259	0.001396452	0.000182403	-5.384034584	24.52658305	3.738968023065	2.85497398763458
CD320	-0.805401821	0.00139832	0.000182845	-5.382510096	19.83252408	3.73791691119194	2.85439343064245
BAZ1B	-0.978085185	0.00140497	0.000184074	-5.378287578	22.03232042	3.73500755019208	2.85233294904969
GBA	0.417478963	0.00140497	0.000184112	5.37815911	23.7032235	3.73491790425024	2.85233294904969
STIM2	0.762624644	0.001407504	0.000184643	5.37634433	18.15461777	3.7336671522372	2.85155036224894
SNRPA	0.347374349	0.001410393	0.000185221	5.374374458	26.13887019	3.7323097753912	2.8506598561745
CGGBP1	-0.376268526	0.001418395	0.000186585	-5.369753778	22.78416738	3.72912327312476	2.84820280834075
EEF1D	-0.31585136	0.001418395	0.000186673	-5.369457519	28.56096487	3.72891849297207	2.84820280834075
RHOG	0.357383038	0.001454043	0.00019157	5.353165227	23.44807804	3.71767250076147	2.8374227500199
PLXNB2	-0.235810296	0.001459177	0.000192453	-5.350275553	24.99535361	3.71567531463803	2.8358920244459
ANPEP	-1.483750934	0.001460531	0.000192838	-5.34901932	17.39203395	3.71480738140739	2.83548922062398
PROCR	0.866315322	0.001465369	0.000193684	5.346268904	19.6638953	3.71290625433879	2.83405300023481
RFK	-0.431761084	0.001476868	0.000195413	-5.340687771	22.99612683	3.70904654788202	2.83065831947033
MRPL21	-0.837100967	0.001494999	0.000198107	-5.332089672	21.86732367	3.70310017863781	2.82535909783763
MCRIP1	-0.401307275	0.001494999	0.000198234	-5.331687999	22.69197561	3.70282185567304	2.82535909783763
AP2A1	-0.237381783	0.00151124	0.000200601	-5.324242136	27.23257812	3.69766690634352	2.82066655988415
S100A12	1.603199644	0.001512393	0.000200968	5.323096453	19.21937198	3.69687308949394	2.82033534140499
GTF3C4	-0.311133435	0.001522403	0.000202514	-5.318294336	23.77618081	3.69354494818966	2.81747036891299
LAMTOR3	0.503650827	0.001524173	0.000203024	5.316717192	22.63410292	3.69245261996131	2.81696573596147
CIP2A	-0.258132393	0.001524173	0.00020318	-5.316235632	25.40049125	3.69211904401175	2.81696573596147
TMEM258	0.732793413	0.001536364	0.000205022	5.310580542	21.87380257	3.68819953423225	2.81350587775297
ALDH4A1	0.479128843	0.001541984	0.00020599	5.307631153	24.49188211	3.68615386239897	2.81192013260657
NAGLU	-2.259966221	0.001546728	0.00020728	-5.329148298	17.56412312	3.68344260002223	2.81058605248369
CYTH3	-0.646235609	0.001546728	0.000206999	-5.312085307	24.74286591	3.68403175258913	2.81058605248369
RANBP3	-0.543486942	0.001546728	0.000207211	-5.303931236	22.95690853	3.68358719336456	2.81058605248369
FAM89A	0.892550228	0.001575116	0.000211473	5.291196005	18.44854078	3.67474507367684	2.80268745691895
MEX3A	-0.532235653	0.001575116	0.00021153	-5.291027448	21.6619835	3.6746280306033	2.80268745691895
TMSB4X	0.567630836	0.001579577	0.00021264	5.313006799	28.59549043	3.67235503640134	2.80145919859073
CNIH4	0.94944482	0.001579577	0.000212657	5.287705151	21.56802307	3.67232031710543	2.80145919859073
GRHL2	-0.510651041	0.001579577	0.000212799	-5.287288642	21.53909013	3.67203041723931	2.80145919859073
EIF4A2	0.44177883	0.00158203	0.000213353	5.285663177	26.09299011	3.67090124605854	2.80078528524357
POMGNT1	-0.793468866	0.001589694	0.000214611	-5.281989012	16.65927996	3.66834802180684	2.79868646492548
NUP160	-0.372236098	0.001592059	0.000215155	-5.280406508	24.05882927	3.66724855686854	2.79804084181214
SLC7A1	1.690987546	0.001595289	0.000215817	5.289937933	20.17165667	3.66591434873836	2.79716062938681
DDX41	-1.028647802	0.001600815	0.000216791	-5.30079781	23.13788127	3.66395875133784	2.79565885491488
RASAL2	-0.702991522	0.001606651	0.000217995	-5.272218805	21.31766048	3.66155346739224	2.79407845132317
FCHSD2	-0.815056877	0.001606651	0.000218036	-5.272102067	18.06185535	3.66147179396163	2.79407845132317
MT-ND2	-0.874334774	0.001608982	0.000218579	-5.270547629	20.69732268	3.66039156526929	2.7934488144121
RPS27	-0.289727329	0.00161203	0.000219221	-5.268717338	26.80923743	3.65911784550118	2.79262688020263
CLPTM1	-0.415206723	0.001612159	0.000219467	-5.268019204	23.50797802	3.65863077289493	2.7925921279048
SFMBT1	-0.896599604	0.001623626	0.000221257	-5.262950155	18.63218682	3.65510298045711	2.78951400270698
PGM1	0.297444324	0.001633641	0.000222853	5.258468995	25.73479418	3.6519815151579	2.78684337549571
LRRC59	0.321778096	0.001639499	0.000223884	5.255592016	28.49527632	3.64997694241919	2.78528884388917
ERGIC2	0.383098053	0.001642441	0.000224518	5.253830006	23.57609734	3.64874883511811	2.78451022227634
PLSCR1	2.915202336	0.001643933	0.000224954	5.468812348	21.82150518	3.64790628006017	2.78411588650596
HEXB	-0.391122896	0.001647052	0.000225614	-5.25079563	25.38542585	3.6466339546262	2.78329268925978
XPR1	-2.306191372	0.001650732	0.000226351	-5.273595171	18.9174177	3.64521758248738	2.78232342968621
STAT6	1.028691712	0.001670589	0.000229463	5.240261618	20.45311059	3.63928733274669	2.77713038253451
MCMBP	-0.410900158	0.001670589	0.00022981	-5.239320626	23.59981414	3.6386310772564	2.77713038253451
C6orf47	-0.847649818	0.001670589	0.00022983	-5.239265466	18.30129565	3.63859328294066	2.77713038253451
RBIS	-0.857218131	0.001670589	0.000230019	-5.238755172	19.85046142	3.6382362889635	2.77713038253451
PRPF6	-0.373617405	0.001671306	0.000230354	-5.237849557	25.63495991	3.63760424200542	2.77694402769793
METTL2B	-0.530990246	0.001676029	0.000231242	-5.235455759	21.61898473	3.63593328309035	2.77571847112876
DENND2D	0.892860331	0.00168115	0.000232186	5.232920385	17.18092871	3.63416397023934	2.77439353506382
FAM114A2	-1.015225969	0.001684643	0.000232907	-5.230993132	21.64483527	3.63281745858559	2.77349211826849
IGF2BP3	0.384037775	0.00168918	0.000233773	5.228684937	25.71557221	3.63120564983859	2.77232406929133
DTWD2	-0.737956869	0.001707811	0.000236592	-5.22123162	19.35565957	3.62599994446969	2.76756019348239
CYB5R3	0.275713907	0.001708374	0.000236912	5.220393176	26.06953763	3.62541294095814	2.76741704678774
ACOT1	0.458363368	0.00170882	0.000237215	5.219597954	23.61875025	3.6248578523598	2.76730368164662
CPM	-1.785383125	0.001715668	0.00023858	-5.232979407	20.00968931	3.62236596575241	2.76556674895691
TST	-0.783732712	0.001715668	0.000238651	-5.215849404	20.74058274	3.62223674150485	2.76556674895691
ACADM	0.349574071	0.001718786	0.000239328	5.214090921	24.21296379	3.62100648845666	2.7647781924256
ASPH	0.23708506	0.001726524	0.000240649	5.210671583	25.34693641	3.61861593866306	2.76282738024814
ARHGAP29	-0.255137706	0.001729284	0.000241278	-5.209050922	27.02678742	3.61748227574634	2.76213367676409
NCAPG	-0.248119733	0.001736782	0.00024257	-5.205736894	24.82599644	3.61516291179632	2.76025469055616
NOP16	-0.498111941	0.001742862	0.000243666	-5.202940752	22.19888035	3.61320506598362	2.75873699901231
ROMO1	-0.420618079	0.001746401	0.000244407	-5.201055422	23.26676797	3.61188635973129	2.75785602861914
HNRNPLL	-0.427065297	0.00174942	0.000245077	-5.199357721	23.3879195	3.61069744452835	2.75710591277121
PPP6R2	-0.375415331	0.001749989	0.000245404	-5.198530521	24.18578068	3.61011836270205	2.75696468117331
MAP4	0.250899573	0.001753778	0.000246183	5.196564723	26.8235366	3.60874194028001	2.75602538216548
PUS7L	-1.100097499	0.001760131	0.000247324	-5.193698696	20.39674577	3.60673373822087	2.75445500806089
STIM1	0.348300364	0.001762223	0.000247867	5.192339214	24.85852737	3.60578128957705	2.75393913477674
PSPC1	0.219176528	0.001792051	0.000252316	5.181317647	25.62697131	3.59805520889032	2.74664963490637
DDX24	-0.36940563	0.001806144	0.000254555	-5.175846864	24.72670536	3.59421836807829	2.74324762727152
PAK4	-0.421567061	0.00180672	0.000254892	-5.175028913	23.59571517	3.59364379501476	2.74310914786919
GNPDA1	-0.284356605	0.001831666	0.000258757	-5.165719018	25.61224625	3.58710789266449	2.73715371602915
RRAS	0.441993946	0.001831666	0.000258972	5.165204737	22.42640384	3.58674718921161	2.73715371602915
PLA2G15	-1.14494197	0.001831666	0.000259188	-5.16468859	18.33788483	3.58638510949289	2.73715371602915
ZNF180	0.901826083	0.001837802	0.000260316	5.162003648	21.13002809	3.58449913769884	2.73570128018573
TCF3	-0.931068227	0.001838109	0.000260841	-5.160758111	17.45954728	3.58362414348356	2.7356287384913
SLC39A6	1.092244474	0.001838109	0.000260879	5.160667707	20.08641037	3.58356087893422	2.7356287384913
OAS3	-1.49201838	0.001855055	0.000263547	-5.154381223	18.64392667	3.5791419230683	2.73164320958403
MDH1	-0.322558602	0.001864645	0.000265173	-5.150581947	27.54953622	3.57647069801976	2.72940383903834
RUSC1	1.282703765	0.001865204	0.000265516	5.14978309	18.18783105	3.57590930319893	2.72927366185573
TUBB6	-0.333620121	0.001866143	0.000265913	-5.148859537	26.5169957	3.57526043028688	2.7290550799189
RAB3GAP1	0.368855827	0.001867819	0.000266416	5.14769293	24.70299187	3.57443969653233	2.72866521114115
PAQR7	-0.697727837	0.00187328	0.00026746	-5.145278977	19.23780118	3.57274115972959	2.72739730358232
KIF5C	-0.527832376	0.001875576	0.000268053	-5.143911984	23.34765153	3.57177932786731	2.72686533315981
EIF2B4	-0.405687308	0.001888885	0.000270222	-5.138938358	23.88228702	3.56827929598884	2.72379448219767
MYADM	0.479005813	0.001912537	0.000273876	5.13065441	23.08890831	3.56244602369435	2.71839015421858
RHOB	-0.544243391	0.001913191	0.00027424	-5.129835043	22.12781804	3.5618691997569	2.71824167079586
PSMG1	-0.589796217	0.001918359	0.000275252	-5.127564606	23.3230719	3.56026951673111	2.71707011607594
RAB29	1.041415506	0.001927446	0.000276829	5.124045486	21.22500488	3.55778841609294	2.71501778045238
GNL2	-0.474700565	0.001934494	0.000278114	-5.121190535	23.51194226	3.55577714860542	2.71343261294244
SNX9	0.663421067	0.001939332	0.000279084	5.119046767	22.58772387	3.55426506107817	2.71234783639551
AGRN	-0.459895339	0.00194665	0.000280412	-5.116122361	25.36300692	3.55220340503395	2.71071212589785
SRRT	-0.247221143	0.001952539	0.000281537	-5.113658744	26.31080945	3.55046452145247	2.70940028276916
RAPGEF3	0.650708746	0.001978318	0.000285533	5.104983773	20.24348957	3.5443436916574	2.70370389749874
NAT1	-0.936410576	0.001996622	0.000288457	-5.098717924	21.24276585	3.53991891753272	2.69970414787484
PHAX	-0.548665188	0.001999114	0.0002891	-5.097349807	22.82400217	3.53895190832934	2.69916243941902
PAX6	-1.776291656	0.002000064	0.000289696	-5.136609997	20.88438077	3.5380575013096	2.69895610713495
MAN2B1	-0.88193579	0.002000064	0.000290024	-5.095388362	19.56174797	3.53756606197591	2.69895610713495
EEF1G	-0.205720627	0.002000064	0.000290086	-5.09525752	29.00005866	3.53747323041644	2.69895610713495
NDRG1	0.250162729	0.002016596	0.000292768	5.089600597	26.17728389	3.53347639408529	2.69538109858675
POLR1D	-0.852692529	0.002029474	0.000294925	-5.085092774	18.73260591	3.53028841191121	2.6926165081451
COX6B1	-0.487914767	0.002043855	0.000297467	-5.07982423	24.60462488	3.52656120644915	2.68954991819173
USP9X	0.330527013	0.002043855	0.000297593	5.079563918	24.71728632	3.52637728850629	2.68954991819173
ULBP2	1.124424223	0.002044989	0.000298047	5.078627788	19.12295199	3.52571524521515	2.68930902372126
MCM3AP	-0.622728862	0.002048766	0.000298887	-5.076900569	21.78715157	3.52449297405756	2.68850764175112
TPGS1	-0.667620484	0.002050425	0.000299419	-5.07580929	18.55207241	3.52372064442936	2.68815611161514
TPD52	0.48875231	0.002057844	0.000300793	5.072999642	24.07109697	3.52173227478501	2.68658755110278
CDAN1	-0.778114212	0.002080195	0.000304433	-5.065622378	16.96993207	3.51650827259428	2.68189595183796
SETX	-0.67706024	0.002080195	0.000304648	-5.065189648	21.07077323	3.5162016686533	2.68189595183796
MED20	-0.52187549	0.002081172	0.000305086	-5.064310158	21.19874677	3.51557772110964	2.68169202571627
MARK1	1.185301527	0.002083426	0.000305711	5.063055744	19.69382476	3.51468893434112	2.68122192038664
FKBP4	0.245591554	0.002092813	0.000307384	5.05971051	26.94672012	3.51231874221218	2.67926957562516
QPRT	-0.937176415	0.002100012	0.000309003	-5.061814831	22.37733179	3.51003730414435	2.67777822359042
EIF2AK2	-0.374238326	0.002100012	0.000309176	-5.056149271	23.69894428	3.50979422585366	2.67777822359042
NOL3	0.969351098	0.002100012	0.000309594	5.055320911	21.68598888	3.50920746463043	2.67777822359042
CCDC22	-0.336734592	0.002100012	0.000309629	-5.055252501	24.25271025	3.50915836985558	2.67777822359042
SEPTIN7	0.438241926	0.002105693	0.000310764	5.053011112	25.48605054	3.50756929716487	2.6766049466001
ARHGDIA	0.198995026	0.002107718	0.000311361	5.05183598	27.86571603	3.5067357865833	2.67618749556408
VAMP3	0.475480771	0.002110882	0.000312127	5.050331696	22.38075958	3.50566866182544	2.67553604342432
EIF3K	-0.412126524	0.002122304	0.000314115	-5.046443244	24.9885289	3.5029113241501	2.67319240739682
EIF2B2	-0.44564991	0.002143919	0.000317618	-5.039658347	23.93036126	3.4980948932753	2.66879162686992
HTATSF1	-0.425893595	0.00218043	0.000323335	-5.02875014	23.31664583	3.49034728182784	2.66145785125229
GTPBP2	0.744057923	0.00218218	0.000323903	5.027677569	19.20651454	3.48958502952174	2.66110942891608
FGF2	0.9646664	0.002185192	0.000324659	5.026253018	19.22263939	3.48857255337598	2.66051039810905
NPTN	0.333945793	0.002202322	0.000327515	5.020901733	23.69733718	3.4847688047774	2.65711918282135
PON2	-0.608083656	0.002213606	0.000329506	-5.017200716	22.21363869	3.48213667289648	2.65489967670621
LIMS1	-0.332598255	0.002223608	0.000331309	-5.013869101	23.17172973	3.47976676635997	2.6529417721449
SORL1	-0.937666205	0.002235945	0.000333464	-5.009913681	19.7000096	3.47695104464175	2.65053888347357
ZMYM3	-0.746305905	0.0022391	0.000334251	-5.008475218	22.73709836	3.47592728475758	2.64992651004831
PEDS1	-0.521083197	0.002256414	0.000337154	-5.003199436	22.51457336	3.47217168348067	2.6465812143429
RPL30	-0.434859636	0.00226946	0.000339424	-4.999107897	26.69658157	3.46925745282842	2.64407746744079
AKAP9	-0.320894939	0.002295106	0.000343585	-4.991683776	23.8140518	3.46396580455973	2.63919725167269
SPOUT1	-0.918853183	0.002303527	0.000345244	-4.98874812	18.76158303	3.46187386029324	2.63760669294797
TRIP6	-0.727496708	0.002303527	0.000345496	-4.988303508	20.95916583	3.46155697633026	2.63760669294797
TMED7	-0.417044246	0.00230384	0.000345869	-4.987647023	23.5119852	3.46108836175628	2.63754768563509
BAD	0.980303237	0.002322814	0.000349046	4.982079717	18.00780753	3.45711733456027	2.63398556506319
DCAF5	0.99826469	0.002340671	0.00035206	4.976846603	21.00303311	3.4533833153618	2.6306596255711
ARHGEF1	0.356177392	0.002340847	0.000352418	4.976229326	23.12669947	3.45294191779395	2.63062697127869
PPM1B	-0.653021232	0.002344029	0.000353228	-4.974831853	22.2408988	3.45194487767795	2.63003701958993
GALNT3	-0.306354275	0.002344972	0.000353702	-4.974016644	24.51041495	3.45136248446993	2.62986233858561
PCLAF	-1.678109822	0.002374158	0.000359446	-4.986091181	20.5989381	3.44436634495714	2.6244903821612
TUBA4A	-0.327566653	0.002374158	0.000358553	-4.965731882	27.47955516	3.44544663942082	2.6244903821612
TWSG1	-0.779502911	0.002374158	0.000358928	-4.965096386	21.22724505	3.44499266100036	2.6244903821612
PDXDC1	-0.38774055	0.002374158	0.000359413	-4.964276166	24.18334091	3.44440621847313	2.6244903821612
CLIC1	0.288074859	0.002388719	0.000361988	4.959937006	27.35490209	3.44130582620762	2.62183493602957
QTRT2	-0.600599874	0.002399574	0.000363973	-4.956615916	22.44955157	3.43893083169689	2.61986585240124
RPL38	-0.325451243	0.002411826	0.000366498	-4.952417158	26.30916047	3.43592839098556	2.61765402736342
CENPX	-0.793398681	0.002411826	0.000366513	-4.952391885	20.49901311	3.43591061658046	2.61765402736342
KDSR	-0.51467183	0.002411875	0.000366861	-4.951814907	21.34759202	3.43549845446115	2.61764520408453
MICU1	0.470377761	0.002426635	0.00036945	4.947547227	21.61435158	3.43244432910522	2.61499554274797
DCTN4	-0.342095154	0.002436363	0.000371275	-4.944555984	23.41455466	3.43030429323972	2.61325800456458
POM121C	-1.501285993	0.002477845	0.00037799	-4.93368373	18.83014479	3.42251968958676	2.60592586412222
CD46	0.547971131	0.002477845	0.000378552	4.932783111	22.67058929	3.42187445496998	2.60592586412222
FARP1	0.615771836	0.002477845	0.000378647	4.932630698	21.35400045	3.42176547971777	2.60592586412222
TMEM120A	-2.33133904	0.002479714	0.000379283	-4.955880269	17.23202101	3.42103662255333	2.60559840602232
HNRNPA2B1	0.46964269	0.002488457	0.000380972	4.943811986	29.27203375	3.41910694215207	2.60406985937006
PCM1	-0.431483792	0.002504262	0.000383947	-4.924208348	24.86624888	3.41572872145575	2.60132023648323
ULBP3	1.340052619	0.002504262	0.0003841	4.923966161	18.75623758	3.41555569283482	2.60132023648323
GHITM	0.431401075	0.002534041	0.000389026	4.916249475	23.33260863	3.41002137224964	2.59618636264527
GRHL1	-0.750531072	0.002544033	0.000390919	-4.913310414	16.66436142	3.40791322085804	2.59447725952325
MYBBP1A	0.309437693	0.002553766	0.000392776	4.910442994	26.24521942	3.40585505700016	2.59281889938448
NIT1	0.700627463	0.002558587	0.000393879	4.908746144	23.27461894	3.40463717336004	2.59199981106336
BRCC3	-0.715536681	0.002567496	0.000395614	-4.906088236	22.1107827	3.40272834797687	2.5904902243341
STX3	0.442162557	0.002585527	0.000398757	4.901301387	22.76294459	3.39929168002331	2.58745092264156
ZDHHC13	-0.558582779	0.002586621	0.000399292	-4.900491766	23.02469247	3.39870939100942	2.58726720084153
MTPN	0.457646238	0.002608333	0.000403012	4.894886021	25.17818444	3.39468202220581	2.58363696400207
SPTBN1	0.327193127	0.002618537	0.000404959	4.891974234	27.40508918	3.39258894462512	2.58194128512614
ACTG1	-0.80655232	0.00261889	0.000405384	-4.891340993	21.37845427	3.39213339636535	2.58188274265773
LTV1	-0.337291828	0.002638401	0.000408777	-4.886306371	22.65497579	3.38851354793716	2.57865919709434
KIAA1217	-0.431006925	0.002645557	0.00041026	-4.884120262	24.46331597	3.38694082431048	2.57748287691446
GK3P	-0.911922998	0.002657157	0.000412553	-4.880755197	16.94898598	3.38452025043779	2.57558278423509
MACROD1	-0.854615697	0.002657157	0.00041281	-4.880379655	20.66656948	3.38424979080862	2.57558278423509
HNRNPH3	0.499580522	0.002659884	0.000413609	4.879211715	25.41792501	3.3834100197018	2.57513730293976
PKP4	0.522360475	0.002660924	0.000414147	4.878427305	20.51476699	3.38284548023809	2.57496752937645
FASTKD2	0.467122876	0.002662821	0.000414819	4.87744948	22.40058761	3.3821413597898	2.57465802669853
PMS1	-0.85111464	0.002679901	0.000417858	-4.873044867	19.14633718	3.3789712787365	2.57188124923534
YBX2	0.821375152	0.002679973	0.000418628	4.871935647	18.54235608	3.37817172717073	2.57186958134811
COX5B	-0.318188232	0.002679973	0.000418737	-4.871778191	24.34920435	3.37805866273934	2.57186958134811
PFAS	-0.470273046	0.002679973	0.000419006	-4.871390344	23.54304293	3.37777975806417	2.57186958134811
ZNF362	-0.770852692	0.002680262	0.00041943	-4.870780252	19.23819239	3.3773405095681	2.5718227508993
LRP1	0.829126496	0.002710464	0.00042454	4.863480181	22.14021221	3.37208138442858	2.56695635658305
PCK2	0.972144872	0.002724663	0.000427149	4.906388391	23.62735103	3.36942060602814	2.56468720578775
CAMLG	-0.63924297	0.002739949	0.000429933	-4.855874343	19.92225491	3.36659921883306	2.56225752083827
NUDT5	0.31510711	0.002742474	0.000430716	4.854777245	24.58558331	3.36580899500628	2.56185748105865
FOXK2	-0.6448403	0.002753272	0.000432802	-4.851868845	21.15764546	3.36371074100002	2.56015088186353
NUDT2	-0.465177584	0.002779996	0.000437396	-4.845512893	22.98673389	3.35912519291674	2.55595582896652
ATXN10	-0.552953813	0.002782885	0.000438407	-4.84412268	24.5715011	3.35812252013249	2.55550474008972
CDC42EP2	1.472146114	0.002782885	0.000438637	4.843807484	18.93700218	3.35789473741434	2.55550474008972
ECI1	0.299377936	0.002791806	0.000440438	4.841342458	25.2935452	3.3561152181327	2.55411476371963
PRKDC	0.32474038	0.002794598	0.000441273	4.840202352	29.71455137	3.355292644748	2.55368065609175
PCMT1	0.273447132	0.002826947	0.000446781	4.832742818	24.35565676	3.34990530415672	2.54868233364819
ME2	0.55778157	0.002830073	0.000447903	4.831234697	23.74780922	3.34881602869378	2.54820236197101
SRSF6	-0.328303756	0.002830073	0.000448075	-4.831004053	26.95825986	3.3486492865376	2.54820236197101
FAF2	-0.320296824	0.002831533	0.000448706	-4.830157533	24.697337	3.34803812313581	2.54797837253846
PLXNA1	-0.420728569	0.002861044	0.000453949	-4.823177783	22.53124451	3.34299293626784	2.54347546312788
MMAB	-0.646385083	0.002861044	0.000454192	-4.822856199	20.75623614	3.34276051958007	2.54347546312788
EDC4	-0.291236715	0.002877777	0.00045754	-4.818444767	25.634023	3.33957093215513	2.54094286273498
TBC1D5	0.431450275	0.002877777	0.000457662	4.81828514	23.53506076	3.33945514585417	2.54094286273498
D2HGDH	-1.007540998	0.002886437	0.000459447	-4.815947662	19.26954595	3.33776457989289	2.53963791706746
SAFB	-0.388460759	0.00290867	0.000463397	-4.810809171	25.8232758	3.33404678212926	2.53630554836747
DDX23	-0.307565543	0.002916158	0.000465002	-4.808734256	25.86447052	3.33254517918081	2.53518894926037
SELENOM	2.161676515	0.002917983	0.000466531	4.856190452	20.06665433	3.33111949300723	2.5349172426097
STOML2	0.407956509	0.002917983	0.000466117	4.807297239	24.7870066	3.33150505739448	2.5349172426097
USP14	-0.241060879	0.002917983	0.000466205	-4.807184921	26.84616607	3.33142307302744	2.5349172426097
NANS	0.354714575	0.002918384	0.000467007	4.806152743	24.63728528	3.33067660971528	2.53485756435865
ARID5B	-1.112057765	0.002922413	0.000468394	-4.804374775	18.37625294	3.32938867675847	2.53425840888548
DLG1	0.277825523	0.002922413	0.0004687	4.803982289	24.77702841	3.32910504647979	2.53425840888548
SUB1	0.323159022	0.002922413	0.000468892	4.8037376	26.73748117	3.32892717691245	2.53425840888548
PUF60	-0.207728342	0.002927477	0.000470118	-4.802171266	26.54886949	3.32779312011356	2.53350650831788
PCDH11X	-0.806586738	0.002928762	0.000470738	-4.801380357	19.09726905	3.32722074215614	2.53331591895901
CHMP3	-0.389866815	0.002945511	0.000473847	-4.797434394	22.57913267	3.32436186461724	2.53083935105381
P3H1	-0.433871099	0.002961381	0.000476818	-4.793687229	22.59110748	3.32164735823191	2.5285057143422
PLGRKT	1.298559296	0.002966872	0.000478446	4.828164965	22.19989282	3.32016707194237	2.52770119008114
PAIP2B	-1.292551643	0.002966872	0.000478541	-4.791525984	16.85978838	3.32008084720595	2.52770119008114
SNRPF	-0.73370694	0.002972955	0.000479943	-4.789774095	22.24486048	3.3188103381565	2.52681166442426
AK4	0.629709116	0.002980039	0.000481508	4.787824051	23.62901734	3.31739649290706	2.52577805224121
PSMG2	-0.353859729	0.002982474	0.000482323	-4.786810985	23.44876166	3.3166620278668	2.52542333364446
RAB3GAP2	0.293095755	0.002984213	0.000483026	4.785938702	25.31685409	3.31602949170682	2.52517018206288
THEM6	-0.58151958	0.002989597	0.00048432	-4.78433646	22.14057824	3.3148675963875	2.52438735096391
PPP3CA	-0.308768073	0.002992821	0.000485265	-4.783168692	23.18836643	3.31402103127902	2.52391925744547
PMVK	-0.428686948	0.002996334	0.000486258	-4.781944563	24.02303559	3.31313324052017	2.52340977766413
VAT1	0.335902316	0.00300151	0.000487523	4.780390025	24.43102489	3.31200489065784	2.52266020538571
GMPS	-0.244448365	0.00300935	0.000489221	-4.778308023	27.79471486	3.31049490897759	2.52152729905652
CUL4A	-0.350026322	0.003010214	0.000489788	-4.777615835	24.78586367	3.30999185946779	2.52140262875318
DDX31	-0.600267788	0.003028795	0.000493239	-4.773413967	22.62845687	3.30694259141296	2.51873012032237
POLA1	-0.810432705	0.003030573	0.000493957	-4.772543846	19.16479691	3.30631085568269	2.5184752503059
TMED9	-0.330234495	0.0030427	0.000496364	-4.769636396	25.4219137	3.30419972428915	2.5167408655082
CD63	0.357023159	0.003079423	0.00050279	4.761945581	23.63732142	3.2986133685915	2.51153065083438
H6PD	-0.922373718	0.003090838	0.000505312	-4.758954479	21.79196941	3.29644038814233	2.50992375700393
TBCD	-0.304291107	0.003090838	0.000505527	-4.758700333	24.50750662	3.29625564395455	2.50992375700393
NOTCH3	-0.764923222	0.003105611	0.000508638	-4.755035335	20.74972996	3.29359119710206	2.5078529436923
BRF1	-0.928471786	0.003105611	0.000508821	-4.754819457	17.95728575	3.29343497283937	2.5078529436923
TRIM25	0.295134746	0.003117194	0.000511542	4.751634859	25.73844164	3.29111870287184	2.50623616836555
GABPA	-0.425342599	0.003117194	0.000511601	-4.751566101	22.24710181	3.2910686152996	2.50623616836555
POC1A	0.546349509	0.003124779	0.000513287	4.749600622	22.8737317	3.2896397349595	2.50518069271174
FER	-0.824275078	0.003131863	0.000514893	-4.747735014	19.05038925	3.28828301239113	2.50419724394658
LRRC40	-0.605829377	0.003146648	0.000517769	-4.744410407	23.56063247	3.28586395531475	2.50215183675243
NBDY	0.626621262	0.003152652	0.00051964	4.742257119	21.09584749	3.2842974259003	2.50132396544643
METTL5	-0.597975462	0.003152652	0.000519669	-4.742224717	20.57019355	3.2842731895279	2.50132396544643
TRMT5	0.419436929	0.003152652	0.000520094	4.741736602	22.46499402	3.28391815638076	2.50132396544643
ARL3	-0.325673354	0.003224669	0.00053243	-4.727755168	24.23362255	3.2737374819964	2.49151485741663
CPSF3	-0.397637927	0.003244571	0.000536514	-4.723202257	24.15102699	3.27041894090508	2.48884271786188
SEH1L	-0.405396419	0.003244571	0.000536634	-4.723068724	22.89201316	3.27032181480869	2.48884271786188
ORC4	-0.505211932	0.003250538	0.00053808	-4.721464892	22.9550459	3.26915315002944	2.48804475253056
TMX3	0.378591642	0.00325607	0.000539456	4.719943464	22.71826011	3.26804397217937	2.48730626708537
VRK1	-0.331179624	0.003256615	0.000540007	-4.719335662	24.8750948	3.26760061047024	2.48723358109083
SUMO2	0.273665686	0.003257181	0.000540561	4.718724671	26.15999541	3.26715529066796	2.48715810722662
RAC3	0.25472585	0.003279482	0.000545164	4.71367532	25.12489971	3.2634728306025	2.48419474845523
DDAH1	-0.301299347	0.003279482	0.00054519	-4.713647555	25.03930203	3.26345211869329	2.48419474845523
PLCG1	-0.605327194	0.003283207	0.000546273	-4.712465586	23.02633497	3.26259026432303	2.48370173496066
RAP1GDS1	0.266893326	0.003284135	0.000547277	4.711372091	23.5978291	3.26179280324243	2.48357899876636
RNPS1	0.481658424	0.003284135	0.000547356	4.711286735	22.33923144	3.26173011690988	2.48357899876636
TRAFD1	-0.500536333	0.003300682	0.00055058	-4.707790642	21.62969751	3.25917956854638	2.48139631520251
ARNT	-0.938322799	0.00330195	0.000551259	-4.707057957	20.23241732	3.25864430705983	2.48122950735684
CS	0.250290116	0.003302628	0.000551839	4.706432172	26.34560157	3.25818760997088	2.48114034142989
GOLGA5	0.389305875	0.003334971	0.000557714	4.700131611	26.23217879	3.25358845350659	2.47690793823761
TUBB2B	0.445577968	0.003336461	0.00055887	4.70459556	27.98092421	3.25268920257616	2.47671394726572
SMARCA2	0.881481952	0.003336461	0.000558907	4.698861348	21.32367366	3.25266045105267	2.47671394726572
MFN2	0.219965436	0.003338399	0.000559703	4.698014352	27.60823183	3.25204236527488	2.47646175838697
PRKAA1	0.274445293	0.003339562	0.00056037	4.697306097	24.00816349	3.25152512317785	2.47631048931321
HABP2	2.180832188	0.003344062	0.000561953	4.73889037	19.40330804	3.2503000059509	2.47572567919706
ELOVL5	-0.703622117	0.003344062	0.000562071	-4.695504566	19.84637245	3.25020882151168	2.47572567919706
TP53I3	0.382119449	0.003345274	0.000562748	4.694789293	23.20002542	3.24968603980236	2.47556830485741
COMMD1	-0.442655926	0.003350913	0.00056417	-4.69328876	21.72449277	3.24859001137608	2.47483684763784
STK17B	-1.147317927	0.003397985	0.000572841	-4.684225494	19.57968726	3.24196590579007	2.468778542604
CCT3	-0.207680078	0.003397985	0.000573056	-4.684002869	28.03503152	3.24180293596869	2.468778542604
SORD	0.29259782	0.003403271	0.000574428	4.682581929	25.59960278	3.2407643989379	2.4681034669728
SSR4	-0.362304813	0.003407238	0.000575579	-4.681392911	25.15587173	3.2398950596807	2.4675975293389
PAFAH1B1	0.205554389	0.00342154	0.000578479	4.678408999	25.40261113	3.2377124022259	2.46577837845658
ARPC1B	0.205516758	0.003434769	0.000581201	4.675621926	26.56854793	3.23567364713708	2.46410246541629
TBRG4	0.509162643	0.003437262	0.000582109	4.674695708	21.74150558	3.23499568602671	2.46378736317334
CDC37	0.315036065	0.003440676	0.000583174	4.673611217	26.74405087	3.23420184667266	2.46335622189728
DNAH2	-0.737820759	0.003446518	0.000584651	-4.672109632	20.19498888	3.23310330315494	2.46261944899041
ITPK1	-0.514989905	0.003450519	0.000586568	-4.67016752	20.49913074	3.23168163348383	2.46211557684444
PICALM	0.516742162	0.003450519	0.000586757	4.669976392	23.58707958	3.23154172057344	2.46211557684444
RAP1B	0.221390325	0.003450519	0.000586793	4.669939738	25.63201815	3.23151507560501	2.46211557684444
PAWR	0.392129943	0.003473711	0.000591228	4.66547303	24.34536788	3.22824500634946	2.45920631609219
RPS6KA3	0.480539123	0.003482555	0.000593226	4.663472648	23.6059303	3.22677982290144	2.45810201603598
TRIM5	-0.483527146	0.003485653	0.000594246	-4.662453456	20.95011213	3.22603373292124	2.457715849494
DBR1	-0.404234975	0.003487012	0.00059502	-4.661681859	23.69228993	3.22546843638295	2.45754655806572
FANCD2	-0.727993512	0.003487012	0.000595464	-4.661239856	20.15097856	3.22514448955308	2.45754655806572
NDUFAF3	1.131070996	0.003489152	0.000596816	4.665869829	21.53129757	3.22415954240776	2.45728011071143
SLC26A2	1.004032709	0.003489152	0.000596619	4.660090896	20.11450617	3.22430292015974	2.45728011071143
ACP2	0.399104973	0.003514128	0.000602234	4.654538967	22.85938955	3.22023472940187	2.45418242363718
SEC61B	0.2645895	0.003514128	0.000602315	4.65445908	25.38815904	3.22017632106301	2.45418242363718
MRPS22	-0.357194928	0.003514128	0.000602578	-4.654200008	24.33548455	3.21998672837626	2.45418242363718
BCCIP	-0.301445096	0.003518879	0.00060389	-4.65291121	24.46193299	3.21904216194786	2.45359566653673
NOL9	-0.399048213	0.003560352	0.000611511	-4.645483005	23.63159171	3.21359572636877	2.44850706267307
NIPSNAP2	-0.467655186	0.003568552	0.000613439	-4.643618733	21.9558819	3.21222861676831	2.44750797043612
CRIPT	-0.871148933	0.003568552	0.000613928	-4.643147081	21.179017	3.21188255888524	2.44750797043612
ANXA3	0.177832755	0.003568961	0.000614503	4.642592872	27.7649327	3.21147599254927	2.4474581977931
CHD3	-0.471622892	0.003571411	0.000615501	-4.641632361	23.71306566	3.210771237137	2.44716016807633
TRIM16	0.405939936	0.003571411	0.000615935	4.64121529	23.88174096	3.21046511678166	2.44716016807633
BLM	-0.471809447	0.003591787	0.000619956	-4.637363217	24.84653176	3.20763913249416	2.44468942575402
CDV3	0.270616208	0.003595494	0.000621105	4.636268263	26.35333677	3.20683497459655	2.44424143164132
SSR1	0.293347878	0.003610076	0.000624134	4.633389617	24.23638672	3.2047221583738	2.44248365514886
FKBP15	0.507092716	0.003621117	0.000626555	4.631099657	22.04674178	3.20304079993226	2.44115744269652
ZNF638	-0.287451362	0.003642591	0.000630785	-4.627119964	24.42295094	3.20011864269679	2.43858958978331
MGST3	0.593469982	0.003675488	0.000637001	4.621322511	23.68639543	3.19585988588421	2.43468499082821
TSEN34	0.663236201	0.003680447	0.000638381	4.620043657	21.99505688	3.19492004728068	2.43409943191231
PNO1	-0.483745529	0.003699621	0.00064223	-4.616491996	23.01885311	3.19230941142889	2.43184276405173
STAMBP	-0.402367963	0.003712242	0.000644946	-4.613999173	23.74728352	3.19047664642486	2.43036371999659
TNC	0.501352912	0.003738638	0.00065006	4.609334291	24.61358275	3.18704655648587	2.4272865841139
CLUH	-0.358592055	0.003747139	0.000652068	-4.607513393	24.44406189	3.18570711211338	2.42630019646763
PDLIM1	-0.281772439	0.003759593	0.000654767	-4.60507518	25.34210261	3.18391321698009	2.42485916768441
PSD3	-1.030717249	0.003791813	0.000660914	-4.599560195	20.14231311	3.17985504846495	2.42115308881041
BCS1L	0.384247527	0.003793436	0.00066175	4.598814583	22.14100243	3.17930605002661	2.42096723862807
ATP6V1A	0.227731584	0.003793436	0.000662269	4.598351532	26.64179081	3.17896557326963	2.42096723862807
LAMP2	-0.396410643	0.00382158	0.000667723	-4.593513884	24.95363951	3.1754036640525	2.41775704457177
RUVBL1	0.253334371	0.003822476	0.00066842	4.592898791	27.48831272	3.17495056392573	2.41765523269139
TBC1D17	-0.478979647	0.003835056	0.000671162	-4.59048471	21.41241669	3.17317264046525	2.41622829004266
CYCS	0.275086314	0.003837654	0.000672159	4.589609491	26.72995192	3.17252798192428	2.41593418349957
RIOK2	-0.536966029	0.003838296	0.000672814	-4.589035118	21.21605702	3.17210498026085	2.41586153658081
SCOC	-0.794133246	0.003852626	0.000676345	-4.585949329	21.6692212	3.16983171622463	2.41424314879127
TRIP13	0.231711273	0.003852626	0.000676415	4.585888446	24.92763756	3.16978677016803	2.41424314879127
EIF3I	-0.199738733	0.003870406	0.000680084	-4.58270033	26.38305374	3.16743744246517	2.41224347572753
SLC25A46	-0.481033963	0.003870406	0.000680631	-4.582226823	20.67720798	3.16708827442572	2.41224347572753
CCDC97	-0.541958431	0.003886899	0.000684081	-4.579248117	20.65918522	3.16489247171512	2.41039674424462
LUC7L2	-0.487729415	0.003895294	0.000686109	-4.582863507	25.85127226	3.16360688380039	2.40945975807894
YTHDC2	-1.325676624	0.00389881	0.00068728	-4.581856939	20.52067156	3.16286629397253	2.40906792869048
PODXL	0.488769829	0.003925883	0.000692607	4.571953463	23.68886166	3.15951312346226	2.40606264747965
NAGK	-0.239680477	0.003938289	0.000695727	-4.569307372	25.38714992	3.1575611420736	2.40469241757829
SASH1	-0.651320822	0.003938289	0.000696542	-4.570606949	23.45355735	3.15705269141762	2.40469241757829
ANK3	-0.337151332	0.003938289	0.000696475	-4.568674892	23.18403445	3.1570944679793	2.40469241757829
ACADVL	0.221948914	0.003938289	0.000697023	4.568212272	25.96236548	3.15675289104363	2.40469241757829
PIGO	-0.609772131	0.003951946	0.000699998	-4.565705065	20.00049652	3.15490320082889	2.40318899831069
RTN1	0.933036703	0.003973543	0.000704386	4.56202882	17.34772482	3.15218928442419	2.40082208287065
BZW1	-0.344047327	0.003981505	0.00070636	-4.56038229	26.92584852	3.15097390211329	2.39995273454754
SLC9A3R2	0.529156868	0.003984827	0.000707512	4.559423296	23.80306104	3.15026618974065	2.39959052861574
CEP76	-0.967269888	0.003988939	0.000708806	-4.558348557	20.40488075	3.14947261482887	2.39914260499524
SQLE	-1.408912195	0.003989053	0.00070939	-4.557864072	18.12995179	3.14911493790443	2.39913019345837
IFT172	-0.345273948	0.003996227	0.000711231	-4.556340082	24.34637355	3.1479893222916	2.39834985026404
PPIL4	1.083441588	0.003996589	0.000711861	4.557795291	21.18842328	3.14760479965852	2.39831051128699
MRPL42	0.648208177	0.004006648	0.000714219	4.570993651	24.45930256	3.14616860067726	2.39721881039301
MRPL45	-0.305572007	0.004035618	0.000720185	-4.548985076	23.23992288	3.14255592834806	2.39408994955695
RAB1B	0.247954813	0.004035618	0.000720524	4.548708813	25.44069754	3.14235154865433	2.39408994955695
TBCEL	0.440087822	0.004046836	0.000723099	4.546612392	20.88898025	3.1408022390674	2.39288439524723
PHF2	-0.566769867	0.004047977	0.000723875	-4.545982031	20.80062292	3.14033642205857	2.39276196375755
PSMD1	-0.222686362	0.004058602	0.000726349	-4.543977761	26.62426591	3.13885465704775	2.39162353495485
ABHD11	-0.532049317	0.004062763	0.000727784	-4.542817639	21.55551513	3.13799749641136	2.3911785113665
PPP4C	-0.407407821	0.004062763	0.000728242	-4.542448433	23.73380267	3.137724277555	2.3911785113665
PEA15	0.292388281	0.004077443	0.00073145	4.539866909	26.52029054	3.13581535575365	2.38961210139952
GYS1	0.775660805	0.004116379	0.000739016	4.53382393	22.52522077	3.13134615884944	2.38548464604978
VASP	0.275451163	0.004135078	0.000742958	4.530701662	24.3705383	3.1290357365541	2.38351629393487
TMSB10	-0.846983852	0.004143086	0.000744982	-4.636242269	26.11376993	3.12785422039951	2.38267605175172
SLU7	-0.53518835	0.004156294	0.000748109	-4.526647254	21.91733266	3.12603512051821	2.38129373973332
HSPE1	0.252858505	0.004156294	0.000748532	4.526315286	28.61474876	3.12578962868585	2.38129373973332
RPL37A	-0.623575722	0.004162044	0.000750169	-4.530614207	24.17183651	3.12484088660906	2.38069333285668
SLC35B2	-0.654270086	0.004162044	0.000750745	-4.524583916	22.19315896	3.12450755154275	2.38069333285668
METAP2	-0.961293468	0.00418315	0.000756773	-4.52089409	21.62329416	3.12103437100397	2.37849656214557
XPNPEP1	0.244521505	0.00418315	0.000756602	4.52002542	25.14512436	3.12113251502872	2.37849656214557
SEC22B	0.24618838	0.00418315	0.000756906	4.519790291	25.69705089	3.12095805209324	2.37849656214557
SSUH2	-0.511197704	0.00418315	0.000756917	-4.519781518	22.2484916	3.12095174060332	2.37849656214557
SNX5	-0.289372675	0.004192365	0.000759177	-4.518033255	24.38605996	3.11965695775199	2.37754091338473
ARL8A	0.331979464	0.004223549	0.000765798	4.512943126	23.46374756	3.11588577221411	2.37432246293365
ADPGK	-0.287654415	0.004223549	0.000766018	-4.51277445	23.96661247	3.11576102513394	2.37432246293365
HIP1	-0.709812426	0.004242551	0.000770064	-4.5096873	20.83889311	3.11347317912389	2.3723729282948
TSC1	0.436143407	0.004245768	0.000771249	4.508786998	23.47046674	3.11280538606374	2.37204374052154
LASP1	0.40164572	0.004274137	0.000777345	4.504174656	26.83491487	3.10938619053972	2.36915156139739
TSC22D4	0.688483174	0.004274137	0.00077761	4.503974797	19.68279252	3.10923816305491	2.36915156139739
SDF2	0.495058157	0.004284432	0.000780089	4.502110918	23.89558559	3.10785584602247	2.36810674564662
SH3GLB1	0.424977065	0.004293612	0.000782367	4.50040321	23.23710397	3.10658947624212	2.36717720393154
DNAL1	-0.919271332	0.004296868	0.000783568	-4.49950524	19.34527006	3.10592330839348	2.36684798765939
SFN	-0.453034555	0.004317053	0.000788352	-4.495942055	23.66431448	3.10327982626188	2.36481261952389
LHFPL2	0.904030012	0.004317053	0.000788469	4.495854658	17.72684354	3.10321537702575	2.36481261952389
GIT1	-0.716640862	0.004325085	0.000790548	-4.511689419	24.06255747	3.10207175570994	2.36400535301576
PIP4K2A	1.881081979	0.004364277	0.000798897	4.505486725	17.98678683	3.09750920969118	2.36008769260393
ASMTL	-0.336605031	0.004364277	0.000798945	-4.48813122	24.9828618	3.09748311682951	2.36008769260393
GTF3C2	-0.53534101	0.004444746	0.000814305	-4.476996365	21.40764642	3.08921289854163	2.35215305223038
CCNA2	-0.629077267	0.004457599	0.000817597	-4.474638278	19.76154251	3.08746071075857	2.35089900268401
TTC1	-0.287210532	0.004457599	0.00081792	-4.474407474	25.11014534	3.08728917219373	2.35089900268401
PACSIN2	-0.291642965	0.00446564	0.000820326	-4.472691058	24.68320371	3.08601352339041	2.35011629073956
SRPK1	-0.313482239	0.00446564	0.000820658	-4.472454734	24.82798826	3.0858377925241	2.35011629073956
R3HDM4	-1.241004694	0.004513482	0.000830088	-4.465780566	18.450903	3.08087586438472	2.34548828518967
PECR	-1.351864303	0.004529914	0.00083375	-4.467730927	19.9727031	3.07896415307539	2.34391004294964
THOC7	-0.557161273	0.004561761	0.000840256	-4.458671624	21.75155738	3.07558837768909	2.34086747204056
MARK2	-0.289290352	0.004613441	0.000850428	-4.451650064	23.6934282	3.07036244927814	2.33597502908731
NUP85	-0.389593978	0.004614066	0.000851762	-4.450735845	24.49882409	3.06968173918413	2.33591619758458
RMI1	-0.650079194	0.004614066	0.000851848	-4.450677063	17.6291884	3.06963789191219	2.33591619758458
RFC5	-0.333340356	0.004632723	0.000856038	-4.447814821	23.22801075	3.06750695632283	2.33416366637744
COX20	-0.422789277	0.004632723	0.000856602	-4.447430797	22.15412976	3.06722091594464	2.33416366637744
KMT2B	-0.741713425	0.00465595	0.000861555	-4.444068727	19.58204506	3.06471699281367	2.33199169219852
HNRNPA3	0.485216065	0.004691382	0.000868774	4.456085473	27.600256	3.06109318479194	2.32869920279413
LAS1L	-0.461784052	0.00469364	0.000869856	-4.438478842	24.51426635	3.06055263655559	2.32849022364436
BCL2L1	0.36363022	0.004697358	0.000871209	4.437573063	23.05995121	3.05987764676221	2.3281463396465
PUM2	-0.984506048	0.004716734	0.000875993	-4.434381922	20.96566897	3.05749936423548	2.32635861508132
LZIC	-0.319828368	0.004716734	0.000876136	-4.434286857	24.88566475	3.05742847435117	2.32635861508132
TM9SF2	-0.386622331	0.004780019	0.000888567	-4.426080845	23.97581797	3.05130981981902	2.32057037711617
NUDT18	-0.866668929	0.00478599	0.000890354	-4.424911357	17.01138196	3.05043728585015	2.32002821315036
BCAT2	0.352930701	0.004795422	0.000893086	4.423127555	23.87679252	3.0491067185727	2.31917316863782
COX15	0.349294029	0.004795422	0.000893464	4.42288093	23.11122059	3.04892294166569	2.31917316863782
NAAA	2.224174895	0.004806561	0.000898258	4.458079488	18.22675803	3.04659890622419	2.31816554169159
ZFPL1	-0.675712735	0.004806561	0.00089682	-4.420698856	22.82691372	3.04729471509553	2.31816554169159
COLGALT1	0.336633377	0.004806561	0.000897215	4.420442706	23.90696717	3.04710347431915	2.31816554169159
RPL10A	-0.241013083	0.004806561	0.000897963	-4.419957507	28.14530172	3.0467415577947	2.31816554169159
RBM4	-0.30956772	0.004823928	0.000902185	-4.417227719	25.40944646	3.04470439788937	2.31659918292347
CERS2	-0.241896019	0.004829787	0.000903963	-4.416081756	24.43386021	3.04384934521566	2.3160720217877
ZFYVE26	-0.515427583	0.004830916	0.000904858	-4.415506479	20.29601386	3.04341956958499	2.31597051396321
SET	-0.319770097	0.004839944	0.000907439	-4.413849163	27.92616247	3.04218255951918	2.31515966327949
PPP1R10	0.414584915	0.004839944	0.000908261	4.413322736	24.15413855	3.04178933366853	2.31515966327949
PHKG2	0.580448509	0.004839944	0.000908601	4.413104515	20.09180007	3.04162678953962	2.31515966327949
RBP1	-0.596489076	0.004840023	0.0009093	-4.42930299	25.29874878	3.04129280891272	2.3151525745644
TRIP11	-0.45226254	0.004843664	0.000910669	-4.411782211	24.12450444	3.04063944695121	2.31482599104655
ATP1A1	0.28603531	0.004862655	0.000914927	4.409069186	27.59469128	3.03861355594658	2.31312654205249
C8orf33	0.701898342	0.004878451	0.000918589	4.406746616	22.17192621	3.03687875951455	2.31171805278051
ZBTB1	-0.71272325	0.004880772	0.000920252	-4.405695054	18.86677298	3.03609323002037	2.31151147946797
MKI67	-0.425991746	0.004880772	0.000920406	-4.405597715	25.89915251	3.03602055888823	2.31151147946797
GOLGB1	-0.32283378	0.00490397	0.000925474	-4.402405596	25.75486205	3.03363577768378	2.30945219527478
PPP4R3B	-0.499682864	0.004910964	0.000927488	-4.401142049	19.64782559	3.03269170065361	2.3088332494682
KCTD21	-0.292925975	0.00491251	0.000928474	-4.400524189	22.80550307	3.03223025327544	2.3086965525574
DCTN3	-0.274674011	0.004919942	0.000930574	-4.3992111	23.97623926	3.0312490857102	2.30804001699451
RABGAP1L	-0.399338375	0.004942943	0.000935624	-4.396066857	21.68049136	3.02889864648892	2.30601439761695
PTPN14	-0.809006048	0.004947967	0.000937274	-4.395042978	20.67308863	3.02813343014448	2.30557320551941
HDAC11	0.877337143	0.004983037	0.000944622	4.390507268	18.35889534	3.02474194403632	2.30250588809762
MTCH2	0.352994419	0.005001284	0.000948788	4.387951881	25.23243731	3.02283081677781	2.30091848315862
GSTZ1	-0.430668819	0.005001854	0.000949603	-4.387453164	22.50432748	3.02245792202168	2.30086898911886
TFAP2C	-0.772244704	0.005017901	0.000953359	-4.385161477	17.24390557	3.02074352920427	2.2994779112912
PFKP	0.176933471	0.005022052	0.000954857	4.384249642	26.13091968	3.02006166376814	2.29911879477002
ENO2	0.400958886	0.005047148	0.000960342	4.380925121	23.882575	3.01757407710375	2.29695396004917
PSMD5	-0.229494155	0.005067704	0.00096497	-4.378135586	27.02675602	3.01548618824893	2.29518875979508
PYCR1	0.406726624	0.005099829	0.000971808	4.374039011	24.31461239	3.01241953011192	2.2924443857847
EMD	-0.29465113	0.005107496	0.000973991	-4.372737474	24.61815657	3.01144505612795	2.29179196481859
SCRN1	0.375384653	0.005108269	0.0009752	4.372018091	24.93666163	3.01090630738967	2.29172624098192
THADA	-0.803785087	0.005108269	0.000975583	-4.371790566	21.11162574	3.01073577608127	2.29172624098192
TTK	-0.411786302	0.005110192	0.000976672	-4.371143182	22.47250247	3.01025126279807	2.29156278225784
CBX8	-0.476594255	0.00513018	0.000981218	-4.368450727	20.41552462	3.00823449345692	2.28986739675264
GNB2	-0.484069108	0.005167164	0.000989022	-4.374955365	26.53874435	3.00479404776345	2.28674775421499
S100A13	0.443089099	0.005226656	0.001001887	4.361973094	27.04185324	2.99918125855249	2.28177608268742
JAG1	-0.52797214	0.005226656	0.001001384	-4.356659664	23.06789131	2.99939935198966	2.28177608268742
DDX19A	-0.315120066	0.005227158	0.001002722	-4.355886617	24.84012234	2.99881945641216	2.28173437239296
ACO1	0.230596142	0.005232213	0.001004431	4.354899959	24.67847371	2.99807989201529	2.28131458447704
SSX2IP	-0.766850008	0.005240366	0.001006737	-4.35357176	18.27164775	2.99708396973118	2.28063837976638
RAD54B	-1.184499565	0.005245455	0.001008456	-4.352583506	17.07756063	2.99634304576462	2.28021683436866
OSGEPL1	-0.52863595	0.005253081	0.001011282	-4.350962864	21.76494609	2.99512772278037	2.27958590253178
SHMT1	-0.306831587	0.005253081	0.001011407	-4.350891222	25.2916161	2.99507404491857	2.27958590253178
ENPP5	0.905044845	0.005257667	0.001013034	4.349960863	16.96413057	2.99437597836668	2.2792069238672
TFAM	0.294908594	0.005276157	0.001017342	4.347503656	24.41748721	2.99253302569618	2.27768228984683
MTUS1	-0.526728985	0.005310922	0.001024796	-4.343277817	20.98180445	2.98936257840517	2.27483007689349
TKT	-0.244657908	0.005378977	0.001038689	-4.335486955	28.97093275	2.98351446765191	2.26930031271656
CDCA2	-0.535657662	0.00538682	0.001042811	-4.333195679	19.82539526	2.98179439636245	2.26866753611412
CLU	-0.698114876	0.00538682	0.001043025	-4.333077537	21.75442649	2.98170528195513	2.26866753611412
CTSZ	0.463600761	0.00538682	0.001043151	4.33300753	24.6479782	2.98165282127608	2.26866753611412
TRIM38	-0.713138082	0.00538682	0.001043249	-4.332953126	18.98178758	2.9816120229064	2.26866753611412
RPL3	-0.227264368	0.00539416	0.001045574	-4.331665698	28.54660225	2.98064522477422	2.26807617577587
SHB	0.724978215	0.00539416	0.001046196	4.331321976	18.05334967	2.98038694477623	2.26807617577587
RMND1	0.439173638	0.005413223	0.001051514	4.328390023	22.49582821	2.97818494068354	2.26654408159643
RIN1	0.855056824	0.005413223	0.001051788	4.328239558	19.76790088	2.97807178842227	2.26654408159643
TFRC	-0.162552474	0.005413223	0.001052551	-4.327820524	27.66599793	2.97775685180396	2.26654408159643
MAP1LC3A	0.496296454	0.005413223	0.001052954	4.327599127	21.31471165	2.97759060125757	2.26654408159643
DPY19L1	-0.569874763	0.005421193	0.00105527	-4.326328649	19.92090562	2.97663640813131	2.26590513111768
DPP3	-0.237808838	0.005428737	0.001057506	-4.325105237	26.57357998	2.97571715987774	2.26530119761775
P4HA1	-0.402604045	0.005441119	0.001060687	-4.323369179	22.96111686	2.97441275391901	2.26431177575221
RCC2	-0.222435668	0.005442031	0.001061635	-4.322853332	26.02080783	2.97402477208004	2.26423898863296
CD59	0.461880335	0.005460536	0.001066016	4.322218169	25.3301991	2.97223627686708	2.26276472535073
ZMYND8	-0.9467514	0.005479424	0.001070478	-4.31805995	21.38254326	2.97042225370983	2.26126509238593
PPP2R2A	-0.342776652	0.005483742	0.001072097	-4.317186954	23.48229643	2.96976591925244	2.26092298616045
UBE2D1	-0.429196111	0.005498442	0.001075748	-4.315223029	21.28829785	2.96828945267257	2.25976035171602
DCAF7	-0.41138635	0.005524263	0.001081581	-4.312100155	22.78364874	2.96594095053302	2.25772565363978
TPM4	0.278225405	0.005538083	0.001085569	4.309975032	29.00576656	2.96434256708116	2.25664053971145
ASCC2	-0.336035614	0.005538083	0.001085853	-4.30982422	25.14350656	2.96422896444329	2.25664053971145
RPL26L1	-1.491116483	0.005567304	0.001092369	-4.311339372	19.51238159	2.96163063306542	2.25435506360094
HYOU1	0.167733801	0.00558469	0.00109657	4.304154696	27.22524152	2.95996363973348	2.25300092908838
NUDCD2	-0.581319991	0.00561309	0.00110294	-4.30081219	22.48792115	2.95744811256223	2.25079799426883
ACSS3	-0.705796244	0.005644677	0.001109944	-4.297159799	21.44792765	2.9546989321183	2.24836090424939
NUP133	-0.299100116	0.005649085	0.00111161	-4.296295007	24.50045285	2.95404755498095	2.24802189052244
NT5C3A	0.420808761	0.005660402	0.001114637	4.294726437	21.12017155	2.95286654478141	2.2471527242566
LYPLA1	0.299775336	0.005680543	0.001119406	4.292264192	25.20854657	2.9510123696109	2.2456101483326
LRRC47	0.236563217	0.005689335	0.001121943	4.290958904	26.36540381	2.95002920672896	2.24493849330763
PBDC1	-0.378930622	0.005721356	0.001129066	-4.287309993	24.86128418	2.94728067047714	2.24250102828304
CENPE	-0.576633808	0.005723094	0.001130218	-4.286722132	18.24858722	2.9468377803522	2.2423691208842
GUCY1B1	-1.716012968	0.005736008	0.001133579	-4.300546961	19.38046809	2.94554820816338	2.2413902516301
RAB12	-0.308875653	0.00574524	0.001136216	-4.283671572	23.29980424	2.94453909935485	2.24069182450423
PPCS	0.358852089	0.005776262	0.001143167	4.280156804	24.47385218	2.94189032089025	2.23835311623937
ZZEF1	0.579520098	0.00584663	0.00115792	4.272770699	21.46501907	2.93632144471802	2.23309438932378
SLC52A2	0.579081797	0.005900068	0.001169338	4.267121441	20.20407985	2.93205993681283	2.22914298295877
SNX18	0.662017683	0.005908933	0.00117193	4.265846846	22.09462012	2.93109832818281	2.22849093435529
BCL2L11	-0.738199649	0.005911055	0.001173186	-4.26523007	17.18185483	2.93063312823412	2.22833499969605
MCM3	-0.284925055	0.005938802	0.001180327	-4.261737852	25.7985651	2.92799765826861	2.2263011538846
NACA	-0.282197393	0.005938802	0.001180373	-4.26171576	27.09015262	2.9279807331649	2.2263011538846
NFAT5	0.741594016	0.005940678	0.001181585	4.261124935	17.6874443	2.92753503094812	2.22616398686132
MAPRE2	-0.735032882	0.005942606	0.001182809	-4.260529407	18.80010873	2.92708537958431	2.22602306289309
TXNDC9	-0.635901427	0.006001388	0.001195357	-4.256408741	23.28240787	2.92250237088698	2.22174829444508
VAMP8	0.262180483	0.006033761	0.001202658	4.250957229	24.40936095	2.91985785547759	2.21941189642103
SDSL	0.422671352	0.006052885	0.001207325	4.248730226	23.48482258	2.91817580636711	2.21803757725875
UBR4	0.303911534	0.006054048	0.001208413	4.248212457	25.81921356	2.91778461127206	2.21795414002753
TOR1AIP1	0.483396345	0.006071865	0.001212828	4.246116259	23.59281689	2.91620078524012	2.21667789297668
TRAF2	-0.381292307	0.006100637	0.001219437	-4.242992698	22.91562128	2.91384063180709	2.21462481562178
C1orf131	1.258372274	0.006101878	0.001220548	4.242469464	18.21686805	2.91344513658664	2.21453647982315
BCL2L13	0.637773213	0.006136876	0.001228508	4.238734511	22.62434219	2.91062201106461	2.21205265186025
NAGA	-0.724851835	0.006136876	0.001229284	-4.238371932	20.50162042	2.91034777099128	2.21205265186025
STRN3	-0.442341948	0.006138005	0.001231352	-4.237406103	21.93609432	2.90961777988327	2.2119727621291
HNRNPU	-0.253195545	0.006138005	0.001231999	-4.237104619	29.0548069	2.90938964468349	2.2119727621291
HEATR1	-0.294059897	0.006138005	0.001232113	-4.237051266	24.12847829	2.90934946016998	2.2119727621291
SAPCD2	-0.818425404	0.006164619	0.001238327	-4.234161885	19.51358819	2.90716465778491	2.21009375950795
TSPO	0.519457652	0.006184845	0.001243264	4.231876823	22.83225829	2.90543664161634	2.2086711798648
HNRNPA1	-0.245777793	0.006208837	0.001248965	-4.229250151	29.1047941	2.90344973177786	2.20698974149558
HS2ST1	-0.935122272	0.006216261	0.001251337	-4.22816074	19.91079997	2.90262571386313	2.20647075925217
ALG2	-0.283990656	0.006240095	0.001257017	-4.225561104	23.01736998	2.90065884884048	2.20480879851281
ACOT8	0.559890331	0.006274862	0.001264907	4.221969836	23.31985769	2.8979414040309	2.20239582097004
ZNF512	-0.846233238	0.006275536	0.001266876	-4.221077527	20.70412923	2.89726589115537	2.20234917472327
DGKA	1.078586531	0.006275536	0.001267423	4.22082979	19.98502804	2.89707841597167	2.20234917472327
DCUN1D3	0.577703906	0.006275536	0.001267704	4.220702342	17.93076427	2.8969821393355	2.20234917472327
RRAGB	0.389225471	0.006321251	0.001277833	4.216136943	21.79824998	2.89352590041671	2.19919696465551
JAK1	-0.587217346	0.006345634	0.001283659	-4.213527922	19.99988507	2.89155032991747	2.19752498051236
GEMIN2	-0.356022781	0.006350451	0.001285531	-4.212692066	22.25694558	2.89091744607938	2.1971954306362
ETHE1	-0.590784648	0.006381619	0.001292743	-4.20948438	23.15537108	2.88848780518583	2.19506912792955
BMI1	-1.15393243	0.006409164	0.001299228	-4.206615346	18.84595094	2.88631462840889	2.19319861538991
CHCHD1	-0.540403703	0.006455043	0.00131021	-4.201791192	20.1605428	2.88265909019774	2.19010086035333
LXN	0.40651868	0.006455043	0.001310354	4.201728431	23.174859	2.88261136123141	2.19010086035333
TBC1D10B	-0.617376064	0.006456291	0.00131152	-4.201218703	20.5080694	2.88222508225746	2.19001690318591
HDAC7	-0.173298953	0.006467997	0.001314812	-4.199782155	25.85711451	2.88113634086209	2.18923019020097
DHRS7	-0.222279673	0.006470552	0.001316246	-4.199157552	26.03569113	2.88066293560176	2.18905866827596
WNK2	-1.602930931	0.006472293	0.001317515	-4.205349189	18.02173375	2.88024443161436	2.18894183048681
RPS3	-0.249438627	0.00648805	0.00132164	-4.196814746	29.07868592	2.8788868257165	2.18788581190411
KCTD18	-0.791249345	0.006494596	0.001323891	-4.195839679	17.25901043	2.87814777021899	2.18744785928344
PRPF31	-0.293907066	0.006496919	0.001325283	-4.19523777	24.02337761	2.87769137288575	2.18729254774476
ZFP64	1.035824155	0.006512604	0.001329404	4.193459862	19.3050568	2.87634301882552	2.18624532837334
NMU	0.573411891	0.006562059	0.001340426	4.188731511	19.74309099	2.87275715682377	2.18295986915582
TJP1	-0.305115573	0.006583733	0.001345784	-4.186447673	25.16264715	2.87102463932141	2.18152779003423
SIPA1	0.53544483	0.006584918	0.001346957	4.18594893	22.15025754	2.87064626839045	2.18144962880687
GCDH	0.366816982	0.006594762	0.001349903	4.184698424	22.29449562	2.86969743748889	2.18080087319598
KEAP1	-0.498710937	0.006603149	0.001352553	-4.183575817	21.05062733	2.86884570799103	2.1802489027652
OGA	-0.303805273	0.00663047	0.001359087	-4.180818063	24.00060283	2.86675274164089	2.17845568559645
TNXA	0.237789985	0.006680459	0.001370278	4.176126254	23.76797244	2.86319131487426	2.17519369705756
CALM3	0.213122558	0.006691529	0.001373495	4.174785023	29.40849809	2.86217291722366	2.17447463553687
UPP1	0.429842291	0.006721824	0.001380663	4.171807788	21.76059129	2.85991231352912	2.17251286301047
WDR5	-0.326209089	0.006724978	0.001382856	-4.1709002	22.99588776	2.85922304162707	2.17230913206819
DAD1	-0.290572539	0.006724978	0.001384432	-4.17024881	24.16252473	2.85872837090434	2.17230913206819
GEN1	-0.658884151	0.006724978	0.001385041	-4.169997442	17.48815249	2.85853737041888	2.17230913206819
RETSAT	-0.296640662	0.006724978	0.001385113	-4.16996744	23.22612862	2.85851479463233	2.17230913206819
TFIP11	-0.473203385	0.006731572	0.001387423	-4.169014699	22.58086991	2.85779111026153	2.17188350469076
SCAMP3	0.321435439	0.00678613	0.001399627	4.1640081	24.54777298	2.85398768819691	2.16837782495293
RRP15	0.498893819	0.006822668	0.001408128	4.160547545	21.86464589	2.85135786567187	2.16604576154672
SMC1A	-0.219758884	0.006828284	0.001410252	-4.159686132	26.40768275	2.85070327569167	2.16568842413202
AGPAT5	1.286147451	0.006927376	0.001431697	4.152652765	19.66030849	2.84414888506714	2.15943123934548
MED14	-0.593222248	0.006930445	0.001433311	-4.150421362	21.46108763	2.84365956610682	2.15923887868693
RPL22	-0.374758895	0.006932183	0.001435393	-4.149592553	26.98280928	2.84302917602817	2.15912998103585
FERMT2	0.306901327	0.006932183	0.00143563	4.14949809	24.35926053	2.84295747490112	2.15912998103585
SLC1A5	0.441110532	0.006965445	0.001443503	4.146375372	25.07763984	2.84058230919781	2.15705113266846
IRF2BP2	-0.296710231	0.006973386	0.001446993	-4.144996748	23.71380312	2.83953356982687	2.15655629449245
SORBS3	0.417573033	0.006973386	0.001447121	4.144946569	23.65694536	2.83949515413646	2.15655629449245
LYN	2.521614359	0.007028214	0.001459637	4.212095307	18.05097594	2.8357551363377	2.15315502327177
DHX37	-0.647827657	0.007028214	0.001461418	-4.139335435	21.1375731	2.83522554783757	2.15315502327177
NELFCD	-0.346295583	0.007028214	0.001461479	-4.13931146	23.61026921	2.83520742064157	2.15315502327177
CYP4F11	-0.589082725	0.007037644	0.001464435	-4.138158517	21.05031152	2.83432990002731	2.15257270577959
RAB18	-0.256039251	0.007040854	0.001466098	-4.137510813	26.27227257	2.83383699870122	2.15237466117127
MAP4K4	-0.500075603	0.007066074	0.001472349	-4.135083668	22.7717775	2.8319892342858	2.1508218186952
FHL1	1.715004712	0.007074993	0.001475207	4.148250571	19.26496025	2.8311470355162	2.15027398549454
RSF1	0.449606257	0.007094479	0.001480273	4.136236165	25.73036272	2.82965818226725	2.14907949248743
DDX49	-0.660999602	0.00710105	0.001482648	-4.131107439	21.66235739	2.82896194391636	2.14867742938088
C11orf98	-0.361988482	0.007138364	0.001491448	-4.127732724	22.04148885	2.82639188390885	2.14640131023846
VPS25	0.795481759	0.007163642	0.001498755	4.131413384	22.64940965	2.82426935503986	2.14486612596502
CEP290	-0.646656312	0.007163642	0.001497769	-4.125321128	22.2970242	2.82455516244511	2.14486612596502
CHAF1B	-0.513473225	0.007167421	0.001500558	-4.124260536	22.13843818	2.8237472134393	2.14463708519043
ANKMY2	-0.441772862	0.007208458	0.001510169	-4.120621442	20.51312553	2.82097444895815	2.14215762761256
PACSIN3	0.349801378	0.007210646	0.001512647	4.119686851	24.15001343	2.82026240960993	2.14202582520186
DLST	0.220983124	0.007210646	0.001512666	4.119679913	26.87151468	2.82025695457426	2.14202582520186
RBM6	-0.323872905	0.007220606	0.001515776	-4.118509399	23.65481297	2.81936497360615	2.14142635209633
TRMT6	-0.238973247	0.007227898	0.00151845	-4.11750485	23.32981633	2.8185995040958	2.14098798482579
EML4	-0.216371163	0.007227898	0.00151935	-4.117167276	24.99860258	2.81834216981102	2.14098798482579
MRPS35	-0.345451384	0.007241275	0.001523186	-4.11573061	24.39323818	2.81724706065517	2.1401849591187
RBM14	-0.314144388	0.007274205	0.001532004	-4.112442005	26.17721878	2.81474010077674	2.13821446391998
CPE	0.944749534	0.007274205	0.001532169	4.112380599	16.6192544	2.8146933288813	2.13821446391998
PSMC4	-0.211670253	0.00727591	0.001533557	-4.11186491	26.86204749	2.81430007731083	2.1381126816186
NOB1	-0.359097793	0.007309199	0.001541607	-4.108883106	23.62133835	2.8120263263401	2.13613021386847
RDH14	-0.406223109	0.007357157	0.001552762	-4.104777525	22.7075112	2.80889510577029	2.13328997611651
FBXL6	-0.622005936	0.007434295	0.001570093	-4.098459188	19.26143315	2.80407462262859	2.12876020967421
CASTOR2	-0.540318732	0.007454281	0.001575368	-4.096550527	19.7195928	2.80261798047681	2.12759423990936
MMADHC	-0.544100009	0.007462503	0.00157816	-4.095542748	19.37713711	2.80184896843043	2.12711548127186
SUGT1	-0.259410823	0.00752536	0.001592517	-4.090390619	23.87196386	2.79791592290672	2.12347271935222
HELLS	-0.567182441	0.007539931	0.001596666	-4.088910554	21.61851191	2.79678592263895	2.12263262846131
GPD1L	-0.292132482	0.007583647	0.001606996	-4.085243211	25.17526683	2.7939852042448	2.12012189053287
ERG28	-0.426933223	0.007590684	0.00160956	-4.084336636	22.19046737	2.79329282936468	2.1197190878672
ATOX1	-0.72728088	0.007596342	0.001611833	-4.087632175	22.85948486	2.79267995690783	2.11939549083217
TXNDC15	-0.724576603	0.007613698	0.001616592	-4.081857866	18.10371976	2.79139957471751	2.11840435362287
ATRX	0.368906084	0.007630477	0.001621234	4.080228099	22.74218325	2.79015429695011	2.11744831237373
ISYNA1	-0.388155426	0.007668327	0.00163036	-4.077037585	24.26418597	2.78771648838695	2.11529937580603
TMEM115	-0.982413889	0.007688242	0.001635681	-4.075185831	19.31488861	2.78630139103651	2.11417295499475
HYAL2	-1.140552451	0.007693757	0.001637942	-4.074400917	18.82622358	2.78570148079655	2.1138615345909
POLG	0.633921286	0.007700828	0.001640535	4.073501801	19.51417272	2.78501449972187	2.11346257658099
SSNA1	-2.042403132	0.007700969	0.00164267	-4.146827871	20.386592	2.7844496742848	2.11345462484367
IKBKG	-0.633876413	0.007700969	0.001642743	-4.072737763	22.79099929	2.78443037473422	2.11345462484367
CLDND1	0.846921488	0.007759353	0.001656294	4.068070743	21.0264653	2.78086257138877	2.1101744901135
MRPL2	-0.384820548	0.007772469	0.001660521	-4.066623008	23.20569183	2.77975562766785	2.10944100143733
RPL18A	-0.279579383	0.007772469	0.001661291	-4.066359689	26.08896463	2.77955428770216	2.10944100143733
PHKA2	-0.627221587	0.007780934	0.001664978	-4.06510074	19.28918172	2.77859150062116	2.10896826847307
ARF4	0.303264527	0.007780934	0.0016653	4.064990776	26.22788412	2.77850751794848	2.10896826847307
ACTR10	-0.460111777	0.007800914	0.001670689	-4.063156283	21.99028676	2.77710438682377	2.10785450988627
VPS37A	-0.512223574	0.007800914	0.00167255	-4.062523951	21.82068792	2.77662089036162	2.10785450988627
FKBP1A	0.293085609	0.007800914	0.001672885	4.062410428	25.17184367	2.77653391294199	2.10785450988627
CCT6A	-0.216242878	0.00785771	0.001686175	-4.057917839	28.21114193	2.77309735403495	2.10470400348601
ADH5	-0.220933003	0.00786985	0.001690304	-4.056529559	25.89490894	2.77203518080086	2.10403354525124
NR2C2AP	-0.915708418	0.00786985	0.001691005	-4.056294245	19.80063693	2.77185510826908	2.10403354525124
GTF2A1	0.451985779	0.007901609	0.001698947	4.05363527	20.51802502	2.76982016908067	2.10228446457405
CTNNA2	-0.622253765	0.007915869	0.001704251	-4.058065057	23.63330614	2.76846644249931	2.10150140156113
CDC42EP4	0.616296265	0.007915869	0.001703134	4.05223819	22.23806547	2.76875118106197	2.10150140156113
HPCAL1	-0.370034544	0.007922071	0.001707454	-4.050800985	22.16791177	2.76765098768466	2.10116126963558
GNAT1	0.867983408	0.007922071	0.001707826	4.050677409	18.11439704	2.76755637901543	2.10116126963558
ATM	0.719832596	0.00795405	0.001716101	4.047935053	19.64341088	2.76545715561793	2.09941168332039
EHD1	0.340990151	0.00795405	0.001716968	4.047648356	25.02821299	2.76523779892931	2.09941168332039
PEBP1	-0.30642914	0.007968785	0.001722194	-4.045924575	25.86041409	2.76391792815305	2.09860789040065
DNAJA3	0.416950261	0.007968785	0.001722402	4.045856079	22.76015539	2.76386547889494	2.09860789040065
ULK1	0.304979688	0.007988631	0.001728675	4.043794036	22.97570463	2.76228664870055	2.09752763871934
POLE4	-0.334552541	0.007988631	0.00172895	-4.043703904	22.46401049	2.76221756603092	2.09752763871934
ATP11C	-0.682399828	0.007990679	0.001730677	-4.043137845	19.34055336	2.76178397788252	2.09741631537637
CLTB	-0.288943359	0.007990679	0.001733117	-4.042338893	24.07973793	2.76117211775971	2.09741631537637
BPGM	0.452541415	0.007990679	0.00173359	4.042183959	21.23300901	2.76105360685514	2.09741631537637
RCOR3	0.451113976	0.007990679	0.001733912	4.042078787	20.65306423	2.76097294773882	2.09741631537637
SDC2	0.58795912	0.007999301	0.001736914	4.041097984	22.48040842	2.76022168428754	2.0969479611463
PKN1	0.558309692	0.008042491	0.001747939	4.037510238	22.02508011	2.75747372755153	2.09460941642568
GLTP	-0.80438296	0.008042491	0.001749187	-4.037105626	21.44606481	2.75716375900226	2.09460941642568
LMAN2L	-0.259661657	0.008042491	0.001750427	-4.036703979	23.48756392	2.7568559963861	2.09460941642568
EFTUD2	-0.263997118	0.008042491	0.001750839	-4.036570508	27.00701771	2.7567537880264	2.09460941642568
B2M	0.576933605	0.008098875	0.001764259	4.044299185	24.39800178	2.75343765842529	2.09157530398858
IRS2	0.486474572	0.008143483	0.001776622	4.028285686	22.57619923	2.75040496430324	2.08918980590298
ZNF706	-0.541950881	0.008143483	0.001776876	-4.028204686	19.42333436	2.75034287855079	2.08918980590298
TSN	-0.27538409	0.008143483	0.00177743	-4.028028162	25.19650678	2.75020749395254	2.08918980590298
UTP20	0.404881138	0.008166788	0.001784551	4.025762938	24.04978365	2.74847103599519	2.0879487180279
NPRL2	-0.978708922	0.008166788	0.001784825	-4.025675781	16.97459165	2.74840435952946	2.0879487180279
ITSN1	-0.320312315	0.008176287	0.001788057	-4.024651011	22.60373422	2.74761864080246	2.08744387255076
MRPS24	-0.431896949	0.008184546	0.00179102	-4.023713057	20.99955591	2.74689956443509	2.08700540607039
EMX2	-0.735936612	0.008192755	0.001793975	-4.022779492	18.65817015	2.74618361337537	2.08657003229293
DPH7	-0.47511573	0.008210864	0.001799541	-4.0210251	19.93964296	2.74483825411198	2.08561114121313
SNTB2	-0.896029489	0.008210864	0.001800262	-4.020798231	19.95587205	2.74466428552223	2.08561114121313
S100A11	0.302327637	0.008244506	0.001808803	4.018117855	27.58425891	2.74260873036064	2.08383536159635
SNTB1	0.708188016	0.008255495	0.001812381	4.016998912	21.98142994	2.74175049937213	2.08325688129599
PUSL1	0.844539901	0.008265895	0.001815833	4.015921703	19.5833928	2.74092409552501	2.08271011577464
PRCP	-1.032786607	0.008274104	0.001818806	-4.014995518	20.05428556	2.74021362178462	2.08227902461258
ALDH9A1	0.219001988	0.00830338	0.001826415	4.012632231	25.60720135	2.73840053472496	2.08074508635391
HTRA1	0.586602517	0.00833862	0.001835345	4.009871592	17.09493334	2.73628228699062	2.07890581698517
ELAC2	-0.392040017	0.008349471	0.001838914	-4.008772343	24.04055585	2.73543858082108	2.07834103937373
C5orf51	-0.729144613	0.008377435	0.001846257	-4.006517239	21.78509873	2.73370784506897	2.07688893314364
CORO1A	-0.598632902	0.008409185	0.001854443	-4.004014244	22.11807011	2.73178651103632	2.07524609304326
RPL6	-0.240417942	0.00844596	0.001863747	-4.001183302	28.83799843	2.72961304260508	2.07335097972148
MGAT1	-1.122465849	0.008461725	0.001868422	-3.99976628	19.63132042	2.72852502769214	2.07254109303488
NDUFAB1	0.479186613	0.008467506	0.001870895	3.999018069	22.12990654	2.72795058566953	2.07224448694599
INPP4A	0.746232713	0.008508192	0.001881087	3.995945668	20.29884258	2.72559111792853	2.07016271815816
PPFIBP1	0.168687339	0.008509585	0.001882598	3.995491646	27.4125087	2.72524240702557	2.07009161930492
ASH2L	-0.472156413	0.008544762	0.001891588	-3.992798117	23.04145409	2.72317344975828	2.06830002931845
PVR	-0.39803325	0.008581764	0.001900993	-3.989994567	21.6078719	2.72101948232812	2.06642343281279
CRYZL1	0.357922741	0.008582474	0.001902364	3.989587184	22.97045917	2.72070638115961	2.06638750356474
LETM1	0.322712059	0.008611092	0.00190993	3.987343753	25.08879257	2.71898254959564	2.06494177078764
ARPC4	-0.191542868	0.008611092	0.001911142	-3.986985262	25.7387094	2.71870704317769	2.06494177078764
EPPK1	0.515700802	0.008620699	0.00191693	3.994229817	24.91315445	2.71739374584327	2.06445751845196
EMG1	0.532039498	0.008620699	0.001916363	3.985443278	21.87302348	2.71752222283318	2.06445751845196
HMGA2	0.887743044	0.008620699	0.001916653	3.985357827	21.33645845	2.71745650674955	2.06445751845196
NOA1	-0.730098772	0.008650006	0.001924669	-3.982999587	19.89796982	2.71564394866656	2.06298359129056
CAV2	1.038670308	0.008676375	0.001931763	3.98092111	16.6540625	2.71404615644322	2.06166168569067
NDUFS2	-0.271187308	0.00867954	0.001933695	-3.980356466	24.18393098	2.71361202573534	2.06150329103957
OCLN	0.754968429	0.008684475	0.001936022	3.983531687	22.58949855	2.7130897118911	2.06125643069928
RPL7A	-0.199165324	0.008752416	0.001952405	-3.97491754	28.3021336	2.70943008881022	2.05787204861909
RACK1	-0.205374051	0.008754677	0.001954147	-3.974413895	28.23007118	2.70904276974337	2.05775987239097
NUMA1	-0.201698138	0.008800866	0.001965701	-3.971085193	28.01878816	2.70648254139989	2.05547459142747
RPS8	-0.204862602	0.008882407	0.001985169	-3.965521921	26.63815478	2.70220251527708	2.05146933093667
GNPDA2	0.34502507	0.008897368	0.001989834	3.964197159	22.84138435	2.70118315268127	2.05073844640328
PIH1D1	0.2324039	0.008897368	0.001991028	3.963858591	24.649696	2.70092263240856	2.05073844640328
MRPS15	-0.357167863	0.008908605	0.001994802	-3.962789929	22.18875453	2.7001002050273	2.05019029688727
RSRC1	-0.811720864	0.008940614	0.002003233	-3.960409971	20.36365888	2.6982685341167	2.04863265484443
RAB11FIP1	-0.294208458	0.008955551	0.002007846	-3.959112258	23.70549897	2.69726960024964	2.04790768855332
POLR1A	-0.291631097	0.008972881	0.002013367	-3.957563083	22.79070555	2.6960770539502	2.04706809190421
DCAF1	-0.422124803	0.008972881	0.002014268	-3.957310613	23.16830406	2.69588274670303	2.04706809190421
CARHSP1	-0.333542113	0.008973289	0.002015629	-3.956929796	24.43061947	2.69558940182978	2.04704834483298
REEP4	-0.276292533	0.008996517	0.002022118	-3.955116623	24.03158031	2.69419350490051	2.04592559505549
TAOK1	0.359398788	0.008999792	0.002024126	3.954556698	22.4637275	2.69376245655481	2.04576752770469
PPIC	-0.471377886	0.009004361	0.002026427	-3.953916016	21.5119734	2.69326903666357	2.04554710172515
PREP	-0.379866332	0.009025202	0.002034145	-3.957612323	28.23746554	2.69161809248732	2.0445430690341
NF1	-0.265419458	0.009025202	0.002033047	-3.952076581	24.31874262	2.69185258122192	2.0445430690341
TMBIM1	0.512091291	0.009025202	0.002034944	3.951550404	21.3761758	2.69144753770442	2.0445430690341
NRDC	-0.380080563	0.009085956	0.002049927	-3.947413971	23.99326899	2.68826160434018	2.04162937064746
NOP2	0.262493205	0.009135892	0.002062485	3.943971052	24.68109593	2.68560920129485	2.03924904308261
ACOT13	-0.316032813	0.009154636	0.002068011	-3.942462927	22.4608591	2.68444715550721	2.03835891912134
EIF4A1	-0.15595536	0.009157798	0.00207002	-3.94191572	29.20688916	2.6840254584814	2.03820894024192
UGGT1	0.195695955	0.009193825	0.002079463	3.93935058	26.77090534	2.682048802656	2.03650376709187
LNPEP	0.182365012	0.009246464	0.002092676	3.935781596	25.50489388	2.67929800639827	2.03402431686988
CCDC168	-0.461029439	0.009290479	0.002103951	-3.93650167	25.1210022	2.67696437890871	2.03196189400485
PUS10	-0.582750168	0.009350912	0.002119766	-3.928536574	16.69519571	2.6737120779947	2.02914603006309
UTP3	-0.779921252	0.009350912	0.00212028	-3.928399856	21.25031912	2.67360678321026	2.02914603006309
RPL27	-0.230773388	0.009351901	0.002121827	-3.927989273	27.50156115	2.67329002854411	2.0291000992993
PXDC1	-2.139014246	0.009362315	0.002126836	-3.977095709	19.1969947	2.67226599718754	2.02861675089706
MSN	-0.221876143	0.009362315	0.002126735	-3.926688159	28.91225354	2.67228662161943	2.02861675089706
ENY2	-0.319152626	0.009427406	0.002142956	-3.922410085	23.67435517	2.66898674596861	2.02560778922039
EIPR1	-1.145224633	0.009439979	0.002147323	-3.933851148	21.16750134	2.66810262413995	2.0250289718242
MTG1	-0.919449894	0.009439979	0.002148483	-3.920960063	20.43469658	2.6678680783475	2.0250289718242
SUCLG2	-0.236488029	0.009463513	0.002156842	-3.918774171	25.36817876	2.66618166808309	2.02394761694887
GSTT1	-0.456071971	0.009463513	0.002157081	-3.918711738	21.7829811	2.66613354650963	2.02394761694887
TBX20	-0.544520084	0.009463513	0.002157852	-3.918510621	20.410748	2.66597834546752	2.02394761694887
MED16	-0.365760185	0.009500654	0.002167664	-3.915957354	21.70748648	2.66400803498179	2.02224649799378
SLC25A44	0.61275334	0.009511873	0.002171568	3.914944664	18.6508189	2.66322656668748	2.02173395693514
RTF2	-0.30008661	0.00958153	0.002188826	-3.910491002	23.45687461	2.65978876115631	2.01856513627611
DTYMK	-0.2161563	0.009599402	0.002194265	-3.909094705	25.05593817	2.65871092412326	2.01775582073015
CKAP5	-0.153082742	0.009617683	0.002199804	-3.907676719	26.80329917	2.65761601259164	2.01692954142519
DOLPP1	-0.633026474	0.009679559	0.002216127	-3.903518688	18.58968818	2.65440535503622	2.01414442866571
HARS2	-0.407375978	0.009679559	0.002216693	-3.903375147	22.53583948	2.65429445015937	2.01414442866571
IDI1	-1.491860297	0.009683006	0.002218851	-3.924011955	20.34447545	2.65387186047662	2.01398979903943
CCDC137	-0.436843111	0.009684228	0.0022205	-3.902410171	21.0632162	2.65354922249031	2.0139349943257
YIPF3	-0.538864495	0.009705821	0.002226823	-3.900811268	22.27431793	2.65231430168093	2.01296772244059
ITGA2	2.449440342	0.009706633	0.002229754	4.001382834	20.39301906	2.65174304831316	2.01293139039112
CBWD1	0.690252784	0.009706633	0.002229411	3.900158141	18.98067339	2.65180986037667	2.01293139039112
DHCR7	-0.456500182	0.009706862	0.002231179	-3.903385074	25.1273313	2.65146558633032	2.01292114458671
EPB41L1	0.737960373	0.009708866	0.002233012	3.899250916	21.55062036	2.6511089430639	2.01283149292442
TNKS1BP1	0.277263275	0.009731426	0.002240323	3.897413245	25.60412076	2.64968936246722	2.0118235154815
CBS	0.181917544	0.009731426	0.002242113	3.896964195	26.17805839	2.64934250323089	2.0118235154815
RASA1	0.714249243	0.009731426	0.002242327	3.896910518	22.16074961	2.64930105367679	2.0118235154815
AKR1A1	-0.2508498	0.009740342	0.002245759	-3.896051006	25.69326273	2.64863685118494	2.0114257940346
LACTB	0.909727037	0.009757138	0.002251011	3.894738059	19.58246688	2.64762238273043	2.01067755252622
CBR4	-0.53925709	0.009757491	0.002252471	-3.894373423	22.46798727	2.64734079174559	2.01066184062597
NPEPL1	1.186681459	0.009775619	0.002258038	3.901550619	20.67295522	2.64626875370802	2.00985573318806
MAD2L1	-0.295391635	0.009799665	0.002264978	-3.891261615	24.0740266	2.64493601198448	2.00878877034201
TTC9C	0.419282697	0.009854761	0.002279105	3.887767806	21.88684161	2.64223566610082	2.00635390386955
GPT2	-0.266961905	0.009858534	0.002281371	-3.887209421	25.78537218	2.64180408335508	2.00618766143264
FEN1	-0.266027435	0.009869277	0.002285252	-3.88625444	25.59763924	2.64106590230092	2.00571466155644
ZNF346	-0.624843653	0.009895834	0.002292801	-3.884402003	19.08662434	2.63963363753013	2.00454759849299
TMX4	-0.813512226	0.009899909	0.002295144	-3.883828116	20.6636581	2.63919006113174	2.00436879742058
GLA	-0.779391273	0.009907622	0.002298333	-3.895344021	22.81157322	2.63858704719467	2.00403057116631
DNAJA2	0.343581371	0.009964966	0.002313044	3.879464816	25.42086486	2.63581610576139	2.00152417875352
SCAMP1	0.437980233	0.009975215	0.002317068	3.878488774	23.41723577	2.63506122059439	2.0010777350089
UBE2Z	-0.212974094	0.009975215	0.002318243	-3.878203972	26.13798473	2.63484104290743	2.0010777350089
SLC34A2	-0.202477401	0.010007965	0.002327269	-3.876022026	26.74617877	2.63315341539669	1.99965422213293
EIF3M	-0.317824311	0.010072551	0.002343712	-3.872069489	25.63381823	2.63009575634649	1.99686052498575
RIOX1	-0.742844427	0.010164135	0.002366459	-3.866648451	21.18709905	2.62590101548418	1.99292957528581
FPGT	-0.578251686	0.010201257	0.002376544	-3.864262232	18.11690078	2.62405414064534	1.9913463111274
TADA3	-0.532153835	0.010205565	0.00237946	-3.863574076	20.83462845	2.62352159152725	1.99116294689207
ITGAV	0.209386724	0.010205565	0.002380433	3.863344784	26.78676176	2.62334403773065	1.99116294689207
MED9	-2.280503502	0.010209072	0.002382694	-3.943125146	19.70680899	2.6229317288011	1.99101373328979
MVK	-0.693366835	0.010210982	0.002384583	-3.862367425	21.84517066	2.62258755651187	1.99093248938486
QPCT	1.699335263	0.010276925	0.002405339	3.869609002	17.05013319	2.61882370704311	1.98813681289964
SART1	-0.447962098	0.010276925	0.002403475	-3.857940659	24.47870496	2.61916039087193	1.98813681289964
PAIP1	-0.417788281	0.010276925	0.002404312	-3.857745503	24.57173062	2.61900917598449	1.98813681289964
PHF10	0.598431908	0.010276925	0.002405794	3.857399775	19.82244911	2.61874156257117	1.98813681289964
SNRNP200	-0.261000695	0.01030519	0.002413868	-3.855520759	27.18482108	2.61728648255641	1.98694399658823
ODAD2	-0.485268996	0.010323362	0.002419584	-3.854194395	19.00207149	2.61625929601734	1.98617884338052
TMED10	-0.252369567	0.010361401	0.002429964	-3.851793909	25.18585687	2.61440016044167	1.98458151819771
PLRG1	-0.251001043	0.010377311	0.002435162	-3.850595728	24.40070445	2.61347214189666	1.98391516760057
UAP1L1	0.82600944	0.010380084	0.00243728	3.850108303	20.47891396	2.61309457525939	1.98379913197996
PHF8	-0.605894761	0.010409713	0.002446469	-3.847998748	19.61571559	2.61146028295503	1.98256124399902
RPL7	-0.263504605	0.010409713	0.00244718	-3.847835718	28.65477206	2.61133408535532	1.98256124399902
PCYOX1	-0.202606871	0.010431658	0.002453814	-3.846318233	24.61478399	2.61015836004222	1.98164665964393
SEC24C	-0.229673827	0.010438333	0.002456859	-3.84562298	25.2434722	2.60961976711743	1.98136885255091
SNRPB2	0.44302267	0.010456212	0.002462546	3.844327194	23.89826984	2.60861564819702	1.9806256200051
HKDC1	0.632756795	0.010585494	0.00249449	3.840638009	23.00880923	2.60301823273643	1.97528886967405
NCOA6	-1.58483019	0.010608635	0.002502912	-3.847152925	18.94598126	2.60155441950334	1.97434049264007
CCN1	0.464977677	0.010608635	0.002502942	3.835888788	24.28691425	2.60154921406409	1.97434049264007
CRLF3	-0.675338834	0.010620464	0.002507234	-3.83425014	22.38549869	2.60080513147206	1.97385650884423
PRKCSH	0.175061641	0.010631663	0.002511381	3.833324485	27.80637517	2.6000873957516	1.9733987980134
MRC2	0.804787446	0.010632973	0.002513194	3.83292035	21.10332744	2.59977398578962	1.97334528891294
POLR2M	-0.625206631	0.010670402	0.002525112	-3.830270544	18.44993834	2.59771935421731	1.9718192185237
FAM162A	0.391426301	0.010670402	0.002526339	3.829998411	25.52822273	2.59750837351502	1.9718192185237
PLBD2	-0.465933192	0.010670402	0.002528586	-3.829500538	22.60411009	2.5971222709457	1.9718192185237
MRPL35	-0.502322672	0.010670402	0.00252918	-3.829369028	21.12143223	2.59702026111628	1.9718192185237
ESS2	-1.096416268	0.010670402	0.002529582	-3.829280009	19.15760613	2.59695123775361	1.9718192185237
PGLS	-0.193618437	0.010708643	0.002540161	-3.826942953	24.26773482	2.59513875613767	1.97026555950902
TBC1D9B	-0.463353334	0.010804491	0.002564425	-3.821620661	21.7502407	2.59100999792887	1.96639568792911
CYP20A1	-0.636951714	0.010828495	0.002572399	-3.823377797	22.95542904	2.58966166791782	1.9654318996641
CAPNS1	0.293700787	0.010828495	0.002573184	3.819712086	27.05519414	2.58952915769655	1.9654318996641
NIPSNAP1	0.22804768	0.010903361	0.002592515	3.815523226	25.95508441	2.58627872215266	1.96243960859541
SEPTIN10	-0.765880677	0.01091953	0.002597904	-3.814361445	19.0197086	2.58537690139254	1.96179605419532
CA13	0.517301106	0.010942758	0.002604976	3.812840144	21.05933302	2.58419627356046	1.96087320513016
CHP1	0.407520924	0.010982958	0.002616099	3.810456436	22.9544891	2.58234582520244	1.95928067718394
PHYH	0.696582783	0.010992529	0.002619933	3.809637234	19.18859266	2.58170981482619	1.9589023799704
PHGDH	0.188157706	0.011001765	0.002623689	3.808835745	28.99002106	2.58108764551154	1.95853763590809
RING1	-0.386334631	0.011017778	0.002629065	-3.8076907	22.324089	2.58019867642983	1.95790598258407
CIAO2A	0.498884722	0.011020743	0.002631331	3.807208926	20.79804092	2.57982451777072	1.95778912509199
ENO1	0.190407733	0.011034696	0.002636222	3.806170161	32.62616542	2.57901801998269	1.95723962691928
DDX28	-0.569024508	0.011137781	0.002662424	-3.800639337	17.80226635	2.57472278049282	1.9532013258094
PRDX5	0.200519002	0.011191956	0.002676956	3.79759591	26.78375971	2.57235876707016	1.95109400589603
NUP62	-0.436343153	0.011192119	0.002678577	-3.79725748	23.91726267	2.57209586461894	1.95108768086357
RPL14	-0.26053394	0.01123359	0.002690091	-3.794859861	27.0076692	2.57023302849968	1.94948143091269
THYN1	-0.522570764	0.011240566	0.00269335	-3.794182995	20.3194167	2.56970720648754	1.94921182004027
SPTAN1	0.267274396	0.011271059	0.00270225	3.792339195	28.40524316	2.56827447448573	1.94803527683328
NOS1	0.296042867	0.011280079	0.002706007	3.791562675	23.92428579	2.56767108428775	1.9476878587619
PALLD	0.258398988	0.011296118	0.002713431	3.790031543	25.19900161	2.56648121764458	1.94707077959953
OGDH	0.330592099	0.011296118	0.002714117	3.789890342	25.2883709	2.56637143473112	1.94707077959953
SEPTIN5	0.393620474	0.011296118	0.002714645	3.789781539	21.50083848	2.56628695599097	1.94707077959953
SWAP70	0.214011928	0.011308116	0.002719127	3.788859677	25.23451071	2.56557050770815	1.94660974511518
GSK3A	-0.764295106	0.011338613	0.002728063	-3.787026395	20.92143431	2.56414560460338	1.94544006742611
KCTD15	-0.680406284	0.011342064	0.002730497	-3.786528157	19.95185509	2.56375829628799	1.94530790644445
NDUFA13	-0.365108308	0.011355393	0.002735311	-3.78554402	23.38011762	2.56299328801237	1.94479783064038
LPIN2	1.668942886	0.011373026	0.002741166	3.795909194	19.00989475	2.56206466358453	1.94412396800737
NOP56	0.342855531	0.011413761	0.002752598	3.782024578	24.3555744	2.56025721001231	1.94257122566019
LYRM2	-0.648279843	0.011432804	0.002758806	-3.780766073	20.01049768	2.55927883815502	1.94184724183731
LSM2	-0.38345238	0.011530108	0.002783916	-3.77570591	22.18363288	2.55534387297198	1.93816662474482
TOPBP1	0.349103851	0.011543947	0.00278889	3.774709254	23.34440512	2.55456861493263	1.93764567582139
UBB	0.518925233	0.011545786	0.002790966	3.77429368	20.38739085	2.55424545412489	1.937576496368
RNF123	-0.296921474	0.011550048	0.002793629	-3.773761176	23.57043475	2.55383126964312	1.9374162109154
COPA	-0.149894723	0.011596398	0.002806978	-3.771099672	27.77637413	2.55176099118318	1.93567688763943
SASH3	-0.82638591	0.011596398	0.002808118	-3.770872985	20.1933782	2.551584646659	1.93567688763943
CAB39	-0.283224257	0.011596885	0.002810243	-3.770450701	23.97396598	2.55125612529198	1.9356586494786
RHEB	0.278601358	0.011596885	0.002811515	3.770198121	24.62174102	2.55105959509968	1.9356586494786
ENSA	0.257574857	0.011682239	0.00283386	3.765779523	25.42709276	2.5476216088272	1.93247391303217
PIGK	0.414254882	0.011703347	0.002840634	3.76444691	22.19879331	2.5465847191176	1.93168991810355
RAD51C	-1.211206671	0.011708069	0.002843435	-3.76389685	18.19428874	2.54615669512906	1.93151472677199
MYO6	0.168115765	0.01171446	0.002846644	3.763267584	25.8019752	2.54566684212695	1.93127772622412
HMGCR	-1.320196297	0.011726688	0.002851273	-3.765376688	17.78253132	2.5449611984333	1.9308246295237
DUSP11	-0.623520474	0.011732864	0.002856064	-3.761423925	18.20579616	2.54423206491567	1.93059596336825
PRKAG1	-0.212445216	0.011732864	0.002856933	-3.761254239	23.83160875	2.54409994445152	1.93059596336825
KCTD12	-0.219067442	0.011732864	0.00285775	-3.76109464	23.82717587	2.54397576657704	1.93059596336825
TDP2	-0.69488812	0.011740035	0.002861156	-3.760429993	19.01906844	2.5434584623303	1.93033060834529
DYNLL2	0.236627814	0.011772861	0.002870821	3.758548603	24.87197782	2.54199388557238	1.92911798358609
RAD23A	0.26377252	0.011780138	0.00287426	3.757880511	23.81079652	2.54147394898605	1.9288496219184
SUGP2	-0.217189876	0.011828853	0.002887819	-3.755255245	25.40108872	2.53943003054998	1.92705736525551
ACOT7	0.219779269	0.011841944	0.002892689	3.754315351	26.54729167	2.53869825589375	1.92657699700748
ZC3H8	-0.611408449	0.011908207	0.002910558	-3.750880518	20.7711291	2.53602374191115	1.92415362463193
RPS11	-0.177083351	0.011919692	0.00291505	-3.750020477	28.14169044	2.53535399166385	1.92373496644382
TIMM10	1.137422129	0.01194532	0.002923007	3.748500538	19.22290106	2.53417014459544	1.92280221155892
TPP2	-0.353789628	0.011955837	0.00292727	-3.747687795	25.46989939	2.53353721808477	1.92242001454971
PRKCI	-0.398172757	0.011964226	0.002931015	-3.746974842	24.8737882	2.53298195897523	1.92211539189399
SLC7A8	0.933752702	0.012038739	0.002950972	3.743191758	18.6179322	2.53003491123985	1.9194190009538
PIP4K2C	0.385821072	0.01205643	0.002957013	3.742051748	23.15914956	2.52914676616855	1.91878127103707
SLC27A1	-1.224055251	0.012092936	0.002967675	-3.740045346	18.64748321	2.52758366182799	1.91746824555782
OSBP	0.194206156	0.012141888	0.002981405	3.737472808	24.94569146	2.52557902453159	1.91571377749225
S100A16	-0.461549875	0.012153761	0.002987634	-3.736309695	22.45456935	2.52467260682858	1.91528930817315
NDUFB1	-0.487473178	0.012153761	0.002987757	-3.736286809	22.33743519	2.52465472742244	1.91528930817315
TRMT112	-0.252959704	0.012185409	0.002997259	-3.734517312	23.72792714	2.52327572705411	1.91415988925627
NAMPT	0.24624527	0.012335135	0.003037252	3.727132753	25.73185723	2.51751917328782	1.90885609307865
RLIM	-0.629300294	0.012335135	0.003037575	-3.727073491	17.20206237	2.51747299020548	1.90885609307865
FXR2	-0.525607109	0.012345076	0.003041768	-3.726305121	22.18272492	2.51687391328174	1.9085062320764
DENND2A	1.424530129	0.012362743	0.003047869	3.728708705	17.19052651	2.51600370327724	1.90788515889147
RFC4	-0.303229534	0.012485919	0.003080001	-3.719348844	24.84643221	2.51144914249488	1.90357948679758
PTPN23	-0.222460413	0.012558753	0.00310019	-3.715711299	25.31955138	2.50861168893252	1.90105348098934
TMEM245	0.441174239	0.012558753	0.003101518	3.715472897	21.27506233	2.50842569401603	1.90105348098934
DIDO1	-0.529334938	0.012592353	0.003111596	-3.713667002	22.57416464	2.50701679547427	1.89989311028653
CGREF1	0.461542243	0.012603319	0.003116088	3.712864108	19.77177268	2.50639028611669	1.89951507126544
SHC1	0.409854557	0.012639656	0.003126859	3.71094351	20.73686363	2.5048917020326	1.89826474562126
SRSF3	0.22922855	0.012655133	0.003132476	3.709944508	26.38363371	2.50411224774243	1.89773328623369
MICAL3	0.474076893	0.012657005	0.003134729	3.709544437	22.77756565	2.50379999833943	1.89766904833553
CASP1	1.350417041	0.012678927	0.003147328	3.718314255	19.81550721	2.50205799456147	1.89691749863858
TIMELESS	-0.441269402	0.012678927	0.003145291	-3.707672532	21.44585859	2.50233916775519	1.89691749863858
NFYC	-0.455746534	0.012678927	0.003146225	-3.707507325	20.61478219	2.5022102223471	1.89691749863858
PXN	0.341937771	0.012678927	0.003146309	3.707492382	24.91414841	2.50219862742	1.89691749863858
UBE2G1	0.44156825	0.012680721	0.003150557	3.706741603	21.22522801	2.50161265870509	1.89685605265149
ELP4	-0.763875732	0.012680721	0.003151358	-3.706600145	18.39964098	2.50150225738045	1.89685605265149
UQCRB	-0.319924441	0.01268688	0.003154682	-3.706013536	23.41830531	2.50104441220613	1.89664516792758
SNAPC5	0.589386566	0.012694202	0.003158297	3.705376254	18.33588123	2.50054703221368	1.89639459513603
PWP1	-0.268707252	0.012735029	0.003170255	-3.703273631	22.382187	2.49890580382677	1.89500006173094
KDM4B	-1.923546804	0.012763273	0.003179091	-3.726843503	17.0073212	2.49769704042992	1.8940379413228
HAUS1	-0.444663641	0.012792441	0.003188164	-3.700139803	20.90633222	2.49645934647821	1.89304657736022
AFTPH	-0.59373586	0.01285355	0.003205239	-3.697168721	18.54547686	2.49413958158627	1.89097690871517
COQ5	-0.488121489	0.01285355	0.00320774	-3.696734872	20.17315054	2.4938008402449	1.89097690871517
UBXN1	0.319664269	0.01285355	0.00321013	3.696320737	24.89749998	2.49347737970122	1.89097690871517
CPD	0.285893613	0.01285355	0.003210662	3.696228549	24.39399518	2.49340541204835	1.89097690871517
ST7	-0.681263109	0.013039944	0.003259064	-3.687908247	18.01315707	2.48690711097581	1.88472427367643
DNAJC5	0.293974234	0.013047226	0.003264498	3.686982145	23.8237127	2.48618359313066	1.8844818148356
ACSL3	0.222542634	0.013047226	0.003264573	3.686969363	24.94760221	2.48617361557454	1.8844818148356
RAB6A	0.338638068	0.013075282	0.003273441	3.685461279	24.33980641	2.48499548232877	1.88354893575146
MATN3	-0.974241044	0.013142056	0.003292016	-3.682316156	16.74246418	2.48253806267762	1.88133668655662
LEMD3	-0.331325427	0.013150912	0.003296094	-3.681628182	23.24339423	2.4820004113259	1.88104412832757
RABGGTB	-0.413674484	0.013170843	0.003302951	-3.680473174	22.20343418	2.48109786911436	1.8803864271239
SYF2	-0.591968084	0.013229494	0.003320452	-3.677536525	20.59646013	2.4788027934814	1.87845676633482
NAA25	0.194331864	0.013229494	0.0033214	3.677377907	23.96327518	2.47867881867086	1.87845676633482
WDR33	-0.545082352	0.013256407	0.00333003	-3.675935943	22.56976781	2.4775518539484	1.87757417061613
RBMX2	-0.741005683	0.013278733	0.003337516	-3.674688418	18.43537151	2.47657664362136	1.87684336151612
EXOSC8	-0.761152214	0.013319056	0.003351018	-3.672445357	20.61050507	2.47482323934477	1.87552655508458
SLC39A14	-0.335662856	0.013319056	0.003352929	-3.672128616	23.18589371	2.47457564288334	1.87552655508458
COX7B	-0.433693953	0.013319056	0.003353299	-3.672067348	21.15682461	2.47452772057636	1.87552655508458
SAR1B	-0.364299909	0.013376628	0.003369685	-3.669359576	22.75377714	2.47241069531733	1.87365335036167
SBDS	-0.411289396	0.013427859	0.003384489	-3.666924862	23.74390438	2.4705068930742	1.87199322773408
SCCPDH	0.321006867	0.013442237	0.003390013	3.666019124	24.98781613	2.46979863636404	1.87152845182433
MRPS18C	-0.547054348	0.013503238	0.003407306	-3.663193543	20.66785716	2.46758886198719	1.86956207765951
ZNF608	-1.9354195	0.013551061	0.003421288	-3.68686179	17.87650994	2.46581036587742	1.86802669974117
CLSTN1	-0.519556755	0.013565204	0.003426777	-3.660029556	22.07197276	2.46511415667915	1.86757367072597
PABPC4	0.249112058	0.013597972	0.003436977	3.658379502	25.78853893	2.46382337412012	1.86652585743004
SUSD2	-0.504039228	0.01360431	0.003440502	-3.66266239	24.25740193	2.46337818535756	1.86632348040328
GUK1	0.506772649	0.013649063	0.003455464	3.655401597	21.97975881	2.46149362727403	1.86489716165598
NEU1	-0.467077204	0.013649063	0.003455679	-3.655367009	20.73713415	2.46146660618254	1.86489716165598
PRKAB1	-0.378863594	0.013671931	0.003463827	-3.654059758	22.53451942	2.46044380684568	1.86417014209502
SP3	-0.54051761	0.013671931	0.003465334	-3.653818338	20.69965978	2.46025490034039	1.86417014209502
CCS	-0.308099863	0.013791053	0.003497476	-3.648694368	24.26534106	2.45624525699434	1.86040257250216
TMEM223	0.543415492	0.013801808	0.003502155	3.647952536	20.9115962	2.45566463662064	1.86006401845447
KLHL22	-0.863687587	0.013873087	0.003522203	-3.644785397	17.99624595	2.4531856173525	1.85782689019608
VLDLR	0.422929768	0.013972893	0.003549518	3.640499808	21.04200186	2.44983061712868	1.85471366662305
PYROXD1	0.553466555	0.014035621	0.003567437	3.637706764	19.83054151	2.44764368767203	1.85276836743233
UTRN	-0.400056019	0.014094166	0.003584309	-3.635089866	22.666261	2.44559455726598	1.85096061772172
CLCN3	-1.047043538	0.014118997	0.00359262	-3.633805543	16.62883015	2.44458871673098	1.85019615405172
ATP6V1H	0.216684086	0.014278214	0.003635152	3.627280193	24.53168536	2.43947742486516	1.84532611317987
TRMT11	0.809873371	0.014282707	0.003638315	3.626798038	21.14164588	2.43909970306266	1.84518947296976
RSBN1	-0.800202529	0.014300883	0.003644966	-3.625785504	18.25966218	2.4383065183971	1.84463714643785
PERP	0.866806757	0.014341059	0.003657234	3.623923079	19.70894194	2.43684725140448	1.8434187774775
BECN1	0.811954766	0.014351413	0.003661903	3.623215885	20.67393553	2.43629316389087	1.84310533740439
SHPK	-0.380560554	0.01442313	0.003682241	-3.620146228	21.22923134	2.43388779064326	1.84094048204235
PDK1	0.997407084	0.01445107	0.003691417	3.618766981	16.7975011	2.43280689206537	1.84009999526788
NR2F6	-1.140517111	0.014507974	0.003708004	-3.626644262	20.99589007	2.43085980603321	1.83839323139782
CETN3	-0.504145874	0.014514473	0.003711716	-3.615728172	18.53207176	2.43042526099611	1.83819872816486
MUL1	-0.468271473	0.014576453	0.003729627	-3.613061095	19.71361612	2.42833459981112	1.83634814336619
PPAT	0.254889588	0.01459172	0.003735596	3.612175154	24.75197465	2.42764009830328	1.83589351259719
RER1	0.493163413	0.014745822	0.003777132	3.616341055	25.01239786	2.4228378375527	1.83133101286371
EIF6	0.202043528	0.014770178	0.003785458	3.604830598	25.75731976	2.42188156798969	1.8306142708389
SPAST	-0.546219661	0.014824584	0.003801498	-3.602489125	19.11025904	2.42004523366314	1.82901748474544
HOMER3	-0.248765168	0.014833128	0.003805786	-3.601864867	23.92474096	2.4195556358157	1.8287672555871
URM1	0.527926674	0.01486848	0.003816958	3.600241763	22.20029449	2.41828261879562	1.82773342699611
MME	1.585186457	0.014882479	0.003822655	3.609661056	18.79630352	2.41763489590127	1.82732472158928
LYPLA2	0.246011134	0.014904241	0.003832546	3.59798522	25.0594278	2.4165126238379	1.82669013555922
HSPG2	0.480758492	0.014904241	0.00383457	3.5976929	20.7900039	2.41628332978475	1.82669013555922
VPS13A	0.412083331	0.014904241	0.0038358	3.597515383	21.07817133	2.41614404518249	1.82669013555922
SMARCA1	-0.316547242	0.014904241	0.003836673	-3.597389408	24.55495082	2.41604521418385	1.82669013555922
TRIM46	0.537042954	0.014911524	0.003840656	3.596814968	18.87169123	2.41559458999499	1.82647796815217
PTTG1	-1.370343497	0.014933379	0.003848396	-3.600355955	17.98595677	2.41472024542681	1.82584191263551
RAP2B	-0.399597296	0.014955461	0.0038562	-3.594578886	24.32936826	2.41384044970596	1.82520019535948
STK4	0.366194299	0.014980789	0.003864849	3.593338822	22.59075869	2.41286746933888	1.82446531285
CACUL1	-1.037637956	0.014988587	0.003868979	-3.595973016	20.63026268	2.41240362753098	1.82423930691338
HSPD1	0.150757231	0.015008737	0.003876302	3.591700863	31.19884448	2.41158239472132	1.82365585252748
NSA2	-0.492578079	0.01501007	0.003879564	-3.591235291	21.45370324	2.41121707931141	1.82361728240411
ANXA2	0.191890376	0.01501007	0.00388089	3.591046175	32.50476561	2.41106866673436	1.82361728240411
MPC1	-0.366091071	0.015029205	0.003887962	-3.590038535	20.86397886	2.41027798841422	1.82306399168486
CTNNBIP1	-0.561701205	0.015053701	0.003896427	-3.588834875	19.55172593	2.40933345590476	1.8223567142709
MAP2K3	-0.263548528	0.015156895	0.00392528	-3.584752244	23.76564859	2.40612935850657	1.81938975797047
CAPZA2	-0.224644243	0.015186426	0.003935075	-3.583373292	24.61638896	2.40504698585238	1.81854442173359
TUFM	0.180342282	0.015228374	0.003948097	3.581545388	27.67961907	2.40361218577767	1.81734646570705
TMEM132A	-0.517095019	0.015255542	0.003957297	-3.580257694	18.37619916	2.40260135417654	1.8165723581017
MICAL2	-0.553663614	0.015255737	0.003960069	-3.579870319	19.53978054	2.40229724688808	1.81656680688085
LCMT1	-0.692089069	0.015255737	0.003961661	-3.579647989	19.1770012	2.40212268985963	1.81656680688085
PSMC5	-0.18473184	0.015319002	0.003980255	-3.577057693	26.56478596	2.40008910341744	1.81476952713233
OSGEP	-0.312453252	0.015325062	0.003983996	-3.576538043	23.08177969	2.39968110628719	1.81459775979791
MRPS30	-0.318535271	0.015363322	0.003996114	-3.574858191	22.67323071	2.39836213084027	1.81351486696871
TPX2	0.176854068	0.015385495	0.004004056	3.573760058	25.43923033	2.3974998571865	1.81288852656568
PUDP	-0.670633037	0.015387884	0.004006854	-3.573373846	17.33499221	2.39719648191208	1.81282109623771
CAPS	-0.331694373	0.015423509	0.00401831	-3.571794793	24.09734042	2.39595656183962	1.81181680877739
FAM234A	0.631073701	0.015430988	0.00402244	3.571226734	18.2554794	2.39551042525585	1.81160626647014
ZFYVE16	-0.353378446	0.01547475	0.004036467	-3.569301774	22.38176221	2.39399859372596	1.81037635843046
EIF4G1	-0.174321008	0.01547475	0.004038223	-3.569061253	28.46043865	2.39380970198591	1.81037635843046
NADK	-0.781195989	0.015475084	0.004040498	-3.568749854	16.93298479	2.39356510386884	1.81036698491609
TSEN15	1.0427122	0.015556772	0.004064025	3.565539601	19.4735536	2.39104362913736	1.80808051326044
PTCD3	-0.35835168	0.015612561	0.004080807	-3.563261461	22.74924988	2.3892539445105	1.80652585177799
ZNF35	-0.577686564	0.015670535	0.004098175	-3.560913703	19.49139579	2.38740950032438	1.80491617624478
RABGGTA	-0.403764975	0.015677985	0.00410234	-3.560352261	23.17031371	2.38696834835462	1.80470975540251
HAUS7	-0.629559176	0.015706508	0.004112023	-3.559049054	18.2001189	2.38594446484324	1.80392036014812
CHAC2	-0.643185048	0.015752973	0.004126415	-3.557118035	18.84012393	2.38442709649215	1.80263747135696
SRA1	-0.552242219	0.015774031	0.004134161	-3.556081551	22.49812437	2.38361261429556	1.80205731000957
CDS2	-2.005789321	0.015805444	0.004144628	-3.592877074	18.14793564	2.3825144433519	1.80119329963196
TONSL	-1.036314493	0.015813174	0.004150352	-3.553921415	17.86663933	2.38191506830604	1.8009809502869
KIF5B	0.182685985	0.015813174	0.004151126	3.553818389	27.01165766	2.38183408418972	1.8009809502869
CPVL	-0.871955161	0.015829796	0.004157815	-3.555555588	21.10422486	2.38113483830098	1.8005246818935
RDH13	-0.900540324	0.015829796	0.004163173	-3.555355313	21.2903528	2.38057554169927	1.8005246818935
CDK4	-0.291203079	0.015829796	0.004164571	-3.552031568	23.73599409	2.38042972941412	1.8005246818935
RPA1	-0.243721017	0.015829796	0.004165581	-3.551897564	24.37651932	2.38032441622683	1.8005246818935
RAB3B	1.014671077	0.015829796	0.004166678	3.551752028	18.66755291	2.38021006043222	1.8005246818935
CHD2	-0.751287199	0.015838568	0.004171226	-3.551149246	21.61467034	2.37973627913189	1.80028408649724
LARP6	0.803444603	0.015877451	0.004183711	3.549497977	18.00833159	2.37843832305095	1.79921921887939
TMEM199	0.414701857	0.015881648	0.004187062	3.549055632	21.78901384	2.37809060823738	1.79910443388809
SETD7	1.32022439	0.0159691	0.004212375	3.55560504	19.82491878	2.37547297338843	1.79671955950634
MTA1	-0.211919302	0.0159859	0.004219066	-3.544848936	24.63352671	2.37478368077796	1.79626290809228
GPRC5C	1.813109114	0.015995443	0.004223846	3.62918717	21.94592082	2.37429192441587	1.79600372745913
DIABLO	-0.29677587	0.016041357	0.004238238	-3.542344606	23.66407519	2.37281465895499	1.79475889585958
PRRC2B	-0.404079017	0.016058721	0.004245398	-3.541412248	21.07080201	2.37208158902395	1.7942890471496
WRN	-0.486498764	0.016058721	0.004247366	-3.541156322	20.97720826	2.37188031378407	1.7942890471496
UBE2E2	0.258697856	0.01607162	0.00425305	3.54041774	22.88743069	2.3712995115732	1.79394034466785
MTRR	-0.297635372	0.016142485	0.004274085	-3.53769303	21.73577347	2.36915684514249	1.79202960847921
CELSR2	-0.384728839	0.016143653	0.004280689	-3.536840374	22.56748993	2.36848632331966	1.79199818595632
LRIF1	0.502511404	0.016143653	0.004281408	3.536747583	19.53742211	2.36841338377384	1.79199818595632
BLOC1S1	1.114205133	0.016143653	0.004282366	3.536624024	18.89443762	2.36831621770771	1.79199818595632
GPN3	-0.585025716	0.016143653	0.004283522	-3.536474989	20.25131818	2.36819899823808	1.79199818595632
PDHA1	0.265511777	0.016150215	0.004287547	3.535956447	24.72491592	2.36779110619611	1.79182169174204
TMX2	-0.257017981	0.016177726	0.004297137	-3.534722683	23.52147359	2.36682080005229	1.7910825244455
CBR3	0.878827046	0.016221863	0.004311154	3.532924563	19.7278056	2.3654064633081	1.78989927070698
PITPNM1	1.266360712	0.016229282	0.00431542	3.534968805	16.96251211	2.36497693000535	1.7897006933799
RBM41	-1.162635523	0.016240685	0.004320748	-3.532717381	18.70937562	2.36444106240918	1.7893956570255
H1-0	0.577205633	0.016278679	0.004335458	3.54082722	24.42309428	2.36296501667312	1.78838084061928
MTHFR	-0.662575309	0.016278679	0.004333485	-3.530072184	21.16996621	2.36316270237196	1.78838084061928
TUBA8	-0.434919271	0.016289895	0.004340748	-3.529147612	20.86929776	2.362435426183	1.78808171502038
RPS7	-0.310505646	0.016308479	0.004348006	-3.530808378	28.12948839	2.36170986528374	1.78758654127177
TRIM26	-0.303177816	0.016318026	0.004352858	-3.527609752	24.06908123	2.36122550027249	1.78733237923161
DENND3	0.972672837	0.016346003	0.004362631	3.526371697	17.10027776	2.36025151895014	1.78658842571066
DHRS13	-0.735552337	0.016375159	0.004372728	-3.52509575	19.87961474	2.35924753655247	1.78581447439039
FNDC10	1.216913496	0.0163956	0.004380504	3.525187976	17.54677328	2.35847591875926	1.7852726856173
GGCT	-0.214423447	0.016522878	0.004416845	-3.519555445	24.938075	2.35488784113686	1.78191430382816
EXOSC9	-0.63599743	0.016580923	0.004434705	-3.517328573	21.97212376	2.35313526447561	1.78039129751014
TPK1	0.383443987	0.016620314	0.004448594	3.515603193	21.72996291	2.35177722823835	1.77936077554715
PIK3R4	0.323374976	0.016620314	0.00444994	3.515436338	23.28164933	2.35164584471448	1.77936077554715
PDIA5	-0.302599449	0.016634746	0.004456155	-3.514666227	24.12514169	2.35103971135454	1.77898382609306
PLEKHG1	-1.726069134	0.016651264	0.004462934	-3.53731679	19.30110455	2.35037953566625	1.7785527935457
IREB2	-1.477694765	0.016736474	0.004488138	-3.520365405	17.9291361	2.34793379798249	1.77633603282063
DHRS7B	-0.351554515	0.016811432	0.004510616	-3.507965012	22.45258275	2.34576414390198	1.77439529172352
MORF4L2	-0.228927412	0.016866475	0.004527769	-3.505871549	24.63425376	2.34411573830928	1.77297567307247
RPL9	-0.288992123	0.016937363	0.004549193	-3.503268115	26.62968138	2.34206563778931	1.77115420461309
ALMS1	-0.312526645	0.01697561	0.004561865	-3.501734044	23.61509616	2.34085757101522	1.77017461086931
SMARCA5	0.255522764	0.016993402	0.004570448	3.500697477	26.58721709	2.34004122785315	1.76971966869268
UHRF2	0.76647367	0.016993402	0.004571451	3.500576526	20.75169016	2.33994593094228	1.76971966869268
WDR76	0.313480407	0.016993759	0.004573949	3.500275261	22.5442884	2.33970868213025	1.76971054506332
RPS6KB1	1.503459937	0.017007774	0.004580126	3.509101442	18.96951209	2.33912257432102	1.76935252370536
RFC2	-0.419748286	0.01704904	0.004594513	-3.497801852	23.59672378	2.33776051531627	1.76830007030436
LIG3	-0.307510281	0.01704904	0.004596059	-3.497616374	22.93742642	2.33761440487279	1.76830007030436
SYNM	0.429671857	0.017059917	0.004601403	3.496975655	21.68031039	2.33710972869746	1.76802308609521
SLC27A2	-0.819429878	0.017130063	0.004622744	-3.494424539	16.89194534	2.33510015641391	1.76624103980728
RTF1	-0.359730855	0.017143196	0.004628711	-3.493713328	23.17468378	2.33453993414988	1.76590820949722
KAT7	-0.486941289	0.017152186	0.004633563	-3.493135749	20.33031684	2.33408492774023	1.76568052242951
MLYCD	-0.510205728	0.017165303	0.004639534	-3.492425933	17.99639106	2.33352563827959	1.76534852605317
GSTP1	-0.134305236	0.017168752	0.004642893	-3.49202696	28.81556292	2.33321132495864	1.76526127264409
FXYD6	-2.176031951	0.01718782	0.004652399	-3.554935517	19.59892162	2.33232304629366	1.76477920312731
ORMDL1	-0.315217953	0.01718782	0.004652909	-3.490839071	21.53249645	2.33227544116635	1.76477920312731
TAF12	-0.484545473	0.017198175	0.004658143	-3.490219337	18.81778573	2.33178718322134	1.76451763620181
NCDN	-0.286599823	0.01722585	0.004668074	-3.489045453	23.01656802	2.33086226797865	1.76381933887162
FECH	0.986472874	0.017226098	0.004670576	3.488750071	19.37017735	2.33062955665106	1.76381308639315
ALG6	-0.483605449	0.017270311	0.004685005	-3.487049955	20.46555914	2.32928994128181	1.76269984168166
MRPS26	-0.718934842	0.017323563	0.0047019	-3.487867695	22.16157133	2.32772661168705	1.76136278021132
IGLV2-11	0.890563273	0.017342105	0.004709384	3.484189597	18.79363436	2.32703589603387	1.760898188613
ALDOC	-0.603559789	0.017348823	0.004713661	-3.48368939	22.49786632	2.32664165454894	1.76072998380938
CLPTM1L	-0.447619999	0.017375083	0.004723252	-3.482569247	22.31435981	2.32575888286077	1.76007311212744
STRBP	-0.287012315	0.017417173	0.004737156	-3.480949537	24.63223889	2.32448231321935	1.75902233441066
ZC3HC1	-0.692273092	0.017459395	0.004751108	-3.479329124	19.9621501	2.32320509728634	1.75797080946858
WDR70	-0.351369953	0.017464293	0.004754909	-3.478888446	22.24666405	2.32285779022521	1.75784899104057
GET3	0.181531952	0.01748693	0.004763545	3.477888753	24.93711191	2.32206972775732	1.75728642843373
MRM1	-0.410251667	0.017578389	0.004790944	-3.474729025	19.60861616	2.31957890545852	1.75502092906143
OBI1	-0.861529891	0.017588377	0.004796152	-3.474130474	18.33445286	2.3191070616626	1.75477423401976
ARFIP1	0.249681699	0.017596583	0.004800877	3.473588021	24.18096731	2.31867942065145	1.75457165765854
MPST	0.330815249	0.017612942	0.00480783	3.472790791	23.22766748	2.31805089694691	1.7541680950464
CAND2	0.738916094	0.017632517	0.004815666	3.471893727	20.11044541	2.31734364205486	1.75368568876777
RBM34	-0.324322323	0.017715727	0.004840896	-3.469015505	23.52466155	2.31507424747919	1.75164102082954
ZSCAN18	0.530222649	0.01776685	0.004858563	3.467009266	18.96800873	2.31349216148926	1.75038956425345
STT3A	-0.23820578	0.01776685	0.004859889	-3.466858914	25.37392612	2.31337364992248	1.75038956425345
UBXN8	-0.738610531	0.017805284	0.004872919	-3.465384361	17.04031832	2.31221080761017	1.74945109479797
CCDC102A	-0.659210092	0.017831086	0.004882501	-3.464302544	16.97680083	2.31135765909091	1.74882220536955
BUB1	-0.744946714	0.017835996	0.004886367	-3.463866697	20.26235392	2.31101391761448	1.74870263371972
MRPL12	0.321194309	0.017848583	0.004892339	3.463194155	24.68420699	2.31048345745577	1.74839625684637
PLEKHM2	-0.467297438	0.017855711	0.004896816	-3.472018002	25.68969651	2.31008621448004	1.74822285187115
CCDC88C	-0.955477968	0.017873523	0.004904228	-3.4618576	17.00523839	2.30942934745373	1.74778983648927
ECHDC1	0.38715108	0.017923073	0.004920357	3.460049688	22.04788733	2.30800338554458	1.74658752634099
DDX21	0.339024775	0.017965237	0.004937012	3.460938716	26.68394291	2.30653581717434	1.74556704914604
CLTC	0.218397616	0.017965237	0.004935989	3.458303262	30.03919063	2.30662581681206	1.74556704914604
MRPS5	-0.478643664	0.018008635	0.004953249	-3.456381601	22.1613642	2.30510983947002	1.7445192041396
FAM83D	-0.706476209	0.018008635	0.004954029	-3.456294813	21.0362999	2.30504145546049	1.7445192041396
TRA2A	0.43925479	0.018017646	0.004959055	3.455736604	21.18587108	2.30460107499906	1.74430195009341
RAB8B	-0.664906366	0.018061911	0.004973792	-3.454103173	21.43897041	2.30331238053392	1.74323630203754
VTCN1	-1.562104881	0.018062501	0.004979117	-3.496739488	20.65711565	2.30284766849108	1.74322211585539
SLC12A8	1.153936282	0.018062501	0.004978886	3.453539605	17.87594317	2.30286781751601	1.74322211585539
ACAD10	-0.651475684	0.018062501	0.004981614	-3.453238102	17.68899133	2.30262992677232	1.74322211585539
TYW1	-0.864606141	0.018171454	0.005014232	-3.449645867	16.70714683	2.29979557584472	1.74061032096315
FTSJ3	-0.243932668	0.018231026	0.005033248	-3.447562636	24.36756034	2.29815167036224	1.73918888956774
EEF1AKMT2	0.724672442	0.01826237	0.005044483	3.446335575	17.1063462	2.29718333720757	1.73844286255572
CIRBP	-0.40263907	0.018304483	0.005058703	-3.445932084	24.67305698	2.2959608175765	1.7374425330167
CDR2L	-2.066849131	0.018304972	0.005061426	-3.523724664	20.94232273	2.29572710832185	1.73743093109574
TLCD4	0.614395217	0.018389435	0.00508738	3.441675932	17.8656392	2.29350582168858	1.73543161389143
GATD1	-0.59110031	0.018457556	0.005108834	-3.439360444	21.60113418	2.2916782085049	1.73382580525933
MYO1C	0.209436063	0.01855458	0.005138312	3.43619514	27.79302338	2.28917952876479	1.73154887185935
SULF2	-1.686128367	0.018679826	0.005175637	-3.452146841	17.89964965	2.28603619107685	1.72862717348022
TUBGCP3	0.570615577	0.018714224	0.005187814	3.433346927	22.92218567	2.28501560317811	1.72782817653808
KIFC1	-0.361769321	0.018761999	0.00520371	-3.42923848	23.5399491	2.28368691443734	1.72672089152098
DMD	0.255673444	0.018778668	0.005210987	3.42846981	23.27105949	2.28308001027889	1.72633521615754
RPUSD2	-0.42143591	0.018792434	0.005217464	-3.42778669	21.82782897	2.28254053884234	1.72601696634387
CLIC5	-5.118467543	0.01879403	0.005220564	-3.505737967	18.93104637	2.28228257576091	1.72598008423687
MTA3	-0.383789621	0.018901064	0.005252967	-3.424057208	21.01846991	2.27959532749747	1.7235137473441
ARHGEF18	-0.639317616	0.018926303	0.005262657	-3.423043793	17.31435815	2.27879493472557	1.7229342113666
STAT1	0.213307039	0.018955455	0.005273443	3.421918023	25.32978114	2.27790574386402	1.72226578646215
TMED2	0.263082306	0.019060949	0.005305486	3.418587193	24.33776014	2.2752748271348	1.7198554806545
KANK4	-0.563915634	0.019071404	0.005311092	-3.418006575	22.04588992	2.2748161755633	1.71961733385448
CYP2U1	1.140338151	0.019079817	0.005316995	3.417395844	17.28161537	2.27433374808782	1.71942579505495
MACF1	0.179995616	0.019079817	0.005318829	3.417206227	25.27765698	2.2741839719938	1.71942579505495
WNT5A	0.954919033	0.019159991	0.005346596	3.41700936	20.65790528	2.27192263086121	1.71760469925806
IDUA	-0.570201195	0.019159991	0.005346106	-3.414394149	18.12058491	2.27196243451351	1.71760469925806
TAPBP	0.298809985	0.019165752	0.005350913	3.413900079	22.49972114	2.27157211012219	1.71747413581254
TIGAR	-0.33933408	0.019177428	0.005357913	-3.413181475	21.2608068	2.27100434259916	1.71720963910009
MIS18A	-0.687037541	0.019177428	0.005359595	-3.413008928	20.75981837	2.27086802670846	1.71720963910009
FNBP1	-0.845577687	0.019212625	0.005372148	-3.420720512	22.27046438	2.26985203124198	1.71641329390294
DNASE1L1	0.554082516	0.019338498	0.005410078	3.407855987	18.23691312	2.26679647339151	1.71357726012082
SLAIN2	-0.382803981	0.019369428	0.005421468	-3.406700044	22.4381295	2.26588310128892	1.71288320427374
PWWP2A	-0.612955083	0.019447007	0.005445932	-3.404225869	20.10316974	2.26392778573001	1.71114722947481
TMEM43	0.215764674	0.01952321	0.005474205	3.401380435	24.72170422	2.26167894300522	1.7094487742373
SUPT7L	-0.545739549	0.01952321	0.005475207	-3.401279787	19.79142197	2.26159945689728	1.7094487742373
HIRIP3	-0.76142277	0.01952321	0.005475551	-3.401245295	20.65237969	2.26157217160765	1.7094487742373
MAPRE3	-0.600499873	0.019531597	0.005480664	-3.400732426	22.01420012	2.26116682216039	1.70926224519489
NAA16	1.460920256	0.01956546	0.005492932	3.408423172	17.96369928	2.26019577731353	1.70850993702406
DECR1	-0.283720196	0.019591041	0.005502884	-3.398509381	24.805551	2.25940964195731	1.70794248648898
HK2	-0.277467553	0.019598436	0.005507731	-3.398025585	25.14750049	2.25902727903031	1.70777858495328
CERT1	-0.411283532	0.019614031	0.005514897	-3.397311267	23.02644572	2.25846259432975	1.70743314263248
GLUL	0.285855149	0.019614031	0.00552011	3.396792186	23.78630058	2.25805226793801	1.70743314263248
ACBD6	0.574936137	0.019614031	0.005520432	3.396760133	21.00184385	2.25802693533691	1.70743314263248
FILIP1L	-0.512628739	0.019714468	0.005551487	-3.393678284	21.08840068	2.25559067284189	1.70521493798116
CPNE3	-0.220246298	0.019877307	0.005600152	-3.388884083	26.17977442	2.2518001851607	1.70164245466016
CHMP5	0.258770142	0.01991332	0.005613271	3.38759888	24.13128381	2.25078399021156	1.70085632724139
EFNB3	-0.78841694	0.01991332	0.005615928	-3.387338976	18.38823899	2.25057846879192	1.70085632724139
LPIN1	-1.020584732	0.019941949	0.005626821	-3.388887322	20.19819149	2.24973690036916	1.7002323987535
LPP	0.270146048	0.019949954	0.0056319	3.385779196	24.73143967	2.24934506512904	1.70005810135915
SLC9B1	-0.482530509	0.020039399	0.005659983	-3.383047533	20.90339459	2.24718487323174	1.69811530750028
ZC3H7A	0.618034714	0.020063858	0.005669728	3.382102877	21.15137128	2.24643777548674	1.69758555451538
BCORL1	-0.377968615	0.020108708	0.005685846	-3.380543944	21.16472209	2.24520490726533	1.69661583226234
TXLNA	-0.203106814	0.020108708	0.005688222	-3.380314524	25.04020031	2.24502346229701	1.69661583226234
RPS20	-0.172410389	0.020108708	0.005690929	-3.380053287	27.6665789	2.24481683261353	1.69661583226234
FSCN1	-0.194059176	0.020123188	0.005697872	-3.379383812	25.20085205	2.24428731120712	1.69630321540881
RBFOX2	0.436771093	0.020202167	0.005723091	3.376958976	20.91837277	2.24236934853794	1.69460204314418
SEMA5B	-0.63843099	0.020263992	0.00574347	-3.375007421	19.30819859	2.24082564305114	1.69327499467213
EIF1AX	0.282686134	0.020276848	0.005750401	3.374345251	24.61353147	2.24030186904691	1.69299955439776
NXT1	-0.518845398	0.020276848	0.005752846	-3.374111859	21.01273278	2.24011725160381	1.69299955439776
DUT	-0.249689868	0.020277893	0.005756009	-3.373810091	24.11778038	2.23987853567927	1.69297717290931
PLEKHA4	-0.701454783	0.020407005	0.005795925	-3.370016312	19.74548128	2.23687724298984	1.69022072911132
PHF3	-0.474602274	0.020407005	0.005798428	-3.369779321	22.09638673	2.23668973117178	1.69022072911132
ANKFY1	0.292757172	0.020431111	0.005808166	3.368858253	24.03614509	2.23596097979871	1.68970801672289
PTGIS	-0.225951984	0.020444196	0.005814775	-3.368233945	25.32769297	2.23546708543234	1.68942996408393
LTBP1	-1.65361802	0.020456497	0.005821166	-3.383406775	16.82616181	2.23499001592624	1.68916873346943
IFI35	0.731130924	0.020491407	0.005833997	3.366422509	20.21247228	2.23403379854027	1.68842822064433
HDAC2	-0.216833817	0.020511188	0.005842528	-3.365620462	25.54862772	2.23339919759789	1.68800918473633
JUP	-0.183539911	0.020542443	0.005854335	-3.364512443	25.79243406	2.23252242975178	1.68734790940824
SH3PXD2A	-0.41059196	0.020542809	0.005857739	-3.364193374	20.64539132	2.23226998283964	1.6873401717519
SCYL1	0.181053528	0.020542809	0.005860247	3.363958458	24.92112555	2.23208407878117	1.6873401717519
NAB2	-0.723690942	0.020560532	0.005870506	-3.362998515	20.99229162	2.23132446373758	1.6869656522412
IMPDH1	0.503233164	0.020560532	0.005871116	3.362941519	20.57350376	2.23127933885889	1.6869656522412
ZFC3H1	-1.748962935	0.02066114	0.005902766	-3.379848395	17.16013375	2.22894443292705	1.68484571950321
NOP53	-0.355064977	0.020663224	0.005906282	-3.359664249	24.22895398	2.22868582115013	1.68480191630271
AS3MT	-0.374396976	0.02083142	0.005958431	-3.354840619	21.41706934	2.22486808551981	1.68128112481246
EIF3G	-0.140741543	0.02083142	0.005960248	-3.354673317	25.94469084	2.22473566932172	1.68128112481246
COA4	-0.645076263	0.020844455	0.005966924	-3.359967178	22.76921469	2.22424949367774	1.68100945547109
SFR1	-0.563644491	0.02089293	0.005983754	-3.352513755	18.6092166	2.22302626919417	1.68000065079987
TAP2	1.260348287	0.020906711	0.005996567	3.359954961	19.80601202	2.22209730955806	1.6797142841073
MRPL9	-0.320914525	0.020906711	0.005994208	-3.351556079	23.51013729	2.2222681910392	1.6797142841073
RPS3A	-0.192014682	0.020906711	0.005994719	-3.351509337	29.16495425	2.22223116946415	1.6797142841073
EXOSC7	-0.492910255	0.020942196	0.006011753	-3.349952646	22.1459374	2.2209988712223	1.67897778012244
PPT2	0.599537603	0.020942196	0.006012666	3.349869331	17.75770515	2.22093292028318	1.67897778012244
PLXNA4	0.456837604	0.021050879	0.006046846	3.346759714	19.27815771	2.21847109178795	1.67672976505969
CYREN	-0.491337358	0.021074678	0.006056661	-3.345870031	17.79896126	2.21776673374127	1.67623905223781
ZDHHC5	1.217344705	0.021096762	0.00606599	3.347738018	18.87599255	2.21709830997465	1.67578419652432
UBR7	-0.363876171	0.021151239	0.006084644	-3.343341602	21.96762808	2.21576482636709	1.67466418738574
ERG	0.719554085	0.021185178	0.006097402	3.342192754	18.80426359	2.21485517112104	1.67396788266167
EIF2B3	-0.307554329	0.021219315	0.006110227	-3.341040365	23.57247917	2.21394265505759	1.67326864006342
USP28	-0.648224473	0.021364391	0.006155023	-3.337034345	18.61354297	2.21077031986436	1.67030948239788
ITGA6	0.578882084	0.021374695	0.006161013	3.336500915	22.13693985	2.21034787482576	1.6701000735945
MED1	-0.428361619	0.021413627	0.006175261	-3.335234124	21.96925854	2.20934468204168	1.6693097664899
HSP90AB4P	-0.355768222	0.021416155	0.006179018	-3.334900645	23.88505237	2.20908053964716	1.66925849859171
TCF12	-1.113145465	0.021472369	0.006201307	-3.337000117	19.97886636	2.20751676807159	1.66812003815013
AURKAIP1	-0.748772277	0.021472369	0.006200775	-3.332973186	19.21956558	2.20755402708415	1.66812003815013
APOC2	1.136407855	0.021506599	0.006214233	3.333716522	18.29647547	2.20661246709051	1.66742826243049
RYR1	0.584023899	0.021523897	0.006225317	3.330807303	20.4081376	2.20583852891568	1.66707909488417
PTPN20	0.584023899	0.021523897	0.006225317	3.330807303	20.4081376	2.20583852891568	1.66707909488417
TAF6	-0.554577329	0.021560464	0.006238941	-3.329608693	21.3546331	2.20488912135723	1.66634189698849
POP1	-0.280439414	0.021612359	0.006257013	-3.328022848	23.52201894	2.20363294270149	1.66529782706547
EXOC6B	-0.613242349	0.021618311	0.006261792	-3.327604234	21.38489418	2.20330136258185	1.66517823970896
EXT2	-0.607145756	0.021666996	0.006278957	-3.326103465	20.22021616	2.20211249109783	1.66420129685085
RELCH	0.88947032	0.021714548	0.006295807	3.324634276	20.01512108	2.20094859388275	1.66324920628098
ANO8	-0.715756004	0.021917444	0.006360597	-3.319021935	17.07309487	2.19650211994314	1.65921009441305
NT5C	0.292842031	0.021917444	0.00636083	3.319001883	22.31619773	2.19648621125392	1.65921009441305
SMC3	-0.168555446	0.022030771	0.006398457	-3.315769245	26.08992785	2.19392474432533	1.65697030379402
RNASET2	0.67734212	0.022030771	0.006399948	3.315641479	20.41238649	2.19382355467311	1.65697030379402
MSI1	-0.431871534	0.02213022	0.006431967	-3.312906497	22.1604685	2.19165619245529	1.65501426866149
RRP12	-0.24532846	0.022239404	0.006466844	-3.309942942	24.95628999	2.18930761543395	1.65287685571316
ARL6IP5	0.304899105	0.022396783	0.006515773	3.305812625	24.9421522	2.18603405428444	1.64981435781239
WDR82	-0.237721461	0.022422096	0.006526307	-3.304927548	23.62967077	2.18533250068759	1.64932379233487
DOCK4	-1.855754626	0.022466076	0.006542284	-3.341657406	18.90423293	2.18427060711478	1.64847277628432
TCOF1	0.304574961	0.022518152	0.006560632	3.302053471	26.16297711	2.18305432207376	1.64746725365791
WASHC4	0.429285567	0.022560465	0.006576149	3.300759201	21.51837302	2.1820283552696	1.64665195323245
IRF2	0.757784397	0.022579113	0.006584777	3.300040942	17.23792351	2.18145892826626	1.64629312294125
MYO15A	0.649926172	0.022588828	0.006590803	3.29953979	20.00450827	2.18106166928709	1.646106301454
ERLEC1	-0.390600618	0.022664561	0.006616104	-3.297440851	21.81343997	2.17939767663097	1.64465268856753
NHEJ1	-1.071715471	0.022711157	0.006632917	-3.297932582	19.29016529	2.1782954371457	1.64376074046471
CEP131	-0.550273021	0.022715954	0.006637528	-3.295669823	22.60054861	2.17799363386229	1.64366901943771
DHRSX	0.450064928	0.022726519	0.006643828	3.29515016	18.05131759	2.17758161939009	1.64346707966722
YIPF4	-0.433026209	0.022753162	0.006654833	-3.294243575	22.11883376	2.17686283847458	1.6429582410408
EIF2B5	-0.281779079	0.022781673	0.006666393	-3.293292954	23.80531408	2.17610908721009	1.64241438613975
MRPS12	-0.737959974	0.022812742	0.006678709	-3.294721464	21.76802918	2.17530747889602	1.64182251113283
COX17	-0.270941476	0.022912908	0.006711273	-3.289617898	25.12438436	2.17319509466872	1.63991978867147
JPT2	-0.242882545	0.022929439	0.006719356	-3.288958635	24.64139911	2.17267234882844	1.63960657074694
SP100	0.705169552	0.022966929	0.006733589	3.287799781	20.0569338	2.17175339529562	1.63889707217626
TAGLN	-0.502425254	0.023081814	0.006770535	-3.284803163	21.81194182	2.16937701250132	1.63673006296724
VPS50	0.816417787	0.023122359	0.006785697	3.283578225	20.53869884	2.16840553669885	1.63596786019874
ANK2	1.251615605	0.023163128	0.006800935	3.290538487	19.66022625	2.16743137590757	1.63520279289755
BRIX1	0.363756261	0.02321059	0.006818152	3.28096539	23.48467767	2.16633332108521	1.63431381988499
EPB41L4A	0.54472564	0.023307701	0.006849973	3.27841581	21.69355778	2.16431114032861	1.63250056183995
ZMIZ2	-0.324729214	0.02340341	0.00688141	-3.275908806	22.07938973	2.16232256576457	1.63072085898783
CACHD1	-0.822998698	0.02341429	0.006887919	-3.275391186	17.25650653	2.16191196870595	1.63051900695118
ANKRD36B	0.926929045	0.023426677	0.006894874	3.274838588	17.80604063	2.16147366590651	1.63028931033229
FDXR	-0.260289889	0.023432233	0.006899822	-3.274445871	24.24696201	2.16116211294606	1.63018632286832
E2F4	1.601433907	0.023433969	0.006906959	3.293005644	19.11284598	2.16071312197657	1.63015414892681
MCM6	0.175745753	0.023433969	0.006904526	3.274072755	27.50673949	2.16086613064803	1.63015414892681
PDS5A	-0.21981142	0.023489952	0.006928949	-3.272139618	24.95094567	2.1593326352462	1.62911787067052
SF3B2	0.190129209	0.023489952	0.0069301	3.272048673	26.43098869	2.15926049855777	1.62911787067052
CAMK1	-0.848338725	0.02350827	0.006938828	-3.273509062	20.86436569	2.15871387768866	1.62877932991796
GRPEL2	-0.707701622	0.023595862	0.006971189	-3.268812563	17.28055078	2.15669314269107	1.6271641524594
NUP214	-0.225208943	0.023595862	0.00697471	-3.268536116	24.46652586	2.15647384511788	1.6271641524594
RPL15	-0.193933208	0.023595862	0.006976467	-3.268398254	27.74313329	2.15636445572246	1.6271641524594
MRPL48	-0.429953832	0.023595862	0.006978024	-3.268276059	21.79291085	2.15626754118633	1.6271641524594
APEX2	-0.838019598	0.023603976	0.00698376	-3.26782626	16.93034813	2.15591069376792	1.62701483561382
NUP107	-0.26331126	0.02363633	0.006996675	-3.266814978	24.63188387	2.15510829887401	1.6264199552223
DNM1	0.56060366	0.023637377	0.007000326	3.266529383	19.41786934	2.15488173474226	1.6264007180458
PPP1R14C	0.348393369	0.023794767	0.007052476	3.262466896	21.45803926	2.15165838310032	1.62351854348593
ALDH2	0.406077856	0.023794767	0.007056691	3.262139881	22.20375825	2.15139889913565	1.62351854348593
L2HGDH	-0.323815693	0.023794767	0.00705799	-3.262039113	23.17517336	2.15131896129879	1.62351854348593
NADK2	-0.424476412	0.023794767	0.007060392	-3.261852871	20.28126704	2.15117118581636	1.62351854348593
MIS18BP1	-0.826308141	0.023795932	0.007064102	-3.261565377	18.13447448	2.1509430385192	1.6234972807988
RAB4A	0.321858277	0.023802738	0.007069487	3.261148311	22.10468332	2.15061209980318	1.62337308370405
TMEM256	-0.635836175	0.023876274	0.007094703	-3.259199657	20.36026434	2.14906578035603	1.62203344586324
TIMM8A	-0.380889606	0.02388411	0.007100408	-3.258759772	23.12667497	2.14871669535731	1.62189093731093
TPI1	0.188017905	0.023915006	0.007112973	3.257792122	30.15857055	2.14794883982925	1.62132950583251
AHCTF1	-0.264521458	0.023989845	0.007139655	-3.255743099	23.98677382	2.14632277354823	1.61997255802892
AIP	-0.226210138	0.023989845	0.007142015	-3.255562259	24.50706159	2.14617924201633	1.61997255802892
VCAN	-1.444055429	0.023996894	0.007147506	-3.263165592	18.15418248	2.14584547139973	1.61984496686984
IFT27	-0.432280659	0.024008508	0.007155726	-3.254512712	21.67426844	2.14534629736211	1.61963482817706
TRAPPC2L	-0.598923836	0.024008508	0.007157753	-3.254357725	20.06216113	2.14522329233717	1.61963482817706
GTF2B	-0.391479619	0.024041527	0.007170995	-3.25334626	23.62547078	2.14442058031144	1.61903795153565
CFAP36	-1.001661192	0.024086719	0.00718788	-3.254426794	20.180577	2.14339918194883	1.61822235389287
RNH1	-0.310605697	0.024099106	0.007194983	-3.252229984	26.3665141	2.14297022785871	1.61799906806697
WDR12	0.300474865	0.02410487	0.007200112	3.251128983	24.21730255	2.14266074792933	1.61789520636869
MT1X	-0.590549428	0.024120559	0.007208208	-3.250514054	21.01373469	2.14217268984962	1.61761263153179
ALKBH2	-0.599046966	0.024161662	0.007223907	-3.249323667	17.71169186	2.14122785373093	1.61687319535706
C12orf29	-0.479938022	0.024167245	0.007228992	-3.248938623	20.55331843	2.14092225586692	1.6167728551568
NCSTN	0.248659545	0.02435946	0.007298271	3.243720253	23.96689552	2.13678001441348	1.61333234336345
GIPC1	0.235608624	0.02435946	0.007298363	3.243713342	24.51438834	2.13677453985101	1.61333234336345
PLEKHA7	-0.811123972	0.02435946	0.007298403	-3.243710315	19.11318665	2.13677215962799	1.61333234336345
PANK4	0.218744524	0.02435946	0.007300262	3.243570985	24.19496197	2.13666155315182	1.61333234336345
MYH14	0.226283785	0.024436837	0.007326906	3.241577965	26.38563099	2.13507938017427	1.61195500801801
SFRP1	1.378402839	0.024495758	0.007348035	3.258171856	20.117566	2.1338287837393	1.61090911713339
CEP97	-0.374539997	0.024500643	0.007354411	-3.239528173	22.31081723	2.13345210331617	1.61082251777067
GSTK1	-0.227833452	0.024500643	0.007356427	-3.239378239	23.17030133	2.13333307030377	1.61082251777067
POLR1C	0.302996718	0.024536895	0.007370781	3.238311941	25.21225481	2.1324864923282	1.61018039554887
APBB2	0.621380932	0.02453935	0.007374987	3.237999847	16.66665674	2.13223874088651	1.61013694507894
RALBP1	-0.786640385	0.024563654	0.007389236	-3.239284644	21.36469125	2.13140046257089	1.60970702865467
DYRK1A	-0.320827923	0.024563654	0.007388909	-3.236968181	22.95091654	2.13141968207315	1.60970702865467
USP43	-0.310677675	0.02460378	0.007404785	-3.235794173	26.22319303	2.13048754682125	1.60899816496861
TATDN1	0.200632985	0.024725074	0.007445559	3.232790529	24.47419028	2.12810269059122	1.60686239992316
DNAJB2	-0.515848559	0.024725074	0.00744828	-3.232590676	21.79459275	2.12794400547338	1.60686239992316
C19orf47	0.550001085	0.024755217	0.00746086	3.23166767	22.51269322	2.12721110929306	1.60633326236463
UNC119B	-0.505389144	0.024773294	0.007472303	-3.230829413	21.72441642	2.12654552588931	1.60601624327646
UFC1	0.199883871	0.024773294	0.007473312	3.230755577	23.42376166	2.12648688619695	1.60601624327646
STXBP4	-2.98035188	0.024773732	0.007479032	-3.298012131	18.91577938	2.12615460858781	1.60600856487481
VAPA	-0.179971217	0.024773732	0.007482696	-3.230069257	27.10559694	2.12594189853005	1.60600856487481
RAB9B	-0.482247494	0.024773732	0.007486317	-3.229804653	18.65637591	2.12573178710191	1.60600856487481
DDX39A	0.504605154	0.024773732	0.007487453	3.229721696	22.60372793	2.12566589073348	1.60600856487481
RPS12	-0.276966728	0.024784142	0.007494102	-3.229236166	27.8600673	2.12528040014859	1.6058261113005
MOB1A	-0.470139181	0.024795727	0.00750111	-3.228724964	20.02452996	2.1248744657809	1.60562315385967
RPL19	-0.462042288	0.024887384	0.007532357	-3.231888392	24.30905911	2.12306910455343	1.60402075120471
POLR1D	-0.642413132	0.024898514	0.007542764	-3.228017279	22.24354895	2.12246948039239	1.60382657181423
MINPP1	-0.369652905	0.024898514	0.007540924	-3.225829906	21.33490782	2.1225754361574	1.60382657181423
BTF3	-0.346156529	0.024913607	0.007550858	-3.227429722	25.6796174	2.12200369691464	1.60356339061718
EHMT2	-0.321747581	0.024922334	0.007557027	-3.224663374	22.01042393	2.12164902611753	1.6034112880219
SDCBP	0.368103701	0.02495274	0.007569774	3.22374171	22.99981161	2.12091708642041	1.60288175859593
PUM3	0.289818607	0.024957041	0.007574607	3.223392673	25.63343869	2.12063989512388	1.60280690751328
CCDC43	0.182048447	0.025009869	0.007594176	3.221981731	23.79059096	2.11951934202068	1.60188858306862
TRIM4	0.229009743	0.025119098	0.007630894	3.219344228	28.14429826	2.1174245791457	1.59999595970618
CMC2	-0.671931352	0.025125038	0.00763625	-3.218960546	19.39126425	2.11711986185993	1.59989327272856
PARD3	-0.393082678	0.025169304	0.007655796	-3.217562708	22.86438637	2.11600964749541	1.5991287937142
INTS3	-0.272407211	0.025169304	0.00765682	-3.217489634	24.42001724	2.11595156237787	1.5991287937142
QKI	2.236518251	0.025352668	0.007716185	3.267081584	18.45657217	2.11259736844184	1.5959763307406
C1orf198	0.683551028	0.025392623	0.007733327	3.215592286	22.22746798	2.11163362550111	1.59529243518032
SAP18	0.21716463	0.025392623	0.007735525	3.211898204	24.31749868	2.11151020596389	1.59529243518032
MAP2K7	-0.58636208	0.025450927	0.007756884	-3.21039069	19.86652925	2.11031270314607	1.59429639471611
IDH3G	-0.239058555	0.0255351	0.007786148	-3.208332109	22.63084222	2.10867734541975	1.59286243703056
TMEM222	0.95819161	0.025640537	0.007821923	3.205826118	18.19169095	2.10668646361269	1.5910728834553
RNF141	-0.766828919	0.025676243	0.007836445	-3.20481216	17.14831191	2.10588091015087	1.59046852280472
CHD1L	-0.252463337	0.025679533	0.007841079	-3.204488976	22.53164233	2.10562417054228	1.59041287847574
PLEKHF2	-0.307500317	0.025852546	0.007897562	-3.200565538	22.429231	2.10250695597018	1.58749668045
UTP14A	-0.33186071	0.025892406	0.007913399	-3.199470554	23.23221085	2.10163693624018	1.58682759174459
ACYP2	-1.202033085	0.025972431	0.007944048	-3.2003384	18.05224938	2.09995814038476	1.58548739883145
PKP3	-0.242504788	0.025972431	0.007945199	-3.197278489	25.12360537	2.0998952207323	1.58548739883145
GINS4	-0.543546691	0.026016697	0.007964134	-3.195977532	22.06514666	2.09886144139061	1.58474784096921
FAM120A	0.155651201	0.026016697	0.007966096	3.195842864	25.15336584	2.09875446418089	1.58474784096921
TP53RK	-0.238021044	0.0260758	0.007987879	-3.194350393	23.35068958	2.09756852242306	1.58376235863467
NEDD8	0.250799988	0.02610312	0.007999939	3.193525936	26.06828066	2.09691332451611	1.58330758010227
PTP4A2	-0.304277666	0.026110754	0.008005969	-3.193114109	23.12866293	2.09658609586406	1.58318058687827
CSF1	0.642708763	0.026134169	0.008016843	3.192372316	16.8011671	2.09599662144207	1.58279130480488
LRRFIP2	0.252797296	0.026158592	0.008028033	3.191610044	23.91329364	2.09539085097174	1.58238563584804
USP34	-0.43495303	0.026195377	0.008045282	-3.190437067	19.70008723	2.09445872858205	1.58177534686897
Uncharacterized protein FLJ45252 OS=Homo sapiens OX=9606	-0.652868646	0.026195377	0.008046728	-3.19033886	20.11776901	2.09438067868989	1.58177534686897
CLDN1	0.583555717	0.026210548	0.008057119	3.189633597	22.19636169	2.0938202219757	1.58152389889742
PRDX3	-0.204256662	0.026210548	0.008058799	-3.189519701	25.81677285	2.09372967612752	1.58152389889742
SYNRG	-0.740668285	0.02622501	0.008066952	-3.188967061	20.16491299	2.09329052718957	1.5812843375312
PPIG	0.323177448	0.026232702	0.008073027	3.188555708	22.70497655	2.09296359502911	1.58115697424937
TRAM1	-0.183122185	0.026260144	0.008085184	-3.187733379	24.35166701	2.09231009211189	1.58070289674487
GTSE1	-1.26645479	0.026290288	0.008101898	-3.194221938	19.12574419	2.09141322873031	1.58020465633846
GMPPB	-0.197573704	0.026290288	0.00809967	-3.186755176	23.86793466	2.09153267496068	1.58020465633846
MAN1B1	-0.362985579	0.026311189	0.008112059	-3.185920029	21.82015242	2.09086889932222	1.57985952574663
ZNF148	0.284385355	0.026317298	0.008117662	3.185542675	23.32433832	2.09056903562416	1.57975870183346
ERMP1	0.338001842	0.026341663	0.008128902	3.184786633	25.04414412	2.08996811216054	1.5793568106603
IMP4	-0.477145176	0.026411205	0.008154096	-3.183095691	18.69711259	2.08862417980748	1.57821178383994
MRPL16	-0.43838624	0.026426091	0.008162427	-3.182537674	23.18792068	2.08818068977677	1.5779670738219
TMEM179B	0.422475426	0.026441663	0.008170975	3.181965771	20.40042323	2.08772611827106	1.57771123417084
PIGX	-0.731466061	0.026464905	0.008181898	-3.181235807	17.97915362	2.08714593895562	1.57732966063927
PFN1	0.136655596	0.026518232	0.008202133	3.179886132	29.2678933	2.08607319277863	1.57645543419787
ARHGAP35	-0.367636898	0.026525627	0.00820817	-3.179484122	21.68972844	2.08575365743482	1.57633434166142
GTF3C1	-0.296636668	0.026695234	0.008267125	-3.175573926	23.91475693	2.08264549573381	1.5735662679335
MIER1	-0.423207365	0.026695234	0.008268202	-3.175502766	21.26455667	2.08258892168992	1.5735662679335
ST14	0.417857573	0.026737542	0.008285085	3.174388287	23.10647806	2.08170303162104	1.57287852021924
TOP2B	0.725969824	0.026779228	0.008301788	3.180827349	22.65698428	2.08082836124969	1.57220194712135
FAR1	-1.099775957	0.026873818	0.008342508	-3.178138673	20.04019752	2.07870336820878	1.5706706283737
WDR81	-0.502160154	0.026873818	0.008336511	-3.171007742	17.96339463	2.07901567244204	1.5706706283737
RBBP4	-0.188445953	0.026873818	0.00833963	-3.170803401	27.18742524	2.07885321705085	1.5706706283737
DNAJC9	-0.213890721	0.026978373	0.008378779	-3.168244887	24.60588418	2.0768192644482	1.56898424511735
SPECC1	-0.694334522	0.027102645	0.008421206	-3.2173521	25.30556054	2.07462570878068	1.56698832341156
RNASEH2B	-0.33442153	0.027148628	0.008439332	-3.164311313	21.24697215	2.07369192780505	1.56625211329742
CAND1	-0.224998029	0.02722798	0.008467848	-3.16246874	27.80326871	2.07222694627777	1.56498457707335
AFDN	-0.219015682	0.02728056	0.008488057	-3.161166714	24.94559049	2.07119171267147	1.56414671897107
RBM5	-0.293169854	0.027311469	0.008501534	-3.160300104	22.7895712	2.07050270397665	1.56365493986627
ARHGEF16	0.300278685	0.027368483	0.008523151	3.158913075	23.84909933	2.06939981733168	1.56274927431029
OSBPL8	-0.629516999	0.027406386	0.00854116	-3.159963327	22.3839449	2.06848314249748	1.56214822982856
HNRNPR	0.302109848	0.027406386	0.008542703	3.157661536	24.84435138	2.06840469227959	1.56214822982856
ACADSB	-0.358240658	0.027468517	0.008565952	-3.156177114	21.99268005	2.06722436353664	1.56116478710665
ZNF143	-0.783894422	0.027473657	0.008571439	-3.155827396	16.6872106	2.06694626123931	1.56108352808535
PATZ1	-0.405056443	0.027555444	0.008600851	-3.15395651	20.3611589	2.06545857592859	1.55979258680884
BAG1	0.36032775	0.027659136	0.008637126	3.151657944	20.70561212	2.06363074478739	1.55816139025321
RAB11B	0.128439942	0.027666112	0.008643216	3.15127305	27.48027456	2.06332463354211	1.55805186925036
ARPP19	-0.300515681	0.027792166	0.008686525	-3.148543394	22.38123311	2.06115392610058	1.55607760488904
MRPL11	-0.353840458	0.028043118	0.008768925	-3.143387698	23.64962865	2.05705364439724	1.55217370058727
ERAP1	-0.35837826	0.028048676	0.008774628	-3.14303267	23.24094219	2.0567712863689	1.55208763421049
CBWD2	0.632810298	0.028106377	0.008796652	3.141663803	21.63228225	2.05568258859863	1.5511951327033
GOLIM4	-1.349414735	0.028164849	0.008822191	-3.153376214	19.68112131	2.05442354400172	1.55029257280223
UQCRQ	-0.214273615	0.028164849	0.008822916	-3.140035978	23.86126829	2.0543878555245	1.55029257280223
BTBD10	-0.723755273	0.028182466	0.008832418	-3.139448183	16.66081154	2.05392038585607	1.55002100826941
BICC1	0.95277267	0.028259124	0.008860438	3.137718754	18.28108547	2.0525448090067	1.54884130490298
EIF3L	-0.375001262	0.028294767	0.008875613	-3.144113099	26.55498768	2.0518016424054	1.54829387801531
RBMX	0.234399754	0.028372057	0.008903869	3.135048971	26.46094606	2.05042123827304	1.54710917631679
PAK2	-0.175029945	0.028379199	0.008910178	-3.134662199	26.58875637	2.05011361990862	1.54699986662306
TLE3	-0.438661703	0.028379199	0.008916116	-3.134298501	22.33356549	2.04982428991901	1.54699986662306
C2orf69	-0.386214586	0.028379199	0.008918145	-3.134174231	19.20821731	2.04972547074085	1.54699986662306
ARHGEF5	-0.411972475	0.02860421	0.008992898	-3.1296169	21.95857332	2.04610033244981	1.54357004221324
UBE2D2	-0.219918275	0.028619496	0.00900175	-3.129079799	25.22707619	2.04567305262039	1.54333801859672
POLR1B	-0.429934316	0.028632862	0.009010002	-3.128579573	21.77894546	2.04527511261818	1.54313523986923
INTS10	-0.342247913	0.028676514	0.009027791	-3.127502713	20.86452223	2.0444185037145	1.54247364388918
P3H3	0.672107147	0.028680782	0.009033189	3.127176371	19.05151431	2.04415890299703	1.54240901152394
YBEY	-0.648760419	0.028683	0.009037943	-3.126889184	18.60974031	2.04393040198064	1.54237542708694
RPL23	-0.240245254	0.028789927	0.009075705	-3.124612963	27.07256596	2.0421196290227	1.54075943632155
ARHGEF11	-0.34549967	0.028820672	0.009089471	-3.12593109	25.54509144	2.0414613916368	1.54029589713447
API5	-0.156937836	0.028863381	0.009107021	-3.122732533	26.45108698	2.04062366197762	1.53965279785652
H1-2	-0.318786958	0.028921783	0.009133625	-3.128379607	29.26787827	2.03935682322759	1.53877493671665
FCHO2	-0.200788434	0.028921783	0.009131363	-3.121275365	23.86425591	2.03946439232351	1.53877493671665
MRPS28	-0.197180084	0.028964542	0.009153098	-3.119977586	22.5872878	2.03843188772737	1.53813333436483
PCYT2	-0.264432417	0.028964542	0.009155318	-3.11984521	22.13711862	2.03832656635445	1.53813333436483
VPS41	0.686717599	0.029140301	0.009219043	3.116058914	19.82448451	2.03531415935749	1.53550596656864
NOC2L	0.27619554	0.029140301	0.009219111	3.116054839	24.3452167	2.03531095599724	1.53550596656864
SGF29	-1.558596853	0.029357268	0.009295653	-3.128995397	18.86226056	2.03172009654991	1.53228436250701
DCAF11	-0.69842112	0.029357268	0.009296053	-3.111518248	19.15757779	2.03170140888426	1.53228436250701
TBL1XR1	-0.166857841	0.029371555	0.009304729	-3.111009084	24.32483848	2.03129627116497	1.53207306028543
NUDCD3	-0.525909897	0.029463747	0.0093381	-3.109055064	20.47254319	2.02974147960037	1.53071202334727
HDAC5	-0.414695496	0.029468306	0.009343711	-3.108727216	21.51711154	2.02948060270666	1.53064482906347
RPL34	-0.263440303	0.029513933	0.00936235	-3.107639516	27.08539493	2.02861512733725	1.529972912954
COQ8B	-0.83000535	0.029580177	0.009387546	-3.106172693	19.1934401	2.0274479218922	1.52899923162739
TNPO1	0.129065961	0.029694037	0.009427878	3.103832886	26.18356297	2.02558604603206	1.52733075465595
RBKS	0.365266898	0.029756784	0.009457922	3.102096424	21.74979822	2.02420427195617	1.52641400748522
IST1	-0.444692919	0.029756784	0.00945957	-3.102001361	22.35450309	2.02412860470514	1.52641400748522
ATP13A1	0.252498571	0.029756784	0.00946042	3.101952338	24.01700382	2.02408958245303	1.52641400748522
SSRP1	0.189424918	0.029779985	0.009472005	3.101284388	25.48176686	2.02355808136948	1.52607552533532
STON1	-0.70598839	0.029855459	0.009500232	-3.0996605	19.80006121	2.02226578891225	1.5249762475559
MRFAP1	-0.325548503	0.029873839	0.009510303	-3.099082246	22.09735122	2.02180564614022	1.52470896389121
PLD2	0.427884347	0.029877337	0.009517981	3.098641831	17.55681016	2.02145516648446	1.52465811427782
GATC	0.402598789	0.029877337	0.009519864	3.098533895	20.4860633	2.02136925586673	1.52465811427782
NRCAM	2.535977079	0.029893632	0.009537734	3.158526271	18.55104873	2.02055479386934	1.52442131608377
LTN1	-0.301607345	0.029893632	0.009537234	-3.099419762	26.61159685	2.02057756163923	1.52442131608377
MRPL49	-0.251959176	0.029893632	0.009536951	-3.097555219	22.3624389	2.02059044872598	1.52442131608377
TXNL4B	-0.433687883	0.030062002	0.009595703	-3.094203719	20.2700638	2.01792320249842	1.52198210064196
HSPA14	-0.231389012	0.03008875	0.009608494	-3.093476765	22.77101329	2.01734467671684	1.52159585411365
CBX2	-0.627198871	0.030128448	0.00962543	-3.105322437	23.45489652	2.01657986000587	1.52102323946491
ZBTB7A	-0.722020437	0.03023635	0.009664762	-3.090290457	18.12542204	2.01480883624064	1.51947063613819
MAPK1	0.149852109	0.03023635	0.009668451	3.090082217	26.50324605	2.01464309944736	1.51947063613819
TNPO3	0.159735362	0.030247345	0.009676243	3.08964264	23.91284155	2.01429323371302	1.51931274010088
TOM1L2	0.325333401	0.030318988	0.009704135	3.088071945	23.76397232	2.01304317037033	1.51828529886289
RBM38	0.262203649	0.030318988	0.009709942	3.08774551	22.9000663	2.01278336423774	1.51828529886289
DENND1A	-0.684061002	0.030318988	0.00971202	-3.087628794	17.29049279	2.01269043192361	1.51828529886289
ARPC1A	-0.167253993	0.030363039	0.009730423	-3.086595806	25.17539593	2.01186827971389	1.51765476258951
CAPN5	0.33024767	0.030435238	0.009762119	3.084821236	23.71064458	2.01045590260776	1.51662329776566
ZCRB1	-0.535300391	0.030435238	0.009762243	-3.084814337	20.12155926	2.01045038616468	1.51662329776566
C2CD5	0.339967947	0.030435238	0.009766467	3.084578252	21.54951126	2.01026251303633	1.51662329776566
NUP88	-0.281691987	0.030446554	0.009779348	-3.083859087	23.97129412	2.009690099143	1.51646185454093
VAMP2	0.268014834	0.030446554	0.009782978	3.083656578	23.49493913	2.00952892311645	1.51646185454093
CDC20	-0.601151318	0.030446554	0.009783011	-3.083654776	20.45409491	2.00952745815417	1.51646185454093
PODXL2	0.569849	0.030459659	0.009791527	3.083179969	19.79441328	2.00914957418662	1.51627496295819
ABI1	0.219708279	0.030556062	0.009826837	3.081215881	23.70873902	2.00758624763045	1.51490261743508
FPGS	-0.494068096	0.030637326	0.009857302	-3.079526943	20.91198324	2.00624193768066	1.51374914224185
PXMP2	-0.358743562	0.030769572	0.009904201	-3.076937202	21.34526439	2.00418055448055	1.51187854467978
CRIP2	0.312859581	0.030790897	0.009915417	3.079503319	27.23222077	2.00368901650752	1.51157765905147
HMGN1	0.371496911	0.030923037	0.009963527	3.075524179	24.52928973	2.00158689797273	1.50971785991635
PPP1R11	0.357653418	0.030923037	0.009970367	3.07330438	21.82058233	2.00128885541539	1.50971785991635
EFHD2	-0.155467451	0.030923037	0.009971084	-3.073265157	25.58161916	2.00125762507576	1.50971785991635
PLEKHG2	-1.469454101	0.030936368	0.009984129	-3.107486935	20.53692263	2.00068981632088	1.50953067480431
POLD3	-0.288969505	0.030936368	0.009980693	-3.072739639	20.99181441	2.00083930283817	1.50953067480431
GALT	0.688536004	0.031068473	0.010031155	3.069988147	21.32627354	1.99864905887914	1.50768009157833
ERCC6	-0.546472213	0.031100896	0.01004602	-3.069180279	20.09511541	1.99800596156558	1.50722709900369
ATL3	0.137073925	0.031108836	0.010052983	3.068802301	25.85384011	1.99770505185394	1.50711623859346
OCIAD1	0.232277815	0.03131279	0.010123318	3.064998644	25.17324515	1.99467712060717	1.50427823459893
BBX	-0.36738881	0.031374254	0.01014799	-3.063670688	20.94842304	1.99361996941118	1.50342659180685
USP38	-0.359041457	0.031374254	0.010152059	-3.063451974	20.64788706	1.99344586694763	1.50342659180685
ATAD1	0.356668919	0.031389769	0.010161517	3.062943994	23.39581556	1.993041451939	1.50321188029851
CNOT10	-0.387553636	0.031463265	0.010189757	-3.061429998	21.7732684	1.99183617269794	1.50219621184915
CKS2	0.598504446	0.031469681	0.010196283	3.061080711	19.28256423	1.99155811909991	1.50210765939507
PRPF8	-0.503390886	0.031682679	0.010269774	-3.104761964	29.23223032	1.98843911352374	1.49917810278565
UBA1	-0.183305881	0.031795885	0.010310964	-3.054979413	28.63822367	1.98670072944887	1.49762908245054
TPRKB	-0.366413606	0.031801911	0.010317414	-3.054638295	21.64553027	1.98642914246325	1.49754678215963
DNAJC17	-0.419434386	0.031843782	0.0103355	-3.053682922	21.68984881	1.98566850868465	1.49697535788823
FNTA	-0.424512948	0.031859686	0.010345165	-3.053173021	23.32592765	1.98526257817195	1.49675850879664
NUDT19	0.338694038	0.031939172	0.01037549	3.051576373	21.60312758	1.98399138384276	1.49567634682284
PTAR1	-0.416198473	0.031944325	0.010385944	-3.05102702	20.297552	1.98355402340826	1.49560628430043
XRN2	-0.155568908	0.031944325	0.010390854	-3.050769238	25.74588745	1.98334875732772	1.49560628430043
NMT1	0.248855535	0.031944325	0.010392977	3.050657783	25.46491216	1.98326003382065	1.49560628430043
ZNF207	-0.263570885	0.031944325	0.010395227	-3.050539708	24.40830915	1.98316602256426	1.49560628430043
TGOLN2	-0.313609153	0.031962359	0.010405614	-3.049994935	22.07247377	1.98273228845144	1.49536117482504
TRMT13	0.303232542	0.032059995	0.010441932	3.048094401	21.15536331	1.98121913933072	1.4940365497134
RAB6D	0.46488801	0.032062401	0.010447248	3.047816771	20.82616366	1.98099809575547	1.49400395852563
RPA2	-0.199911923	0.032113875	0.01046856	-3.046705175	23.88028714	1.98011305347534	1.49330728740825
YBX1	0.17864857	0.032252279	0.010518237	3.044122941	27.99468006	1.97805704776171	1.49143959196966
DHRS4	-0.293955935	0.03226516	0.010526999	-3.043668754	22.79225694	1.97769541832023	1.4912661769246
SPCS3	-0.277261371	0.032295833	0.010541572	-3.042914189	23.59064589	1.97709462062074	1.49085350930514
GNB5	0.406746577	0.032340931	0.010562988	3.041807177	16.72251763	1.97621321358673	1.49024748219267
PAX8	-0.179462367	0.032340931	0.010565436	-3.041680801	24.95728661	1.97611257636963	1.49024748219267
ARFGAP2	-0.161029075	0.032402237	0.010594366	-3.040189322	24.85129718	1.97492502771582	1.48942500574341
CDIPT	0.331031983	0.032402237	0.010594624	3.040176011	20.98573784	1.97491445165944	1.48942500574341
SOGA1	-0.331891321	0.032680962	0.01069128	-3.035222594	23.3058878	1.9709702963199	1.48570516801654
COX19	-0.619007266	0.032680962	0.010694999	-3.035032875	21.33999415	1.9708192516997	1.48570516801654
SEPTIN9	0.169739712	0.032682079	0.010699985	3.034778679	26.45951238	1.97061683113926	1.48569032455366
OSM	0.38053397	0.032729588	0.010722423	3.033636132	20.49239128	1.96970706383873	1.48505946155581
FLOT1	0.332255056	0.032729588	0.010724793	3.033515603	21.57787484	1.96961108141133	1.48505946155581
CLK1	-0.872894921	0.032755295	0.010737847	-3.032852136	17.31076127	1.9690827884459	1.48471848488125
SLX9	-0.292402742	0.032762521	0.010744847	-3.032496694	22.25963825	1.96879976421431	1.48462268767278
UBE2R2	-0.325380838	0.032791424	0.010758962	-3.031780711	23.26711365	1.96822962638501	1.48423972325397
NAP1L1	-0.136406387	0.032856589	0.010787802	-3.03032066	26.68565022	1.96706703321438	1.48337752475274
CEBPZ	-0.229419198	0.032856589	0.010789632	-3.030228153	23.55207053	1.96699336746675	1.48337752475274
RIDA	-0.387656979	0.032914088	0.010813167	-3.029039798	22.36411968	1.96604708965567	1.48261817405374
SLC39A10	0.435560333	0.032916404	0.01081858	3.028766806	23.07326381	1.9658297391033	1.48258761599501
SLC35E1	-0.932198928	0.032952039	0.010839104	-3.029720533	19.96160455	1.96500661668497	1.48211770704718
ZFYVE19	-0.571798918	0.032952039	0.010839882	-3.02769397	17.83456417	1.96497544538322	1.48211770704718
PLA2G4A	0.955834617	0.032952039	0.010844267	3.027473395	17.83447313	1.96479979806323	1.48211770704718
RALGAPB	-0.515822091	0.032978248	0.010857554	-3.026805558	22.05517249	1.96426800199855	1.48177242037565
PSMA6	-0.160910308	0.033049697	0.010887405	-3.025308178	26.58935841	1.96307562148194	1.48083251777687
ISG15	0.364647077	0.033049697	0.010890422	3.025157083	23.95260026	1.96295529116062	1.48083251777687
HSPB11	-0.222876691	0.033059872	0.010898448	-3.024755282	22.75069161	1.9626353436214	1.48069883224676
SRGAP1	0.369575659	0.033074396	0.010912285	3.02406326	20.23425139	1.96208429991716	1.48050807809321
CPSF1	-0.191559357	0.033074396	0.010912587	-3.024048193	23.92597337	1.96207228088369	1.48050807809321
CDK6	0.266383153	0.03321783	0.010964607	3.021454549	21.84637205	1.96000692994999	1.47862874183669
PPIA	0.155065778	0.03333339	0.011007464	3.019327059	30.23155329	1.95831272622973	1.47712051641967
SNAPC1	0.507340774	0.033367134	0.011026337	3.018392791	17.3484178	1.95756873823043	1.47668109455703
COA3	-0.270080274	0.033367134	0.011028041	-3.018308516	22.45461488	1.95750162794524	1.47668109455703
NR1I3	-0.569084807	0.033378464	0.011036504	-3.017890166	17.91169087	1.9571684749724	1.47653365242827
SPATS2L	-0.213080681	0.033482431	0.011075613	-3.015961001	23.99403369	1.95563222761957	1.47518301747814
FAM117B	-0.423923286	0.033562413	0.011106815	-3.014426813	19.94555864	1.95441046187225	1.47414682272676
WNK3	-0.478402726	0.033647675	0.011139787	-3.012810244	18.16404495	1.95312311307692	1.47304493945056
FBXO9	-1.211217371	0.033906362	0.011230224	-3.015015234	18.3923183	1.94961158113892	1.46971880556499
HS1BP3	-1.227027178	0.033994595	0.011264254	-3.037520978	21.22170448	1.94829756509519	1.46859012849525
RPL21	-0.221118651	0.034063987	0.011292062	-3.005406196	26.08363642	1.94722674598881	1.46770452164757
LGMN	-0.449279356	0.034072156	0.011299587	-3.005042925	21.36506194	1.94693742969347	1.46760038450439
EDF1	-0.255351003	0.034209137	0.011349851	-3.002622518	26.08825957	1.9450098398191	1.46585788170109
TNFRSF1A	-0.945781521	0.034238475	0.011364425	-3.001922743	16.81687742	1.94445253315894	1.46548558727275
ANKLE2	-1.045446534	0.034282926	0.011384025	-3.003978745	19.58359801	1.94370415918606	1.46492211873763
PRKCZ	-0.364473041	0.034298035	0.011393891	-3.000510637	21.18336589	1.94332793955065	1.4647307608057
ATP2B2	-0.948567579	0.034303449	0.011400539	-3.002135842	19.94138077	1.94307461540106	1.4646622121332
RILPL1	1.127044711	0.034411489	0.011441996	3.001202054	18.64769549	1.94149820839505	1.46329653486257
ESRRA	0.899697729	0.034411489	0.011446174	2.998014047	18.69466295	1.94133965641247	1.46329653486257
OSBPL3	0.540508025	0.034710967	0.011552342	2.992979321	20.22532887	1.93732996256233	1.45953328731061
MYDGF	-0.245908118	0.034710967	0.011555602	-2.992825492	24.47540003	1.93720742461431	1.45953328731061
NXF1	-0.210734512	0.034796205	0.01159508	-2.990965679	24.20793575	1.93572625061041	1.45846811919802
FBXO22	-0.462952345	0.034796205	0.01159826	-2.990816181	18.77511345	1.93560715983167	1.45846811919802
UBE2G2	-0.350616548	0.034796205	0.011598735	-2.990793829	21.92062113	1.93558937391768	1.45846811919802
XPOT	0.265561652	0.034871728	0.011628839	2.989380359	24.39670168	1.93446364219869	1.45752653148062
CAMSAP1	-0.452687691	0.03491513	0.011648248	-2.988470972	17.71809346	1.93373939147498	1.45698633660513
RAB6B	1.380939809	0.034962712	0.01167895	3.039801931	21.96403314	1.93259620086268	1.45639488722318
TSPAN1	-0.576862912	0.034962712	0.011674411	-2.987247565	17.29341261	1.93276502133166	1.45639488722318
AURKB	-0.459478839	0.034962712	0.011678012	-2.987079393	20.55598496	1.93263108281558	1.45639488722318
GATB	0.681445602	0.035004374	0.011697814	2.986155495	19.70880634	1.93189528837668	1.45587768463899
FUBP1	-0.13579299	0.03505159	0.011718548	-2.985189828	27.76882741	1.93112619673546	1.4552922769109
CD74	-1.11058921	0.035078711	0.011737533	-2.987262133	18.79060529	1.93042317370792	1.45495637356918
TIMP1	0.426209291	0.035078711	0.011737329	2.98431661	18.85806834	1.93043072187364	1.45495637356918
FHIP2B	-0.541681398	0.035089517	0.011746109	-2.983908859	21.57173421	1.93010597336545	1.45482260971786
FAM3C	-0.29128251	0.035101534	0.011755094	-2.983491906	24.07084711	1.92977389367489	1.45467390367156
DCAF13	-0.352906115	0.035109371	0.011762682	-2.983140043	22.77094621	1.92949364382108	1.45457695104379
MKRN1	-0.425772579	0.035278342	0.011827288	-2.980153208	18.75898905	1.92711482778629	1.45249183389088
POLR3D	0.373146878	0.035278342	0.011829266	2.980062038	20.44105548	1.92704220229002	1.45249183389088
NFATC2	-1.237243887	0.03566339	0.011973502	-2.979880631	19.19991362	1.92177880892206	1.44777737713603
SPC24	-0.248757096	0.03566339	0.011971613	-2.973539483	22.63939169	1.92184733081289	1.44777737713603
CABLES2	-0.896591695	0.03566339	0.011972791	-2.973485822	18.73108553	1.921804598582	1.44777737713603
NAA20	0.264310325	0.035714472	0.011997186	2.972375914	22.80546124	1.92092060795123	1.44715576606811
NOTCH2	0.583179806	0.035714472	0.012000749	2.972213979	21.22519449	1.9207916475844	1.44715576606811
POLR3C	-0.433436578	0.035770816	0.012024738	-2.97112506	20.87997809	1.91992437744011	1.44647115265911
ATXN7	-0.538415994	0.035840801	0.012053331	-2.969829998	17.45619933	1.91889291698884	1.44562229292753
CRTAP	-0.318427455	0.036048643	0.012128325	-2.966447853	23.62961013	1.91619917386444	1.44311107903621
TUBB	0.146225016	0.036180455	0.012177787	2.964228612	32.13917205	1.9144316264002	1.4415259758193
TMEM165	-0.35620249	0.036349783	0.012242838	-2.96132357	22.59593379	1.91211789715181	1.43949817743724
NDUFB4	-0.335060654	0.036349783	0.012252454	-2.960895456	23.0740197	1.91177691930574	1.43949817743724
HUWE1	0.190756846	0.036349783	0.012254611	2.960799466	28.17681992	1.91170047006958	1.43949817743724
SMAD5	-0.447939078	0.036349783	0.012255334	-2.960767297	17.03535538	1.91167484823236	1.43949817743724
TIMM8B	-0.300723831	0.036389212	0.012273772	-2.959947563	21.95200308	1.91102194851677	1.43902734885886
SPCS2	-0.16755603	0.036525005	0.012324737	-2.957688047	24.32055747	1.90922233944768	1.437409715942
CCNT1	0.603388869	0.03655574	0.012340275	2.968471991	23.41696792	1.90867516204899	1.43704442022181
SAFB2	-0.318907514	0.036664389	0.012382135	-2.955154468	22.904442	1.90720446526937	1.43575554798296
MED29	-0.363683081	0.036669287	0.012388973	-2.954853424	23.37962365	1.9069646935367	1.43569753440744
RBBP8NL	-0.825812096	0.036729741	0.01241476	-2.953719635	18.9670415	1.90606167173432	1.43498213407418
RRP1B	0.225051855	0.036729741	0.012419782	2.953499088	26.15531149	1.90588602710855	1.43498213407418
SREK1	0.377767012	0.036847527	0.012464819	2.951525354	22.07374763	1.90431402344757	1.43359165424438
GRB10	0.985604549	0.03689689	0.012486734	2.951262868	18.42285738	1.90355113978912	1.43301023852278
ADAM17	-0.301113296	0.036918448	0.012499248	-2.950021305	21.5750471	1.90311611493391	1.43275656439594
SLBP	-0.562176978	0.036943665	0.012513009	-2.949421341	19.88239918	1.90263824306745	1.43246002253081
QRSL1	0.347472186	0.03694928	0.012520133	2.949110944	22.10544359	1.90239105763842	1.43239401992338
GID8	-0.490754865	0.037042854	0.012557077	-2.947504314	20.65131387	1.90111144264562	1.43129556009211
GDAP1	0.231420589	0.03705044	0.012564886	2.947165324	25.59045054	1.90084144736552	1.431206630102
SARG	0.276353671	0.037125345	0.012595537	2.94583678	23.20325156	1.89978331199554	1.43032950182557
DOCK1	-0.453551166	0.037180703	0.012619574	-2.944797153	18.17024849	1.89895530535908	1.42968240299515
HYDIN	0.67276219	0.037183868	0.012627449	2.944457004	18.62973812	1.89868437684953	1.42964543533655
PTRH1	-0.352265191	0.037183868	0.012631161	-2.944296706	20.9144892	1.89855672919763	1.42964543533655
TMA16	-0.228105281	0.037202422	0.012642723	-2.943797812	22.90202994	1.89815937727894	1.42942878519889
ERCC2	0.359317635	0.037213464	0.012659506	2.943074446	21.45354364	1.89758324105326	1.42929990197349
VPS13D	0.555591669	0.037213464	0.012659795	2.943061985	22.14540628	1.8975733267902	1.42929990197349
MOV10	0.258057481	0.037213464	0.012662257	2.94295595	23.67617235	1.89748887604996	1.42929990197349
ATP2A2	0.166915146	0.037243963	0.0126779	2.942282729	27.44946306	1.89695267815321	1.42894411347319
FAM111A	-0.479902481	0.037439955	0.012753892	-2.939023985	17.70864022	1.89435726494031	1.42666468192281
DDR1	0.629816815	0.037439955	0.012755201	2.93896803	20.69655309	1.8943126932672	1.42666468192281
PPA1	-0.108652121	0.037470459	0.01277089	-2.938297724	29.55248567	1.89377883581252	1.42631098691831
CD2BP2	-0.237586873	0.037477304	0.012778521	-2.937971991	22.98486571	1.89351940898738	1.42623165844691
RSL1D1	0.314388807	0.037542798	0.012806159	2.937481255	25.30844691	1.89258111032116	1.42547336328959
OMA1	-0.418793235	0.03754952	0.012816902	-2.936336642	20.28215742	1.89221693635362	1.42539561026257
FAT1	0.327089693	0.03754952	0.012819069	2.936244462	22.76534902	1.89214351482069	1.42539561026257
LRRC49	-0.870473922	0.037706453	0.012880872	-2.933621778	18.21095095	1.8900547354258	1.42358431922469
UBR5	-0.174684883	0.037706453	0.012883305	-2.933518823	23.71896536	1.88997271157713	1.42358431922469
MCAT	-0.385890884	0.03776365	0.012908186	-2.932466729	21.15891224	1.88913478527374	1.42292603613642
PAF1	0.341612319	0.037797793	0.012925199	2.931748471	23.24955914	1.88856276166252	1.42253355772637
TMEM243	0.589816244	0.037903602	0.01296674	2.929998739	17.87886246	1.88716919723674	1.42131951682897
SEC13	-0.18794948	0.037904756	0.012972493	-2.929756845	24.41683118	1.88697655497971	1.42130629465017
LSR	-0.17566829	0.037945481	0.012991795	-2.928946103	24.77404399	1.88633084086392	1.42083993765052
AK2	-0.210995779	0.037999363	0.013015614	-2.927947234	26.86074469	1.88553533961605	1.42022368359118
TAX1BP3	0.520288729	0.038036534	0.013033723	2.927189069	20.5152305	1.88493151311254	1.4197990641125
MAPRE1	-0.165028318	0.038036768	0.01303918	-2.926960802	27.05537404	1.88474971939188	1.41979639234971
MTCL1	0.541656399	0.038040094	0.013045698	2.926688291	18.60948808	1.88453267935114	1.41975841855821
HDGFL2	-0.278189559	0.038131496	0.013082434	-2.925154887	25.9126157	1.88331144756923	1.41871615586454
RRP36	-0.395431281	0.03830938	0.01314888	-2.92239227	17.0983385	1.88111123808943	1.41669487659321
MYO1B	0.283792016	0.038323088	0.013164419	2.924553225	28.1559212	1.88059830333816	1.41653950357765
TMEM128	-0.439976065	0.038323088	0.01316286	-2.92181279	19.27241114	1.88064973782921	1.41653950357765
TMF1	-0.381367637	0.038326572	0.013171034	-2.921474251	22.41316432	1.88038012914855	1.41650002311614
BGN	1.568721055	0.038400118	0.013201737	2.943794063	19.21267632	1.87936892334829	1.41566744108377
SLC25A35	0.479296251	0.038429408	0.013217239	2.919564593	17.15413076	1.87885925682442	1.41533630573377
FANCA	-0.574956648	0.038440404	0.013226455	-2.919184492	16.90954931	1.87855654131823	1.41521205664218
SLC30A9	0.365381062	0.038447625	0.013234375	2.918858069	17.87408396	1.87829656365318	1.41513048242305
PYM1	0.487258216	0.038490562	0.013254596	2.920821751	23.29240859	1.87763350502214	1.41464574773324
PRDX1	0.166860466	0.038589471	0.013297969	2.916243921	30.47211527	1.87621468380339	1.41353117487135
DAP	0.598608129	0.038589471	0.013299566	2.916178447	19.25359682	1.87616253097881	1.41353117487135
RPL35A	-0.231715643	0.038639409	0.013322239	-2.915249582	27.21753456	1.87542277939781	1.41296952485493
HM13	0.174017293	0.038731702	0.013359535	2.91372503	27.7267722	1.87420865791201	1.41193341824843
GLO1	-0.130772721	0.038755389	0.013373184	-2.913168188	28.17437381	1.87376517994791	1.41166789960319
TIA1	-0.623035077	0.038927009	0.013437907	-2.916633022	22.51738226	1.87166836886666	1.4097489644991
ARFGEF1	-0.162166262	0.038960848	0.013455096	-2.909838139	25.24091073	1.87111319926615	1.40937159908006
GATAD2A	-0.472114041	0.039136303	0.013522775	-2.907101959	22.14442496	1.86893417795629	1.4074202022481
ECT2	-0.203545851	0.039136303	0.013526754	-2.906941504	24.22658308	1.86880640806011	1.4074202022481
COPE	-0.202789851	0.039144758	0.013540041	-2.906406099	24.98672122	1.86838002058095	1.40732638747829
GNAS	0.302373149	0.039144758	0.013540744	2.906377789	25.14100925	1.86835747256243	1.40732638747829
ADAM15	0.943657326	0.039317177	0.013605944	2.905551488	19.73861374	1.86627132086193	1.40541767235912
ARPC3	0.125248559	0.039357806	0.013625568	2.902972169	26.06379258	1.86564538452845	1.40496911930195
SRBD1	-1.11039895	0.039462236	0.0136673	-2.915998193	20.81538024	1.8643172726244	1.40381831049413
UCKL1	-0.227164793	0.039490106	0.013682535	-2.900696847	22.5403597	1.86383343225636	1.40351170052141
WDR20	-1.025319839	0.039538328	0.013704832	-2.901596175	18.90857458	1.86312628386911	1.40298170011408
KCTD9	-0.767078769	0.039655133	0.013750925	-2.897977703	17.34276812	1.86166808664216	1.40170058919651
HAT1	-0.355902363	0.039717127	0.013778036	-2.898499001	24.39067537	1.8608126848342	1.4010221744056
BMP7	-0.440448684	0.03974348	0.013794383	-2.896256822	21.04511098	1.86029772002626	1.40073410807101
OGT	-0.128765609	0.03974348	0.013798415	-2.896097453	25.2691126	1.86017079738771	1.40073410807101
PHLDB1	-0.900359207	0.039872627	0.013848889	-2.894769169	19.61808546	1.85858506562644	1.39932514999049
NES	-0.691324823	0.039930553	0.013874654	-2.893092411	20.04081975	1.85777783831443	1.39869467520047
SNX11	0.431166715	0.04002314	0.013917305	2.891418419	19.81319878	1.85644485502316	1.39768884195723
CANX	-0.194791549	0.04002314	0.01391814	-2.891385705	27.66951927	1.85641879933104	1.39768884195723
EPS15	0.293160395	0.040359703	0.014040886	2.886596834	23.767598	1.85260548673823	1.39405203832055
SVBP	-0.5566632	0.040427939	0.01407034	-2.885453917	18.15275485	1.85169540801374	1.39331839825926
EFCAB2	-0.496763557	0.040442297	0.014081054	-2.885038762	19.19479424	1.85136483601409	1.3931641857691
MTHFD1L	0.261942088	0.040564952	0.014129494	2.883165702	23.25611197	1.84987339065977	1.39184903358105
GNA13	-0.198687372	0.040692887	0.014179809	-2.881226922	22.86631915	1.84832961899814	1.39048149757134
BCAS3	2.806266763	0.040748708	0.014222301	2.930531098	18.56951579	1.84703013421384	1.38988615667532
RAB9A	0.256185684	0.040748708	0.014213488	2.879932987	22.17663624	1.84729933282068	1.38988615667532
CDC42BPA	0.631017204	0.040748708	0.014219062	2.87971912	20.57473316	1.84712905210557	1.38988615667532
A1CF	0.854570887	0.040748708	0.014221783	2.879614765	17.27282904	1.84704595223362	1.38988615667532
MAPK13	0.377314691	0.040949222	0.014298074	2.876696622	20.57026541	1.84472245956333	1.38775434504683
KARS1	-0.163257844	0.041085351	0.014351414	-2.874665581	26.58580303	1.84310530714294	1.38631299841381
ZNF385A	0.459558679	0.041091727	0.01435945	2.874360241	18.77157848	1.84286219425385	1.38624560585886
STX7	1.342693998	0.041113761	0.014372962	2.915634266	21.52943884	1.84245372263148	1.38601279306069
TXNRD1	0.192961111	0.041119865	0.014380909	2.873545727	26.11239392	1.8422136618525	1.38594831983601
APOL2	-0.378164763	0.041136786	0.014392641	-2.873100886	19.84481199	1.84185950721089	1.38576964256329
MET	0.492860752	0.041155658	0.014405309	2.872621004	17.33834579	1.84147742148245	1.38557045038457
LPCAT4	0.476227406	0.041155658	0.01441088	2.872410114	19.18609893	1.84130949819538	1.38557045038457
NACA2	-1.25376036	0.041206328	0.014434447	-2.877417264	17.23710592	1.84059984977764	1.38503608482971
SSB	-0.13977829	0.041261002	0.014459432	-2.870575444	27.6538565	1.83984876680018	1.38446022963996
ZNFX1	0.899687446	0.041274024	0.01446983	2.870183326	18.97777602	1.83953657119579	1.38432318763333
METAP1	-0.23387955	0.041446255	0.01453607	-2.867691947	24.01760739	1.83755299430345	1.38251470531427
PGRMC2	-0.158465731	0.041469847	0.014550206	-2.867161713	25.85173741	1.83713085794749	1.38226756693109
PNPO	0.192982257	0.041549854	0.014584151	2.865890595	24.50278672	1.83611884777277	1.38143049792333
ZNF703	-0.264228497	0.041567573	0.014596247	-2.865438373	25.66360914	1.8357587960453	1.38124533184399
NME2P1	-0.733660175	0.04188958	0.01471524	-2.861653869	20.78086051	1.83223265032783	1.37789399400968
RPS27A	0.140882797	0.041889682	0.014721197	2.860788486	28.79870256	1.832056875504	1.37789293651559
CHMP4B	-0.205410833	0.041943932	0.014746192	-2.859863058	25.14073535	1.83132011574706	1.37733085937713
GORASP1	-0.386959619	0.042071484	0.014796982	-2.857987321	18.63410829	1.82982685449713	1.37601216871406
LPCAT1	-0.329858036	0.042164735	0.01483574	-2.856560272	22.23427421	1.82869078639457	1.37505062481392
VRK2	-0.630129989	0.042276851	0.014881165	-2.854892463	18.8951669	1.8273630678986	1.37389736867433
ITGB4	0.472586755	0.042546803	0.0149822	2.851200927	22.44704259	1.82442440975355	1.3711330675799
GINS3	-0.717036704	0.042547882	0.014988595	-2.850968122	20.59557638	1.82423907511335	1.37112205387802
NDUFV3	-1.269009985	0.042580255	0.015006019	-2.856126159	18.65608957	1.82373450799981	1.37079174203435
AADAT	0.426207615	0.042644238	0.015034596	2.849296308	17.42438634	1.82290823748884	1.37013964149193
CALCOCO1	0.524718161	0.042658835	0.015045772	2.848890885	21.01705574	1.8225855236608	1.36999100917679
BABAM2	-0.328451552	0.04274135	0.015080917	-2.847617959	22.12567606	1.82157225024795	1.36915176461717
PINX1	-1.096893254	0.042748316	0.015089418	-2.85308725	19.34980102	1.82132751067258	1.36908098891973
PAFAH1B3	-0.184974351	0.042756638	0.0150984	-2.846985852	24.72597166	1.82106907310339	1.36899645115856
RAD50	-0.195728071	0.042773544	0.015110417	-2.846551793	25.17670226	1.82072355033338	1.36882476480329
BCKDHB	-0.371148885	0.043024605	0.01520519	-2.843140455	21.05961648	1.8180081486579	1.36628310814992
APOC3	0.619894474	0.043202949	0.015276103	2.842129674	21.72509383	1.81598742203341	1.36448660756668
POLR2J	0.570434479	0.043202949	0.015280432	2.840447129	18.14391871	1.81586436745116	1.36448660756668
PPP2R1A	-0.176277746	0.04330214	0.015321637	-2.8389778	27.22506184	1.81469483117298	1.36349064020032
POLE2	-1.142441794	0.043373478	0.015353009	-2.841783861	16.75457379	1.81380649549428	1.36277575157395
MAGT1	0.232371033	0.043429559	0.015379	2.836938761	23.30385834	1.81307190306523	1.36221458060413
GALNT1	-0.618111086	0.04368328	0.015475021	-2.833542454	19.0989665	1.8103687529587	1.359684759671
KLC2	0.288037894	0.043797361	0.015521626	2.831901561	24.03414423	1.80906278527896	1.35855205702252
AHNAK2	0.231485185	0.043834602	0.015541021	2.831220137	26.04576226	1.80852045271013	1.35818293230546
CC2D1A	0.199030696	0.043835012	0.015547363	2.830997501	24.14641964	1.80834326140662	1.35817887021987
PSME3IP1	-0.429062049	0.043965138	0.015599731	-2.829162548	21.69137818	1.80688289050598	1.35689155931825
VDAC2	0.285313837	0.043982305	0.015612039	2.832623321	27.7540645	1.80654037249048	1.3567220141169
CDC7	-0.586595718	0.044047291	0.015641334	-2.827709155	17.34307309	1.80572621009121	1.35608079644443
NDUFB6	-0.33466359	0.044171273	0.015694432	-2.825859741	22.29444722	1.80425439730892	1.35486008435246
POLR1G	-0.404635649	0.044171273	0.015697848	-2.825740962	21.47853189	1.80415988044324	1.35486008435246
ATP6V1F	0.30893189	0.044213223	0.015719007	2.8250059	22.27687117	1.80357489265042	1.35444782528648
R3HCC1	-0.456450238	0.044345627	0.015778455	-2.8229459	21.43604505	1.80193552443613	1.35314920026081
LRRC20	-0.281255598	0.044345627	0.015778618	-2.822940255	21.91009417	1.8019310379617	1.35314920026081
STX6	0.346687295	0.044350186	0.01579747	2.822288605	21.55420674	1.80141246070503	1.35310455444321
CHMP4A	-0.258962805	0.044350186	0.015799007	-2.822235505	22.63269851	1.8013702084869	1.35310455444321
NONO	-0.197742087	0.044350186	0.015799048	-2.822234074	27.31768596	1.80136908145083	1.35310455444321
SMPD4	-0.261616019	0.044423142	0.01583616	-2.820953639	22.66752659	1.80035011902099	1.35239072752991
SMC5	-0.495608391	0.044423142	0.015837597	-2.82090409	18.81423784	1.80031071219149	1.35239072752991
PNPLA8	0.375033771	0.044456464	0.015855762	2.820278516	18.82138066	1.79981288170734	1.35206508339048
TARS2	-0.279574206	0.044495964	0.01587614	-2.819577544	22.9381197	1.79925508002442	1.351679379851
LRIG3	-1.179394322	0.044724592	0.015965981	-2.822121726	18.75993899	1.79680439188822	1.34945361259305
ARMCX3	-0.273184584	0.044724592	0.015970359	-2.816348162	21.3808364	1.79668532118358	1.34945361259305
CROCC2	0.406340319	0.044773687	0.016013207	2.816372385	23.49054453	1.79552168226394	1.34897714109067
MIA2	0.466916762	0.044773687	0.015997153	2.815433231	20.62980619	1.79595730149453	1.34897714109067
ABAT	-0.493381148	0.044773687	0.01600299	-2.815234121	17.833458	1.7957988661451	1.34897714109067
PLD1	0.324180721	0.044773687	0.016009964	2.814996316	20.17452609	1.79560964463404	1.34897714109067
SDHA	-0.15296673	0.04479782	0.016028171	-2.81437598	25.86135064	1.79511603285025	1.34874311959575
GRPEL1	0.242501296	0.044968601	0.016095632	2.812083571	24.91142275	1.79329196593557	1.34709062338227
LRBA	0.152305793	0.044995697	0.016111691	2.811539261	25.63412968	1.79285887587944	1.34682901641375
BEX4	0.590309504	0.045001684	0.016120196	2.811251197	17.84866351	1.7926296820594	1.34677123426413
AHSA1	-0.199774467	0.045007519	0.016128649	-2.810965069	27.51687386	1.79240200932634	1.34671492650402
POLR3A	0.245323021	0.04536979	0.016271103	2.806165152	22.16343027	1.78858300572468	1.34323323091808
OS9	0.456818532	0.04536979	0.016271297	2.806158641	22.73198996	1.78857782767207	1.34323323091808
PURA	-0.418748438	0.045376127	0.01628135	-2.805821483	21.64496798	1.78830958757686	1.34317257531555
ZNF592	-0.514661747	0.045376127	0.016286399	-2.805652249	19.02354401	1.78817492964538	1.34317257531555
LCLAT1	-0.251669436	0.045462996	0.016332757	-2.80410067	23.39210008	1.78694049935253	1.34234194777088
LAMB1	-0.231297748	0.045462996	0.016340159	-2.803853342	24.96051352	1.78674372182523	1.34234194777088
PPP1R21	-0.388159021	0.045462996	0.016340596	-2.803838725	19.10480551	1.78673210724113	1.34234194777088
TIMM44	0.226064412	0.045462996	0.016343285	2.803748909	23.99119733	1.78666064584617	1.34234194777088
PSMB8	0.287909097	0.045477114	0.016354789	2.803364808	22.22007625	1.78635505451832	1.34220710365105
GNL3	0.204852401	0.045521027	0.016377016	2.802623416	24.32358436	1.7857652266776	1.3417879483836
SLC27A3	-0.468750824	0.045522726	0.016384063	-2.804031712	22.9392032	1.78557839075189	1.34177173933464
VANGL1	0.297024072	0.045551213	0.016400755	2.801832713	21.31704146	1.78513615897751	1.34150005354955
ANXA1	0.194047064	0.045801621	0.016497389	2.798625635	29.43834589	1.78258478503583	1.33911915127785
SSBP1	-0.17224565	0.045988636	0.016571252	-2.796186838	25.71826442	1.78064467829457	1.33734947119261
RBM26	0.615949785	0.046154453	0.016637525	2.794615807	21.54129521	1.77891127893401	1.33578639171212
SMC4	-0.15023093	0.046259292	0.016681857	-2.792554952	26.42411147	1.77775560597868	1.334801018406
RAI14	-0.213062856	0.046452758	0.01675819	-2.790062322	25.3818356	1.77577288996955	1.33298849590881
EIF3C	-0.175455587	0.046477289	0.01677361	-2.789560164	26.83881684	1.77537345889916	1.33275921208669
EPHA1	-0.377618979	0.046502278	0.016789202	-2.789052853	21.56439826	1.77496994562685	1.33252577187139
PDPR	0.669982522	0.046560314	0.016816738	2.788763021	21.04848038	1.77425824195006	1.33198409949203
HNRNPAB	-0.339117499	0.0465763	0.01683568	-2.791339908	25.51760394	1.77376933758991	1.33183501458637
MRE11	-0.275967848	0.0465763	0.016832916	-2.787633089	23.91167793	1.77384064379767	1.33183501458637
H1-4	-0.634590247	0.046729205	0.016900218	-2.785454299	20.16310286	1.77210769328062	1.33041160752801
TBC1D2	-0.191067256	0.046729205	0.016904161	-2.785326914	22.9281543	1.77200637959283	1.33041160752801
IMPA1	0.165428143	0.046789618	0.01693263	2.784408095	24.49817314	1.77127558141976	1.32985050046222
PURB	-0.238150015	0.046809179	0.016946326	-2.783966603	24.08312783	1.77092444323544	1.3296689760248
GUF1	-0.360119626	0.0468895	0.016982033	-2.782817244	19.0732057	1.7700103195202	1.3289243982784
EXOSC2	-0.285690689	0.046899651	0.016992339	-2.78248595	22.81808784	1.76974683626478	1.32883038904053
TXNL1	-0.163059595	0.046998127	0.017034662	-2.78112755	26.17428851	1.76866647923677	1.32791944950626
SEC63	0.234608547	0.047094821	0.017076366	2.779792273	23.44005457	1.76760454547755	1.32702684944838
NDUFS3	-0.22374603	0.047291644	0.017155218	-2.777276439	23.69888901	1.76560375877391	1.32521558833775
EIF5B	-0.155616906	0.047291644	0.017161104	-2.777089085	26.27287127	1.76545477676205	1.32521558833775
F11R	0.219965671	0.047331266	0.017182173	2.77641903	24.52176376	1.76492191255185	1.32485187902111
HOOK2	-0.694778592	0.047356174	0.017197909	-2.775919087	19.01276051	1.76452435338114	1.32462339238751
AAK1	-0.214724616	0.04736013	0.017206041	-2.775660932	22.93502265	1.7643190465607	1.32458711417776
C8orf82	0.655282989	0.047363341	0.017213903	2.776009565	21.16296075	1.7641206486042	1.32455767016421
MRPL32	-0.611751131	0.047424214	0.017242731	-2.775932226	21.62546743	1.76339394707872	1.32399985829468
PIK3CB	0.319689035	0.047502878	0.017278047	2.773380173	20.45350552	1.76250534895537	1.32328007749818
CPSF4	0.749611552	0.047561846	0.017306219	2.774090677	20.73653119	1.76179780484555	1.32274129761821
ARFIP2	0.232023451	0.047642321	0.017342236	2.771354937	22.66065605	1.7608949080215	1.32200708906712
SCO2	0.39359065	0.047675441	0.017361032	2.770763319	20.68657083	1.76042446242082	1.32170528101965
BHLHE41	-0.92040333	0.047701015	0.01738383	-2.770641825	18.5074467	1.7598545337206	1.3214723797815
FAM107A	0.626382512	0.047701015	0.017379431	2.770184771	20.59534878	1.75996444639169	1.3214723797815
RNF121	0.459625745	0.047704929	0.017392001	2.769789904	17.35567992	1.75965044828685	1.32143674618191
CRIM1	-0.312149016	0.048123674	0.017551467	-2.764804606	22.96228575	1.75568657815095	1.31764122387132
ARID1B	-0.35569906	0.048384997	0.017653616	-2.761634709	20.71671113	1.75316632438371	1.31528928154133
UQCRH	0.325658941	0.048436433	0.017679229	2.761433121	24.48780772	1.75253667870907	1.31482784706195
SMYD3	0.379683904	0.048469688	0.017698219	2.76025625	20.65775455	1.7520704351856	1.31452977582736
GALNS	-0.398245457	0.048475423	0.017707166	-2.759980171	19.71426811	1.75185094129718	1.31447839254808
GOPC	-0.306922995	0.048502724	0.017723995	-2.759461227	22.49546327	1.75143838115638	1.31423386995551
UBL7	0.223359113	0.048513897	0.017737755	2.759037289	22.59253431	1.75110134802232	1.31413383818327
TLN1	-0.113832665	0.048513897	0.017741794	-2.7589129	28.93414623	1.75100246765492	1.31413383818327
NDUFAF4	0.367666225	0.048585865	0.017774981	2.757891975	23.37153844	1.75019085482321	1.31349006088963
CMC1	-0.573466465	0.048697003	0.017822525	-2.7564327	21.51928633	1.74903076742129	1.31249776610803
SRPRA	0.142232631	0.048705486	0.017832515	2.756126567	24.8027617	1.74878740199594	1.3124221187578
WFS1	0.271028238	0.048822774	0.017882359	2.754601638	21.51211469	1.74757519062372	1.31137754858399
GABPB1	-0.554143044	0.048860501	0.017909691	-2.753767238	19.33226635	1.74691190706848	1.31104208422259
APH1A	0.58741673	0.048860501	0.017909991	2.753758071	19.34877895	1.74690463238946	1.31104208422259
BCAM	0.214538809	0.048971774	0.017957702	2.752304586	25.94389301	1.74574923963826	1.3100541634015
TIMM13	-0.2338984	0.049170763	0.018037621	-2.749878401	23.92761585	1.74382074255369	1.30829305255754
LENG8	-0.299112497	0.049182591	0.018048913	-2.74953647	22.42358641	1.74354894845733	1.30818859582174
PPP2CA	-0.549705201	0.049298295	0.018098342	-2.74804213	20.08701588	1.74236120928731	1.30716810070038
EDC3	-0.299488322	0.049342112	0.018121403	-2.747346329	22.41473967	1.74180818129661	1.3067822652574
TTC39B	0.450646316	0.049349344	0.018131036	2.747055963	19.74956113	1.74157737978598	1.30671861602522
ATP2A3	0.425461043	0.049386444	0.018151647	2.746435135	16.86172874	1.74108396288352	1.30639224346339
APOO	0.29165256	0.049452776	0.018183018	2.745491583	21.45838541	1.74033403134695	1.30580932453913
CHCHD6	-0.607786415	0.049453303	0.018193781	-2.749076786	22.25342926	1.74007703723127	1.30580469644763
BCAS2	-0.317664754	0.049453303	0.018197194	-2.745065746	22.41386966	1.73999557488677	1.30580469644763
NT5DC1	-0.288947628	0.049490019	0.0182177	-2.744450308	23.27717879	1.73950645394701	1.3054823794563
ALDH7A1	-0.150445453	0.049575758	0.018256269	-2.743294625	26.4968465	1.7385879736952	1.30473063682613
AP3S2	0.66700492	0.049656082	0.018292868	2.742200205	18.38307191	1.73771819944822	1.30402755044612
MON2	-0.197164746	0.049679638	0.018308569	-2.741731374	23.93813002	1.73734559888182	1.30382157738814
ATP13A3	-0.367779663	0.049742008	0.018338586	-2.740836148	19.8913591	1.73663415372988	1.30327668698491
SHROOM2	-1.611838001	0.049787707	0.01836951	-2.77122022	19.4153205	1.73590242818708	1.30287787493319
ZNF217	-1.665213051	0.049787707	0.018366074	-2.767993642	18.38349163	1.73598367017001	1.30287787493319
UBE2H	-0.159781922	0.049983792	0.018448923	-2.737557872	24.18209074	1.73402898174391	1.30117079938594
NOTCH1	-0.668543176	0.049989193	0.018457983	-2.737289548	20.02427772	1.73381575833878	1.30112387421912
PML	0.24457735	0.050040446	0.018483982	2.736520284	23.42697027	1.7332044630761	1.30067882818574
SDAD1	-0.429231093	0.050107729	0.018523001	-2.740600673	23.90897896	1.73228864982708	1.30009528005773
FIGNL1	-0.500385191	0.050107729	0.018522651	-2.735378097	19.90997211	1.73229685608398	1.30009528005773
DUS3L	-0.454878854	0.050183416	0.018558074	-2.734333844	20.03287748	1.73146709786797	1.2994397794611
DHX33	-0.613303456	0.050245593	0.01858817	-2.733448171	19.50639845	1.73076336429063	1.29890202385203
MRI1	-0.415216196	0.050262249	0.018601438	-2.733058202	22.02813879	1.73045348097966	1.29875808266669
LIMK2	-0.270560121	0.050421669	0.018667565	-2.731118562	21.75650537	1.72891232779442	1.29738278290603
LMAN2	-0.128309384	0.0504245	0.018675741	-2.730879205	27.07416566	1.72872215760752	1.29735839947747
UGGT2	0.570977836	0.050485093	0.018705319	2.730014175	19.72329702	1.72803488095637	1.29683683937753
SGPP2	-0.64641704	0.050552069	0.018737281	-2.729080976	16.72575936	1.72729343011684	1.2962610648624
IRF3	0.203984692	0.050561401	0.018747887	2.728771645	23.27553335	1.72704767278701	1.29618090074348
EIF5A	0.208733718	0.050708771	0.01881156	2.726918276	28.90107853	1.72557518789995	1.29491691507599
COMMD5	0.380445305	0.050708771	0.018817825	2.726736223	20.92959939	1.72543057459021	1.29491691507599
TTC4	-0.202775221	0.050708771	0.018824036	-2.726555828	23.20220588	1.7252872552654	1.29491691507599
RPL13	-0.373179755	0.050750006	0.018853692	-2.73829111	27.41983837	1.72460359197153	1.29456390206959
PSME1	0.185634661	0.050750006	0.018847152	2.72588496	27.35877506	1.72475426689754	1.29456390206959
LEO1	0.210102635	0.050793624	0.018879205	2.72495602	23.26386045	1.72401629771711	1.29419080022408
SBF1	-0.407326958	0.050793624	0.018884257	-2.724809776	16.56210263	1.7239000977916	1.29419080022408
RUFY1	-0.334219173	0.050941285	0.018946356	-2.723014997	22.72950181	1.72247430660736	1.29293010410404
KIAA0319L	0.39301731	0.050960276	0.018960623	2.722603468	20.41991538	1.72214739690211	1.29276822853471
SRPK2	-0.58350664	0.050963184	0.018968909	-2.722364597	21.37888034	1.72195764691341	1.29274344663751
ATRN	-1.119614959	0.051060503	0.019019568	-2.72607142	18.84176515	1.72079935161243	1.29191491125037
DKC1	-0.226393706	0.051060503	0.019016461	-2.72099579	23.79597241	1.720870302918	1.29191491125037
PLEKHN1	0.686883089	0.051170919	0.019067931	2.71951801	17.00869254	1.71969642829804	1.29097678328106
AKAP10	0.405917878	0.051178225	0.019077888	2.719232578	20.02134201	1.71946970514107	1.29091478070114
MRPL20	-0.523753308	0.051273649	0.019120708	-2.71800679	20.55441436	1.7184960307419	1.29010577395472
CASKIN2	-0.282068936	0.051387844	0.019170557	-2.716583166	21.96397612	1.71736526852454	1.28913960295201
REEP5	-0.161038393	0.051472219	0.01920931	-2.715478962	24.03486966	1.71648823475176	1.28842710863574
MTDH	0.176563568	0.05151433	0.019232308	2.714824714	25.19075711	1.71596859451776	1.28807194427449
COX16	0.508823606	0.051602789	0.019285414	2.713316895	20.11572845	1.71477103369783	1.28732682522207
SYNE1	-0.351736051	0.051602789	0.019295913	-2.713019275	22.16419308	1.7145346676507	1.28732682522207
GPX8	0.191371272	0.051602789	0.019305097	2.712759081	23.29948054	1.71432801188718	1.28732682522207
SH3BP1	0.203751225	0.051602789	0.019306393	2.712722369	21.95041627	1.71429885757851	1.28732682522207
IPO11	0.187976998	0.051602789	0.01930669	2.712713946	25.70024625	1.71429217665841	1.28732682522207
PPP1CA	-0.225652727	0.051602789	0.019309101	-2.712645665	26.51525661	1.71423794578705	1.28732682522207
GDI2	-0.109495163	0.0516905	0.019349229	-2.711510423	28.5059797	1.71333633543662	1.28658926690001
CD200	0.272614314	0.051803891	0.019398997	2.710105655	23.32993238	1.71222072412267	1.28563761908941
DYM	-0.417927916	0.051924571	0.019451529	-2.709190035	23.11016795	1.71104625499824	1.28462708291231
MTA2	-0.20987102	0.051992594	0.019484361	-2.70770445	24.68106136	1.71031383255666	1.28405851432671
MRPL53	0.433233752	0.052004272	0.019496088	2.707375372	21.78569382	1.7100525235326	1.28396097886865
TANC1	0.298453707	0.052107564	0.019551075	2.705835047	20.97015141	1.70882935828179	1.28309922938719
RAB4B	-0.439459917	0.052107564	0.019556889	-2.705672414	17.48036646	1.70870022917978	1.28309922938719
PBRM1	-0.285835274	0.052107564	0.01955691	-2.705671833	23.89366351	1.70869976283878	1.28309922938719
MRPL52	-0.436596872	0.052113717	0.019566587	-2.705401293	19.5628159	1.70848492172746	1.28304794976513
OGFOD1	-0.788181786	0.052135994	0.019582321	-2.714170589	21.85751387	1.7081358346088	1.28286234199264
GALNT6	-0.49415839	0.052140825	0.019591506	-2.704705185	18.08685432	1.70793217848455	1.28282210147392
ID3	-0.789406295	0.052156438	0.019604745	-2.704335704	16.71841432	1.70763880221933	1.28269207620573
DDAH2	0.244540281	0.05224609	0.01964583	2.703190701	24.37925246	1.70672961832556	1.28194620579038
AHSG	-1.234882089	0.052730493	0.019835431	-2.702995069	17.57157552	1.70255835839184	1.27793816824413
IL4I1	0.581364918	0.052765182	0.019855939	2.697371725	17.17821048	1.70210957005184	1.2776525595341
IL1RL2	-0.644848404	0.052979759	0.019944176	-2.694946099	17.34725998	1.70018390199869	1.27589002159953
ZHX3	1.305563421	0.053026041	0.019969094	2.70338227	17.88168904	1.69964163867093	1.27551079671771
SESTD1	0.872705772	0.053182436	0.020035509	2.692446454	17.51036462	1.69819961988547	1.27423177386552
OTUD4	0.254793667	0.053219874	0.020057137	2.691856198	22.05903458	1.69773105904438	1.2739261579915
PARN	0.284916515	0.053314256	0.020100243	2.691235711	25.31191117	1.69679869218542	1.27315664699038
SMAP2	0.61684618	0.053880188	0.020334115	2.689347262	22.2616965	1.69177472461078	1.26857089759604
ZNF121	-0.82219607	0.053880188	0.020326375	-2.684560147	19.55312258	1.69194006641214	1.26857089759604
MTMR2	0.287479416	0.053880188	0.020336458	2.684288767	20.78142092	1.69172468587775	1.26857089759604
CPPED1	0.288207186	0.053899667	0.020352608	2.683854367	21.08706707	1.69137993201925	1.26841391793959
SPIN1	-0.660294932	0.053899667	0.020361981	-2.683602409	20.49055642	1.69117997213506	1.26841391793959
TRAPPC8	0.337948881	0.053899667	0.020366668	2.683476445	20.7209592	1.69108001604539	1.26841391793959
ALKBH5	-0.253876946	0.053918885	0.020381552	-2.683076671	22.10557311	1.69076274872151	1.26825909724711
TGFBR2	-0.791091716	0.054000345	0.020419978	-2.682045907	16.98009574	1.68994473014743	1.2676034655267
LSG1	-0.192846344	0.054022798	0.020439143	-2.681532511	24.69372597	1.68953731784132	1.26742292617427
CDC34	-0.354059732	0.054022798	0.020443742	-2.681409391	20.63775658	1.68943960847807	1.26742292617427
ATP1B1	0.204332699	0.0540429	0.020458989	2.681001389	23.50521519	1.68911583116001	1.26726135431683
SDHD	0.443322632	0.054131306	0.020500109	2.679902534	19.62409649	1.68824382977485	1.26655149476833
SUGP1	-0.52206393	0.054233674	0.020546543	-2.678664264	21.08646839	1.687261238621	1.26573097377072
UEVLD	-0.222844695	0.054335055	0.020592633	-2.677437912	22.07028637	1.68628812039201	1.26491988899386
NOP10	0.461195446	0.054360794	0.020613566	2.6768818	17.56051399	1.68584687187153	1.26471420853814
RNF31	-0.341180087	0.054360794	0.020617757	-2.676770545	20.99513033	1.68575858325756	1.26471420853814
PLEKHA2	0.404057112	0.054378464	0.020632145	2.676388704	19.98361395	1.68545561869493	1.2645730638641
HNRNPH1	-0.17188888	0.054456727	0.020669538	-2.675397619	27.28842226	1.68466923049864	1.26394846451193
NKIRAS2	-0.524367195	0.054546316	0.020711253	-2.674294049	19.08830877	1.68379362614157	1.26323457587123
DPP9	-0.474154897	0.054597982	0.020738589	-2.674117545	22.53549253	1.68322079521601	1.26282340898868
SACM1L	-0.19433398	0.054608444	0.020750282	-2.673263504	24.83051355	1.68297599677301	1.26274019797171
TSSC4	-0.274244687	0.054642713	0.020771029	-2.672716492	20.99749925	1.68254198791593	1.26246774615524
ILKAP	-0.263638168	0.054679312	0.02079267	-2.672146447	23.26331451	1.68208973905655	1.26217695856075
PARP14	0.178232545	0.054722242	0.020816731	2.671513366	24.38380736	1.68158746983648	1.26183611764244
PCBP2	-0.260028667	0.054797166	0.020852979	-2.670560974	25.93111312	1.68083189412689	1.26124190177819
GTF2H1	0.288677402	0.054816125	0.020872621	2.670045575	21.43672052	1.68042301263238	1.26109166836964
ZNF318	-0.52456027	0.054816125	0.020875692	-2.66996504	18.63381209	1.68035911935093	1.26109166836964
ANOS1	0.741001265	0.054872273	0.020904831	2.669201408	17.13018759	1.67975333904703	1.2606470494465
KPNA6	-0.441902878	0.054923421	0.020937937	-2.671743734	23.49128494	1.67906611127481	1.26024241981199
UBE2T	-0.260967209	0.054923421	0.020939845	-2.668285221	21.4701434	1.6790265373608	1.26024241981199
DCTPP1	-0.55872922	0.05494504	0.020955855	-2.669169323	21.91241044	1.67869461523066	1.26007150611319
FOXK1	-0.280522062	0.055072161	0.0210124	-2.666391528	23.86374119	1.67752434039609	1.25906788171807
COX4I1	-0.171829601	0.055072161	0.021030721	-2.665914373	25.59538038	1.67714583806242	1.25906788171807
CARNMT1	-0.683238505	0.055072161	0.02103285	-2.665858935	17.56115182	1.67710187541585	1.25906788171807
ICA1	0.41734731	0.055072161	0.021035479	2.665790516	18.82573944	1.67704759419187	1.25906788171807
MYH10	0.18915764	0.055222204	0.021100596	2.664098236	27.51586401	1.67570527760014	1.25788626401446
MLF2	0.432694686	0.055391993	0.021173304	2.662214772	20.70711724	1.67421136696846	1.25655300868738
MEX3D	-0.671716664	0.055396085	0.021182698	-2.661971866	18.82038694	1.67401872544248	1.25652092702205
MRPS18A	-0.401322175	0.055441657	0.021214222	-2.66115759	22.37762822	1.6733728907087	1.25616379832405
MRPL34	-0.268964224	0.055441657	0.02121941	-2.661023679	21.87153098	1.67326669570831	1.25616379832405
TMEM236	-0.740418785	0.055441657	0.021223637	-2.660914626	19.18802517	1.67318019094907	1.25616379832405
MAIP1	-0.220733456	0.055530713	0.021265578	-2.65983356	22.91622734	1.67232280863305	1.25546675026275
PCYT1A	0.209925256	0.055560153	0.021284707	2.659341216	23.63836905	1.67193232383587	1.25523656698474
CUL2	0.188581589	0.055705264	0.021348172	2.657710771	24.84846587	1.67063930678891	1.25410376320809
NMRK1	-0.565208863	0.055831834	0.021404571	-2.656265883	18.54306417	1.66949347206699	1.25311810593073
UTP6	0.757336672	0.055970146	0.021481333	2.655742631	20.62497118	1.66793877247983	1.25204356022009
GSTM2	-0.55330416	0.055970146	0.021471843	-2.654547301	18.04634376	1.66813067701795	1.25204356022009
GMEB1	-0.586678934	0.055970146	0.021479827	-2.654343703	17.08382701	1.66796922079594	1.25204356022009
CTBP2	-0.19565217	0.055971112	0.021489616	-2.654094165	25.52062772	1.66777134488878	1.25203606470902
PRDM2	-0.683928542	0.056012612	0.02151764	-2.653380389	20.21918918	1.66720536270738	1.25171417468464
RCN2	-0.187290686	0.056012612	0.021521385	-2.653285053	24.81065009	1.66712978326111	1.25171417468464
ZW10	-0.582199842	0.05607341	0.021560424	-2.662956244	23.15242032	1.66634270271305	1.25124303228831
RBBP9	0.180128466	0.05607341	0.021560599	2.65228799	24.20582935	1.66633917767913	1.25124303228831
CDC5L	-0.196536837	0.056195168	0.02161536	-2.65089858	24.69884786	1.66523752697227	1.25030102608851
TGS1	-0.310624984	0.056246882	0.021643202	-2.650193478	22.48906445	1.66467848718566	1.24990154730951
BAK1	0.713699844	0.056258828	0.021655752	2.652081075	21.13845035	1.66442673071595	1.24980931942348
EFL1	0.315839925	0.056303266	0.021680817	2.649242318	23.69458065	1.66392435627081	1.24946641217107
FKBP10	0.269541481	0.056478981	0.021756464	2.647334333	23.01549143	1.66241168756183	1.24811314747448
H3-3A	-0.521059664	0.056507809	0.021775556	-2.680170338	26.47218067	1.66203074724341	1.24789153145023
FAM98B	-0.223168917	0.056539663	0.021795824	-2.646344149	24.34771773	1.66162670765623	1.24764678441524
ALKBH6	-0.470096293	0.056559307	0.021811392	-2.645952997	19.82469168	1.66131661692347	1.24749592042615
RBM42	-0.805123646	0.056887201	0.021945882	-2.650559879	21.49996984	1.65864696027193	1.244985434138
BLMH	-0.236021785	0.056936022	0.021972765	-2.641914505	23.26362987	1.65811528906561	1.24461287937031
MPI	-0.376953748	0.056999981	0.022005506	-2.641098694	21.66505771	1.65746864071243	1.24412528909236
DNAAF10	-0.613773549	0.057014238	0.02201907	-2.64404546	21.97109833	1.65720102788913	1.24401667568405
TMEM50A	0.384948207	0.057153658	0.022080993	2.639222295	20.44946254	1.65598139993181	1.24295596827177
BRD1	-0.370861903	0.057163842	0.022097222	-2.638819726	17.50167503	1.6556623211522	1.24287858982988
ARHGEF9	-0.558783462	0.057163842	0.022101089	-2.638723826	17.25423528	1.65558632653938	1.24287858982988
HDAC3	-0.312932412	0.057189378	0.022119047	-2.638278782	20.73879113	1.65523358855889	1.24268462687765
RPS9	-0.126683845	0.057214422	0.022136821	-2.637838629	28.56826149	1.65488474665904	1.24249448509602
ERCC3	0.249354055	0.057246354	0.022157269	2.637332704	22.75137962	1.65448376972524	1.24225216816893
NPM1	-0.188977357	0.057378973	0.022218489	-2.635820695	29.52818495	1.65328547920592	1.2412472292588
TMEM201	-0.461522623	0.057378973	0.022224821	-2.635664528	22.20046767	1.65316172817666	1.2412472292588
ALDH1A2	0.382724095	0.057470783	0.022268507	2.634588389	19.94477566	1.65230889941846	1.24055288586156
DDX6	-0.108707826	0.057735502	0.022385329	-2.631720773	26.1753642	1.65003651835293	1.23855705371944
KCNAB2	0.490044073	0.057735502	0.022387402	2.631670018	20.00914434	1.64999630224631	1.23855705371944
ACTR1A	-0.157464519	0.057738232	0.022396622	-2.631444331	26.40546565	1.64981747976356	1.23853651876496
XIAP	-1.199054065	0.057870441	0.022456087	-2.64618834	20.28910277	1.64866591781454	1.23754320809547
GUCY1A1	-0.375995548	0.057882157	0.022468816	-2.629680419	17.31058828	1.64841981223661	1.23745529310686
MFSD1	0.459774995	0.058125007	0.022571302	2.62718589	19.95700291	1.6464433884142	1.23563698179986
CLNS1A	0.17719172	0.058370239	0.022681065	2.624526552	25.45634189	1.64433655680012	1.2338085284447
SNU13	0.14927421	0.058370239	0.022683035	2.624478955	23.99935009	1.64429883709974	1.2338085284447
NOVA2	1.07085964	0.0584217	0.022711291	2.628518468	17.94816089	1.64375817805502	1.23342580974047
CLDN16	3.144526452	0.058424379	0.022720592	2.664000142	18.99689646	1.64358035698462	1.23340589508133
CCDC88A	-0.383014206	0.058535426	0.022772051	-2.622331704	17.64247257	1.64259785221892	1.23258121665744
SMARCAL1	-0.473734352	0.058541836	0.022782821	-2.622072486	19.31788185	1.64239250199174	1.23253366126394
HEATR3	-0.323791537	0.058616388	0.02282012	-2.62117561	21.96754074	1.64168207616667	1.23198094673005
POP7	-0.465347782	0.058691896	0.022863913	-2.62012445	18.95475495	1.64084944109386	1.23142186068514
DDX20	-0.375859299	0.058691896	0.022866111	-2.62007175	22.05359573	1.64080769262367	1.23142186068514
SCAF11	-0.422901555	0.058917321	0.022962264	-2.617770887	22.46981647	1.63898529422558	1.22975700896737
NOL6	0.260373787	0.058938958	0.022979028	2.617370698	22.49230279	1.63866834567229	1.22959754644419
BPTF	-0.367252056	0.059079799	0.023042291	-2.615863112	23.09767571	1.63747434299216	1.22856099090476
EIF5A2	-0.373293411	0.059130381	0.023070378	-2.615195086	20.1753083	1.63694528965883	1.22818932266393
NAA10	-0.152333533	0.059159108	0.023089949	-2.614730073	25.0250408	1.63657702633111	1.22797838291041
TUBB2A	-0.380239851	0.059207615	0.023117251	-2.614082022	21.89901385	1.63606381153668	1.22762243280756
TSEN2	-0.762243142	0.059232106	0.023135187	-2.613656695	19.84695567	1.63572698577982	1.22744282572612
MRPL41	-0.253323539	0.059318132	0.023182262	-2.6125419	22.24046053	1.63484419019343	1.22681253388887
SMARCE1	-0.255222375	0.059318132	0.023185558	-2.612463934	23.29755133	1.63478244760494	1.22681253388887
PRMT7	-0.287617795	0.059342435	0.023203446	-2.612040964	22.12554079	1.6344475121932	1.22663463723443
UPK3BL2	0.659940688	0.059536535	0.023287757	2.617931882	22.36997777	1.6328723392641	1.22521644470053
PDPK1	0.306624022	0.059613595	0.023326326	2.609144036	20.67890056	1.63215365913067	1.22465468723637
STAP2	0.732218078	0.059632258	0.023343202	2.610124598	20.55818615	1.63183957178888	1.22451874560355
WDR75	-0.419310231	0.059632258	0.023350488	-2.608576167	21.49718184	1.63170403871703	1.22451874560355
AQR	-0.364581028	0.059867907	0.023458651	-2.606041138	23.34241386	1.62969696579683	1.22280592465437
CSTB	0.154734569	0.059867907	0.023459689	2.606016877	26.27268375	1.62967774952992	1.22280592465437
CORO2A	-0.282019921	0.059870752	0.023469267	-2.605792942	21.4879763	1.62950047422017	1.22278528691195
ORAI1	1.87862163	0.059880089	0.023497902	2.637153568	17.17788	1.62897091179199	1.22271756283499
SYNC	0.996677052	0.059880089	0.023498322	2.60722863	18.06420381	1.62896314930953	1.22271756283499
CENPS	-0.765313776	0.059880089	0.023484846	-2.605616287	19.87970552	1.62921228332274	1.22271756283499
IMUP	0.684339266	0.060025465	0.023563856	2.603586405	20.33008908	1.62775363992503	1.22166446690356
ARHGEF10	0.355501853	0.060107103	0.023604401	2.602643234	21.97105462	1.6270070160205	1.22107420334786
CNDP2	-0.212142014	0.060251994	0.023678224	-2.600930023	25.81639149	1.62565087525677	1.22002857582584
TLR9	-0.657354661	0.060251994	0.023678335	-2.600927438	20.0780927	1.62564883935347	1.22002857582584
CRACDL	-0.528090664	0.060268423	0.023693311	-2.600580533	17.07267483	1.62537424495252	1.21991017225132
CCDC186	-0.773284907	0.060598478	0.023831632	-2.597386547	18.79999882	1.62284621596972	1.21753828349877
CPS1	1.019838281	0.060609231	0.023852783	2.601298139	18.86761791	1.62246094278605	1.21746122621232
RBCK1	0.480522082	0.060609231	0.023852997	2.596894836	18.95923504	1.62245704644397	1.21746122621232
DRG2	-0.151149055	0.060734896	0.023911038	-2.595561165	23.75241111	1.62140157035485	1.21656170784372
SEC11C	-0.581258658	0.0608369	0.023959797	-2.594443252	18.82745217	1.62051686583837	1.21583292392862
PRMT3	-0.186397406	0.061083318	0.02406548	-2.592027821	24.22312955	1.61860547164412	1.2140773804245
BAZ2A	0.359455189	0.061232866	0.024139583	2.590340363	20.93379291	1.61727023640781	1.21301541296577
RBL1	-0.350373214	0.061232866	0.024141711	-2.590291976	19.14509238	1.61723195331382	1.21301541296577
LRRC41	1.075619309	0.061280366	0.024177764	2.594043946	18.55621967	1.61658386589724	1.21267864952255
WIZ	-0.314700699	0.061280366	0.02417382	-2.589562435	21.14248032	1.61665471600384	1.21267864952255
DCTN5	-0.346068112	0.061296374	0.024192745	-2.589132891	20.76611432	1.61631485215412	1.2125652155039
PMPCA	0.156038761	0.061344829	0.024225714	2.588385364	24.5720018	1.61572341420741	1.212222039806
RAB11FIP5	0.636627826	0.061344829	0.024229213	2.588306091	17.69291239	1.61566069214842	1.212222039806
GEMIN4	-0.294770428	0.061637999	0.024353719	-2.58549245	22.29429305	1.61343470928098	1.2101514685481
RAB10	-0.137606057	0.06168255	0.024380041	-2.584899418	26.0674341	1.61296556836248	1.20983768054664
RIPOR1	0.847364618	0.061714424	0.024401363	2.584823939	18.8000869	1.61258591436429	1.2096133200591
EXD2	0.96942572	0.061780559	0.024436246	2.588180889	20.27963252	1.61196551146994	1.20914816645352
HDAC1	0.313367663	0.061839404	0.024468263	2.582916353	24.20219919	1.61139686008388	1.20873470474236
PTTG1IP	0.523762872	0.061897013	0.024499807	2.586748472	22.98126149	1.61083733682588	1.20833030847451
MYO18A	0.151517385	0.061925041	0.024519885	2.581759226	23.92060403	1.61048157102077	1.20813369719965
VPS37C	-0.564785288	0.061925041	0.024528409	-2.581568383	19.01627878	1.6103306207675	1.20813369719965
STX18	-0.474889912	0.061975703	0.024557237	-2.580923446	20.33083988	1.60982049840856	1.20777853826261
CLASP2	-0.18061949	0.0620348	0.024589423	-2.580204266	23.01914802	1.60925166202404	1.20736461359786
C11orf68	0.365664664	0.062055247	0.02460927	2.579761259	19.61306964	1.60890126885201	1.20722149141254
DDHD2	-0.275173047	0.062055247	0.024621472	-2.579489055	20.84168707	1.6086859862395	1.20722149141254
NCOR2	-0.560797502	0.062055247	0.024623845	-2.579436153	21.2574531	1.60864413126246	1.20722149141254
PDE7A	-0.333939273	0.062186367	0.024684665	-2.578081524	20.81667497	1.60757276229248	1.20630481443491
AGPS	0.556568119	0.06218667	0.024693576	2.616586414	28.02788363	1.60741601316202	1.20630269836166
MGST2	-0.516770163	0.062349314	0.024766974	-2.576253461	20.74297544	1.60612705176625	1.20516832049584
SACS	0.52640133	0.062500894	0.024836021	2.574724523	19.42312338	1.60491798160991	1.20411377055208
RAD1	-0.326328074	0.06255491	0.024866328	-2.57405473	20.99577378	1.60438834207539	1.20373859640673
NDUFB8	-1.427813409	0.062637185	0.024907888	-2.6027391	20.08645347	1.60366309578071	1.20316776829426
TNFAIP3	1.325972713	0.062661758	0.024926518	2.583023113	16.89402085	1.60333838411163	1.20299742498274
CYTH1	0.279193278	0.0626994	0.024950355	2.572201905	20.35553326	1.60292327074423	1.20273661511722
PIK3CD	-0.229209274	0.062797283	0.024998183	-2.571149986	21.70349089	1.60209155699802	1.20205914612958
NPC2	-0.152701324	0.062973961	0.025077417	-2.569411688	25.55204361	1.60071719832047	1.20083898914448
CDC123	-0.892886708	0.063005351	0.025098824	-2.57920182	21.23257641	1.6003466268168	1.20062256465617
ZCCHC8	-0.401971814	0.06309622	0.025143942	-2.567956353	22.64175175	1.5995666337845	1.19999665790824
SEPHS1	0.172171604	0.063098482	0.025153763	2.567741812	23.70159151	1.59939703534414	1.1999810887266
LRWD1	-0.305367266	0.063209691	0.025207031	-2.566579644	22.198112	1.598478304512	1.19921633271168
RIC8A	0.194136856	0.063328114	0.025263209	2.565356591	23.96895545	1.59751148503658	1.1984034456785
RGS10	-0.210315763	0.063414532	0.025306647	-2.564412707	23.4657399	1.59676539280549	1.19781120829767
DGKH	0.38806242	0.063547969	0.025368881	2.563063175	19.81828301	1.59569868872005	1.19689832498704
MEAF6	-0.375912219	0.063558378	0.025382021	-2.562778645	20.57072033	1.5954738009094	1.19682719445141
TCEA1	0.167973998	0.063640657	0.025423876	2.561873313	26.15722225	1.59475823831822	1.19626534552449
PJA2	-0.533396527	0.06370115	0.025457047	-2.561156831	17.86010413	1.59419197562286	1.19585272725419
HACL1	0.468986568	0.063763634	0.025491031	2.560423742	21.57907049	1.59361259887535	1.19542693971148
PCNT	-0.390778345	0.063824444	0.025529224	-2.559601005	19.92249514	1.59296238604338	1.1950129598184
RTN4	0.121139742	0.063824444	0.025533387	2.559511413	26.72275741	1.59289157227586	1.1950129598184
PPP2R5D	0.17640923	0.063891085	0.025569078	2.558743762	23.32388393	1.59228493199446	1.19455973660551
ALYREF	0.212438467	0.063942302	0.025598614	2.558109302	25.95524474	1.59178354829936	1.19421173265768
HMGXB4	-0.853520632	0.063992762	0.025627862	-2.558793208	19.47184173	1.59128762324736	1.19386914478524
PPP1R37	-0.362178849	0.064069753	0.025667752	-2.556626945	18.54170426	1.59061216548307	1.1933469502854
DIP2A	0.149470551	0.064129049	0.025700573	2.555924615	23.76876724	1.59005719386855	1.1929452003933
ARFGAP1	0.167172346	0.064193311	0.025735402	2.555180278	23.75849415	1.58946904346129	1.19251022344416
NFKBIB	-0.553607214	0.064472115	0.025865058	-2.552417962	19.49661368	1.5872865433886	1.19062808257681
STX16	0.189481724	0.064472115	0.025865403	2.552410615	23.45307758	1.58728075060836	1.19062808257681
ATP6V0D1	0.242577887	0.064592496	0.02592283	2.551191486	23.17359234	1.58631758820679	1.18981793301247
SCAF8	-0.262239749	0.064704006	0.025976728	-2.550049644	22.76968732	1.5854155530719	1.189068830153
C4orf3	0.403169185	0.06473636	0.025998869	2.549581263	20.49613632	1.58504554425005	1.18885172378357
CLMN	-0.302490163	0.064913985	0.026079381	-2.547881326	23.40821484	1.58370272089543	1.1876617291775
TMC4	-0.696427586	0.064964372	0.026108808	-2.547261288	18.72244023	1.58321295547846	1.18732475544818
COX11	-0.557089192	0.06512287	0.026185348	-2.545651747	19.50139144	1.58194165000479	1.18626646810508
EIF3D	-0.154612262	0.06512287	0.02619092	-2.54553476	26.21196937	1.58184924598463	1.18626646810508
ECPAS	0.139835224	0.065243544	0.026248675	2.54432353	24.80098929	1.58089261434229	1.18546245630987
GCA	-0.227619349	0.065443274	0.026338281	-2.542449457	23.41489615	1.5794125732078	1.18413498188309
RAB39B	-0.698454487	0.065491654	0.02637572	-2.541668285	19.08674982	1.57879567623419	1.18381404127066
MARS1	0.12776834	0.065491654	0.026376268	2.541656853	26.12710103	1.57878665312871	1.18381404127066
SIRT5	-0.385682278	0.06575912	0.02649992	-2.539084544	19.45721635	1.57675543714285	1.18204400723354
ANXA4	-0.167238813	0.06575912	0.02650258	-2.539029341	24.39662474	1.57671184586611	1.18204400723354
GGT5	-0.377603291	0.066149042	0.026677142	-2.53541818	18.96847692	1.5738606994974	1.17947644107779
NRDE2	-0.445466378	0.066149042	0.026678431	-2.535391612	17.13254287	1.57383971553806	1.17947644107779
SNX17	-0.348191418	0.066160414	0.026692369	-2.535104269	19.32070177	1.57361288001653	1.17940178584135
SPECC1L	0.206455611	0.066274616	0.026752693	2.533862407	24.33243387	1.57263249415967	1.17865277992175
RPS17	-0.195990397	0.066274616	0.026757182	-2.53377011	27.33825381	1.5725596273128	1.17865277992175
ESCO2	-1.105501182	0.066361563	0.026801666	-2.537184636	18.73520019	1.57183820925036	1.17808339368021
ARL2BP	0.511008705	0.066456046	0.02684922	2.531880915	17.88295392	1.57106832652369	1.17746550192979
PHC3	0.381434513	0.066552912	0.026897763	2.530887046	18.94387289	1.57028383736391	1.17683293736642
DLGAP4	0.226628867	0.066646476	0.026944999	2.529921622	23.41785522	1.56952182818577	1.17622280940415
EHBP1L1	0.303276428	0.066710745	0.026980413	2.529198903	22.17722664	1.56895140669346	1.17580420928622
EPB41L5	0.57948769	0.066791805	0.027022639	2.528338379	17.64523701	1.56827224054077	1.17527681988386
MAP4K5	-0.265520046	0.066853843	0.027057188	-2.527635258	24.30731147	1.56771734075914	1.17487362287136
CCDC85C	-0.583012088	0.066876293	0.027075729	-2.527258308	20.65525177	1.56741984139091	1.17472780815073
USP11	-0.477904277	0.067124079	0.027185616	-2.525029296	21.17457402	1.56566082185411	1.17312166014471
ANKRD17	-0.169022222	0.067124079	0.027199676	-2.524744736	24.15383073	1.56543626921029	1.17312166014471
XYLB	0.482133248	0.067124079	0.027204514	2.524646831	18.10866179	1.56535902822172	1.17312166014471
APOM	0.482970249	0.067225819	0.027263484	2.52345509	20.27789828	1.56441864647301	1.17246389814127
ARFRP1	0.398896185	0.067225819	0.027264755	2.523429438	20.53186173	1.5643984005125	1.17246389814127
PFKM	-0.153837709	0.067232653	0.027277031	-2.523181673	25.50791002	1.56420290272848	1.17241975115004
UPF3B	-0.234220739	0.067326684	0.027324697	-2.522220649	21.58667571	1.56344464518641	1.17181277504588
TMEM65	-0.503832453	0.067539013	0.027420419	-2.520295707	18.00923739	1.56192591322274	1.17044529033646
CDKAL1	1.011089927	0.067623681	0.027473913	2.529591566	20.62679447	1.56107948134089	1.16990119271729
CAVIN2	-0.299064843	0.067623681	0.027467994	-2.519341425	22.20979972	1.56117305614339	1.16990119271729
USP40	0.400383069	0.06767182	0.027507622	2.518547776	16.76390957	1.56054695220998	1.169592143225
C19orf53	-0.317361344	0.06767182	0.027512603	-2.518448096	22.10442566	1.56046831855044	1.169592143225
NCOA5	-0.180025313	0.067978378	0.027646847	-2.515768254	23.94864522	1.55835439089026	1.16762920212503
FST	-1.359677844	0.068060738	0.027689964	-2.527922957	18.48247436	1.55767760888467	1.16710334604847
NCKIPSD	-0.190095693	0.068196727	0.02775493	-2.513619828	22.3682657	1.55665986365376	1.16623646815802
COPS5	0.149668124	0.068303039	0.027807853	2.512570831	24.41121915	1.55583254102608	1.16555997286944
STRIP1	-0.234465672	0.068328895	0.027834532	-2.512042754	21.76449523	1.55541607636984	1.16539560253625
HSPB1	0.139565505	0.068328895	0.027837698	2.511980122	31.07048893	1.55536668095919	1.16539560253625
DGAT1	0.414724503	0.068501129	0.027917551	2.510402659	19.96235396	1.55412268181661	1.16430227063269
RAB5C	0.410974939	0.068577563	0.02796809	2.512302543	23.51081126	1.5533371915042	1.16381795221112
MISP	-0.209107584	0.068577563	0.027962354	-2.509519507	25.74762997	1.55342627047367	1.16381795221112
RPL5	-0.138782921	0.068622724	0.027996209	-2.508853086	27.37834292	1.55290077300946	1.1635320464855
TCEAL1	-1.103622565	0.068911304	0.028147914	-2.510091995	18.19498654	1.55055378453758	1.16170953190731
PHIP	0.432797883	0.068911304	0.028151612	2.506790885	22.67865325	1.5504967318016	1.16170953190731
DDX50	-0.277406222	0.068911304	0.028140434	-2.506022824	23.07194356	1.55066920887883	1.16170953190731
RNF213	-0.311399142	0.068911304	0.028152908	-2.505778699	22.39389589	1.55047673888989	1.16170953190731
RPSA	-0.154768973	0.069416957	0.028369299	-2.501560443	28.16479068	1.54715139540588	1.1585344282197
PAM16	0.354550733	0.069454135	0.028394311	2.503947237	24.26137245	1.54676866519248	1.15830189313408
LARP1	-0.17875476	0.069668421	0.028491764	-2.499187013	25.03666521	1.54528066161521	1.15696403242162
AUH	-0.419316501	0.069683325	0.02850771	-2.498878702	18.45216348	1.54503766779428	1.15687113476991
COQ9	1.481604208	0.069835369	0.028585006	2.527517869	20.37259122	1.54386171229118	1.15592456776224
SAP30BP	0.331992175	0.069835369	0.028589656	2.497296954	22.83559127	1.54379107018243	1.15592456776224
CLCN7	0.611549953	0.070074031	0.028697267	2.495226489	17.98865368	1.5421594615704	1.15444289905127
NFKBIA	-0.638914113	0.07013085	0.02873045	-2.494589569	18.10100935	1.54165757167647	1.15409089733289
EML2	0.528373536	0.070258177	0.028792544	2.49463157	21.94230766	1.54071996081311	1.15330312310522
DNM3	0.874069772	0.070277757	0.028810503	2.497218529	20.54313826	1.54044915934481	1.1531821079916
SEC22A	0.411030337	0.07033309	0.028843129	2.492432102	19.95832605	1.53995762766545	1.15284030195998
SKP2	-0.7472303	0.070402274	0.028881453	-2.491700179	18.14017797	1.53938096158686	1.15241331287916
NAXD	0.415296548	0.070515462	0.028937855	2.490624716	20.10982608	1.53853366382474	1.15171564435589
HNRNPC	0.26332425	0.070701199	0.029024071	2.491202142	26.91291431	1.53724167222782	1.15057322107342
TMEM30A	0.554620713	0.070777081	0.029065228	2.488203472	18.46349241	1.53662626590376	1.15010735257352
VKORC1L1	-0.742371371	0.070793449	0.029081957	-2.487886229	18.89790464	1.53637637203226	1.15000692867723
PACS1	0.219619534	0.070804445	0.029096483	2.487610915	21.85128219	1.53615950262925	1.14993947707894
STK35	0.355886157	0.070918506	0.029163094	2.486350116	16.95428343	1.53516640230723	1.14924042201063
COL5A2	0.636886396	0.070918506	0.029163406	2.486344221	19.01568258	1.53516175605284	1.14924042201063
SMARCA4	-0.248246107	0.071037444	0.029222358	-2.485230737	23.94065836	1.53428474305366	1.14851267330865
NUBP1	-0.259112503	0.071130008	0.029271496	-2.484304304	22.11642021	1.53355508118964	1.147947142457
MED25	0.852297694	0.071130008	0.029282963	2.484263433	17.07229264	1.53338498125284	1.147947142457
FRA10AC1	-0.330150969	0.071130008	0.029290601	-2.483944495	20.99013244	1.53327171714374	1.147947142457
POLR3F	-0.36563114	0.071184933	0.029323282	-2.483329562	17.3907582	1.53278742302407	1.14761191938857
IPO13	0.421633497	0.071222766	0.029348935	2.482847336	18.82917491	1.53240765359916	1.14738116411851
GPAT4	-0.269436354	0.071420572	0.029440541	-2.48112863	20.70569894	1.53105421365669	1.14617667590956
INTS13	0.22475562	0.071474834	0.029478831	2.480411789	23.89307589	1.53048974266901	1.1458468446159
DCPS	-0.244614134	0.071474834	0.029483116	-2.480331613	22.78797427	1.53042661884244	1.1458468446159
UBFD1	0.331211781	0.071526517	0.029514547	2.479743942	21.86799565	1.52996387810127	1.14553292250917
NECTIN1	0.346503468	0.071543655	0.029531732	2.479422876	17.45275148	1.52971108144723	1.14542887651884
PRKAR2A	0.151351881	0.071662554	0.029590941	2.478318091	25.47435172	1.52884122393671	1.14470771796252
GPS1	-0.129199599	0.071670594	0.029604393	-2.478067401	25.29394216	1.52864383914044	1.14465899611853
SCP2	0.141732472	0.071761577	0.029652119	2.477178827	26.09992906	1.52794426563448	1.14410802599974
SLC1A4	0.61481916	0.072141094	0.029853273	2.474656727	21.15415218	1.52500804751902	1.14181727601044
PPIL1	0.135663157	0.072141094	0.029819404	2.474075241	24.38017676	1.52550104103386	1.14181727601044
TRABD	0.409133661	0.072141094	0.029849734	2.473514347	20.25008478	1.52505953464674	1.14181727601044
MAP7D3	-0.283614001	0.072141094	0.029856992	-2.47338021	21.60544683	1.52495394823876	1.14181727601044
GANAB	0.118287043	0.072141094	0.029859927	2.473325975	28.52267168	1.52491125835031	1.14181727601044
SF3B6	-0.226764091	0.072291874	0.029932556	-2.471985545	23.98359726	1.52385619631385	1.14091051702492
MRPL44	-0.204834207	0.072419276	0.029995544	-2.470825594	23.60299471	1.52294325727859	1.14014582128615
MRPL38	-0.219514718	0.072450153	0.03002036	-2.470369259	23.57099998	1.52258410406223	1.13996069305015
BCR	-0.265051207	0.072450153	0.030028817	-2.470213823	22.65783167	1.52246177670851	1.13996069305015
PRAME	-0.280352765	0.07264635	0.030120405	-2.468533213	20.12574009	1.52113919289356	1.13878620125145
COPS2	0.1523107	0.072653228	0.030133527	2.468292839	25.21766935	1.52095003304648	1.13874508513136
ADGRL2	-0.234583087	0.072851992	0.030226265	-2.466596908	21.97030773	1.5196155144201	1.13755856877003
CSNK2B	0.201661248	0.072927666	0.030267971	2.465835847	24.24201555	1.5190166908055	1.13710768551202
PTPN11	0.277541385	0.072951829	0.030288312	2.466663226	25.45656293	1.51872492968837	1.13696381529006
ZNF622	0.176119946	0.073004288	0.030320412	2.464880348	24.45591975	1.51826490171707	1.13665163028987
ATG9A	0.248749768	0.073307727	0.030456801	2.462402781	22.66572313	1.51631571429634	1.134850246142
UQCC1	-0.492320241	0.073743053	0.030648088	-2.458946043	19.63223968	1.51359661403139	1.13227888634468
ATXN2	0.29214533	0.073850434	0.030703156	2.457954787	22.74821006	1.5128169807789	1.1316469481076
AP1B1	-0.134266456	0.074019611	0.030783955	-2.456503492	26.5888121	1.5116755844937	1.1306532016105
PIN1	0.138521525	0.074109084	0.030831642	2.455648682	23.94556187	1.51100334544703	1.13012855464855
FLII	-0.137596113	0.074169028	0.030867065	-2.455014525	26.33635115	1.51050466351767	1.12977741246727
NECTIN2	0.38442769	0.074271274	0.030920116	2.454066122	21.98403865	1.50975888545017	1.12917912642203
FBXL15	-1.417458516	0.074522523	0.03104553	-2.470411051	18.13054538	1.50800092160925	1.1277124502542
SIL1	0.183895839	0.074522523	0.031045784	2.45182581	22.46684985	1.50799736842954	1.1277124502542
RAB34	-0.50958118	0.074658994	0.031113191	-2.450627746	17.20922672	1.50705544493041	1.12691786631425
RCN1	0.233103389	0.074681238	0.031146509	2.450970084	26.76636442	1.5065906233868	1.12678849131064
ASB9	0.331702572	0.074681238	0.031156671	2.449856294	18.98280699	1.50644895162738	1.12678849131064
BRMS1	-0.320595355	0.074681238	0.031159063	-2.449813884	20.6449534	1.50641561069293	1.12678849131064
CKAP4	0.127356881	0.074681238	0.03116469	2.449714129	26.32712205	1.506337188745	1.12678849131064
NTPCR	0.150681948	0.075220526	0.031400369	2.44555162	24.87240691	1.50306524830506	1.12366363398064
PHACTR4	-0.391866462	0.075366557	0.031471983	-2.444292793	21.81195687	1.50207589201448	1.12282132432029
ZFAND2B	-0.714045165	0.075377365	0.031487152	-2.4451992	20.47965422	1.50186661934504	1.122759048446
FAM83B	-0.525921793	0.07540753	0.031510412	-2.443618433	18.9914893	1.50154591836974	1.12258528444635
DMTN	0.341652706	0.075496513	0.031558268	2.442779769	18.59020309	1.50088684002167	1.12207310691162
IER3IP1	0.318420669	0.075511353	0.031575146	2.442484277	22.45991874	1.5006546326381	1.12198774804518
IRAK4	-0.3248349	0.075797031	0.031705317	-2.440210438	19.23225715	1.49886790023881	1.12034780552322
URB2	-0.387175684	0.075992934	0.031808377	-2.438416584	21.60338654	1.49745848989692	1.11922678755438
TMEM109	0.329597795	0.075992934	0.031808747	2.438410157	23.53457027	1.49745343814519	1.11922678755438
TDRD3	-0.444555681	0.076178632	0.031897245	-2.436874282	19.25919916	1.49624682581325	1.11816683057486
MYD88	0.270495023	0.076498192	0.032041864	2.43437328	20.76832991	1.49428222725174	1.11634882907778
WDR6	-0.201708761	0.076528309	0.032066178	-2.433953873	22.16452846	1.49395280098291	1.1161778829084
FAHD1	-0.176361419	0.076528309	0.032076115	-2.433782549	23.68567925	1.49381823815082	1.1161778829084
NRBP1	-0.271123933	0.076540888	0.032092207	-2.433505215	24.22527029	1.49360041518985	1.11610650355308
HDHD2	0.288174831	0.076545864	0.032105114	2.433282877	22.01974753	1.49342578363619	1.11607827055036
MPP7	-2.135832614	0.07660476	0.032147765	-2.466063464	18.1130074	1.49284921502304	1.11574424371588
ZNF462	-0.400569598	0.07660476	0.032151475	-2.43248497	20.42546035	1.49279909833333	1.11574424371588
DNAJB11	0.122199477	0.076775779	0.032234106	2.431065574	26.17533701	1.4916843702691	1.11477576832436
DCC	-0.222640146	0.077037303	0.032354796	-2.428998731	21.85853842	1.49006133410027	1.11329892983887
GSKIP	0.233705882	0.077046634	0.032369606	2.429778949	26.86936334	1.48986258675953	1.11324632991322
GSDME	0.227025628	0.077112282	0.032408088	2.428088468	23.08585281	1.48934659055199	1.11287644451688
EPM2AIP1	-0.530328756	0.077292216	0.032494636	-2.426613268	20.92281324	1.48818832357079	1.11186424112005
SCARF2	2.112889008	0.077337664	0.032524675	2.459397143	19.0271925	1.48778703439472	1.11160895001872
PHF23	0.19294382	0.077381214	0.032553929	2.425604807	23.10978699	1.48739658804681	1.11136446110527
MIEF1	-0.450230886	0.077431014	0.032585825	-2.425063047	19.4164525	1.48697127916702	1.11108505338375
PSMB10	0.623703416	0.077526352	0.032636906	2.42435336	20.64683957	1.48629101936723	1.11055065126259
POLE3	-0.203592981	0.077526774	0.032648043	-2.424007751	23.46626891	1.48614284623496	1.11054828726934
WASF2	0.199982878	0.077608526	0.032693442	2.423238966	24.0459515	1.48553935403221	1.11009056493572
MTHFD1	-0.089972578	0.07769403	0.032740444	-2.422444106	27.78537417	1.48491543532596	1.10961235105323
MDC1	0.310051993	0.077802467	0.032797138	2.421486819	23.77254419	1.48416405278338	1.10900663196275
WDR41	0.995610629	0.07795908	0.032874178	2.424057572	19.09740369	1.4831450976513	1.10813329466064
ECH1	0.132298922	0.078190654	0.032990025	2.418241835	25.51940196	1.48161735534408	1.10684515434164
GCC2	-0.26985532	0.078190654	0.032993936	-2.418176241	21.90294082	1.48156587235655	1.10684515434164
NGDN	-0.387622674	0.078197296	0.03300957	-2.417914062	21.68963083	1.48136013298091	1.1068082642366
REPS1	-0.268727808	0.078197296	0.033018847	-2.417758544	22.82345338	1.4812380961332	1.1068082642366
CMTR1	-0.509464525	0.078204167	0.033032803	-2.418546272	21.8374958	1.48105457266695	1.10677010554768
PWP2	-0.201202197	0.078209571	0.033046142	-2.417301219	23.37351046	1.48087923529821	1.10674009632456
XAB2	-0.38982632	0.078780782	0.033298634	-2.413088021	21.75252047	1.47757358206216	1.10357971257741
MARK3	-0.202201275	0.078901862	0.033360965	-2.412052687	22.96756892	1.47676139544097	1.10291274778192
IDH3A	0.197494776	0.07914603	0.033481485	2.410056129	24.69500805	1.47519528804427	1.10157086465929
NCKAP5L	0.520591498	0.07914603	0.03348658	2.409971873	20.47305178	1.47512920489286	1.10157086465929
UBE2M	0.21342015	0.079279914	0.033564326	2.408687794	24.53731586	1.47412206939131	1.10083682962956
AURKA	-0.227660644	0.079279914	0.033565641	-2.408666103	22.87482195	1.47410505471756	1.10083682962956
CCDC51	0.268337292	0.079325551	0.033605603	2.408007208	23.54809237	1.47358830745787	1.10058690258175
ZFR	0.222194577	0.079325551	0.03360739	2.407977762	24.5239873	1.4735652141777	1.10058690258175
AGL	0.12717922	0.079558787	0.033718278	2.406153511	25.98540722	1.4721346129973	1.0993118470059
ATPAF2	0.354942707	0.079558787	0.033728697	2.405982404	22.31009507	1.47200043606074	1.0993118470059
DNTTIP2	-0.677595386	0.079678003	0.033790502	-2.408777799	21.48784027	1.47120535619165	1.09866155933522
KANSL1	-0.607394358	0.07972788	0.033822924	-2.404437256	17.16504281	1.47078885025179	1.09838978383769
MTFR1L	0.380782262	0.079736526	0.03384496	2.404076518	19.57921855	1.47050599484164	1.09834268981604
EIF2S1	-0.102093285	0.079736526	0.033849136	-2.404008174	27.25554229	1.47045241221432	1.09834268981604
TOM1L1	0.414446776	0.079811773	0.033892362	2.403301277	21.81377324	1.46989816359636	1.09793304133332
LSM1	-0.293463016	0.080462824	0.034180207	-2.398616034	22.50392619	1.46622531146064	1.09440472908399
NCAPD2	-0.129378934	0.080748596	0.034313017	-2.396467146	25.75746428	1.46454109456851	1.09286502013932
KYAT3	-0.164014921	0.080786202	0.034340417	-2.396024801	24.20149323	1.4641944354506	1.09266280886616
MSMO1	-0.525982077	0.080846464	0.034384898	-2.395307439	17.03202989	1.46363225961926	1.09233897017775
IFITM3	-0.399269103	0.080846464	0.03438889	-2.395243094	21.73720266	1.46358184205106	1.09233897017775
EXOC7	-0.156128182	0.08087253	0.034419096	-2.394756509	24.20869038	1.46320054038171	1.09219897029544
LAMTOR1	0.351588107	0.08087253	0.034422843	2.394696192	22.89374595	1.46315326392643	1.09219897029544
CTCF	-0.446981782	0.080882833	0.034438662	-2.394441553	20.90581907	1.46295372996242	1.09214364556345
BLOC1S6	-0.368460485	0.080912082	0.034462553	-2.394057195	19.76650541	1.46265255298367	1.09198662357744
ABL2	0.419268988	0.080952204	0.034491086	2.393598507	18.32936702	1.46229313104919	1.09177132267333
NDUFC2	-0.556213176	0.081141679	0.034617697	-2.395324794	22.43715789	1.46070182766399	1.09075601002964
RAB21	0.161254687	0.081141679	0.034583969	2.392107867	24.15523803	1.46112516676237	1.09075601002964
ALDOA	-0.105461321	0.081141679	0.034611563	-2.391665758	30.12577782	1.46077878825432	1.09075601002964
ADGRG1	0.223820874	0.081141679	0.034611946	2.391659622	24.17570553	1.46077398252318	1.09075601002964
FAM91A1	0.302917915	0.081188923	0.03464933	2.39106122	22.50466401	1.46030515874672	1.09050321962746
TASP1	0.597533886	0.081201335	0.034666106	2.390792893	19.88730658	1.46009493935574	1.09043683063115
KIF2C	-0.23972368	0.081250132	0.034698423	-2.390276328	23.10999396	1.45969026290253	1.09017592478816
PHKA1	0.510052506	0.081407821	0.034777274	2.389017929	19.35832539	1.45870446296458	1.08933386963195
BRIP1	-0.564497726	0.08154469	0.034847271	-2.387903128	17.12007129	1.45783122720867	1.08860431394659
HSPBP1	0.142598744	0.08154768	0.034860077	2.387699412	23.85033276	1.45767165794208	1.08858838995823
MAP7D1	0.275932333	0.081676354	0.034926629	2.386641862	22.69858948	1.45684332897291	1.08790365722162
H2AW	-0.433257556	0.081909405	0.035037865	-2.410614103	27.77054826	1.45546236503158	1.08666622882449
ALG1	0.369104075	0.081948338	0.035066104	2.384431807	19.55988377	1.45511248348528	1.08645984996106
USP25	-0.183938692	0.082045751	0.035119386	-2.383589766	25.20628131	1.45445308556613	1.08594390534868
HSF1	0.408850623	0.082176114	0.035186804	2.382526091	21.82372843	1.45362017812639	1.08525439980157
DNMT3A	-0.316483418	0.082241661	0.035238042	-2.381718998	20.72655989	1.45298823114024	1.08490812699849
AHCYL1	-0.128540572	0.082241661	0.035248534	-2.381553876	26.73343758	1.45285894077046	1.08490812699849
LARS1	0.124851538	0.082241661	0.035249748	2.381534775	26.69737906	1.45284398342721	1.08490812699849
ABRACL	-0.314456092	0.082648435	0.035435779	-2.379711773	24.33396542	1.45055801551478	1.08276536565332
POLDIP3	-0.301337036	0.082717209	0.03547696	-2.377970523	22.67640462	1.45005360168668	1.08240412773597
PMM2	0.196242278	0.082833763	0.035541597	2.376960584	22.66646445	1.4492630618232	1.08179260891737
RAF1	-0.404532708	0.082833763	0.035550368	-2.376823675	18.06538373	1.44915589930715	1.08179260891737
GPR174	-0.52778696	0.083044306	0.035660104	-2.375113545	18.54941676	1.44781739457176	1.08069013994414
URI1	0.221878442	0.083044306	0.035664207	2.375049697	22.81445996	1.44776742815116	1.08069013994414
PTMS	0.460156721	0.083212854	0.035774032	2.399904113	27.41984675	1.44643210886787	1.07980958248228
OSBPL10	-0.523275743	0.083212854	0.035783645	-2.384003489	23.62729494	1.44631542333377	1.07980958248228
TMCO6	-0.454703266	0.083212854	0.035752503	-2.373677521	17.64448356	1.44669354823952	1.07980958248228
ROCK1	-0.255076084	0.083212854	0.035771283	-2.373386084	22.32977654	1.446465482836	1.07980958248228
HUS1	-0.521782667	0.083363516	0.035860218	-2.372007973	18.61241491	1.4453870746202	1.0790239765398
B4GALT5	-0.418108114	0.083477376	0.035920997	-2.371068042	19.76498403	1.44465161784022	1.07843121085995
CLINT1	-0.132363622	0.083556847	0.035967006	-2.370357556	25.29875108	1.44409571263456	1.07801795639322
CHMP2A	-0.21723465	0.083571615	0.035985177	-2.370077193	23.21791783	1.44387635681047	1.07794120512239
ATP6V1E1	0.24414041	0.083627241	0.036044495	2.369567855	25.61439216	1.4431610547638	1.07765223106695
ANAPC4	-0.312396513	0.083627241	0.036041179	-2.369213974	20.37591862	1.44320101056703	1.07765223106695
VPS26C	-0.286072004	0.083627241	0.036044594	-2.369161381	22.5647401	1.44315986192992	1.07765223106695
KHDRBS1	0.144910243	0.083675748	0.03607733	2.36865744	25.86800483	1.44276561107394	1.07740039667774
ATP6AP2	-0.316312704	0.083718575	0.03610763	-2.368191391	22.56400665	1.44240101646658	1.07717817253239
PTPRS	-0.363364125	0.083787624	0.036153135	-2.367492164	19.38589424	1.44185403712	1.07682012487137
HECTD4	0.328324443	0.083787624	0.036168026	2.367263542	20.85177484	1.44167519377368	1.07682012487137
HSP90AA1	-0.093170126	0.083787624	0.036172944	-2.367188058	32.24581096	1.44161614396373	1.07682012487137
AFF4	-0.409432414	0.083816724	0.036206329	-2.366675884	19.61724456	1.44121550655178	1.07666931769123
TRIM3	-0.495057279	0.083816724	0.036209204	-2.366631794	19.00177659	1.44118102233039	1.07666931769123
ATG4C	-0.358543634	0.083948445	0.036277975	-2.36557826	17.20429214	1.44035696281564	1.07598734400686
NCS1	-0.445182922	0.08396214	0.036295763	-2.365306075	21.6336059	1.44014406954015	1.0759165007906
WDR11	1.970238711	0.083969275	0.036358855	2.395576803	24.72773412	1.43938980188053	1.07587959654454
MRPL43	-0.402869636	0.083969275	0.036328982	-2.365765729	22.7964905	1.43974677163844	1.07587959654454
CSTF2T	0.158121859	0.083969275	0.036334197	2.364718397	22.98461031	1.439684433443	1.07587959654454
SLC35F2	0.314067446	0.083969275	0.036348427	2.364500961	20.09597175	1.43951437875272	1.07587959654454
SAAL1	-0.143910486	0.083969275	0.036356004	-2.36438523	23.43303385	1.43942385746657	1.07587959654454
SEC31A	-0.126090654	0.083969275	0.036370068	-2.36417046	26.04195501	1.43925588695746	1.07587959654454
COL6A2	-0.88559293	0.083991802	0.036391698	-2.364920503	16.76599313	1.4389976801976	1.07576310107991
CEP85	-0.373499207	0.084317416	0.036544699	-2.361510312	17.95950918	1.43717561082687	1.07408271135991
RAB43	0.132825897	0.084405578	0.036594841	2.360748751	25.72058253	1.43658013545682	1.07362885177989
SLC4A1AP	-0.230541772	0.084449358	0.036625761	-2.360279655	23.51073446	1.43621334289265	1.07340364766926
GALE	-0.207170331	0.084480536	0.036651225	-2.359893608	21.74806233	1.43591150528344	1.07324333935212
MPHOSPH10	0.36595418	0.084495671	0.036669736	2.359613138	21.214491	1.43569221668668	1.07316554086063
CTTNBP2NL	-0.295157271	0.084497248	0.036682365	-2.359421867	22.26789899	1.4355426720931	1.07315743540388
NDUFAF8	-0.405704233	0.084659185	0.036764634	-2.358177418	19.69177267	1.4345697531676	1.07232591672318
PAM	-0.375799489	0.084787608	0.036832389	-2.35715452	17.51824481	1.43377011128713	1.07166761673483
BET1L	1.089166269	0.084898341	0.036892494	2.361203603	18.19339516	1.43306198468032	1.07110079622937
ABI2	0.425451516	0.085033491	0.036963244	2.355184132	20.70523976	1.43222992085358	1.07040999085272
KIF15	-0.154852071	0.085211615	0.037052718	-2.353840705	24.63686286	1.43117992886937	1.06950120351263
OTUD6B	0.404695209	0.085301836	0.037105683	2.35665692	23.6391228	1.43055956999337	1.06904162116439
SRSF1	0.227020683	0.085301836	0.037116066	2.353847127	26.62131527	1.43043806168359	1.06904162116439
RPS16	-0.131020433	0.085312921	0.037132949	-2.352638707	28.28162693	1.43024055889209	1.06898518812866
CTNNAL1	0.684074956	0.085386362	0.037189056	2.35275422	20.16930587	1.42958484555053	1.06861148974572
RNF114	0.205412246	0.085386362	0.037186589	2.351836499	24.85258036	1.42961365617764	1.06861148974572
NEK9	1.692647697	0.08540794	0.037210527	2.376900226	18.17975335	1.42933417917032	1.06850175298904
RCC1	0.206562424	0.08556887	0.037302027	2.350113811	25.28010936	1.42826756789651	1.06768420315158
CCDC9B	0.480956232	0.08556887	0.037304834	2.350071987	20.15127019	1.42823488820472	1.06768420315158
SNX3	0.168728493	0.085684674	0.037367433	2.349140037	25.28830073	1.42750673549868	1.06709685126767
LGALSL	-0.243938461	0.085742682	0.037404851	-2.34858368	20.91414229	1.42707207090343	1.06680293603902
ARG2	-0.424539176	0.085786543	0.037436112	-2.348119284	19.84656575	1.4267092620874	1.06658083288795
COPS7B	0.291505578	0.085918852	0.037505996	2.347082486	22.11771293	1.42589929703089	1.06591153440751
PIR	-0.416517018	0.085965206	0.037538383	-2.34660262	22.15676688	1.42552443894169	1.06567729177749
TMEM97	-0.331522928	0.086153423	0.03763275	-2.345206675	19.79149544	1.42443404460367	1.06472746272577
NEPRO	-0.320988913	0.08642662	0.037764303	-2.343266267	21.40904631	1.42291852648508	1.06335247119583
XRCC5	-0.111088831	0.086469111	0.037799045	-2.342754908	28.04411607	1.42251917255615	1.06313900603859
VAV2	-0.316000447	0.086469111	0.037807317	-2.342633224	21.78258156	1.42242414129493	1.06313900603859
PEX16	0.623377943	0.086719033	0.03792885	2.340848325	20.31609505	1.421030324875	1.06188557357674
BYSL	-0.277992149	0.086845279	0.037996344	-2.339859452	23.30756066	1.42025818909401	1.06125378527648
CTNND1	-0.128506684	0.086898901	0.038032089	-2.339336424	26.45190278	1.41984981930953	1.06098571598693
SNRNP40	-0.253257396	0.086907792	0.038048266	-2.339099878	23.48225963	1.41966513084588	1.06094128372515
PGD	-0.16198507	0.087179164	0.038179396	-2.337185967	28.82251886	1.41817094644895	1.05958729994242
ARMC7	-0.671272214	0.08725848	0.038226467	-2.33650049	19.66072654	1.41763583887104	1.05919235648055
ALDH1L1	1.460927972	0.087308534	0.038286499	2.365932317	21.40354619	1.41695434466031	1.05894330396949
MIEN1	0.228391954	0.087308534	0.03828466	2.335654163	21.32697807	1.4169752054534	1.05894330396949
URB1	-0.323028879	0.087308534	0.038296757	-2.335478391	21.96857747	1.41683800087827	1.05894330396949
SUMF1	0.352168537	0.087308534	0.038297764	2.335463757	17.30013166	1.41682658140498	1.05894330396949
TTC13	0.896014087	0.087498804	0.038393595	2.335769995	18.24807614	1.41574122063685	1.0579978832034
CIAO3	0.374164592	0.087606774	0.038453355	2.333207719	17.55654419	1.41506576263962	1.05746231167348
VPS4A	-0.520875365	0.087664638	0.038491146	-2.336194591	22.41968266	1.41463915842822	1.05717555621773
VEZF1	-1.0833279	0.087719179	0.038552294	-2.34257555	20.09213636	1.41394977476218	1.05690544171679
HIBCH	-0.188412666	0.087719179	0.038537866	-2.331986002	24.10015619	1.41411233768482	1.05690544171679
YJU2	0.607218221	0.087719179	0.038549193	2.33182245	19.76125663	1.41398470916465	1.05690544171679
ARMH3	-0.481256804	0.087936403	0.03866076	-2.330213988	20.49178067	1.41272961278646	1.05583130297832
EZR	0.101620704	0.087936403	0.038674113	2.330021775	30.55783048	1.41257963816183	1.05583130297832
RNF14	-0.341768657	0.087936403	0.038685056	-2.329864298	18.84073856	1.4124567701267	1.05583130297832
SMARCD2	0.219664835	0.087982847	0.038717925	2.329391561	24.46697737	1.41208792577473	1.05560198897901
UGT8	-0.237736493	0.088107075	0.038794903	-2.328285936	20.15191722	1.41122532967339	1.05498921633154
GON4L	0.275520244	0.088107075	0.038797503	2.328248625	21.44134401	1.41119622461758	1.05498921633154
PARP8	-0.401586712	0.088110507	0.038813932	-2.328012943	20.26321679	1.41101235933666	1.05497229976005
MYCBP	0.139106406	0.088110507	0.038823926	2.327869634	24.08148394	1.41090054947513	1.05497229976005
TMEM259	-0.260346443	0.08813917	0.038849015	-2.327509991	21.2518872	1.41061998807253	1.05483104352564
TRAF5	1.180507437	0.088498308	0.039019822	2.333088558	17.59858836	1.4087147160946	1.05306503250317
RCOR1	-0.23172936	0.088641709	0.03909558	-2.323987435	22.81699005	1.40787233953805	1.05236187939684
NDRG3	-0.194096622	0.08864487	0.039109505	-2.32378913	23.62737237	1.40771768077835	1.05234639255215
EEF1E1	0.158641474	0.088663335	0.039132105	2.32346744	24.20799286	1.40746678983773	1.05225593709198
DNAJB6	0.192808339	0.088663335	0.039142719	2.323316409	23.97989109	1.40734900990739	1.05225593709198
GPRC5A	0.555792073	0.088817194	0.0392232	2.325667113	22.50253588	1.4064569775818	1.0515029516033
MRPS9	-0.159550346	0.089092819	0.039357515	-2.320268582	23.35394129	1.40497233035902	1.05015729926678
MANBA	0.545927376	0.089289545	0.039466361	2.318730212	18.44853462	1.4037729159272	1.04919939009943
RB1	-0.22196191	0.089289545	0.039469664	-2.318683581	22.19257237	1.40373657067991	1.04919939009943
PARD3B	-1.050270598	0.089590388	0.039627979	-2.322735417	19.28097207	1.4019980758245	1.04773858255312
RPLP2	-0.136950733	0.089590388	0.039616533	-2.31661442	28.42492393	1.40212353396788	1.04773858255312
RPA3	-0.169789313	0.089868999	0.039775928	-2.314377088	22.92128673	1.40037967917157	1.04639009564326
ACTR2	0.128158999	0.089868999	0.039776624	2.314367345	25.89074967	1.40037207994435	1.04639009564326
ORC2	-0.365442668	0.089984414	0.039840428	-2.313474197	22.23313941	1.39967600465999	1.04583270722707
COPS6	0.131406665	0.09005829	0.039885867	2.312838956	24.62600636	1.3991809632411	1.04547630354913
PDXK	0.235729545	0.090064928	0.039901539	2.312620026	25.33771864	1.39901035327772	1.0454442938304
MIX23	0.191881915	0.090084438	0.039922917	2.312321513	25.19387833	1.39877773415016	1.04535022649547
NGLY1	-1.045435407	0.090245972	0.040007262	-2.315637777	18.7862795	1.39786116966524	1.04457217310333
IKBIP	-0.17947532	0.09028815	0.040038723	-2.310707116	25.43960044	1.39751978241393	1.04436924555935
IVD	0.250218628	0.090349357	0.040078638	2.310151717	22.73851543	1.39708704560226	1.04407493388717
CARM1	-0.347367339	0.090410021	0.040118329	-2.309599963	22.16348364	1.39665716441514	1.04378342988079
USP10	-0.12523681	0.09041406	0.040132902	-2.309397509	24.67384435	1.39649943540649	1.04376402853332
TTPAL	-0.265873317	0.090515459	0.040190706	-2.308595166	21.41170145	1.3958743648154	1.0432772419545
FTSJ1	-0.352380626	0.090622443	0.04025102	-2.307759174	19.20883634	1.39522310971205	1.04276423428751
USP24	0.171032025	0.090742616	0.040317224	2.306842919	24.10411757	1.3945093784223	1.04218870470425
FBXO38	-0.526732534	0.091004941	0.04044664	-2.305055971	17.77260515	1.393117550444	1.04093502756043
SNX30	-0.365630778	0.091058902	0.040483496	-2.304548085	18.40214964	1.39272199053709	1.04067759077521
TTC19	-0.409079066	0.091176744	0.040548775	-2.303649581	18.7950549	1.39202226152129	1.04011592088687
SEMA4D	-1.048751505	0.09120358	0.040585932	-2.309332247	19.28325653	1.39162447660806	1.03998811404296
TACC3	-0.232022844	0.09120358	0.040586496	-2.303131034	23.69004795	1.39161844150245	1.03998811404296
ATP2C1	0.271576886	0.091236386	0.040613992	2.302753325	22.56911072	1.39132432106488	1.03983192606245
ARSA	0.926453945	0.091431188	0.040713633	2.303726797	17.20855208	1.39026014248783	1.03890563724301
AKAP8	-0.394027281	0.091501267	0.040757774	-2.300782239	21.78583818	1.38978954316207	1.03857289230187
IPO5	0.128552386	0.091519531	0.040778847	2.300493914	26.58221065	1.38956505782754	1.03848621412616
CD99	0.429669542	0.091707574	0.040875598	2.299171961	18.46981655	1.38853588066315	1.03759479507621
DNAH5	-0.495000889	0.09192115	0.040983787	-2.297697281	19.36645579	1.38738791423119	1.03658455094803
OPTN	0.818686885	0.092247057	0.041153951	2.305185624	21.41041846	1.3855884638508	1.03504748044314
TNPO2	-0.272392788	0.092247057	0.041155176	-2.295368751	22.33004472	1.38557553671234	1.03504748044314
GINS1	-0.349886085	0.092307094	0.041195009	-2.294828894	16.81745164	1.38515539792463	1.0347649212204
TWF2	0.133050108	0.09232926	0.041217953	2.294518164	25.46069565	1.38491358031225	1.03466064520624
LRRC1	0.191683662	0.092381265	0.041254229	2.294027223	22.45622327	1.38453152499955	1.0344160951447
SUDS3	0.467749216	0.092402304	0.041276687	2.293723496	19.60792054	1.38429516785757	1.0343171997538
NDUFB5	-0.216989846	0.092433678	0.041311605	-2.293251563	21.53535489	1.38392793189093	1.03416976574167
ARRB2	-0.181272212	0.092433678	0.041316835	-2.29318091	22.05097087	1.38387295420665	1.03416976574167
PITRM1	-0.170772174	0.092498346	0.041358817	-2.29261408	23.9497821	1.38343189200599	1.03386603298524
MTARC2	0.44204271	0.092865147	0.041535952	2.290228497	18.82460233	1.38157583109718	1.03214724946856
CPNE2	0.694496544	0.093135649	0.041670106	2.288428238	19.22554832	1.38017539478735	1.03088405478023
ERCC6	0.398723347	0.093283122	0.041753891	2.287306707	20.48706185	1.37930304686087	1.03019692737191
TCP11L2	0.560509241	0.093283122	0.041778241	2.286981161	17.46919186	1.37904984918279	1.03019692737191
ERBIN	0.208585739	0.093283122	0.041786571	2.286869847	23.01481427	1.37896326553688	1.03019692737191
MRPS16	-0.244020522	0.093283122	0.041794219	-2.286767656	22.52263159	1.37888378592902	1.03019692737191
IDH3B	0.194369418	0.093283122	0.041802021	2.286663418	22.94906825	1.37880272090606	1.03019692737191
SERF2	-0.318039569	0.093361357	0.041850277	-2.286019157	22.52864374	1.3783016631385	1.02983284448059
GATAD2B	-0.142537614	0.093559863	0.041952486	-2.284656934	24.62904384	1.37724229886168	1.02891042280119
MEAK7	0.366503885	0.093939503	0.042135997	2.282219064	21.38769091	1.37534672557149	1.02715174184202
ALG13	-0.35070401	0.0940062	0.042179203	-2.28164657	20.39557157	1.37490163075993	1.02684350238974
PSMA4	-0.12420275	0.094103935	0.042236358	-2.280890103	26.12795995	1.3743135376498	1.02639221596641
SAV1	0.540257265	0.0941327	0.042262575	2.280543438	18.94804996	1.37404404551793	1.02625948430268
MSI2	1.43268407	0.094350656	0.042373768	2.307598839	20.835795	1.37290291554001	1.02525507593159
SMARCC1	-0.272875584	0.09452106	0.04246366	-2.277891343	23.50751119	1.37198257613091	1.02447141664642
GTF2H3	0.269786186	0.094593316	0.042509493	2.277288529	21.00311939	1.37151407472272	1.02413954992878
CAT	-0.115311959	0.094620985	0.042535303	-2.276949344	26.59800421	1.37125046915368	1.02401253527881
TOP2A	0.401669331	0.094670679	0.042571025	2.285695543	24.87224772	1.37088589301091	1.02378450801101
ASCC3	0.242079186	0.094700161	0.042597669	2.276130556	24.92250837	1.37061416540749	1.02364928265087
GPATCH11	-0.411699159	0.09470267	0.042612185	-2.275940142	18.0729939	1.37046619616534	1.02363777654139
STRAP	-0.102694489	0.094715382	0.042631294	-2.275689579	26.23310136	1.37027148488675	1.02357948482733
HOMER2	0.432435367	0.094878003	0.042717902	2.274555287	16.69510396	1.3693900849167	1.02283446494954
MT-ND1	-0.394060331	0.094929485	0.042754501	-2.274076614	20.51131523	1.36901815797522	1.02259887520225
SCD	-1.357902425	0.094932529	0.042782712	-2.290307435	18.53176657	1.36873168892523	1.02258494937923
RIN3	-0.322194544	0.094932529	0.042773634	-2.27382653	19.08323591	1.36882385100334	1.02258494937923
MRPS33	-0.461072023	0.09507322	0.042868781	-2.272584484	17.06015013	1.36785886574293	1.02194179688051
CNOT7	-0.30255117	0.09507322	0.042872996	-2.272529521	21.32633591	1.36781616657558	1.02194179688051
DGKE	0.368459665	0.095164095	0.042927428	2.271820214	19.12044339	1.36726513152684	1.02152687813499
SMNDC1	0.219751118	0.095207258	0.042960357	2.271391527	22.83092472	1.36693211831209	1.02132994248529
ASAP2	-1.392761636	0.095227616	0.042983005	-2.299374323	23.51341985	1.36670322566873	1.02123708798957
ARHGDIB	-0.154031595	0.095268816	0.043015069	-2.270679965	24.70941822	1.3663793761157	1.02104923215684
ARMC9	-0.673808189	0.095317387	0.043050474	-2.270219963	19.66798205	1.36602206245769	1.02082787177077
ZFP91	-0.327391354	0.095364511	0.043085238	-2.269768626	19.82459223	1.36567150369784	1.02061321381114
GCC1	-0.574825348	0.095368662	0.043100595	-2.269569366	18.85922752	1.36551673439999	1.02059431037273
PDCD6	0.15554061	0.095571382	0.043205722	2.268207125	25.14889165	1.36445873308175	1.01967213387578
FAM114A1	0.201470838	0.095845261	0.043351498	2.26632338	22.13554243	1.36299589099299	1.01842935563339
HSP90B1	-0.094344654	0.095845261	0.043356635	-2.266257115	30.56337426	1.36294443167358	1.01842935563339
MKLN1	-0.239005241	0.096023603	0.043450884	-2.265042567	21.03219243	1.36200138348651	1.01762200245286
AP1G1	-0.121711037	0.096388157	0.043629471	-2.262748071	25.32176986	1.36022005272883	1.01597632362323
DNAJC2	-0.290506232	0.096592131	0.043735453	-2.261390643	23.31996555	1.35916637081046	1.01505825249215
NCOA7	0.290935267	0.096738135	0.043815237	2.260370839	21.89643559	1.35837483483203	1.01440228956506
MED18	-0.623348011	0.096845258	0.043877446	-2.259576908	19.55846831	1.35775865959294	1.01392163952775
RHOT2	-0.181943134	0.096937899	0.043933122	-2.258867257	23.71411016	1.35720793356155	1.01350639726639
PES1	0.102627935	0.097090033	0.044021722	2.257739723	25.2843765	1.35633297313045	1.01282535129977
TAB1	-0.194924353	0.097090033	0.04402952	-2.257640591	23.96982814	1.35625604909618	1.01282535129977
PLD3	-0.129853828	0.097174541	0.044081581	-2.256979187	25.02831138	1.35574283776646	1.01244750206421
KIAA1671	0.65691535	0.097264937	0.044136337	2.257768369	20.71185819	1.35520371301167	1.0120436901715
PPP4R2	-0.195338165	0.097475221	0.044245538	-2.25490105	22.21964673	1.35413051976132	1.01110577148779
MOSPD2	-0.49884136	0.097954824	0.044477084	-2.251978706	19.65875592	1.35186369364322	1.00897417135896
PABPN1	-0.360001092	0.09802902	0.044524631	-2.254618935	24.06758664	1.35139967108601	1.0086453389995
TACC1	0.323757098	0.098081877	0.044562504	2.250904289	21.5008855	1.35103041382111	1.00841123162111
DPH2	-0.50502797	0.098136593	0.044601236	-2.250417759	19.88934664	1.3506531058497	1.00816902345908
C18orf21	-0.299280461	0.098215038	0.044654417	-2.249750387	20.67425747	1.35013557633087	1.00782201098689
ARPC2	0.091749462	0.098215038	0.044664656	2.249621989	26.5397843	1.35003600652858	1.00782201098689
PPP2CB	-0.206882283	0.098241911	0.044690765	-2.249294698	25.69183626	1.34978221118356	1.00770319823179
MARCKS	-0.181596394	0.09847789	0.044812034	-2.247776889	26.84435793	1.34860534318965	1.00666126522676
ATP5PO	0.123112103	0.098560375	0.044863501	2.247133909	25.82961285	1.34810683851824	1.00629765278394
PYGO2	-0.431344461	0.098792653	0.044983197	-2.245641262	20.5319461	1.34694968206805	1.00527535177068
ID1	-0.361353557	0.098818939	0.045009135	-2.245318305	20.16298913	1.34669933339204	1.00515981335815
ABR	0.677909358	0.098827654	0.045027075	2.245095037	18.46637359	1.34652626428777	1.00512151392323
GMEB2	-0.230580731	0.098909596	0.045078391	-2.244456864	22.07868652	1.34603159378592	1.00476157202586
PANX1	-0.560024971	0.099022994	0.045156251	-2.243489898	20.26769857	1.34528212160975	1.00426394673791
PTPRF	-0.27076484	0.099022994	0.045158069	-2.243467344	21.61509547	1.34526463717609	1.00426394673791
SOD2	-0.153320736	0.09924598	0.045287602	-2.241862226	24.8728772	1.34402067480698	1.00328707548853
ERAL1	-0.164589569	0.09924598	0.04529248	-2.24180186	23.10847637	1.34397389877327	1.00328707548853
EDEM3	0.282319399	0.09924598	0.045301848	2.241685963	19.67396064	1.34388408143457	1.00328707548853
UBXN4	-0.225650674	0.099562285	0.045460303	-2.239728974	22.7146551	1.34236767396104	1.00190514469198
COA5	-0.537086833	0.099658786	0.045518453	-2.239012422	18.4074515	1.34181250638847	1.00148440751929
FBXO3	-0.293265482	0.099710708	0.045556263	-2.238546975	20.40058214	1.34145190849643	1.00125820000733
DSP	0.112247541	0.099772386	0.045598547	2.238026893	28.91828238	1.34104899593065	1.00098964175138
DENND11	-0.455361554	0.099816132	0.045645675	-2.237447775	18.39667427	1.34060036627028	1.00079926359837
LONP1	0.171260834	0.099816132	0.045646761	2.23743444	25.18499923	1.34059003367696	1.00079926359837
WASHC2C	-0.516455365	0.100089932	0.045786121	-2.235725315	17.32108327	1.3392661483407	0.999609605804889
AAAS	-0.155685816	0.100149512	0.045827533	-2.235218386	26.9581672	1.33887352118254	0.999351162558358
SLC25A25	0.18370957	0.100641059	0.046066688	2.232299392	22.23286824	1.33661301056107	0.997224801991845
MRPL22	-0.275402511	0.100890441	0.0461951	-2.230738005	21.11998322	1.33540408842266	0.996149979626442
LCT	-0.313079949	0.100902379	0.046215688	-2.230488053	22.02695952	1.33521057735897	0.996098594175453
EURL	-0.639150023	0.100902379	0.046229094	-2.230325359	18.37864881	1.33508461780259	0.996098594175453
PSMB9	0.480539672	0.100932757	0.04625728	2.229983432	18.37246419	1.33481990800554	0.99596786373741
FADD	2.8015838	0.100954236	0.046309937	2.25635712	20.15716761	1.33432580981956	0.995875453512528
WFDC2	0.357344328	0.100954236	0.046296342	2.229509898	21.28834688	1.33445332241563	0.995875453512528
RBM22	-0.409399333	0.100954236	0.046307087	-2.229379708	21.85210224	1.33435253793541	0.995875453512528
DDX3X	-0.132413068	0.101154275	0.046415999	-2.228061702	27.28936556	1.33333229789798	0.995015758274517
GNPTG	0.414570291	0.101371643	0.046530071	2.226684398	20.26702941	1.33226628477847	0.994083514538772
ARHGAP5	-0.212188498	0.101398895	0.046556914	-2.226360768	25.41884115	1.33201581438026	0.993966777724747
MYEF2	0.361752878	0.101476969	0.046607106	2.226103462	22.88819203	1.33154786311013	0.993632513131755
TOLLIP	0.259811412	0.101640514	0.046696589	2.224679635	21.35505838	1.33071484175896	0.992933147372167
EPHB4	-0.351418766	0.101997118	0.046874842	-2.222541107	21.08208964	1.32906018312863	0.991412099359451
MED21	-0.30649401	0.102084058	0.046931173	-2.221866905	20.42774709	1.32853859087464	0.991042074398984
PKD2	0.373868158	0.102084058	0.046944495	2.221707569	17.63954911	1.32841532845212	0.991042074398984
MBD3	-0.382875343	0.102084058	0.04695809	-2.221545016	21.34101301	1.32828957614141	0.991042074398984
RAB5A	0.523934078	0.10245583	0.04715807	2.227814449	23.20720641	1.32644397723051	0.989463324087664
TSR3	-0.288101942	0.10245583	0.047152621	-2.219223911	17.035227	1.32649416179833	0.989463324087664
POLR2E	0.156869319	0.102461048	0.047174955	2.218958011	23.12809226	1.32628850543459	0.989441206352618
CENPU	-0.497740558	0.102572642	0.047240835	-2.218174363	18.32033157	1.32568243466802	0.988968458062333
YEATS2	-0.623426795	0.102644513	0.047288446	-2.217952932	20.20321535	1.32524495760043	0.98866426146644
PPP1CC	0.254413423	0.102737447	0.047345784	2.216928131	21.59632961	1.32471868755944	0.988271230587429
PDS5B	-0.164281052	0.102800277	0.047389271	-2.216412508	24.02862839	1.32431997210061	0.988005715113025
TUT7	-0.290397593	0.102907897	0.047453429	-2.215652607	20.5763739	1.32373239984423	0.987551296841764
CCDC50	0.423583439	0.103063909	0.047552663	2.214479188	21.86224518	1.32282515708995	0.986893389674914
ABHD16A	-0.304914257	0.103063909	0.047554509	-2.214457379	19.63843702	1.32280829805404	0.986893389674914
GGCX	-0.20583785	0.103087807	0.047580109	-2.214155058	22.14952867	1.32257456738399	0.986792699078917
TOR1A	0.239834375	0.103105431	0.047602818	2.213886995	23.08960212	1.32236733707731	0.986718457983118
BRAT1	-0.23803415	0.103109231	0.047619149	-2.21369431	22.18075763	1.32221837012195	0.986702452147108
REXO4	-0.416195703	0.103308967	0.047725997	-2.212435119	21.72025463	1.32124499039211	0.985861981001144
ZFHX3	-0.250078326	0.103368459	0.047768093	-2.211939757	21.90992349	1.3208620962948	0.985611958068974
CRYBG3	-0.52755634	0.103446137	0.047818613	-2.211345821	18.88220338	1.32040302494091	0.985285722600065
AKT1	0.139611849	0.103728218	0.04796367	2.209643761	24.36071737	1.31908759371812	0.984103083006928
SEC24A	0.269301689	0.103910347	0.048062575	2.208486036	22.41312149	1.31819296515232	0.983341204884914
SARNP	0.162691722	0.104177571	0.048200903	2.206870639	24.69314602	1.31694482557352	0.982225772777717
RAB22A	0.190083842	0.10426992	0.048258371	2.206200822	22.97146883	1.3164273421382	0.981840959666838
CSTF1	-0.230569735	0.104308898	0.048291156	-2.205819035	23.97968732	1.31613239827718	0.98167864279617
RALY	0.206783484	0.104311114	0.048306928	2.205635461	25.22110541	1.31599057988192	0.981669416485015
ZNF330	-0.388421852	0.104325016	0.048328114	-2.205388956	19.70802069	1.31580015283081	0.981611540009868
RAP2C	-0.926083375	0.10469893	0.04854573	-2.205932807	17.16483974	1.31384896388145	0.98005775669241
INPPL1	0.282254405	0.10469893	0.048542111	2.203717718	24.1818935	1.31388134098892	0.98005775669241
HNRNPUL1	-0.131027962	0.10469893	0.048523497	-2.203120426	25.27795525	1.31404790786573	0.98005775669241
TAF10	0.370833834	0.104840507	0.048643976	2.202064149	22.75599747	1.31297093446952	0.97947088750825
CAD	-0.127083562	0.104840507	0.04863919	-2.201781241	26.74312156	1.31301366608441	0.97947088750825
OR10A6	0.256634009	0.104840507	0.048655836	2.201588809	22.49117413	1.31286506103616	0.97947088750825
NVL	0.373657528	0.104865882	0.048682436	2.201281427	19.40434147	1.31262769841879	0.979365786060606
LIMD1	-0.520532781	0.10514333	0.048826101	-2.199624061	20.63639033	1.31134795484331	0.978218272536129
NUCB1	0.184064222	0.105184475	0.048860077	2.199232778	24.70549595	1.31104585294488	0.978048356374204
USO1	-0.111331124	0.105233805	0.048897868	-2.198797865	26.25439097	1.31071007617332	0.977844726279093
SPATA33	-0.368121459	0.105378609	0.048980049	-2.197853186	17.39188018	1.3099807847397	0.977247538422287
SNIP1	-0.403316507	0.105608606	0.049113717	-2.196319872	20.82280732	1.30879719656474	0.97630068988912
GRAMD2B	0.418338611	0.105608606	0.04911681	2.196284444	20.823844	1.30876984716789	0.97630068988912
MEOX2	-0.449448295	0.105828945	0.049245436	-2.194812796	19.64417558	1.30763401312297	0.975395533297634
DDX18	-0.175150075	0.105828945	0.049249207	-2.194769705	24.76392581	1.30760075802519	0.975395533297634
CKMT1A	-0.176614085	0.105862832	0.049279941	-2.194418624	24.33817488	1.30732982079878	0.975256492117645
GSE1	0.362675547	0.106037464	0.049376224	2.193320138	19.50278682	1.30648212539369	0.974540667434382
NAXE	-0.150566173	0.106041761	0.049393215	-2.193126498	24.64970868	1.30633270472897	0.97452306869609
ELF2	-0.490239815	0.10613376	0.049451071	-2.192467614	17.71305724	1.30582429811426	0.974146449750075
CHEK1	-0.644340777	0.106157758	0.049490448	-2.192917073	20.21993026	1.30547861482802	0.97404826213411
DYNC1I2	0.153012026	0.106157758	0.049492265	2.191998919	25.88003239	1.3054626703656	0.97404826213411
CARMIL1	0.338761793	0.10635593	0.049599691	2.190778417	19.54655046	1.30452102910281	0.973238290486404
SRSF2	-0.189121994	0.106643743	0.04974899	-2.189086329	26.58639136	1.30321573184045	0.972064620386036
SCAMP2	0.216325081	0.106698213	0.049804231	2.188461464	22.68141789	1.30273376121818	0.971842854153207
DGCR8	-0.296090352	0.106698213	0.049810622	-2.188389219	19.84953872	1.30267803506984	0.971842854153207
RBM12B	-0.200440283	0.106698213	0.049819649	-2.188287184	23.37518854	1.3025993365727	0.971842854153207
SDHC	-0.406285823	0.10710152	0.050023102	-2.185992158	20.5608558	1.30082938058409	0.97020436555537
HAUS3	-0.540210229	0.107225335	0.050096089	-2.187231707	21.62098614	1.30019617816507	0.969702588237183
SF3A3	0.161825075	0.107437507	0.050210404	2.183887124	25.73287026	1.29920628421687	0.968844077672781
PEX1	-0.317714827	0.107520789	0.050264525	-2.183280265	20.33127814	1.29873841717457	0.96850755737536
MED4	-0.522232089	0.107723973	0.050396396	-2.181804173	20.65603273	1.29760052016712	0.967687637620741
GSDMD	0.218637475	0.107723973	0.050401195	2.181750518	24.3224433	1.29755916641651	0.967687637620741
TMEM39A	-0.584376515	0.107723973	0.050405195	-2.181705808	16.76859691	1.29752470078534	0.967687637620741
TRIR	-0.532812153	0.107912841	0.050508824	-2.182934193	21.81009541	1.29663274307459	0.966926873726477
TOR2A	-0.459396339	0.107914829	0.050528643	-2.180327536	17.1173457	1.29646236504151	0.966918873107928
CDK7	-0.164753846	0.107914829	0.050540264	-2.180197954	23.13728384	1.29636249384777	0.966918873107928
SF3A2	0.218014605	0.10796894	0.050580869	2.179745407	23.79262226	1.29601371357084	0.966701162352633
SEL1L3	0.692692053	0.10805199	0.05063505	2.179142081	18.55937966	1.29554875683668	0.966367230279486
QRICH1	-0.192646626	0.108176821	0.050722313	-2.178171665	23.08915843	1.29480095031101	0.965865785349528
FLAD1	0.194580082	0.108176821	0.050724133	2.178151448	22.68064471	1.2947853673904	0.965865785349528
KAT8	-0.266663215	0.108359887	0.050825291	-2.177028527	20.12275203	1.29392012613149	0.965131456530177
KHDC4	1.133118888	0.108577915	0.050942903	2.196247139	20.90286153	1.29291631023699	0.9642585022704
PPP4R3A	-0.186789817	0.108654474	0.050994183	-2.175158415	24.0091123	1.29247936184491	0.963952386292302
EIF3A	-0.113273226	0.108897575	0.051123671	-2.173728596	27.50777668	1.29137796866418	0.962981791280449
PEX14	0.226575817	0.109009693	0.051191716	2.1729786	24.68338884	1.29080031219931	0.962534883442397
POMT2	-0.793383527	0.109038919	0.051220855	-2.173596988	18.78962856	1.29055317638139	0.962418462700364
DIS3L	-0.350654116	0.109147828	0.051287444	-2.171925088	17.71605281	1.28998894422448	0.961984902162814
FLNB	-0.109625545	0.109366513	0.051405662	-2.170626627	29.27013449	1.28898904365197	0.961115634543602
LIN7C	0.155851811	0.109407595	0.051440439	2.170245198	24.10679813	1.28869533373733	0.96095252853185
RPS15A	-0.128422632	0.109740574	0.051612509	-2.168361489	27.74048368	1.28724502838656	0.959632772549082
HOOK3	0.205834489	0.109810349	0.051660849	2.167833375	21.39137626	1.2868384608614	0.959356728175586
UBXN6	-0.434634299	0.109905036	0.051720931	-2.170127167	22.75433552	1.28633366622545	0.95898240714974
CDC26	0.415014176	0.110152755	0.051853078	2.165737849	20.12381323	1.28522545877852	0.95800463635856
WASHC2A	0.222097537	0.110185891	0.051907896	2.165141615	23.10318512	1.28476657416697	0.957874012136962
GDPD5	0.374238379	0.110185891	0.051911711	2.16510014	18.25791394	1.28473465662274	0.957874012136962
MED19	-0.369426345	0.110185891	0.051923082	-2.164976547	19.15546098	1.28463953701146	0.957874012136962
WWC2	-0.527340401	0.110185891	0.051930981	-2.16489071	19.40364488	1.28457347330591	0.957874012136962
ENDOD1	-0.256406245	0.110343629	0.052020922	-2.163914156	21.21094141	1.28382195479367	0.957252736992763
ELOVL7	0.318852146	0.110396935	0.052061659	2.163472373	19.33449311	1.28348199675184	0.957042983953423
PRDX4	-0.147535122	0.110445658	0.052100249	-2.163054172	25.41869905	1.28316020109457	0.956851353071919
MRPS17	-0.347706974	0.110511672	0.052147012	-2.162547796	21.04833397	1.28277057140024	0.956591850327372
ZNF24	0.354086435	0.110780095	0.052289333	2.161009298	18.53394769	1.28158689797273	0.955538266757867
DVL2	-0.215822857	0.111030971	0.052423444	-2.159563163	21.72322226	1.28047445112952	0.954555862129764
SQSTM1	-0.226974451	0.111329327	0.052580051	-2.158200868	25.4515815	1.27917899698569	0.953390416289228
JMY	0.493594364	0.111581986	0.052724133	2.156333478	18.73869031	1.27799055310411	0.952405913035299
CDCP1	0.159762714	0.111581986	0.052730927	2.156260702	22.89428328	1.2779345937843	0.952405913035299
R3HDM1	0.897986622	0.111704831	0.052804772	2.158381005	19.4679245	1.27732682823095	0.951928044151421
VPS18	0.16573008	0.111948712	0.052935884	2.154069499	22.85453134	1.27624983004602	0.950980898730869
MACROH2A1	-0.499490636	0.112024882	0.052987738	-2.156420652	22.35218021	1.27582461973998	0.950685504873307
GNB1L	0.530094543	0.112183191	0.053078476	2.155450827	22.28688756	1.2750815551801	0.950072210841194
ISY1	-0.297658518	0.112291336	0.053145518	-2.151836567	22.23878327	1.27453335559872	0.949653751063091
GFER	0.286892661	0.112551411	0.053284517	2.150360588	20.73447718	1.27339896655127	0.948649056099509
GPNMB	-0.284859993	0.112572608	0.053310466	-2.150085453	20.77228517	1.27318752118271	0.94856727237691
ICOSLG	-0.413387351	0.112767046	0.053418486	-2.148941465	18.45131002	1.27230842502231	0.947817796020393
FAM20B	-0.359433943	0.113196917	0.053640888	-2.146592977	22.18847868	1.27050404121739	0.94616540131136
SYTL2	0.242589557	0.113196917	0.053654122	2.146453516	20.90582281	1.27039690756406	0.94616540131136
AGPAT3	0.320601507	0.113247908	0.053694301	2.146030328	21.47417436	1.27007180695586	0.9459698118533
MYO1G	0.754381867	0.113262476	0.053717219	2.146640935	18.6268137	1.26988647932829	0.945913948612866
BAX	-0.473444893	0.113416683	0.053806388	-2.144851314	17.70064627	1.26916616097933	0.945323058300784
CYB5A	-0.217745026	0.113562072	0.053891416	-2.143958476	23.63479735	1.26848040514201	0.944766692141625
ITGB8	-0.20605044	0.113582457	0.053917146	-2.143688558	22.40703529	1.26827310440403	0.944688740952782
EP400	-0.733339167	0.113618293	0.053950218	-2.146212595	20.12129592	1.26800679609681	0.944551739845325
QARS1	-0.1090309	0.113649962	0.053981322	-2.143015856	26.67401122	1.26775648379813	0.944430705149684
MTFP1	0.390349266	0.113899224	0.054115817	2.14160851	20.33695063	1.26667578051542	0.943479234776615
ADNP	-0.263542588	0.113995664	0.054193868	-2.141109103	24.31212833	1.26604985081255	0.94311166740639
PDIA4	-0.099078079	0.113995664	0.054181982	-2.140917382	28.57182018	1.26614511233498	0.94311166740639
IFT81	0.186004536	0.114087084	0.054253456	2.140171676	21.28586949	1.26557259160066	0.94276352004312
DHX35	0.967874091	0.114138353	0.054293972	2.142969056	18.62858864	1.26524838537357	0.94256839854869
XRN1	0.292474973	0.114206827	0.054342689	2.139242005	22.53174287	1.26485887550649	0.942307934270485
ZBTB8OS	0.695337876	0.114446171	0.054472754	2.14407042	21.37760277	1.26382066737845	0.94139873283993
UFL1	0.127966259	0.114495704	0.054512515	2.137476635	25.13613498	1.26350378081535	0.941210808207027
PRPF19	-0.138436579	0.114786754	0.054667313	-2.135871992	26.56492966	1.26227227196451	0.940108225148964
RSBN1L	-1.281598433	0.115162256	0.054862426	-2.152860368	19.77515363	1.26072499193532	0.938689835989558
TSPAN14	-0.426757497	0.115409615	0.054996581	-2.132473007	20.61756475	1.25966430866916	0.937758007753129
RAB2B	0.172656434	0.115468795	0.055041105	2.132014861	24.2257647	1.25931285583022	0.937535366337659
CMPK1	0.152064855	0.115654475	0.055145963	2.130937273	24.92097526	1.25848627490096	0.936837558481715
POLR1H	-0.348071675	0.115676382	0.055199047	-2.130392484	18.50109047	1.25806842020946	0.936755303227342
ATP2B4	0.120780742	0.115676382	0.055203211	2.130349776	24.6023566	1.25803565996966	0.936755303227342
KIF22	-0.413647879	0.115676382	0.055205466	-2.130326644	20.57265655	1.25801791980496	0.936755303227342
EXOC1	-0.243253033	0.11581889	0.055289849	-2.129461749	23.28024746	1.25735459614476	0.93622060163011
ANP32B	0.110953071	0.11586484	0.055328164	2.129069449	26.18920619	1.25705374109795	0.936048333756961
MRPL57	-0.471185938	0.115994326	0.055422026	-2.12810949	21.10945007	1.25631760225394	0.93556325428307
PLCL1	0.376597228	0.115994326	0.055422791	2.128101668	17.93683424	1.25631160765198	0.93556325428307
FIBP	0.26102163	0.116476987	0.055669875	2.125581985	22.12050973	1.25437975384792	0.933759872115844
CLP1	-0.228523458	0.116504108	0.055699306	-2.125282556	21.41036445	1.25415021599769	0.933658760901675
ALDH16A1	-0.178108387	0.116748842	0.055832815	-2.123926132	24.02994471	1.25311047517399	0.932747418389295
SSR3	-0.257392416	0.116795339	0.055871562	-2.123533043	21.90965352	1.25280918690907	0.932574488447685
MIF4GD	-1.228300326	0.116814085	0.055897042	-2.136312127	18.51905602	1.25261117381425	0.932504788482368
ATP7A	-0.475762374	0.117356652	0.056194094	-2.120270858	18.55129907	1.25030932638811	0.930492288723956
ZFYVE21	0.372312054	0.117356652	0.056198831	2.120223086	20.85552194	1.25027271815922	0.930492288723956
HCCS	0.271570987	0.117356652	0.056206437	2.120146373	22.73844895	1.25021394433317	0.930492288723956
PTS	0.56286142	0.117400959	0.056244253	2.119765122	18.21329847	1.24992184686811	0.930328355501462
PDE4DIP	0.230649066	0.117914331	0.056506868	2.117124177	23.99866686	1.24789876362783	0.928433408679397
SNW1	-0.160237766	0.118109275	0.056616985	-2.116020232	24.76354863	1.24705326165277	0.927715996347916
SMAD3	0.268813218	0.118167122	0.056661419	2.115575347	22.56119712	1.24671255342742	0.927503341730565
ATG7	0.175177062	0.118331053	0.056756752	2.114621954	23.28832086	1.24598246573109	0.926901270783378
DDX47	-0.197882205	0.118451756	0.056844601	-2.113744739	23.7795218	1.24531077754185	0.926458496651158
TBPL1	-0.316982633	0.118451756	0.056854117	-2.113649794	20.15890488	1.24523808109686	0.926458496651158
CNOT3	-0.137580799	0.118451756	0.05686488	-2.113542418	23.54009283	1.24515587299362	0.926458496651158
BTF3L4	0.154285021	0.118602588	0.056954056	2.112653556	25.37921106	1.24447534207313	0.925905834227605
PITPNC1	0.374092428	0.118640615	0.056989088	2.11230473	18.44475895	1.24420829301278	0.925766610711855
ARID1A	-0.205479233	0.118742475	0.057054803	-2.111650935	23.0576863	1.24370778983305	0.92539390313069
ARPC5	0.24578693	0.118754036	0.057077145	2.112690292	25.63082481	1.24353775843328	0.925351621427366
RASA2	-0.229710914	0.118840621	0.05713556	-2.110848446	22.18206012	1.24309351163302	0.925035087462714
PPA2	0.125350373	0.118957845	0.057208734	2.110122229	25.56092428	1.24253766284258	0.924606911946473
NLRP2	0.491292692	0.1195069	0.057489678	2.107342113	19.38391873	1.24041012383297	0.922607019021996
OSTM1	0.494236922	0.119579592	0.057541551	2.106830192	16.99356234	1.24001843612551	0.922342932705891
WDR77	0.220525371	0.119709637	0.057621051	2.106046467	22.92483047	1.23941882451208	0.921870886122805
LARS2	0.34539008	0.119805274	0.057684021	2.1061542	22.97123321	1.2389444737178	0.92152406325988
METTL26	0.545581474	0.119833931	0.057714759	2.10512399	20.3589585	1.23871311348851	0.921420193969984
NDUFB11	-0.163538357	0.120363353	0.057986755	-2.102454351	23.77685557	1.23667119414928	0.919505722484675
CPSF7	-0.149360798	0.120366543	0.058005308	-2.102272689	24.53189661	1.23653226282272	0.919494212494264
GRWD1	0.147727584	0.120456129	0.058065508	2.101683594	23.52549077	1.23608177007948	0.919171097507395
CDCA8	-0.484866792	0.121180184	0.058448797	-2.098667761	21.44799977	1.23322442311015	0.916568392406216
CENPF	-0.194238442	0.121180184	0.058444041	-2.097992505	22.76904763	1.23325976324891	0.916568392406216
TPBG	0.504563046	0.121310138	0.058528626	2.097976281	21.33052208	1.23263167112967	0.916102903226781
STT3B	0.13113576	0.121509817	0.058642142	2.096069762	24.34936677	1.23179017476204	0.915388633203961
SMAD1	-0.59936857	0.121523327	0.058665841	-2.096644397	20.3482663	1.23161469914984	0.915340349102789
NUDT16L1	-0.255351379	0.121775286	0.05880469	-2.094496643	21.76879449	1.23058803515017	0.914440841776098
RLF	0.727988018	0.121832179	0.058849386	2.094867384	19.15523402	1.23025806397098	0.914237988251818
KXD1	0.356769738	0.121920088	0.058909084	2.093488481	18.39273336	1.22981773022341	0.913924732537442
ZBTB7B	-0.29374892	0.122176743	0.059050365	-2.092126759	20.86630412	1.22877741359668	0.913011456516019
DYNC2H1	-0.345772634	0.122321548	0.059137644	-2.091287057	18.79666242	1.22813598143623	0.912497031490406
GGPS1	0.18613051	0.122416283	0.05920075	2.090680652	22.85232438	1.22767279127035	0.912160811383936
SARDH	-0.662519562	0.122466341	0.05924227	-2.09108105	19.76403395	1.22736830886815	0.911983257639021
NBL1	0.384287696	0.122513505	0.059295642	2.089769929	18.51216848	1.22697722442498	0.911816035187607
LMAN1	0.106290884	0.122513505	0.05929997	2.089728428	25.53984131	1.22694552634632	0.911816035187607
ITGA5	0.472232347	0.122513505	0.059317042	2.08956474	21.025674	1.22682051433799	0.911816035187607
DDB2	-0.325834533	0.122589928	0.059371373	-2.089044094	18.94222435	1.22642290762727	0.911545210027308
NUP210	0.215646174	0.122691147	0.059455082	2.088351588	25.4584012	1.22581101757636	0.911186773440555
ORC1	-0.657818179	0.122691147	0.059452966	-2.088263043	17.80175739	1.22582647434551	0.911186773440555
YKT6	0.195159313	0.122857429	0.059553029	2.087306561	24.62422002	1.22509614443257	0.910598577269719
C2orf49	-0.251889455	0.122907058	0.05959446	-2.086910967	21.89378479	1.22479411111981	0.910423176817046
NUSAP1	-0.226289174	0.123203	0.059755371	-2.085377005	23.32792187	1.22362305287642	0.909378716947706
USP7	-0.13020043	0.123384551	0.059868194	-2.084303777	25.82297369	1.22280384270056	0.908739214982493
TRIP4	0.226030076	0.123384551	0.05987831	2.084207638	23.31407161	1.22273046564415	0.908739214982493
KMT2D	-0.285804225	0.123665415	0.060032094	-2.082748044	21.21677913	1.22161650760558	0.907751740748909
PPIL2	0.317118517	0.123920887	0.060173628	2.081407815	21.51418518	1.22059380315218	0.906855486647924
GDI1	-0.206636221	0.123952124	0.060206319	-2.081098677	25.51604761	1.22035792464233	0.906746026914908
SLMAP	-0.141202251	0.124074126	0.060283117	-2.080373055	24.94163782	1.21980430013806	0.906318775366698
HAUS8	-0.429216562	0.12442129	0.060471042	-2.078601115	21.09607535	1.21845254783277	0.90510530020459
ANKRD52	-0.299796837	0.12442129	0.060486969	-2.078451177	21.23626369	1.21833817742942	0.90510530020459
MED27	0.374195867	0.124475198	0.060530772	2.078826694	22.80462691	1.21802378712822	0.904917174229133
MTG2	-0.309963097	0.124666708	0.060641524	-2.076998098	18.67044298	1.21722989285632	0.904249508528522
MTM1	-1.681095907	0.124685978	0.060668524	-2.099436039	18.0058634	1.21703657084552	0.904182383888181
TRAPPC11	0.233228193	0.125046263	0.060861504	2.074935888	21.13903874	1.2156573196277	0.902929282603848
XPC	-0.854384036	0.125080553	0.060895875	-2.077265488	18.32747252	1.21541212486158	0.902810207343418
SERBP1	-0.128264991	0.125103475	0.06092472	-2.074344561	27.96249835	1.21520645808471	0.90273062673852
CD9	-0.409617727	0.125187916	0.06098354	-2.089043553	25.22338072	1.21478736911719	0.902437590197462
STK33	0.352533137	0.12523069	0.061022079	2.07343498	18.64003517	1.21451300018678	0.902289226522363
PHB	-0.194555432	0.125275776	0.061061758	-2.073847777	27.68870303	1.21423069629172	0.902132898412074
RHPN2	0.224931564	0.125858145	0.061363407	2.070256812	23.66513578	1.2120905356265	0.900118673527678
TUBB4B	-0.090200616	0.126054661	0.061479214	-2.06918227	28.75144457	1.21127169350874	0.89944109120804
PLOD1	0.191788367	0.126054661	0.061494859	2.069037245	24.8838674	1.21116118993607	0.89944109120804
ATN1	0.366059642	0.126054901	0.061512796	2.068871028	17.80127757	1.21103453212478	0.899440264339953
CDK9	-0.229444568	0.126093044	0.061549234	-2.068533491	23.55585721	1.21077734763345	0.899308870887195
MLF1	-0.362229399	0.126133076	0.061599641	-2.06806687	18.76549645	1.21042181887735	0.899171013025008
C2orf76	-0.338727864	0.126133076	0.061613128	-2.067942079	18.30725526	1.2103267422104	0.899171013025008
TRIP10	0.120271682	0.126133076	0.061637856	2.067713347	24.35283476	1.21015247611136	0.899171013025008
CREB3L1	-0.314337571	0.126133076	0.061640097	-2.067692626	18.97584263	1.21013668652514	0.899171013025008
TMEM70	0.303244502	0.126160063	0.061671119	2.067405799	21.85155074	1.20991817138695	0.89907810280736
PDCD6IP	-0.102781327	0.126373826	0.061793478	-2.066275821	27.11919138	1.20905736015523	0.898342865933801
HIKESHI	0.228914052	0.126409001	0.061828547	2.065952345	21.84006713	1.20881095950625	0.898222000852254
GRB7	-0.477629003	0.126514248	0.061909545	-2.065205883	17.3588989	1.20824238779319	0.89786056160809
STAU1	0.149998137	0.126514248	0.061915794	2.065148331	25.88092023	1.20819855336897	0.89786056160809
PAICS	-0.108975087	0.126527124	0.061939982	-2.06492562	27.40815916	1.20802892518688	0.897816363493689
ADCK1	0.569815982	0.126548828	0.061968496	2.064663173	18.63709587	1.20782904422191	0.897741872595729
EXTL3	-0.306662352	0.126655582	0.062038676	-2.064017723	17.49699181	1.20733747926639	0.89737566510457
TMEM59	0.835403289	0.12669214	0.062074492	2.066305856	18.27919364	1.20708682590146	0.897250327977761
TBL3	-0.245596248	0.126750631	0.062121069	-2.063260815	22.98817452	1.2067610793954	0.897049869950161
BMP2K	0.306064517	0.126866858	0.062195966	2.062573579	19.18824612	1.20623778252387	0.896651815790088
RFX1	-0.255776186	0.126966807	0.062272447	-2.061872614	20.85496776	1.20570406831237	0.89630980204329
GTF2E2	-0.256560392	0.126966807	0.062280862	-2.061795535	23.62276795	1.20564538519748	0.89630980204329
MTREX	-0.152229429	0.127291434	0.062458096	-2.060174443	24.16340884	1.20441125912755	0.895200820947306
RPP38	0.189364793	0.127516309	0.062586461	2.059003018	22.30683014	1.20351960527088	0.894434266557529
EMSY	-0.344941657	0.127729033	0.062708924	-2.057887539	20.39517136	1.20267065106441	0.893710375731285
NAA40	-0.260903812	0.127800583	0.062762119	-2.057403647	19.93072098	1.20230240201194	0.893467165010909
HSPBAP1	0.328848402	0.127857894	0.062808338	2.056983514	22.55457469	1.2019826985077	0.893272453286414
ZMYM4	-0.584632301	0.127956021	0.06287463	-2.061073536	21.93796094	1.20152455763273	0.892939273469234
PTDSS1	0.30561003	0.127973514	0.062901316	2.056139223	19.6685841	1.20134026829782	0.892879904679432
PAK1IP1	0.367801067	0.128028225	0.062946306	2.055731105	21.65278777	1.20102975135261	0.892694275582896
CDK5RAP3	0.160609782	0.128194793	0.063046323	2.054824802	23.86793651	1.20034023736015	0.892129614577675
STK3	0.180731779	0.128437234	0.063183711	2.053582043	23.28617269	1.19939487005018	0.891309055888717
NIPSNAP3A	0.22466426	0.12908904	0.063522611	2.050527266	22.65593286	1.19707165920206	0.889110628915443
EIF4G3	-0.448530899	0.129220232	0.063641969	-2.055342485	23.25535725	1.19625639230945	0.888669483569574
ST6GAL1	0.378162743	0.129220232	0.063626266	2.049595981	17.60372229	1.19636356321952	0.888669483569574
SRSF11	-0.118242539	0.129220232	0.063636776	-2.049501635	24.07096032	1.19629183092484	0.888669483569574
FAHD2A	0.44572349	0.129340057	0.063719267	2.05133303	22.7380326	1.19572922878563	0.888266951995829
CANT1	-0.445707459	0.129485105	0.063813395	-2.047918308	20.28961572	1.19508814942957	0.887780186705168
CNTN2	0.301285912	0.129485105	0.063827334	2.047793522	18.90347573	1.19499329521094	0.887780186705168
TULP3	-0.382488332	0.12967948	0.06394148	-2.046772636	17.20612059	1.19421731569657	0.887128739627643
PTF1A	-0.396707407	0.129855137	0.064060328	-2.045711497	20.26948467	1.19341084200336	0.886540865236643
SEL1L	0.170640016	0.129855137	0.064064805	2.045671559	23.25188264	1.19338049141795	0.886540865236643
UPF1	0.109279355	0.129869079	0.064090042	2.045446479	26.34282991	1.1932094438105	0.886494239367359
ROBO1	-0.488839481	0.129916277	0.064131699	-2.045075138	19.00276631	1.19292725444498	0.88633643346561
TUT1	-0.482311121	0.130014878	0.064198752	-2.044477887	18.76727029	1.19247341437323	0.886006947204034
G6PC3	-0.732422033	0.130021859	0.064220579	-2.046841343	19.88141934	1.19232578323897	0.885983628885138
TRAPPC1	-0.338056835	0.130194397	0.064331859	-2.043293999	18.45915836	1.19157389859533	0.885407705509315
ENOPH1	-0.269858744	0.130194397	0.064342608	-2.04319849	22.92601188	1.19150133981183	0.885407705509315
YTHDF2	-0.601669932	0.130327697	0.064431133	-2.04308836	20.14664346	1.19090423166279	0.88496327902248
TTC7B	0.26943789	0.130327697	0.064445333	2.042286541	17.53099086	1.1908085278953	0.88496327902248
COPG1	-0.101488605	0.130404798	0.064501893	-2.041784999	26.83754786	1.19042753951372	0.884706429259084
HS3ST3A1	-0.400526495	0.130461276	0.064548271	-2.041374055	21.12123821	1.19011538632112	0.884518378097382
ANKRD54	0.967995867	0.130531717	0.064605883	2.046669593	19.13690037	1.18972793342741	0.884283949287697
MAVS	0.164332481	0.130531717	0.064644168	2.040525197	23.25607011	1.18947064974207	0.884283949287697
POLR2A	-0.178592523	0.130531717	0.064645227	-2.040515829	23.74044045	1.18946353519325	0.884283949287697
DDX54	-0.160924292	0.130531717	0.064656932	-2.040412308	23.67260254	1.18938490670067	0.884283949287697
ZGPAT	0.20847751	0.13053276	0.064675901	2.040244567	22.32428025	1.18925751241269	0.884280479117033
EWSR1	0.145720591	0.130534148	0.064695041	2.040075362	25.95834038	1.18912900756739	0.884275861138099
C9orf50	0.236130182	0.130553097	0.064722888	2.03982927	19.37523983	1.18894211230925	0.884212821320492
LYRM1	-0.423693762	0.130571003	0.064750223	-2.0395878	17.56751216	1.18875873153238	0.884153259778642
EARS2	-0.187217244	0.130586302	0.06477627	-2.039357794	24.53265667	1.18858406350485	0.884102376489842
BDH2	-0.902272126	0.130880038	0.064940477	-2.040448158	18.24424314	1.18748452572377	0.883126587578713
FAM110A	0.437283055	0.13100486	0.06502093	2.037201551	17.57371014	1.18694682304383	0.882712592649344
RPS13	-0.135030583	0.131161167	0.065117051	-2.03635649	27.3713459	1.18630527586191	0.882194727871797
HSD17B8	-0.439393698	0.131184858	0.065147358	-2.036090288	19.67977503	1.18610319206632	0.882116290467618
CDK2	-0.274109466	0.131207702	0.06517725	-2.035827838	22.51275515	1.18590396751341	0.882040670768876
C5orf22	-0.252461506	0.13139672	0.065289719	-2.034841372	22.42459071	1.18515520054873	0.881415475747927
ACYP1	-0.273371926	0.131509446	0.065364322	-2.034187904	22.51541861	1.18465923923737	0.881043051749571
SEC24D	-0.255300531	0.131625553	0.065449724	-2.033440699	21.40773023	1.18409218051933	0.880659791196056
CADM4	0.262063866	0.131625553	0.065459244	2.033357454	20.42849644	1.18402901474027	0.880659791196056
IQCJ-SCHIP1	-0.410051755	0.131650377	0.0654902	-2.033086874	17.10087508	1.18382368328072	0.880577892890725
SEC61A1	0.125966531	0.131724914	0.0655459	2.03260031	25.99716045	1.18345446893293	0.88033207629541
AP5M1	-0.381370041	0.131801025	0.065602404	-2.032107112	18.68209312	1.18308024561207	0.880081212275294
BACH1	0.264976951	0.131821431	0.065631196	2.031855957	20.2406624	1.18288968150465	0.880013978145472
EAF1	-0.377060858	0.131885179	0.065681578	-2.03141671	20.14016753	1.18255642183776	0.87980400688103
IWS1	0.208436407	0.132061684	0.06578815	2.030488621	22.21326487	1.18185232603765	0.879223169070849
MYG1	-0.114333776	0.132153799	0.06587972	-2.029692297	25.86823633	1.18124825532368	0.878920347772361
MESD	-0.172012174	0.132153799	0.065887522	-2.029624488	23.55552865	1.181196825765	0.878920347772361
KIF3B	0.122637802	0.132153799	0.065890083	2.029602237	23.63033023	1.18117994538281	0.878920347772361
GNPNAT1	0.249939755	0.132158559	0.065911139	2.029419299	22.80552247	1.18104118332052	0.878904705357835
PHF5A	0.176701047	0.13217182	0.065954159	2.029045707	23.55138032	1.18075781310019	0.878861129744989
LAMTOR5	0.3709029	0.13217182	0.065957532	2.029016425	20.6831013	1.18073560316145	0.878861129744989
KATNA1	-0.250338404	0.13217182	0.065973805	-2.02887517	19.48633623	1.18062846752104	0.878861129744989
ACO2	0.101686434	0.132308875	0.06606092	2.028119546	26.27750667	1.18005538238331	0.878411023278465
LRRC8A	-0.29480552	0.132418596	0.066134422	-2.027482726	21.41117399	1.17957243773768	0.878051021141947
SCFD2	-0.33053121	0.13268843	0.066287944	-2.026154731	21.16168828	1.17856545093724	0.877166944552458
FBXO7	0.228072995	0.132700407	0.066312686	2.025940973	20.67207579	1.17840338060325	0.877127745126649
SNRPD2	0.122155891	0.132888919	0.066425674	2.024965774	26.16906058	1.17766403024857	0.876511231380753
MYH7	0.511975356	0.132969755	0.066484877	2.024455404	19.55106697	1.17727713037164	0.876247131441542
MYO1E	0.176344678	0.133256978	0.066647326	2.023057171	23.65595489	1.1762172705073	0.875310039880774
SMARCD1	-0.334266823	0.133265336	0.066670346	-2.022859296	21.10781543	1.17606729100462	0.875282801386357
HAUS5	-0.26028232	0.1333297	0.066731732	-2.022331929	19.93796552	1.17566760303352	0.87507309807758
CNNM3	0.377908644	0.1333297	0.066740241	2.022258858	18.43735434	1.17561222943458	0.87507309807758
TEKT3	-0.257143484	0.133371386	0.066779962	-2.0219179	20.80286035	1.17535383240946	0.874937335601382
BUD23	-0.39508307	0.133586546	0.066924236	-2.020681046	17.4573127	1.1744165779726	0.874237279077425
MAP3K20	-0.318865036	0.133586546	0.066925462	-2.020670551	20.17431133	1.17440862210804	0.874237279077425
NOL11	-0.203157057	0.133646406	0.066974344	-2.02025206	23.25546047	1.17409153152454	0.874042715735389
NRBP2	0.334462584	0.134193015	0.067267236	2.017750473	17.61043155	1.17219641704159	0.872270089427128
EML3	0.362249702	0.134197545	0.067288478	2.017569446	19.11488356	1.17205929490553	0.872255429045607
IAH1	-0.189821871	0.134592162	0.06750537	-2.015724039	22.19148402	1.17066167800446	0.870980230596912
RPL4	-0.087326482	0.134614007	0.067535356	-2.015469342	28.28934409	1.17046880649179	0.870909748088928
HDDC2	0.233663354	0.134908317	0.067702081	2.01405511	22.47154009	1.16939798193632	0.869961275562608
GLRX	-0.739963558	0.135027372	0.067780916	-2.015852293	20.4021026	1.1688925663476	0.869578184811717
PSTPIP2	-1.568604046	0.135210352	0.067891882	-2.033461203	20.19304036	1.16818215227882	0.868990056586931
DHX57	-0.264618492	0.135261577	0.067936723	-2.013192024	24.66698536	1.16789540561643	0.868825553489077
TYW5	0.266801834	0.135321219	0.067985809	2.011655848	19.37113325	1.16758173017864	0.868634098656826
NCOA3	-0.904212532	0.135507936	0.068098772	-2.01514569	19.22794808	1.16686071948857	0.868035269659813
CCDC117	-0.397244882	0.135745478	0.068272581	-2.009240282	20.22910145	1.16575367862086	0.867274628865138
PAPSS2	0.447235351	0.135745478	0.06827931	2.009183722	19.49439686	1.16571087631985	0.867274628865138
ULK3	0.343261838	0.135745478	0.068285398	2.009132541	18.13835824	1.16567215497161	0.867274628865138
GART	-0.110490279	0.135745478	0.068294905	-2.009052641	28.26524483	1.1656116947507	0.867274628865138
RRBP1	-0.089005141	0.135789852	0.068336426	-2.008703789	26.59829201	1.16534773857599	0.867132685026658
RABGEF1	-0.884231704	0.135975182	0.068448915	-2.011820594	19.32148804	1.16463343158036	0.866540351218121
ARL8B	0.2569931	0.136411944	0.068701215	2.005647309	20.87494168	1.16303558225443	0.865147601921524
PSEN1	0.27726789	0.136411944	0.068707345	2.005596078	21.40857438	1.16299683321033	0.865147601921524
RIF1	-0.129408287	0.136490743	0.068766329	-2.005103326	24.77106624	1.1626241592787	0.864896802105613
ERI1	-0.407406058	0.136809803	0.068946416	-2.0036013	20.96273287	1.16148830456976	0.863882782467712
PM20D2	0.339147089	0.13701876	0.069071091	2.002563573	21.85922291	1.16070368411927	0.863219967101224
MSH3	-0.222280976	0.137249042	0.069206578	-2.001437832	22.63235916	1.15985262442575	0.862490678248112
HPF1	-0.235358585	0.137303177	0.069253285	-2.001050224	21.51437606	1.15955962120162	0.862319413691095
TMEM54	0.323023235	0.137559709	0.069402121	1.999816694	17.39247133	1.15862725685753	0.861508751575147
TBC1D31	-0.589321787	0.137725971	0.069505473	-1.99896157	17.47496392	1.15798099684706	0.860984157067145
PCBP3	-0.303359594	0.137965576	0.069645896	-1.997801614	20.47791482	1.1571044700091	0.86022926155679
PRRT3	0.492091909	0.138286821	0.069827611	1.996303792	18.43106426	1.15597281614695	0.859219207017962
PCDHGC3	-0.66802704	0.138341379	0.069874717	-1.998329255	20.63188097	1.15567993804058	0.859047899547134
MRTO4	0.14760179	0.138383041	0.069932356	1.995442058	23.76091505	1.15532184026307	0.858917129903878
FAM83H	-0.266345835	0.138383041	0.069934884	-1.99542127	22.67002037	1.15530614114081	0.858917129903878
PEX13	-1.129838295	0.138444101	0.069985313	-2.004591835	18.0590851	1.15499309073285	0.858725544488492
RAP1A	0.20537335	0.138454147	0.070009964	1.994804351	22.03023587	1.15484014566766	0.858694031668179
SNX4	0.401776644	0.138586398	0.070096428	1.99409464	21.79826229	1.15430411241015	0.858279392836964
TRMT2A	0.267802746	0.138785605	0.070216805	1.993107922	22.73939678	1.15355893565731	0.857655577060349
KRT1	-1.445511308	0.138990888	0.070340314	-2.012594869	26.43946428	1.15279569731901	0.857013670400817
CCM2	-0.349821712	0.139003729	0.070366462	-1.991883387	16.69350772	1.15263428459154	0.85697354893727
ADK	-0.135526626	0.139149197	0.070459771	-1.991121126	24.30462157	1.15205877264495	0.85651929554248
CKAP2L	0.505960979	0.139246195	0.070528572	1.990559682	17.77821064	1.15163490927603	0.856216663393596
CEP78	-0.559626848	0.139652984	0.070754353	-1.988720764	17.85269456	1.15024683600544	0.854949780185757
ARHGAP10	0.443294149	0.139814013	0.070855702	1.987897082	18.17757766	1.14962519485205	0.854449298807873
AP3D1	-0.14275344	0.139862028	0.070899807	-1.987538974	24.64116678	1.1493549470306	0.854300178778292
RALA	0.315075493	0.140148077	0.071064624	1.986202564	22.32578173	1.14834653745534	0.853412856904896
PRKAA2	0.273984951	0.140337944	0.071180738	1.985262789	19.8385659	1.14763751355518	0.852824890326766
PRPF38A	-0.421896777	0.14034149	0.071202376	-1.985087822	20.71358451	1.14750551385651	0.852813916895539
PDE12	-0.165324442	0.140672888	0.071390397	-1.983569498	24.10902093	1.14636020293523	0.851789596428679
CCDC14	-1.363986233	0.140716972	0.071432661	-1.999588663	18.36113801	1.14610317129376	0.851653518759804
UBE2Q1	-0.148729307	0.140960148	0.071582512	-1.98202194	22.25191514	1.14519306525593	0.850903652947709
ZBTB25	0.232434549	0.140960148	0.071595959	1.981913766	22.06751518	1.14511148933359	0.850903652947709
AASDHPPT	0.20787883	0.141254451	0.071794786	1.980316465	22.42973351	1.1439070946665	0.849997858451653
EXOSC4	-0.259073967	0.141254451	0.071797887	-1.980291587	21.46694695	1.14388833678477	0.849997858451653
CCAR1	-0.215077151	0.141254451	0.071805344	-1.980231757	24.3600639	1.14384323286988	0.849997858451653
UBE2N	0.086467969	0.141385943	0.071892174	1.979535584	26.97934653	1.1433183832416	0.849593767208174
PTPN12	-0.415967067	0.141517159	0.0719789	-1.978841014	21.59992688	1.14279479463199	0.849190898604606
TGFBRAP1	0.546067531	0.141785513	0.072135434	1.977589331	19.14262133	1.14185135094699	0.848368141124554
STK11IP	0.873869976	0.141826354	0.072236408	1.979140672	18.01307717	1.14124385771897	0.848243061583662
ANKRD34B	-0.687417344	0.141826354	0.0722109	-1.977684599	18.49821218	1.14139724214562	0.848243061583662
RNGTT	0.206450172	0.141826354	0.072218096	1.976929364	21.2829586	1.14135396575126	0.848243061583662
UBE2Q2	-0.284849258	0.141826354	0.072228888	-1.976843253	17.65005355	1.14128907126987	0.848243061583662
UROD	0.245040466	0.141843929	0.072279825	1.976696967	24.23258672	1.14098290760013	0.848189247518625
SF3B1	-0.143326426	0.141843929	0.072292552	-1.976335503	27.80270902	1.14090644394918	0.848189247518625
SMCHD1	-0.160540405	0.141843929	0.072305514	-1.97623218	26.44759936	1.14082858225649	0.848189247518625
ARSB	-0.760357616	0.141977698	0.072393774	-1.977159315	18.9123369	1.14029878233479	0.847779869674762
USP32	0.98939423	0.142314636	0.072607321	1.980333002	19.31902827	1.13901958715661	0.84675043366712
KIF21A	0.195394012	0.142314636	0.072585778	1.974002257	22.43895292	1.13914846388913	0.84675043366712
ARCN1	-0.092293134	0.142314636	0.072633204	-1.973625697	26.25225126	1.13886479779332	0.84675043366712
ATIC	0.085074721	0.142314636	0.072646049	1.973523748	27.47024412	1.13878800069367	0.84675043366712
PHYHIP	-0.395564029	0.142333048	0.072675568	-1.973289525	16.78809748	1.13861156529126	0.846694250318641
RACGAP1	-0.141992316	0.142383303	0.072721356	-1.972926382	23.747555	1.13833803163115	0.846540936542751
DONSON	-0.681181961	0.142610716	0.072857666	-1.972105111	17.72926932	1.13752474552282	0.845847839667793
DCP2	-1.111127621	0.142802229	0.072995881	-1.981623532	18.91758484	1.13670164548832	0.845265013604347
RPS5	-0.116856487	0.142802229	0.072990953	-1.970792526	27.85769335	1.13673096598455	0.845265013604347
GLIPR2	0.187735596	0.142953563	0.073093446	1.969983203	21.39349896	1.13612156276364	0.844805015738275
GPS2	-0.676783559	0.143002213	0.073156742	-1.971820305	20.64394828	1.13574564385894	0.844657241652058
TMEM184B	0.426602973	0.143002213	0.073158751	1.969468077	17.08065556	1.13573371760839	0.844657241652058
DNAH8	-0.198934062	0.143006872	0.073181351	-1.969289911	21.81028567	1.13559957727044	0.84464309260507
CNPY3	0.128975144	0.143191552	0.0732961	1.968386066	23.56514018	1.134919133047	0.844082603732145
RBM39	-0.135496603	0.143471501	0.07345968	-1.967099851	25.45755258	1.13395096783032	0.843234358077237
RBM28	-0.187202156	0.143731837	0.073613295	-1.965894402	23.36814472	1.13304374240569	0.842447023779564
DHX36	0.092496883	0.143820115	0.073678837	1.965380783	25.6960106	1.13265723797501	0.84218036831636
BSG	0.123817294	0.143833888	0.073706226	1.965166279	26.19932326	1.13249582552982	0.84213877989526
STXBP6	-1.625555968	0.143920063	0.073770731	-1.984478552	18.20273221	1.13211591306198	0.841878659553094
STARD9	-0.145532268	0.143952987	0.07383761	-1.96413832	23.05854878	1.131722369141	0.841779319155759
GNG5	-0.178970269	0.143952987	0.073839593	-1.96412282	24.37750793	1.13171070578417	0.841779319155759
TUBGCP2	-0.248986036	0.143952987	0.073866003	-1.9639164	22.77064512	1.13155540066777	0.841779319155759
CUL5	-0.237659625	0.143952987	0.073869005	-1.963892936	21.67266356	1.13153775079517	0.841779319155759
BOP1	0.561583427	0.14463239	0.074238084	1.980743245	25.03342371	1.12937324528819	0.839734437172594
XDH	-0.234588453	0.144789649	0.074339271	-1.960228793	22.55388683	1.12878170208115	0.839262484705623
WDR45B	-0.215037429	0.144921006	0.0744272	-1.959546063	21.56224032	1.1282683191436	0.83886865987948
DNAJC21	0.318492177	0.144964908	0.07447024	1.959212149	20.82044206	1.1280172465258	0.838737115740428
GTF2A2	-0.257352254	0.14516929	0.074595755	-1.958239387	20.88290401	1.12728588610013	0.83812524723203
DOCK7	-0.183738266	0.14519837	0.074631223	-1.957964774	23.64002876	1.12707944143201	0.838038259007681
ARL6IP4	-0.212896161	0.145243467	0.074674935	-1.957626507	22.2266849	1.12682514675067	0.837903392911184
SZRD1	-0.187693078	0.145901231	0.07503374	-1.954856735	22.52526736	1.12474340593046	0.835941043855336
LIMD2	0.468628942	0.145932751	0.07507058	1.954573045	17.75138896	1.1245302287343	0.835847230502765
CCDC174	0.264293033	0.146044845	0.075148888	1.953970447	19.48780354	1.12407744141156	0.83551376787609
PTGES3	-0.189773478	0.146067142	0.075189853	-1.954333491	26.97543948	1.12384076424142	0.835447468206698
STAU2	0.34108574	0.146067142	0.075201658	1.953564703	21.87207208	1.12377258424462	0.835447468206698
NTMT1	-0.32611515	0.146200407	0.075290936	-1.953556233	23.12661171	1.12325730377435	0.835051418365791
ENO3	-0.235074426	0.146457976	0.075449482	-1.952704568	25.33734105	1.12234373753602	0.834286971961459
PYCR3	0.142685645	0.146457976	0.075464988	1.951543891	23.72408223	1.12225449267753	0.834286971961459
SINHCAF	-0.554641708	0.1466595	0.075616924	-1.95038088	17.19405086	1.12138099315964	0.833689799959603
GPC1	0.302227916	0.1466595	0.075619423	1.950361764	20.15585423	1.12136664076444	0.833689799959603
CCDC124	-0.155315579	0.1466595	0.075631023	-1.950273067	23.0406382	1.12130002521211	0.833689799959603
WDR3	-0.211774705	0.147074172	0.075865656	-1.948481579	24.03210371	1.11995478253986	0.832463587930101
ILF2	-0.141236575	0.147609545	0.076162686	-1.946221001	26.32006108	1.11825774825792	0.830885558456066
NAE1	-0.114895919	0.147635901	0.076197155	-1.945959196	24.23208228	1.11806124376364	0.830808021169375
PAPOLA	-0.123378045	0.147793155	0.076299209	-1.945184706	24.42580539	1.1174799643874	0.83034567970688
TMTC3	0.594648877	0.147837787	0.076343149	1.947117806	20.75902339	1.11722993025124	0.830214547076903
XPO4	0.22917005	0.147902276	0.076397359	1.94444074	21.10036147	1.11692165440273	0.830025142793944
ORC3	-0.244969045	0.148172622	0.076565625	-1.943167351	22.5281789	1.11596616801174	0.82923203395947
GORASP2	0.141923757	0.148172622	0.076578896	1.943067036	23.5041377	1.11589089895156	0.82923203395947
GLMP	1.531930659	0.148260379	0.076645209	1.961845837	20.30197215	1.11551498718785	0.828974894020035
HPCAL4	0.671202034	0.148309286	0.076691457	1.942466013	17.73488183	1.11525301133652	0.828831655901471
MRPS31	-0.188494745	0.148511002	0.076816759	-1.941271636	22.85281665	1.11454402023917	0.828241371727917
SLC25A24	0.105156528	0.14940475	0.077300167	1.937638607	25.60880882	1.11181956782682	0.825635594849964
ZNF48	-0.960970774	0.149531176	0.077404156	-1.94091705	16.43715991	1.11123572046167	0.825268251130677
CDC42	0.163900703	0.149531176	0.077407855	1.936832139	26.59550966	1.11121496683567	0.825268251130677
TADA1	0.334689633	0.149650767	0.077493944	1.936188162	18.67658173	1.11073223543108	0.824921052943309
MTMR12	-0.182912625	0.149650767	0.077512074	-1.936052632	21.0587662	1.11063064248528	0.824921052943309
MBOAT7	-0.129871517	0.149689578	0.077553337	-1.935744273	24.45907624	1.11039951042928	0.824808435960579
CASP7	-0.210150691	0.149862661	0.077664195	-1.934916571	22.35409022	1.10977915491607	0.824306560224797
RECQL	0.132026812	0.150323806	0.077924427	1.932977867	25.73865685	1.10832638252758	0.8229722370063
MRPS14	-0.782100294	0.150361308	0.077965123	-1.936711289	20.04907248	1.10809963161789	0.822863904993929
SNRPD3	0.154093156	0.150381124	0.077996656	1.932440823	25.78812676	1.10792401669259	0.822806673432632
SLC38A2	-0.241958752	0.150477006	0.078067658	-1.931913351	20.85573744	1.1075288491089	0.822529858410724
LSM4	0.223705964	0.150507632	0.078104823	1.931637432	23.99988481	1.10732214745927	0.822441477136935
FZD6	0.268288383	0.150584372	0.078165933	1.931183994	21.46556245	1.10698248394421	0.822220097898561
PTPN1	0.1445611	0.150748042	0.078272202	1.930396264	25.2620635	1.10639244817836	0.821748320011147
CHCHD3	-0.322313062	0.150770219	0.07830503	-1.93081161	23.08393506	1.10621033971625	0.821684434336624
PARP6	-0.317742754	0.150840503	0.078362857	-1.92972505	22.65606322	1.10588973862018	0.821482028044724
CCDC93	-0.125788508	0.151048775	0.078492408	-1.928767085	23.82341895	1.10517234737139	0.820882792488666
FMC1	0.193201105	0.151119768	0.078550663	1.9283368	21.82977462	1.10485014498395	0.820678721817279
CD151	0.171026286	0.151836426	0.078944639	1.925434443	24.5004642	1.10267735687506	0.818624027432233
EAPP	-1.250587059	0.152933011	0.079536408	-1.936243293	19.54549188	1.09943402638756	0.815498760841798
HK1	0.15772009	0.153288436	0.079767946	1.919412059	25.91633695	1.09817159075372	0.814490606860037
PCTP	-0.206016244	0.153288436	0.079771526	-1.919385992	22.87176446	1.09815209997534	0.814490606860037
KIAA0100	0.227245428	0.153288436	0.079786262	1.919278727	19.98866689	1.09807188122095	0.814490606860037
PSMD14	0.139450918	0.153684381	0.080020051	1.917579373	24.98584549	1.09680117616358	0.813370267765011
RBM25	-0.12271681	0.153684381	0.080037876	-1.917449989	25.26283319	1.09670444494486	0.813370267765011
NUDT9	0.19060445	0.153684381	0.080057527	1.917307391	23.24070585	1.09659782950498	0.813370267765011
AKT1S1	1.001356863	0.153698952	0.080086844	1.927493731	19.88023243	1.09643882033858	0.813329093737527
CEP170B	0.452056192	0.154205307	0.080378667	1.915222401	21.1845502	1.09485920042496	0.811900679714666
CTNNBL1	-0.166966679	0.154205307	0.080394285	-1.914868626	22.92711622	1.09477482290803	0.811900679714666
TBC1D13	-0.29504068	0.154338727	0.080485661	-1.914208514	20.54532909	1.09428148489005	0.81152508617208
NPLOC4	-0.094442329	0.154453738	0.080588957	-1.91346311	25.07952163	1.09372446492614	0.811201576691576
PLTP	-0.339978293	0.154453738	0.080589305	-1.913460599	17.9782539	1.09372258955563	0.811201576691576
WDFY3	0.241600941	0.15515781	0.080978603	1.910659248	19.39492456	1.09162971972153	0.809226358948416
GRK2	-0.236794211	0.155190814	0.081017766	-1.910378116	20.97030397	1.09141973630979	0.809133988923055
PRDX2	-0.122122243	0.155539682	0.081221881	-1.908914909	25.63838028	1.09032695699741	0.808158793292598
PTPN9	0.358512464	0.155559809	0.081254381	1.908682242	18.12077017	1.09015321382193	0.808102598761252
SURF1	0.575261314	0.156257431	0.081640863	1.907399706	20.66733124	1.08809241314072	0.806159320124327
SNX2	-0.078930684	0.156490213	0.081784608	-1.904898389	25.20288768	1.08732842358611	0.805512818328423
HEG1	-0.258602807	0.156708587	0.081920887	-1.903929502	22.59772874	1.08660535401082	0.804907205289296
RIN2	-0.32164617	0.156729207	0.081953822	-1.90369557	17.11574258	1.08643078785548	0.804850063793272
SLC22A18	0.273642719	0.156867609	0.082079088	1.902806611	19.53376274	1.08576747775331	0.804466722982905
SERPINA1	-0.398219944	0.156867609	0.082088481	-1.902740005	18.36361146	1.08571778062863	0.804466722982905
ZNRD2	0.130703556	0.156867609	0.082092718	1.902709957	23.72203269	1.08569536508127	0.804466722982905
NELFB	-0.186727295	0.157293744	0.082337961	-1.900973435	24.36726232	1.08439989198285	0.803288550105945
HNRNPDL	0.22340964	0.157714584	0.082580551	1.899893709	25.0437427	1.0831222237202	0.802128145238812
WRAP73	-0.233179925	0.158203878	0.082859113	-1.897298941	19.56218104	1.0816597200996	0.800782874989046
EXOSC6	-0.248921811	0.158212947	0.082886229	-1.897108337	21.87880216	1.08151761861869	0.80075797987383
PYURF	0.289894686	0.158227033	0.082915975	1.896899305	18.56472447	1.081361788075	0.800719315530113
POGLUT1	0.132885335	0.158313432	0.083003672	1.896283454	22.63678282	1.08090269444245	0.800482236142025
PRPSAP1	-0.170322764	0.158313432	0.08300601	-1.896267039	22.18409079	1.08089046165595	0.800482236142025
CTDP1	-0.361959648	0.158935015	0.083354383	-1.893826516	20.08484025	1.07907155885136	0.798780412760826
SPARC	-0.404432848	0.158977112	0.083398934	-1.893515088	17.80937287	1.07883950045191	0.798665396733699
PLOD3	0.164918573	0.159005937	0.083436534	1.893252374	23.7965629	1.078643745041	0.798586659590228
TWF1	-0.139012907	0.159118939	0.083531533	-1.892589078	26.59948459	1.0781495481963	0.798278125735692
POLR2G	-0.250686851	0.159118939	0.083540817	-1.892524291	19.73343995	1.07810128180184	0.798278125735692
CASP9	-0.325535907	0.159420629	0.083721747	-1.891263059	19.51179075	1.07716171792838	0.797455481677725
CPTP	0.99509885	0.15954271	0.083824112	1.90860304	23.3508188	1.07663103862139	0.797123035275574
UBE2S	-0.292374455	0.15954271	0.083830966	-1.890502916	21.87070671	1.07659552935539	0.797123035275574
SMARCB1	-0.205229424	0.159621878	0.083895129	-1.890056777	23.02626195	1.07626325382961	0.79690758389067
CHMP6	0.231499949	0.15975468	0.084019646	1.889191874	21.64338702	1.07561915260724	0.796546410362651
MT-CO1	-0.461166911	0.15975468	0.084028716	-1.889128921	18.2146202	1.07557227263879	0.796546410362651
TRIM28	-0.091840172	0.15975468	0.084032749	-1.889100929	27.22143893	1.07555142895942	0.796546410362651
C1orf122	0.262456922	0.15975468	0.084055261	1.888944704	19.95379033	1.07543509897925	0.796546410362651
MARF1	-0.286461199	0.159886502	0.084147222	-1.888306942	20.46882323	1.07496021706172	0.796188198882635
CXXC1	-0.762693306	0.16010358	0.084284101	-1.889466793	19.11457764	1.07425434114249	0.795598956919786
SELENBP1	-0.197840322	0.160117277	0.084313946	-1.887152305	23.11729058	1.07410058468827	0.795561804239739
CMSS1	-0.206732683	0.160147959	0.084352742	-1.886883931	22.95218362	1.07390079551571	0.795478591815557
CYB5R4	-1.212801858	0.160328621	0.084546505	-1.89803642	17.23925217	1.07290434064562	0.794988942818423
MRPS25	-0.194142187	0.160328621	0.08448985	-1.885936362	21.79978668	1.07319546091727	0.794988942818423
CHD4	-0.128055587	0.160328621	0.084500651	-1.885861776	27.15489092	1.07313994519683	0.794988942818423
SLC35A4	-0.30743266	0.160328621	0.08453045	-1.885656041	22.46003497	1.07298681904048	0.794988942818423
ANKRD27	-0.312228876	0.160328621	0.084561222	-1.885443661	18.99530716	1.07282874963603	0.794988942818423
USP48	-0.107006592	0.160395076	0.084618946	-1.885045454	23.22787177	1.07253238847335	0.79480896833897
OVCA2	0.220616867	0.160619963	0.084760295	1.884071414	21.48131228	1.07180754043872	0.794200478472368
RRM2B	-0.891865285	0.160775213	0.084864949	-1.893831594	20.52218253	1.07127164543389	0.793780906377983
RMDN1	0.300819129	0.160797367	0.084899373	1.883734934	23.20121314	1.0710955171017	0.793721066947847
DUSP12	0.489707889	0.160926308	0.084990202	1.883045096	20.78537894	1.07063113855163	0.793372952263472
SRM	-0.130036825	0.161983911	0.085571653	-1.878508881	24.91456389	1.06767007860034	0.790528119475373
SMPD1	0.479259567	0.162424848	0.085827549	1.876764509	19.76973929	1.06637328956029	0.789347530982739
PIK3C2A	-0.135681023	0.163082541	0.086198137	-1.874246717	24.1386327	1.0645021204788	0.787592530395738
MICOS10	-0.211877817	0.163101725	0.086231333	-1.874021664	20.60112627	1.06433490034179	0.78754144574072
HCK	1.898179092	0.163302597	0.086360618	1.890799351	20.31763672	1.06368425849819	0.78700690862646
NEMF	0.10932037	0.16366974	0.086577915	1.871676736	24.23554108	1.06259287723039	0.786031607489712
AHCY	-0.08095278	0.163827555	0.086684554	-1.870956948	29.11846425	1.06205828095723	0.78561305020687
SAMD1	-0.309019602	0.164018059	0.08680854	-1.870121098	17.24302462	1.06143754795214	0.785108331877514
FNBP4	-0.167627154	0.164032995	0.086839634	-1.869911652	21.75801537	1.06128201561968	0.785068785457485
VCP	0.08174666	0.16420923	0.086956146	1.869127431	29.36095189	1.06069971694412	0.78460243536878
ABCD3	-0.1582056	0.164338583	0.087047876	-1.868510694	23.89804356	1.06024182136151	0.784260462025496
SLC38A1	-0.587042384	0.164345016	0.087097747	-1.870232402	20.90170265	1.05999307895471	0.784243461990137
SP1	-0.22834429	0.164345016	0.08709361	-1.868203423	20.19981206	1.06001370771957	0.784243461990137
PNN	0.153930324	0.164519422	0.087213434	1.867399075	25.36733022	1.05941661297225	0.783782824950922
DCDC2	-0.600457991	0.164653215	0.087307635	-1.876301728	22.33955701	1.05894777584333	0.78342978488449
TP53I11	-0.261986026	0.164944333	0.087490123	-1.865545575	21.89788241	1.05804097290588	0.782662600937718
ADRM1	-0.16073686	0.164944333	0.087508635	-1.865421758	23.34694911	1.05794909043116	0.782662600937718
DZIP3	0.304464969	0.165152928	0.087642648	1.864526121	18.53986483	1.0572845093129	0.78211372228761
WTAP	0.195655415	0.165503046	0.087851843	1.863130519	22.9111842	1.05624912322578	0.781194008844042
NUDT3	-0.484037686	0.165948819	0.088111926	-1.863438538	21.76243302	1.05496530560091	0.780025833967087
ZNF687	-0.64935996	0.165964257	0.088143584	-1.863227617	20.08085902	1.05480929465004	0.779985434002751
XRCC4	-0.15075627	0.166003599	0.088197977	-1.860828007	22.52543703	1.05454137618125	0.779882496243699
SPPL2A	0.225000084	0.166003599	0.088211412	1.860738803	20.29551599	1.0544752261151	0.779882496243699
PLEKHG5	0.679868485	0.166031992	0.088273441	1.860971574	18.76127428	1.05416994378555	0.779808221535872
NSUN2	0.13314129	0.166031992	0.08826322	1.860394924	26.32425882	1.05422023276099	0.779808221535872
STK17A	0.620728956	0.166209314	0.088391213	1.860473415	19.87264871	1.0535909062006	0.779344642973897
PCID2	-0.47571037	0.166451567	0.088568893	-1.860400685	21.97441011	1.05271878342422	0.778712111974723
NOC3L	0.127672185	0.166451567	0.088555245	1.858460055	24.36364884	1.05278571107358	0.778712111974723
PSIP1	0.116804545	0.166451567	0.088590634	1.858225971	25.87198789	1.05261219027015	0.778712111974723
UQCC2	0.212963408	0.166492886	0.088636162	1.857924955	21.27844549	1.05238905742508	0.778604318535738
SLC16A3	0.297033126	0.167010742	0.088957045	1.857209325	23.66442239	1.05081965203797	0.777255594473431
TMCO4	-0.539509247	0.167010742	0.088969526	-1.856324104	20.38653338	1.05075872320191	0.777255594473431
LMNB2	-0.213512987	0.167010742	0.088982681	-1.856237381	25.35027508	1.05069451333325	0.777255594473431
OTOG	0.244706655	0.167019563	0.089010992	1.855452006	20.29450842	1.05055635885873	0.777232656964059
TEAD1	-0.297043967	0.167171263	0.08911547	-1.8547644	21.48672268	1.05004689806807	0.776838376377614
POLR1F	-0.294643687	0.167269095	0.089191267	-1.85426601	18.73262703	1.04967766669318	0.776584292814138
VMP1	-0.135813729	0.168062387	0.089638025	-1.851336278	23.17134284	1.04750772086802	0.774529472438829
EXOSC5	-0.483271401	0.168066968	0.089664226	-1.851386884	20.65021346	1.04738079608333	0.774517634716285
SDC1	-0.33479064	0.168286574	0.089805176	-1.850243556	21.54273046	1.04669863166836	0.773950530906539
CCNY	0.315115467	0.168511573	0.089949067	1.849304377	19.69271752	1.04600333703053	0.77337026738941
PRKAR2B	-0.809444192	0.168681962	0.090111554	-1.852830221	19.95755823	1.04521952071084	0.772931356193942
RNF214	0.325355519	0.168681962	0.090095367	1.84835088	21.62213846	1.04529754129694	0.772931356193942
HTD2	0.302904824	0.168681962	0.090095393	1.84835071	17.60039381	1.04529741596691	0.772931356193942
PEX11B	0.370383623	0.169130528	0.090375091	1.846531712	20.45500278	1.04395125239973	0.771777995327589
ACBD3	0.127354762	0.169202424	0.090437428	1.846127008	23.76551105	1.04365179729186	0.771593419534091
MYO5A	-1.319988418	0.169221359	0.09047147	-1.860609997	19.16652108	1.04348835311536	0.771544821495558
NUP153	-0.176259456	0.169365725	0.090572595	-1.845250344	24.04807703	1.04300318908582	0.771174474462628
GGT7	-0.183574004	0.169373947	0.090609205	-1.845013104	23.36339831	1.04282768005347	0.771153391787488
LGR4	-0.326157004	0.169373947	0.090624878	-1.844911566	21.04642104	1.04275256507157	0.771153391787488
SKIV2L	-0.176552316	0.169497041	0.090714701	-1.844329957	23.40427419	1.04232232654721	0.770837879104492
PROS1	0.606455325	0.169631699	0.090824707	1.843618379	17.56308159	1.04179599449457	0.770492988079228
ACY1	0.136923024	0.169631699	0.090834729	1.843553588	24.15913697	1.04174807516379	0.770492988079228
ATAD3A	0.148421615	0.170457973	0.091301281	1.840544659	26.0537258	1.0395231290667	0.768382680273034
UBE2B	0.318960384	0.170530869	0.091364432	1.840138451	20.09655108	1.03922284138306	0.768196994836236
MRPL24	0.125758349	0.170808967	0.091537573	1.839026071	23.95022955	1.03840060651087	0.767489333785205
MANSC4	0.226153283	0.170811224	0.091562929	1.838863326	22.62974348	1.0382803231601	0.767483595233026
POLR1E	-0.249227754	0.170878448	0.091626949	-1.838452606	21.81320585	1.03797677435963	0.767312709104351
GTF2I	-0.096933341	0.170878448	0.091647276	-1.838322251	26.21344245	1.03788043889325	0.767312709104351
CDC73	0.137099589	0.170977847	0.091724757	1.837825621	25.46708731	1.03751343011656	0.767060155975715
SLC12A4	0.165317873	0.1711201	0.091825262	1.83718198	22.57894694	1.0370378238322	0.766698974641323
CLIP2	-1.052740496	0.171238105	0.091912791	-1.845790105	18.76759829	1.03662404602231	0.766399586914562
NHLRC3	0.247910847	0.171564283	0.092112121	1.835348421	18.00433968	1.03568321739218	0.765573120394914
ECSIT	0.289959789	0.172039654	0.092391666	1.833566607	20.18008969	1.03436720165271	0.764371439554599
SETD2	-0.60745462	0.172838111	0.0928449	-1.830688079	17.83139635	1.03224194720357	0.76236048887064
ZWILCH	-0.263074612	0.172847196	0.092894526	-1.830373672	20.43092854	1.03200987694325	0.762337661372397
ISG20	0.295078096	0.172847196	0.092898649	1.830347562	20.60649669	1.03199060178797	0.762337661372397
ATAD2B	-0.551107483	0.173103042	0.093060626	-1.829322462	16.78629194	1.03123403038183	0.761695300049473
ZFP36L2	0.267793748	0.173876282	0.093500901	1.826544277	19.0858794	1.02918420412809	0.759759654909469
AASS	0.42698242	0.17413625	0.093665314	1.825509859	16.71493084	1.02842120662858	0.759110812247262
CDR2	0.410612192	0.174388929	0.093825879	1.824501239	17.21977445	1.02767735824383	0.758481089511394
FRAT2	-0.244826506	0.174401231	0.093857151	-1.824304979	20.99738668	1.02753263277596	0.758450453952646
GGA1	-0.320363065	0.17457666	0.09397624	-1.823558134	20.07681721	1.02698193513685	0.758013819684125
TDP1	0.367939578	0.174816676	0.094130155	1.822594154	19.11470342	1.0262712261777	0.757417141785465
MTR	-0.469217789	0.174827931	0.094185644	-1.824184504	22.04769307	1.0260152883612	0.757389182055513
GBP2	-0.244501932	0.174827931	0.094181119	-1.822275279	22.98290826	1.02603615385254	0.757389182055513
OSTC	-0.348770769	0.174921569	0.094260817	-1.821776933	21.6570419	1.02566880033859	0.757156635803592
WDR26	0.197300594	0.175040186	0.09436054	1.821153908	23.30683181	1.02520958242878	0.756862233859399
SIN3B	0.363613474	0.175040186	0.094374225	1.821068456	20.41344198	1.02514660176917	0.756862233859399
PAXBP1	-0.128211948	0.175120631	0.094443558	-1.820635707	23.39875466	1.02482765998108	0.756662686574179
CHERP	-0.129888366	0.175120631	0.094467109	-1.820488775	24.49327971	1.02471937526049	0.756662686574179
CPNE1	0.174849382	0.175521192	0.094708	1.818987793	26.08604083	1.02361333452248	0.755670440377474
MMTAG2	-0.254733109	0.175608885	0.094780142	-1.818538953	20.80435064	1.02328264497434	0.755453514575396
RDX	0.101635735	0.175716822	0.094863238	1.818022346	25.40079161	1.02290205550607	0.755186659949993
ATP11A	0.20513627	0.175722596	0.094891195	1.817848626	22.23744912	1.02277408409875	0.755172389403149
ATRIP	0.698279582	0.175728939	0.094919462	1.82397702	21.17192764	1.02264473201278	0.755156713102864
ADSS2	-0.119195919	0.175920996	0.09504807	-1.816874711	25.3052507	1.02205669728207	0.754682324824622
CSGALNACT2	0.244545406	0.176269455	0.095261256	1.815553534	21.01809846	1.02108369670357	0.753822938263623
SOWAHC	0.189402264	0.176363909	0.095337233	1.815083332	22.1924757	1.02073745688003	0.753590283862976
BIRC6	-0.267474496	0.176630198	0.09550615	-1.814039159	23.11964981	1.01996866166163	0.75293504422619
KAZN	0.361000626	0.177325866	0.095907374	1.81156566	21.51202232	1.01814800008281	0.751227910525799
FDX2	0.595387024	0.177944561	0.096267152	1.809919384	19.59822633	1.01652187630969	0.749715281971946
RCHY1	-0.417876322	0.178088017	0.096369937	-1.808725612	19.19491715	1.01605842492772	0.749365301905978
PHLDA3	-0.469533571	0.178207479	0.096459774	-1.808175462	17.11082468	1.01565375994128	0.749074073473827
GTPBP8	-0.692337749	0.178700538	0.096751917	-1.807688796	18.55361237	1.01434042130364	0.74787413999531
PSMB2	-0.150665491	0.178809927	0.096836419	-1.805873968	25.90505539	1.01396127909498	0.7476083741215
GEMIN7	-0.646583332	0.17894262	0.096933577	-1.805842337	18.23357521	1.01352576082404	0.747286208195286
FTO	0.363954203	0.179071811	0.097028874	1.804701099	21.80400076	1.01309900848761	0.746972774232916
TWNK	0.200045484	0.17915351	0.097098467	1.804277495	21.64337833	1.01278762672121	0.746774678657801
TNFRSF10A	0.197120291	0.179228157	0.097164261	1.803877275	20.17517009	1.01249344808458	0.746593761029224
TNFRSF10B	0.181032547	0.179309629	0.097233777	1.803454678	21.46253632	1.01218284395708	0.7463963880213
SPR	-0.507227073	0.179410189	0.097326911	-1.807208647	22.21432506	1.01176706021594	0.746152896292922
PPP1R12C	0.578296013	0.179410189	0.097367462	1.803072662	19.41981577	1.01158615025415	0.746152896292922
PPIF	0.178862627	0.179410189	0.097357836	1.802701181	23.85931331	1.01162908785629	0.746152896292922
SLC25A32	0.213004045	0.179410189	0.097389755	1.802507457	20.81881999	1.0114867267044	0.746152896292922
MRC1	-0.240893181	0.179515162	0.097472114	-1.802007858	20.35034393	1.01111961474403	0.745898864663104
PRKCD	0.151373351	0.179649162	0.09758265	1.801337943	22.73158101	1.01062739215991	0.745574804285241
CYRIA	-0.172224009	0.179649162	0.097595664	-1.801259111	21.76839275	1.01056947682823	0.745574804285241
THAP11	-0.297761698	0.180666267	0.09818895	-1.797675535	17.88072246	1.00793738414836	0.743122928918655
ANAPC7	-0.213125812	0.180666267	0.098199293	-1.797613237	22.67879799	1.00789163896767	0.743122928918655
RAB24	1.219750723	0.18079969	0.098297372	1.809915907	18.7759876	1.00745809296293	0.742802318503381
GPKOW	-0.124184589	0.180896296	0.098375467	-1.796552976	22.96935244	1.00711319298061	0.742570325584796
UTP25	-0.17253378	0.181023819	0.098470407	-1.795982314	22.11972776	1.00669426704154	0.742264277176805
SAE1	0.090252002	0.181342306	0.098675708	1.794749994	26.18360515	1.00578974885046	0.741500865959635
STUB1	0.135432645	0.181342306	0.098699454	1.794607609	22.54974358	1.00568524981712	0.741500865959635
SCRN2	0.2677577	0.181342306	0.098720557	1.794481095	21.877131	1.00559240293255	0.741500865959635
NDUFS7	-0.162469308	0.181390084	0.098772208	-1.794171549	21.64185713	1.0053652377015	0.74138645807962
FXN	0.165899902	0.181706968	0.098983676	1.792905748	21.54265764	1.00443642164154	0.740628418284006
FAM98A	-0.321316613	0.181706968	0.098996134	-1.792831254	21.4016196	1.00438176515245	0.740628418284006
SMAD4	-0.28837882	0.181876257	0.099133157	-1.792012463	21.51234082	1.00378106303536	0.740223992123476
ESYT2	-0.13622161	0.181876257	0.099139786	-1.791972876	24.59362071	1.00375202288416	0.740223992123476
DTX3L	-0.099104838	0.182500148	0.099505665	-1.789791665	25.02697464	1.00215219354367	0.738736779012672
MALT1	-0.190875884	0.182538758	0.09955252	-1.789512856	22.21725008	1.00194774208316	0.738644908750444
EFHD1	0.317442209	0.182603785	0.099613798	1.789353039	22.52822856	1.00168050113229	0.73849022467917
TNRC6B	0.304644224	0.18372762	0.100299673	1.785082918	20.15184299	0.99870048287716	0.73582555076051
ATP5F1B	0.088637281	0.18372762	0.100304179	1.785056292	28.67518297	0.99868097247478	0.73582555076051
MRPL37	-0.144926564	0.18372762	0.100304788	-1.785052695	23.9518584	0.998678335650081	0.73582555076051
DNAI4	-0.329068679	0.183742838	0.10033907	-1.784850155	18.7763599	0.998529928579744	0.735789580013553
ATG101	0.334741353	0.18406516	0.100541105	1.783657809	20.87616794	0.997656345955314	0.735028407322416
MAGOH	-0.11937032	0.18511779	0.101142248	-1.780122785	25.10679494	0.99506739791382	0.732551843118634
HEXIM1	-0.094347071	0.185200778	0.10121377	-1.779703459	25.32595454	0.994760398284799	0.732357193245892
DERA	-0.251882603	0.185419946	0.101359759	-1.778848375	21.18249527	0.994134430732099	0.731843549739519
PLCB1	0.801546312	0.185499541	0.101429492	1.780268422	17.44305048	0.993835749631884	0.731657160665721
RFX3	-0.430220029	0.185587322	0.101503725	-1.778006223	16.89172742	0.993518019649679	0.73145169500025
GADD45GIP1	-0.209167749	0.185864077	0.101693752	-1.776896274	20.87638487	0.992705729036727	0.730804540665103
DAZAP1	-0.200359516	0.185864077	0.10170764	-1.776815232	23.3559685	0.99264642283715	0.730804540665103
DMAP1	-0.400422185	0.186139034	0.101884413	-1.775784501	20.60561386	0.991892252361331	0.730162544261981
ESD	0.144310489	0.186160046	0.10192223	1.775564208	24.62267871	0.991731082790321	0.73011352240749
TES	0.104566655	0.186566489	0.102171131	1.774116132	24.94267467	0.990671799098771	0.729166361389972
PRSS8	0.481588813	0.186659889	0.102248667	1.775482106	21.4383195	0.990342345113461	0.728948996767065
DDI2	0.122179812	0.186783323	0.102342686	1.773119891	25.20414017	0.989943189086878	0.728661902476373
PPIP5K2	-0.180548788	0.186838347	0.102399247	-1.772791765	21.42817801	0.989703236963189	0.728533983666176
PPDPF	0.282214703	0.187365675	0.102727323	1.770891714	17.6784183	0.988314029139593	0.727309968002606
AIG1	-0.330258361	0.187365675	0.102741229	-1.770811297	19.74200288	0.988255243510203	0.727309968002606
KPNA1	-0.11700316	0.187369273	0.102769689	-1.770646748	25.83967592	0.988134957725348	0.727301628286472
EPCAM	-0.153485417	0.187483149	0.102858652	-1.770132653	26.2760135	0.987759171564586	0.727037760603938
NDE1	-0.306008427	0.187650347	0.102976908	-1.769449895	18.2739519	0.987260152503909	0.726650628159794
BRAP	-0.382453362	0.187829155	0.103101585	-1.768730833	19.86898899	0.986734658174653	0.726236995281425
ATXN3	0.275063952	0.187973329	0.103232169	1.767978537	21.3196541	0.986184947648895	0.725903767171598
ZC3H13	0.444473707	0.187973329	0.103233868	1.767968753	16.89216367	0.986177800068252	0.725903767171598
MRPS10	-0.186388795	0.187981775	0.10326508	-1.767789069	21.46359331	0.986046514174511	0.725884253931024
NCBP1	-0.142798813	0.188023831	0.103314763	-1.767503157	24.57257612	0.985837616221573	0.725787102779468
BNIP2	-0.184110032	0.188244819	0.103462801	-1.766651952	24.81749235	0.985215768316484	0.72527696790641
MRPL58	-0.172591274	0.18882043	0.10380586	-1.764683613	22.51332678	0.983778129205971	0.723951017684946
RAI1	0.512781498	0.18945125	0.10417944	1.762546791	19.51745509	0.982217981377919	0.722502524903047
DNAJB12	-0.162435821	0.189452714	0.104207027	-1.762389271	22.68270212	0.982102994237777	0.722499168869952
COA7	-0.330991743	0.189836593	0.104445013	-1.761031944	21.50459722	0.981112291713227	0.721620069009941
SNAP23	0.141660991	0.18986959	0.104490008	1.76077563	23.46062892	0.980925237571496	0.721544587410235
ULK4	1.247719597	0.189994781	0.104585762	1.772780979	18.41397254	0.98052743502625	0.721258328594704
LRP4	0.480719634	0.190317163	0.104790126	1.75906855	18.01913218	0.979679637445231	0.720522044818144
PRPF40A	-0.163482963	0.190355097	0.104837922	-1.758797091	24.77229755	0.97948159582232	0.720435489906414
RASL11A	0.24208753	0.190378018	0.104877458	1.758572629	18.85351727	0.979317847537956	0.720383198873985
SMC2	-0.083905513	0.190482308	0.104961837	-1.758093825	26.60330577	0.978968577053954	0.720145355394065
PSMG3	0.829999106	0.190740632	0.105131146	1.761443141	19.59647035	0.978268601459298	0.719556782707886
MAP2	0.202971352	0.191342672	0.105490023	1.755104517	22.70295142	0.976788612981833	0.718188165636525
DCXR	-0.131146648	0.191499758	0.105603698	-1.754462923	23.92194701	0.976320873536353	0.71783177051693
ANKRD50	-0.218105923	0.191692638	0.10573716	-1.753710433	20.52187274	0.975772358512829	0.717394565981463
TANGO2	-0.319777451	0.191773568	0.105808911	-1.753306242	16.59237036	0.975477755408941	0.717211251507372
F8A1	-0.433916909	0.191803097	0.105852317	-1.754828446	21.96526904	0.97529963127422	0.717144384656744
RAB3A	0.247208228	0.191884401	0.105924312	1.75265667	18.42686489	0.975004348149006	0.716960329250877
TECR	-0.166927625	0.191998267	0.10601431	-1.752150528	24.71569295	0.974635508937325	0.716702691274231
RNF181	-0.268849611	0.192132703	0.106115702	-1.751580774	22.10870721	0.974220348545382	0.71639870737336
DST	-0.163523681	0.19256222	0.106380146	-1.750097058	21.33226549	0.973139417973411	0.715428915835477
PPP1R14A	-0.456960932	0.192801859	0.106539789	-1.753465821	22.70555246	0.972488167662194	0.714888782935524
RPP14	-0.309004927	0.192862697	0.106600671	-1.748862291	20.7804919	0.972240061625767	0.71475176433997
COMMD10	-0.177807739	0.193133798	0.106777818	-1.747872063	21.01908983	0.971518958176011	0.714141718967937
RPP40	-0.230106197	0.193211019	0.106847824	-1.747481144	20.94095012	0.971234317996079	0.71396810900524
PHPT1	0.251810826	0.193319078	0.10693491	1.746995173	22.99673633	0.97088049174795	0.713725284816352
MTMR10	0.371629611	0.193489645	0.107056824	1.746315438	18.32979378	0.970385644753578	0.713342272193878
TRPS1	0.27003604	0.193489645	0.107083964	1.746164218	22.91475856	0.970275560613027	0.713342272193878
TMBIM6	-0.157075016	0.193583328	0.107163177	-1.745723038	23.12835637	0.969954419614814	0.713132048212455
TOR1AIP2	0.195532174	0.193660778	0.107233428	1.745406254	24.80346608	0.969669810418319	0.712958327773328
P4HA2	-0.169156387	0.193820137	0.107349066	-1.744688865	24.57160431	0.969201729828671	0.712601103788535
SF3B4	0.141601325	0.194520561	0.107764501	1.742383438	23.31063007	0.967524277728276	0.711034486590736
PPP1R2	0.1618276	0.195183543	0.108159385	1.740199426	23.61852658	0.965935790816878	0.709556802886486
MTFR1	-0.636619954	0.195191223	0.108191233	-1.740814814	19.12030524	0.965807929746848	0.709539714785964
LUC7L3	-0.292624027	0.195549513	0.108426227	-1.740460104	23.77254614	0.964865654479508	0.708743261285239
C1orf174	-0.251303965	0.195549513	0.108445114	-1.738623571	19.47218203	0.964790010368464	0.708743261285239
DHX15	0.093404544	0.195699742	0.108573902	1.737914499	27.24951067	0.964274553932137	0.708409746892076
MRPL28	-0.277336109	0.195699742	0.108583756	-1.737860276	21.76519453	0.964235139822895	0.708409746892076
SLC44A2	-0.2107589	0.195856814	0.108698594	-1.737228691	22.28752611	0.96377607341132	0.708061314434618
DIPK1A	-0.325809308	0.195869629	0.108740487	-1.736998433	20.96203565	0.963608726319235	0.70803289927967
METTL13	-0.098047687	0.195869629	0.108761083	-1.736885263	24.65100249	0.963526476529718	0.70803289927967
NIBAN2	0.088747953	0.19622652	0.108986994	1.735645178	26.17860841	0.962625325646965	0.707242298121559
COMMD8	-0.187547557	0.196303714	0.109057619	-1.735257973	22.27133512	0.962343988278111	0.707071483617277
IGSF3	0.2127705	0.196351009	0.109111651	1.73496189	20.52041765	0.962128872740291	0.70696686265429
CTH	-0.294770766	0.196576923	0.109264979	-1.734122401	20.03360717	0.961519013386167	0.706467467185526
ARHGEF17	0.128632793	0.196588939	0.109299448	1.733933821	23.1494326	0.961382031382039	0.706440921226171
NDUFS8	-0.163327618	0.196719001	0.109399569	-1.733386372	23.2338961	0.960984388983305	0.706153689745595
P4HB	0.090676919	0.196973557	0.109568978	1.732461083	30.00476497	0.960312389195462	0.705592072416056
NPM3	-0.361502123	0.197249557	0.109794275	-1.731740048	22.15933967	0.959420304701321	0.704983963493303
CASP3	0.164699556	0.197249557	0.109791886	1.731245535	23.09680913	0.959429754563849	0.704983963493303
USP20	-0.280311529	0.197249557	0.109806157	-1.731167786	18.07747396	0.959373307644056	0.704983963493303
ENAH	-0.151467017	0.197340266	0.10988455	-1.730740872	26.7330631	0.95906336600629	0.704784290736649
SEC23B	-0.100456278	0.197350716	0.109918503	-1.730556056	24.71085583	0.958929194979454	0.704761293619695
ATP9A	0.29664843	0.197350716	0.109946165	1.73040552	20.61484244	0.958819914537707	0.704761293619695
RSRC2	-0.415355302	0.197373039	0.110014404	-1.730131822	21.03021946	0.958550449676472	0.704712171895415
RAB33B	-0.292765119	0.197373039	0.110011047	-1.730052566	19.17148573	0.958563702021319	0.704712171895415
NBAS	-0.173558935	0.197383843	0.110048328	-1.729849844	22.20271507	0.958416551437666	0.704688399706518
CAPN2	0.093650884	0.197695003	0.110249758	1.728755601	25.78203005	0.957622355142482	0.704004307909154
CUTA	0.374175117	0.197728032	0.110296128	1.729282807	22.13633862	0.957439733414298	0.70393175617996
CAMK2G	-0.200498755	0.197786739	0.110356836	-1.728174639	24.49832683	0.95720075951071	0.703802829888425
PTBP2	-0.620457366	0.197954603	0.110478481	-1.72842019	19.46121506	0.956722305626503	0.703434395228987
FANCI	-0.283292887	0.197983129	0.110532288	-1.727223794	22.17891921	0.956510840060773	0.703371816275728
TMUB1	0.213464222	0.197983129	0.110550376	1.727125846	20.03744377	0.956439775975837	0.703371816275728
NRAS	0.194055176	0.198744607	0.111003667	1.724675871	22.08851998	0.954662674082173	0.701704647234602
CLCN5	0.216835003	0.199334091	0.111361087	1.72275036	19.594021	0.95326653854711	0.700418419979611
ZNF106	-0.894435786	0.199439511	0.111448175	-1.726390761	18.04767299	0.952927038838466	0.700188799337125
PDF	0.308536047	0.199501934	0.111511259	1.721942993	17.75714017	0.952681280824679	0.700052889844617
PRKAB2	-0.293380784	0.199503749	0.111540476	-1.721786025	20.69540942	0.952567506484835	0.700048938800719
C18orf25	-0.191013909	0.199625728	0.111654199	-1.721175406	21.58651339	0.952124939692957	0.699783487054807
SOWAHB	0.502429794	0.199625728	0.111665113	1.721116836	18.39852	0.952082490251959	0.699783487054807
SLC7A2	-0.361464266	0.199782326	0.111798646	-1.720400619	18.64406992	0.951563456183847	0.699442934829678
FLCN	-0.228761623	0.199782326	0.111809193	-1.720344085	18.75850576	0.951522487102222	0.699442934829678
PYCR2	0.213915307	0.199884848	0.111922783	1.719735483	23.77923709	0.95108149949446	0.69922012573878
GAMT	0.310977263	0.199884848	0.111923082	1.719733883	20.92601464	0.951080339284955	0.69922012573878
AIFM2	-0.178477634	0.200014275	0.112023828	-1.719194567	24.57783246	0.95068959100604	0.698939007673553
KIAA0319	-0.220695577	0.200194297	0.112152954	-1.718503951	21.28776644	0.950189283035056	0.69854829856853
NECAP1	-0.214140453	0.20031493	0.112248853	-1.717991513	21.26380095	0.949818088082464	0.698286680387036
MAEA	-0.466748698	0.200732194	0.112511047	-1.716592449	19.14182873	0.94880483385837	0.69738296854251
PDLIM2	0.181779646	0.200914851	0.112641829	1.715895689	23.21321876	0.94830030637172	0.696987960369851
TBCE	0.091046814	0.200924933	0.112675885	1.715714372	25.51400177	0.94816902212668	0.69696616781898
HSPA1B	-0.076432168	0.200941956	0.112713837	-1.715512364	29.13795022	0.948022765729656	0.696929374566426
MARCKSL1	-0.136899329	0.201014657	0.112783033	-1.715144215	26.21805624	0.947756230394483	0.696772274807636
DYNLL1	0.135790773	0.201067175	0.112861667	1.714726094	24.15318933	0.947453539361435	0.696658823883396
SENP1	-0.273417363	0.201067175	0.112869346	-1.714685276	18.91802006	0.947423991384987	0.696658823883396
RC3H1	0.360003366	0.201086003	0.112929879	1.714363597	19.39500836	0.947191137188939	0.696618158301431
WDR61	0.12223002	0.201086003	0.112936767	1.714327005	23.55002065	0.947164648812322	0.696618158301431
RANBP2	-0.113443245	0.201391141	0.113136612	-1.713266165	25.93587633	0.946396830825729	0.695959637553185
TSR2	-0.474481856	0.201493711	0.113222717	-1.714481506	21.31184656	0.946066427582945	0.695738504463916
POLA2	-0.688246465	0.201929853	0.113527807	-1.714210374	20.1426183	0.94489775126765	0.69479947087925
NOPCHAP1	-0.175901138	0.201929853	0.113532594	-1.711169095	22.80153453	0.944879439244276	0.69479947087925
SH3KBP1	0.418249748	0.201929853	0.113553429	1.71105894	19.11938193	0.944799746752098	0.69479947087925
HYPK	0.207451264	0.202724077	0.114028711	1.708550908	23.52460209	0.942985784988391	0.693094668242017
WDR89	-0.254250898	0.202762	0.114078705	-1.708287633	18.29225483	0.942795417493492	0.693013433641771
PALS2	0.129106092	0.202869633	0.114185596	1.707725079	23.37908919	0.942388676933054	0.692782956453776
IFT22	-0.269024469	0.202869633	0.114196619	-1.707667098	21.19909199	0.942346753983163	0.692782956453776
ERH	-0.1471682	0.202975143	0.114292425	-1.707163324	26.5215811	0.941982552541875	0.692557143953393
GALK1	0.137284427	0.202975143	0.114313397	1.707053097	25.79465673	0.941902869322783	0.692557143953393
FBXW11	-0.355531871	0.203012989	0.11436341	-1.706790308	17.24552963	0.94171290366291	0.692476174547077
SH3BGRL	-0.112211201	0.203023873	0.114398241	-1.70660735	24.57322997	0.94158065325162	0.692452891630748
HADHA	0.080796867	0.203066812	0.114451142	1.706329573	27.52982558	0.941379869552794	0.692361049234373
POP5	-0.423126841	0.203121598	0.114512954	-1.706005152	16.84155033	0.941145382035873	0.692243895435574
ATG2B	-0.301604471	0.203121598	0.114539448	-1.705866143	20.51591544	0.941044914213188	0.692243895435574
FHIT	-0.377546622	0.203257462	0.114644794	-1.705313703	18.14950713	0.940645661722585	0.691953501596444
TM2D2	-0.247354129	0.203357772	0.114749975	-1.70476258	18.91999528	0.940247400408246	0.691739224920507
TAF7	-0.286543195	0.203357772	0.114787594	-1.704565572	20.72809183	0.940105047029388	0.691739224920507
RPN2	-0.094290053	0.203357772	0.114810076	-1.704447866	26.42983761	0.94001999556895	0.691739224920507
IPO9	0.107004306	0.203357772	0.114816361	1.704414962	25.87015866	0.939996221818374	0.691739224920507
PPP1R14B	-0.10792688	0.203606449	0.115003491	-1.70343606	25.65706856	0.939288976176608	0.691208470339415
ENDOU	-0.283054443	0.203606449	0.11501433	-1.703379404	22.2211754	0.939248046148906	0.691208470339415
GNAI2	0.115117177	0.203614872	0.115062272	1.703128862	26.30835245	0.939067054721079	0.691190504372346
UBAC1	-0.195209749	0.203614872	0.115076655	-1.703053716	21.84517399	0.939012770488309	0.691190504372346
FNDC3B	0.171017181	0.204000141	0.115336966	1.701695115	23.02771736	0.938031477121313	0.690369532400078
SPEN	-0.172619389	0.204000141	0.115352073	-1.701616353	23.11923429	0.937974596336894	0.690369532400078
AAGAB	-0.320311231	0.204042081	0.115404632	-1.701829439	22.50146585	0.937776759536711	0.690280255802446
SYVN1	-0.242064042	0.204225944	0.115537493	-1.700650396	22.41944564	0.937277060267676	0.689889087810662
SFXN1	-0.14507319	0.20475638	0.115873678	-1.698902533	25.32696367	0.93601520767446	0.688762557183532
POGZ	-0.21140562	0.20475638	0.115895469	-1.698789393	22.60538868	0.935933542696999	0.688762557183532
CEP192	-0.289972825	0.204900004	0.116005728	-1.698217223	20.43108499	0.935520566140535	0.688458033120631
B4GALT1	0.209052037	0.205118457	0.116158402	1.69742574	22.94990795	0.934949371225212	0.687995259121622
BLOC1S3	0.180847193	0.205773457	0.116558417	1.695356397	23.56460162	0.93345635942641	0.686610646200767
ACSF3	0.853506058	0.206072506	0.116756941	1.698284395	18.90397392	0.93271729193191	0.685979947517219
DERL2	-0.291271617	0.206098488	0.116816897	-1.694022594	19.88530223	0.932494334080536	0.685925194322996
SUOX	-0.334523492	0.206098488	0.116829932	-1.693955398	18.92404455	0.932445876084322	0.685925194322996
SLC30A6	-0.264487003	0.20622315	0.11692975	-1.69344107	18.83662349	0.932074978854667	0.685662583703698
SELENOS	-0.211928019	0.206556243	0.117147816	-1.692318813	20.10689062	0.931265803592754	0.684961674279859
DDX17	-0.099574958	0.206652107	0.117231397	-1.691889158	26.06552919	0.930956059668231	0.684760162345455
HPS3	-0.212612974	0.206933195	0.117420108	-1.69092008	21.17059207	0.93025752450526	0.684169836792131
SCRIB	-0.11310324	0.207016825	0.117496827	-1.690526507	25.25721356	0.929973861349671	0.68399435643817
TBC1D23	-0.139110719	0.207123055	0.1175864	-1.69006728	22.64558666	0.929642905696165	0.683771556818755
DRAP1	0.333122461	0.207138396	0.11762439	1.690351919	22.34636073	0.92950261580971	0.683739391085574
YY1	-0.142042697	0.20714605	0.117658019	-1.689700318	22.79088409	0.929378468073435	0.683723343705582
PTP4A1	0.212934211	0.207334172	0.11780093	1.688968674	19.28010864	0.928851280921805	0.683329113304235
DVL3	0.23696192	0.207334172	0.11782349	1.688853246	21.88069833	0.928768117355467	0.683329113304235
KIF2A	-0.165975403	0.207826149	0.118132449	-1.687274459	25.11509682	0.927630792598253	0.682299809753145
STRN	-0.198773104	0.207906505	0.118207515	-1.686891423	23.1236786	0.92735491246251	0.682131922205767
PELO	-0.172976043	0.209130236	0.118932844	-1.683201401	21.89964542	0.924698195858657	0.67958317244944
MAP1A	-0.294432232	0.209202678	0.119003616	-1.682842429	17.70348849	0.92443984209497	0.679432760372744
TRPT1	0.564644564	0.209422824	0.119158449	1.682234507	18.14518628	0.923875158319744	0.678975988382649
ARPIN	-0.607766863	0.209812021	0.119421314	-1.681200829	18.65538714	0.922918154559283	0.678169632899336
APAF1	-0.190563588	0.209812021	0.119456418	-1.680550166	20.29854512	0.92279051207478	0.678169632899336
SMC6	-0.228115778	0.209812021	0.119468875	-1.680487217	18.61254911	0.922745225899356	0.678169632899336
RANBP1	0.145474484	0.209926739	0.119563872	1.680007327	27.13729254	0.92240002905426	0.677932240500237
MT-ND6	0.237542242	0.209982061	0.119634559	1.679650459	18.06365469	0.922143346978148	0.677817805939843
JTB	-0.421004479	0.209982061	0.119654748	-1.67954857	20.46675897	0.922070063542077	0.677817805939843
PARVB	0.323576561	0.210115862	0.119760695	1.679014127	17.73025221	0.921685692342784	0.677541160735206
EPN2	-0.140340994	0.210162831	0.119817175	-1.678729383	23.2645207	0.921480924241353	0.67744409001549
TAOK3	-0.990518643	0.210172721	0.119852524	-1.685950286	17.97470097	0.921352815633414	0.677423653141157
NUP35	-0.301027793	0.2102779	0.119964818	-1.677985615	21.7642917	0.920946100525087	0.677206368837206
MIB2	-0.485040813	0.2102779	0.119971954	-1.677949685	17.84685618	0.920920267674224	0.677206368837206
TM9SF4	-0.1144782	0.210308975	0.120019414	-1.677710787	24.91334794	0.92074849802641	0.67714219326801
NEMP1	-0.356989449	0.210422895	0.120114172	-1.67723405	20.44089552	0.920405748148414	0.676907008666532
IKBKE	0.437890891	0.21049886	0.120214601	1.676729143	17.22275074	0.920042780680828	0.676750251833301
C7orf50	-0.17201413	0.21049886	0.120217048	-1.676716849	22.67411952	0.920033940591749	0.676750251833301
SIPA1L1	0.2365899	0.210551117	0.120276656	1.676417353	22.922012	0.919818654905872	0.67664245025108
TCP11L1	-0.199059808	0.210844071	0.120484474	-1.675374214	20.91633062	0.919068914006623	0.676038606971559
EIF3H	-0.092251393	0.210844071	0.120503616	-1.675278212	25.23372533	0.918999920846089	0.676038606971559
PTPRK	0.217803363	0.211359914	0.120833244	1.673627151	21.37757811	0.917813564891172	0.67497737643911
HERC4	0.142018298	0.211359914	0.120858192	1.67350235	24.15962476	0.917723906945882	0.67497737643911
CWF19L1	-0.153731326	0.211539155	0.120990588	-1.672840441	22.91139276	0.917248412647586	0.674609234782633
ALS2	-0.604774188	0.211651802	0.121144149	-1.672573533	18.94380145	0.916697556502756	0.674378029598075
PTGR2	0.119945829	0.211651802	0.121090513	1.672341293	23.76299191	0.916889880912646	0.674378029598075
PI4KA	-0.2113306	0.211651802	0.121144776	-1.67207039	22.05307682	0.916695308751315	0.674378029598075
CHCHD2	-0.200237233	0.211813248	0.121278999	-1.671400757	23.01374378	0.916214396231897	0.674046880142777
PMF1	-0.345333247	0.211813248	0.121297069	-1.671310655	18.90698549	0.916149693218387	0.674046880142777
SNAPIN	0.334719787	0.211858735	0.121353067	1.671031513	21.27370075	0.915949243111659	0.673953625200431
FOXP1	-0.663824938	0.211924396	0.121420636	-1.672271325	19.93499571	0.915707496627235	0.673819045939868
SBNO1	0.279050368	0.211972883	0.121478381	1.670407255	21.47465182	0.915501004763746	0.673719693395377
FUBP3	0.102334382	0.212072743	0.121565588	1.669973162	25.86818427	0.91518934493804	0.67351514631315
CDK13	-0.608153903	0.212277404	0.121742921	-1.669556848	17.34026787	0.914556282351674	0.673096232119385
TDRD6	-0.164473998	0.212277404	0.121721191	-1.669199303	24.51113162	0.914633806870908	0.673096232119385
TRMT10A	0.33467353	0.212301754	0.121786898	1.668872784	18.26412758	0.914399431180702	0.673046417754046
CARD19	-0.315603708	0.212934118	0.122179755	-1.666923805	19.01556509	0.913000750068756	0.671754746866043
UBAP2	-0.196758715	0.213129124	0.122321776	-1.666220594	22.87424722	0.912496221992397	0.671357200082828
DPF2	-0.141798912	0.213436707	0.12252848	-1.665198403	22.43116215	0.911762953999299	0.670730888207516
PTPRG	-0.232961283	0.213446629	0.122564349	-1.665021177	21.00460352	0.911635837192609	0.670710699694699
PABPC1	-0.06946875	0.214050369	0.122941285	-1.663161553	28.50637833	0.910302251883026	0.669484019151673
PIK3C3	0.447385325	0.214092661	0.122995841	1.663960453	21.27494756	0.910109573611724	0.669398219869651
SRP19	1.030244691	0.214521439	0.123272498	1.674789393	21.19550345	0.909133803364424	0.66852929847168
PEX5	0.22353357	0.214899028	0.123548618	1.660175833	21.36501046	0.908162108200638	0.667765548841693
RPRD2	-0.166549924	0.214899028	0.123550233	-1.660167909	23.04638677	0.908156431237063	0.667765548841693
CBR1	-0.085305407	0.214915752	0.123618321	-1.659833993	27.32493999	0.907917159347874	0.667731752233215
GNB1	-0.132961619	0.214915752	0.12362061	-1.659822771	26.15699214	0.907909117733513	0.667731752233215
KRAS	-0.141547463	0.215074103	0.123742098	-1.659227383	24.33258699	0.907482524956564	0.667411879716163
RPS10	-0.198206046	0.215391869	0.123955372	-1.659732274	26.96341582	0.906734646956657	0.66677069525848
KIRREL1	0.205808483	0.215901616	0.124290565	1.656545877	22.14567852	0.905561837761877	0.665744107006871
TUBB3	-0.18681562	0.215901616	0.124309765	-1.656452192	23.576608	0.905494754551898	0.665744107006871
ERLIN2	-0.114563368	0.21617762	0.12449924	-1.655528386	24.60499594	0.904833299691246	0.665189268817484
IFRD2	0.329914309	0.21620806	0.124556729	1.655248337	20.01416069	0.904632805352453	0.66512812005765
ACP6	0.278122746	0.21620806	0.124577898	1.655145243	18.045336	0.904559001240835	0.66512812005765
NOLC1	0.132540166	0.216818306	0.124960169	1.653286245	24.19028702	0.903228396113079	0.663904053041592
MASTL	-0.424278228	0.217006992	0.125123461	-1.652493674	19.54596243	0.902661251237445	0.663526272888349
PLEKHD1	0.385212911	0.217006992	0.125130269	1.652460654	19.48833001	0.902637621804761	0.663526272888349
SLC5A3	0.725448421	0.217316107	0.125339231	1.654956145	19.93988053	0.901912974176347	0.662908083518501
ALAD	-0.151129319	0.217641856	0.125557876	-1.650389599	21.80540937	0.901156039653118	0.66225757918627
TRAF6	-1.512370136	0.217695943	0.125619853	-1.663133419	22.6040691	0.900941719141834	0.662149664432175
MLH1	0.274341531	0.217805322	0.125713759	1.649636149	20.84166636	0.900617187463076	0.661931512610573
EIF2S3	0.072120426	0.218480293	0.126134226	1.647607948	27.2519236	0.8991670534262	0.660587730443397
PCCA	-0.186528342	0.218788899	0.126343321	-1.646601559	20.53800392	0.89844771163495	0.65997471718938
CISD2	0.103174559	0.218941315	0.12646923	1.64599626	23.1473527	0.898015125608452	0.659672277794922
GPSM1	-0.219027983	0.218941315	0.126493236	-1.64588091	16.69331705	0.897932696989466	0.659672277794922
GLYR1	-0.17782217	0.219773405	0.127005044	-1.643426282	22.32928517	0.896179030714384	0.658024863143467
KIR2DL1	-0.546337068	0.219978594	0.127241468	-1.643809563	20.88663738	0.895371329028509	0.657619578086812
SFPQ	-0.1073923	0.219978594	0.127183217	-1.642573809	28.30747231	0.895570194074228	0.657619578086812
DR1	0.337292257	0.219978594	0.127236228	1.642478452	21.80133308	0.895389214313713	0.657619578086812
MRPS18B	-0.207436501	0.219978594	0.127248007	-1.642264076	22.30251029	0.895349011000482	0.657619578086812
G3BP2	0.096487532	0.220210477	0.127413271	1.64147466	25.46409432	0.89478533478008	0.657162022353165
HINT2	0.13728552	0.220270994	0.127491089	1.641103262	23.92190125	0.894520169217257	0.657042688392229
BORCS6	0.402219186	0.220270994	0.127529848	1.640918349	16.89262775	0.894388157938876	0.657042688392229
FARS2	0.247809329	0.220270994	0.127541701	1.640861813	19.22320444	0.89434779520522	0.657042688392229
CCZ1B	0.247908024	0.220344713	0.127615534	1.640509738	21.2873673	0.894096457904302	0.656897365587338
EDEM2	1.164077696	0.220409103	0.127683984	1.6507999	18.44250517	0.893863574910778	0.656770472882733
RNF20	0.100123816	0.220447988	0.127756541	1.639837843	23.74600313	0.893616855205117	0.656693860568596
QSOX2	-0.197354527	0.220447988	0.127768837	-1.639779283	21.83414807	0.893575058300282	0.656693860568596
ZDHHC3	0.164179131	0.220846386	0.128030963	1.638532093	21.27267974	0.892684987899835	0.655909703279485
NR2C2	0.316044553	0.220902331	0.128094623	1.638229539	19.34082839	0.89246910015727	0.655799701353119
MRPS2	-0.122795716	0.221795207	0.128646747	-1.635611022	23.56587837	0.890601191014546	0.654047843200128
CERS6	-0.138215525	0.221795207	0.128675082	-1.635476905	21.62569967	0.890505546317457	0.654047843200128
CFL1	-0.18183084	0.222012803	0.128832977	-1.637339288	29.46083618	0.889972957659221	0.653621980000153
ZC3H15	-0.136931286	0.222012803	0.128864089	-1.634582958	24.40044249	0.889868092127018	0.653621980000153
SUN2	0.209416582	0.222226378	0.12901947	1.633848916	22.1711425	0.889344746479701	0.653204392110179
TBC1D2B	-0.361553634	0.222442858	0.129176599	-1.633107408	18.28526147	0.888816153876912	0.652781533638045
MCEMP1	0.32917411	0.222848296	0.129443546	1.63184947	19.59724217	0.887919598426959	0.65199068237936
ARMCX5	-0.407324168	0.222896895	0.129503285	-1.631568275	18.2460369	0.887719215063204	0.651895981289877
TPR	-0.141679379	0.222959118	0.129589042	-1.631164809	26.65853563	0.887431720688702	0.651774762309152
MRPL3	-0.137307875	0.222959118	0.129602473	-1.631101641	24.59043952	0.887386711428336	0.651774762309152
UPF2	-0.285631132	0.223558297	0.129982369	-1.6293173	21.49609758	0.886115552041574	0.650609207368531
LTBR	0.38917895	0.223592175	0.130033674	1.629076677	17.18979617	0.885944166626843	0.650543399416141
HNRNPCL1	-0.530726478	0.223614527	0.130078283	-1.629031444	19.1371209	0.885795204288036	0.650499986156796
JMJD6	-0.248321028	0.22401132	0.130340768	-1.627638123	21.68749947	0.88491972436252	0.649730034838528
TMED4	-0.519631743	0.224041199	0.130389824	-1.640034258	24.32534365	0.884756300882427	0.649672111785789
EGFR	-0.114356035	0.225328591	0.131170927	-1.623764166	25.80630066	0.882162412236445	0.6471836989742
KRR1	0.163938764	0.225433922	0.131264112	1.623330663	21.22299009	0.881853995089473	0.646980733236869
CHRAC1	0.254196089	0.225780998	0.131498122	1.622243215	21.56598775	0.881080449538186	0.646312611618332
SMYD2	0.424799549	0.225877326	0.131586155	1.621834563	17.38084555	0.880789803149216	0.646127362206269
LRP6	0.332099955	0.226174275	0.131791117	1.620884053	16.68637584	0.880113861122077	0.645556793136849
PRSS23	-0.609339156	0.226258051	0.131925992	-1.620928141	18.16080873	0.879669631518803	0.645395958232529
SLC23A2	-0.485403478	0.226258051	0.131888872	-1.62043117	17.44295434	0.879791846097847	0.645395958232529
CHMP7	-0.170009013	0.226258051	0.131935886	-1.620213468	22.58076288	0.879637062133346	0.645395958232529
CTBP1	-0.178864862	0.227123866	0.132472868	-1.617731737	24.00142204	0.877873061232664	0.643737228054507
RAPGEF6	-0.946511646	0.227195533	0.132546786	-1.624171597	17.61194008	0.877630798593941	0.643600211748528
PDXP	0.263769415	0.227350246	0.132669185	1.616826636	20.6258585	0.877229938767408	0.643304571538553
MT-ND4	-0.620471159	0.227383603	0.132720794	-1.620863299	21.08187647	0.877061028816222	0.643240856197851
WDR48	-0.242666046	0.227655633	0.132920162	-1.615671234	22.45876933	0.876409138084997	0.642721599251903
IRGQ	-0.09415569	0.227655633	0.132943938	-1.615561878	23.58470531	0.87633146091362	0.642721599251903
SMG5	0.279438405	0.228676708	0.133572542	1.612676851	20.88120098	0.874282808952344	0.640778068459362
PTCD1	-0.268200739	0.228920967	0.133747577	-1.61187563	18.10409556	0.873714077008128	0.640314428228103
JUNB	1.184605507	0.229400761	0.134060326	1.620831195	17.60894558	0.872699728849282	0.639405145730512
CRIP1	-0.192638849	0.229611356	0.134215855	-1.611181518	26.84293857	0.872196177667129	0.63900663663044
AVEN	0.346012798	0.229751756	0.134330402	1.609596793	21.77908655	0.871825685569482	0.638741160602587
PICK1	0.815075668	0.230036538	0.134561944	1.611656373	18.34777806	0.871077747301408	0.63820317706288
TBC1D15	0.20845964	0.230036538	0.134534438	1.608285081	22.10920801	0.871166531133967	0.63820317706288
VPS36	0.276570554	0.230091495	0.134626618	1.607865653	21.78235404	0.870869064126652	0.63809943410334
DCAF10	-0.212232829	0.230418712	0.134850645	-1.606847361	17.76986193	0.870146971945455	0.637482255334049
CFAP20	0.206297693	0.230469641	0.134913032	1.606564054	20.75781572	0.86994609738275	0.637386274675762
GSK3B	-0.113199673	0.230473834	0.134948066	-1.606405006	24.71500758	0.869833335127818	0.637378373504094
KIF3A	0.131297638	0.230493194	0.134991985	1.606205676	24.98136864	0.869692016494674	0.637341893926754
NLRP13	0.365661456	0.230555925	0.135061317	1.605891124	17.91326403	0.869469019734717	0.637223712474107
ACIN1	0.169216373	0.230556019	0.135094965	1.605738515	24.6916731	0.869360836865938	0.637223535407857
TUBG1	-0.103229074	0.230556019	0.135126556	-1.605595268	24.23674189	0.869259292051968	0.637223535407857
SIAH1	-0.240697479	0.230739374	0.1352763	-1.60491666	17.95898899	0.868778283822188	0.636878289952857
ZBTB10	-0.333741245	0.230739374	0.135331148	-1.604668263	17.23210614	0.868602234092251	0.636878289952857
GTF2F2	0.153240345	0.230739374	0.135331872	1.604664986	24.03957964	0.868599910692439	0.636878289952857
STK25	0.37219655	0.231001592	0.135518322	1.603821256	17.74365855	0.868001984453247	0.636385027058363
GATD3B	-0.109127743	0.231771594	0.136002811	-1.601633557	25.68330334	0.866452115238809	0.634939792380227
GTPBP4	-0.107071383	0.231865241	0.13609054	-1.601238148	24.6365425	0.86617206266286	0.634764351721376
SMS	0.109459565	0.231950158	0.13617317	1.600865923	24.92439325	0.86590845239955	0.634605327312047
AHDC1	0.294505163	0.232579131	0.136575305	1.599057236	18.11870893	0.864627820945768	0.633429256495571
IFT20	-0.233653873	0.232587542	0.136613123	-1.598887381	19.70047045	0.86450758050263	0.633413550938403
NCCRP1	-1.203533124	0.232779454	0.136758752	-1.610335304	20.97950186	0.864044871037087	0.6330553548134
CMTM6	-0.165756383	0.232863262	0.136840907	-1.597865185	22.39368372	0.863784055914996	0.632899023140717
KIAA1143	0.500183389	0.232892181	0.136890824	1.597641378	18.77828112	0.86362566230959	0.632845091995834
EXOSC3	-0.24777638	0.233112511	0.137053284	-1.596913465	20.23204126	0.863110553659753	0.632434417545681
H4C1	-0.380791408	0.233140849	0.137102902	-1.608765623	27.21658518	0.862953352582858	0.632381626346307
TRIOBP	0.21056751	0.233304984	0.137232406	1.596111774	21.47620068	0.862543322410859	0.632075983449806
TPP1	-0.114688812	0.23343649	0.137353764	-1.595569131	24.34307758	0.862159434808898	0.631831255544403
CORO6	0.369600747	0.23343649	0.137375758	1.595470834	19.43537235	0.862089898249552	0.631831255544403
BCAR3	0.157162056	0.233471125	0.137429144	1.595232289	21.22568715	0.861921158570355	0.63176682399981
ERP44	-0.110085917	0.233514866	0.137487902	-1.594969833	25.93592207	0.861735515112246	0.631685466205981
GTPBP10	-0.257693477	0.233755106	0.137662393	-1.594191005	20.91961262	0.861184685329559	0.631238893895421
CP	-0.469744754	0.23392021	0.137792693	-1.594253463	20.56028926	0.860773811992388	0.630932254837657
TMUB2	-0.186730134	0.234108641	0.137936785	-1.592968026	20.91746399	0.860319900668601	0.63058255610534
MZT2B	0.225868734	0.234329586	0.138100091	1.592241167	20.31371075	0.859806035246243	0.630172874760441
MYO15B	-0.275323297	0.234520554	0.138245789	-1.601267276	28.21754255	0.859348088536219	0.629819088566812
DOCK10	0.442963189	0.235013285	0.138569467	1.590156186	16.65581045	0.858332453520938	0.62890758692352
FYTTD1	-0.143402277	0.235191725	0.138707927	-1.589542319	23.14060553	0.857898718782632	0.62857796257064
MTIF2	-0.524909764	0.235241277	0.138770406	-1.589636979	19.27843786	0.857703141094817	0.628486471709432
DENR	-0.206689062	0.235884352	0.139183105	-1.588408483	24.94792552	0.856413479169322	0.627300868209181
NDST1	-0.37287521	0.236035768	0.139305814	-1.586897689	20.46016788	0.85603075769358	0.627022180640071
MYO5C	-0.514498396	0.237367375	0.140125269	-1.583289019	16.78904448	0.853483540676339	0.624578972959979
NFIX	0.368606319	0.238073817	0.140580928	1.581290358	18.18592567	0.852073594153915	0.623288365022196
PTGES2	-0.093848801	0.238073817	0.140609614	-1.581164723	24.23153589	0.851984983979032	0.623288365022196
AP3S1	-0.206569449	0.239244513	0.141335009	-1.577995077	22.0242526	0.849750249104716	0.6211580138485
ATG2A	-0.353445031	0.239244513	0.141368683	-1.57784828	20.16980488	0.84964678789875	0.6211580138485
RNF4	-0.274737576	0.239288506	0.141428505	-1.577587571	18.37309484	0.849463049403557	0.621078161815567
FBXO4	-0.277156391	0.239568516	0.141627867	-1.576719427	19.25350773	0.848851285533299	0.620570257342411
ETV6	-0.392435528	0.239818211	0.141809383	-1.57633698	21.20188348	0.848295032549938	0.620117841101586
POLR3GL	-0.217586667	0.240156973	0.142043649	-1.574912277	17.32011265	0.847578179511728	0.619504799025195
PYROXD2	0.449138939	0.240853745	0.142489811	1.572978189	18.42316982	0.846216189583066	0.618246596515044
HTT	-0.10956825	0.241128572	0.142691795	-1.57210433	23.48325456	0.845600998775137	0.617751325803636
FBXO28	-0.263711176	0.241128572	0.142720573	-1.571979914	18.9468189	0.845513419342402	0.617751325803636
SHFL	0.396858123	0.241133465	0.142757556	1.571820055	18.17186012	0.845400895745793	0.617742513155171
GALNT14	-0.349779664	0.241198519	0.142830166	-1.571506304	18.02463316	0.84518005906003	0.61762536316581
JPT1	-0.107153284	0.241256941	0.142898867	-1.571209573	27.62871779	0.844971214579209	0.617520183084126
DCP1B	-0.252280347	0.241324981	0.142973282	-1.570888302	20.44230781	0.844745113332804	0.61739771933073
SMIM12	-0.220352967	0.241463782	0.143123009	-1.570242326	20.69300879	0.844290541792563	0.617148001380922
COL4A1	-0.447192146	0.241463782	0.143145052	-1.570147271	19.78425446	0.844223659352027	0.617148001380922
CHTOP	0.196188251	0.241463782	0.143157917	1.570091805	22.63999001	0.844184629379457	0.617148001380922
EIF3E	-0.087868682	0.241547317	0.143254722	-1.569674554	26.48854204	0.843891053795164	0.616997782100319
ME1	0.148322459	0.241547317	0.143275734	1.569584019	24.20426041	0.843827357978688	0.616997782100319
STXBP3	0.133580585	0.241909089	0.143524519	1.568512958	22.7712018	0.843073899928003	0.616347814034188
UBE2F	-0.456135523	0.241959281	0.143588502	-1.568237762	18.85829601	0.842880335287856	0.616257714701124
UBAP2L	0.082839363	0.24228181	0.143814153	1.567268063	25.9604087	0.84219837217744	0.615679190539213
CNOT6	-0.40890023	0.242574037	0.144021905	-1.566376452	18.82067415	0.841571448896881	0.615155684059026
PNISR	-0.23559137	0.242856756	0.144224092	-1.565509794	19.2994673	0.840962186574229	0.614649810442097
APTX	-0.437558823	0.243099934	0.144402873	-1.566097046	21.31128969	0.840424166076392	0.614215159064684
BAG5	-0.104146853	0.243128542	0.144454236	-1.564524587	23.97909927	0.840269718309562	0.614164054297416
NOTCH2NLB	0.626797453	0.243133688	0.144491663	1.565290222	17.46600854	0.840157210468327	0.61415486222258
PDSS2	0.28400292	0.243187277	0.144557888	1.564081311	16.77286729	0.839958205470963	0.614059150095159
TMEM53	-0.237609451	0.243220292	0.144611896	-1.563850454	19.70769946	0.839795979830878	0.614000194465124
SHCBP1	-0.269627585	0.243242709	0.144677614	-1.563569641	21.5643184	0.839598662166282	0.613960168484165
RBBP5	-0.258614652	0.243242709	0.144693995	-1.563499662	22.56039497	0.83954949232588	0.613960168484165
ZCCHC17	-0.27419468	0.243513724	0.144889633	-1.562664436	18.90060355	0.83896268762726	0.613476557695705
DSG1	-0.554059966	0.243648061	0.145004006	-1.563524167	20.60396864	0.838619999422529	0.613237040471282
XXYLT1	-0.243837409	0.243909616	0.145194147	-1.56136634	21.4262756	0.838050890363448	0.612771077532046
SLC41A1	0.507038399	0.244390202	0.145514777	1.560002089	18.46676399	0.8370929019104	0.611916209651381
RAD9A	0.322753035	0.244649538	0.145715991	1.559147273	17.89706201	0.836492785759304	0.611455600031736
MTIF3	0.498814454	0.244649538	0.145771574	1.55891132	19.02338112	0.836327156803708	0.611455600031736
PNMA1	-0.229537381	0.244649538	0.145772944	-1.558905508	19.90565067	0.836323075207907	0.611455600031736
TMEM41B	-0.165480631	0.245007213	0.146020697	-1.557854737	23.98429362	0.835585582874197	0.610821129839605
TTC17	-0.098208638	0.245414364	0.146298045	-1.55668028	25.35314265	0.834761477370144	0.610100021790862
PHB2	-0.128572596	0.245534745	0.146404517	-1.55622993	27.86795638	0.834445523838335	0.609887043279992
PRR5	0.510229388	0.245544068	0.146455925	1.556012585	17.06604648	0.834293053871395	0.609870553350685
TMEM161B	0.426856744	0.245544068	0.146482142	1.555901773	18.95535851	0.834215317996511	0.609870553350685
RABIF	0.150126322	0.245544068	0.146514209	1.555766254	21.91520396	0.834120255234403	0.609870553350685
VPS72	-0.2339097	0.24577463	0.146686527	-1.555038459	19.72008422	0.833609773806765	0.609462949031556
TXN	-0.115495578	0.245935959	0.146817579	-1.554485447	28.55329003	0.833221941656813	0.60917796718023
EEF1AKMT4	-0.212833547	0.246008115	0.146898743	-1.554143167	20.76760874	0.832981920414641	0.609050566711286
CRYZ	0.102333407	0.246008115	0.146930207	1.554010522	24.43886165	0.832888909554881	0.609050566711286
RPE	-0.56579065	0.246028992	0.147008532	-1.562565319	22.33921375	0.832657459177052	0.609013712718873
NUFIP2	-0.103802468	0.246028992	0.147012235	-1.553664833	23.94073441	0.832646519864955	0.609013712718873
PCNX3	-0.274797685	0.246394937	0.147265733	-1.552597563	16.96761679	0.831898296608194	0.608368220434369
BRD2	-0.249564961	0.246523889	0.147377654	-1.552126859	22.61204596	0.831568360983018	0.608140989740981
CLIC3	0.951153632	0.246655359	0.147491118	1.560768406	19.79390495	0.831234132361977	0.607909444325719
TOM1	-0.262728233	0.246888526	0.147665444	-1.550917934	21.76314992	0.830721124430576	0.60749909318138
SELENOT	0.349204055	0.247106634	0.147830827	1.550827684	21.97329858	0.830234993546034	0.607115595063649
ENPP4	0.211959463	0.247173527	0.147905787	1.54990988	18.28339056	0.830014833352676	0.606998045288248
CDC40	-0.176800214	0.247423627	0.148107901	-1.549063268	21.52196198	0.829421772882068	0.606558831037607
SUN1	0.214644353	0.247423627	0.148125397	1.548990024	22.88922057	0.829370472664871	0.606558831037607
MTMR14	-0.450260395	0.247828122	0.14840259	-1.547830659	19.24603403	0.82855851945529	0.605849414116319
TMEM102	-0.264756934	0.248183222	0.148650312	-1.546796139	19.97402943	0.82783417492365	0.605227581576655
LRPPRC	-0.087760542	0.248676262	0.148980775	-1.545418402	29.07808131	0.826869770850166	0.604365669392085
KHSRP	-0.094337484	0.24872135	0.149042946	-1.545159497	27.22859702	0.826688573712331	0.604286933711892
NCBP3	-0.256583901	0.248828484	0.14914232	-1.544745861	20.81085362	0.82639910547655	0.604099906392963
MARCHF6	0.274820191	0.24912421	0.149354788	1.543862277	18.7743641	0.825780850270108	0.60358406548437
TTC28	-0.423764806	0.24919717	0.149437075	-1.543520367	17.49474704	0.825541641674686	0.603456894036795
NSL1	-0.220272119	0.24919717	0.149468984	-1.543387824	19.40849016	0.825448917541077	0.603456894036795
AAR2	-0.148647458	0.249423041	0.149639721	-1.54267904	22.95686633	0.824953110205678	0.603063430099844
DAG1	0.111520567	0.249691007	0.149838694	1.541853922	23.75402037	0.824376020944252	0.602597099140876
MBTD1	-0.297443531	0.249691007	0.149871079	-1.541719712	17.50151757	0.82428216596775	0.602597099140876
MOB4	-0.232406575	0.24976293	0.149949557	-1.541394596	21.93049431	0.8240548129504	0.602472019489184
NDUFAF5	-0.54320892	0.249892573	0.150133367	-1.541228646	19.46416507	0.823522775487967	0.602246651248695
NEIL2	-0.343416219	0.249892573	0.150081696	-1.5408475	16.64279855	0.823672271187295	0.602246651248695
CYRIB	0.098409824	0.249892573	0.150125369	1.540666773	25.15070762	0.823545912115486	0.602246651248695
CD82	-0.28442036	0.250081797	0.150282403	-1.541321065	23.08743953	0.823091869229518	0.601917918625992
CENPV	-1.109779378	0.25023244	0.150408303	-1.548654585	17.82256269	0.822728188694166	0.601656389287923
RAB11FIP2	0.486870443	0.250455784	0.150577955	1.53879655	16.99656376	0.82223860531095	0.601268934306758
RAB35	0.205130625	0.2507411	0.150816678	1.537812023	22.60413138	0.82155062953479	0.600774473220748
UBQLN1	-0.131517322	0.2507411	0.150820382	-1.537796761	23.46610821	0.82153996355919	0.600774473220748
CERS5	-0.268152093	0.251601353	0.151373389	-1.535521289	20.37958276	0.819950465828302	0.599287027778223
APPL2	-0.206559511	0.251814408	0.151537169	-1.534848756	19.30081414	0.819480830450473	0.598919424601944
TCEAL8	-0.367333547	0.251935318	0.151645545	-1.534404076	19.12221711	0.819170343746568	0.59871094589077
SMPD2	0.579540211	0.25196196	0.1516972	1.534781468	18.6158011	0.819022435269775	0.598665021953084
ZNF512B	-0.707243628	0.252072305	0.151841316	-1.544595042	23.40139888	0.81861004089504	0.598474867319961
DCBLD2	0.111521792	0.252072305	0.151810654	1.533727137	24.0923941	0.818697748789373	0.598474867319961
FARSA	-0.076181136	0.252072305	0.151870535	-1.533481786	25.44384255	0.818526477145623	0.598474867319961
NLN	-0.092467761	0.252259684	0.152019089	-1.53287347	23.88071498	0.818101874378641	0.598152152635015
ARRDC1	0.198909275	0.252259919	0.15205489	1.532726943	19.99145552	0.81799960862825	0.598151748055282
RPS2	-0.08918943	0.253036772	0.152558925	-1.530667196	28.14897811	0.816562380188931	0.596816361368691
COL1A2	-0.281351429	0.253149087	0.152662427	-1.530244959	18.11590225	0.816267837563428	0.596623634587932
GMPPA	-0.175349613	0.253545231	0.152977941	-1.528959333	23.22711365	0.81537118874224	0.595944553800243
PSMD11	-0.071227843	0.253545231	0.152998911	-1.52887397	26.94477589	0.815311660348244	0.595944553800243
WASL	-0.248874121	0.253545231	0.153008848	-1.52883352	21.23238914	0.815283454630309	0.595944553800243
ALG10	-0.217869295	0.253769153	0.153179854	-1.5281378	20.34633277	0.814798348750117	0.595561169853881
PROSER2	0.198425096	0.254199194	0.153475368	1.526937099	22.56173145	0.813961316604269	0.594825830815478
EXOC4	0.091027738	0.2542043	0.153514386	1.526778715	24.11064284	0.813850920071711	0.59481710739933
TDRKH	-0.200593355	0.254575255	0.153774394	-1.525724156	21.50035659	0.81311597578511	0.59418381254108
MAPK8	0.453757145	0.254700713	0.153886182	1.525271233	19.06402334	0.812800375298946	0.593969839286357
KATNB1	0.63281234	0.254883755	0.154032804	1.525951606	19.14474676	0.812386778650259	0.593657843380016
CFHR5	-0.210452999	0.255132351	0.154219103	-1.523924029	18.66843477	0.81186182723424	0.593234468987312
SNRPG	-0.116962702	0.255373725	0.154401106	-1.523188589	24.5551873	0.811349593067791	0.592823788648666
CCDC134	-0.165136453	0.255422163	0.154466499	-1.522924529	21.9306243	0.811165696673222	0.592741421673239
PLEKHG3	0.380317825	0.255443197	0.154544471	1.522609801	20.28088142	0.810946527689922	0.592705659020874
BTAF1	-0.216403317	0.255443197	0.154551439	-1.522581681	22.84243023	0.810926946945872	0.592705659020874
APLP2	0.233319901	0.255556587	0.154656171	1.522159174	21.38791692	0.810632746350886	0.592512920574976
PLEK2	-0.692026666	0.256132891	0.155055016	-1.523622877	19.82009453	0.80951417985629	0.591534648542077
KIF20B	0.305699804	0.256132891	0.15507735	1.520462529	19.51108294	0.809451628932626	0.591534648542077
ATP5F1A	0.068868663	0.256328615	0.155232087	1.519840192	28.9647323	0.809018503653125	0.591202909059935
SUCLG1	-0.143112255	0.256796759	0.155551896	-1.518555644	24.4083016	0.808124690969168	0.590410461745311
PPP1R3D	-0.47678101	0.256851937	0.155694247	-1.52075515	21.56205948	0.807727434588683	0.590317154778112
SPTY2D1	0.293440093	0.256851937	0.155660696	1.518119155	20.85934945	0.807821032037809	0.590317154778112
ELP2	-0.132984778	0.256851937	0.155671918	-1.518074148	23.1624829	0.807789723704156	0.590317154778112
ADO	0.11570573	0.257009923	0.155826344	1.517455101	24.93768649	0.807359118636082	0.590050108493806
PIAS1	-0.531905694	0.258309994	0.156651099	-1.515411673	20.0305826	0.805066553939241	0.587858790671099
TARBP1	0.288661656	0.258351145	0.156738666	1.513808593	17.90976914	0.804823853824982	0.587789609341544
PLXNA3	-0.273673056	0.258351145	0.156749097	-1.513767005	17.90618937	0.804794952373142	0.587789609341544
ACACA	-0.079273379	0.259294687	0.157358226	-1.511342615	24.16441511	0.80311054914079	0.586206381920281
LIG1	-0.131763496	0.259379563	0.157446402	-1.510992335	22.63965825	0.80286725950759	0.586064245776931
STIL	-0.280974362	0.259596794	0.157617381	-1.510313594	17.96577449	0.802395893088996	0.585700675341262
SLC9A6	-0.21296455	0.259596794	0.157651658	-1.510177599	19.69309975	0.80230145747894	0.585700675341262
UGCG	-0.473922178	0.259635482	0.157711855	-1.509938827	18.12955025	0.802135660079006	0.585635956772238
SF1	-0.082623647	0.259644528	0.157754054	-1.509771491	25.22253464	0.802019471340837	0.585620825714589
TUBA1A	-0.084935534	0.259750579	0.157855208	-1.509370536	32.21770367	0.801741085179111	0.585443475700622
ERICH6B	-0.262422232	0.259925537	0.157998277	-1.508803809	19.16566125	0.801347649080213	0.585151050112853
TSG101	-0.083188801	0.260578393	0.158431958	-1.507088591	24.68439337	0.800157210479206	0.584061598561689
PRR11	-0.256612175	0.260782024	0.158595868	-1.506441369	19.01040097	0.799708131824063	0.583722348318449
PNPLA6	0.260020661	0.260782024	0.158629495	1.506308659	20.70633478	0.799616058350116	0.583722348318449
MTHFS	0.2706559	0.260811644	0.158684382	1.506092101	20.0481151	0.799465815179592	0.583673023323316
BMP1	0.165561744	0.261939476	0.159430121	1.503156068	20.58552164	0.797429624293206	0.581799045610544
SENP8	-0.206816916	0.261939476	0.15944464	-1.503099023	21.2814784	0.797390075715781	0.581799045610544
NSMCE2	-0.279706918	0.262237004	0.159662818	-1.502242328	17.53322232	0.796796209832287	0.581306025464014
THNSL1	-0.201392072	0.262261154	0.159714596	-1.502039168	19.99693849	0.796655392736931	0.581266032142454
PGGT1B	-0.478708096	0.262510209	0.159927748	-1.502432786	20.83745305	0.796076178168737	0.580853802253638
LRSAM1	0.123654595	0.262510209	0.159940486	1.501153492	22.35547312	0.796041588656398	0.580853802253638
LTBP4	0.358706522	0.262700018	0.160093268	1.500555071	17.01049468	0.79562692999152	0.58053989745641
YIPF6	-0.229433722	0.262709203	0.160165229	-1.500273381	21.16917789	0.795431760988786	0.580524713121392
LPCAT2	0.158088576	0.262709203	0.16017314	1.500242417	22.04646478	0.795410310522782	0.580524713121392
ORC6	-1.488552085	0.263138008	0.160508977	-1.509357908	17.17165878	0.794500673212136	0.579816417317229
ZFHX4	-0.387256859	0.263138008	0.160488539	-1.499009121	19.91001803	0.794555976510079	0.579816417317229
CCT4	-0.082804373	0.263170698	0.16056612	-1.498706074	29.08388381	0.794346087010507	0.579762467661942
CEP72	-0.109270214	0.263383011	0.160750307	-1.497987105	26.86451218	0.793848188989876	0.579412241777071
DENND10	0.262925831	0.263383011	0.160805737	1.497770874	22.12743032	0.793698461165943	0.579412241777071
MARCHF2	0.180419979	0.263383011	0.160807354	1.497764568	22.78206387	0.793694094091363	0.579412241777071
LZTR1	0.252326285	0.264239823	0.161367831	1.495581755	20.88070088	0.792183038459371	0.578001730226985
GK5	0.32260853	0.264305954	0.161445579	1.495279471	17.97678571	0.791973843134853	0.577893053439534
WT1	-0.264302402	0.264381005	0.161528796	-1.494956064	17.1095202	0.791750044050481	0.577769750850638
VTI1A	0.680415947	0.264537729	0.161661945	1.497389583	19.79291321	0.791392200387858	0.577512379099559
MSLN	1.742968907	0.264630353	0.161755958	1.504425114	21.25918498	0.791139713881091	0.577360343880993
MCTP1	0.430562019	0.265544905	0.162352518	1.491762472	17.53705095	0.78954097131254	0.575862026956623
KIF23	-0.218982097	0.265644781	0.162451134	-1.491764448	23.77018446	0.789277252689429	0.575698712053006
BTBD1	0.244431391	0.2661872	0.162820471	1.489954364	17.04987418	0.788290993283247	0.574812832043244
DHX34	-0.296272378	0.266438216	0.163011676	-1.489216852	16.68769708	0.787781287370502	0.574403482926714
MRPL51	-0.525613825	0.268017076	0.164015539	-1.486216712	19.80616576	0.785115004499472	0.571837535164039
BBS7	-0.251288243	0.268167217	0.164145328	-1.484859252	16.70085655	0.784771473901408	0.57159431502364
WASHC5	0.192090009	0.268192629	0.164198795	1.484654366	22.75472505	0.78463003434673	0.571553162459872
CHD6	0.572624763	0.268359668	0.164338999	1.484663389	17.98803481	0.784259362671512	0.571282754081372
LIN37	-0.336296897	0.26852773	0.164479878	-1.483578195	18.38985407	0.783887224814843	0.571010859446208
YTHDF1	0.203871173	0.268865162	0.164724571	1.482642623	21.11219277	0.783241614832636	0.570465467510221
AP1M2	-0.103200548	0.269051672	0.164876873	-1.482060902	24.81419178	0.782840257835605	0.570164304720935
ABCF3	0.125478793	0.269071466	0.164927039	1.481869389	24.44096235	0.782708138013163	0.570132355063425
RPS29	-0.170844704	0.269412751	0.1652124	-1.481133627	25.0392355	0.781957359863846	0.56958185346125
COX7C	-0.247544961	0.269412751	0.165201684	-1.480821803	22.55950676	0.781985529968542	0.56958185346125
WNT1	0.203564322	0.269417146	0.165299965	1.480799772	23.92234371	0.781727238384442	0.569574768760647
PSMA2	-0.103490834	0.269417146	0.165279291	-1.480526054	26.28163607	0.781781558817243	0.569574768760647
NAPA	-0.098969566	0.269417146	0.165329351	-1.480335347	23.67998783	0.781650039073544	0.569574768760647
HIBADH	-0.31146393	0.269681012	0.165535381	-1.479550972	20.64559427	0.78110916726088	0.56914963075855
PPP2R5E	-0.14976333	0.269681012	0.165568079	-1.479426562	22.05824115	0.78102339007803	0.56914963075855
COPS7A	0.16261809	0.269681012	0.165605642	1.479283669	22.90630613	0.780924871369212	0.56914963075855
TLR7	0.133600979	0.270533935	0.166167649	1.477149049	21.77826694	0.779453524645599	0.567778250487644
TP53BP1	-0.134773183	0.270584157	0.166236747	-1.476887023	24.01646846	0.779272968185432	0.567697635413577
MBLAC2	-0.254845595	0.270629432	0.166302819	-1.476636561	18.01167401	0.779100388989933	0.567624973961191
CPQ	0.259426606	0.271111151	0.166637162	1.475370444	18.52474061	0.778228139473148	0.566852619202355
BOLA2	0.087840823	0.271507878	0.166925745	1.474279352	25.18562038	0.777476676806824	0.566217564519734
ALDH18A1	0.084691919	0.271507878	0.166957771	1.474158365	26.32613782	0.777393362031139	0.566217564519734
EIF4A3	-0.063258241	0.272154872	0.167394098	-1.472511986	26.37805734	0.776259858476681	0.565183886723439
CRELD2	-0.269738248	0.272155176	0.167455346	-1.47241095	22.36190001	0.776100983082375	0.565183401611974
MARS2	-0.371142476	0.272155176	0.16747123	-1.472221324	18.54468604	0.7760597899729	0.565183401611974
BIRC3	-0.296004611	0.272474582	0.167706295	-1.471336222	18.47788739	0.775450635471114	0.564674004991049
CAB39L	-0.230076525	0.272580969	0.167810308	-1.470944911	20.81852792	0.77518136549765	0.564504468922484
KNL1	-0.244741	0.273167332	0.168209909	-1.469443476	20.65774275	0.774148424131065	0.56357123903312
TLCD1	0.331605222	0.273208786	0.168274057	1.469202734	18.93993775	0.773982834530503	0.563505338482586
KDM1A	-0.117396094	0.273218275	0.168318524	-1.469035897	24.55901303	0.773868085876319	0.563490254967756
STAT5B	-0.802114009	0.273224061	0.168360713	-1.473523852	19.001231	0.773759243702645	0.563481057920943
CD70	0.397617686	0.273854531	0.168787921	1.468443827	21.62182276	0.772658636091566	0.56248006915178
POLDIP2	0.138466493	0.274188335	0.169032419	1.46636255	23.24269296	0.772029993359298	0.561951025669388
NCK2	0.199279346	0.274569328	0.169306108	1.465340196	19.92172326	0.771327373711235	0.561347979205398
CTU2	-0.213496901	0.275319108	0.16980736	-1.463471427	17.84368344	0.770043489957116	0.560163646176656
PRRC1	-0.278979841	0.275435653	0.169918177	-1.463365967	22.27928935	0.76976015998591	0.559979844402316
ACTR3	0.065819119	0.275546097	0.170025263	1.4626605	27.23997402	0.769486544701983	0.559805736202175
THBS1	0.14143257	0.275606286	0.170101364	1.462377501	23.80177244	0.76929220387539	0.559710881307298
CASP4	0.458198265	0.276017406	0.170394121	1.462445768	20.9066785	0.768545393497163	0.559063529922476
HELZ	0.24260771	0.276676332	0.170840008	1.459636216	20.46665706	0.767410416908315	0.558027990557037
CEP135	-0.205480758	0.277285793	0.171255532	-1.458098525	20.68022856	0.766355390765349	0.557072381340873
BAP1	-0.426930351	0.277556719	0.171462095	-1.45733529	19.02217422	0.765831874174075	0.556648254949651
ASDURF	0.256688534	0.277638742	0.171552013	1.457003293	21.55068106	0.765604181544486	0.556519932083019
TRAF7	-0.283341358	0.278167727	0.171918194	-1.455652799	18.10048003	0.764678159754596	0.555693258236316
TMPPE	0.786823019	0.278450297	0.172132195	1.458216079	18.14550741	0.764137893163544	0.555252314547818
VPS37B	0.345616691	0.279681114	0.172932597	1.451924305	19.58479716	0.76212313649527	0.553336859200549
TOR1B	0.228927844	0.280160108	0.173268373	1.450694221	20.75740186	0.76128070263565	0.552593703842743
MORC2	0.124395863	0.280286184	0.173385969	1.450263897	22.83578777	0.760986050068725	0.552398309162447
NABP2	-0.327549879	0.280509477	0.173563752	-1.449613794	20.3907223	0.76054097011644	0.552052461540518
NUP43	-0.143853538	0.280763099	0.173762623	-1.448887248	22.88437599	0.760043636233581	0.551659972588462
TMEM9B	0.280980226	0.280763099	0.17383803	1.448611941	21.11874492	0.759855208253208	0.551659972588462
MICU2	-0.341585802	0.280763099	0.173839747	-1.448605673	20.24945754	0.759850918743353	0.551659972588462
CFAP97	-0.380053763	0.281082053	0.174076968	-1.447740263	19.19995258	0.759258686276127	0.551166883072363
ESRP1	0.110443127	0.281494922	0.174372455	1.446663686	24.36378574	0.758522117948763	0.550529435154626
DHTKD1	-0.191780932	0.282042984	0.174751824	-1.445283752	21.12747051	0.757578282540788	0.549684699157814
PAXIP1	-0.440916398	0.282043253	0.174816226	-1.445049743	19.33463755	0.757418259715247	0.549684284947334
ACTR6	-0.396199288	0.282043253	0.174831731	-1.444993417	19.22824242	0.757379742482061	0.549684284947334
TTC37	-0.135088927	0.282194908	0.17496563	-1.444507158	22.59216946	0.75704725512706	0.549450827036148
SELENOF	0.266169259	0.282697628	0.175317288	1.443231596	20.7505342	0.756175256109253	0.548677835482298
SLC25A4	0.124491059	0.282726675	0.175375268	1.443021493	24.17110379	0.75603165229526	0.548633214295129
TYSND1	0.217886986	0.282976131	0.175570008	1.442316244	18.00896621	0.755549671075565	0.548250195614116
CAMSAP2	0.285568426	0.283520765	0.175948001	1.440949229	19.89517527	0.754615662955536	0.547415127971548
GLOD4	-0.103299977	0.283697825	0.176097986	-1.440407494	24.49533791	0.754245610949749	0.547143993756911
EPS8L1	-0.117538712	0.283731971	0.17615929	-1.440186179	25.59388121	0.754094448768007	0.547091725019875
PRKD2	-0.154036147	0.283989846	0.176359541	-1.439463705	21.49920528	0.75360104015546	0.546697187787485
MIEF1	0.189088794	0.2841377	0.176491526	1.438987903	17.48401274	0.753276141833033	0.546471139329779
SRRM2	0.087160155	0.284447768	0.176724334	1.438149366	25.74246425	0.752703646337593	0.545997469697534
KLHL18	-0.244784611	0.284676577	0.176914568	-1.437464866	19.37579977	0.752236403712575	0.545648264845074
ATF2	0.240194969	0.284676577	0.176946976	1.437348319	16.63711575	0.752156854997279	0.545648264845074
PSMB3	-0.139296239	0.285322655	0.177420033	-1.435649117	25.30521605	0.750997344311766	0.544663743411747
TMEM167A	-0.128388234	0.285322655	0.177429228	-1.435616126	23.01748953	0.750974837077282	0.544663743411747
MAPT	0.988103396	0.285431341	0.177557295	1.442779882	17.88714019	0.750661479863848	0.54449834209713
LDLRAP1	0.476251616	0.285431341	0.177577514	1.435084299	18.10511846	0.750612028219478	0.54449834209713
PKD1L3	-0.334074714	0.285472377	0.177643399	-1.434848121	18.79617584	0.750450925698646	0.544435908773163
OSBPL9	0.126012261	0.285676091	0.17781055	1.434249271	23.18421838	0.750042474688327	0.544126105368987
H2AC20	0.896962451	0.285802776	0.177939723	1.44035307	18.23267655	0.749727089836457	0.543933557225851
MGAT5	0.125308929	0.285802776	0.177970205	1.433677717	21.91406101	0.749652699304538	0.543933557225851
RAD51AP1	-0.202573881	0.28595797	0.178107268	-1.433187386	17.06365865	0.749318357977008	0.543697794627767
BPHL	-0.305949299	0.286101126	0.178236876	-1.432724016	18.73805489	0.749002438422048	0.543480432951031
MAP1S	-0.19753041	0.286128338	0.178294277	-1.432845968	23.86146125	0.748862596853863	0.54343912776773
DHX29	-0.080091047	0.286421631	0.178517525	-1.431721626	23.50812705	0.74831914292883	0.54299418654157
RPAP1	0.187822019	0.28659698	0.178667328	1.431187119	21.97517918	0.747954857492084	0.54272839026891
AP3M2	0.168896308	0.287542753	0.179297581	1.428942463	20.43642789	0.746425569698489	0.54129757354277
AGAP3	0.323863594	0.288143439	0.179712871	1.427467025	17.97263409	0.74542081769291	0.540391264816048
EMC4	0.151503179	0.28820922	0.179810879	1.427119246	21.67170192	0.745184035924603	0.540292129937456
EPHB3	-0.237967276	0.28820922	0.179835383	-1.427032318	21.06100594	0.74512485581834	0.540292129937456
PPFIA1	0.440402729	0.288348171	0.180003608	1.434784459	23.57947432	0.744718789792323	0.540082798985619
FMOD	-0.275714185	0.288348171	0.179979537	-1.426521131	17.11427541	0.744776869747647	0.540082798985619
RREB1	0.659000106	0.288738179	0.18028789	1.427403952	18.73863148	0.744033444008639	0.539495786840608
UNK	-0.318743883	0.289081224	0.180542953	-1.424526503	20.66655625	0.743419458402714	0.538980115102086
TBC1D22B	-0.2010592	0.28927859	0.180707109	-1.423946336	19.50116941	0.74302476200054	0.538683708035178
ITFG1	0.188700529	0.289616521	0.180959149	1.423056426	20.00840719	0.742419454778661	0.538176667701115
HAX1	-0.160724807	0.289704857	0.181055297	-1.422717217	21.56230404	0.742188764830847	0.538044223641194
TOE1	-0.185428614	0.289783841	0.181145624	-1.422398685	20.98221403	0.741972152910746	0.537925835428656
SCRN3	0.83496787	0.289927747	0.181317551	1.427808523	19.21031553	0.741560155454784	0.537710219304051
SIPA1L2	0.311252088	0.289927747	0.181302566	1.421845557	20.62295315	0.741596049231825	0.537710219304051
GLIS3	-0.193187455	0.290169784	0.181528239	-1.421050896	18.25696196	0.741055805405213	0.537347813556746
WDFY1	0.198962272	0.290169784	0.181550956	1.420970947	22.40512328	0.741001459863556	0.537347813556746
KL	0.394450748	0.290385766	0.18172714	1.420351192	17.64276626	0.740580208233792	0.537024675503487
TMEM208	-0.191626715	0.290479028	0.181826567	-1.420001665	20.29900672	0.74034266094602	0.536885217327547
DNM2	0.109867323	0.290762968	0.182045404	1.419232929	25.17093579	0.739820280985104	0.536460906676048
MRRF	0.115384415	0.290980493	0.182223231	1.418608824	22.26898303	0.739396257154623	0.536136124644407
BSDC1	-0.214026555	0.290980493	0.182329907	-1.418234676	22.45994238	0.73914208954697	0.536136124644407
KIN	0.284052364	0.290980493	0.182351462	1.418159099	18.37932942	0.739090750387012	0.536136124644407
COQ6	-0.187593966	0.290980493	0.182352617	-1.418155049	21.50105102	0.7390879996082	0.536136124644407
IQSEC2	-0.254104123	0.290980493	0.182387264	-1.418033582	20.38785077	0.739005491488065	0.536136124644407
WDR36	0.083282507	0.290986623	0.182432241	1.417875931	23.75437331	0.738898406955885	0.536126975587352
PPP6R1	0.211325848	0.291070067	0.182525702	1.417548438	21.9059312	0.738675972572752	0.536002454145991
C4A	0.525217937	0.291090582	0.182579716	1.418437944	19.91364853	0.738547472796193	0.535971845580073
BBS4	-0.39663987	0.291245593	0.182728837	-1.416837126	19.04016293	0.738192909890391	0.53574063746897
VWA8	0.321965989	0.291245593	0.182759286	1.416730563	20.49593435	0.738120547305246	0.53574063746897
AACS	0.083259709	0.291495191	0.182957118	1.416038557	23.64743463	0.73765068949529	0.535368605705623
DIMT1	-0.1578479	0.291526435	0.183076573	-1.415621013	22.1530156	0.737367225702458	0.5353220582151
NAT14	0.186322441	0.291526435	0.183091835	1.415567682	20.64513701	0.737331022675425	0.5353220582151
PAFAH1B2	0.069052535	0.291526435	0.18310036	1.415537892	25.19654153	0.737310801815945	0.5353220582151
AFG1L	0.275742879	0.291773598	0.183296843	1.414851675	17.362369	0.73684501501316	0.53495400908984
PTMA	-0.234746562	0.292154248	0.183577273	-1.420897817	27.8926993	0.736181085779845	0.534387794551227
SPAG5	-0.136513706	0.29258371	0.183898006	-1.412755941	22.84935577	0.735422979777104	0.533749857479512
ZRANB2	-0.084117794	0.29258371	0.18392985	-1.412645088	24.44781276	0.735347783332404	0.533749857479512
RANGAP1	0.068247116	0.292755723	0.184079369	1.412124812	26.24885758	0.734994883041541	0.533494606270882
WDR83	0.307586614	0.292812136	0.184156233	1.411857488	18.70265543	0.734813577315748	0.533410927311025
ARFGEF3	0.207754538	0.293048887	0.184346558	1.411195967	16.93853672	0.734364966848545	0.533059923730157
ZFAND3	-0.262972382	0.293318241	0.184557463	-1.410463581	18.7063843	0.733868388429927	0.53266092808896
HSP90AB3P	-0.167065765	0.294034276	0.185049562	-1.408757447	21.55896348	0.732711938513793	0.531602040302149
ACTBL2	0.202874707	0.294257765	0.18523181	1.409189483	25.1724807	0.732284429526767	0.53127206798442
NTHL1	-0.937178255	0.294278109	0.185286217	-1.416979791	21.93305345	0.732156885610818	0.531242043350974
NDOR1	-0.383140415	0.294509677	0.185473651	-1.407604372	20.8012672	0.731717778976679	0.530900430592822
RPL28	-0.07375812	0.294695782	0.185661379	-1.406641532	26.80620678	0.731278428148211	0.530626080190911
TXNDC5	0.104022179	0.294695782	0.185674173	1.406597349	25.61542168	0.731248501772599	0.530626080190911
SYT9	-0.391874911	0.295067197	0.185949896	-1.405645749	19.73620046	0.730604060201695	0.530079068892933
POLR2L	-0.197115769	0.295305706	0.186141948	-1.404983619	20.63373106	0.730155745450431	0.529728161364172
UBIAD1	-0.217400296	0.295453737	0.186277024	-1.404518268	21.89585937	0.729840709061737	0.529510512544308
TRAPPC3	-0.185549214	0.295570838	0.186392636	-1.404120194	23.74815366	0.729571249748883	0.529338417098731
SMAP	0.125576134	0.295655012	0.186487512	1.403793671	23.35356297	0.729350245094303	0.529214754359807
NUP37	-0.144328052	0.295766888	0.18659989	-1.403407098	22.88493579	0.729088616604562	0.529050448201929
ACKR2	0.359427768	0.296092426	0.186847129	1.402557291	18.2380335	0.728513570915959	0.52857270165655
POLR2K	0.220858775	0.296217888	0.186968175	1.402141576	20.72176237	0.728232311100583	0.528388718856266
FAM118B	-0.385571775	0.296396958	0.187131995	-1.401579319	19.15652389	0.72785195240375	0.528126257948423
VCPIP1	0.155964297	0.296396958	0.187165	1.401466088	22.84558779	0.727775361409947	0.528126257948423
USP6NL	-0.309400042	0.296638418	0.187359408	-1.400799481	17.55996582	0.727324494510928	0.527772603661886
DNMT3B	-0.10853935	0.296679568	0.187427338	-1.400566689	24.46653396	0.727167062985968	0.527712362043123
KMT2A	-0.229719639	0.296745339	0.187520358	-1.400248035	19.77403438	0.726951576538304	0.527616093813902
GGA3	0.17371212	0.296745339	0.187552787	1.400136974	21.26814638	0.726876477928998	0.527616093813902
DDX42	-0.077408209	0.297041466	0.187823099	-1.399211855	25.78145092	0.726250998058486	0.527182920386599
LDHA	-0.058154779	0.297041466	0.187823929	-1.399209014	30.50727944	0.726249078892923	0.527182920386599
F10	-0.190032615	0.297407757	0.188097583	-1.398273592	18.76525645	0.725616784973315	0.526647708381775
SNX15	0.428017892	0.297489632	0.188202311	1.398246962	20.3063012	0.725375048026798	0.526528165544345
NUP205	-0.087811904	0.297489632	0.18825383	-1.397740009	25.35580675	0.725256179371908	0.526528165544345
SUCLA2	0.079526502	0.297489632	0.188275528	1.397665941	24.73031001	0.725206125789214	0.526528165544345
ATG16L1	-0.386943426	0.299100175	0.189337092	-1.394528379	21.00238409	0.722764297431232	0.524183332868006
AFAP1	0.096940648	0.299499092	0.189631953	1.393049664	23.74478933	0.722088482175296	0.523604489935729
THRAP3	-0.099506884	0.300064354	0.190032274	-1.391692531	26.2780562	0.721172634679766	0.522785593314189
COMP	-0.280724172	0.300340639	0.190249703	-1.391070549	21.93317653	0.72067601253669	0.522385899571462
ADD1	-0.176480967	0.300852407	0.190616411	-1.389716515	23.10389469	0.719839711777821	0.521646509541658
PDZD8	-0.205677856	0.301003102	0.19075444	-1.389250327	18.53742731	0.719525344617861	0.521429028743229
UBA6	0.092897705	0.301482054	0.191104906	1.388067905	25.9391262	0.718728163696535	0.520738534537879
GBF1	-0.07044343	0.301482054	0.191143202	-1.387938809	25.06278702	0.718641143035417	0.520738534537879
ACSS1	0.127477837	0.301650187	0.191292442	1.387435927	22.64875692	0.718302188689575	0.520496401118195
CEBPB	0.208696986	0.301935838	0.191516272	1.38668232	21.90819529	0.717794320705346	0.52008533572843
LARP1B	1.099006089	0.302091563	0.191913978	1.394063073	20.9091972	0.716893392397469	0.519861403802226
MRPL13	-0.333828016	0.302091563	0.191884374	-1.392154939	24.10124416	0.716960390360336	0.519861403802226
NFATC1	0.551710369	0.302091563	0.191912069	1.386053204	17.52251899	0.716897712417814	0.519861403802226
AK1	-0.093804597	0.302091563	0.191758251	-1.38586843	25.26943189	0.717245940095141	0.519861403802226
XRCC3	-0.371421153	0.302091563	0.191834444	-1.385612334	16.77453035	0.717073412305503	0.519861403802226
NACAD	0.233520074	0.302091563	0.191883457	1.38544764	21.41535549	0.716962465823716	0.519861403802226
GON7	-0.201794144	0.302091563	0.191910231	-1.385357688	22.62861443	0.716901871807499	0.519861403802226
HSPA13	0.165996768	0.302125144	0.191978021	1.38512998	21.75424589	0.716748489550653	0.519813129589207
MMGT1	0.16196779	0.302166903	0.192047271	1.384897439	22.52998658	0.716591859798268	0.51975310661393
GEMIN8	-0.182804475	0.302297523	0.192173022	-1.384475345	21.12734141	0.716307580345367	0.519565411379374
MANF	-0.116762484	0.303546302	0.193009791	-1.381672504	25.31106505	0.714420659544463	0.517775053618826
ZCCHC3	-0.548579612	0.303704146	0.193153089	-1.382211373	18.95315857	0.714098342010865	0.51754927929467
HDAC6	-0.203628663	0.303876359	0.193305572	-1.380684176	19.79221527	0.713755627326975	0.517303085886556
ISOC2	-0.245337441	0.304043144	0.193454649	-1.380186522	22.20729533	0.713420829081604	0.517064785234498
ACAT1	0.189178736	0.304152772	0.193567399	1.380825914	24.71144937	0.713167785594945	0.516908221092171
HIRA	-0.446451018	0.304242358	0.193667422	-1.379476792	17.45037384	0.712943428509406	0.516780321627437
ATR	-0.11829972	0.304988576	0.194185545	-1.377751229	23.2004238	0.711783101721445	0.515716427778065
KIAA1107	-0.256628428	0.305068455	0.194279529	-1.377438635	18.9455429	0.711572958076029	0.515602697397608
TEX30	-0.628938094	0.30514073	0.194454964	-1.377866175	18.09467844	0.71118096580893	0.515499819123738
SBK2	-0.38334754	0.30514073	0.194377592	-1.377112607	19.25887072	0.711353802329838	0.515499819123738
TMCO3	0.219079464	0.30514073	0.19443836	1.376910643	18.83941582	0.711218050660415	0.515499819123738
PRXL2B	-0.316788188	0.305145815	0.19450134	-1.37670138	19.53170392	0.711077402294052	0.51549258190883
MRPL30	-0.159824172	0.305281893	0.194636272	-1.376253234	20.94705137	0.710776222333166	0.515298953982991
DNAJB4	-0.278073096	0.305281893	0.194674388	-1.376126689	19.62013642	0.710691181925975	0.515298953982991
NACC1	-0.329241097	0.305547339	0.194973238	-1.375402202	21.26575519	0.710024995747973	0.514921494181591
BRD3	-0.306620814	0.305547339	0.194899809	-1.375378703	20.86342857	0.710188586486723	0.514921494181591
APMAP	-0.071166939	0.305547339	0.19496773	-1.375153467	26.9518943	0.710037264753811	0.514921494181591
OR11A1	0.175534005	0.305653686	0.195084307	1.374767038	21.87078261	0.70977766477985	0.514770362511833
JRKL	-0.189716428	0.306232141	0.195496798	-1.373401251	17.26829049	0.708860351425758	0.51394922929291
GNAI1	-0.405671613	0.306314038	0.195592382	-1.373085108	19.59693981	0.708648064271279	0.513833099549175
RAB2A	0.07327282	0.306443631	0.195718452	1.372668329	26.7764487	0.708368227872843	0.513649400418247
SLC35C1	0.218028479	0.306624916	0.195877579	1.372142579	18.21622701	0.708015272396511	0.513392557760663
CIB1	-0.231938635	0.306888196	0.19608915	-1.37144411	20.9961101	0.707546436038952	0.513019815741045
OXR1	-0.242984687	0.307286267	0.19638694	-1.370462059	20.52342411	0.706887396765584	0.512456848462759
EME1	0.522409403	0.307470828	0.196664558	1.370003031	17.67066502	0.706273899622639	0.512196082619031
VPS4B	0.095849371	0.307470828	0.196575958	1.369839356	24.7618812	0.706469599150954	0.512196082619031
XRCC6	-0.066416302	0.307470828	0.196641445	-1.369623729	28.27418396	0.706324943076312	0.512196082619031
TMEM129	-0.177376617	0.307470828	0.196678753	-1.369500916	18.67036152	0.706242553925377	0.512196082619031
MYOF	0.102409555	0.308332637	0.19727361	1.367545295	25.8354987	0.704931007996339	0.510980502783005
SLPI	0.153021687	0.308806485	0.197620435	1.366407343	22.54428557	0.704168149075968	0.510313587966669
U2SURP	-0.095930513	0.308857946	0.197697028	-1.366156261	26.07842868	0.703999859431406	0.51024122107208
MICOS13	0.157181072	0.309638297	0.198240295	1.364377668	21.97765711	0.702808064696942	0.509145329813524
ARAF	-1.142460522	0.310436396	0.198814876	-1.370900084	20.86735285	0.701551123344107	0.508027367132489
TIMM17A	-0.291474591	0.310436396	0.198839032	-1.362422141	19.77855802	0.701498359786115	0.508027367132489
COL4A2	-0.134114046	0.310692616	0.199047065	-1.361743827	21.08912935	0.70104422181614	0.507669068175863
NRM	0.218588011	0.310884313	0.199213824	1.361200515	20.6570895	0.700680527967507	0.507401191592764
PDAP1	0.085556815	0.311241185	0.199486504	1.360312915	24.94870829	0.700086480611772	0.50690293984824
SPCS1	-0.265749381	0.311291689	0.19956288	-1.360064486	20.42333151	0.699920237148758	0.506832474144409
HGH1	0.09006618	0.311374971	0.199660287	1.35974776	23.07150358	0.69970830894952	0.50671629990358
PEMT	0.296380442	0.311404492	0.199723237	1.359543141	19.86140885	0.699571403763305	0.506675127038476
RO60	0.086584742	0.31210387	0.200215912	1.357943549	24.2775906	0.698501410277351	0.50570084617214
EIF4E	0.096167314	0.312696892	0.200640542	1.356567488	24.29401182	0.697581307667105	0.504876435335121
EMC6	-0.295183613	0.312698501	0.200693477	-1.356396115	19.75204658	0.697466742853535	0.504874200653417
PIKFYVE	-0.323857367	0.312698501	0.200729982	-1.356277955	17.97523209	0.697387754345265	0.504874200653417
NCL	0.071094502	0.31314853	0.201063136	1.355200413	29.83089421	0.696667547997767	0.504249622648245
SUPV3L1	-0.1731125	0.313249142	0.201188811	-1.354794317	22.19905291	0.696396175982311	0.504110109879465
PCGF6	-0.190255517	0.313249142	0.201254177	-1.354583181	19.05974335	0.696255097150277	0.504110109879465
CEP95	-0.232532665	0.313249142	0.201260581	-1.354562501	20.66138167	0.696241277921009	0.504110109879465
SAC3D1	0.212841888	0.313275109	0.201323308	1.354359947	19.60489026	0.696105942201269	0.504074110236036
SLC25A33	0.293581147	0.313275109	0.201365835	1.354222651	20.54095828	0.696014212678277	0.504074110236036
PIK3AP1	-0.196134433	0.313341195	0.201452609	-1.353942584	17.98658267	0.69582710371881	0.503982504623305
DBI	0.074622998	0.31408175	0.201973124	1.352264676	26.50753019	0.694706417063515	0.502957297936294
NR2C1	0.261487775	0.314190595	0.202087533	1.351896352	18.87177816	0.694460477757883	0.502806819298385
MOCS3	0.491282341	0.314272061	0.202208887	1.358165919	22.45658232	0.694199761256165	0.502694226341196
DPY30	-0.144295833	0.314272061	0.202228784	-1.351441848	23.36213649	0.694157029542811	0.502694226341196
CSNK1G1	-0.328731477	0.314418804	0.202367658	-1.350995251	20.85715579	0.693858894374097	0.502491488621076
ARMC10	-0.215976924	0.314959527	0.202760205	-1.349734247	20.95722422	0.693017278356489	0.501745250432217
GEMIN6	-0.158277059	0.315056664	0.202867275	-1.349390646	21.01728952	0.692788004386898	0.501611329863109
TRUB1	-0.177950751	0.315303815	0.20307099	-1.348737318	21.59598342	0.692352113930461	0.501270774499717
THOP1	-0.077860594	0.315405476	0.203181051	-1.348384566	25.57157349	0.692116797519376	0.501130770817078
TTC27	-0.163732347	0.315602626	0.203352668	-1.347834843	23.32019094	0.691750125250657	0.500859391861335
PSMD8	-0.082205463	0.316278322	0.20383275	-1.346299071	25.17316914	0.69072603621969	0.499930573997698
AMBRA1	-0.426133464	0.316392591	0.203951119	-1.34620529	20.03824802	0.690473907536433	0.499773694976797
TOMM20	0.192855284	0.316486739	0.204056547	1.345584166	21.81321376	0.690249466657142	0.499644482486372
CABIN1	0.37860971	0.31693432	0.204391979	1.344513861	18.54946199	0.689536151318097	0.499030729634002
NT5C3B	0.164954907	0.31693432	0.204469936	1.34426532	20.80902382	0.689370538948278	0.499030729634002
ICMT	0.146764382	0.31693432	0.204479536	1.34423472	21.93441774	0.689350149011073	0.499030729634002
WDR7	0.237506884	0.317124431	0.204647021	1.343701034	19.21744961	0.688994572898399	0.498770299001689
CEP44	-0.245482642	0.317545216	0.204963451	-1.34269372	21.27609759	0.688323575257275	0.498194425769977
ZER1	-0.192562193	0.317670464	0.205089201	-1.342293768	18.42562898	0.688057206865094	0.498023162629954
DYRK1B	-0.209544712	0.317857723	0.20525503	-1.341766651	19.28915593	0.687706191214724	0.497767232037405
CBX3	-0.104825277	0.318400298	0.205650405	-1.340511292	25.04099748	0.68687043087111	0.497026534465477
GPATCH1	0.485613166	0.318402552	0.205741881	1.340502885	18.24108499	0.686677293935717	0.49702346004531
CDK5	-0.133906765	0.318402552	0.205699166	-1.340356608	22.45357033	0.686767469133337	0.49702346004531
UBQLN2	-0.077691103	0.318666323	0.205957369	-1.339538016	24.74905388	0.686222664699144	0.496663830809517
MTMR9	-0.186417413	0.31867909	0.20601067	-1.339369138	21.13434638	0.686110285445815	0.496646431648754
RRN3	-1.540241466	0.31874723	0.206099778	-1.347167784	19.86601988	0.685922476020044	0.496553580678591
L1CAM	0.226059222	0.318846913	0.206254379	1.345116858	29.09624295	0.685596822146048	0.496417783392284
CRKL	0.077096124	0.318846913	0.206211269	1.338733888	25.38657232	0.685687605149548	0.496417783392284
GJA1	0.719717665	0.318952161	0.206433591	1.341565617	19.03997806	0.685219632631252	0.496274451023488
METTL7B	-0.114553481	0.318952161	0.206420999	-1.338070266	22.10346635	0.685246124457916	0.496274451023488
FDX1	-0.22890037	0.318952161	0.206457725	-1.337954117	21.60421744	0.685168862548995	0.496274451023488
ARL2	-0.353936512	0.319105318	0.206601973	-1.338445614	21.93457102	0.684865535386963	0.496065958079101
CD109	0.276619844	0.319115371	0.206653593	1.337334947	17.17706584	0.684757039419252	0.496052276409101
HADHB	0.054033396	0.319482923	0.206936776	1.336440612	26.97752897	0.684162321346949	0.495552350792204
CKS1B	0.167379643	0.31950516	0.206996346	1.336252611	23.36588133	0.68403732085247	0.495522123604389
BRD4	0.150079397	0.320199276	0.207491304	1.334692242	23.2325192	0.683000099934795	0.494579654395359
RNF40	-0.151223048	0.320625874	0.207813067	-1.333679514	23.04160718	0.68232714808021	0.494001433691134
SMG9	-0.155282525	0.321129013	0.208184571	-1.332511829	20.10217354	0.681551460117787	0.493320455515426
BABAM1	0.423522325	0.321580192	0.208522525	1.337893541	23.03145154	0.680847024839746	0.4927107098304
NFIA	-1.140121553	0.321658715	0.208618912	-1.339123744	19.15932646	0.680646323881945	0.49260467735817
ANXA6	-0.070937867	0.322168216	0.209027093	-1.329869999	26.33481881	0.679797419258231	0.49191730779234
DKK3	0.293182615	0.322168216	0.209040446	1.329828201	18.44954182	0.679769676687101	0.49191730779234
DDX52	0.165729477	0.322957361	0.20959814	1.328084375	22.9349361	0.678612575654535	0.490854812358642
B4GALT4	0.384473603	0.323567856	0.21004009	1.326705167	19.66070711	0.67769780429426	0.490034628763137
POLR2C	-0.175174223	0.323832729	0.210257807	-1.326026604	21.65166987	0.677247869612937	0.489679260259034
CWC22	0.289407255	0.324196568	0.210539869	1.325148348	20.73379821	0.676665651623211	0.489191586978408
RANBP9	-0.176453064	0.325095514	0.211169619	-1.323190975	21.04765337	0.675368563646474	0.487989023301436
PREPL	-0.532422699	0.325106058	0.211222426	-1.323952078	19.08801646	0.675259973586141	0.487974937820211
N6AMT1	0.486742046	0.325334662	0.211416941	1.323107895	19.52600794	0.674860215287657	0.487669663390809
ITPA	-0.153521262	0.32537813	0.211491185	-1.322193335	24.0014658	0.674707729403072	0.487611641133372
DUS1L	0.3280628	0.325380439	0.211538682	1.322046084	19.97182166	0.674610205862997	0.48760855923478
ELOVL1	0.127145372	0.325404122	0.211636459	1.321743038	21.32572959	0.674409513486728	0.487576950014661
TSPAN9	-0.172893478	0.325404122	0.211646079	-1.321713229	18.90881775	0.674389772946821	0.487576950014661
PSMC6	-0.076635383	0.32570292	0.211886463	-1.320968708	26.94045505	0.673896788603966	0.487178347869875
SNX7	0.266733903	0.325724483	0.211946536	1.320782757	21.31749653	0.673773677035741	0.487149596571193
TMTC4	-0.124627439	0.325903964	0.212109394	-1.320278861	23.15312231	0.673440096820456	0.486910357138855
PGS1	-1.00515664	0.326111982	0.212290879	-1.327541777	19.19031938	0.673068664736799	0.486633244061619
NCOA2	-0.120324628	0.326671755	0.212701456	-1.31844963	22.83197985	0.672229537221853	0.485888414278561
RABL6	-0.085706877	0.326710534	0.212772891	-1.318229208	23.41683523	0.672083705508026	0.485836862511649
TTC26	-0.663678818	0.32705544	0.213043747	-1.319489016	18.18789718	0.671531208157957	0.485378622736471
SCARB1	0.165267355	0.327472161	0.213361491	1.316415295	21.88804459	0.670883962396874	0.484825614261442
GMFB	0.083550962	0.327817938	0.213633121	1.315579582	26.35347609	0.670331414787526	0.484367285782999
MLST8	1.00300859	0.32813554	0.213886482	1.322141626	18.43624091	0.669816662732468	0.483946729108033
NUDCD1	0.075840329	0.329413007	0.214765732	1.312104244	25.3515371	0.668035013431328	0.482259256542097
GALC	0.402654928	0.329444158	0.214832613	1.311899493	17.54124714	0.667899789216352	0.482218189348373
MRPL4	0.149399017	0.329529456	0.214934819	1.311586697	23.14600218	0.667693223993633	0.482105758592005
CYB5B	0.211611833	0.329644637	0.215056545	1.31121432	21.0089998	0.667447335652879	0.48195398541475
SLC25A19	0.285230867	0.32988451	0.215272748	1.310553346	20.75339107	0.667010945291829	0.481638076632478
AP5B1	0.315877416	0.32988451	0.215306302	1.310450814	17.47154927	0.666943258222171	0.481638076632478
GSTCD	-0.130054275	0.329888972	0.215355849	-1.310299437	20.72804675	0.666843328433868	0.481632202428585
MORC3	-0.25435905	0.330009737	0.215481336	-1.309916167	21.07830023	0.666590340460271	0.481473245991855
RNASEH1	-0.32380106	0.330208148	0.215657569	-1.309378217	18.62780773	0.666235294683588	0.481212214574801
MAP3K7	-0.14390326	0.330428178	0.215873259	-1.30872031	21.26539497	0.665801151959479	0.480922924341655
MGRN1	0.259616786	0.330428178	0.21589469	1.308654971	19.1520148	0.665758039148207	0.480922924341655
RPL8	-0.102566753	0.33065751	0.216133532	-1.30792713	27.94956726	0.665277849346096	0.480621609011655
ELP1	-0.097658221	0.33065751	0.216138016	-1.307913471	23.70302458	0.665268839377867	0.480621609011655
STK36	-1.441174241	0.330772192	0.216410736	-1.314742879	19.0634234	0.66472119795594	0.480471008698055
VPS13B	-0.568808051	0.330772192	0.216446773	-1.307874038	18.54235339	0.66464888468908	0.480471008698055
GTF2E1	-0.232259183	0.330772192	0.21628744	-1.307725243	22.82616457	0.664968699687447	0.480471008698055
STARD7	-0.135551082	0.330772192	0.216394115	-1.307133783	22.46228216	0.664754554368515	0.480471008698055
NNT	0.097011781	0.330772192	0.216420472	1.307053583	25.0871942	0.664701660126882	0.480471008698055
NPR1	-0.28891262	0.330879584	0.216563822	-1.307517469	22.59010451	0.66441409257712	0.480330028940721
CTSA	-0.129604679	0.33136376	0.216927562	-1.305512127	23.53155794	0.663685264656877	0.479694990462974
SMU1	-0.087254043	0.331509109	0.217069578	-1.305080951	24.69130168	0.663401038049562	0.479504533823054
MED12	-0.30072235	0.331625083	0.217192396	-1.304973799	21.65432649	0.663155383655237	0.479352628313233
AEBP1	0.198042911	0.33168467	0.2172827	1.304434323	18.8080376	0.662974850732547	0.479274600498187
USP5	0.107309683	0.33168467	0.217325197	1.304305443	26.12284012	0.662889918025232	0.479274600498187
GOLGA4	-0.240117158	0.331935084	0.217536196	-1.303930953	22.54154945	0.662468470133774	0.478946842251397
TRRAP	-0.14141823	0.332059995	0.217664998	-1.303275691	22.96504388	0.662211402826686	0.478783442972141
TMED5	-0.096548989	0.333001684	0.218329348	-1.301266182	24.47141292	0.660887882166377	0.477553570247259
TRMT1L	-0.178353554	0.333965787	0.219008663	-1.299216545	22.22260728	0.659538706079124	0.476298022045235
UNC13B	0.739083016	0.334220366	0.219222858	1.302096807	17.73671835	0.659114164668927	0.475967089535599
DNAJC7	-0.094758527	0.334257407	0.219294405	-1.298355946	24.80049035	0.658972448617158	0.475918960180905
TANK	0.224227847	0.334527709	0.219519031	1.297680058	18.04925589	0.65852782303002	0.475567903703627
CLCC1	-0.244752591	0.334670085	0.219659769	-1.297519103	22.39436378	0.658249477450104	0.475383105987189
CAP2	-0.418267754	0.334728584	0.219745483	-1.297261363	19.86376677	0.658080043345597	0.475307199672647
MRPL1	0.073867399	0.335390882	0.220227686	1.295551422	23.50492056	0.657128084450546	0.474448748381432
MIF	-0.173930386	0.335674041	0.220461068	-1.297434731	28.48340064	0.656668093024257	0.474082243161789
SFSWAP	-0.262324956	0.335735018	0.220548576	-1.294589371	20.45452046	0.656495741954215	0.474003358391496
MCOLN1	-0.268567397	0.335961534	0.22074487	-1.29400143	19.65978661	0.656109380418933	0.473710444419259
CREG1	0.273133104	0.336165314	0.220926286	1.293458429	20.12970588	0.655752608322365	0.47344709968754
AXIN1	-0.195302515	0.336879932	0.221443551	-1.29191217	16.69309225	0.654736962956085	0.472524859251137
PATJ	-0.136333905	0.336972897	0.221552296	-1.291587472	20.91110446	0.654523744910349	0.472405028377009
TTC41P	-0.220299199	0.337470182	0.221926956	-1.290469778	19.63256917	0.65378994368485	0.471764594284659
FAM219A	0.299672046	0.337595381	0.222057013	1.290082148	17.833795	0.653535506394352	0.47160350404856
RPTOR	0.248065645	0.337710959	0.222194722	1.28967191	20.66149381	0.653266261477508	0.471454845920696
NAA35	0.089987689	0.337710959	0.222228515	1.289571271	23.04289518	0.653200215815475	0.471454845920696
PGAM5	0.112063939	0.337904408	0.22240358	1.289050113	23.9818077	0.652858226254856	0.471206142769082
TMX1	-0.073164348	0.338819958	0.223054078	-1.287116522	25.18953878	0.65158983233401	0.470031015714461
TRIM33	-0.442944615	0.33904592	0.223250763	-1.293930248	23.66291398	0.651207048156668	0.469741477454639
DIP2B	-0.092388995	0.339221409	0.22341427	-1.286047823	23.60123917	0.650889090914538	0.469516746282204
CSNK2A2	0.08665904	0.339379184	0.223566157	1.285597588	23.79580395	0.650593938444643	0.469314798880967
MRPL17	-0.123356761	0.339415535	0.223638085	-1.285384463	24.05472305	0.650454235235998	0.46926828396774
NLE1	-0.149406616	0.340157785	0.224205445	-1.283705278	21.54192681	0.649353844440693	0.468319585136011
MRPS27	-0.130670147	0.340157785	0.224223318	-1.283652437	23.96561448	0.649319225139169	0.468319585136011
PTPA	-0.098802316	0.340764617	0.224717099	-1.282193913	24.0120191	0.64836388032314	0.467545506157147
PPL	-0.086121693	0.340764617	0.22473156	-1.282151237	27.73322547	0.648335933493712	0.467545506157147
NDC1	-0.133856465	0.340764617	0.22476784	-1.282044181	23.01756694	0.648265827932558	0.467545506157147
PPAN	0.13994993	0.340772715	0.224821354	1.281886297	21.65026091	0.648162440950288	0.467535185616952
E4F1	-0.17136248	0.340849451	0.224920163	-1.281594857	18.5921266	0.647971610428619	0.46743740117517
ZBTB11	-0.246119294	0.34086465	0.224978379	-1.281423198	17.43181966	0.647859216698302	0.467418035749629
RBM3	0.138797246	0.341529829	0.225465691	1.279987668	24.28921617	0.646919535129705	0.466571359319602
TBC1D1	0.180477124	0.341574182	0.225543258	1.279759404	22.62426598	0.646770150420223	0.46651496303771
CIAO2B	-0.137130594	0.342082314	0.225927137	-1.278630648	23.40234212	0.64603160112245	0.465869378696433
TERF2IP	0.277546106	0.342287776	0.226111221	1.278343759	21.99360863	0.645677884813153	0.465608610387515
ZNF280C	-0.580773559	0.342483013	0.226288606	-1.279527826	19.56551172	0.645337312929511	0.465360964444017
POU2F1	-0.431608995	0.342559718	0.226436138	-1.277992462	20.42761874	0.645054260869197	0.465263707566843
AMDHD2	-0.184408721	0.342559718	0.226425966	-1.27716621	18.65480239	0.645073770752809	0.465263707566843
HTATIP2	0.219498606	0.342610577	0.226566621	1.277143844	23.15218218	0.644804072333593	0.465199233717767
ACBD7	-0.291272713	0.342610577	0.226563677	-1.276762382	20.68833712	0.644809715579964	0.465199233717767
INPP1	-0.324148106	0.342811667	0.226748062	-1.283490324	26.39489521	0.644456416136898	0.46494440603852
NFIL3	-0.374499306	0.342962475	0.226944776	-1.277716305	22.15743618	0.644079809750765	0.464753395385678
PRMT5	-0.081705669	0.342962475	0.22689875	-1.275780637	25.79842388	0.644167896665076	0.464753395385678
GSPT1	0.076932202	0.343653613	0.227450695	1.274166016	25.76404205	0.643112731798617	0.46387908577874
RIPK1	-0.670786138	0.343857977	0.227634564	-1.280864937	22.31584916	0.642761794057352	0.463620896211016
SRGAP2	0.1250177	0.344317629	0.227987528	1.272598633	23.15660496	0.642088910319416	0.463040740927564
CRAT	0.347877296	0.344354919	0.228060898	1.272384645	18.9440251	0.641949169955913	0.46299370887643
ARFGAP3	-0.164557922	0.34493245	0.228492149	-1.27122154	23.99694987	0.64112871771472	0.462265946853211
TRIM47	-0.178666662	0.345276838	0.22876909	-1.271168203	24.91243921	0.64060265535666	0.46183255419088
USP36	-0.683321665	0.345839996	0.229191109	-1.271503462	17.85375757	0.63980223394345	0.461124782497473
ASXL1	-0.669664411	0.345841312	0.229326606	-1.270747839	16.95658709	0.639545556396641	0.46112312991114
CHAMP1	-0.156182636	0.345841312	0.229313103	-1.268741084	22.36821453	0.639571128880993	0.46112312991114
PSMD13	-0.076301045	0.345841312	0.229349258	-1.268636122	26.60993398	0.639502660576807	0.46112312991114
PPP6C	0.115652862	0.345841312	0.229387537	1.268525007	24.49916082	0.63943018172317	0.46112312991114
DHH	-0.151415475	0.346350076	0.229773948	-1.267404193	21.59333528	0.638699213599118	0.460484712729389
IL6ST	0.316811847	0.347631522	0.230673221	1.264801646	17.89976651	0.637002820073489	0.458880850146366
FIS1	0.526640183	0.348432577	0.231255727	1.26395597	18.77915316	0.6359075032432	0.457881247034276
OSBPL2	0.098480082	0.348432577	0.231322372	1.262928036	22.48223501	0.635782363051698	0.457881247034276
NEK7	0.20793643	0.348432577	0.231388472	1.262737492	21.47134037	0.635658281821179	0.457881247034276
TRIM59	-0.317023804	0.348432577	0.231426261	-1.262628578	19.60347492	0.635587361199846	0.457881247034276
TRAPPC13	0.301203329	0.348432577	0.231451043	1.262557162	18.90408605	0.635540857792711	0.457881247034276
ABL1	0.124821236	0.349057408	0.231915439	1.261219991	22.07658427	0.634670338687079	0.457103140584442
ACAD8	0.151080123	0.349081319	0.231980673	1.261032331	20.13545368	0.634548195967248	0.457073391725199
SH3GL1	-0.091154885	0.349154391	0.232094122	-1.26070607	24.09891317	0.634335858317413	0.456982491858454
FAM111B	0.103812299	0.349154391	0.232127948	1.260608817	23.61127334	0.63427256772388	0.456982491858454
PITPNA	-0.127586354	0.350152176	0.232871459	-1.258474015	23.36691966	0.632883735846436	0.455743170410217
HNRNPUL2	0.074534969	0.350152176	0.232890301	1.258419986	26.12769814	0.63284859781092	0.455743170410217
SPART	-0.172993868	0.350267426	0.23301647	-1.258058292	21.6662822	0.632613381217226	0.455600249111761
DNAAF2	-0.185661834	0.351386849	0.233810842	-1.255784631	20.22255407	0.631135354116866	0.454214496436648
RIPK2	0.293744215	0.351447186	0.233900671	1.25552791	20.84933781	0.6309685323115	0.454139929682865
NDUFAF2	0.135235553	0.351691725	0.234144223	1.254832271	21.72896451	0.630516553022507	0.453837850133773
IQGAP3	-0.143667215	0.351691725	0.234162854	-1.254779081	22.72314763	0.630481997317953	0.453837850133773
CTSH	-0.23444486	0.351826373	0.234302239	-1.25438125	17.83948502	0.630223561250673	0.453671608826607
NHSL1	0.192997758	0.352235455	0.234624465	1.253462288	19.08910094	0.629626704664951	0.453166931344678
DISC1	-0.474245946	0.352239613	0.234677028	-1.253687179	18.25810032	0.629529420418946	0.453161804700634
NEK4	-0.198634067	0.352585389	0.234957241	-1.252514298	17.66988569	0.62901116618525	0.452735688656522
RPS4X	-0.05905925	0.352678674	0.23506926	-1.252195428	28.85655134	0.628804159838221	0.452620800735512
GOLT1B	0.211255534	0.353447349	0.235631566	1.250596625	21.68120501	0.627766530432785	0.451675271377103
TBC1D8B	-0.188505815	0.353813807	0.235927763	-1.249755676	19.31123272	0.627220950134982	0.451225223470071
TUT4	-0.326724729	0.353813807	0.235975904	-1.249619078	20.3473281	0.627132341496449	0.451225223470071
OTUD7B	0.14578257	0.353858709	0.236055873	1.249392215	21.26341356	0.626985189980607	0.451170111280713
RBBP7	0.057749115	0.35388327	0.23615071	1.249123254	25.07319453	0.626810744355252	0.451139968355493
AGO3	-0.436776602	0.35388327	0.236222335	-1.249010201	17.18539177	0.626679041910187	0.451139968355493
RPLP1	0.222761083	0.35388327	0.236192065	1.249005998	21.19204947	0.626734696835123	0.451139968355493
POT1	-0.257980697	0.354342806	0.236624911	-1.247779701	17.05978732	0.625939536376129	0.450576380021748
RAB5B	-0.10009316	0.354342806	0.236629265	-1.247767377	24.99070815	0.625931545244639	0.450576380021748
MON1B	0.187041767	0.354424936	0.236734213	1.247470323	18.3187623	0.625738972981877	0.450475730390438
YIF1A	-0.131999889	0.354599892	0.2369012	-1.246997886	21.81746166	0.625432739395182	0.450261401007552
MYL6B	0.495922724	0.355458827	0.237525286	1.247087156	20.44842174	0.624290150309761	0.449210696600203
VPS29	0.065591762	0.355617992	0.237681915	1.244792633	24.54176915	0.624003862085483	0.449016274617881
CAPN6	0.257753248	0.355835231	0.237877412	1.244241329	19.36574892	0.623646795077053	0.448751054927151
SMG7	-0.156048402	0.356071839	0.23808592	-1.243653731	22.89488242	0.623266287279341	0.448462372437854
JMJD7	-0.278156636	0.356164371	0.238198139	-1.243337656	17.77052129	0.623061635906088	0.44834952746687
LPIN3	0.28039271	0.356422111	0.238420898	1.242710591	21.09770774	0.622655680608342	0.448035361909497
CRELD1	-0.392962304	0.356634124	0.238695582	-1.242496125	20.45912758	0.622155619245351	0.447777104357889
ERGIC1	-0.070781657	0.356634124	0.238713032	-1.241888942	24.12967445	0.622123871017563	0.447777104357889
TRIM13	0.335496179	0.356634124	0.238788982	1.241675457	16.76616303	0.621985715930415	0.447777104357889
NUP188	-0.185522294	0.356634124	0.238814015	-1.241605107	22.89960411	0.621940189860254	0.447777104357889
KIF1C	0.186187258	0.356634124	0.238814793	1.241602919	21.00937269	0.621938775033085	0.447777104357889
EXOSC1	-0.213643498	0.35718968	0.239237306	-1.240416394	19.546446	0.621171096729424	0.447101097330521
NUB1	0.68624337	0.357359871	0.239401813	1.243012846	18.37443463	0.620872564986775	0.446894217308096
ERGIC3	0.104552322	0.357429786	0.239499178	1.23968183	26.10478676	0.620695972815918	0.446809258891303
DIS3	-0.387174631	0.357533305	0.239619084	-1.246165155	23.83827151	0.620478596358519	0.446683496509015
MED15	0.113232599	0.357547737	0.239699487	1.239120386	21.94768901	0.620332895433629	0.446665966361813
GAN	-0.220120316	0.357547737	0.239729844	-1.239035331	18.00408734	0.620277897223247	0.446665966361813
UBE4A	0.128261482	0.357816041	0.239960319	1.238389864	23.05746546	0.619860569388993	0.44634019378087
METTL3	0.071351355	0.35788962	0.240060256	1.238110136	23.78382031	0.619679735105942	0.446250897424734
PRUNE1	0.107856932	0.358331771	0.24040749	1.237138928	22.79664857	0.619052005824886	0.445714683996107
XPO5	0.087644381	0.358681976	0.240693149	1.236340785	25.05607069	0.61853627114516	0.445290446352783
LGALS3BP	-0.128641493	0.358795186	0.240819839	-1.23598705	25.32316761	0.618307738289129	0.445153392572375
U2AF2	-0.099913829	0.358823633	0.240940394	-1.235650583	25.88975468	0.618090383809567	0.445118960991692
USP15	0.093271795	0.358823633	0.240965674	1.235580042	24.23595422	0.618044819060577	0.445118960991692
CYC1	-0.082526196	0.358823633	0.240991106	-1.235509088	25.26938839	0.617998985169521	0.445118960991692
CRNKL1	-0.107273694	0.359752837	0.241666028	-1.233628177	22.92352291	0.616784395885671	0.443995772544694
CAMKMT	-0.196059909	0.360230896	0.242072186	-1.232498291	19.03330663	0.616055107958747	0.443419041691705
NOP58	0.124851631	0.360230896	0.2421271	1.232345642	24.60256127	0.615956599563666	0.443419041691705
ANKZF1	-0.152348702	0.360230896	0.242139937	-1.232309963	22.14646697	0.615933574918834	0.443419041691705
KIF1B	-0.102502778	0.360351991	0.242272274	-1.231942223	28.20931436	0.615696284326333	0.443273074054311
NUDT10	-0.273655657	0.360631151	0.242510939	-1.231279424	18.94938243	0.615268666792895	0.442936762019912
ANXA7	0.063842909	0.360637814	0.242566401	1.231125475	25.94804257	0.61516935545149	0.442928738094654
DVL1	-0.196618475	0.360713686	0.242714276	-1.230715144	18.91689949	0.614904678527216	0.442837379607003
TEX2	-0.217093648	0.360713686	0.242719416	-1.230700887	19.02937796	0.614895481499181	0.442837379607003
SRPRB	-0.106527169	0.360753321	0.242812497	-1.230442707	24.03267372	0.614728964884792	0.44278966221552
OXCT1	0.075297277	0.360753321	0.242848079	1.230344034	24.23575875	0.614665327574925	0.44278966221552
LNPK	0.27942256	0.361326873	0.243285255	1.229132634	20.8685704	0.613884211933087	0.442099737403456
MRPL10	0.232451776	0.361520721	0.243466881	1.228809172	22.28125313	0.613560107866984	0.441866805539409
DDOST	-0.079452712	0.361675846	0.243662879	-1.228087645	26.13964728	0.61321062868732	0.441680494000852
OLA1	0.075881216	0.361675846	0.243673605	1.228057981	27.26644157	0.613191511536166	0.441680494000852
TEP1	-0.172561077	0.362156062	0.244048339	-1.227022299	17.66077298	0.61252414381811	0.441104240903372
HMGCL	-0.400341457	0.362223693	0.244196323	-1.233012526	23.45951141	0.612260879755725	0.441023145952863
STAR	-0.432931911	0.362223693	0.244175109	-1.226880066	17.66335968	0.612298609739673	0.441023145952863
DTNBP1	-0.554619612	0.362441339	0.244394287	-1.22748386	19.29655034	0.6119089504482	0.440762273810627
APBB1	0.146963304	0.362717302	0.244631644	1.225412686	21.18585414	0.611487366082623	0.44043172761806
ATG4B	0.149657279	0.362786695	0.24472973	1.22514232	22.36612682	0.611313268937299	0.440348648828145
REL	-0.145163064	0.362918988	0.244870276	-1.224755066	19.67623055	0.611063929259268	0.440190308823714
FRK	0.400028757	0.364088452	0.24571081	1.222442781	18.17729265	0.609575736397102	0.438793095612092
MIPEP	-0.254401625	0.364304827	0.245917244	-1.221875848	19.30190034	0.609211016964934	0.438535074364518
PROSER1	-0.273985101	0.364304827	0.245959833	-1.221758933	19.04639017	0.609135810501365	0.438535074364518
DCAKD	0.180150327	0.364686815	0.246269284	1.220909905	20.66246729	0.608589752274481	0.438079938019522
OTUB1	0.08564612	0.364929023	0.246508473	1.220254233	26.26634013	0.6081681485413	0.437791595589825
MAPKAPK5	-0.17559171	0.364929023	0.246536019	-1.220178755	17.03688966	0.60811962117306	0.437791595589825
NEDD4L	0.166926986	0.365060332	0.246687356	1.219764204	18.73402175	0.607853109773148	0.437635355572492
OXNAD1	-0.165323815	0.365060332	0.24672794	-1.219653069	22.39637314	0.607781667288749	0.437635355572492
PGGHG	-0.371058616	0.36579288	0.247274746	-1.218157099	17.43126162	0.606820235571122	0.436764752131349
MECP2	-0.348594669	0.365975147	0.247449693	-1.217679026	19.63733485	0.60651308066264	0.436548406100778
TAF4	-0.199432162	0.36600845	0.24752395	-1.217476186	19.20732758	0.606382773095598	0.436508887977147
UBTD2	-0.159641457	0.366107184	0.247642476	-1.217152524	19.66733231	0.606174862437515	0.436391749018096
VDAC1	-0.143372331	0.366660305	0.24806845	-1.21676028	27.27684998	0.605428466933735	0.435736104636065
GNG2	-0.766848058	0.366843798	0.248244453	-1.220544749	18.73382167	0.605120446995343	0.435518818873916
SPRYD4	0.144765271	0.366937392	0.24835966	1.215196701	21.83354268	0.604918943367144	0.435408030103329
DDX55	-0.274150881	0.367331189	0.248718612	-1.214219487	20.58064972	0.604291714583483	0.434942195434891
CREB1	-0.103914375	0.367331189	0.248730053	-1.214188358	22.84795968	0.60427173759483	0.434942195434891
HABP4	-0.511473568	0.367384802	0.24881829	-1.21471552	18.07586532	0.604117698924455	0.434878813582897
UQCC3	-0.190032077	0.367498727	0.248947399	-1.213597218	19.76998612	0.603892406869335	0.434744160954842
BAG2	0.103846713	0.368399855	0.24960991	1.21179783	24.46373613	0.602738176309811	0.43368054941089
PLK2	0.092613702	0.369059819	0.250125154	1.210401035	23.77719924	0.60184263096411	0.432903235585944
RRP9	-0.16038594	0.369059819	0.250161412	-1.210302825	21.8603721	0.601779680445656	0.432903235585944
MAP2K5	0.177664106	0.369526732	0.250540303	1.209277242	17.74644002	0.601122401682585	0.432354138757233
POLR3B	-0.273905313	0.369526732	0.250582377	-1.209163434	19.53203083	0.601049475404036	0.432354138757233
AATF	0.384056791	0.369948513	0.250920691	1.210414752	21.92507511	0.600463525147641	0.431858713976012
RABEP2	-0.143741673	0.370002017	0.251057742	-1.207878618	20.74631917	0.600226381515144	0.431795908447647
UBLCP1	-0.142140016	0.370002017	0.251061589	-1.207868226	23.24408396	0.60021972679875	0.431795908447647
CASC3	-0.27927813	0.371296953	0.251992744	-1.205357094	16.71814314	0.598611964322144	0.430278614740219
SMAP1	-0.279267024	0.371940273	0.25257909	-1.203862774	21.26845003	0.597602605773958	0.429526794497374
SMUG1	0.415907732	0.371940273	0.25258709	1.203841268	17.65997476	0.597588850475234	0.429526794497374
PSMD4	-0.076381065	0.371940273	0.252576905	-1.203785468	25.50385333	0.597606362765668	0.429526794497374
SCPEP1	-0.118913817	0.373423039	0.253646834	-1.20091436	23.70686327	0.595770554142598	0.427798890988167
ITCH	-0.08543932	0.373974082	0.254073995	-1.199770759	22.73861527	0.595039783615335	0.427158495217752
MROH1	0.262704937	0.374799126	0.254740973	1.197988143	18.69839239	0.593901196706221	0.426201430521238
VPS51	0.172144539	0.374799126	0.254792147	1.197851524	21.98976825	0.593813961607974	0.426201430521238
MRPL14	-0.145944411	0.374799126	0.254793469	-1.197847995	21.84379166	0.593811708258244	0.426201430521238
MRPL47	-0.174814969	0.37568613	0.255491035	-1.195987857	23.00151749	0.592624334348598	0.425174838409218
TFG	0.053951373	0.37568613	0.255502682	1.195956833	26.62375628	0.592604536735972	0.425174838409218
URGCP	-0.240377915	0.375946305	0.255732771	-1.195344174	17.68267912	0.59221361553046	0.424874179294256
LENG1	-0.391482204	0.375989303	0.25581517	-1.19586691	20.61878743	0.592073705158604	0.424824510695098
CDCA5	-0.285255581	0.376255208	0.256049275	-1.194502125	18.75877531	0.591676449526696	0.424517479996085
SLC44A1	0.250700837	0.376321182	0.256147369	1.194241314	18.46167555	0.59151010059049	0.424441335847523
COPG2	-0.081154401	0.376937603	0.256620229	-1.19298519	27.05437512	0.590709111808334	0.423730535511915
TYK2	-0.620097358	0.377065039	0.256795527	-1.194310695	18.0782369	0.590412545307764	0.423583732970279
OGFRL1	0.48023356	0.377065039	0.256813593	1.193210591	18.89913947	0.590381993030525	0.423583732970279
TANC2	-0.139369795	0.377856266	0.257405901	-1.190902114	21.43338472	0.5893815011676	0.422673371470131
CEND1	0.382106783	0.377856833	0.257493185	1.190752267	19.23827058	0.589234260821085	0.422672719781093
TAX1BP1	-0.304954669	0.377856833	0.257513117	-1.190618236	19.80389252	0.58920064430966	0.422672719781093
IGSF9	-0.435655992	0.378061441	0.257706003	-1.190340615	18.66361941	0.58887546488173	0.42243761466304
NOMO2	-0.06965885	0.378104237	0.257788625	-1.189889195	24.9413529	0.588736249933437	0.422388455947674
BAHD1	-0.281408619	0.378190743	0.257901067	-1.189591832	18.61531023	0.588546861075503	0.422289105615836
INA	0.477492393	0.378306736	0.258044052	1.192618258	21.26428587	0.588306147108851	0.422155925739808
MLEC	0.078879918	0.378306736	0.258087123	1.18910001	23.9014867	0.588233663606286	0.422155925739808
METAP1D	0.235477706	0.37847587	0.258256011	1.188653812	19.31374699	0.587949561333028	0.421961804036844
SIN3A	-0.142545393	0.378848012	0.2585635	-1.187842021	23.32798227	0.587432782113743	0.421534987363201
HOOK1	-0.080321499	0.378952511	0.258688391	-1.187512519	23.13462184	0.587223060412818	0.421415210883838
NOL7	-0.226636999	0.379015861	0.258785215	-1.187257151	20.94634911	0.587060539546367	0.421342615360043
DGCR2	-0.274151811	0.379158682	0.258936329	-1.186858744	17.26420771	0.586807013383654	0.421178995060453
LGALS3	-0.077675903	0.379287292	0.259077777	-1.18648599	27.12281063	0.586569838037687	0.421031708066342
RIOK3	0.159222551	0.379452912	0.259244546	1.18604671	22.92075569	0.586290371552306	0.420842109959227
SH3RF1	-0.514076567	0.379490621	0.259377601	-1.187827844	20.38325603	0.586067530881534	0.420798953097302
SNX12	-0.095675004	0.379490621	0.259352515	-1.185762432	24.2006465	0.586109536198154	0.420798953097302
PCDH12	0.272967688	0.38086235	0.260369003	1.183090601	16.91662609	0.584410719901621	0.419231957229871
CYTH2	-1.337943532	0.382394357	0.261527858	-1.186193976	17.73542752	0.582482043197156	0.417488525239672
PKNOX1	0.318874327	0.382394357	0.261572292	1.179938308	18.41547688	0.582408262139914	0.417488525239672
RHOT1	-0.152851901	0.382394357	0.261578498	-1.179922079	21.18371521	0.582397958297861	0.417488525239672
THBS4	1.135364756	0.382423307	0.261706422	1.185721938	17.88008271	0.582185620100117	0.417455647271892
TRIM41	0.321766771	0.382423307	0.261669949	1.179682969	17.93038021	0.582246150240726	0.417455647271892
RPN1	0.047679721	0.383122335	0.262238952	1.178196722	28.59337392	0.58130279936512	0.416662529080595
CHD8	-0.063731314	0.383429348	0.262524761	-1.177451135	24.34578928	0.58082972822557	0.416314648926239
MCCC1	0.081635755	0.383429348	0.262557501	1.177365767	23.88007674	0.580775569849312	0.416314648926239
VHL	0.241720571	0.383878729	0.262919486	1.176422461	20.3061351	0.580177225424006	0.415805951789494
SNX8	0.245011566	0.38501997	0.263755552	1.178055533	24.67954789	0.578798389788713	0.414516744164538
CCDC86	-0.64248689	0.38535558	0.264039934	-1.178191548	20.21013652	0.578330384477638	0.41413834799064
LITAF	0.496637556	0.385481091	0.264278512	1.173603053	18.49062682	0.577938147118784	0.413996920533305
RNASEH2C	-0.256518346	0.385481091	0.264210704	-1.173277061	21.89553805	0.578049591740543	0.413996920533305
SLC25A29	-0.179531869	0.385481091	0.264289411	-1.172861707	21.49043497	0.577920236930318	0.413996920533305
VPS35L	-0.112913238	0.385513218	0.264365935	-1.17266323	22.9295071	0.577794506806082	0.413960726806153
WRNIP1	-0.149946899	0.386027849	0.264773413	-1.171607119	20.54643466	0.577125626358816	0.413381363124239
ISCU	0.241835776	0.386060355	0.264850283	1.171408027	21.32235681	0.576999558672228	0.413344794306417
ZNF546	0.190622584	0.386137139	0.264957545	1.171130298	20.26631723	0.576823708890883	0.413258425552653
DESI1	0.136922592	0.38667465	0.265381033	1.170034632	20.94251061	0.576130119745107	0.412654298901824
BNIP1	-0.15704375	0.386954279	0.265627647	-1.169397208	21.39132581	0.575726724806024	0.412340346482476
CDK2AP1	-0.121964066	0.387051897	0.265749373	-1.169082754	21.28600164	0.575527751463034	0.412230799659017
GRAMD1A	-0.578819879	0.38714463	0.265867771	-1.173635162	20.9797445	0.575334305485985	0.412126760364139
TOMM70	0.060030627	0.387664458	0.266279559	1.167714433	26.29969986	0.574662170978385	0.411544014319189
SIK3	-0.279313997	0.387835905	0.266452149	-1.167269467	17.81263744	0.574380772720581	0.411351987362647
FHIP1B	-0.571805133	0.388074808	0.266708567	-1.168188985	18.19209169	0.573963034024894	0.411084548709847
EDRF1	0.349238752	0.388074808	0.266725999	1.166563893	19.11252757	0.573934649582289	0.411084548709847
FAAP100	-0.323021643	0.388323681	0.266951945	-1.165982169	18.59009684	0.573566910544263	0.410806124225957
USP4	-1.436459752	0.388344653	0.267076158	-1.171644527	19.92866697	0.573364879897747	0.410782670137569
SUMF2	-0.144307191	0.388344653	0.267046793	-1.165738088	22.93852318	0.573412633162983	0.410782670137569
VPS26B	0.397500659	0.388668109	0.267463437	1.164874681	19.13311733	0.572735578855656	0.410421092642519
PDHX	-0.116518818	0.388668109	0.267406623	-1.164812711	23.62263809	0.572827840541747	0.410421092642519
MBD2	-0.196585461	0.388668109	0.267446821	-1.164709392	21.84946315	0.572762559968864	0.410421092642519
INCENP	0.09113127	0.388676527	0.267524175	1.164510613	23.39754214	0.572636966559732	0.410411686541854
SERPINE2	0.76290396	0.38875771	0.267635008	1.16890677	18.71195039	0.572457079294298	0.410320984776034
KIAA1522	0.105262921	0.389796395	0.268405179	1.162249787	24.16524367	0.571209108512651	0.409162181736733
PSMA1	-0.049039608	0.389862677	0.268505932	-1.161991605	26.95196726	0.57104611515471	0.409088339443472
SYMPK	-0.116318665	0.390563549	0.269043847	-1.160614452	23.71611925	0.5701769357658	0.408308291531676
KLHL26	0.230289073	0.391151632	0.269504249	1.159437445	16.94484682	0.569434383342894	0.407654853409479
GLRX3	0.058660419	0.391215899	0.269657778	1.159045299	25.14623745	0.56918704841953	0.407583503813732
NOP14	0.220186937	0.391215899	0.269659136	1.159041831	22.03457554	0.569184861312503	0.407583503813732
CDCA3	-0.350221874	0.391230147	0.269832955	-1.15929296	21.0345069	0.568905010555017	0.407567687188904
PSMD7	0.070274312	0.391230147	0.269794153	1.158697112	25.79373137	0.56896746662613	0.407567687188904
PLLP	0.235000386	0.391230147	0.269834872	1.158593177	18.0338638	0.568901925166264	0.407567687188904
SYNCRIP	0.051502176	0.391251488	0.269906903	1.158409348	28.18947947	0.568786008009354	0.407543997742082
PPP3R1	0.108592646	0.391251488	0.269979241	1.158224774	25.58802451	0.568669627936374	0.407543997742082
MEPCE	-0.137011058	0.391251488	0.270015517	-1.158132229	21.25427415	0.568611277493464	0.407543997742082
TMEM138	0.562436131	0.391253866	0.270114501	1.159382117	18.08654126	0.568452100243374	0.407541358137707
TXNDC17	-0.104910106	0.391253866	0.270157371	-1.157770429	25.16078155	0.568383178630227	0.407541358137707
HACD2	-0.147043889	0.391253866	0.270183084	-1.157704865	22.57479123	0.568341845378503	0.407541358137707
FRYL	-0.122427197	0.391448589	0.270372888	-1.157221036	23.08375269	0.568036860002332	0.407325268037046
SHOC2	-0.322307584	0.391916263	0.270751311	-1.156736501	21.10903693	0.567429431808137	0.406806714616781
S100A14	-0.12739215	0.392756667	0.271387417	-1.154639366	21.42609589	0.566410292469027	0.405876434125708
GOLGA2	-0.125146594	0.392954171	0.271579438	-1.154151574	22.97285326	0.566103114734629	0.405658097060691
SOX9	0.144323464	0.395114205	0.27312814	1.150227138	20.19943267	0.563633552818375	0.403277356443032
PEPD	0.071529628	0.39543115	0.273403132	1.149532108	25.28810152	0.563196514630939	0.402929122224537
NEGR1	0.257969182	0.395610288	0.273582913	1.149078011	17.5280131	0.562911030568681	0.402732422930437
SURF2	-0.145709215	0.396794988	0.274462633	-1.146859314	21.99434807	0.561516774662207	0.401433822147119
RAB13	-0.101958879	0.396794988	0.274514373	-1.146728994	23.32325323	0.561434911865352	0.401433822147119
GLMN	-0.258894568	0.396821145	0.274588564	-1.146743412	21.58146924	0.561317554117171	0.401405194098129
MARCHF5	-0.231704995	0.396825584	0.274647732	-1.146393184	21.33104316	0.56122398296686	0.401400335933571
RBL2	0.208972456	0.397587182	0.275231048	1.144925829	16.72167195	0.560302576197784	0.400567625472922
FNBP1L	-0.095873369	0.398319638	0.2757944	-1.143510972	23.90503288	0.559414556411764	0.399768281426998
RBM15	-0.089395406	0.398570982	0.276024772	-1.142933037	23.20675943	0.559051940180672	0.399494323337545
EOGT	0.279353477	0.398598483	0.276100165	1.14274398	17.59232685	0.558933333822279	0.399464358485463
POSTN	0.127167216	0.398610795	0.276165042	1.142581324	22.84943709	0.558831296891924	0.399450944106556
PNPT1	-0.078899972	0.398838948	0.276387852	-1.142022935	24.28840587	0.558481049305464	0.399202437934216
TOP1	-0.07297237	0.398838948	0.276435872	-1.141902635	26.88982307	0.558405600947631	0.399202437934216
SNRPA1	0.079551187	0.400444228	0.277605102	1.138978468	25.08807736	0.556572556408519	0.39745796187311
UACA	0.160729188	0.400617355	0.277850805	1.138365191	22.31975895	0.556188340622163	0.397270240720243
DPH1	-0.111609271	0.400617355	0.277948254	-1.138122072	20.79214648	0.556036049743957	0.397270240720243
NUDT15	-0.314146298	0.400617355	0.277949252	-1.138119584	20.0221859	0.556034490370554	0.397270240720243
TUBGCP6	0.178397905	0.400617355	0.277951651	1.138113599	19.3862317	0.556030741959797	0.397270240720243
FBRSL1	-0.167256323	0.400651486	0.278031968	-1.137913272	19.14502096	0.555905266212118	0.397233242139461
ADA	-0.22864023	0.40095108	0.278296551	-1.137253668	20.40682332	0.555492175954674	0.396908612372571
NCAPG2	0.148911038	0.401087454	0.278447906	1.13687656	22.37726229	0.555256043768349	0.396760922520437
FHOD1	0.174816759	0.401100741	0.278513831	1.136712352	19.95596627	0.555153232885837	0.396746535694958
TAF5L	0.436741841	0.401146972	0.27860264	1.136969522	19.0369079	0.555014772578243	0.396696481658306
CHEK2	-0.100672586	0.401581618	0.278961277	-1.135598641	21.95321215	0.554456077559295	0.396226174806949
MAP2K1	0.128961654	0.401595222	0.279027498	1.135610411	25.0373701	0.554352995145062	0.396211462873442
OTUB2	-0.241321616	0.402455069	0.279681809	-1.134004708	22.03363043	0.553335779991855	0.395282598214323
ARHGAP27	0.209834814	0.403175975	0.280239789	1.132423933	19.34688434	0.552470202682122	0.394505355123536
DLG5	-0.120682357	0.403337709	0.280409225	-1.132004041	21.46379417	0.552207702899768	0.394331172872022
C1QBP	0.129837996	0.403849358	0.280822023	1.131434306	25.97641009	0.551568836384375	0.393780603180768
PTBP1	0.078582669	0.404129264	0.281129235	1.130221895	28.30857904	0.55109398918805	0.393479700080601
NSUN4	0.234589118	0.404129264	0.281130917	1.130217735	20.19421863	0.551091390806088	0.393479700080601
ZNF428	-0.229043393	0.404407172	0.281394963	-1.129565061	18.15312842	0.550683680749474	0.393181150973211
PRRC2A	0.076758304	0.404407172	0.281526535	1.129240013	24.77554709	0.550480664894452	0.393181150973211
LRRC8D	0.163579996	0.404407172	0.281536336	1.129215804	19.81964177	0.550465545729482	0.393181150973211
KLHDC10	-0.207948897	0.404407172	0.281552915	-1.129174856	18.8242085	0.550439971921405	0.393181150973211
ZFP36L1	0.189469766	0.404537771	0.281701026	1.128809115	17.80952074	0.550211571241678	0.393040922825361
MRPL50	-0.127021173	0.404598086	0.281818617	-1.128518846	22.55039588	0.550030320689733	0.392976176042734
VAC14	0.096388905	0.404598086	0.281857417	1.128423089	22.67635938	0.549970532354207	0.392976176042734
DPAGT1	-0.149774088	0.405492881	0.282538085	-1.126744881	19.04747853	0.548923002745345	0.392016766038661
ADAMTS13	0.447746979	0.405603451	0.282787139	1.126580021	17.27412414	0.548540345894734	0.391898358546808
WDR17	-0.248343225	0.405603451	0.282735897	-1.126495274	21.98122114	0.548619048676003	0.391898358546808
NUP98	-0.102274322	0.405603451	0.282722612	-1.12629046	24.29729027	0.548639455486057	0.391898358546808
SNX16	0.367118698	0.405902481	0.283080674	1.125409332	17.37023363	0.54808977903353	0.391578294134016
DARS2	-0.064993458	0.405902481	0.283110382	-1.125336265	25.05887904	0.548044204239144	0.391578294134016
CAPNS2	0.262144209	0.407020562	0.283952399	1.123267745	17.86443419	0.546754457785027	0.390383650387631
TRADD	-0.154066905	0.407020562	0.2840053	-1.123137944	20.85554049	0.546673555237199	0.390383650387631
COL26A1	-0.546098541	0.407591504	0.284582466	-1.124733968	20.14650159	0.545791861644673	0.389774877178794
NDUFA5	-0.170475761	0.407591504	0.284535875	-1.122133349	23.76350774	0.545862968874202	0.389774877178794
COPRS	-0.231803865	0.407591504	0.284493109	-1.121941903	18.80335432	0.545928248634532	0.389774877178794
SIRT1	-0.161233674	0.407591504	0.284634158	-1.121596363	22.96266755	0.545712982885783	0.389774877178794
SLC25A17	0.159342125	0.407931872	0.284929513	1.120873229	21.73912906	0.545262564206603	0.389412361628291
NIF3L1	-0.06541677	0.408042925	0.285064763	-1.120542281	24.42647538	0.545056462734174	0.389294147914893
NFX1	0.700371555	0.409146681	0.28594879	1.122811761	19.7825883	0.543711736842208	0.388120967472686
MMP15	-0.154308262	0.409146681	0.285951539	-1.118375374	19.78647411	0.543707561724726	0.388120967472686
NUP155	-0.093983409	0.409536208	0.286281672	-1.117569981	24.5240306	0.543206454996403	0.387707695272446
GALNT10	0.311384958	0.409933742	0.286617513	1.116751392	16.84680283	0.542697276719935	0.387286333058708
KCTD10	-0.150903499	0.410016818	0.28673356	-1.116468709	18.82630901	0.542521473185929	0.38719832909783
GPR155	-0.124020469	0.410240719	0.286948131	-1.116017186	25.02168354	0.542196599629447	0.386961235339293
SRXN1	0.353722968	0.410386099	0.287116849	1.115828443	20.19679267	0.541941320868121	0.386807358495264
VPS33B	0.202470298	0.410386099	0.287165846	1.115416447	21.95236738	0.541867214066831	0.386807358495264
ADPRS	-0.076553403	0.41049047	0.287296906	-1.115097661	23.63819496	0.541669051050734	0.38669692106453
RPS6	-0.087628834	0.410611641	0.287439758	-1.114750322	26.9556689	0.541453161442528	0.386568742373126
STK10	-0.656306704	0.410808789	0.28764262	-1.117226861	18.04904359	0.541146764118553	0.386360273513489
MAP2K2	-0.093899121	0.410808789	0.287693913	-1.114132678	24.96679666	0.541069326773133	0.386360273513489
DENND4A	0.21688392	0.410979453	0.287871528	1.113701287	16.64158377	0.540801286993963	0.386179890220721
PRPF39	-0.127211988	0.411344618	0.288185458	-1.112939315	20.39280543	0.540327937712506	0.385794180594793
FAM107B	0.363495928	0.411432426	0.288305137	1.112838072	19.64684714	0.540147619315303	0.385701483477658
PSMB6	-0.120500955	0.411733972	0.288574644	-1.112164558	25.41543023	0.539741831436079	0.385383298065775
VPS52	0.119433077	0.412642357	0.289269642	1.110312637	21.35803467	0.538697141891889	0.384426194522805
H2BC18	-0.224850604	0.412718486	0.289381353	-1.1154429	28.04163789	0.538529457149653	0.384346078280347
MB21D2	0.18816914	0.412725809	0.289444831	1.109888908	20.644844	0.538434201800137	0.38433837251871
PSMD12	-0.052433113	0.413366925	0.289952881	-1.108661194	25.4715185	0.537672571702155	0.38366427580898
CD2AP	0.075461062	0.413367891	0.290011994	1.108518455	25.07234838	0.537584040651727	0.383663260904415
ERVK-19	-0.100582606	0.413370868	0.290138314	-1.1082135	24.99455599	0.537394916974416	0.383660133206195
HIPK4	-0.081050328	0.413370868	0.290161572	-1.108157364	24.14758149	0.53736010455653	0.383660133206195
DRG1	-0.078419363	0.413370868	0.290198252	-1.108068838	24.83356424	0.537305207849491	0.383660133206195
CACYBP	0.057263463	0.413370868	0.290247823	1.107949214	26.64598557	0.537231028997254	0.383660133206195
BOD1L1	-0.148366943	0.414392452	0.291023707	-1.106078885	22.1113439	0.536071631632929	0.382588163698643
AGGF1	-0.151876936	0.414507988	0.291163442	-1.105742445	17.11437784	0.535863155232519	0.382467095726749
MRPL54	-0.168448655	0.414595439	0.291283479	-1.105453532	20.17887357	0.535684146963842	0.382375479926739
DDB1	-0.049391812	0.414608301	0.291351126	-1.105290755	26.83206567	0.535583299129892	0.382362007012045
CLPX	0.054221299	0.414623461	0.291420391	1.105124112	24.84312105	0.535480063448143	0.382346127484395
UTP4	0.134636156	0.415170856	0.291863821	1.104058001	21.10967388	0.534819736166009	0.38177314052236
SCAF4	-0.253390441	0.415501623	0.292155085	-1.1033584	21.01926476	0.534386550331904	0.381427275469359
DDX56	0.163262406	0.41569076	0.292346838	1.102898113	21.11878523	0.53410159909565	0.381229628911182
HSP90AB1	-0.036566638	0.415907063	0.292557753	-1.102392091	29.76820615	0.53378838827108	0.381003704314365
HINT3	0.129710882	0.416064151	0.292727068	1.101986075	21.99972203	0.53353711719889	0.380839702360365
EFNA5	-0.169748426	0.416383439	0.293010568	-1.101306647	17.44762681	0.533116715682352	0.380506552201716
CDK16	0.130473047	0.416632367	0.293244636	1.100746061	21.93079801	0.532769923208705	0.380246993957489
MRPS7	-0.089511213	0.418116192	0.294367631	-1.098061246	24.00148164	0.531109947225013	0.378703013602213
SLC27A4	-0.077430446	0.418116192	0.294407231	-1.097966713	23.56294106	0.531051527402363	0.378703013602213
CMAS	0.123346134	0.41842018	0.294680426	1.09731481	24.46112408	0.530648710985894	0.378387378033468
ELOF1	0.213258194	0.418853943	0.295045123	1.096445282	20.40189871	0.530111559712301	0.37793739184846
EIF4H	-0.08280364	0.419366524	0.295465473	-1.095444071	24.9387879	0.529493261861122	0.377406240113707
IPO8	-0.118029958	0.419584786	0.295702522	-1.095062839	25.86114996	0.5291449714292	0.377180267561503
ATP5MJ	0.096990138	0.419584786	0.295737877	1.094795822	23.50160881	0.529093049100418	0.377180267561503
CWC27	-0.428514805	0.419771972	0.295929153	-1.094958103	19.96705208	0.528812248886776	0.376986562447527
BRD8	-0.136914511	0.42018601	0.296280438	-1.093506021	19.87293542	0.528297021989788	0.376558411427797
TJP2	-0.062389235	0.420304065	0.296423096	-1.093167185	24.70493071	0.528087961034886	0.376436409664961
ZNF595	0.206333208	0.42039345	0.296545563	1.092876404	17.50007831	0.527908569620975	0.376344059178089
GALNT18	-0.193435935	0.420419498	0.296623369	-1.092691711	19.60689991	0.527794636760268	0.376317150689833
CARS2	-0.168031055	0.420640648	0.296838862	-1.092180376	20.15695168	0.527479242047637	0.376088762203366
KIFAP3	0.213081743	0.42087309	0.297111537	1.091533758	20.87185817	0.527080483981738	0.375848841508144
RUFY2	-0.156535377	0.42087309	0.297121884	-1.09150923	20.81158368	0.527065359807143	0.375848841508144
BCL9L	-0.19943325	0.420993574	0.297266455	-1.09116659	19.90091809	0.526854095942556	0.375724533137347
FIGN	-0.17189029	0.421057122	0.297370848	-1.09091925	17.08669993	0.526701608689952	0.375658982343507
BTC	-0.273195909	0.421366113	0.297648638	-1.090261399	17.96561205	0.526296100380622	0.375340394045606
SDE2	0.096512906	0.421948719	0.298119833	1.089146598	23.19268653	0.525609130723683	0.37474032725779
BUB1B	-0.093013303	0.422244609	0.298388578	-1.088511369	23.57379793	0.525217805215832	0.37443588656808
ALDH5A1	0.129296413	0.422376054	0.298541175	1.088150872	22.65079783	0.52499576221608	0.374300711474371
FXR1	0.068389074	0.422575357	0.298741781	1.087677166	26.54129307	0.52470403421267	0.3740958329604
ZC3H11A	0.116685957	0.422826863	0.299015303	1.08703167	23.57065599	0.524306584791326	0.373837428928321
MRPS34	-0.155940227	0.422826863	0.299039128	-1.086975464	23.24881029	0.524271982368869	0.373837428928321
MICB	1.463065023	0.423177534	0.299406779	1.091271778	17.01426341	0.523738370830096	0.373477396546632
DUS2	-0.194002658	0.423177534	0.299381843	-1.086167353	20.41058579	0.523774542416559	0.373477396546632
VIRMA	-0.277509539	0.424232288	0.30027298	-1.08412322	20.69485804	0.522483745939063	0.372396280735541
TNK2	-0.305816397	0.424232288	0.300270678	-1.08407476	19.15419509	0.522487075408566	0.372396280735541
PSMB1	0.073759108	0.424613119	0.300602559	1.08329461	26.2228624	0.522007326627192	0.372006591843852
DHX8	-0.092628192	0.424671649	0.300704027	-1.083056218	23.1337141	0.521860755829752	0.371946731460094
LAMTOR2	0.293831851	0.424762162	0.300828164	1.082943436	20.85872691	0.521681506852982	0.371854177346801
ANAPC16	-0.220251867	0.4255822	0.301469099	-1.081260698	18.37721563	0.520757197028151	0.371016544724847
COPZ1	-0.086661001	0.42574942	0.301647737	-1.080841952	24.12403352	0.520499928468243	0.370845935005928
RFX6	-0.199860041	0.42635583	0.302169622	-1.079619676	19.40717362	0.519749198702865	0.370227794086759
NIFK	0.140426036	0.42635583	0.302197927	1.07955343	23.45772091	0.519708519135143	0.370227794086759
WDR43	-0.199181877	0.426461964	0.302366881	-1.079158099	21.64847385	0.5194657799256	0.370119697348852
B3GALNT1	-0.278405948	0.426461964	0.302393725	-1.079095304	16.8471148	0.519427225162065	0.370119697348852
NHLRC2	-0.399159403	0.427340347	0.303076975	-1.081884055	22.68376919	0.518447056078027	0.369226101677889
OCIAD2	0.101993135	0.427454011	0.303218013	1.077169096	24.93573148	0.518245002531631	0.369110603376292
CFDP1	0.226756361	0.428532998	0.30404398	1.075242915	20.64054492	0.517063591095788	0.36801573080602
STX5	-0.078894136	0.428598072	0.304150738	-1.07499424	23.54254756	0.516911125415298	0.367949786914452
MAGI1	0.156913185	0.429961	0.305178708	1.072603103	19.15832021	0.515445769933009	0.366570935706311
PSMA3	0.076775833	0.430595623	0.305690022	1.071416	26.21061263	0.514718736808954	0.365930389088957
STIP1	0.057241197	0.430603629	0.305776514	1.071215343	28.98955612	0.514595874816129	0.365922314391692
RTN3	0.084241981	0.430603629	0.305817449	1.07112039	25.20836331	0.514537738713686	0.365922314391692
DAP3	-0.231362456	0.431225385	0.306428181	-1.071631155	23.78495752	0.513671296839703	0.365295681399879
U2AF1	-0.069265754	0.431225385	0.306333749	-1.069923597	26.00357399	0.513805154035563	0.365295681399879
NUP93	-0.07294136	0.431225385	0.306464028	-1.069621848	25.31385497	0.513620494580898	0.365295681399879
PDLIM5	-0.080315856	0.431225385	0.306526318	-1.069477609	24.90611086	0.513532231515917	0.365295681399879
DSN1	-0.167499758	0.431225385	0.30656382	-1.069390778	18.87179791	0.513479100954288	0.365295681399879
KDM5A	-0.28974471	0.431811022	0.307041199	-1.068286175	18.40214594	0.512803346679516	0.364706276469858
TRIO	-0.075290418	0.431842202	0.307124416	-1.068093752	23.56173886	0.512685656326168	0.364674918277529
CRTC3	0.754474574	0.431860927	0.307259831	1.071808133	18.02967382	0.512494212653885	0.364656087353102
PPP3CC	-0.182956555	0.431860927	0.307241373	-1.067823377	18.09432169	0.512520302781934	0.364656087353102
WDR73	0.1774144	0.432111127	0.307549608	1.067111188	19.96446896	0.512084822187772	0.364404550322693
KLHL11	-0.128124481	0.432111127	0.307560012	-1.067087157	21.24137916	0.51207013082336	0.364404550322693
AAMDC	-0.072693943	0.432149859	0.30764867	-1.066882414	24.89044791	0.511944958076065	0.364365624363621
NBEAL2	-0.11870725	0.432229744	0.307766641	-1.066610044	21.28339249	0.511778455377687	0.364285350338956
MORF4L1	-0.120468686	0.432267236	0.307854444	-1.066407378	21.35092419	0.511654572815565	0.364247680875436
ATG3	0.119829262	0.432702461	0.308225573	1.065551214	22.70220406	0.511131331379961	0.363810634739615
ARAP3	-0.264991233	0.433679154	0.308982603	-1.063807198	18.32991768	0.510065972464481	0.362831452926987
RPP30	-0.122662444	0.434250095	0.309467978	-1.062690695	23.1331881	0.509384282661254	0.362260077871143
EXOC5	-0.082968433	0.434250095	0.309512155	-1.062589142	24.55411197	0.509322290922467	0.362260077871143
PTPN6	-0.241380324	0.434515083	0.309762449	-1.062594526	22.22045304	0.508971230800607	0.361995143611221
PRORP	0.163318201	0.434957578	0.310139387	1.061148418	21.22026992	0.508443075844166	0.361553098307255
DTNA	0.250383865	0.435175876	0.310356558	1.060650093	21.0054554	0.508139073307032	0.361335187782465
ZYG11B	-0.114236681	0.435495652	0.310646178	-1.059985933	21.58133634	0.507733985310872	0.361016176642159
MAN2C1	-0.177171184	0.435949107	0.311031261	-1.059103571	18.01989099	0.507195958891149	0.3605642076102
DAPK3	-0.091203214	0.436243316	0.311302835	-1.058481789	23.1130055	0.506816924228343	0.360271214122288
PCIF1	-0.147428031	0.436307793	0.311410524	-1.058235343	20.83483921	0.50666671470336	0.360207029904145
EHMT1	-0.165840566	0.436961974	0.31193921	-1.057026365	22.32574452	0.505930032051582	0.359556355250454
SF3B5	-0.105619002	0.437004646	0.312031449	-1.056815594	23.54484913	0.505801632139086	0.359513945818051
CDC42SE2	0.418237114	0.438182045	0.312934081	1.055147566	17.39671638	0.504547136169163	0.358345422113473
DDX59	-0.216708244	0.438448129	0.313186089	-1.054181096	19.33983803	0.504197536539732	0.358081778857972
PARP9	0.071577181	0.438953011	0.313620851	1.053190995	24.08582305	0.503595071073026	0.357581967583933
SND1	-0.052860439	0.438953011	0.313759233	-1.052876067	27.22063821	0.503403485329385	0.357581967583933
DNAH6	-0.168936838	0.438953011	0.313778061	-1.052833225	19.3139445	0.503377425056678	0.357581967583933
UHRF1BP1L	-0.181419491	0.438953011	0.313794936	-1.052794831	18.5540382	0.503354069305494	0.357581967583933
KRI1	0.112600031	0.439277359	0.3140889	1.052126229	21.89416805	0.502947411433173	0.357261180333042
RABL3	0.191204758	0.43931515	0.314178025	1.052074489	22.48398003	0.502824194709774	0.357223819616651
HEATR6	-0.444956727	0.439504191	0.314375347	-1.05250349	19.84288992	0.502551518235856	0.357036979248923
COA6	-0.274154633	0.43954563	0.314467124	-1.052534771	22.41584926	0.502424751209814	0.356996033380739
GAK	-0.16659248	0.439745049	0.314671959	-1.05086421	22.9508058	0.502141956146695	0.35679904147615
COX6A1	-0.312874632	0.439813287	0.314782962	-1.051117437	21.01863684	0.50198878237915	0.35673165450316
NELFE	-0.083273231	0.43997124	0.314958207	-1.050151774	22.72554448	0.501747070570578	0.356575711508184
MAD1L1	-0.183770106	0.440222014	0.315199958	-1.049603409	21.17112258	0.501413849051675	0.356328243655285
SLC39A11	0.153928627	0.440362119	0.315378251	1.049199183	17.16499815	0.501168259632249	0.356190047140903
CAPN7	-0.233327927	0.440362119	0.315455981	-1.049023008	17.73635077	0.501061234019063	0.356190047140903
SNAP29	0.135548165	0.440362119	0.315487025	1.048952655	22.97136735	0.501018497233715	0.356190047140903
PPP1R9B	0.334410511	0.440413149	0.315585843	1.049294719	20.93850407	0.500882487227139	0.356139723185993
CEP55	-0.152115463	0.440529118	0.315731217	-1.048399444	20.02129788	0.500682476389072	0.356025380398845
CACNA1E	-0.324062619	0.440858733	0.316029776	-1.047723498	18.14970195	0.500271996675029	0.355700551818184
ASTE1	-0.332113859	0.441642903	0.316705293	-1.046195858	18.61134601	0.499344678334802	0.354928744085227
MECR	-0.119014385	0.441642903	0.316736088	-1.046126273	21.73623302	0.499302451543241	0.354928744085227
C11orf52	0.171876643	0.441642903	0.316780986	1.046024833	17.40095946	0.499240893758988	0.354928744085227
INTS2	-0.181440655	0.441642903	0.316876938	-1.045808078	19.93401144	0.499109367195939	0.354928744085227
OXSR1	0.099093797	0.441642903	0.316904068	1.045746802	23.90700393	0.499072185869299	0.354928744085227
EIF5	0.063323362	0.442075657	0.317277086	1.044904672	26.09992953	0.498561291855149	0.354503398963484
TXNRD2	0.308287251	0.44211816	0.31737009	1.045256414	21.44048977	0.498434004991482	0.354461646085272
MYO19	-0.447299812	0.442791951	0.317916358	-1.044023418	17.70370932	0.497687125415321	0.353800282255953
TRIM44	-0.165760964	0.442813829	0.317994664	-1.043286731	22.43194837	0.497580167483487	0.353778824639276
CXorf38	-0.13971776	0.442829707	0.318068666	-1.043120031	19.41577039	0.497479112576282	0.353763252397163
FUS	-0.108805236	0.442947171	0.318215652	-1.042954664	26.29039511	0.49727846262139	0.353648067707681
TOMM5	-0.132453484	0.443010005	0.318323418	-1.042546386	21.89089357	0.497131410596496	0.353586465498769
GAR1	-0.091312245	0.443030648	0.318400878	-1.042372029	23.79738638	0.497025743352618	0.35356622908871
SNX24	-0.255189171	0.443083236	0.318501308	-1.042146018	19.96974044	0.496888779793259	0.353514681136119
MRPL15	-0.139749624	0.443229851	0.318669356	-1.04191591	23.88852387	0.496659697304342	0.353370998081047
TUBA1C	-0.097243826	0.443240535	0.318739695	-1.041775033	27.48839474	0.496563847270086	0.35336052959317
MGMT	-0.118877108	0.443367458	0.318907567	-1.041232295	22.68931691	0.496335175748086	0.353236186119304
LYRM4	-0.233224011	0.443367458	0.318956318	-1.041122707	17.62360544	0.496268790769013	0.353236186119304
GDPD1	0.189614891	0.443575483	0.319168675	1.040645489	18.63466546	0.495979739320756	0.353032465886405
METTL21A	-0.124396637	0.444356573	0.319793513	-1.03924269	23.33188947	0.495130350148502	0.352268391288405
PIGS	-0.097823345	0.44452783	0.319979603	-1.0388253	23.22701536	0.494877704764082	0.352101044509102
MAP3K2	-0.383108911	0.44559373	0.32099882	-1.037095251	19.62926938	0.49349656406999	0.35106092879833
TRIM24	0.331043521	0.44559373	0.320862633	1.036847154	18.45954117	0.493680856998683	0.35106092879833
C9orf40	0.273324723	0.44559373	0.320927727	1.036701493	17.91917646	0.493592759804135	0.35106092879833
WDR47	-0.165067919	0.44559373	0.320949723	-1.036652275	17.60296954	0.493562994803269	0.35106092879833
FKBP5	0.068944426	0.446029749	0.321375973	1.035699033	23.61490983	0.492986595474276	0.350636174032985
PARP10	0.454361553	0.446090377	0.321545778	1.035871063	17.09455431	0.492757188470703	0.350577145197917
CCNB2	-0.114302081	0.446090377	0.321492339	-1.03543896	22.27473215	0.492829371634526	0.350577145197917
CDC23	-0.202139269	0.446279444	0.321745147	-1.034884419	22.0023653	0.492487994997051	0.350393116661527
LLPH	-0.097130191	0.446404196	0.321994885	-1.034316592	22.70218656	0.492151027167271	0.350271731877194
AP1M1	-0.07392231	0.446404196	0.321998041	-1.03430955	23.05500836	0.492146770495095	0.350271731877194
TMOD3	0.071675253	0.446404196	0.322024401	1.034250713	24.88890992	0.492111218931041	0.350271731877194
SEC11A	0.086987805	0.446555849	0.322196926	1.033865728	23.17921305	0.491878607391679	0.350124217860042
TMEM192	0.25131237	0.446744646	0.322396298	1.033421022	20.50849777	0.491609953738543	0.349940643582451
RWDD4	0.147111987	0.447081432	0.322702544	1.03273833	21.32940973	0.491197610856377	0.349613366695137
PIGT	-0.066631817	0.447175431	0.322870567	-1.032363968	24.61979861	0.490971543623597	0.34952206575277
FHIP2A	0.09167829	0.447175431	0.322896819	1.032305491	21.78852347	0.490936233389626	0.34952206575277
ORC5	0.091945188	0.447198999	0.322977055	1.032126787	22.97559652	0.490828329807729	0.34949917723537
PACS2	0.511566354	0.447650028	0.323366079	1.032511535	18.420624	0.49030553939489	0.349061384006444
PPID	0.050448072	0.447746146	0.323513727	1.03093232	26.41366099	0.490107287069859	0.348968143676891
RNPEP	-0.068916209	0.447746146	0.3235621	-1.030824729	26.391282	0.490042354565396	0.348968143676891
ATP2B1	0.123819253	0.448236137	0.323979555	1.029896718	22.48027883	0.489482395444128	0.348493133372036
CTIF	0.47865042	0.448513389	0.324243352	1.029906999	17.57308701	0.489128919544002	0.348224587888504
WDSUB1	-0.145308592	0.448610762	0.324377162	-1.029013647	21.49824792	0.48894973019	0.348130312070145
ABCE1	0.059092525	0.448855048	0.324653375	1.02840066	26.54396008	0.488580077971396	0.347893886206911
ZBED5	-0.159343627	0.448855048	0.324698505	-1.028300543	18.16908138	0.488519710979004	0.347893886206911
SHTN1	-0.060730867	0.448855048	0.324744153	-1.028199285	24.43210575	0.488458659631981	0.347893886206911
TOPORS	0.191044293	0.449336242	0.325219696	1.027145049	17.46126732	0.487823160479291	0.347428551213697
VAV3	0.110226716	0.449336242	0.325266243	1.02704192	21.55673101	0.48776100662147	0.347428551213697
ATAT1	-0.168667475	0.449336242	0.325282852	-1.027005123	19.23642448	0.487738830902198	0.347428551213697
ARHGEF12	0.358346493	0.449337594	0.32534735	1.027005988	18.16051355	0.487652726305457	0.347427244474553
HAGH	-0.067079228	0.450076606	0.325946064	-1.025536948	23.57502488	0.486854258966183	0.346713560154499
NUDT16	0.142874136	0.450153529	0.326086844	1.025225581	23.30743167	0.486666722486468	0.346639340833874
ELL	-0.205577643	0.450153529	0.326129041	-1.025132272	18.33074233	0.486610526601946	0.346639340833874
SFT2D3	-0.298409809	0.450328924	0.326319771	-1.024870579	20.47409682	0.486356612463796	0.346470158011127
APLF	-0.153467381	0.450850359	0.326811964	-1.02671716	29.07074624	0.485702053106348	0.34596758017181
RIOK1	-0.107420271	0.450850359	0.326825083	-1.023594417	21.05829378	0.485684619855479	0.34596758017181
TRA2B	0.076139994	0.45091012	0.326968566	1.023277703	24.68748455	0.485493997397635	0.345910017497075
KPNA4	0.067624071	0.45091012	0.326995889	1.023217404	27.20374819	0.485457707265824	0.345910017497075
STRN4	-0.10587009	0.451129088	0.327218455	-1.022726358	22.74512943	0.485162210261593	0.345699169464888
INIP	-0.205427544	0.451199771	0.327333506	-1.022472617	21.16697133	0.485009537844645	0.34563112944462
ZMPSTE24	0.052122323	0.451325595	0.327488589	1.022130692	25.00223092	0.484803827949055	0.345510036628166
PPP1R8	0.135849776	0.451483959	0.327667323	1.021736769	22.71520151	0.484566866974019	0.345357675342815
FRMD8	-0.207201502	0.452577237	0.328524754	-1.019849217	20.87821087	0.483431901231828	0.344307293275454
ATE1	-0.120061959	0.453401865	0.329187444	-1.018392847	21.27763	0.48255673817881	0.343516697801158
NAV1	-0.309544574	0.453992196	0.329680225	-1.017311275	19.15279477	0.48190710208628	0.342951612480488
C19orf25	-0.199802493	0.454092243	0.329817069	-1.017011136	20.83681594	0.481726872097544	0.342855916841755
RPS6KA1	-0.089699417	0.454648084	0.330285058	-1.015985385	24.51752575	0.481111073220278	0.342324634797703
SLC25A11	0.085153087	0.454851499	0.330497131	1.01552091	24.41680642	0.480832306212461	0.342130369698168
KIDINS220	-0.0861925	0.454880655	0.330582619	-1.015333739	23.23570131	0.480719984009653	0.342102532295998
LCN2	-0.27797444	0.455357236	0.330993343	-1.014434977	19.42830644	0.480180740748266	0.341647757737744
PARP4	-0.19608484	0.455681143	0.331293203	-1.013779326	19.64056949	0.479787474259527	0.341338943022756
PATL1	-0.248509084	0.456459824	0.331923853	-1.012401813	20.57243256	0.478961536822954	0.34059744153154
LAP3	0.048105057	0.456528377	0.332038238	1.01215217	26.27911995	0.478811899440105	0.340532222310434
TUBB4A	0.284394558	0.456668108	0.33239809	1.013806747	22.85914377	0.478341480389863	0.340399316843273
ANKS1A	-0.15980831	0.456668108	0.332261851	-1.011664322	22.1360256	0.478519519844624	0.340399316843273
NFYA	0.199320479	0.456668108	0.332303283	1.011573956	19.75917445	0.478465368075063	0.340399316843273
PARK7	0.067426615	0.456668108	0.332342192	1.011489102	29.26478858	0.478414520022526	0.340399316843273
SPINT1	-0.090010723	0.457268531	0.332899765	-1.010273926	24.63917875	0.4776865114196	0.339828685527938
CRY2	-0.236899786	0.457516017	0.333144615	-1.009740769	18.0264588	0.477367202340873	0.339593697285066
ZNF366	-0.18320456	0.458139819	0.333663606	-1.00861162	17.42439579	0.476691160966839	0.339001960089362
FAM222B	-0.228743903	0.458194296	0.333815671	-1.00828102	16.88926676	0.476493279193401	0.338950321587355
RBP7	0.098393274	0.458194296	0.333832825	1.008243734	22.17970771	0.476470962397695	0.338950321587355
MAPK7	-0.291708037	0.459824567	0.335085615	-1.006044714	21.18287764	0.47484421573446	0.337407829440124
TOP3B	-0.180634038	0.460442368	0.335600912	-1.004407998	19.82839029	0.474176867640628	0.336824721223765
SCAI	0.189417275	0.460543685	0.335766932	1.004048586	20.73581279	0.473962077575838	0.33672916838872
BAZ2B	0.206532854	0.460543685	0.335804966	1.003966267	16.71210074	0.47391288565345	0.33672916838872
CNTRL	-0.237906068	0.460839162	0.33609526	-1.003338183	17.08997399	0.473537612405144	0.336450621777078
FMNL3	-0.265253327	0.460839162	0.336150703	-1.00321827	17.94885352	0.473465976157877	0.336450621777078
C3orf33	-0.302021534	0.460869659	0.336238099	-1.003029281	17.52586275	0.473353078380159	0.336421882378002
IMMT	-0.078700562	0.461084479	0.336460006	-1.002549575	26.66887579	0.473066551665203	0.336219496731155
RBMXL1	-0.348725879	0.46114426	0.336568818	-1.002831501	20.49456156	0.472926122459524	0.336163192785375
ST13	-0.050209347	0.461511826	0.336902328	-1.001594076	27.11425377	0.472495988027307	0.335817165925742
TUBGCP5	-0.139903325	0.461709432	0.337111849	-1.001141791	17.4902456	0.472225982380011	0.335631253402697
ARL6	-0.116016728	0.461821766	0.337271443	-1.000797419	21.24977478	0.472020429260114	0.335525602317652
MYCBP2	0.128978514	0.461821766	0.337324436	1.000683095	18.33540558	0.471952197098479	0.335525602317652
KTN1	-0.047859609	0.462561574	0.337930197	-0.99937721	28.16127405	0.471172998504742	0.334830447857888
ATG14	-0.178851761	0.462856586	0.338211152	-0.998772112	18.3637525	0.47081207630004	0.334553552301752
ZPR1	-0.108769869	0.463042178	0.338412223	-0.998339287	23.28062811	0.47055395920989	0.334379447776077
MAP7	-0.062992413	0.463100471	0.338520291	-0.998106737	23.36084081	0.470415294467103	0.334324777303241
C17orf75	0.330714424	0.463457693	0.338846931	0.997539848	19.28560506	0.469996443492455	0.333989904529726
PDCL	-0.537194378	0.463475507	0.338925474	-0.99978772	19.76898879	0.469895787899535	0.333973211801703
STAT3	0.064184708	0.463904398	0.339304687	0.99642042	24.40189977	0.469410141167798	0.33357151017562
WASHC3	-0.20621258	0.465154908	0.340285079	-0.994316724	16.98453558	0.468157093660682	0.332402392301162
STXBP1	-0.258033074	0.465902699	0.340897988	-0.993003796	18.5501478	0.467375561995152	0.331704773652635
ADARB1	0.16886716	0.465928622	0.340982821	0.992822209	19.02716472	0.46726750057595	0.331680610017857
SRSF5	0.09069357	0.465998567	0.341140311	0.992485183	24.24974702	0.46706695895535	0.331615418814183
ARIH2	0.124009546	0.465998567	0.341195837	0.992366386	22.2206746	0.466996276387744	0.331615418814183
ZNF652	0.15905784	0.465998567	0.341231633	0.992289807	16.72140602	0.466950715486485	0.331615418814183
CLIP1	-0.069174292	0.466091865	0.34136584	-0.992002751	24.61029577	0.466779940285611	0.331528477021162
RAB11A	0.255495394	0.466499541	0.341802872	0.991574239	22.14229131	0.466224292438828	0.331148779229947
LIN54	0.122662573	0.466499541	0.341838703	0.990991996	19.11593758	0.466178767982258	0.331148779229947
NMRAL1	0.091929067	0.466499541	0.341862259	0.99094167	22.520873	0.466148841914026	0.331148779229947
SDCBP2	0.119455506	0.466854306	0.342188235	0.990245512	23.81811267	0.46573492630402	0.33081863115205
MYORG	-0.525858474	0.467037063	0.342404926	-0.991308513	18.79373552	0.465459995983117	0.330648653443128
DDX60	0.148281326	0.467037063	0.342454233	0.9896778	17.65861342	0.465397461204178	0.330648653443128
ZNF507	-0.213279187	0.467448679	0.342849453	-0.988834883	17.48066336	0.464896539094249	0.330266063188425
RPS19	-0.061693172	0.467448679	0.34288821	-0.988752262	27.78870101	0.464847447576716	0.330266063188425
IBA57	-0.217358417	0.467669199	0.343116079	-0.988266627	19.16492987	0.464558929692722	0.330061232068889
HNRNPD	-0.055219606	0.467901114	0.343352372	-0.987763284	28.31878808	0.464259947999053	0.329845920818769
ADD2	0.125054958	0.467984607	0.343479797	0.987491955	18.5313107	0.464098802445629	0.329768431551735
TOMM34	-0.071372091	0.468427277	0.343870915	-0.986659585	24.62529258	0.463604555754557	0.329357823450942
DHRS11	-0.232950116	0.468828892	0.344232014	-0.985891709	17.8389774	0.463148742210079	0.328985632379186
MBD1	0.168812692	0.468952228	0.344388864	0.985558349	17.94559899	0.462950900138075	0.328871396459126
MAPK14	0.093520415	0.46897175	0.344469495	0.985387022	22.41527006	0.46284923163664	0.328853317601829
AP5Z1	0.254575127	0.469726265	0.345090104	0.984069315	19.34754453	0.462067494605398	0.328155155325259
THAP12	-0.154727848	0.470085829	0.345420715	-0.983368045	21.30650575	0.461651621196967	0.327822840664259
TTC3	-0.186391333	0.470177894	0.34555483	-0.983083706	17.31402135	0.461483032292212	0.327737793627718
CEPT1	0.261945937	0.470469984	0.345885057	0.98238393	19.56670636	0.46106820006319	0.327468079354687
B4GAT1	0.169760053	0.470469984	0.345902514	0.98234695	18.49065239	0.461046281546321	0.327468079354687
VARS1	-0.04709634	0.470611725	0.34613864	-0.981846895	27.18914282	0.460749917024585	0.327337256846852
PDRG1	-0.124021686	0.470611725	0.34613978	-0.981844482	22.5042998	0.460748486687614	0.327337256846852
FMNL2	-0.147196138	0.471172415	0.34661878	-0.980830839	20.01550998	0.460147910665909	0.326820143441592
PRKACB	-0.090446906	0.471502148	0.346928001	-0.980177013	23.79334739	0.45976064628356	0.326516324427348
USF2	0.164600244	0.4716656	0.347114944	0.979781938	20.85690742	0.459526688670767	0.326365797010529
BIN1	0.267751744	0.471707919	0.34721277	0.979721592	20.85316992	0.459404310458257	0.326326832787299
SAMM50	-0.112591653	0.472055476	0.347535329	-0.979040214	25.25307756	0.45900104025412	0.326006960041926
ERC1	0.069865081	0.472165017	0.347722369	0.9784993	24.54883346	0.458767370229067	0.325906193213821
ANAPC2	-0.08801417	0.472165017	0.347749468	-0.978442116	22.01801724	0.458733525735171	0.325906193213821
NPC1	0.175415821	0.472964494	0.348405143	0.977205081	22.72847558	0.457915442757271	0.325171461035256
SLC66A2	0.120959154	0.47317658	0.348628263	0.976589411	17.91806924	0.457637407910511	0.32497675903243
PIK3C2B	-0.223790135	0.474359422	0.349631262	-0.974478959	19.77293847	0.456389742207284	0.32389246879054
ODR4	-0.157666127	0.474359422	0.349633874	-0.974473468	22.49944331	0.45638649772353	0.32389246879054
PRKRA	0.092607476	0.474471504	0.349783559	0.974158885	25.62732923	0.456200607674329	0.323789865485751
ALKBH1	0.371181021	0.474832925	0.350184248	0.973747967	19.2283233	0.455703393262675	0.32345917461624
SC5D	0.378861238	0.474832925	0.350173562	0.97367784	18.70354627	0.455716646119337	0.32345917461624
MAL2	-0.106729857	0.475656305	0.350858722	-0.971902123	22.63798654	0.454867722870697	0.322706742145317
ASB6	-0.158886724	0.475826345	0.351051413	-0.971498191	19.06364551	0.454629274568153	0.322551516120988
GOT1	0.042949494	0.476575296	0.351700698	0.970138284	26.44628504	0.453826769763104	0.321868473716269
S100A9	0.145135455	0.476575296	0.351738708	0.970058728	22.01295677	0.453779835988475	0.321868473716269
COG4	0.408678056	0.476989817	0.352112076	0.972503868	21.62865551	0.453319080154953	0.321490892381091
TBCB	-0.095052505	0.477393427	0.352477505	-0.968513651	25.72632004	0.452868594321109	0.321123564879498
RBM15B	-0.090429294	0.478019707	0.353007485	-0.96740671	23.3565337	0.452216085944377	0.32055419864953
SH3BP5L	0.136929886	0.478455365	0.353396845	0.966594234	16.97028961	0.45173733203697	0.320158571237964
COIL	-0.156932707	0.478509404	0.353504403	-0.966369908	21.74884327	0.4516051725695	0.320109522745705
PDK2	0.14665531	0.478626745	0.353695778	0.965970887	18.51637049	0.451370124245882	0.320003037270029
GOLM1	0.126366495	0.478626745	0.35372641	0.965907034	22.87300079	0.451332513583385	0.320003037270029
AP1G2	-0.110832025	0.479160675	0.354188743	-0.964943759	22.75318854	0.450765245886407	0.319518831961208
MRPS36	0.145042796	0.479228016	0.354306266	0.964699043	21.93570432	0.450621166986156	0.319457800721945
TRAPPC10	-0.134328514	0.479319728	0.354441829	-0.964416834	20.50046636	0.450455031051588	0.319374695804333
RAE1	0.046778728	0.479453967	0.354608871	0.964069199	24.7479925	0.450250404160484	0.319253083670748
KLF16	-0.152072788	0.47992582	0.355025702	-0.963202235	18.43074446	0.449740205162595	0.31882588440416
TMEM263	0.170781866	0.480000418	0.35514874	0.962946469	20.79302739	0.449589721783192	0.318758384426466
ARHGAP8	0.085027317	0.482625634	0.357159343	0.958775845	23.28032993	0.447137984597896	0.316389614857621
FOXRED1	-0.116277023	0.483165245	0.357626976	-0.957808231	22.12871239	0.446569729568295	0.315904312895973
BBS9	-0.270269862	0.483190631	0.357732212	-0.957590602	17.01727221	0.446441952040043	0.315881495215667
EXOC2	-0.064754552	0.483190631	0.357782376	-0.95748688	25.10844964	0.446381056151151	0.315881495215667
TMEM131	-0.34258721	0.483453514	0.358045371	-0.95708309	18.85830381	0.446061936690119	0.315645278734781
SIGIRR	0.208441037	0.483932019	0.358468162	0.956069937	21.13880011	0.445549410935469	0.315215642171234
C11orf54	-0.114030746	0.484060104	0.358631468	-0.955732806	22.74009486	0.445351606075668	0.315100710225576
MIA3	0.092033226	0.484126863	0.358749366	0.955489483	23.27795252	0.445208857764418	0.315040818765865
SLC25A13	-0.076635819	0.48427815	0.35897746	-0.955018896	25.26401027	0.444932819680563	0.314905125313361
POLE	-0.095487167	0.48427815	0.359031737	-0.954906946	21.55383619	0.444867159792813	0.314905125313361
COG8	-0.143796721	0.48427815	0.35906685	-0.954834531	19.88939598	0.44482468823687	0.314905125313361
WBP4	-0.188378007	0.484556884	0.359342015	-0.954267213	18.617468	0.44449200123152	0.31465523211749
CBL	-0.104905228	0.484698787	0.359515767	-0.953909143	20.25129436	0.444282058352195	0.314528067134814
ARRB1	0.400762389	0.485359471	0.360074428	0.953226978	19.13153805	0.443607720541629	0.313936491407312
VPS8	0.108419815	0.485436557	0.360227014	0.952444673	23.3959186	0.443423721857348	0.31386752115293
SUPT6H	0.051321312	0.485436557	0.360268861	0.952358574	25.88515437	0.443373273487454	0.31386752115293
NIP7	0.215392489	0.485756626	0.36057507	0.952196096	22.33608117	0.443004303502998	0.313581266661045
IKBKB	-0.128370812	0.486407149	0.36112671	-0.950733171	24.19901229	0.442340388680302	0.313000050617651
CEP104	-0.429515308	0.486501942	0.361265861	-0.950775344	17.76916102	0.442173076571555	0.312915421791928
ZNHIT6	0.110967845	0.486778626	0.361540133	0.949746334	22.03098644	0.441843486549208	0.312668499493018
CBLB	0.119978096	0.487170838	0.361900305	0.949007431	21.72167387	0.44141105087975	0.312318716423484
GAPVD1	0.049606038	0.487761649	0.362408147	0.947966465	25.55305117	0.440802047867813	0.311792349742758
CUEDC1	-0.191977927	0.48840941	0.362958477	-0.946839574	19.22799369	0.440143056069248	0.31121597725847
DOCK6	0.286678295	0.488896005	0.363389199	0.946420327	21.41186213	0.439627985350524	0.31078351154685
MGA	-0.606463705	0.488959366	0.363505415	-0.94845479	17.19864663	0.439489115239322	0.31072723055986
SMG6	-0.238768051	0.489471148	0.363964148	-0.944783426	18.60898707	0.438941394077898	0.310272902703917
EMC7	-0.077838063	0.489471148	0.364024274	-0.944660623	23.29515899	0.438869655601601	0.310272902703917
ZNF281	-0.361715386	0.49012759	0.364581761	-0.94373226	18.15930387	0.438205061668939	0.309690849726705
ABLIM1	0.102752339	0.490164973	0.36467886	0.943324605	22.36745847	0.438089411491395	0.309657726491382
UTP18	-0.206860475	0.490927207	0.365320722	-0.942016204	20.44133916	0.437325692707294	0.308982898797364
DTD1	-0.115536478	0.490927207	0.365388005	-0.941879144	22.73731925	0.437245713819322	0.308982898797364
COL9A2	0.217273046	0.490927207	0.365454152	0.941744417	16.84709808	0.437167099642792	0.308982898797364
CGN	-0.06114491	0.491163454	0.36569945	-0.941244949	25.6110332	0.436875692826147	0.308773955215025
FSTL3	0.144907233	0.491378475	0.365929009	0.940777743	16.87982415	0.436603160479936	0.308583871855674
MEIS1	-0.270481294	0.491691755	0.366298072	-0.940162153	20.49603834	0.436165367226705	0.308307074174808
NMI	-0.124509339	0.491691755	0.366301322	-0.940020439	20.52458123	0.436161513941873	0.308307074174808
FYCO1	-0.31169104	0.491915158	0.366745906	-0.942456129	23.18207001	0.435634725505219	0.308109794772789
GOLGA3	-0.151050784	0.491915158	0.366702069	-0.939340786	23.22475017	0.435686639663755	0.308109794772789
AP3M1	-0.075473785	0.491915158	0.366701476	-0.939207111	23.21793912	0.435687341969135	0.308109794772789
MED11	-0.13920078	0.491915158	0.366711284	-0.939187182	19.63952165	0.435675726244645	0.308109794772789
C19orf12	-0.118024601	0.491954233	0.366844583	-0.938916392	20.89838226	0.435517889538854	0.308075298208419
FAM120C	0.25545966	0.492120158	0.367037878	0.938523845	19.23038619	0.43528911461022	0.307928845230368
LLGL2	-0.326343991	0.492519402	0.367505008	-0.938727265	21.42706423	0.43473673839762	0.307576656505318
B4GALT3	-0.364597236	0.492519402	0.367544519	-0.937806539	18.42446299	0.434690049273525	0.307576656505318
MED24	0.173816104	0.492519402	0.367539489	0.937505845	21.55452442	0.43469599281527	0.307576656505318
RWDD1	-0.08615472	0.492535092	0.367625853	-0.937330672	21.47158976	0.434593954792897	0.307562821574432
NME7	-0.130890711	0.492615891	0.367755799	-0.937067157	22.51145382	0.434440470323494	0.307491582626235
ELMOD2	-0.072548884	0.492787613	0.367953657	-0.936666047	22.43069653	0.434206876371503	0.307340217388597
DNAJC3	-0.121375652	0.493183765	0.368319173	-0.935925453	23.77949159	0.43377567318589	0.306991228278584
SFXN2	-0.175501253	0.4936299	0.368722136	-0.935109585	20.11410246	0.433300789016953	0.306598542224963
GNA11	-0.072455746	0.494196303	0.369215078	-0.934112394	23.38434303	0.432720571572218	0.306100507806269
PNP	0.045331385	0.494664427	0.369634741	0.93326418	28.67167959	0.432227217334125	0.305689320104976
EVI5	0.143787331	0.494807046	0.369815937	0.932898161	17.42329735	0.432014377108646	0.305564124691397
TNFRSF12A	0.18327868	0.494807046	0.369884081	0.932760542	18.88425565	0.431934359364863	0.305564124691397
UBE2L3	0.057995963	0.494807046	0.369951154	0.932625102	26.18638514	0.431855613632066	0.305564124691397
PSMD6	-0.04799278	0.494811108	0.370024139	-0.932477743	26.25435978	0.431769943250462	0.305560559469441
RAB14	0.055850586	0.494932854	0.370185147	0.932152739	26.0238908	0.431581010503014	0.305453716450861
ATP5MG	0.094376645	0.494951511	0.370321657	0.931877263	23.54425287	0.431420888975228	0.305437345584856
SERPINB1	-0.069382809	0.494951511	0.370339037	-0.931842195	23.84384047	0.431400507069835	0.305437345584856
WIPI2	0.104121583	0.495043289	0.37049308	0.931531433	20.75650177	0.431219899279474	0.305356822577919
ABCB6	-0.06814505	0.495043289	0.37054767	-0.931421327	26.93185904	0.431155913227937	0.305356822577919
ANO10	0.123899689	0.495067103	0.370635479	0.931244243	21.71659514	0.431053010283122	0.305335931394718
CDC27	-0.083289734	0.495314542	0.370890745	-0.930729616	22.48263087	0.430754003677533	0.305118921325749
SEMA4B	-0.143010183	0.495440149	0.371054836	-0.930398935	17.28793358	0.430561903828658	0.305008802387578
CCDC47	0.078163042	0.495611602	0.371253305	0.929999109	24.73534907	0.430329671447462	0.304858535577649
CASP8	0.112015888	0.495688188	0.371380746	0.929742452	23.15561412	0.430180615735468	0.304791429990433
LANCL1	0.06686772	0.496090417	0.371752234	0.928994656	24.03662069	0.429746412958107	0.304439162168042
TUBAL3	0.258024833	0.496144262	0.371862719	0.928772353	17.77931042	0.429617359538746	0.304392026975338
CST3	0.218851972	0.496387776	0.372115405	0.928264109	20.31585518	0.429322350489061	0.304178921937839
UPRT	-0.299687839	0.496717763	0.372432996	-0.927674774	19.20132819	0.428951849318197	0.303890309030457
HEATR5A	-0.13762136	0.497326113	0.372999742	-0.926487286	17.71046495	0.428291468588136	0.303358736757986
GBP3	-0.158181461	0.497326113	0.373029737	-0.926427073	17.68651384	0.428256545938674	0.303358736757986
ZDHHC21	-0.1425313	0.49748307	0.373217791	-0.926049634	17.22498976	0.428037661954032	0.30322169427642
AKIRIN2	0.193335387	0.497644974	0.373409602	0.925664794	18.37977169	0.427814518625829	0.303080377759731
PRPF4	-0.067484488	0.498137889	0.373849881	-0.924781961	24.5063191	0.427302753257375	0.302650424021852
MED10	-0.370252869	0.498742727	0.374398077	-0.924672644	20.34458413	0.426666390570774	0.302123424431606
LPCAT3	-0.124280086	0.498742727	0.374444815	-0.923590175	17.73902106	0.426612178784194	0.302123424431606
SSU72	0.153051534	0.499162085	0.374830222	0.922818827	21.37725675	0.42616539985821	0.301758409905425
HNRNPH2	-0.0582291	0.499324566	0.375022818	-0.922433576	25.0308337	0.425942307125597	0.301617066799303
NDRG2	-0.150930365	0.499765383	0.375424547	-0.921630441	21.44796718	0.425477334596614	0.301233829227463
NSRP1	0.220439332	0.500104768	0.37575019	0.920979859	20.21461374	0.425100791137779	0.300939004868012
PTK2B	-0.11727844	0.50051903	0.376132198	-0.920217172	22.42610027	0.424659488127186	0.300579405763332
ABCC1	0.125703178	0.500623145	0.376281207	0.919919817	23.10910076	0.424487471555259	0.30048907579567
TASOR2	0.194018833	0.501284202	0.376848938	0.918787642	18.82328072	0.42383270427806	0.29991598198646
SMARCAD1	-0.096006357	0.501587919	0.377173134	-0.91814166	21.49392406	0.423459249580222	0.299652932254733
STK38L	-0.190116161	0.501587919	0.377219074	-0.918050154	20.70069994	0.423406355373968	0.299652932254733
TRIAP1	-0.176124334	0.501826263	0.37746926	-0.91755195	19.61075825	0.423118410275747	0.299446613691973
CHRDL1	-0.387593861	0.501900723	0.377596218	-0.917734739	17.55671376	0.422972364241437	0.2993821787059
TARBP2	-0.104892386	0.503049578	0.378531652	-0.915438936	21.5743267	0.421897799878023	0.298389210986272
IFIT5	-0.366691648	0.503098317	0.378837582	-0.915264532	19.09577622	0.421546944015095	0.298347135504376
LSM3	-0.108148743	0.503098317	0.37864112	-0.915221449	23.80918463	0.421772223918521	0.298347135504376
TARS1	-0.039092248	0.503098317	0.378713576	-0.915077519	28.10996014	0.421689126154044	0.298347135504376
RBM7	-0.195496031	0.503098317	0.378852804	-0.914801005	21.19332352	0.421529494062644	0.298347135504376
DLD	0.05711021	0.503365398	0.379125083	0.914260449	25.99553651	0.421217481603303	0.298116641735917
UBAC2	0.097897308	0.503718036	0.379461891	0.913592159	21.12788867	0.420831833363916	0.297812498626025
WWTR1	0.13023668	0.50380984	0.379602268	0.913313745	21.97221249	0.420671201468816	0.297733354471949
NCOR1	-0.286965596	0.504377066	0.380100952	-0.915143197	22.86306515	0.420101042662539	0.297244668998416
PLPBP	-0.091093738	0.504501452	0.380266009	-0.911998307	23.95777051	0.419912493319651	0.297137579487169
ESF1	-0.074235326	0.50475919	0.380531631	-0.911472329	22.47104592	0.419609237453717	0.296915765242262
TPPP3	-0.427634186	0.504832792	0.380658484	-0.911998462	18.55150028	0.419464486340067	0.296852442745484
CSRP2	-0.129342313	0.504849399	0.380742373	-0.911169119	23.57973247	0.41936878765624	0.296838156411574
IGF2	-0.175005504	0.505038528	0.380956402	-0.910631741	20.3014111	0.419124723679338	0.296675489486201
GNPTAB	0.162609574	0.505589842	0.381443736	0.909668147	18.16226309	0.418569512615436	0.296201660215513
PFKFB3	-0.366889329	0.505658337	0.381566893	-0.909853235	19.55961021	0.418429314290696	0.296142827969975
TXNL4A	-0.766879171	0.505722808	0.381687033	-0.912823145	19.62955416	0.418292594025763	0.296087459329341
COG6	-0.143037241	0.50575015	0.381833497	-0.908898097	19.85870604	0.418125975040999	0.296063979750113
LYSMD2	0.238220103	0.50575015	0.381891537	0.908783475	19.71541575	0.418059965808209	0.296063979750113
NSFL1C	0.067426247	0.50575015	0.381922151	0.90872302	25.26323658	0.418025152367484	0.296063979750113
RAD18	-0.449273383	0.505830767	0.382054536	-0.909438964	18.23794244	0.417874639723471	0.295994758360636
PEX6	-0.138010319	0.505881648	0.382201026	-0.908172472	19.01215664	0.417708151437101	0.295951075319438
SH3BGRL2	-0.139816581	0.505881648	0.382235992	-0.908103463	20.26344571	0.417668421438404	0.295951075319438
MRPL39	-0.115042136	0.506394564	0.382745899	-0.907097603	22.52154596	0.417089453931365	0.295510964992034
REXO2	0.068741026	0.506394564	0.382766714	0.907056563	23.27775481	0.417065836189503	0.295510964992034
SNRNP70	0.081639771	0.506650545	0.383047731	0.906502637	25.39658258	0.416747105879059	0.295291485845152
EIF4ENIF1	0.159239878	0.506650545	0.383103445	0.906392851	20.54519765	0.416683942671678	0.295291485845152
PLAA	0.066126521	0.50741446	0.383752808	0.905114068	25.57363915	0.415948433679074	0.294637160668236
AGTRAP	0.110797707	0.507720274	0.384055865	0.904517776	23.18369592	0.415605598297643	0.294375494246512
EI24	0.362114124	0.507811459	0.384196625	0.905209709	20.42465319	0.415446454545419	0.29429750329625
COX5A	0.039356285	0.508746311	0.38498361	0.902694377	25.17972008	0.414557759421568	0.293498726893313
COPS8	-0.08385587	0.508746311	0.385047745	-0.902568438	23.20161687	0.414485415674835	0.293498726893313
MOCS1	-0.068353897	0.508783799	0.385148041	-0.90237152	22.80006424	0.414372306773449	0.293466726205795
CTDSP1	-1.045821849	0.50884213	0.385264129	-0.905726372	18.31944259	0.414241425200805	0.293416938104432
RELB	0.156234364	0.509110557	0.385539335	0.901603607	20.08242546	0.413931306064482	0.293187897267692
DDX58	0.101489378	0.50937793	0.385813818	0.901065257	22.88953868	0.413622222068794	0.292959875797328
SP140L	-0.082135681	0.510003563	0.386359781	-0.899995233	22.67810725	0.413008088775343	0.292426789812193
TSFM	0.057067472	0.510140482	0.386535621	0.89965083	24.65590524	0.412810477707098	0.292310211831238
TNS3	-0.232206562	0.510189383	0.386789039	-0.899912621	22.34817278	0.412525841645048	0.29226858326541
TARDBP	0.092067583	0.510189383	0.386659363	0.899408532	24.47637401	0.412671468868835	0.29226858326541
FEM1B	-0.213731366	0.510189383	0.38675079	-0.899229543	17.06800543	0.412568790512136	0.29226858326541
GNG7	-0.528646988	0.511037259	0.38750408	-0.899840532	18.56964731	0.411723720481134	0.291547434917721
EEF2K	-0.254970948	0.511158815	0.38766851	-0.897434527	18.8529437	0.411539474950135	0.291444145340244
RPS15	-0.17775331	0.512500399	0.388758431	-0.897234291	24.70894305	0.410320179323118	0.290305792158197
TAF2	0.131149508	0.512570401	0.38888399	0.895061619	20.37041256	0.410179935993139	0.290246476289733
NR2F2	-0.166162469	0.513507879	0.389667839	-0.893534067	16.90979992	0.409305436961248	0.289452888425084
CDKN2AIP	-0.147328801	0.514436826	0.390445479	-0.892143044	23.01074167	0.408439601537145	0.288667949966931
GXYLT1	-0.12582237	0.514453115	0.390530566	-0.891855247	20.07882022	0.408344969147421	0.288654198791933
DDX39B	-0.064114776	0.514544797	0.390672901	-0.891578517	27.64899495	0.408186712538542	0.288576808961825
CHMP1A	-0.105162232	0.514702989	0.39086577	-0.891203648	22.83977899	0.407972361164161	0.288443309693415
NFYB	-0.408139344	0.514825128	0.391104076	-0.891458196	18.85572191	0.407707657903446	0.288340263855039
CPSF2	-0.075873142	0.514825128	0.391071979	-0.890802991	25.15079391	0.407743300901987	0.288340263855039
DNAJB1	-0.058139686	0.515355025	0.391636173	-0.889707524	24.33377058	0.407117201933337	0.287893484983007
NHP2	-0.10524447	0.515355025	0.391652334	-0.88967616	23.27224157	0.407099280993453	0.287893484983007
ANP32A	-0.047738837	0.515659003	0.391956243	-0.889086544	27.66979734	0.406762413806972	0.28763739540855
MAPKAP1	-0.353615365	0.515678599	0.392315699	-0.889326729	20.41874899	0.406364312689596	0.287620891725077
USP37	-0.381707994	0.515678599	0.392408524	-0.88861954	17.73244085	0.406261567331956	0.287620891725077
TMEM63B	-0.2756837	0.515678599	0.392149504	-0.888711757	19.0220823	0.406548329959512	0.287620891725077
ARAP1	-0.078539725	0.515678599	0.392202222	-0.888609545	22.93533983	0.406489950189894	0.287620891725077
LARP4B	-0.062162712	0.515678599	0.392217975	-0.888579004	22.95316981	0.406472506883359	0.287620891725077
ENGASE	-0.162079482	0.515678599	0.392383182	-0.888258762	20.9530626	0.406289615260292	0.287620891725077
TTC21B	-0.341858	0.515736919	0.392525809	-0.88837383	19.14535467	0.406131782644122	0.287571778533023
PQBP1	0.109300901	0.51589532	0.392757726	0.887533079	22.95263028	0.405875263127798	0.287438411858024
R3HCC1L	-0.14858833	0.51589532	0.392792224	-0.887466263	18.51370106	0.405837118408811	0.287438411858024
KNOP1	-0.244909218	0.516486069	0.39331502	-0.886862575	21.39672756	0.405259468340918	0.286941388061149
BANF1	0.097700411	0.516640399	0.39350558	0.886130575	25.07533131	0.405049104865204	0.286811636922316
MBD4	0.644483046	0.516972088	0.393831295	0.888373585	17.76629834	0.404689776502125	0.286532904400864
ARIH1	0.104595716	0.517008587	0.393998843	0.885131789	22.73329351	0.404505053502988	0.286502243645427
ELOC	-0.094210795	0.517008587	0.394005272	-0.885119364	24.34749309	0.404497967044501	0.286502243645427
COA1	-0.415148404	0.51724413	0.394404133	-0.885083531	18.31799275	0.404058542692061	0.286304429271361
GALM	-0.10165067	0.51724413	0.394391909	-0.884372375	21.74123894	0.404072003245777	0.286304429271361
H2AZ2	0.141455941	0.51724413	0.394396187	0.884364113	22.70055819	0.404067292444986	0.286304429271361
CDK5RAP2	0.347701021	0.517584342	0.394916951	0.883636642	18.05072056	0.403494224663641	0.286018870449589
PFN2	0.042228111	0.517584342	0.394927891	0.883337678	25.82193018	0.403482193992857	0.286018870449589
MTERF2	-0.221030186	0.517584342	0.394944463	-0.883305701	17.31383997	0.403463970470743	0.286018870449589
S100A8	-0.156828769	0.517584342	0.394956217	-0.883283023	20.52863914	0.403451045561397	0.286018870449589
RIMBP3	-0.278621314	0.51840147	0.395653031	-0.881939349	16.60431403	0.402685502901131	0.285333775632866
SEC24B	0.083460829	0.518669792	0.395931139	0.881403521	23.24220027	0.402380340723008	0.285109045142603
TMEM11	0.073425731	0.518705892	0.396032022	0.881209215	22.95882561	0.402269696863262	0.285078818810822
SMURF2	0.090443545	0.519178602	0.396466328	0.880373104	23.15541939	0.40179369153621	0.284683215331007
MAP4K3	-0.181807548	0.519593386	0.396856526	-0.879622444	18.47437898	0.401366473661267	0.28433638577835
CUX1	0.085128638	0.519938817	0.397263777	0.878839512	22.42882927	0.400921032644619	0.284047758293281
POP4	-0.099516838	0.519938817	0.39726736	-0.878832626	22.07218575	0.400917115675085	0.284047758293281
PUS1	-0.113924896	0.520399945	0.397693257	-0.878014441	22.60176124	0.400451772535563	0.28366275801014
GLRX5	0.090409089	0.52064601	0.397954902	0.877512097	22.16550066	0.40016614129887	0.283457455500358
RPF1	-0.123807449	0.521834645	0.398937201	-0.875628138	18.89744324	0.399095463725975	0.282467091136809
SMARCC2	-0.079288429	0.521953271	0.399101674	-0.875313002	24.4273019	0.398916450598743	0.282368376413938
ZC3HAV1L	0.293204631	0.522189927	0.399358472	0.875219621	20.89062079	0.39863709800045	0.282171509936493
DDX27	-0.090296497	0.522189927	0.399430265	-0.874683679	24.81817014	0.398559031542127	0.282171509936493
KIF26A	0.074928314	0.52315859	0.400245164	0.87312449	25.89672175	0.397673906781062	0.281366639389893
TNIK	0.158127786	0.523249574	0.40038874	0.872850003	19.70134224	0.39751814454094	0.281291116566963
WNT6	0.310168703	0.523539675	0.400729407	0.87315946	21.27791223	0.397148786269034	0.281050400937068
RETREG3	0.195617724	0.523539675	0.400770917	0.872119686	19.81183606	0.397103801723376	0.281050400937068
PAPOLG	-0.254434129	0.523539675	0.400832751	-0.87200157	17.78198363	0.397036800620164	0.281050400937068
MYO9B	0.205120418	0.523661015	0.400999677	0.871682767	21.0037642	0.396855977198207	0.28094975682334
SLC16A1	-0.083471261	0.523969828	0.401310225	-0.871089909	24.15979428	0.39651977471793	0.280693720478819
CSNK1D	-0.083172768	0.525149895	0.402288278	-0.869224769	22.36200027	0.395462621851022	0.279716717013381
RPS14	0.039907237	0.525463753	0.402625635	0.868582148	26.56519048	0.39509857722527	0.279457236657657
IFT74	0.072395904	0.525463753	0.402707969	0.868425368	23.28351724	0.395009776256777	0.279457236657657
BDH1	-0.171691478	0.525463753	0.402818009	-0.868215864	20.69640807	0.394891121448885	0.279457236657657
RIC1	-0.144791148	0.525463753	0.402825831	-0.868200972	17.29173828	0.394882688314369	0.279457236657657
TAF8	-0.14783734	0.525577002	0.402986946	-0.867894301	18.20109118	0.394709021779458	0.279363646726463
TERF2	0.203445034	0.525651507	0.403118381	0.867644187	18.4052859	0.394567398857929	0.279302086161559
DFFB	-0.140938605	0.525830447	0.403329941	-0.867241712	19.49122943	0.394339537158195	0.279154270680663
NAP1L4	-0.054913679	0.52590026	0.403457833	-0.866998478	25.85458338	0.394201848432276	0.2790966144755
ATP5PB	0.118913061	0.526076599	0.403667484	0.86699144	25.33111078	0.393976232229796	0.278951016110467
RNF13	0.1758955	0.526159163	0.403805215	0.866338067	18.58129307	0.393828076598179	0.27888286201236
CRK	0.056764498	0.526293982	0.403983082	0.866000073	24.58426788	0.393636821889122	0.278771595970058
CCPG1	-0.36722116	0.527390353	0.40489921	-0.86465041	16.54265655	0.392653070583959	0.277867818564551
LAMA1	-0.836637536	0.527514086	0.405068775	-0.867244061	19.77373118	0.392471233409494	0.277765939081653
UBE2K	0.07163695	0.527516992	0.405145578	0.863793498	25.28560568	0.392388896879488	0.277763546621771
H2AC21	0.598422837	0.52757462	0.405264417	0.866870461	22.55438563	0.39226152648025	0.277716105201247
PRKACA	-0.081136848	0.528053892	0.405707224	-0.862728954	22.94827625	0.391787259203721	0.277321752080114
ARAP2	-0.149354189	0.528058767	0.405785618	-0.862580446	20.50412187	0.391703349451328	0.277317742686643
PALS1	-0.103402013	0.529088465	0.40665168	-0.860941079	23.12211556	0.390777429159425	0.276471706699765
RPS28	0.074862869	0.529476497	0.407024766	0.860235594	25.56642817	0.39037916470621	0.276153313081991
AVL9	0.141986154	0.529671404	0.407249473	0.859810895	20.61791134	0.390139469016605	0.27599347320418
BCL9	-0.144999927	0.529779543	0.407407508	-0.859512301	20.90359165	0.38997097176952	0.275904815638156
UBR3	-0.146879751	0.529809613	0.407548486	-0.859246003	17.75456957	0.389820715882009	0.275880166018064
TMA7	0.0763006	0.529809613	0.407580423	0.859185683	24.96170817	0.389786684300691	0.275880166018064
GNB4	-0.409111022	0.529880997	0.40778515	-0.860423975	20.16574446	0.389568593639988	0.275821655209248
ATP6V1D	-0.052208086	0.529880997	0.407744384	-0.858876066	24.28060278	0.389612011929886	0.275821655209248
DTNB	0.26135844	0.530365084	0.408255099	0.857912188	19.54452987	0.389068382332301	0.27542507496012
GNPAT	0.161706614	0.530365084	0.40830764	0.857813073	21.99315901	0.389012493751264	0.27542507496012
PPP2R3B	0.120975435	0.530710085	0.408648266	0.857170714	21.43992736	0.38865033956478	0.275142659462691
SF3A1	-0.063696039	0.531164011	0.409072877	-0.85637048	26.18573992	0.388199314829984	0.274771358251478
CHPF2	0.225475925	0.53134244	0.409285405	0.855970154	17.71667065	0.387973741895109	0.274625494231985
ABT1	-0.143988241	0.53135817	0.409442018	-0.855675243	17.83329581	0.3878075909623	0.274612637455323
TIPRL	0.059504977	0.53135817	0.40944775	0.85566445	25.45741769	0.38780151108179	0.274612637455323
PPIL3	0.079280784	0.53158308	0.409696205	0.855196754	23.07457876	0.387538058881108	0.27442885086621
DCK	-0.046398085	0.53217358	0.410226539	-0.854199081	23.8828805	0.386976247018782	0.273946689997002
LDLR	-0.512782265	0.532394105	0.410471791	-0.856530088	20.32886748	0.386716683694347	0.273766761950452
MICAL1	0.236351919	0.533219537	0.41118357	0.852400894	19.69778833	0.385964247127796	0.273093946550282
HELZ2	-0.166589588	0.533238779	0.411273788	-0.852231526	20.66994427	0.3858689688028	0.273078274687075
AP4E1	-0.164351787	0.533397849	0.411471878	-0.851859738	16.72028171	0.385659841245798	0.272948739994688
CRADD	-0.336244032	0.534204451	0.41216962	-0.850929488	19.6846417	0.384924022145821	0.272292497751026
LLGL1	-0.049987049	0.534517909	0.412487032	-0.849956311	23.63016164	0.384589700494348	0.27203773919313
PI4K2A	0.060638272	0.534539199	0.412579025	0.849783978	24.50267276	0.384492854788237	0.272020441465157
ELAVL1	-0.049636474	0.536443745	0.414124864	-0.846891975	25.98709059	0.382868693733731	0.27047581427034
TMEM19	-0.144218558	0.536619938	0.4143828	-0.846410127	18.68419665	0.382598279373138	0.270333195244927
BRD9	-0.143117615	0.536619938	0.414412598	-0.846354473	20.0705169	0.382567050659734	0.270333195244927
VAPB	-0.089818682	0.536785327	0.414616204	-0.846145133	26.63417718	0.382353728845469	0.270199364094703
ARID4B	-0.238328193	0.53736476	0.415139725	-0.84509634	20.3522141	0.381805706701406	0.269730817693252
PRAG1	-0.389997819	0.537391149	0.415236079	-0.845191272	17.07657247	0.381704918575125	0.269709490809651
CTSL	-0.178174349	0.537506856	0.415401468	-0.844509118	21.38183476	0.381531973031606	0.269615991870072
GDPGP1	0.41638118	0.53761641	0.415562133	0.845114204	19.05259723	0.381364033247672	0.269527483511375
PAN2	-0.160453574	0.538300969	0.416167373	-0.843081861	17.5513499	0.380731970932395	0.268974838406541
PAXX	0.098538797	0.538547315	0.416433957	0.842585497	23.88903216	0.380453864328554	0.268776135001623
ZNF598	-0.096605627	0.538821077	0.416721814	-0.842049762	23.07780816	0.380153765077002	0.268555424371171
CLN3	0.22444218	0.539030262	0.416959796	0.841607038	19.16857623	0.379905818448553	0.268386852158937
PPIH	-0.05180719	0.539172088	0.417145722	-0.841261271	24.66146499	0.379712205924868	0.268272598559794
CDS1	0.097570535	0.53929614	0.417317934	0.8409411	21.77364475	0.379532951329796	0.268172688153706
MTX2	-0.187142556	0.539495991	0.417548848	-0.840882196	22.75518602	0.379292710178241	0.268011778215634
TSPAN15	0.203124204	0.539514755	0.417639638	0.840343236	20.87713629	0.379198289345511	0.267996673451035
PRKD3	0.288573033	0.540356615	0.418455852	0.838936967	19.40632336	0.378350354263697	0.267319527567253
ARHGAP12	-0.085358058	0.540356615	0.41856706	-0.838621404	20.70884877	0.378234952354537	0.267319527567253
ISCA2	-0.209137263	0.540356615	0.41858606	-0.838586156	20.04412628	0.378215238887644	0.267319527567253
ADSL	0.047303155	0.540356615	0.418648703	0.838469949	25.75321698	0.37815024992521	0.267319527567253
STYX	0.105841551	0.540356615	0.418673255	0.838424407	18.3727337	0.378124781112358	0.267319527567253
FCGRT	0.496396683	0.541204768	0.419432934	0.838718683	17.68689102	0.37733747159859	0.266638385934414
AIF1L	0.092679924	0.541204768	0.419535386	0.836826344	21.76944396	0.377231402424295	0.266638385934414
ZNF609	0.096081645	0.541204768	0.4195754	0.836752227	21.17966644	0.377189982722149	0.266638385934414
DICER1	-0.162979928	0.541204768	0.419636437	-0.836639179	20.93763069	0.37712680908429	0.266638385934414
POLD2	-0.221767407	0.541567054	0.420067353	-0.836008524	21.22520413	0.376681069861434	0.266347763638293
KDF1	0.285876932	0.541567054	0.420147016	0.835802432	18.96132308	0.376598716589002	0.266347763638293
PSMA5	-0.05273745	0.541567054	0.420112704	-0.835757439	26.67787936	0.376634185413502	0.266347763638293
PFKFB2	0.072937487	0.542140669	0.420668664	0.834729002	23.85464354	0.376059837777983	0.265888012642311
FBXL18	0.122562778	0.542595184	0.421098044	0.833935337	20.61579517	0.375616775872491	0.265524065295224
UBE3B	0.501146539	0.543494678	0.421872954	0.834294096	17.69743571	0.374818316061735	0.26480470424843
CENPM	-0.469135179	0.543564947	0.422158018	-0.834063148	19.62394941	0.374524957805927	0.264748557486487
STK26	-0.157339199	0.543564947	0.422022121	-0.832229095	22.10938822	0.374664784165233	0.264748557486487
GGA2	0.209179501	0.543564947	0.422134665	0.832021461	20.65687153	0.374548982837158	0.264748557486487
GNG10	-0.159807804	0.543791853	0.422483458	-0.8313782	20.97844642	0.374190290832541	0.264567303228196
MED23	-0.090758547	0.543791853	0.422487987	-0.831369849	22.60564058	0.374185635243952	0.264567303228196
ALDH1A3	0.724277432	0.544234007	0.422908445	0.833670406	21.27598699	0.37375364240032	0.264214324388295
BUD31	-0.197287413	0.544403101	0.423116801	-0.830573142	22.06462462	0.373539729486188	0.264079409656519
KIF18A	0.125255626	0.54441821	0.423205504	0.830047685	20.16868767	0.373448692718418	0.264067356704834
EED	-0.158074791	0.545588201	0.424192127	-0.828232066	19.96673662	0.372437396244224	0.263135030389702
PEX26	0.193942501	0.545816424	0.424463977	0.82773229	18.50751221	0.372159161141955	0.262953400243159
GLUD1	0.049120716	0.545816424	0.424523885	0.827622182	26.27418839	0.372097870009232	0.262953400243159
RUSF1	-0.181352461	0.545998393	0.424742601	-0.827220281	20.67362844	0.371874177786426	0.262808635522844
CCP110	-0.185491554	0.546030273	0.424844589	-0.82703292	17.38096096	0.371769908733516	0.262783278481371
MTPAP	0.099037961	0.546152636	0.425017	0.826716252	22.29888366	0.371593698517839	0.26268596588753
EPS8	0.10940203	0.546186509	0.425120571	0.826526065	22.19647196	0.371487879611482	0.262659031291151
CLPP	0.121410799	0.546636258	0.425547904	0.825741674	20.14490443	0.371051544223724	0.262301565239258
PPME1	-0.083126125	0.54700324	0.42591092	-0.825075751	24.13671706	0.370681224835983	0.26201010125349
MRM3	-0.105999982	0.547429402	0.426320126	-0.824683016	25.584343	0.370264164410284	0.261671880686507
COG1	-0.111403275	0.547615784	0.426542688	-0.823917719	21.47459567	0.370037498528999	0.261524042632073
GNE	-0.074535104	0.54826731	0.427127671	-0.822846452	22.18163822	0.369442292367757	0.261007647805832
PPP5C	-0.083866523	0.548356267	0.42727449	-0.822577738	24.20851105	0.369293035530458	0.260937188743813
PPP2R1B	-0.082607438	0.54906198	0.427901993	-0.821429942	23.81752869	0.368655690737645	0.260378628131589
C1orf50	0.14299439	0.549393232	0.428237812	0.820816136	19.91647139	0.368314988564364	0.26011669497581
ZNHIT2	0.154263089	0.549407598	0.428380061	0.82055623	19.78276931	0.36817075165717	0.260105338823982
FGD4	0.060480574	0.549407598	0.428404342	0.820511872	24.26947048	0.36814613611963	0.260105338823982
DES	-0.141489125	0.549629549	0.428655106	-0.820053852	18.7101537	0.367891998732027	0.259929926926165
PDCL2	-0.091564864	0.549981172	0.429007084	-0.819523254	25.8112733	0.367535536447656	0.259652177844787
BRAWNIN	-0.164765453	0.55081762	0.429737411	-0.818079049	20.92514922	0.366796836952286	0.258992175629391
TSEN54	-0.118430591	0.550975263	0.429938288	-0.817712883	18.57124073	0.36659387722147	0.258867899122373
EHHADH	0.062893087	0.551049399	0.430078704	0.817456995	24.32538955	0.366452061664149	0.25880946693502
IMPACT	0.267708612	0.551049399	0.430151934	0.817330103	18.66124395	0.36637812013363	0.25880946693502
GMIP	-0.18947973	0.551205308	0.430370912	-0.816924664	18.84693327	0.366157089536818	0.25868660890883
FBXO6	0.112810116	0.551205308	0.430470711	0.816742909	21.46275169	0.366056392372471	0.25868660890883
PYGM	0.234367917	0.551205308	0.430507397	0.816676103	18.42480669	0.366019382076333	0.25868660890883
FAF1	-0.074995874	0.551654952	0.430936566	-0.815894856	22.35237297	0.36558665342089	0.258332478968848
CUEDC2	-0.167233965	0.55174443	0.431084459	-0.815625754	21.69834035	0.365437633588242	0.258262042457154
SNX1	0.055527435	0.552085279	0.431428813	0.814999413	24.49756119	0.365090853881026	0.257993832889391
VPS53	-0.491420729	0.552229454	0.431697608	-0.816372857	18.48931128	0.364820357726125	0.257880433320567
CDKN2A	0.070484295	0.552229454	0.431662395	0.81457474	25.13464984	0.364855783994533	0.257880433320567
TACO1	-0.086630378	0.552543855	0.432021496	-0.813922157	21.60284672	0.364494643551003	0.257633246640768
BMS1	-0.092994725	0.552720731	0.432237926	-0.813529018	22.35647137	0.364277129331799	0.257494245948247
RALB	0.08918497	0.552946201	0.432492413	0.813066913	23.16429844	0.364021506745144	0.25731712139951
GOSR2	-0.084230099	0.554027785	0.433416703	-0.811390062	22.68701102	0.363094355865874	0.256468454460032
SH2D4A	0.070360106	0.554452119	0.43382704	0.81064638	23.4337193	0.362683382343014	0.2561359524038
CNBP	0.084491569	0.554649669	0.434060018	0.810382397	26.87981184	0.362450215915879	0.255981241850205
POGLUT3	-0.099789513	0.554731935	0.434202817	-0.809965735	20.33784745	0.36230736327776	0.255916831786464
AGA	0.265129662	0.55474488	0.434291369	0.810151665	20.96431372	0.362218801613871	0.255906697384388
ETFB	-0.040137267	0.555023581	0.434588015	-0.809268427	25.59659491	0.361922254755339	0.25568856484017
ARL1	0.105896495	0.555386182	0.434950445	0.808612703	22.92912066	0.361560220491343	0.255404929691638
TLR3	0.161597313	0.555669861	0.435251159	0.80806891	16.71670375	0.36126006375656	0.255183158291742
PITHD1	0.063139353	0.556742776	0.436170267	0.806408373	22.23770305	0.360343942879155	0.25434540943302
VPS35	0.035990632	0.557900801	0.437179347	0.804587914	26.51462639	0.359340362952429	0.25344301505561
AMFR	-0.075692714	0.557900801	0.437235234	-0.804487169	21.8147495	0.359284848288629	0.25344301505561
KDELR2	-0.149630537	0.557911784	0.437322709	-0.804329499	22.17020883	0.35919797031734	0.253434465490281
ISCA1	0.12412947	0.558582566	0.437927468	0.803240012	19.68620867	0.358597813824305	0.252912623250398
SGTA	-0.055445786	0.559303831	0.438572003	-0.802079948	23.94242269	0.357959095710696	0.25235220592392
BICD1	-0.277324905	0.559560447	0.438852327	-0.801665854	18.33527483	0.357681594469109	0.252152991565372
FGFR1OP2	0.130950155	0.559779235	0.43910305	0.801124977	20.24197032	0.357433546285342	0.251983215716548
KNSTRN	-0.131176505	0.559930558	0.439361756	-0.800660026	22.13512712	0.357177748692278	0.251865830399932
ANAPC13	-0.252950151	0.559930558	0.439380057	-0.80062714	17.64899172	0.357159659139244	0.251865830399932
TTC38	-0.113490862	0.560002503	0.439515677	-0.800383479	19.15943291	0.357025629547736	0.251810031856909
TIAL1	-0.070155726	0.560005146	0.439596915	-0.800237546	24.30780914	0.356945364026477	0.251807982156058
DDA1	-0.077688034	0.560076567	0.439732153	-0.799994648	21.19925449	0.356811777819119	0.251752597364263
FASTKD1	-0.107793409	0.560636377	0.44025093	-0.799063337	18.43840778	0.356299717942306	0.251318726379839
RAD51	0.177271939	0.561089743	0.440686261	0.798282376	20.0710861	0.355870489006525	0.250967670343444
PTPN13	0.375776162	0.561472835	0.441104801	0.798287121	19.1754557	0.355458215319619	0.250671250791643
MSRB3	-0.159550163	0.561472835	0.441145889	-0.797458373	18.37278102	0.355417763570728	0.250671250791643
RBM17	-0.050141692	0.56159039	0.441317639	-0.797150609	23.74734519	0.355248713914075	0.250580332512297
DNAJC19	0.083002749	0.561717541	0.441512956	0.79680071	22.37271487	0.355056547722313	0.250482014007851
CAMK1D	0.204461042	0.561717541	0.441576371	0.796687127	18.39459207	0.354994173999123	0.250482014007851
NELFA	-0.0545818	0.562797786	0.442505129	-0.795024835	23.19136424	0.354081691105165	0.249647619712548
CCNH	0.094631736	0.562997622	0.442741839	0.794601534	21.10616879	0.353849435355126	0.249493439526023
ARL6IP1	-0.068909909	0.563356066	0.443103357	-0.793955323	24.01280512	0.353494959692936	0.249217025006881
CCNB1	-0.089001791	0.56356504	0.443347392	-0.793519308	22.99109797	0.353255841937802	0.249055955601723
PHLDA2	0.111605851	0.56357172	0.443467615	0.793304562	18.35635329	0.35313808979016	0.249050807890741
FBL	-0.054008	0.56357172	0.443511982	-0.793225322	25.56987098	0.353094642695413	0.249050807890741
EML1	-0.187510328	0.563615231	0.443625898	-0.79302189	20.46634894	0.352983108532375	0.249017279136358
RNF185	0.120285064	0.56395407	0.443972324	0.79240345	19.33212437	0.352644101751834	0.248756264736175
EIF3F	-0.093642442	0.564216868	0.444329836	-0.791993395	25.66896429	0.352294523637114	0.248553934185944
NARF	0.085578823	0.564216868	0.44433873	0.791749681	20.55512912	0.352285830598404	0.248553934185944
DAGLB	-0.119363445	0.564269513	0.444564371	-0.791347248	17.45077815	0.352065346176231	0.248513413656142
AGK	0.062072398	0.564269513	0.444641919	0.791208971	24.13342159	0.351989596220463	0.248513413656142
DERL1	0.0616663	0.564269513	0.444642942	0.791207147	23.38214827	0.351988597028248	0.248513413656142
B3GLCT	-0.115094263	0.564269513	0.444699255	-0.791106743	19.65250367	0.351933598119449	0.248513413656142
SLC4A2	-0.284232846	0.564850041	0.44530711	-0.790121628	18.36264728	0.351340370646645	0.248066835384935
CNOT4	-0.086615422	0.564850041	0.445316466	-0.790006833	20.41827593	0.35133124612023	0.248066835384935
PDCD2L	-0.169922366	0.565019333	0.44561906	-0.789798957	22.72262168	0.351036241811444	0.247936691876894
UNG	-0.307064431	0.565019333	0.44568955	-0.789673363	20.07999083	0.350967548616405	0.247936691876894
RANBP6	-0.093678841	0.565019333	0.445616136	-0.789473157	22.64483788	0.351039091512782	0.247936691876894
SDF2L1	-0.069120869	0.5651163	0.445902728	-0.788962987	23.41729692	0.350759870660658	0.247862165896294
UBTF	-0.039072659	0.5651163	0.445925811	-0.788921905	25.57442398	0.350737389165417	0.247862165896294
USP30	-0.217084002	0.565129224	0.446015897	-0.78876159	18.73937925	0.350649661789336	0.247852233856281
CCDC138	-0.307412794	0.566499733	0.447177624	-0.786846092	16.94870161	0.349519935927656	0.246800290490176
H1-10	-0.06785794	0.567553614	0.448089756	-0.785076748	25.7907929	0.34863498459293	0.24599310653212
WBP2	-0.077350281	0.567766242	0.448337889	-0.784636601	22.65367496	0.348394557390509	0.245830433136267
PEX19	-0.068441609	0.568312496	0.448849578	-0.783729443	23.83135046	0.347899178795914	0.24541279462537
DNLZ	0.176771751	0.570595713	0.450733509	0.780395195	19.10869025	0.34608015385973	0.243671495608206
TBC1D22A	-0.151259001	0.571100815	0.45121324	-0.779547581	19.71127758	0.345618165286733	0.243287220066799
RBPMS2	0.15418704	0.571753612	0.451809824	0.778494308	18.03116433	0.345044330160664	0.242791083097753
MPC2	0.156953281	0.571881387	0.451991636	0.778173495	17.81502287	0.344869601632545	0.242694038187962
OR1M1	-0.100946864	0.572544457	0.452596636	-0.777106549	23.72771563	0.344288678335481	0.242190785529263
TGM2	-0.069613478	0.572777991	0.452862214	-0.776638478	25.6524159	0.344033914547546	0.242013678149381
YWHAB	0.044965536	0.57294375	0.453074263	0.776264876	28.7886854	0.343830607329848	0.241888013745971
FLVCR1	-0.294282537	0.573305411	0.453441303	-0.775838227	18.81034273	0.343478923450769	0.241613959225932
MED13L	-0.134774942	0.574085751	0.454139647	-0.774389501	18.072391	0.342810581953461	0.241023232332641
SAT2	-0.107485604	0.574223748	0.454367571	-0.773988656	19.86528971	0.342592672539846	0.240918850480954
AKR7A2	-0.106282351	0.574223748	0.45441116	-0.773912012	23.01860451	0.342551011216708	0.240918850480954
PPP2R5A	0.111474761	0.574299491	0.454552283	0.773663901	19.90585224	0.342416156638927	0.240861568632623
TIPIN	0.109864323	0.57452766	0.454814093	0.773203738	20.50144307	0.342166086602362	0.240689057843932
SMG8	0.093581752	0.574767617	0.455085302	0.772727236	22.2832833	0.341907190780961	0.240507708447317
ATP5F1C	-0.050326566	0.574956164	0.455315865	-0.772322288	25.7002089	0.341687216896038	0.240365265673206
CSNK1G3	-0.16137205	0.57534533	0.455705384	-0.771638456	18.50577425	0.341315840349573	0.240071407665241
GDAP2	-0.101026714	0.576020986	0.45635064	-0.770506477	21.70736287	0.340701336065637	0.239561693767813
VGLL4	0.203031881	0.576020986	0.456403397	0.770413971	18.00535709	0.340651131797941	0.239561693767813
CNOT9	-0.075737845	0.576222596	0.456644596	-0.769991125	23.58583748	0.340421677491091	0.239409715292501
SMPDL3B	-0.100368612	0.57637333	0.456845528	-0.769638982	22.30232363	0.340230621982219	0.239296123107536
LAMB2	0.079002128	0.576515239	0.457039505	0.769299119	23.49944848	0.340046259313088	0.239189208532093
RAB23	0.067812801	0.576622198	0.457205811	0.769007812	22.44643563	0.339888258440368	0.239108642760603
EIF4E2	-0.068650051	0.576792011	0.457421993	-0.768629241	22.08559134	0.339682958205618	0.238980763549799
TRIM65	0.109656532	0.578304612	0.458745673	0.766313734	18.10128425	0.338428019090995	0.237843344168541
RAB27A	-0.156496483	0.578304612	0.458785055	-0.766244908	21.07622432	0.338390737755831	0.237843344168541
B3GALT6	-0.415492479	0.578780692	0.459244561	-0.767298417	19.98671352	0.337955978498855	0.237485965282305
ACSF2	0.049066411	0.579388883	0.459809046	0.764456653	24.16015065	0.337422488940515	0.237029842059551
PIP4P1	0.288152486	0.580080728	0.460522104	0.763969121	20.92343255	0.336749519832292	0.23651156284181
SOS1	0.158914722	0.580080728	0.460468236	0.763306807	18.12426027	0.336800322917106	0.23651156284181
CSTF3	-0.065157107	0.580231683	0.46072397	-0.762861004	23.3683866	0.336559192201573	0.236398560648153
RFXAP	-0.142271982	0.581114807	0.461507349	-0.761496367	17.59999713	0.335821378918165	0.235738058451322
POLR3E	-0.092391731	0.581424927	0.46183583	-0.760924592	20.92025233	0.335512376815864	0.23550635298099
RNASEL	-0.358660958	0.582164456	0.462505548	-0.761782559	20.99035862	0.334883053300442	0.234954313899431
TMEM230	0.168752406	0.582666664	0.462986898	0.758923	20.96110329	0.334431298845574	0.234579828408896
DNAJC16	0.093732187	0.582678651	0.463078792	0.758763342	21.31880526	0.334345108291962	0.234570893910447
ERI3	-0.193061159	0.582732605	0.463286425	-0.759150682	22.69910664	0.334150425102187	0.234530681625946
AHCYL2	-0.126688243	0.582732605	0.463275786	-0.758421147	16.88073224	0.334160398440056	0.234530681625946
PHF20L1	-0.571370784	0.583199497	0.463740058	-0.760088115	18.71969363	0.333725388001205	0.234182859261787
TRMT61A	-0.161812134	0.583317633	0.463916455	-0.757400045	21.90338972	0.333560222891977	0.234094895164613
DAXX	0.121017454	0.583699558	0.464302716	0.756638772	20.73027257	0.33319877586352	0.233810635554383
ANAPC5	0.085227658	0.584066521	0.46477103	0.755826777	21.98620502	0.332760950116965	0.233537687034856
ANP32E	-0.060792263	0.584066521	0.464799396	-0.75577761	25.42248579	0.33273444497667	0.233537687034856
DBT	0.062590831	0.584066521	0.464842312	0.755703228	23.57975881	0.332694347416851	0.233537687034856
HGS	-0.048314167	0.58507697	0.465729208	-0.754167024	24.40548913	0.331866524628024	0.232786996400926
MIOS	-0.13188362	0.585119855	0.465846059	-0.753964762	21.35793793	0.331757574237071	0.232755164629608
MEST	0.140085348	0.585162957	0.465963095	0.753762212	21.94591845	0.331648478744645	0.232723174138805
ACTR1B	-0.263221226	0.586112013	0.466844068	-0.753648324	21.94617828	0.330828155227554	0.232019377191756
MGME1	0.071323161	0.586112013	0.466907139	0.752129559	21.20711442	0.330769485665246	0.232019377191756
NUP58	-0.125448924	0.586112013	0.466967388	-0.752025433	22.26312366	0.330713448569212	0.232019377191756
ABCB7	0.087335503	0.58747097	0.468133143	0.75001237	22.98999078	0.329630610501541	0.231013589278026
SNRPC	0.109782283	0.58816782	0.468771582	0.749048962	23.9335844	0.329038724111708	0.230498740418441
CDH2	0.09701897	0.588233779	0.468907305	0.74867726	19.53423467	0.328913001433729	0.230450039992012
ARHGEF7	-0.43430671	0.588268119	0.469017839	-0.75055481	20.25301398	0.328810638666738	0.230424687423455
AP2S1	-0.085684841	0.588428315	0.469228743	-0.748123319	22.72469056	0.328615392669127	0.230306437317068
NUP42	-0.237258157	0.588444408	0.469376499	-0.747902034	19.34493748	0.328478658687413	0.230294559905075
LMF2	-0.11151602	0.588444408	0.469481611	-0.747687712	21.27201933	0.32838141382946	0.230294559905075
RPS6KA5	0.116620787	0.588444408	0.469491128	0.74767132	19.50376097	0.328372610207346	0.230294559905075
OTUD7A	-0.167621092	0.588852661	0.469900095	-0.746967128	19.83679246	0.327994467175449	0.229993358047199
SRSF10	0.083801399	0.588901292	0.47002215	0.746757038	22.87692178	0.327881675264057	0.229957492873649
SMN1	0.075652208	0.589423229	0.470522049	0.745896933	21.74882355	0.327420020409595	0.229572752728153
KPNB1	-0.030781739	0.589704955	0.470830306	-0.745366843	28.41904715	0.327135590635383	0.229365223044447
ANAPC10	0.093445056	0.589949896	0.471117255	0.744873591	20.48299699	0.326870989130368	0.22918487109467
LOXL2	0.195881416	0.589949896	0.471192665	0.744743996	19.35926505	0.32680147877872	0.22918487109467
MAX	0.099667691	0.590069405	0.471371531	0.74443666	20.60439871	0.326636650710644	0.229096902873521
HACD3	-0.055762903	0.590453283	0.471761656	-0.743766578	25.9173942	0.326277360746615	0.228814458317911
TUFT1	-0.213012723	0.590511403	0.472058522	-0.743555044	21.20252578	0.326004157708744	0.228771711577711
TSC22D2	0.129800661	0.590511403	0.471984665	0.743383692	21.9468491	0.326072111565214	0.228771711577711
TMPO	-0.050753416	0.590511403	0.472014689	-0.743332153	25.4948916	0.326044486000697	0.228771711577711
EIF1AD	0.074872603	0.590624908	0.47230813	0.742828534	22.00374141	0.325774578700774	0.228688241795501
RGPD5	-0.170202668	0.590624908	0.472316243	-0.742814612	19.16298017	0.325767118738417	0.228688241795501
RHBDF2	-0.279998696	0.590848206	0.472578336	-0.742507699	18.76993532	0.325526191233711	0.228524078787091
ZYX	0.05359331	0.59137057	0.473079737	0.741505193	26.38821506	0.325065653299031	0.22814029226278
SKA3	-0.373356774	0.591527458	0.473288862	-0.741811528	17.03997346	0.324873715749323	0.22802509113561
SAMHD1	0.053993137	0.592141531	0.473864361	0.740160907	23.5684739	0.324345953050048	0.227574477760097
CLN6	-0.068380995	0.592141531	0.473947604	-0.740018368	22.59595915	0.324269667928135	0.227574477760097
TSNAX	0.101305431	0.592355615	0.474248339	0.739503546	23.56084333	0.323994181502869	0.227417490466054
PARP1	0.039584084	0.592355615	0.47430331	0.739409464	27.62611974	0.323943844545432	0.227417490466054
PRMT9	-0.110653313	0.592355615	0.474370166	-0.73929505	20.27992119	0.323882632352481	0.227417490466054
EMC8	-0.057750395	0.593157577	0.475096244	-0.738053129	22.99721986	0.323218402998016	0.226829917545275
DPM1	0.044608914	0.593551668	0.475495802	0.737370208	24.90444348	0.322853312956395	0.226541470221416
PRPF3	0.053271825	0.594051306	0.47598004	0.73654303	24.448117	0.322411258833312	0.226176045001201
MT-ATP6	0.065736527	0.594963204	0.476794798	0.735152434	22.06016811	0.321668491548481	0.225509892748599
SLC33A1	0.097336315	0.59515781	0.477034886	0.734742944	21.50978329	0.321449859443563	0.225367862968931
UBE2E1	0.137248549	0.595464732	0.477403848	0.734113896	19.18563211	0.321114084787933	0.225143955678038
TRIM27	-0.123863153	0.595464732	0.477449245	-0.734036519	18.44669643	0.321072789081286	0.225143955678038
DPH3	0.163097419	0.59640131	0.478284511	0.732613661	18.37166183	0.320313683305646	0.224461411286873
PIP5K1A	0.10957054	0.596426261	0.478388833	0.732436058	21.29355422	0.320218966609702	0.224443242555896
USE1	-0.142134793	0.597055583	0.478978009	-0.73143347	18.57458659	0.31968442560254	0.223985236263391
DDX10	0.132854406	0.598605632	0.480379235	0.729052092	19.3409849	0.318415773791662	0.222859201403252
POLR3H	-0.109538749	0.598605632	0.480447825	-0.728935634	20.52398717	0.318353768338643	0.222859201403252
JAGN1	-0.076540293	0.598605632	0.480475372	-0.728888866	20.66786949	0.31832886830473	0.222859201403252
RTN4R	-0.267409139	0.598616049	0.480568355	-0.728843019	18.78772503	0.31824483049708	0.222851643829429
MCFD2	0.185347446	0.599194142	0.481277655	0.728224247	22.80810214	0.317604301496281	0.222432441152233
NT5DC3	0.113074673	0.599194142	0.481129146	0.727779385	20.24453171	0.317738333466251	0.222432441152233
MDH2	0.0351092	0.599194142	0.481286558	0.727512389	28.96828913	0.317596267697143	0.222432441152233
NCBP2	0.086960649	0.599216213	0.481447776	0.727238993	23.01144624	0.317450815133616	0.222416444438802
TRMT1	0.181515883	0.599216213	0.481705449	0.726893037	21.37935536	0.317218440965518	0.222416444438802
PI4KB	-0.07967176	0.599216213	0.48164928	-0.72689736	21.85082463	0.317269084588365	0.222416444438802
GTF2F1	0.050360568	0.599216213	0.4816801	0.726845116	23.32445789	0.317241295638469	0.222416444438802
UCHL5	-0.039718031	0.599216213	0.48172782	-0.726764226	24.99156395	0.317198272258106	0.222416444438802
RBBP6	-0.116734588	0.599647736	0.482159503	-0.726032714	21.37259458	0.316809269201645	0.22210380168069
TUBGCP4	-0.095988838	0.599921496	0.482519134	-0.725423604	21.39936713	0.316485460297692	0.221905576424059
DPH6	-0.226570129	0.599921496	0.482549238	-0.72537263	18.81105242	0.316458365842072	0.221905576424059
APPL1	0.046979284	0.6002165	0.482871374	0.724827286	24.17132164	0.316168540059039	0.221692069956725
KLC1	0.041465583	0.600344724	0.483059396	0.724509086	26.7520861	0.315999465999813	0.221599301716762
SPTLC1	-0.05198337	0.600968589	0.483646335	-0.723516268	24.71069162	0.315472098897163	0.22114822680004
TMEM106B	0.106785115	0.601163232	0.483887962	0.723107768	19.87262071	0.31525518198727	0.221007589342311
TMEM38B	0.119023736	0.601262518	0.484092286	0.72276243	18.84771183	0.315071837777052	0.220935868719182
PNKP	0.085113539	0.601262518	0.484312746	0.722389921	21.11063036	0.314874101168979	0.220935868719182
CASQ1	0.105785094	0.601262518	0.484344455	0.722336351	19.17000756	0.314845667903387	0.220935868719182
MAPKAPK2	-0.127366936	0.601262518	0.484409125	-0.722227102	22.40070699	0.314787684480634	0.220935868719182
NOCT	0.228625512	0.601262518	0.484409389	0.722226657	16.96427815	0.314787447792871	0.220935868719182
PSMB5	-0.038656202	0.601262518	0.484477856	-0.722111004	25.26801702	0.314726068431144	0.220935868719182
GCAT	0.431167329	0.601753024	0.484958155	0.722612513	17.12193285	0.3142957332258	0.22058171857979
RAD21	-0.121894831	0.602140533	0.485525813	-0.720624798	23.81735094	0.313787675858027	0.220302137340699
TMCO1	0.041292087	0.602140533	0.485451484	0.720467461	23.38722048	0.313854166958712	0.220302137340699
PXMP4	-0.16798695	0.602140533	0.48545176	-0.720466994	19.47983671	0.313853920043733	0.220302137340699
LUZP1	0.076198905	0.602165127	0.485792025	0.719893084	23.240649	0.313549619063458	0.220284399255022
SPTLC2	-0.055863417	0.602165127	0.485794585	-0.719888767	23.3464913	0.313547330448398	0.220284399255022
PDZD11	0.181887405	0.602165127	0.485801015	0.719877924	20.50850964	0.31354158214423	0.220284399255022
MED30	-0.157472829	0.602217608	0.485928485	-0.719662991	20.4142412	0.31342764196247	0.220246550474801
CRTC1	-0.560148855	0.60298079	0.48671422	-0.720726064	19.25156268	0.312725965083149	0.219696523564476
BRD7	0.310600146	0.60298079	0.486714774	0.718968474	19.87132292	0.312725470749933	0.219696523564476
ATP6V1G1	0.097232707	0.603074376	0.486920005	0.718187118	24.65495853	0.31254238219546	0.219629123855721
FAIM	-0.064891379	0.603074376	0.487004544	-0.717849979	22.05049241	0.31246698657814	0.219629123855721
HECW1	-0.056849091	0.603074376	0.487046072	-0.717780059	22.30395441	0.312429954865497	0.219629123855721
MRPL23	0.240309646	0.603572546	0.487619042	0.717096142	20.48173459	0.311919343098673	0.219270522693447
GPAA1	-0.076634747	0.603572546	0.48757641	-0.716887461	23.09767525	0.311957314650583	0.219270522693447
ITM2C	-0.10910492	0.604241311	0.488288667	-0.715689613	22.80686984	0.311323355413768	0.218789586037209
TELO2	0.060015542	0.604241311	0.488330163	0.715619859	23.04108109	0.311286449543681	0.218789586037209
SMYD5	-0.278621953	0.604344865	0.488520572	-0.716594084	21.41584577	0.311117143065037	0.218715163655451
ATG13	-0.085674034	0.604344865	0.488584716	-0.715192042	19.87720836	0.311060122832664	0.218715163655451
EPG5	-0.117917728	0.604445817	0.488751777	-0.714911343	18.13388077	0.310911650588626	0.21864262355849
PLCB3	0.059089757	0.604769978	0.489099385	0.714327476	23.38365822	0.310602883265968	0.218409776224701
SLC12A7	0.068409056	0.605132488	0.489478102	0.713691641	23.48968515	0.310266732652043	0.218149530292868
SLC30A1	0.150469829	0.605450962	0.489821297	0.713198016	21.97337277	0.309962336057966	0.217921026418937
FIP1L1	0.060286329	0.605713603	0.490119404	0.712615634	23.46810825	0.309698103275353	0.217732672924944
PGP	0.099541075	0.606170739	0.49057499	0.711851751	23.0463024	0.309294596329099	0.217405031672697
DNAAF5	0.041367364	0.607423924	0.491675062	0.710009034	23.75525891	0.3083218187801	0.216508106957479
TADA2B	0.218589362	0.607944904	0.492182707	0.709159531	16.92755196	0.30787364944348	0.216135777590742
HDGFL3	-0.103263449	0.608011958	0.492322942	-0.708924952	18.83028984	0.307749925852572	0.21608787921025
INTS6	0.189439549	0.60813661	0.492509844	0.708612375	19.03369996	0.307585084654381	0.215998851146785
TRAPPC6B	0.308655657	0.608438392	0.492840258	0.709332389	20.82799515	0.307293823747154	0.215783390102771
TGFB2	0.184133882	0.609838174	0.494060302	0.706146821	21.29506282	0.306220040494251	0.214785393616667
CC2D1B	0.086071997	0.609858951	0.494163346	0.705850167	21.54997278	0.306129471034907	0.214770597588593
DIAPH2	-0.082261326	0.609970558	0.494340007	-0.705555383	22.23384287	0.305974240608927	0.214691126967462
TM9SF1	-0.120288837	0.610180141	0.494596117	-0.70512814	22.36597123	0.305749297542237	0.214541931066709
AKR1B1	-0.04680047	0.610443012	0.494895487	-0.704628902	28.31059612	0.305486506544337	0.214354873453986
FAM210A	0.133687783	0.610514882	0.495105026	0.704279576	20.00181933	0.305302664957171	0.214303745164299
VTI1B	-0.090627466	0.610514882	0.495126361	-0.704244012	21.12755914	0.305283950800269	0.214303745164299
AP2M1	-0.072808618	0.610835895	0.495473051	-0.703666253	24.45828327	0.304979962006707	0.214075450098942
DENND2B	-0.956365384	0.610842707	0.495636832	-0.705698104	21.11187174	0.30483642759865	0.214070606903676
ZMYM2	-0.078683561	0.610842707	0.495651278	-0.703369333	21.53072264	0.304823769688154	0.214070606903676
MDN1	0.046078957	0.611014764	0.495877263	0.702992941	24.7419453	0.304625804554254	0.213948295737373
TBCC	-0.034726724	0.611022204	0.495969677	-0.70283905	24.65544761	0.304544874949598	0.213943007597931
SRRM1	0.05775418	0.612196726	0.497009584	0.701108555	24.26677663	0.303635236541954	0.213108997319435
CASP6	-0.047880593	0.612430988	0.497286344	-0.700648371	24.66955468	0.303393466782004	0.212942842831835
KRTCAP2	-0.099671116	0.612870439	0.49772981	-0.699911318	20.91988369	0.303006347741394	0.212631325766165
SMTN	-0.391243089	0.613697643	0.498682638	-0.699241778	17.57439384	0.302175751797784	0.212045544687487
ERICH5	-0.100143586	0.613697643	0.498600534	-0.6984653	19.77328821	0.302247260703627	0.212045544687487
GRB2	-0.061676004	0.613697643	0.498714613	-0.69827596	24.91934894	0.30214790619053	0.212045544687487
OXA1L	-0.077155597	0.613697643	0.498748622	-0.698219521	24.38902882	0.302118291222234	0.212045544687487
CASK	0.066816295	0.613966967	0.499054292	0.697712344	22.93154947	0.301852205011072	0.211854994389029
MED28	-0.093293389	0.614726146	0.499758279	-0.696544979	20.61011962	0.301240002624085	0.211318314743077
NAF1	-0.114611604	0.614789807	0.499896942	-0.696315161	19.80735455	0.301119519931922	0.211273341563234
FAM171A2	-0.25573511	0.614793032	0.499986474	-0.69635183	19.50742659	0.301041744357219	0.211271063392688
NCAPD3	-0.071787502	0.61511783	0.500337574	-0.695585123	21.11347069	0.300736881549687	0.211041684196568
ZBTB21	0.146608579	0.616102145	0.501257266	0.694062618	17.155982	0.29993931898855	0.210347279179254
YLPM1	0.0696862	0.616102145	0.501312404	0.693971394	25.07585864	0.299891549482083	0.210347279179254
MPHOSPH8	-0.188962359	0.616404178	0.5016453	-0.69342075	18.82208158	0.29960325237727	0.21013442628685
INPP5K	-0.087346731	0.6164437	0.501764606	-0.693223461	21.45249455	0.299499976662346	0.210106581510822
TLK2	0.106297986	0.617828504	0.502979128	0.691216663	21.30775997	0.298450036380453	0.209132059057638
DYNC1LI1	0.048263557	0.618317856	0.503464921	0.690414784	26.01790113	0.298030783594684	0.208788211611596
ELOA	0.142119467	0.618854292	0.503989196	0.689549902	20.35434934	0.297578773411369	0.208411592707475
TMEM87A	0.073923556	0.619235474	0.504387165	0.688893744	22.65896968	0.297235973329322	0.208144172284534
TPD52L1	-0.069423012	0.619777891	0.504916594	-0.688050242	25.85013271	0.296780356053953	0.207763920171532
HGFAC	0.182676138	0.62014521	0.505303505	0.687384086	18.07172846	0.296447689300104	0.207506606440807
STXBP5	0.160451868	0.62021226	0.505491077	0.687075266	18.91503484	0.29628650623295	0.207459653129775
CLPB	-0.102665821	0.62021226	0.505533487	-0.68700545	23.02181394	0.296250071056903	0.207459653129775
USP53	0.21473076	0.620221866	0.505628994	0.686848241	17.62062714	0.296168030506575	0.207452926722132
FKBP3	0.031728828	0.62074867	0.506146216	0.685997173	26.17377446	0.29572400563254	0.207084202280494
CORO7	0.147838268	0.62192641	0.507194439	0.684273952	17.26847586	0.294825516807818	0.206261000553041
RAB19	0.112372985	0.622127286	0.507446203	0.683860382	20.85463658	0.294609992781557	0.206120750434601
RBPMS	-0.114990055	0.623055446	0.508291346	-0.682472966	18.87942516	0.293887284388268	0.205473303548902
PLEKHA1	0.141769734	0.62392399	0.509088107	0.681166231	19.7472406	0.293207048561963	0.204868315340438
YTHDF3	-0.046705718	0.624063622	0.509290259	-0.680834883	24.41169163	0.293034630328839	0.204771132633226
MED17	-0.283209419	0.624751776	0.509952197	-0.6813096	21.46108306	0.292470532827824	0.204292500618233
YAP1	-0.049527719	0.624751776	0.510028486	-0.679625515	24.22421844	0.292405567103779	0.204292500618233
TAF6L	-0.166010881	0.625017844	0.51033405	-0.679125242	18.73695303	0.292145454137351	0.204107583551747
FUT11	-0.141932852	0.625452816	0.510777625	-0.67839933	20.00830024	0.291768135590038	0.203805447799116
PLS1	0.04839972	0.625564985	0.51095766	0.67810481	25.56535855	0.291615085756081	0.203727568207263
MRPS6	0.107306443	0.626778729	0.512037641	0.676367473	22.98891178	0.290698111919254	0.202885750612311
ILF3	0.055835066	0.627871225	0.513018897	0.674737178	27.09730301	0.289866637399542	0.202129419967728
MRPL27	-0.067580293	0.628014844	0.513225023	-0.674400852	21.85051196	0.289692177149233	0.20203009099035
NOSIP	0.042098621	0.628472341	0.51368774	0.673646147	23.72838923	0.289300799301721	0.201713830810796
TPMT	0.055719088	0.629120704	0.514312609	0.672627603	23.31799412	0.288772828290234	0.201266022198562
CHKA	-0.082963048	0.629120704	0.514395555	-0.672492456	20.22606228	0.288702792897428	0.201266022198562
ATP6V0A2	0.258233175	0.629150394	0.514508768	0.672763883	20.38967906	0.288607219810059	0.20124552708715
OSTF1	0.094027362	0.629375627	0.51478193	0.671863083	22.68271588	0.288376706210196	0.201090079446887
CPA4	0.096161405	0.629444641	0.514927359	0.671626265	20.44086716	0.288254032726907	0.201042459623524
KIF11	-0.314396825	0.629920478	0.515405673	-0.672979765	24.18299281	0.287850805538632	0.200714272999801
CEP20	-0.090501443	0.629945829	0.515515465	-0.670668984	18.43181173	0.287758301741436	0.200696795273235
BRAF	-0.088651675	0.630877853	0.516367369	-0.669283449	21.75323687	0.287041210075255	0.200054718256902
BRI3BP	0.148133221	0.63110485	0.516750236	0.668775232	21.98176779	0.286719316358198	0.199898482287364
ATPAF1	0.099482375	0.63110485	0.51681876	0.668549851	20.9302296	0.286661730274953	0.199898482287364
MNAT1	0.056858381	0.63110485	0.516820808	0.668546523	22.79742662	0.286660009297687	0.199898482287364
IGFBP3	0.082873599	0.631783488	0.517465865	0.667572672	24.48884184	0.28611829346735	0.199431728801548
ZMAT2	-0.118660677	0.631856765	0.517615204	-0.667256393	21.31387269	0.285992975545836	0.199381360357348
LEMD2	-0.055910744	0.632062635	0.517873202	-0.666837643	23.60556757	0.285776561514715	0.199239882655874
DAB2IP	0.072936909	0.632991561	0.518723788	0.665457946	23.35560754	0.285063835368187	0.198602079928243
RFT1	-0.101017991	0.633338933	0.519431501	-0.665543865	28.17229351	0.284471716055134	0.19836381393486
C6orf132	0.048463966	0.633338933	0.519128977	0.664801173	23.20535496	0.284724728778692	0.19836381393486
C17orf107	0.114890555	0.633338933	0.51941542	0.664337058	16.92123763	0.284485161519375	0.19836381393486
TMPO	-0.042265004	0.633338933	0.519435441	-0.664304625	27.92907218	0.284468421850285	0.19836381393486
HMCES	0.048022097	0.633338933	0.519492661	0.664211932	23.02840378	0.284420583447932	0.19836381393486
ELOB	0.046774483	0.633338933	0.519545636	0.664126123	25.72574446	0.284376298746848	0.19836381393486
MMS19	-0.061273033	0.634245251	0.520378773	-0.662777261	24.73026768	0.283680427246862	0.197742775934716
CDK11A	-0.149112826	0.634298659	0.520512259	-0.662561262	17.6303994	0.283569037616734	0.197706206763526
ASAP1	0.101346525	0.634375869	0.520665295	0.662313669	20.63176497	0.283441369303955	0.197653345487842
RHBDD2	-0.111118371	0.6346878	0.521011034	-0.661754462	18.91174971	0.283153079090936	0.197439849635629
YOD1	-0.104576685	0.635270646	0.521579292	-0.660835817	17.86956814	0.282679659508994	0.197041211679924
DDRGK1	0.055775083	0.635299363	0.521692677	0.660652589	23.59274185	0.282585259426393	0.197021580121567
RASAL1	0.166255496	0.635603964	0.522122509	0.660203033	21.83233681	0.282227583702183	0.196813402940495
EIF3B	-0.033712129	0.635603964	0.522071761	-0.660040166	26.28685309	0.282269797257683	0.196813402940495
EMC1	-0.055858645	0.635727175	0.522313591	-0.659649616	24.48517193	0.282068673340665	0.196729223679977
SNRPD1	0.056955196	0.635837974	0.522494507	0.659357508	25.36017242	0.281918270943471	0.196653538380706
PRMT6	0.160414088	0.636464485	0.52309931	0.658381424	19.11679077	0.281415852833184	0.196225825158557
FSD1	-0.174725327	0.637034956	0.523658223	-0.658069746	22.56009821	0.280952072354555	0.195836735982729
TRIM45	-0.129292619	0.637798417	0.524387239	-0.656305031	21.31394482	0.28034788543984	0.195316562999955
CBFB	-0.05435106	0.637798417	0.524466129	-0.656177943	23.01240809	0.280282554111769	0.195316562999955
TCEAL4	0.057879608	0.638710593	0.525306507	0.654824804	23.508965	0.27958721953443	0.194695881018628
REPIN1	-0.14492629	0.638891545	0.525545646	-0.654439982	17.94934656	0.279389557571034	0.194572859221345
NFIB	0.039828783	0.638899565	0.52564256	0.654284058	23.76987875	0.27930947825641	0.194567407560713
TOMM22	-0.114403494	0.639270355	0.526046517	-0.653961214	24.01293707	0.278975850555047	0.194315434715879
PLK1	-0.112861868	0.639270355	0.526128358	-0.65350271	21.17920199	0.278908289362303	0.194315434715879
PCCB	-0.11637986	0.639500729	0.526408361	-0.653052549	21.14995896	0.278677221393861	0.194158956110274
CCNL2	0.13533663	0.639885059	0.52681518	0.652398752	18.721993	0.278341719482363	0.193898030274116
TBK1	-0.089719581	0.640017271	0.527014504	-0.652078526	22.69906098	0.278177432376662	0.1938083063305
RHOBTB3	0.070348147	0.640244063	0.52729176	0.651633214	20.71493717	0.277949015344986	0.19365444006499
SLC30A5	0.106969889	0.640519587	0.527609222	0.651123492	17.4687615	0.277687622093242	0.193467585051299
KDM5B	0.086696222	0.640557717	0.527731181	0.650927719	19.9988767	0.277587244772705	0.193441732359118
NARS2	-0.511525611	0.641073359	0.528246623	-0.652127545	20.18045518	0.277163270645083	0.19309227065908
UBXN7	0.051130808	0.641131387	0.52838507	0.649878523	23.58217849	0.27704946226913	0.193052961429736
SPATS2	-0.0860482	0.641298876	0.528613761	-0.649511753	20.68065587	0.276861535399208	0.192939521266958
SLC41A3	-0.094520398	0.641309858	0.528756014	-0.649283658	18.42170075	0.276744679981609	0.192932084202366
PTPN3	-0.19224759	0.641309858	0.528804128	-0.649206517	18.28120837	0.276705163279179	0.192932084202366
DYNC1LI2	0.049771496	0.641324166	0.528906586	0.649042262	25.01454122	0.276621025067138	0.192922394945211
AARS2	-0.068621612	0.641330564	0.529037172	-0.648832939	23.04402605	0.276513811845125	0.192918062343412
SPON1	0.047244929	0.641330564	0.529230148	0.648523662	27.09091109	0.276355423862647	0.192918062343412
BRMS1L	0.134624976	0.641330564	0.529269641	0.648460377	19.46488462	0.276323016502419	0.192918062343412
ETFRF1	-0.088081191	0.641330564	0.529274503	-0.648452586	17.61695564	0.276319026985717	0.192918062343412
NBEA	0.141193918	0.641547852	0.529544516	0.648090384	21.86975634	0.276097525187242	0.192770944769199
IMPDH2	0.032164531	0.64276917	0.530643476	0.646260546	26.75835999	0.275197170838063	0.191944962058003
TIMM29	-0.112314583	0.642817585	0.530774316	-0.646051212	21.91836304	0.27509010067073	0.191912251130842
DEF6	-0.472381823	0.6428359	0.530880312	-0.647614049	18.43609561	0.275003380419449	0.191899877495909
PLPP2	0.558942726	0.643679672	0.531668126	0.646621754	19.46815142	0.274359375264624	0.191330206076298
DENND4C	-0.049673639	0.643829212	0.531882657	-0.644279139	22.22266245	0.274184170408871	0.191229322272041
XRCC1	-0.054652699	0.644042785	0.532150138	-0.643851793	22.29410045	0.27396582088937	0.191085280664723
POMGNT2	-0.072949482	0.644657499	0.532749185	-0.642895163	20.92639804	0.273477205997193	0.190670961025454
RFX5	0.578314654	0.64470181	0.533217688	0.644135025	17.0122095	0.2730954525189	0.190641110505648
BORCS5	0.385433185	0.64470181	0.533021682	0.643686877	18.44926247	0.273255124591745	0.190641110505648
SPRED1	0.163369468	0.64470181	0.533011205	0.642476933	17.61917508	0.273263661107537	0.190641110505648
AKAP1	0.097081903	0.64470181	0.533108023	0.642322424	21.97678248	0.273184781518537	0.190641110505648
EVPL	0.03328102	0.64470181	0.533241489	0.642109456	25.98541833	0.273076067542543	0.190641110505648
TRAPPC4	-0.066914251	0.645639071	0.534163362	-0.64063928	22.194853	0.272325903336178	0.190010196058181
ATG5	-0.099994293	0.645639071	0.534199248	-0.64058208	21.92711582	0.272296727676833	0.190010196058181
TMEM126A	-0.103452243	0.64584918	0.534464391	-0.640159523	21.60461189	0.272081224613052	0.189868887486411
TRIM11	0.083443062	0.646077086	0.534744322	0.639713528	18.98368044	0.271853818139623	0.189715661529444
POLR2D	-0.152596888	0.646155141	0.534900269	-0.639465127	20.44052096	0.271727183699325	0.189663195950706
NAA15	-0.029414372	0.646808886	0.535537818	-0.638450033	26.3055885	0.271209855235875	0.189224022293377
RPRD1B	0.073959401	0.646808886	0.535624322	0.638312355	23.87878469	0.271139710467793	0.189224022293377
UFM1	-0.051297755	0.646827618	0.535731271	-0.638142156	24.1401519	0.271053002821886	0.189211445028882
SGPP1	0.139338456	0.647497248	0.53637742	0.637114283	19.61688974	0.27052951302739	0.188762073086022
NSD3	-0.102599838	0.647499863	0.536471119	-0.636965289	20.74635889	0.270453653374729	0.188760319136055
CYB561	-0.139071516	0.647836896	0.53684194	-0.636375776	19.87313229	0.270153562885508	0.188534321418619
DHODH	0.063446423	0.647889924	0.536977471	0.636160375	22.91645061	0.270043934832343	0.188498774160595
FHDC1	-0.163978195	0.648094239	0.537280192	-0.635679366	19.31180809	0.269799170344521	0.188361839033858
SUFU	-0.197639151	0.648094239	0.537431082	-0.635439665	18.99110108	0.269677220019089	0.188361839033858
AP3B1	-0.038844421	0.648094239	0.537496346	-0.635336001	24.54898055	0.26962448381688	0.188361839033858
DSTN	0.048874712	0.648094239	0.537513274	0.635309114	26.38229357	0.269610806289063	0.188361839033858
PREB	-0.059063539	0.648529565	0.537966	-0.634590219	21.96042168	0.269245171320578	0.188070220622798
GTF2H2	0.630665089	0.648974814	0.538518824	0.635659288	18.42676685	0.268799111276968	0.187772157364603
LRRC42	0.24396858	0.648974814	0.538465242	0.634027437	19.69675684	0.268842325225406	0.187772157364603
AK6	-0.081172083	0.649207063	0.538803317	-0.633261529	22.70403253	0.268569739321802	0.18761676394556
POLR2B	-0.037745514	0.65001199	0.539639681	-0.631935523	25.45204745	0.267896123111104	0.187078632368202
APEH	0.035602782	0.65001199	0.539655134	0.631911034	25.64551005	0.267883686930487	0.187078632368202
LRCH4	-0.084827137	0.650320907	0.540003535	-0.631359016	17.62604382	0.267603397165979	0.186872283745785
RMDN3	-0.078105025	0.650329879	0.540102917	-0.631201589	22.08864355	0.267523477165052	0.186866292145067
DMAC2L	-0.081287199	0.650788432	0.540575746	-0.630452827	21.72978072	0.267143443681061	0.186560175408223
ZNF629	0.079950107	0.650875512	0.540740088	0.630192664	20.6458878	0.26701143262185	0.18650206768585
TNRC6A	-0.323555093	0.651798585	0.541630238	-0.629333739	18.36002079	0.266297097960345	0.185886586686706
COG3	-0.14868853	0.651798585	0.541695279	-0.628706461	21.15072254	0.266244949373446	0.185886586686706
RIMS2	-0.162990498	0.651798585	0.541783387	-0.628542111	17.05822025	0.266174316107658	0.185886586686706
ARMC1	0.085708141	0.651951934	0.542003014	0.628261916	24.0896538	0.265998298406394	0.185784422010502
PSMD9	0.045059552	0.652181407	0.542285982	0.627747622	24.03865203	0.265771621857617	0.185631586628503
RECQL4	0.427109175	0.652386308	0.542548579	0.628836451	17.58125101	0.265561369650706	0.185495162319753
NIPA1	0.094851227	0.652807379	0.543070283	0.626508648	19.26295941	0.265143961306472	0.185214945184235
DENND6A	0.124165337	0.652807379	0.543226504	0.626261984	17.39385854	0.265019048999748	0.185214945184235
GOLPH3	0.065397074	0.652807379	0.543333502	0.626093064	24.35957087	0.264933515497929	0.185214945184235
THRB	0.180267768	0.652807379	0.543347601	0.626070806	16.99243163	0.264922246105494	0.185214945184235
TBP	-0.113063398	0.652807379	0.543360171	-0.626050964	19.98829136	0.264912199096025	0.185214945184235
PTOV1	-0.40304148	0.65292301	0.543585042	-0.627046918	17.38186739	0.26473250239252	0.185138025927716
SPINT2	0.05730743	0.65292301	0.543641014	0.625667297	27.5840588	0.264687786152271	0.185138025927716
HAUS6	-0.062252824	0.653035447	0.543826947	-0.625314291	23.27140922	0.264539276624475	0.185063244423724
GTPBP1	-0.051710128	0.653059458	0.54393926	-0.62513709	23.49872151	0.264449593904042	0.185047276449627
ALDH3B1	-0.841793504	0.654851371	0.545524333	-0.624531758	17.51616096	0.263185873028087	0.183857258907733
CDK12	-0.113156438	0.655354023	0.54603571	-0.621833209	19.09291574	0.262778954092305	0.183524030237439
IQCB1	-0.095713917	0.655896145	0.54658012	-0.620976417	17.78555625	0.262346168346451	0.183164921636687
ESYT1	0.040292981	0.656038519	0.546791505	0.62064387	25.58812925	0.262178241288346	0.183070660474899
NDUFAF1	-0.072161301	0.656508503	0.547331646	-0.619794454	20.66334254	0.261749440792547	0.182759644620861
EHBP1	-0.136141982	0.656508503	0.547478	-0.619564383	18.32303104	0.261633327940938	0.182759644620861
SLK	0.070828741	0.656508503	0.547495881	0.619536275	23.7662857	0.261619143822456	0.182759644620861
RICTOR	0.117102716	0.656508503	0.547554448	0.619444218	22.02091408	0.261572688743137	0.182759644620861
P3H4	-0.11326864	0.656592181	0.547717057	-0.619188653	20.48450051	0.261443734065499	0.182704293353211
APOB	0.072601581	0.657338891	0.548432872	0.618064144	22.24580384	0.260876522335554	0.182210672227408
COASY	-0.078118209	0.657358364	0.548542045	-0.61789271	22.68223336	0.260790078733436	0.182197806883064
SCYL3	-0.196240946	0.657861385	0.549084644	-0.617040956	18.69764674	0.26036070183664	0.181865604974753
SPATA5L1	-0.064952492	0.657861385	0.549147792	-0.616941859	22.18146172	0.260310758259899	0.181865604974753
SERPINB8	0.081037145	0.657954599	0.549318612	0.616673827	20.58831161	0.260175685974162	0.181804073079114
ANKRD40	0.078201058	0.65910979	0.550376241	0.61501534	21.41846955	0.259340322274922	0.181042237576333
LSM6	-0.041791322	0.659638147	0.550910683	-0.61417795	23.79851339	0.258918805911366	0.180694236968461
HADH	0.064082766	0.659852612	0.551183077	0.613751324	25.20532437	0.258704125059689	0.180553059826831
LRRFIP1	0.066727577	0.659884044	0.551302615	0.61356414	23.00010921	0.258609947521862	0.180532372754003
WDR19	-0.235960915	0.660400232	0.551827223	-0.612811892	16.62808225	0.258196878508787	0.180192782840646
NUDC	0.028808121	0.660729447	0.552195715	0.612166348	26.62722594	0.257906967778384	0.179976337380231
KIAA2013	0.119727643	0.660732875	0.552333436	0.611974912	22.09202316	0.257798665574503	0.179974084177156
ZNF503	-0.206333108	0.660732875	0.552427413	-0.611866959	19.1166429	0.257724778646556	0.179974084177156
GSN	-0.034953185	0.660732875	0.552478789	-0.611723572	28.04016077	0.257684390940744	0.179974084177156
RUNX1	0.14546636	0.661025655	0.552817045	0.611194646	19.07762883	0.257418574831902	0.179781684827948
DYNLT1	0.081643709	0.661556003	0.553354095	0.610355239	22.85844039	0.256996871785424	0.179433385392763
TIMM10B	-0.119596518	0.6619831	0.553804917	-0.609650956	20.99873599	0.256643192656014	0.179153097675754
SRSF7	-0.079030902	0.662279664	0.554240262	-0.609186864	26.20813962	0.256301928699388	0.178958580221386
TRIM32	-0.11380574	0.662279664	0.554213936	-0.609012254	20.4916313	0.256322557854031	0.178958580221386
PSME2	-0.03510869	0.662325911	0.554372592	-0.608764574	26.38297067	0.256198249242929	0.178928254489271
UPK1B	-0.105420159	0.662540606	0.554645953	-0.608401693	22.8489164	0.255984151513351	0.178787499396721
CCDC90B	0.104695052	0.66280583	0.554961681	0.607845288	20.37782481	0.255737003012059	0.1786136802079
NRF1	-0.160702911	0.662976904	0.55519864	-0.607475662	19.92989967	0.25555160638825	0.178501600765765
SPG11	0.441207737	0.66423698	0.556347767	0.607250927	18.33144949	0.254653650729799	0.177676949630628
TTC5	-0.080634494	0.664528638	0.556685992	-0.605157564	22.34097887	0.254389706793732	0.177486298306841
ACLY	0.024700941	0.66486647	0.557095611	0.604519759	26.51950065	0.254070263055527	0.177265568479138
ZZZ3	-0.081764872	0.66486647	0.557156974	-0.604424233	19.84727053	0.254022428995855	0.177265568479138
MED6	-0.126586538	0.665804681	0.558037313	-0.603054441	20.72275651	0.253336761119365	0.176653155822002
CEP41	-0.097475098	0.665887837	0.558229648	-0.60275533	20.874498	0.253187101525519	0.176598917788077
TGFBR1	-0.107920435	0.665887837	0.558295273	-0.602653286	17.67898814	0.253136049238424	0.176598917788077
NCK1	0.079041242	0.665938997	0.558432305	0.602440227	22.68496758	0.253029465962582	0.17656555233074
BLOC1S4	0.083006795	0.666151553	0.558704716	0.602016767	20.14581313	0.252817662765247	0.17642695529816
FGGY	-0.087575693	0.666577854	0.559156486	-0.601314745	19.64069166	0.252466633087466	0.176149119186386
BLOC1S2	0.170439017	0.666705505	0.559357814	0.601050155	20.25276459	0.252310290624259	0.176065958881857
CNOT1	0.051164237	0.66689279	0.559609217	0.600611543	25.72292889	0.252115141107882	0.175943977858212
RPS24	-0.048659595	0.667405642	0.560133912	-0.599796954	25.76745492	0.2517081331898	0.175610126301079
SFT2D2	0.473064482	0.667977469	0.560886923	0.600410149	21.11736391	0.251124685387426	0.175238186108281
OPHN1	-0.087479927	0.667977469	0.560879662	-0.598850012	24.8127113	0.251130307612718	0.175238186108281
DPP8	0.231731564	0.667977469	0.560897111	0.598758387	18.87849051	0.251116796895439	0.175238186108281
DAGLA	0.089617315	0.66840735	0.561394146	0.597842152	17.46253413	0.250732120332061	0.174958783125009
NUP54	-0.055631074	0.66840735	0.561507996	-0.597665673	22.86835887	0.250644054907507	0.174958783125009
NEDD1	-0.081487275	0.66840735	0.561541544	-0.597613674	22.27143597	0.25061810821368	0.174958783125009
TCF25	-0.06771743	0.668449448	0.561671405	-0.597412406	20.69033531	0.250517685731878	0.174931431012004
TTLL12	-0.034035274	0.668475779	0.561788028	-0.597231678	24.88613532	0.25042752008093	0.174914323984963
COQ7	0.099400948	0.669533543	0.562771621	0.59570824	18.22015958	0.249667810942072	0.174227660362367
PTDSS2	0.101524385	0.66954581	0.562965974	0.59540739	19.25510037	0.249517853373533	0.174219703417325
AP1S3	0.120403125	0.66954581	0.56297123	0.595399254	19.2962712	0.249513798703718	0.174219703417325
SRP54	0.039127557	0.670150361	0.563575603	0.594464074	25.29967237	0.24904781561912	0.173827744125608
YY1AP1	-0.116107133	0.670150361	0.56366902	-0.594319573	19.74294869	0.248975833926982	0.173827744125608
RELA	-0.042474153	0.670261755	0.563857465	-0.594028122	24.30478977	0.248830665497693	0.173755560654493
CAMSAP3	0.061179445	0.670266987	0.563956617	0.593874792	21.28649217	0.248754303325474	0.173752170605987
TRPC4AP	-0.155993487	0.670663077	0.56438469	-0.593212987	19.98840689	0.248424775815459	0.173495602853562
ZFYVE9	-0.096855155	0.670664345	0.564480564	-0.593064802	16.64825325	0.248351006959326	0.173494781748448
YIPF2	-0.116987734	0.670949373	0.564815312	-0.592547517	17.43778205	0.248093538183294	0.173310248618249
LSM14B	-0.050055473	0.671215573	0.565134288	-0.59205476	23.4022713	0.24784834225537	0.1731379759137
CD276	0.120625164	0.671301561	0.565301583	0.591861765	22.29386748	0.247719798394114	0.173082342934403
ZNF317	-0.266399001	0.671301619	0.565438406	-0.591791441	18.44376648	0.247614696470125	0.173082305411656
TUSC2	0.086661694	0.671301619	0.565540777	0.591427031	20.26704194	0.247536075817868	0.173082305411656
CCDC127	-0.13530055	0.671301619	0.565783331	-0.591052578	17.06770243	0.247349851791291	0.173082305411656
AGFG1	-0.034156357	0.671301619	0.565851953	-0.590946656	24.25832548	0.24729718083556	0.173082305411656
CTPS1	0.041957823	0.671301619	0.56585826	0.590936923	25.40325598	0.247292340205395	0.173082305411656
RNF220	-0.133209484	0.671301619	0.565871014	-0.590917236	19.53643672	0.247282551659761	0.173082305411656
BCLAF1	-0.181367612	0.67212263	0.566672732	-0.59142129	25.47307389	0.246667684882505	0.172551481896244
OFD1	0.083489153	0.67212263	0.566753108	0.589556321	18.03541135	0.246606089580715	0.172551481896244
KTI12	0.174898284	0.672247203	0.566992644	0.589392034	21.2873116	0.246422575482635	0.172470996057718
CAAP1	0.102527388	0.672247203	0.567048213	0.589101282	19.8952328	0.246380013858977	0.172470996057718
RBM8A	-0.067221986	0.672314606	0.567262434	-0.588831705	25.47967932	0.24621597590419	0.172427453617657
FKBP9	0.04911227	0.672314606	0.567295149	0.588720618	24.05052025	0.246190930116841	0.172427453617657
RBM10	-0.092224303	0.673741623	0.568594499	-0.586779421	23.29685486	0.245197346308436	0.17150662159369
KLC4	-0.093682453	0.674068046	0.568965268	-0.586148399	20.99975706	0.244914243932395	0.171296259977063
CRTC2	-0.152328699	0.674230659	0.569197836	-0.585790535	19.5716973	0.244736759703434	0.171191502880337
INSR	-0.311753236	0.674319959	0.569372754	-0.586013715	17.51232986	0.244603318837403	0.171133985577281
LCOR	0.086449621	0.674319959	0.569533939	0.585273497	18.60288817	0.24448039084521	0.171133985577281
RAB1A	-0.028635477	0.674319959	0.569559196	-0.585234651	27.67620496	0.244461131707578	0.171133985577281
UIMC1	0.251326788	0.675555636	0.570793899	0.58353873	17.31512929	0.243520677541964	0.170338878451263
ZNF787	0.071910124	0.675555636	0.570752871	0.583399761	20.7130994	0.24355189524496	0.170338878451263
HIP1R	-0.134898335	0.676207238	0.571440043	-0.583660247	24.4406095	0.243029330203509	0.169920184935768
ANXA13	0.09443004	0.677199569	0.57237436	0.580910558	20.90493199	0.242319829070053	0.169283326967387
TJAP1	0.069319715	0.677494531	0.572719437	0.58038131	20.8766599	0.242058077514223	0.16909420623379
MUC15	-0.148644638	0.678384404	0.573567588	-0.579081217	18.44718346	0.24141539839755	0.168524145029936
SEPHS2	-0.132483978	0.678932363	0.574126859	-0.578224502	18.77469012	0.240992135343435	0.168173489105359
TMEM30B	-0.302885547	0.679638795	0.574885776	-0.578484216	20.96812069	0.240418436668222	0.167721838788356
TIMMDC1	0.089674898	0.679638795	0.574916391	0.577015825	21.50270222	0.240395309340846	0.167721838788356
COPS3	0.048648488	0.679713795	0.575085255	0.576757429	24.69634342	0.240267767429625	0.167673915848546
TMEM68	0.062412347	0.679713795	0.575172007	0.576624698	22.57536998	0.24020225875394	0.167673915848546
ACOT11	-0.122714329	0.68177542	0.577012926	-0.573810591	19.56881672	0.238814457853636	0.166358660412488
STAM	0.060592628	0.682108211	0.577445613	0.573149865	23.65587947	0.238488913749726	0.166146722539622
KIF14	-0.127660499	0.682108211	0.577543715	-0.573000096	19.96857762	0.23841513790378	0.166146722539622
MFSD5	-0.084472995	0.682108211	0.577583854	-0.572938821	18.28318151	0.238384955702811	0.166146722539622
XYLT2	-0.162233926	0.682580259	0.578080058	-0.572243665	20.70103286	0.238012012202363	0.165846276167756
EXOG	0.073858781	0.682867131	0.578419544	0.571663606	19.35698617	0.23775704125302	0.16566379102866
HNRNPF	0.055524113	0.683452329	0.579011847	0.570760379	25.48721433	0.237312550203323	0.165291772206999
POLD1	-0.048297685	0.683742649	0.579354458	-0.570238143	23.9035858	0.237055646889689	0.165107329785969
CASP2	-0.096237691	0.684321505	0.579941677	-0.569343436	19.63021286	0.236615679938225	0.164739811960311
TSTD1	-0.040357383	0.684450945	0.58014813	-0.569028992	24.33987291	0.23646110328549	0.164657672554444
AKAP13	0.038246474	0.684535044	0.58031618	0.568773082	24.24374849	0.236335320549106	0.164604313744386
TRMT10C	0.025738669	0.684683955	0.580539209	0.56843351	25.37888299	0.236168443147986	0.164509849344028
EPN3	0.537368223	0.68500447	0.580907805	0.569517339	18.84450116	0.235892788361679	0.164306594507574
GIT2	0.075297609	0.685022824	0.581033855	0.567680635	20.99749436	0.235798561910312	0.164294958183311
DNM1L	-0.036938778	0.685022824	0.581117044	-0.567554051	27.18665731	0.235736386639015	0.164294958183311
ZC3H7B	0.088262218	0.685055347	0.581241475	0.567364729	21.31339371	0.235643403801102	0.164274339564992
KLHL9	-0.089349301	0.68574996	0.581927765	-0.566320923	18.33331284	0.235130921207303	0.163834209055959
SRP14	-0.03645848	0.685782358	0.582117628	-0.566032268	25.18524797	0.234989248976229	0.163813691460504
RRM1	-0.048611019	0.685782358	0.582149147	-0.565984354	25.02576044	0.234965734558275	0.163813691460504
UBA7	0.306621271	0.686292799	0.582679467	0.566811634	22.06658367	0.234570285712346	0.163490557966346
PGK2	-0.108437119	0.686932402	0.58332324	-0.564535048	23.584706	0.234090720633758	0.163085997849923
LZTFL1	-0.056176695	0.686932402	0.583416719	-0.564058552	22.90859708	0.234021129438827	0.163085997849923
FHL3	0.059469676	0.687177355	0.5837219	0.563595225	22.28221241	0.23379401258202	0.162931160528071
UNC45A	0.042036005	0.687542747	0.584129476	0.562976643	24.68647134	0.233490878093197	0.162700295011756
ARMCX2	-0.186568414	0.688241116	0.584820094	-0.561929003	17.26896119	0.232977713746168	0.162259385887526
ARF3	0.025650623	0.688328952	0.584992036	0.561668275	27.64287275	0.232850046302088	0.162203963078253
SETDB1	-0.079753837	0.688408255	0.585156748	-0.561418548	20.74755738	0.232727782340182	0.162153930500996
RPF2	0.049011106	0.689119994	0.585906061	0.560282951	23.20125227	0.232172009339744	0.161705149362771
CNPY2	0.05102118	0.689119994	0.585956568	0.560206435	24.89487613	0.232134573362406	0.161705149362771
EBP	-0.056801333	0.689618432	0.586541454	-0.559320601	23.06721344	0.231701288565936	0.161391139281788
LDAH	-0.133300317	0.689618432	0.586575361	-0.559269262	19.20249065	0.231676183439467	0.161391139281788
PLA2G12A	-0.238231377	0.689640953	0.586692007	-0.559282233	18.87377876	0.231589828503355	0.161376956676059
UBQLN4	0.044495721	0.689697684	0.586837767	0.558872	23.84325066	0.231481944126818	0.161341232366443
DLAT	0.045398271	0.689844567	0.587060262	0.558535232	24.37138025	0.231317315940176	0.161248751724288
RTKN	-0.100660663	0.690600434	0.587801133	-0.557414338	21.82847642	0.230769581150147	0.160773153059044
RBP4	0.349519594	0.690615519	0.587911599	0.558846614	20.86700526	0.230687971462554	0.160763666733252
IMP3	-0.079634008	0.69065162	0.588039964	-0.557053159	19.69290912	0.230593157674052	0.160740965165029
NFU1	-0.069868713	0.69068603	0.588166899	-0.556861229	21.69995478	0.23049942047185	0.160719328061131
NEURL4	0.065962099	0.690935463	0.588476982	0.556392465	23.20187623	0.230270519712455	0.160562516116282
TTI2	0.163563223	0.692123572	0.589586746	0.55475854	20.02920584	0.229452288045481	0.159816359522141
TPT1	0.043522884	0.692189095	0.589797512	0.554397613	27.95130378	0.229297063806856	0.159775247022
MANBAL	-0.102471231	0.692189095	0.589838262	-0.554336091	19.32786919	0.229267058782365	0.159775247022
VPS33A	0.042575441	0.693992956	0.591473499	0.551869146	23.36157421	0.228064709186342	0.158644937593929
UBL4A	-0.042322827	0.694144104	0.591700445	-0.551527053	23.34657033	0.227898104103127	0.158550360848589
GLB1	0.060223549	0.694442488	0.592052961	0.550995814	22.75205211	0.227639442531668	0.158363715626131
NCLN	0.047010699	0.694567301	0.592257557	0.550687564	24.04664852	0.227489389123625	0.158285666360035
RPL11	-0.02719224	0.694639253	0.592417107	-0.550447221	27.03127574	0.227372409015731	0.158240679016001
PLXNB1	-0.237464603	0.695157907	0.592957706	-0.550055538	19.92966006	0.22697628253097	0.157916533036779
TUSC3	-0.085811253	0.69597836	0.593755924	-0.548431772	21.10658922	0.226392044318359	0.157404263663424
PSMB7	-0.054821328	0.696221522	0.59406179	-0.547971653	25.67736513	0.226168380506358	0.157252555683489
C3orf38	-0.147664355	0.696269351	0.594221979	-0.547785192	20.84203449	0.226051288611311	0.157222721562223
ERLIN1	0.073525626	0.696269351	0.594299454	0.547614216	21.0992704	0.225994668740438	0.157222721562223
SKP1	-0.0418345	0.696387092	0.594498395	-0.547315075	25.95183222	0.225849313532395	0.157149287418472
TMEM209	0.092784605	0.696618111	0.59479409	0.546870544	20.86981074	0.22563335537056	0.157005238742102
ASPM	-0.301746851	0.697333446	0.595503442	-0.54633992	17.19351259	0.22511572395906	0.156559504356394
VPS11	-0.092948314	0.69840355	0.596516009	-0.544332463	22.7411508	0.224377896457907	0.155893561768849
PARG	0.179484856	0.698523991	0.596717625	0.544000609	18.61988891	0.224231134391197	0.155818673329343
CNOT11	-0.065390314	0.698837795	0.597084483	-0.543431153	20.82444574	0.223964215093619	0.155623615257402
CDKN2AIPNL	-0.068070769	0.698903593	0.5972395	-0.543198617	20.91572162	0.223851476793061	0.155582726851884
MPZL1	0.104911074	0.699540318	0.597882494	0.542234411	20.35951442	0.223384162536538	0.15518724989221
DHX40	-0.126335384	0.699846075	0.59825101	-0.541682043	20.60861422	0.223116559514263	0.154997468741442
RPS21	0.027355581	0.699846075	0.598390852	0.541472478	26.62221979	0.223015054442206	0.154997468741442
RNF126	0.093591025	0.699846075	0.598440614	0.541397912	21.76948108	0.222978940147696	0.154997468741442
AP2A2	0.048799191	0.700011271	0.598717449	0.540983147	23.99778045	0.222778084606967	0.15489496728046
SS18	0.138238577	0.700011271	0.59884925	0.540785712	19.87778844	0.222682490019562	0.15489496728046
YRDC	0.062213793	0.700011271	0.59887874	0.540741539	20.94479983	0.222661103954645	0.15489496728046
NKTR	-0.122109328	0.7003894	0.59930125	-0.540108795	18.54608201	0.222354816467479	0.154660435341795
UBE4B	-0.036205061	0.700970218	0.599897328	-0.539216506	24.65653867	0.221923072447342	0.154300433435655
CHMP4C	0.314963079	0.701251985	0.600244374	0.539591426	18.88345323	0.221671901828546	0.154125896397705
SNCA	0.086165038	0.701251985	0.600336729	0.538559044	21.71562321	0.221605085406306	0.154125896397705
MSRB2	0.445366912	0.701293912	0.600471759	0.539877461	18.66658006	0.221507413238388	0.154099931237082
AGPAT2	-0.1026253	0.701370738	0.600636688	-0.538110366	20.34921255	0.221388143816489	0.154052357345632
SNF8	-0.096019865	0.701499688	0.600846284	-0.537796922	21.88465394	0.221236620425357	0.15397251779301
ABRAXAS2	0.055264081	0.701719728	0.601133949	0.537366818	22.09174832	0.22102874458665	0.153836313636352
PALMD	-0.245742671	0.70174491	0.601254722	-0.53736506	16.66989113	0.220941499839749	0.153820728771086
ARMC8	0.131242721	0.701770658	0.601375986	0.538438356	25.17390573	0.220853918031166	0.153804794192837
RSU1	0.046065326	0.701816852	0.601552862	0.536740665	22.54490008	0.22072620262811	0.153776207732554
NFXL1	-0.078036354	0.701816852	0.601613994	-0.53664931	22.17298599	0.22068207027829	0.153776207732554
GPBP1	0.165685977	0.702246136	0.602081257	0.535951187	18.633218	0.220344892321457	0.153510641757562
BRK1	0.042765196	0.702411416	0.602322258	0.535591225	22.40968518	0.220171087770862	0.153408438637381
BORCS7	-0.069379189	0.702650708	0.602626781	-0.53513649	20.66719973	0.219951571995426	0.15326051180284
PARS2	0.218172162	0.702721683	0.60278699	0.535074982	19.49440084	0.219836129668924	0.153216645776901
OGN	-0.138982109	0.703837552	0.603843667	-0.533320517	17.00700105	0.219075484139319	0.152527565873493
DDX51	-0.148010816	0.703906305	0.604002159	-0.533136491	20.59959636	0.218961508994579	0.152485144735031
FOXP4	0.100125857	0.70478366	0.604854622	0.531813274	20.47470859	0.21834899633946	0.151944173344726
PARP2	-0.129027757	0.704867178	0.605025941	-0.531557981	20.79949943	0.218226004204339	0.151892711797506
ACADS	-0.172451307	0.705022859	0.605259234	-0.53125701	19.34776989	0.218058576120588	0.151796801623325
TRAPPC14	0.108480311	0.705401183	0.605683741	0.530578088	18.31022529	0.217754084399693	0.151563816330081
SMYD4	0.195329158	0.706749428	0.60697045	0.528837597	19.93938177	0.216832451781956	0.150734534329839
HNRNPM	-0.02290013	0.706749428	0.607041211	-0.528557638	28.78039313	0.216781824406856	0.150734534329839
SPAG9	0.070546712	0.706793635	0.607208615	0.528308633	23.05978838	0.216662075352991	0.150707370168137
PIK3CA	-0.08964987	0.706793635	0.607279009	-0.528203936	19.55594089	0.216611730293578	0.150707370168137
GCN1	0.038822944	0.706931615	0.607497496	0.52787902	30.75569132	0.216455507812982	0.150622595629657
MIER3	0.395795875	0.707582363	0.608174625	0.528145177	17.7079613	0.215971703975469	0.150223000730146
EMC3	0.067663975	0.707582363	0.608256764	0.526750356	22.67444453	0.215913052883717	0.150223000730146
SSH3	-0.06032607	0.707940737	0.608664909	-0.526143936	21.80543524	0.215621735649591	0.150003096365487
NAA30	0.117710544	0.708415889	0.609173573	0.525439722	21.61027778	0.215258945370824	0.149711706618557
TXN2	0.056103435	0.708889915	0.609705573	0.524598649	22.86364461	0.214879835301048	0.149421202080759
ZC3H4	-0.060786015	0.708889915	0.609781614	-0.524485789	22.30752769	0.214825674524136	0.149421202080759
FAM83C	0.077482692	0.709093364	0.610056858	0.524077325	20.34608238	0.214629686358245	0.149296578920579
HGD	-0.230495972	0.709145773	0.610202194	-0.524034102	18.77688803	0.214526235172176	0.149264481457015
ACTR5	-0.241951347	0.709343983	0.610473024	-0.523963754	20.06262292	0.214333522197046	0.149143110809883
OSMR	0.152267506	0.709960201	0.611103713	0.522524635	16.64802436	0.213885077545903	0.148765996309859
UFSP2	-0.101183307	0.711767489	0.612759967	-0.52012134	22.29833395	0.21270961589327	0.147661852901935
PFKL	0.028030012	0.712208491	0.613240305	0.519359789	26.14019771	0.212369309029909	0.147392852941372
XPO6	-0.07924298	0.712360559	0.613471943	-0.519017005	21.12433751	0.212205294842297	0.147300133962921
HERC1	0.063234261	0.712388485	0.613596698	0.518832417	21.25594015	0.21211698615855	0.147283109059125
HBS1L	-0.032844445	0.713322249	0.614501807	-0.51749377	24.39865392	0.211476835692133	0.146714229831504
LRRCC1	0.110377288	0.713576522	0.614821728	0.517020845	18.95992088	0.211250792792724	0.146559447496261
ZFYVE1	0.143858121	0.713980624	0.615270835	0.516357158	20.17570892	0.210933670803018	0.1463135739438
MEN1	-0.150151714	0.714320207	0.615664447	-0.515775679	19.83691405	0.210655925046702	0.146107064190916
CDK18	-0.435690761	0.714381324	0.615818111	-0.516977195	19.57848427	0.210547542792841	0.146069907688609
MFF	-0.068493779	0.714746592	0.616234021	-0.514934582	22.39244234	0.21025432886116	0.145847906734749
RBM19	0.078596455	0.714802299	0.616383096	0.514714504	19.28864345	0.21014928010058	0.145814059354127
SELENOH	0.087097195	0.714932502	0.616596437	0.514406388	22.63816152	0.209998989171155	0.145734958748134
GLT8D1	0.154053024	0.715094493	0.616837234	0.51404423	19.12415682	0.209829418950808	0.145636566482863
SELENOI	-0.140514223	0.715707416	0.617467114	-0.51311498	17.96351686	0.209386167766526	0.145264482700559
MAP9	-0.083700679	0.716253956	0.618039886	-0.512270388	19.01151831	0.208983496253036	0.144932966331045
CTSD	0.03524437	0.716310237	0.618189708	0.512049529	27.30896224	0.208878229612434	0.14489884216702
CHM	-0.044523507	0.716417127	0.618383231	-0.511764288	23.92757484	0.208742295905563	0.144834040253658
LSM7	0.088290319	0.716654496	0.618689427	0.511479618	24.02040106	0.208527305726875	0.144690170196973
ATXN2L	-0.03497706	0.716953945	0.619049292	-0.510782891	25.25291371	0.208274768764535	0.144508741228667
STOM	0.22894205	0.71725682	0.619513595	0.51039902	19.40546049	0.207949158749261	0.144325313595334
NDUFAF6	0.079885525	0.71725682	0.619456463	0.510183211	19.37485839	0.207989211553116	0.144325313595334
SCYL2	0.03985437	0.717559538	0.619929111	0.509487339	23.28473987	0.207657969310928	0.144142058423771
EBNA1BP2	-0.049356353	0.717559538	0.620034093	-0.509332811	24.16133244	0.207584429865143	0.144142058423771
PDCD5	0.028493433	0.717559538	0.620079369	0.509266171	25.78802209	0.207552718062031	0.144142058423771
LMNA	-0.045882679	0.718161367	0.620904004	-0.508167193	30.2343624	0.206975539526704	0.143777961156471
LRCH1	-0.103522543	0.718161367	0.620770251	-0.50824959	19.72706673	0.207069103824794	0.143777961156471
ZFAND5	-0.143212584	0.718161367	0.620805174	-0.508198217	19.78105266	0.207044672177887	0.143777961156471
CCSMST1	-0.131548019	0.718452946	0.621257658	-0.507532743	16.71715607	0.206728244847514	0.143601670065213
RRP1	-0.063034457	0.718726474	0.621595783	-0.507035612	23.04970671	0.206491940516734	0.143436357786416
PEX3	-0.080407819	0.718877549	0.622027413	-0.506401199	20.07511995	0.206190475353727	0.143345079467706
UBE2V1	0.033856227	0.718877549	0.62207314	0.506334002	27.36523653	0.20615855030758	0.143345079467706
PHACTR2	0.071534391	0.718877549	0.622083631	0.506318585	17.00787319	0.206151226176866	0.143345079467706
USP33	-0.15623307	0.718877549	0.622132931	-0.506246141	18.22925001	0.206116809792094	0.143345079467706
HPS6	-0.079067	0.719002013	0.622423085	-0.505819828	20.5197322	0.205914308206363	0.143269893715075
DEK	0.034226069	0.719002013	0.622443926	0.505789211	25.61285608	0.205899766683103	0.143269893715075
BLVRB	0.098770842	0.719198667	0.622715838	0.505407885	22.08457329	0.205710088400115	0.143151126217932
EIF2AK3	-0.107876681	0.719703474	0.623254663	-0.50459856	20.22174264	0.205334463554083	0.142846400973214
METTL16	-0.133834048	0.72016958	0.62376011	-0.503874655	20.56731164	0.204982402199609	0.142565227198498
KPNA3	0.046327717	0.721969645	0.62550248	0.501301371	23.70304669	0.203770964070993	0.141481061829436
MTMR6	0.090592852	0.721969645	0.625523318	0.501270832	20.6678663	0.203756496218405	0.141481061829436
RBM45	-0.0926952	0.722282451	0.625896441	-0.500724092	17.66674267	0.203497517944156	0.141292936886143
MVB12A	-0.104730596	0.722303429	0.626016727	-0.50054787	19.27562827	0.203414062401797	0.14128032340325
HSPA5	0.020968312	0.722483048	0.62629694	0.500137413	29.89432348	0.203219710196123	0.141172338531868
MAST3	0.142914876	0.722483048	0.626376666	0.500020647	18.3375035	0.203164429136883	0.141172338531868
WARS2	-0.058363696	0.7232582	0.627150947	-0.498887014	22.35094985	0.202627917607308	0.140706633802256
DHPS	-0.102940315	0.723684054	0.627622515	-0.498244464	21.99298787	0.202301485153823	0.140450996720506
CDC16	0.06619314	0.723690413	0.627730332	0.498039176	20.26125279	0.202226885684228	0.14044718059873
MAP4K2	0.084685901	0.724429865	0.628474142	0.496951287	18.91903619	0.201712586263996	0.140003653971802
SUZ12	-0.070248337	0.724692443	0.628804384	-0.496468478	20.27467053	0.201484439073656	0.139846267425356
NOL10	-0.06425654	0.724723861	0.628934095	-0.496278877	20.70874319	0.201394861196088	0.139827439619988
DHRS1	-0.07851565	0.72507139	0.629338187	-0.495688327	16.94253263	0.201115915320342	0.139619231005995
PEAK1	0.114594485	0.72581589	0.630188227	0.494446659	19.45915988	0.20052971445414	0.139173528194188
BCL10	-0.064807954	0.72581589	0.630189595	-0.49444466	21.41532739	0.200528771697387	0.139173528194188
INPP5A	0.214055915	0.726340946	0.630748152	0.49378771	17.97533351	0.200144013227951	0.138859472676527
NUMB	0.049798136	0.726699559	0.631187111	0.492988606	23.56143232	0.199841878110945	0.138645103359684
ELP5	0.147860235	0.726699559	0.631265026	0.492874922	17.68153362	0.199788271239668	0.138645103359684
IFT57	-0.116677274	0.726728726	0.631495827	-0.493877511	27.63768079	0.19962951496908	0.138627672754699
PNKD	-0.09101765	0.726728726	0.631452214	-0.492601826	21.10290277	0.199659509687202	0.138627672754699
CIAO1	-0.068926086	0.727272666	0.632071296	-0.491698906	23.35796632	0.199233931665373	0.138302734755593
SPRY4	-0.164896001	0.728890662	0.633812451	-0.489203219	18.91877832	0.198039233515108	0.13733761359066
SASS6	-0.11196833	0.728890662	0.633840099	-0.489121483	17.60439036	0.198020289248657	0.13733761359066
PAAF1	-0.064836745	0.728890662	0.633859828	-0.489092754	22.39580157	0.198006771545213	0.13733761359066
DARS1	-0.023359875	0.728890662	0.633889646	-0.489049335	27.5076598	0.197986341968031	0.13733761359066
GSTO1	-0.029921781	0.729632249	0.63463772	-0.487960356	26.00899193	0.197474118965793	0.136895978883003
LBH	0.056913649	0.729679961	0.634782369	0.487749859	21.49042434	0.197375144223973	0.136867580493425
CHCHD10	-0.108412629	0.730720607	0.635790972	-0.486282757	19.51886992	0.196685643200767	0.136248644974209
GRIPAP1	-0.103364433	0.730751924	0.635921522	-0.486092943	21.26865735	0.196596476592624	0.136230032513142
PPWD1	0.066440031	0.730801984	0.636068393	0.48587942	21.27238628	0.19649618450008	0.136200282284083
CCNK	-0.093382123	0.73113819	0.636620154	-0.485148026	22.6057632	0.196119616685107	0.136000530726867
ITGA1	0.073846993	0.73113819	0.636646075	0.485039808	19.39775437	0.196101934055959	0.136000530726867
CD40	0.058288777	0.73113819	0.636671084	0.485003468	21.51914651	0.196084874251773	0.136000530726867
MT-CYB	0.081398265	0.731623604	0.637239957	0.48417703	19.836669	0.195697000352773	0.135712291547744
KIF5A	0.080657062	0.731623604	0.637300629	0.484088908	17.42514023	0.195655652881982	0.135712291547744
UROS	-0.113795918	0.731649595	0.637664514	-0.483560477	19.98116952	0.19540775080763	0.135696863467892
SMIM8	-0.062993334	0.731649595	0.637670138	-0.483552311	17.99182601	0.195403920484095	0.135696863467892
RAP2A	0.08554427	0.731649595	0.637695082	0.483516094	17.56880723	0.195386932343932	0.135696863467892
OGFOD3	-0.046130892	0.731649595	0.637736981	-0.483455259	21.44736085	0.195358398476811	0.135696863467892
TEFM	-0.096938463	0.732554506	0.638632927	-0.482154858	20.43532905	0.194748693617189	0.135160055923533
GCLC	0.053660086	0.732554506	0.638732852	0.482009877	22.39485541	0.194680746163286	0.135160055923533
ADAM9	0.0491636	0.732935563	0.639168714	0.481377614	23.55327202	0.19438449099959	0.134934205254708
MTX3	0.183250686	0.733480574	0.639817999	0.480588793	20.07769167	0.193943546752023	0.134611383819778
HNRNPK	0.026598654	0.733480574	0.639961782	0.480227714	28.64611849	0.193845960956902	0.134611383819778
FBXL14	-0.172577223	0.733480574	0.640060171	-0.480130262	18.78838426	0.193779196789672	0.134611383819778
WIPF2	0.067273256	0.733480574	0.640087738	0.480045149	19.98185265	0.193760492394812	0.134611383819778
IPO4	-0.02621338	0.733480574	0.640208788	-0.47986971	26.87587255	0.193678368689681	0.134611383819778
DNPH1	-0.051883429	0.733480574	0.640266122	-0.47978662	22.80198636	0.193639477119611	0.134611383819778
TFB1M	0.150849645	0.733574924	0.640452181	0.479562088	19.95945995	0.19351329106076	0.134555522695942
CEP350	0.044248073	0.733769522	0.640725804	0.479120569	22.85147897	0.19332778528058	0.134440331149315
DNAJC8	0.040256498	0.733791901	0.64085005	0.478940582	24.06370953	0.193243577463775	0.134427085943957
NEO1	-0.094550014	0.733791901	0.640952807	-0.478791739	17.72901521	0.193173946166062	0.134427085943957
TMEM167B	-0.1610718	0.734775379	0.641960584	-0.477349273	18.21842299	0.19249163653677	0.133845404548571
H2BC20P	0.030162765	0.734775379	0.642019595	0.477247157	26.32710192	0.192451716681139	0.133845404548571
ZKSCAN1	-0.249042401	0.734867173	0.6423684	-0.477172785	18.73274537	0.192215831432952	0.133791152407233
FAH	-0.032367352	0.734867173	0.642359319	-0.476755532	23.0343796	0.192221970987866	0.133791152407233
GOLGA7	0.061214931	0.734867173	0.64241145	0.476680103	20.89510552	0.192186727026539	0.133791152407233
KAT6A	0.205166779	0.734999643	0.642631155	0.476513109	18.8798361	0.192038223514352	0.13371287185889
PDK3	0.110354149	0.735030751	0.64276226	0.476172583	17.66065758	0.191949630905143	0.133694491241999
NAT10	-0.029332453	0.735050146	0.642883129	-0.475997751	25.64209943	0.191867971156137	0.133683031816203
CHML	0.09295854	0.735717215	0.643570558	0.475003709	19.95506055	0.191403832178057	0.133289081809838
SURF6	0.049055347	0.736026567	0.643945211	0.474462159	23.17721984	0.191151082287083	0.133106509448823
NUMBL	-0.073321876	0.736189181	0.644191551	-0.474106163	18.07313705	0.19098497553952	0.133010569212804
RBX1	-0.063698511	0.737094547	0.645087975	-0.472811245	22.65250021	0.190381053656748	0.132476801683949
PPIB	0.021412142	0.73796628	0.645955217	0.471559285	28.50816046	0.189797589874809	0.131963482004193
PELP1	0.039995152	0.738546205	0.646567239	0.470676236	25.38025397	0.189386304490893	0.131622329128173
PSMB4	0.026785934	0.738602796	0.646721193	0.470454168	25.85921726	0.189282907025442	0.131589052648927
COMMD7	0.142524261	0.738784079	0.647019217	0.470172483	21.29233273	0.189082820238381	0.131482472296427
TSR1	0.039903354	0.738784079	0.647088798	0.469924021	23.41908003	0.189036118349475	0.131482472296427
NCKAP1	-0.041656853	0.73940678	0.647786375	-0.468918386	25.51855189	0.18856819081881	0.131116571475804
CNEP1R1	0.078490228	0.73940678	0.64784326	0.468836401	17.57871791	0.188530055164991	0.131116571475804
EPS15L1	-0.029220712	0.739560422	0.648082422	-0.468491754	24.07152516	0.188369757796859	0.131026338409191
DIAPH3	-0.064618642	0.74027177	0.648810429	-0.467443013	19.18467692	0.187882177877126	0.130608811967236
CACTIN	-0.105809099	0.74072471	0.649320892	-0.466707986	17.76024708	0.187540623410399	0.13034316738074
SMIM20	0.075278104	0.74072471	0.64950082	0.466448966	20.65348828	0.187420296290337	0.13034316738074
PDLIM7	-0.029708867	0.74072471	0.649538679	-0.46639447	24.94508602	0.187394982272083	0.13034316738074
WASH2P	0.04567274	0.74072471	0.649626251	0.46626842	21.61140893	0.187336433837549	0.13034316738074
TMEM131L	-0.154031164	0.742287415	0.651101697	-0.464161938	18.68238184	0.186351172727477	0.129427902565175
SLC4A7	0.086110725	0.742357812	0.651268389	0.463952281	22.70798869	0.186240000923163	0.129386716929564
HERC2	0.0392688	0.743730921	0.652578149	0.462024083	23.15852994	0.185367472269873	0.128584162118115
WDR74	0.091113431	0.744070525	0.652981315	0.461445088	21.1278573	0.185099245843602	0.128385898907402
PHF21A	0.15990283	0.74421491	0.653213228	0.461150352	18.4170588	0.184945029095753	0.128301633339129
RC3H2	-0.074047912	0.744750929	0.653788983	-0.460285673	18.51784752	0.184562401991532	0.127988946374991
PHF14	-0.119724828	0.744909908	0.654033847	-0.4599343	18.69276521	0.184399775857747	0.127896249163671
SEZ6L2	-0.082252259	0.745102957	0.654308675	-0.45954	18.00955205	0.18421732167068	0.127783713067003
MPDZ	-0.066035318	0.745183004	0.654484309	-0.459288056	21.80702484	0.184100761025223	0.127737058973311
HSPA9	-0.024758047	0.745229049	0.654630098	-0.459078948	28.26083587	0.184004030963824	0.12771022466345
VIPAS39	-0.058937739	0.745495128	0.654969214	-0.458592628	20.22719018	0.183779112991636	0.127555190426452
LGALS8	0.101728757	0.745700252	0.655254844	0.458183102	19.52775303	0.183589759828604	0.127435710144978
RAB3IP	0.461784366	0.746810346	0.656335866	0.457840928	18.51413983	0.182873862724202	0.126789674146117
CPSF6	-0.033015396	0.746989216	0.656598663	-0.456257479	24.70561599	0.18270000593856	0.126685667884065
DEUP1	0.069847188	0.747277211	0.656957446	0.455743667	19.16697871	0.182462760677535	0.126518261806267
SORCS2	-0.165183105	0.747648314	0.657389385	-0.455167245	18.66110315	0.182177312839038	0.126302641715857
L1RE1	0.072006218	0.747762911	0.657595854	0.454829723	21.18381961	0.182040933592395	0.126236079630448
CNKSR1	-0.078528656	0.747897634	0.657820056	-0.454508851	20.4687464	0.181892889629061	0.126157840679986
MRPL55	0.055149849	0.748103619	0.658106986	0.454098277	21.37902935	0.181703499011359	0.126038244323712
CYBC1	0.048812384	0.748176789	0.658277118	0.453854871	22.34037581	0.181591240911338	0.125995769227338
TAF9	-0.053112665	0.748358646	0.658542914	-0.453474657	20.12751674	0.181415918946492	0.125890219448647
VPS13C	0.045135462	0.74962302	0.659761511	0.45173238	24.16270865	0.180613023813225	0.125157085266667
NOMO1	0.102471966	0.750342175	0.660500526	0.450676491	19.06623768	0.180126832192063	0.12474064217438
CLDN6	0.082705926	0.75097508	0.661210247	0.449662963	21.10473581	0.179660424639198	0.124374474178326
TRAPPC9	0.071537901	0.75097508	0.661269971	0.449577697	20.62038713	0.1796211986405	0.124374474178326
PDCD10	-0.043948131	0.751150395	0.661530529	-0.449205742	24.36137488	0.179450108739824	0.124273100040536
UNC119	0.137671737	0.751162738	0.661650041	0.449043092	19.588054	0.179371656254292	0.124265963716327
FBXO21	-0.161006628	0.751162738	0.661753772	-0.448928322	18.93028607	0.179303574538715	0.124265963716327
PTEN	0.072221718	0.751658753	0.662297004	0.448111958	18.9115608	0.178947209545005	0.123979280851391
NBEAL1	-0.074032033	0.751968302	0.662676053	-0.447571256	20.60062445	0.178698723143425	0.123800465999622
RB1CC1	-0.046481661	0.7521051	0.662902926	-0.447247694	21.38640446	0.178550064037456	0.123721466375507
GPR180	0.05910372	0.753246153	0.664015128	0.445662218	19.59526678	0.177822026155957	0.12306307768997
AARSD1	0.033620627	0.753604711	0.664437741	0.445060084	22.49413704	0.177545706981442	0.12285639530686
NENF	-0.039283818	0.754704642	0.665521704	-0.443516455	23.36502389	0.176837776742673	0.122222978763359
AP1S2	-0.082611452	0.754704642	0.665620902	-0.443375247	18.50053863	0.17677304867537	0.122222978763359
TMEM161A	-0.153726766	0.755556119	0.66647868	-0.442194991	18.73346173	0.176213738682903	0.121733272864486
DCUN1D1	0.06893003	0.755880348	0.666886875	0.441674817	23.82268236	0.175947829846554	0.121546945657478
MBNL1	-0.033975387	0.755880348	0.66697839	-0.441443819	23.85334004	0.175888236931712	0.121546945657478
NOP9	-0.073982834	0.757455073	0.668474982	-0.439316512	22.18494732	0.174914841779204	0.120643121408921
DMXL1	0.285619491	0.758747271	0.670063316	0.437937992	17.8285782	0.173884157761551	0.119902857948676
USP16	-0.141678813	0.758747271	0.66998397	-0.437308092	20.48833491	0.173935588081005	0.119902857948676
TBC1D20	-0.068401881	0.758747271	0.670083833	-0.437032002	19.14747118	0.173870860087646	0.119902857948676
SYPL1	-0.056476311	0.758747271	0.670176178	-0.436900949	22.06829296	0.173811013604627	0.119902857948676
RAMAC	0.055842162	0.758747271	0.670204521	0.436860727	21.94713143	0.173792646869696	0.119902857948676
ASCC1	-0.034428671	0.758747271	0.670258934	-0.436783511	22.74912172	0.173757388518462	0.119902857948676
YTHDC1	-0.083857707	0.759587809	0.671297716	-0.435309943	21.59531178	0.173084830441006	0.119422014085778
IRF6	0.087731399	0.759587809	0.671367695	0.43521071	18.35945086	0.173039560050739	0.119422014085778
PPP6R3	-0.030151262	0.759587809	0.671418876	-0.435138137	24.85042712	0.173006453336137	0.119422014085778
HOXA5	0.100909064	0.759587809	0.671430954	0.435121011	19.87082479	0.172998640982684	0.119422014085778
GTPBP3	-0.104774059	0.759651532	0.671594668	-0.434888887	19.71345172	0.172892760519948	0.119385581975919
OBSL1	0.048270431	0.760530953	0.67247966	0.433634519	22.87555142	0.172320846914181	0.118883105814085
PLEKHO2	-0.152885855	0.760941673	0.672950397	-0.433009616	19.24464728	0.172016946330414	0.118648631094143
UTP15	0.064754832	0.761344735	0.673414476	0.432310323	21.77697179	0.171717552071264	0.118418651235379
CHORDC1	-0.027246743	0.761950623	0.6740581	-0.431399082	25.95985274	0.171302668120589	0.11807317151269
PIK3R1	0.149841913	0.762071037	0.674272352	0.431397187	21.2322493	0.171164647857111	0.118004543700861
SGSH	-0.2187255	0.762621616	0.67499299	-0.430394741	18.94385594	0.170700737421014	0.117690889101064
YWHAZ	-0.035565751	0.762621616	0.674890273	-0.430260412	30.53328941	0.170766831175351	0.117690889101064
SYNJ1	0.067786014	0.762621616	0.675082918	0.429948935	17.18073368	0.170642881067909	0.117690889101064
WDR13	0.067974009	0.763530059	0.675995018	0.4286591	17.81839546	0.170056504743396	0.117173860767532
CARMIL2	-0.070037217	0.763600826	0.676363384	-0.428138395	20.27201421	0.169819911655587	0.11713361049439
SNRPE	-0.028947687	0.763600826	0.676394575	-0.428094311	23.90523391	0.169799884304652	0.11713361049439
MOB2	0.078099084	0.763600826	0.676440628	0.428029223	21.87754857	0.169770315937805	0.11713361049439
SF3B3	0.020553632	0.763600826	0.676515348	0.427923623	26.35406499	0.169722346182253	0.11713361049439
HMG20B	-0.172207051	0.763600826	0.676910772	-0.427495259	18.54577522	0.169468574715069	0.11713361049439
RNF25	-0.05474398	0.763600826	0.676725892	-0.427626093	21.02934751	0.169587206791828	0.11713361049439
AMPD2	-0.027802747	0.763600826	0.676817346	-0.427496868	23.50342558	0.169528519390505	0.11713361049439
RUFY3	0.073473597	0.763600826	0.67692123	0.427350088	18.68771052	0.169461865091297	0.11713361049439
SLC7A6OS	-0.091211104	0.764277143	0.67765449	-0.42631433	18.15402811	0.168991679780571	0.116749128531483
COMMD2	-0.044491225	0.764277143	0.677736856	-0.426198015	22.61125344	0.168938896354668	0.116749128531483
ACAD9	-0.03206909	0.76440751	0.67796052	-0.425882194	25.24157916	0.16879559587537	0.116675054825375
VARS2	0.062889429	0.764963259	0.678561557	0.425033738	19.08670767	0.168410748368608	0.116359423404219
DOP1B	-0.055533876	0.765185687	0.67886703	-0.42460264	21.51432219	0.168215282851261	0.116233162161542
LAMA5	0.028874943	0.765368567	0.679137474	0.424221048	25.37705433	0.168042305017873	0.116129377829793
EPN1	-0.064363815	0.765677901	0.679520195	-0.423681147	21.42483248	0.167797631725111	0.115953887335023
APLP1	-0.07799746	0.765941663	0.679908009	-0.423134198	17.40442514	0.167549843008829	0.1158043066102
AIMP1	-0.02343711	0.765941663	0.679970829	-0.423045612	25.8913962	0.167509718287993	0.1158043066102
TRAPPC5	0.06644881	0.767234545	0.681227053	0.421274906	21.68613991	0.166708113593571	0.11507185113833
KCTD5	-0.061373918	0.767674002	0.681725767	-0.420572337	19.05881316	0.166390290783074	0.114823166934021
ARFGEF2	-0.037394474	0.767697393	0.681924908	-0.420291857	22.74028325	0.166263446218522	0.114809934197941
GABARAPL2	-0.039837983	0.767697393	0.681963587	-0.420237384	24.03373795	0.166238813594474	0.114809934197941
SHROOM1	-0.057557691	0.767745388	0.682167753	-0.41994987	17.18951815	0.166108814135838	0.114782783770815
USP8	0.037425969	0.767745388	0.682223283	0.419871677	22.45484588	0.166073463020275	0.114782783770815
ATG12	-0.058923061	0.767924853	0.682496471	-0.419487036	20.04291855	0.16589958989774	0.114681276744803
POMK	-0.045361528	0.767924853	0.682599869	-0.419341472	21.88718325	0.165833799404263	0.114681276744803
BRPF1	-0.339663248	0.768185819	0.682940432	-0.419938362	18.69252739	0.165617175062091	0.114533714336807
SALL1	-0.178762991	0.76925107	0.683996216	-0.41750304	18.66379121	0.164946300874716	0.113931890992402
TYW3	-0.089530203	0.769284367	0.684134571	-0.417182025	17.81977061	0.16485846305421	0.113913092980971
PUS7	-0.086144908	0.770460431	0.685289374	-0.415558498	21.31998085	0.164126002239139	0.113249660695889
CIT	0.089237128	0.770526495	0.685457058	0.415322849	19.03334053	0.164019747377457	0.113212423221403
TMED8	0.07307941	0.770935856	0.685930206	0.414658064	21.31028191	0.16372007188962	0.112981754950497
LACTB2	-0.029162727	0.771679223	0.686700694	-0.413575925	24.51642167	0.163232513694745	0.112563192710942
RALGPS2	0.172916561	0.771747871	0.68707903	0.413169468	18.43570452	0.16299330614438	0.112524559920668
VPS39	0.065499317	0.771747871	0.687004074	0.413149975	20.95545962	0.163040687524914	0.112524559920668
EIF1	-0.036619427	0.771747871	0.687103258	-0.413010736	25.30281304	0.162977992183779	0.112524559920668
TPCN1	0.091210695	0.771747871	0.687198168	0.412877506	17.37483896	0.162918006959921	0.112524559920668
DNAJC10	0.070155931	0.771909158	0.687450904	0.41260903	23.36311421	0.162758312600611	0.11243380653045
ATP5F1D	-0.042987423	0.772037791	0.6876746	-0.41220883	25.28099169	0.162617016494913	0.112361440569617
MTERF3	-0.167139015	0.772127267	0.687863449	-0.412068124	18.72225554	0.162497767043125	0.112311110544462
GMPR	0.103032438	0.772262946	0.68809349	0.411621078	17.55774497	0.162352550961123	0.112234802574279
CCDC12	0.104361372	0.77234492	0.688275711	0.411422033	21.37213977	0.162237556270466	0.112188705624139
COBLL1	-0.36741498	0.773874881	0.689816686	-0.410248976	19.10187882	0.161266304677124	0.111329249761203
SRC	0.028090329	0.773874881	0.68985793	0.409147028	23.43303423	0.161240339074207	0.111329249761203
CCDC9	-0.193405292	0.774029699	0.690105359	-0.409075991	19.03388002	0.161084600075393	0.111242375409654
DCAF8	0.067505909	0.775283275	0.691332613	0.407081323	20.64159387	0.160312955179111	0.110539584860051
RPAIN	-0.081349231	0.775443618	0.691766295	-0.406474185	18.40165492	0.160040601980675	0.11044977397114
LONP2	-0.084763873	0.775443618	0.691788782	-0.406442708	17.32043528	0.16002648475444	0.11044977397114
INTS1	-0.071562266	0.775443618	0.691804449	-0.406420777	22.39286681	0.160016649361355	0.11044977397114
SNAPC3	-0.075538967	0.775585938	0.692041058	-0.406089609	17.21063987	0.159868138586778	0.110370073631969
NIT2	-0.019883286	0.776810016	0.693243092	-0.404407925	25.10850757	0.159114449368173	0.109685183376201
IFT52	0.118398016	0.776965373	0.693558566	0.403966769	18.46696169	0.158916860017227	0.109598335961153
PIK3R2	-0.091199377	0.776965373	0.693601404	-0.403906872	20.09383912	0.158890036424529	0.109598335961153
TAF1L	-0.140359799	0.777136705	0.693864211	-0.403571513	17.83020841	0.158725512518442	0.109502578361278
GTF2H4	0.044345328	0.777500421	0.694298863	0.402931876	21.11284013	0.15845354595363	0.109299367139803
TMEM9	0.048719704	0.777558401	0.694551882	0.402578276	21.43053172	0.158295307558139	0.109266982005922
POLR2H	-0.030874494	0.777558401	0.694570475	-0.402552294	24.10626749	0.158283681746688	0.109266982005922
NAB1	-0.046555493	0.777578779	0.694698598	-0.402373261	23.06904493	0.158203577592433	0.109255600305237
STX12	0.093746661	0.778874316	0.695979776	0.400619271	21.48310748	0.157403380072215	0.108532617130289
EIF2D	0.065822979	0.778874316	0.696076255	0.400449067	21.88321131	0.157343180918656	0.108532617130289
GFPT2	-0.072779349	0.778995891	0.696416378	-0.399974256	19.72283901	0.157131023896772	0.108464833111431
VPS28	0.051751463	0.778995891	0.696427672	0.399958491	23.52045435	0.157123980865819	0.108464833111431
MFSD10	-0.039468435	0.778995891	0.696515268	-0.399836223	22.42510851	0.157069359160371	0.108464833111431
SLC15A4	0.155851199	0.779122557	0.696848801	0.399453473	18.39608737	0.156861442869975	0.108394221862284
USP19	-0.04197602	0.779122557	0.696773012	-0.3994765	22.71136556	0.156908679134813	0.108394221862284
DGKZ	0.232711426	0.779371623	0.697291914	0.399304247	18.34915665	0.156585370971106	0.108255410961687
INTS5	-0.100410376	0.779371623	0.69720805	-0.398869458	20.34355658	0.156637607146674	0.108255410961687
MELK	-0.095643716	0.779556908	0.697567886	-0.39836747	20.7026136	0.156413521272199	0.108152175628113
WAPL	-0.03452702	0.779946389	0.69802666	-0.397727617	22.80453327	0.156127989884321	0.107935248285992
ITPR2	-0.048056462	0.779988928	0.698183685	-0.397508653	22.28734441	0.156030303899465	0.107911562107766
CPT2	-0.026530923	0.779988928	0.698285253	-0.397367032	24.78618321	0.155967129673651	0.107911562107766
TEX264	0.048510476	0.780382116	0.698747571	0.39672251	21.94318313	0.155679688805885	0.107692691880686
MITD1	0.087768724	0.781092417	0.699493987	0.395682297	17.64462699	0.155216014444411	0.107297578390778
PIBF1	-0.086193512	0.7818729	0.700303463	-0.394554721	17.26352769	0.154713726060873	0.106863839414478
PHC2	0.262652576	0.782109318	0.700774519	0.394679422	18.15734982	0.154421698019887	0.106732539924723
GPATCH8	-0.039516481	0.782109318	0.70080059	-0.393862504	21.90883025	0.154405541209787	0.106732539924723
PPM1F	-0.045089575	0.782109318	0.700846899	-0.393798031	21.58903511	0.154376843918453	0.106732539924723
ARMT1	-0.059396757	0.783320095	0.702042607	-0.392133959	21.22736212	0.153636529717096	0.10606073208669
CNTROB	0.087105953	0.783502602	0.702394024	0.391645111	16.99704834	0.153419192083253	0.105959556907752
GTF2IRD2B	-0.083251876	0.783502602	0.702428865	-0.39159665	17.99487012	0.153397650216067	0.105959556907752
TRAPPC12	-0.049449635	0.783502602	0.702538451	-0.391444231	21.12286847	0.153329901173583	0.105959556907752
IMPA2	-0.14887555	0.784928114	0.703956735	-0.390452552	23.18336866	0.152454031664925	0.105170115385547
TRNT1	-0.035009947	0.784928114	0.704038576	-0.389358747	22.99823111	0.152403544146315	0.105170115385547
ZNF532	-0.060311498	0.785014562	0.704227086	-0.389096806	17.21219792	0.152287275099243	0.10512228702852
NME1	-0.019284781	0.785053238	0.704376559	-0.388889131	29.99934058	0.152195105382705	0.105100890788962
GPATCH4	0.037317227	0.785053238	0.704483737	0.38874023	22.35060276	0.152129028122662	0.105100890788962
DCTN6	-0.083231355	0.785543996	0.705035175	-0.388059521	22.3803	0.151789215026589	0.104829486391104
YAF2	0.09116128	0.785947421	0.705508357	0.387317204	16.77331464	0.151497837504971	0.104606506802013
THOC6	-0.085879225	0.785994998	0.705662176	-0.387103648	21.10981875	0.151403160438501	0.104580217762005
TAF5	0.054680171	0.786385072	0.706123548	0.386463212	18.86355506	0.151119305293302	0.104364739338638
SEMA4C	-0.165378888	0.786417969	0.706264257	-0.386382389	18.35540086	0.151032772200564	0.104346571792924
PP2D1	0.074145913	0.786592731	0.706532402	0.385895818	20.22437357	0.150867916353112	0.104250071276355
UBE3C	0.038963859	0.786660158	0.706748203	0.38559639	23.29217421	0.150735287087719	0.104212844999189
CLN5	0.121904821	0.786660158	0.706874921	0.385420584	18.95610043	0.150657426267008	0.104212844999189
COMMD9	0.038124823	0.786660158	0.706926579	0.385348918	23.55827523	0.150625689443478	0.104212844999189
UBA5	-0.060699288	0.787702183	0.70797434	-0.383895806	22.38130118	0.149982482703389	0.103637950946146
AMOTL2	-0.031969296	0.787887101	0.708303723	-0.383439173	22.10025907	0.149780475448389	0.10353600957324
CD81	0.067915654	0.787887101	0.708363297	0.383356593	21.66497318	0.149743949349998	0.10353600957324
DHX38	-0.07461193	0.788503224	0.709028697	-0.382434422	21.68285039	0.149336186965688	0.103196526605786
PDIA3	-0.020594601	0.788508406	0.709144823	-0.38227352	29.61164306	0.149265063255638	0.103193672455617
HMBS	0.094164732	0.788786076	0.70950605	0.381885864	22.18019531	0.149043896936017	0.103040764357082
PRAF2	0.065175311	0.789090852	0.709969072	0.381244308	23.99880741	0.148760569805283	0.10287299140304
WDR62	-0.149491351	0.789090852	0.71000329	-0.381191897	18.86263295	0.148739638850594	0.10287299140304
RPL7L1	0.048842478	0.789588031	0.710622828	0.380226551	22.64566276	0.148360845375833	0.102599443557836
C14orf119	0.058918315	0.789588031	0.710673876	0.380155882	19.81337569	0.148329648702177	0.102599443557836
CUL7	-0.08990429	0.789926339	0.711116352	-0.379543423	19.94525225	0.148059334716901	0.102413404984689
HSDL2	-0.035284545	0.789926339	0.711201704	-0.379425299	22.80359618	0.148007211491005	0.102413404984689
BAIAP2L1	-0.023129853	0.791214692	0.712473507	-0.377665849	24.46548059	0.147231280059978	0.101705656957784
PIEZO1	-0.29124166	0.791352455	0.712709428	-0.378230656	17.70659086	0.147087496147212	0.101630045997485
FN3KRP	-0.057466704	0.791625326	0.713067088	-0.376845102	22.53746853	0.146869608188037	0.101480320117352
CENPK	0.064024478	0.791736593	0.713306231	0.376514514	18.29934311	0.146723982236015	0.101419282089827
COMMD3	0.028906845	0.791736593	0.713391157	0.376397125	22.79519228	0.146672278358901	0.101419282089827
NPTXR	0.06330815	0.792340065	0.71404692	0.375490877	19.17528464	0.146273249809838	0.101088383239776
RCL1	0.049484787	0.792623043	0.714474208	0.374900555	21.61988999	0.146013444305418	0.100933306084244
RTL8A	-0.051584834	0.792623043	0.714526031	-0.374828968	20.36474154	0.145981944740433	0.100933306084244
USP35	0.066072545	0.793124764	0.715146384	0.37397219	20.04102966	0.145605052945063	0.10065848978866
MICALL1	-0.0303918	0.793124764	0.715202554	-0.373894626	21.91068827	0.145570943336682	0.10065848978866
GAS2L1	0.109534096	0.793342075	0.715510664	0.373469214	18.35533442	0.14538388911337	0.100539512238764
PLIN3	0.02302345	0.794090062	0.716297524	0.372383111	25.39974411	0.144906550048967	0.100130239120116
SIRT3	-0.049522471	0.794677072	0.716939366	-0.371497528	20.19690612	0.144517572540178	0.0998093170542359
AJUBA	0.25256682	0.795072985	0.717408943	0.371573299	17.54166626	0.144233213844407	0.099593002755002
BEND3	-0.144655622	0.795231788	0.717755335	-0.370421664	17.56722779	0.144023570754201	0.099506268101356
EMC2	-0.027593157	0.795231788	0.717777067	-0.370342175	23.64414754	0.144010421503556	0.099506268101356
ILK	-0.08684835	0.795493457	0.71822452	-0.370041506	23.26804146	0.143739772255171	0.0993633881110279
EIF2AK4	0.059653195	0.795493457	0.718312756	0.369603634	20.04137022	0.143686421174634	0.0993633881110279
UCHL3	-0.035008557	0.795493457	0.71841836	-0.369458066	23.5657594	0.143622577308459	0.0993633881110279
HTRA2	0.037997846	0.795493457	0.718463062	0.36939645	21.00187157	0.143595555131627	0.0993633881110279
ZC3H14	0.027591695	0.796419651	0.719412153	0.3680886	22.73959019	0.143022229936665	0.0988580326531987
ATP5PF	-0.038794026	0.796466316	0.719566897	-0.367875427	23.37136184	0.142928824177121	0.0988325865730352
KLHL33	0.037573177	0.798062423	0.721121714	0.365734522	21.30761466	0.141991427017915	0.0979631375914135
UST	-0.347190184	0.798213605	0.721371159	-0.366295836	18.75623287	0.141841225113773	0.0978808742392015
CDC25B	-0.191355044	0.798228477	0.721497439	-0.365521485	18.68178505	0.141765206123006	0.097872782711663
CDK8	-0.048851684	0.798338061	0.721709344	-0.364925854	20.28982353	0.141637671837644	0.0978131651192271
GBA2	-0.056322958	0.799041951	0.722458626	-0.363895101	18.4791644	0.141187019179577	0.0974304189218833
RRP8	-0.136622404	0.799852653	0.723304696	-0.362907311	20.38294901	0.140678715270274	0.0969900103616701
ABRA	0.177413793	0.800189804	0.723722698	0.363051818	22.89256811	0.14042780645151	0.0968069866920236
TP53BP2	-0.068732059	0.800928036	0.724503605	-0.361115179	22.39479801	0.139959449215978	0.0964065038560023
BCKDHA	-0.043580695	0.801654791	0.725274338	-0.360025349	23.60590514	0.13949768867938	0.0960126075749309
TBC1D8	-0.077643722	0.802056843	0.725751463	-0.359370191	18.13572688	0.139212080026517	0.0957948515083234
BIN3	0.104703886	0.802413323	0.726383648	0.358502369	18.04807782	0.138833941005833	0.0956018690487713
KIF13A	-0.120676892	0.802413323	0.726469275	-0.358415718	19.18925019	0.138782748854093	0.0956018690487713
TSC2	0.036929669	0.802413323	0.726521538	0.358313121	22.30579157	0.138751506354396	0.0956018690487713
TRIT1	0.068392283	0.802413323	0.726527754	0.35830459	20.02793388	0.138747790617409	0.0956018690487713
MOCS2	0.058629631	0.802865893	0.727051019	0.35758656	20.26723281	0.13843511253472	0.0953569912020724
SYNGR1	-0.036870715	0.803059469	0.727339839	-0.357190324	20.40937707	0.138262623917616	0.0952522927011017
ZNF384	0.044626506	0.803241487	0.727618243	0.356808434	19.99276007	0.138096420748039	0.0951538685383692
ARVCF	0.168074896	0.803243956	0.727734028	0.356935978	19.79622951	0.138027317496963	0.0951525336080335
STAT2	-0.066159372	0.803826564	0.728375498	-0.35576998	21.83905206	0.137644671968788	0.0948376458075936
SNX6	-0.018586227	0.803876044	0.728533972	-0.355552712	24.8832758	0.137550191995373	0.0948109133872262
DHX9	0.021516752	0.804141726	0.728888429	0.355066812	28.14728001	0.137338944079736	0.0946674022522828
CYP26A1	-0.052176352	0.804228207	0.729080505	-0.354906512	25.01045595	0.137224514278876	0.0946206987913997
COMMD6	-0.044698758	0.804745562	0.729663279	-0.354004942	19.53024953	0.136877509481135	0.0943414096771115
SH3D19	0.054910223	0.805378134	0.730350683	0.353063268	20.28635229	0.136468560260282	0.0940001656548997
PUM1	0.019939886	0.806178255	0.731190229	0.35191363	23.77121325	0.135969620774958	0.0935689202252283
SCAMP4	-0.117597637	0.806668292	0.731748718	-0.351179244	19.34984256	0.135638029763338	0.0933050136905698
USHBP1	-0.136399817	0.806783724	0.732081528	-0.35076319	18.3096953	0.135440551197217	0.0932428717982502
MAN2A1	-0.047274109	0.806783724	0.732076308	-0.350700814	20.802959	0.135443647881385	0.0932428717982502
RPIA	-0.083426541	0.80703456	0.732423223	-0.350226128	20.83713918	0.135237893943172	0.0931078668938939
TTN	-0.070664133	0.807756609	0.733192704	-0.349173542	21.48829894	0.134781865352354	0.0927194799330497
USF3	-0.143435959	0.80796053	0.733492017	-0.349008506	20.51876909	0.134604608462437	0.0926098545990395
SKIL	0.083130035	0.808021932	0.733661983	0.348531812	16.8178049	0.13450398467483	0.09257685108518
TMCC1	0.062353897	0.809308987	0.734945	0.346778097	20.52606386	0.133745160358323	0.0918856369423814
PHF12	-0.083953867	0.809540069	0.735293	-0.346302624	16.67678264	0.133539568498332	0.091761650536389
IFT46	-0.079705988	0.809540069	0.735383727	-0.346178678	17.46386415	0.13348598468241	0.091761650536389
SLC25A10	-0.028884891	0.809613008	0.735564434	-0.345931823	24.64427888	0.133379277926296	0.09172252266678
MACC1	-0.025749295	0.809780076	0.735914376	-0.345453847	23.00162073	0.133172713099921	0.0916329129093012
STK11	-0.058417093	0.809780076	0.736034297	-0.345290071	17.86587721	0.133101948365206	0.0916329129093012
HUS1B	-0.047920919	0.809780076	0.736059639	-0.345255461	19.31363287	0.13308699566349	0.0916329129093012
APRT	-0.016841676	0.810043454	0.73641355	-0.344772187	25.66988803	0.132878229081534	0.0914916831877367
MGAT2	0.065088449	0.810064009	0.736558161	0.344574743	21.32384585	0.132792954179029	0.0914806630260748
YES1	0.02087247	0.810064009	0.736661262	0.344433982	26.12048637	0.132732167313538	0.0914806630260748
TMEM33	-0.017533352	0.810880923	0.737518781	-0.343263523	25.44553255	0.132226915850395	0.0910429167887751
MRTFB	-0.067359064	0.810985859	0.737728866	-0.342976848	19.75119092	0.132103223049348	0.0909867184297948
CMTM7	0.068614507	0.811107716	0.737954377	0.342732414	22.55460017	0.131970486997576	0.0909214671722885
UBA52	0.278554094	0.81133741	0.738337261	0.342981294	21.54513278	0.131745213876931	0.090798498652991
DERPC	-0.040923687	0.81133741	0.73839274	-0.342071145	20.99549757	0.131712582016596	0.090798498652991
NCAPH2	0.085540662	0.811775548	0.738906242	0.341370797	20.1760354	0.131410664670486	0.0905640344779675
CTPS2	0.036298954	0.81200851	0.73923308	0.340925128	22.27414849	0.131218607074728	0.090439419248142
B3GALNT2	-0.064421732	0.812132309	0.739460588	-0.340614945	17.47363626	0.13108496821239	0.0903732116606714
NSUN5	0.119747788	0.812269048	0.739929565	0.340073396	20.49417568	0.130809619441616	0.0903000955024691
ACAD11	-0.092325995	0.812269048	0.739825795	-0.340146057	20.81478474	0.130870530507971	0.0903000955024691
RHOF	-0.059820686	0.812269048	0.73981462	-0.340132332	21.13531964	0.130877090535375	0.0903000955024691
IFIT2	0.060450685	0.812508314	0.740262381	0.339522068	18.14201044	0.130614320237191	0.0901721864034276
SLC25A15	0.053204034	0.812605244	0.740465564	0.339245191	21.06619855	0.13049513391864	0.0901203793601923
PIAS3	-0.084930969	0.812798712	0.740756757	-0.338848432	17.38351897	0.13032437830295	0.0900169932635712
BCL7A	-0.058466156	0.813669762	0.741665624	-0.337610439	22.06564098	0.129791849952867	0.0895518231718355
FKBP8	0.0247982	0.814013045	0.742143889	0.336959205	23.01600489	0.129511884289133	0.0893686352506994
CUL3	-0.024438559	0.814013045	0.742208671	-0.336871006	24.37388393	0.12947397622618	0.0893686352506994
ZC3H18	-0.059137954	0.814049206	0.742566131	-0.336455849	23.23898288	0.12926486315625	0.0893493429628855
PARP12	-0.085044519	0.814049206	0.742579941	-0.336365585	18.76389996	0.129256786365814	0.0893493429628855
DOHH	-0.02297322	0.814049206	0.742586871	-0.336356152	23.09834769	0.129252733405924	0.0893493429628855
GPR89B	0.041785332	0.815679703	0.74418954	0.334175455	21.10736786	0.128316438523307	0.088480344343286
FZD2	0.048139518	0.816255217	0.744830001	0.33330448	20.85206132	0.127942838731406	0.0881740299654803
POLR2M	0.059373062	0.816336293	0.745019382	0.33304699	20.32986624	0.127832428746801	0.0881308950364695
HOMER1	0.078678289	0.816346529	0.745144125	0.332877397	20.00854152	0.127759718340959	0.0881254494737957
NRP2	-0.070894147	0.817502434	0.746314775	-0.331286352	19.0421345	0.127077960446531	0.0875109456142264
ABHD12	0.031589962	0.817652546	0.746567401	0.330943123	22.823977	0.126930977542459	0.0874312066118101
LRRC8E	-0.070783572	0.818032525	0.747029985	-0.330314746	20.70900981	0.126661965709788	0.0872294284225567
DSEL	0.056409974	0.819440108	0.748431232	0.328412136	19.0739515	0.12584809770564	0.0864827830521599
ARHGEF28	0.09075064	0.819984012	0.749043919	0.327580633	19.80317936	0.125492717387103	0.0861946153819762
KIAA1109	0.053533057	0.820068841	0.749237336	0.327318188	16.59900545	0.125380588991994	0.0861496890656434
MED8	-0.043471033	0.820674815	0.749906984	-0.326409745	20.91299556	0.124992601729286	0.0858288940707881
ABCD4	-0.07760265	0.820889698	0.750219381	-0.325986046	19.38291791	0.124811720573685	0.0857151946079296
RELL1	-0.040755746	0.821486732	0.750881144	-0.325088716	20.44863342	0.124428801464591	0.0853994465511581
LSM12	-0.113645237	0.821866767	0.751344696	-0.324750036	21.58379224	0.12416077507774	0.0851985803267301
CSPG4	0.382086061	0.821976169	0.751560907	0.324949189	16.37661921	0.124035818134753	0.0851407734840704
ERF	-0.134565145	0.822041815	0.751811797	-0.324037866	20.27056557	0.12389086386854	0.0851060905355241
SENP3	0.072228305	0.822041815	0.751853343	0.323770956	19.28959979	0.123866864910169	0.0851060905355241
C1orf52	0.170142066	0.822618598	0.752497165	0.323178913	18.98989295	0.123495131916412	0.0848014760601648
KNTC1	-0.015804669	0.822995639	0.753006768	-0.322208337	24.16180244	0.123201120357275	0.0846024660796543
ITSN2	-0.036415553	0.822995639	0.753074749	-0.322116265	24.46977011	0.123161914281294	0.0846024660796543
NOL8	0.053856211	0.823124272	0.753375017	0.321709624	18.70154826	0.122988785724123	0.0845345917992558
KIF16B	-0.057025995	0.823124272	0.753535783	-0.32149193	18.00836556	0.122896119606205	0.0845345917992558
ENOSF1	0.071733175	0.823124272	0.75354153	0.321484148	17.97361817	0.122892807380129	0.0845345917992558
DCAF6	-0.095857152	0.823345186	0.75386016	-0.321052738	18.38315814	0.12270920767509	0.0844180494227365
STK24	0.03568507	0.823639599	0.754291505	0.320468818	23.96747567	0.122460783378314	0.084262781512763
PRPF38B	-0.079931934	0.823639599	0.75436259	-0.3203726	20.66011555	0.12241985706741	0.084262781512763
GCSH	0.035241734	0.824206391	0.75499822	0.319512379	21.39574314	0.122054072271592	0.0839640222243488
CDC42BPG	0.101693242	0.82469007	0.755674446	0.318687909	20.84722195	0.12166526370102	0.0837092346961981
CYFIP1	0.016965335	0.82469007	0.755652334	0.318627409	25.63682891	0.121677971898495	0.0837092346961981
ACTR8	-0.109033722	0.824859243	0.756160798	-0.318029868	20.27747146	0.121385841723014	0.0836201547274265
PSMA7	-0.013455441	0.824859243	0.756083277	-0.318044519	27.04438879	0.12143036752823	0.0836201547274265
MTMR3	0.044761912	0.824859243	0.756179275	0.31791469	21.13863847	0.121375229745872	0.0836201547274265
IK	-0.02894603	0.825213523	0.756620711	-0.317317755	26.85606335	0.121121774925501	0.0834336637379583
IP6K1	-0.069823151	0.826662724	0.758066312	-0.315363783	19.6904225	0.120292802710887	0.0826716452028743
FCSK	-0.208921054	0.826773914	0.758402025	-0.315492205	17.2629142	0.120100516064041	0.0826132344934394
HLCS	0.122182375	0.826773914	0.758334104	0.315200762	20.48138434	0.120139412369023	0.0826132344934394
SH3GLB2	-0.028834438	0.82678698	0.758548828	-0.314711871	23.65883585	0.120016458320312	0.0826063711336185
RPL36AL	0.035055	0.82678698	0.758726008	0.314472524	23.19757645	0.119915028711347	0.0826063711336185
NRBF2	0.054272285	0.82678698	0.758764641	0.314420338	20.66373985	0.119892915759635	0.0826063711336185
C1D	0.055488648	0.827553457	0.759585043	0.313312358	19.85925963	0.119423595549711	0.0822039427724672
THG1L	-0.096385749	0.827997288	0.760109469	-0.312692719	20.98823047	0.119123857246771	0.0819710856892307
PSPH	0.023185893	0.829122446	0.761259583	0.31105212	24.57026723	0.118467227274898	0.0813813274771525
ABHD17B	0.146651749	0.829656037	0.761866782	0.310433123	19.21037388	0.118120961600366	0.0811019223157506
RND3	0.072129583	0.829740711	0.762061832	0.309969877	17.79967449	0.118009789543645	0.0810576008464734
ZFAND6	-0.088568307	0.829809695	0.762242494	-0.309726216	19.55328824	0.117906843552193	0.081021495440517
RPRD1A	-0.029060895	0.829850985	0.762503518	-0.309374204	22.79565579	0.117758148250734	0.0809998861810129
SHKBP1	-0.071614832	0.829850985	0.762574379	-0.309278651	17.80559984	0.11771779025805	0.0809998861810129
ARHGEF40	-0.084615358	0.829850985	0.762632352	-0.309200478	19.60370652	0.117684775252937	0.0809998861810129
LARP4	-0.021464369	0.830029808	0.762914025	-0.308820688	23.86007931	0.1175244011957	0.0809063109763773
DEGS1	0.109907182	0.831170594	0.764080064	0.3073356	20.2438531	0.116861131566221	0.0803098300916904
WLS	0.059265762	0.831188825	0.764214323	0.30706807	21.44028524	0.116784826970075	0.0803003043265528
RNF2	-0.048212264	0.831191485	0.764334268	-0.306906453	21.10979051	0.116716668912104	0.0802989144841504
ERP29	-0.020224337	0.832038761	0.765231012	-0.305698425	26.56112849	0.116207437929167	0.0798564413819882
NAA50	0.016301761	0.832157166	0.765457546	0.305393332	24.9070919	0.116078891248175	0.0797946426029115
PPP1R7	-0.026746857	0.832200519	0.765615066	-0.305181203	23.65711182	0.115989528971697	0.0797720176962008
NCAPH	0.016629131	0.832564374	0.766067502	0.304572001	24.96755078	0.115732960844548	0.079582176810087
INTS12	-0.13776752	0.832651754	0.766265609	-0.304460026	19.29941891	0.115620665708734	0.0795365987602166
PADI2	-0.277057911	0.832682334	0.766411461	-0.304833885	17.79791577	0.11553800939423	0.0795206491374306
DCAF16	0.076760074	0.833806882	0.767564379	0.302557331	19.81507515	0.114885188134975	0.0789345246543244
TOX4	-0.035987291	0.83415615	0.768003818	-0.301966135	21.69999586	0.114636620942173	0.0787526439238618
WDR4	0.050501888	0.834413606	0.768358811	0.301488631	19.88728626	0.114435924178469	0.0786186228910364
CHDH	0.048677485	0.834444133	0.768504881	0.301292172	19.35025574	0.114353369823788	0.0786027345293855
YME1L1	0.028360458	0.834848352	0.769063507	0.300540957	23.093464	0.114037795958175	0.0783924057988735
DBN1	-0.018427391	0.834848352	0.76911319	-0.300474154	25.2395733	0.114009740595233	0.0783924057988735
IL1RAP	-0.033323972	0.83521265	0.769566872	-0.299864211	22.15422458	0.113753635899118	0.0782029365357887
MPDU1	0.044308546	0.836218431	0.770859943	0.298126426	20.82521743	0.113024521440135	0.0776802644424058
SRP72	0.036296832	0.836218431	0.771043425	0.297937129	25.44857091	0.112921161888352	0.0776802644424058
HSBP1	-0.092131127	0.836218431	0.771154393	-0.297814326	20.87538666	0.112858663044704	0.0776802644424058
WDR35	-0.064583893	0.836218431	0.77108366	-0.297825867	20.19268758	0.112898499892913	0.0776802644424058
PSMF1	0.034208297	0.836218431	0.771169096	0.297711094	22.58050839	0.112850382769116	0.0776802644424058
HLTF	0.027766652	0.836218431	0.771202862	0.297665734	24.31659316	0.112831367398145	0.0776802644424058
HSDL1	0.041440333	0.837147214	0.772177774	0.296356365	19.88471636	0.112282703059123	0.0771981637438381
EXOC3	-0.022661841	0.837672934	0.772791113	-0.295532891	23.73183217	0.111937880895427	0.0769255167938983
IRF9	0.106134129	0.837672934	0.772899525	0.295411854	17.83949443	0.111876959605885	0.0769255167938983
NMD3	-0.016473966	0.838082228	0.773395644	-0.294721455	25.22839339	0.111598278334961	0.0767133687030058
TREX1	0.214120859	0.838505851	0.774161357	0.294318278	18.93614888	0.111168510697912	0.0764939025890249
PLPP6	-0.184235215	0.838505851	0.774294074	-0.29405179	19.143886	0.111094064563084	0.0764939025890249
EFCAB14	0.186054192	0.838505851	0.774379237	0.293937297	18.7880877	0.111046300040073	0.0764939025890249
TMEM87B	0.036556305	0.838505851	0.774149572	0.293709783	20.75760691	0.111175121980405	0.0764939025890249
ODC1	0.083843862	0.838505851	0.774375855	0.293406204	16.99515111	0.111048196768543	0.0764939025890249
ADAR	0.023931007	0.838788217	0.774758582	0.292892808	26.789223	0.110833604382515	0.076347678979015
DNAJC1	-0.04030935	0.83914182	0.775287055	-0.292184044	18.99926324	0.110537467402868	0.0761646345962678
DEDD2	-0.041115542	0.83914182	0.775322439	-0.292136593	19.58856076	0.110517646711702	0.0761646345962678
SLC25A6	-0.253879338	0.839869458	0.776197358	-0.291652053	22.79523593	0.110027839833538	0.0757882116476585
KCMF1	-0.043531495	0.839869458	0.77623219	-0.290916863	21.89872754	0.110008351225613	0.0757882116476585
ROR2	-0.050380392	0.840557636	0.776987049	-0.289905155	19.5688277	0.109586220059717	0.0754325021667267
TXLNG	0.047119246	0.840701708	0.777279334	0.289513503	21.88292554	0.109422878993439	0.075358070253562
FBXO30	-0.06239075	0.840701708	0.777357912	-0.289408219	17.82567052	0.10937897680093	0.075358070253562
CX3CL1	0.212571114	0.841159045	0.778018608	0.289177781	19.26780893	0.109010015792988	0.0751218807354805
RHOA	-0.017565088	0.841159045	0.777934184	-0.288636199	27.30541749	0.109057144314579	0.0751218807354805
UBR1	0.026093844	0.841407778	0.778367614	0.288055665	22.59317335	0.108815242310225	0.0749934776685978
TMED1	0.024945865	0.841848126	0.77901441	0.287189542	22.96945129	0.108454508790076	0.0747662505304956
SNX33	0.088290598	0.841848126	0.779110464	0.287060937	17.46675712	0.108400962732358	0.0747662505304956
RUNDC1	0.055054502	0.841848126	0.779219358	0.286915146	17.34466588	0.108340266899266	0.0747662505304956
SCAF1	-0.073838465	0.841848126	0.779250994	-0.286872792	19.19602464	0.108322635071733	0.0747662505304956
CIAPIN1	0.023016468	0.843512836	0.780911162	0.284650944	25.39199713	0.107398369512807	0.0739083042289114
INTS7	0.071870851	0.843680951	0.781186066	0.284283179	20.26553121	0.107245511816954	0.0738217564741374
GRN	0.017151685	0.844137059	0.781727718	0.283558682	24.15452709	0.106944488834704	0.0735870330724434
MBOAT1	0.055908915	0.844623328	0.782297433	0.282796821	18.25340477	0.106628094828453	0.0733369277870721
COL1A1	-0.056476829	0.845420747	0.783155521	-0.281649663	20.31935644	0.106151986083366	0.0729270985970677
CXCL1	-0.177374576	0.845750504	0.783580549	-0.281616235	19.7206533	0.105916353135205	0.0727577347349524
ATP5F1EP2	0.024546152	0.845878774	0.783818966	0.280762994	24.20493567	0.105784232144609	0.0726918728418946
SON	-0.030455245	0.850328625	0.788062548	-0.275105606	24.99273969	0.103439311478438	0.0704132008243139
OGFR	-0.040741708	0.850492618	0.788334761	-0.27478618	23.97728384	0.103289323141992	0.0703294515702584
LMBRD1	0.159830801	0.850684836	0.788633186	0.274867753	20.27878169	0.103124951592709	0.0702313087023507
NFKBIE	0.22324732	0.851189108	0.789461653	0.273871681	17.08524487	0.102668960392813	0.0699739423396308
RECQL5	-0.118580595	0.851189108	0.789378776	-0.273417416	17.98692048	0.102714554644326	0.0699739423396308
GALNT2	0.019948753	0.851189108	0.789304319	0.273441056	24.67317581	0.102755520769023	0.0699739423396308
IGHMBP2	-0.032740666	0.851761896	0.790113311	-0.272362547	21.11371896	0.102310621604222	0.0696817922114159
RXRB	-0.060955414	0.852388632	0.790883469	-0.271411132	22.24912106	0.101887501961877	0.0693623509482064
NSD1	0.050683725	0.852388632	0.790935677	0.271266559	17.08052635	0.101858834150672	0.0693623509482064
SLC39A9	0.24293355	0.852780006	0.791658487	0.270936118	18.42997702	0.101462128003976	0.0691629905239559
SEC23A	-0.022443663	0.852780006	0.791632678	-0.270337924	25.0148081	0.101476286746894	0.0691629905239559
ITM2B	0.081957794	0.852780006	0.791676276	0.270279845	18.8465584	0.101452369278633	0.0691629905239559
MAPKAPK3	0.0515582	0.852780006	0.791781041	0.270140288	18.68863313	0.101394901532614	0.0691629905239559
RAN	0.010494925	0.852967671	0.792075859	0.269747591	28.20971652	0.101233222997079	0.0690674290580085
ARPC5L	0.024637946	0.85412041	0.793267048	0.268161389	23.39022219	0.10058058576046	0.0684809001396245
GARRE1	0.061310462	0.854130442	0.793480569	0.267877138	16.58164095	0.100463703917832	0.0684757991999851
WDTC1	-0.05115161	0.854130442	0.793517849	-0.267827511	17.64019261	0.100443299992907	0.0684757991999851
TEX10	0.024377789	0.854293873	0.793978793	0.267213967	24.2058501	0.100191097328667	0.0683927083881004
MBP	-0.0482102	0.854293873	0.79403154	-0.267143764	20.11249456	0.100162246469741	0.0683927083881004
HDHD5	-0.023005786	0.854293873	0.794059267	-0.267106861	21.23999223	0.10014708148919	0.0683927083881004
FASTKD5	0.02729854	0.854293873	0.794152743	0.266982456	22.05409683	0.100095959711012	0.0683927083881004
CINP	0.040549338	0.854389413	0.794362336	0.26670353	18.24709316	0.0999813557200558	0.0683441417576614
MPP2	0.034563985	0.855863187	0.795853554	0.264719661	23.01789055	0.0991668399771033	0.0675956534066403
CWC15	0.055935136	0.856066318	0.796273257	0.26418305	22.07586023	0.0989378698977089	0.0674925899655817
VPS16	-0.060389614	0.856066318	0.79640549	-0.264058367	22.37805419	0.0988657548368836	0.0674925899655817
CRB3	0.04475367	0.856066318	0.796312912	0.264108773	20.01458132	0.0989162422482684	0.0674925899655817
INTS8	0.089571642	0.856899525	0.797301764	0.262866412	20.37776645	0.0983772750454631	0.0670700979090122
GAPDH	0.017538385	0.857540851	0.798019709	0.261839877	32.14892112	0.0979863825787891	0.0667451821408217
RGL3	-0.06644695	0.857828149	0.798408331	-0.261323474	17.03599655	0.0977749400467724	0.0665997068090085
DNASE2	0.034068322	0.857982996	0.798673739	0.260970843	22.20534814	0.0976305952656503	0.0665213191635875
MED31	0.045895077	0.858526752	0.799301271	0.260137216	19.62966247	0.0972894964410479	0.0662461675211618
PIGU	-0.033226646	0.858714367	0.799642774	-0.259683639	21.18669075	0.0971039829189552	0.0661512709354174
EZH2	0.043068562	0.858714367	0.799718723	0.259582772	19.52960069	0.0970627361693082	0.0661512709354174
RPS18	-0.016188092	0.858836421	0.799953799	-0.259270591	28.0558719	0.0969350947815133	0.066089546555383
C6orf89	-0.057242568	0.859014551	0.800241149	-0.258889027	18.07640768	0.0967791206348979	0.0659994795151104
UBE3A	-0.023933226	0.859927539	0.801213233	-0.257598527	23.36988977	0.0962518864236195	0.0655381426381607
COL6A1	-0.037224389	0.860014166	0.801415519	-0.257330038	21.733496	0.0961422519322588	0.0654943950762447
SRP68	0.016819641	0.860111284	0.801627607	0.25704856	25.7780688	0.0960273346887718	0.0654453546861519
GHDC	-0.146466011	0.861661952	0.803206353	-0.255277507	18.34538949	0.0951728651119892	0.0646630835674408
SEMA3F	0.050062398	0.861661952	0.803316451	0.254807957	19.20245498	0.095113339092409	0.0646630835674408
GGT2	0.102272176	0.861746873	0.80351744	0.254611163	18.26306906	0.0950046926236391	0.0646202838310201
RSL24D1	-0.063570714	0.861838016	0.803724257	-0.254267125	20.46461314	0.0948929241416152	0.0645743529317025
CNOT2	-0.044780083	0.861860653	0.803867202	-0.25407757	20.91572218	0.0948156903089376	0.0645629459214585
ARGLU1	0.056131623	0.862159768	0.804268067	0.253772964	23.66657393	0.094599174367213	0.0644122470159518
MADD	0.041640558	0.862517092	0.804723326	0.252942499	18.95558343	0.0943534098744092	0.0642322900080379
CHMP2B	-0.02810154	0.863017969	0.805367341	-0.252088879	21.3847723	0.0940059857430713	0.0639801616934782
CZIB	0.016442599	0.863017969	0.805434638	0.251999691	24.55322773	0.0939696973399694	0.0639801616934782
LRRC57	-0.027331674	0.863326743	0.805844852	-0.251456083	21.6615384	0.0937485641578565	0.0638248058773969
MSTO1	-0.1987352	0.863671089	0.806395752	-0.251307181	19.63606379	0.0934517687058644	0.0636516179707577
LMO7	-0.027468785	0.863671089	0.806410453	-0.25070669	21.72449345	0.0934438513712723	0.0636516179707577
CTDSPL2	-0.085861866	0.863942824	0.806786301	-0.250229062	19.39440575	0.0932414845924115	0.0635149983115559
CCND1	0.169029714	0.864190852	0.807384413	0.249883406	18.82955446	0.0929196391385258	0.0633903352788367
NUDT4	-0.040742962	0.864190852	0.807183571	-0.249682594	21.65363538	0.0930276860881107	0.0633903352788367
ANAPC1	0.040134478	0.864190852	0.807368806	0.249437268	22.12630999	0.092928034271478	0.0633903352788367
WDR18	0.021344919	0.865080928	0.808338271	0.248153569	24.07957508	0.0924068589217874	0.0629432625469716
SEC23IP	-0.018860894	0.865466075	0.808851645	-0.247473973	24.69449142	0.0921311269244059	0.062749951161273
PHRF1	0.062824755	0.865466075	0.808942845	0.247353257	18.23031105	0.0920821619204621	0.062749951161273
CEP43	0.041523105	0.86562368	0.809212524	0.246996322	20.7018313	0.0919374043713253	0.062670871515851
USP54	0.042890043	0.865972928	0.809661429	0.246402246	18.05206973	0.0916965493386844	0.0624956846616244
RIOX2	0.024893292	0.866110995	0.809912953	0.246069423	22.41701092	0.09156165527348	0.0624264481361147
RPAP3	-0.012313596	0.866124535	0.810060963	-0.245873586	25.62961748	0.0914822960618155	0.0624196588200162
PI15	-0.038220857	0.866124535	0.81017049	-0.245728674	19.45589441	0.091423579794206	0.0624196588200162
ATF7	-0.127932402	0.866235778	0.810397001	-0.245591272	18.12633491	0.0913021748190015	0.0623638826390979
CFAP298	0.037035462	0.866363346	0.810638817	0.245109107	22.48298247	0.0911726041407367	0.0622999300746529
AGO1	-0.032693402	0.866502279	0.810891305	-0.244775123	20.15163491	0.0910373563959736	0.0622302907044524
SOAT1	-0.023837477	0.866793087	0.811285981	-0.244253115	22.26584557	0.0908260285543115	0.0620845609998033
RPAP2	0.147064465	0.866980969	0.811584391	0.244292447	19.53371151	0.0906663142357297	0.0619904355676157
LYAR	0.036728512	0.867138052	0.811854017	0.243521604	23.57939188	0.0905220561173098	0.0619117555237879
RAB28	-0.042383302	0.867893081	0.812683598	-0.242405174	16.70042126	0.0900785053141987	0.0615337738924054
RNF34	0.029875635	0.868491929	0.813367123	0.241501737	20.85972105	0.089713386133851	0.0612342131490074
ETNK1	-0.105752515	0.86943212	0.814370544	-0.240610686	21.46975204	0.0891779432705921	0.0607643194234402
SNRPB	-0.016863285	0.86978649	0.814825426	-0.23957496	25.20391608	0.0889354276355324	0.0605873423179782
PSMD3	-0.012089362	0.869812867	0.814973096	-0.239379907	26.34675883	0.088856728010453	0.0605741721756647
VDAC3	-0.030473986	0.870099605	0.815487755	-0.238765113	25.99188046	0.0885825557467668	0.06043102850116
NOC4L	0.041777975	0.870099605	0.815428799	0.238778039	21.23157006	0.0886139543678961	0.06043102850116
POLG2	-0.05682491	0.870834447	0.816385888	-0.237514273	20.55716402	0.0881045110807822	0.0600644002026817
ADSS1	-0.060498972	0.870834447	0.816422682	-0.237465696	19.59588642	0.0880849381419044	0.0600644002026817
OGDHL	-0.036151345	0.870921268	0.816654344	-0.237159869	20.3497687	0.0879617234651442	0.0600211037967393
ECI2	-0.036370389	0.870921268	0.81675031	-0.237033187	20.08577944	0.0879106920147364	0.0600211037967393
SMAD2	0.031716486	0.871105669	0.817046383	0.236642376	20.05070533	0.0877532882544044	0.0599291599405846
DMXL2	-0.063052431	0.871379707	0.817426595	-0.236140559	19.06975824	0.087551236609924	0.0597925582865883
MFN1	-0.042327148	0.872153775	0.818276025	-0.235019684	21.45723971	0.0871001732070607	0.0594069350833913
RGCC	0.141350129	0.872454519	0.818681523	0.235023943	20.84770475	0.0868850111857364	0.0592572035231224
PEF1	-0.032283013	0.872868095	0.819193	-0.233810039	22.652069	0.0866137673965183	0.0590513805118709
MTX1	0.013631105	0.873050333	0.819487448	0.23342169	23.61673852	0.0864576940838236	0.05896071767584
UQCR10	-0.032415695	0.873106116	0.819663234	-0.233206633	23.69258839	0.0863645447584726	0.0589329695904882
TMEM237	-0.193388747	0.873365897	0.820030575	-0.233240157	19.03600911	0.0861699545598999	0.0588037703192767
TATDN3	0.039830603	0.874692731	0.82140003	0.230900102	19.39326554	0.0854452856206252	0.0581444825974187
MFAP1	0.038712246	0.874912822	0.821730391	0.230464709	21.24642382	0.0852706507171073	0.0580352187611707
HDLBP	0.013063727	0.87574736	0.822651295	0.229251268	26.47074364	0.084784214300575	0.0576211632185605
NUDT21	-0.015174425	0.87574736	0.822761797	-0.229105688	25.341396	0.0847258819472654	0.0576211632185605
SYAP1	-0.01335526	0.87650433	0.823596873	-0.228005694	24.45886103	0.0842853109629705	0.0572459341161512
HMGB2	-0.015947273	0.876753178	0.823954641	-0.227534521	26.29444591	0.0840966957126144	0.0571226512401729
UMPS	-0.013284103	0.877006223	0.824316423	-0.227058116	27.33873481	0.0839060475453236	0.0569973249863285
ALG5	-0.029202494	0.877438649	0.824846907	-0.22635966	20.19991954	0.0836266497710788	0.0567832399131163
ALG11	0.16711861	0.878648921	0.826108845	0.225185415	18.95935892	0.0829627278991873	0.0561846199542945
TSPYL1	-0.050694602	0.878771725	0.826348532	-0.224383208	20.48038885	0.0828367400901669	0.0561239252085444
ERBB2	-0.036678509	0.879310501	0.826979469	-0.223553046	21.69555878	0.0825052723225316	0.0558577403309016
TIMM21	0.075754391	0.879592127	0.827368675	0.223056994	18.88830502	0.0823009259497863	0.0557186665506267
TMEM41A	-0.040319618	0.879652936	0.827550224	-0.222802212	18.69692848	0.082205639432412	0.0556886434302371
MTHFSD	-0.041854117	0.87969566	0.827714774	-0.222585771	19.04112543	0.0821192929473248	0.0556675506263543
IGBP1	0.055609085	0.880759982	0.828840712	0.221164738	21.92741443	0.0815289248735745	0.055142426088301
TPRN	0.081499967	0.881302096	0.829475453	0.220377928	20.58485291	0.0811964617003653	0.0548751969944679
CLASP1	0.020167468	0.881674518	0.82995061	0.219645965	24.25817472	0.0809477515307728	0.0546917109281629
SHROOM3	0.027711971	0.88182947	0.830221129	0.21929041	22.1410665	0.0808062180891055	0.0546153915104684
MAN1A2	0.018838299	0.882235468	0.830728082	0.218624181	23.78993989	0.0805411083604479	0.0544154865178814
SETD6	-0.038693593	0.882642635	0.831236251	-0.217956461	17.04163523	0.0802755250442842	0.054215098305064
PPOX	0.031679229	0.88299912	0.831731696	0.217305559	21.53557912	0.0800167479147058	0.0540397292416098
DROSHA	0.032838026	0.88299912	0.831821619	0.217187432	18.32356673	0.0799697965337286	0.0540397292416098
DYNLRB1	-0.018713479	0.883104619	0.832080543	-0.216847314	24.76066723	0.0798346332195529	0.0539878436897149
GTF3C3	-0.01958645	0.883104619	0.83217068	-0.216728919	22.7820931	0.0797875898390673	0.0539878436897149
INF2	-0.019045593	0.883345495	0.832522536	-0.216266783	22.763726	0.079604001511763	0.0538694014903658
CD58	-0.064206187	0.8835464	0.832836782	-0.215912215	21.12461097	0.0794401025814783	0.0537706383079553
LDB1	-0.038948113	0.884031166	0.833467492	-0.215025905	18.45878854	0.0791113344326639	0.0535324239199223
BROX	-0.021793949	0.884031166	0.833543664	-0.214925894	23.77345847	0.0790716453409868	0.0535324239199223
RETREG1	0.03202086	0.884139084	0.833883519	0.214479708	16.74155018	0.0788946095403283	0.0534794107081502
STMN1	0.014597801	0.884139084	0.833895387	0.214464128	27.2676196	0.0788884286168345	0.0534794107081502
LSM14A	-0.017250646	0.884920823	0.834757797	-0.213332106	23.45809326	0.0784395157557587	0.053095585429262
ACAA1	-0.01481895	0.884940749	0.835302785	-0.212616893	23.99242568	0.0781560706016654	0.0530858064137913
NECAP2	0.018192203	0.884940749	0.835456511	0.212415172	22.53181688	0.0780761520234797	0.0530858064137913
MSL3	0.105460321	0.884940749	0.835768229	0.212144256	18.89991335	0.0779141422044055	0.0530858064137913
SOX2	0.035834564	0.884940749	0.835539442	0.212306353	17.77057242	0.078033044228223	0.0530858064137913
WDR1	0.01128595	0.884940749	0.835670953	0.212133794	28.51935487	0.0779646931673412	0.0530858064137913
ETFA	-0.014821816	0.884940749	0.83570883	-0.212084096	24.29106613	0.0779450091047946	0.0530858064137913
HERC5	0.044467438	0.884940749	0.835751701	0.212027847	19.11473394	0.0779227308177607	0.0530858064137913
STK38	-0.022030932	0.884940749	0.835777375	-0.211994162	21.84918033	0.0779093896480624	0.0530858064137913
MGST1	-0.012950349	0.885635276	0.836642358	-0.210859407	24.87189649	0.0774601514934008	0.0527450932731588
NEB	0.061211182	0.885635276	0.836683708	0.210805168	17.26327767	0.0774386875633333	0.0527450932731588
MPRIP	0.013750986	0.886271946	0.837422676	0.209835975	25.38087689	0.0770552833201932	0.052432997610068
BLVRA	0.015221688	0.886271946	0.837535759	0.209687679	24.51826826	0.0769966414793625	0.052432997610068
RBPJ	-0.045563762	0.886576884	0.837949257	-0.209145468	18.34415776	0.0767822797851557	0.052283596386695
DPM3	-0.020330809	0.886860077	0.838443916	-0.208496919	23.10094551	0.0765259822962149	0.0521448949149611
MAP2K4	-0.020138912	0.886860077	0.838467655	-0.208465796	21.77676421	0.0765136862194452	0.0521448949149611
UBR2	-0.085320851	0.887116405	0.838835402	-0.208354951	21.7953718	0.0763232489639605	0.0520193894893125
AP1S1	-0.020538838	0.887473588	0.839298601	-0.20737656	23.06755828	0.0760835007978757	0.0518445630689717
INPP5B	0.031245912	0.888203596	0.840114541	0.206307255	18.96825902	0.075661498303571	0.0514874728648924
SPTBN2	-0.024027888	0.888317254	0.84034762	-0.206001846	24.15990289	0.0755410255829757	0.0514319024027822
MAK16	-0.030890076	0.888375086	0.840527912	-0.205765621	21.49164298	0.0754478600635295	0.0514036295072213
TTC24	-0.031957462	0.888572483	0.840840289	-0.205356362	19.86249414	0.0752864871901116	0.0513071399656135
LRATD2	0.023950757	0.888702988	0.841089413	0.205029999	23.28956144	0.0751578335618747	0.0512433596429933
TTI1	-0.01618631	0.888883623	0.841386025	-0.204641457	23.07372112	0.0750047056727045	0.0511550952697998
TBCA	-0.014159358	0.889074414	0.841692303	-0.204240287	27.13226487	0.0748466442865126	0.0510618878069795
MLH3	0.180371629	0.889155113	0.842271475	0.203943491	16.98328108	0.0745479072033557	0.0510224698017253
TALDO1	-0.013011862	0.889155113	0.842107778	-0.203696146	26.51524989	0.0746323213326574	0.0510224698017253
ZNF350	0.017583526	0.889155113	0.84217065	0.203616015	27.81713778	0.0745998979966757	0.0510224698017253
THUMPD1	0.020783905	0.889155113	0.842264864	0.20349043	21.20144215	0.0745513159998932	0.0510224698017253
CENPB	0.038291163	0.89003548	0.84323124	0.202225093	17.18574106	0.0740533121074654	0.0505926804774585
EIF4B	0.013897222	0.890094657	0.84341313	0.201986971	26.64856027	0.0739596423036531	0.0505638059092111
TIAM1	0.028500724	0.891664354	0.845026552	0.199875304	16.79999418	0.0731296446527753	0.0497985947695266
RABEPK	0.025658266	0.891845909	0.845434876	0.199341037	20.32677609	0.0729198405595967	0.0497101755026795
TFB2M	0.021052316	0.891845909	0.845610877	0.19911077	23.12408351	0.0728294393823963	0.0497101755026795
AIMP2	0.014974642	0.891845909	0.845769847	0.198902795	25.42429198	0.0727478021814849	0.0497101755026795
MTOR	0.015109604	0.891845909	0.845811233	0.198848652	24.78290028	0.0727265513982453	0.0497101755026795
NPHP3	0.072872732	0.891845909	0.845947799	0.198685728	17.0992899	0.0726564351946695	0.0497101755026795
ZC3HAV1	0.014632468	0.891845909	0.845955054	0.198660506	23.86130848	0.0726527106232963	0.0497101755026795
DNAL4	-0.032228037	0.892689329	0.846881268	-0.197449018	18.57004387	0.0721774731013068	0.0492996566500386
WDR83OS	0.035259291	0.892786289	0.847099459	0.197163669	19.76341892	0.0720655956208672	0.0492524880496027
CSK	-0.033457983	0.892913921	0.847346784	-0.196840241	21.82487113	0.0719388145158977	0.0491904061020302
CHKB	-0.030860254	0.893021877	0.847575471	-0.196541206	19.34206642	0.0718216203466752	0.0491379017564676
SRSF4	0.05506733	0.893085417	0.847762026	0.196297276	18.33841245	0.0717260407850342	0.0491070020770536
ZMYM1	0.068279868	0.893756757	0.84852564	0.195314394	18.9822844	0.0713350300201112	0.0487806618155104
COX14	-0.020950059	0.893908813	0.848796366	-0.19494506	20.80291897	0.071196488472321	0.0487067810147524
GNL3L	-0.013021335	0.893957926	0.848969374	-0.194718921	23.20672196	0.0711079763552309	0.0486829207298332
VPS45	0.01394733	0.894188816	0.849315049	0.19426712	24.04467823	0.070931180589961	0.0485707663398956
LIN52	-0.043040036	0.894229622	0.849480218	-0.194051258	16.77382874	0.0708467301715958	0.0485509479123341
CHCHD4	0.022613486	0.894287936	0.849662033	0.193813651	22.87625668	0.0707537876866659	0.0485226278678219
FOXQ1	0.042713328	0.894495271	0.84998547	0.193390995	19.33469869	0.0705884982301274	0.0484219511100613
HEXA	0.018854196	0.894550766	0.850255702	0.193037893	24.27129257	0.0704504469120502	0.0483950080669171
PGAP1	0.030119937	0.894550766	0.850291116	0.192991621	17.72250563	0.070432358489407	0.0483950080669171
ABCB9	-0.04278757	0.894843671	0.850696026	-0.192477799	21.8877048	0.0702255959835102	0.0482528292116266
DDHD1	0.036648621	0.895418757	0.851369319	0.191583048	19.43747856	0.0698820046511153	0.0479738123690628
OTULIN	0.018343675	0.895592282	0.851674039	0.191185034	22.23918279	0.0697265908557868	0.0478896577228133
GPN1	-0.028007694	0.895592282	0.851787514	-0.191036825	21.87667546	0.0696687303583544	0.0478896577228133
RYBP	-0.082628839	0.895868377	0.852389749	-0.190391555	20.31177243	0.0693617818338374	0.047755793174543
EMC10	0.022634638	0.895868377	0.852306216	0.190359413	22.3570209	0.0694043441695626	0.047755793174543
GPD2	-0.015843098	0.895868377	0.852430032	-0.190197726	25.57422485	0.0693412580402813	0.047755793174543
ARHGAP17	-0.057628193	0.895899944	0.852586715	-0.190030921	20.72220528	0.0692614388096264	0.0477404905556152
ARF6	-0.014709542	0.896227384	0.853025018	-0.18942083	22.99853264	0.06903823141159	0.0475817904626976
YEATS4	0.040996699	0.896250879	0.853174077	0.189226217	19.85721341	0.0689623487065382	0.0475704053886764
DFFA	-0.013849529	0.8967871	0.853811298	-0.188394343	26.26986511	0.0686381027218204	0.0473106475574976
AP2B1	-0.018499631	0.896934788	0.854078701	-0.188045298	25.19874546	0.0685021084266827	0.0472391313609039
MFAP3	0.04210529	0.897693688	0.854928241	0.186936547	16.69629619	0.0680703365532296	0.046871828483044
TASOR	0.015009809	0.897809198	0.855165165	0.186627377	22.81647994	0.0679499983469916	0.0468159495913251
SRCAP	0.028778752	0.898025088	0.855597962	0.186062655	18.58153438	0.0677302585713	0.0467115303396372
DSCC1	0.029488363	0.898025088	0.855624695	0.186027776	20.12375635	0.0677166893325593	0.0467115303396372
METTL14	-0.028917058	0.898436329	0.856143525	-0.185350887	21.82681632	0.0674534235348734	0.0465126953427238
PHKB	0.042830254	0.898598289	0.856488474	0.184900901	20.36612998	0.067278477078949	0.0464344126721788
GBP1	-0.012711823	0.898598289	0.856601335	-0.184753683	25.71661267	0.0672212530976545	0.0464344126721788
SIGMAR1	-0.049815179	0.898598289	0.856844317	-0.184449748	20.63150239	0.0670980793717928	0.0464344126721788
RASSF1	-0.034246324	0.898598289	0.856918632	-0.184339818	16.95277151	0.0670604141924147	0.0464344126721788
ZNF644	0.052961689	0.898598289	0.856933003	0.184321075	19.59633186	0.0670531308945234	0.0464344126721788
PRPF18	-0.040165025	0.899775209	0.858252446	-0.182600436	18.68311546	0.0663849501710279	0.0458659768770784
LRCH3	-0.035934425	0.899775209	0.858309741	-0.182525732	21.53881103	0.0663559586174001	0.0458659768770784
CHAF1A	-0.02443034	0.899776971	0.858438618	-0.182357703	20.79980195	0.0662907532892506	0.0458651264134068
SNX14	-0.073494895	0.899962081	0.858742444	-0.181994711	16.64649612	0.0661370712349168	0.0457757887377707
GDF15	-0.027311198	0.900604493	0.859482744	-0.180996575	20.06545066	0.0657628383030606	0.0454658907283604
BUD13	-0.146297925	0.901919469	0.860865176	-0.179597849	18.33077029	0.0650648600494105	0.0448322382122385
ENTPD2	0.200048099	0.902878518	0.862037003	0.178067566	19.62653081	0.0644740916534755	0.0443706799317231
RBM33	0.0488176	0.902878518	0.861977031	0.177746474	19.54172659	0.0645043066147989	0.0443706799317231
CHUK	0.065419713	0.902878518	0.86216347	0.177550713	20.10259261	0.0644103822168972	0.0443706799317231
RAB8A	-0.012753726	0.903150286	0.862550655	-0.176999321	24.33715571	0.0642153906999112	0.0442399762094044
ECD	-0.045123566	0.903962496	0.863551634	-0.175709581	20.97120491	0.0637116897226258	0.0438495873544176
DNTTIP1	0.053992807	0.903962496	0.863733086	0.175506039	21.10459529	0.0636204440794406	0.0438495873544176
LRIG1	-0.068452974	0.903962496	0.863901817	-0.175261021	16.40275525	0.0635356125651759	0.0438495873544176
LTF	-0.028236518	0.903962496	0.863882983	-0.175264356	17.12156413	0.063545080760836	0.0438495873544176
MYO9A	0.024383197	0.903962496	0.863965286	0.175157199	17.21177826	0.0635037070599012	0.0438495873544176
NEDD9	0.03713314	0.904486917	0.864594365	0.174338225	18.04459377	0.0631875993105564	0.0435977106347915
NAA38	0.023475302	0.904654644	0.864886615	0.173957798	20.16705983	0.0630408239889286	0.0435171830383389
NOM1	-0.023444379	0.904654644	0.865010463	-0.173796592	20.48152086	0.0629786393609867	0.0435171830383389
EIF2S2	0.00803107	0.904878818	0.865352729	0.173351107	26.22257028	0.0628068323810776	0.0434095779194188
DUSP3	0.023076532	0.905854326	0.86641368	0.171970437	21.77754176	0.0622746991555787	0.0429416373133241
ANLN	-0.017883828	0.906426189	0.867088779	-0.171092081	23.61282257	0.0619364339471983	0.0426675550710971
RRP7A	-0.025274212	0.906672053	0.867452143	-0.170619376	21.81212076	0.0617544757351675	0.0425497706326374
ATP6V1B2	0.009890794	0.906762503	0.867666862	0.170340063	26.7438942	0.061646988839955	0.0425064473863799
RPS27L	0.018799555	0.906951096	0.867975533	0.169938562	22.76233678	0.0614925167968395	0.0424161300401727
MAU2	-0.034499662	0.907225478	0.868366372	-0.169430224	19.8874073	0.061297003201976	0.0422847618027586
ECHS1	-0.010475267	0.907882564	0.869123653	-0.168445414	26.32705459	0.0609184306914657	0.04197032450228
TMEM181	-0.037816264	0.907928726	0.869296191	-0.16822106	17.98133888	0.0608322233212228	0.0419482430205882
MIB1	-0.066547097	0.908125818	0.869613273	-0.167839168	17.74371989	0.0606738401882444	0.0418539771642612
EPHB2	-0.026844118	0.909098641	0.870673352	-0.166430649	21.47718355	0.0601447474394864	0.0413889914559346
TLCD3A	0.023995428	0.910294526	0.871947372	0.164774843	17.08333042	0.059509726924932	0.0408180688640429
DNPEP	-0.012250242	0.910402872	0.872179851	-0.164472751	24.47627494	0.059393950568569	0.0407663809009102
COX7A2L	0.0281493	0.910440988	0.872386014	0.164204867	20.66107731	0.0592913056005735	0.0407481985967179
SURF4	-0.021837956	0.910440988	0.872585097	-0.163950976	23.76452565	0.059192208660606	0.0407481985967179
USP46	-0.025279366	0.910440988	0.872602474	-0.163923618	18.50791321	0.0591835600369994	0.0407481985967179
CLEC16A	-0.012233035	0.91061603	0.872898968	-0.163538403	22.9149224	0.0590360199591083	0.0406647088715922
LZTS2	0.026097243	0.91101603	0.873411184	0.162877722	22.96818964	0.0587812512532548	0.0404739812275549
SETD1A	0.02713163	0.912081152	0.874561274	0.161379159	18.17086613	0.0582097573369954	0.0399665188011392
PPP3CB	-0.031755918	0.912143808	0.874750296	-0.161133682	18.93994356	0.0581159018874739	0.0399366856877179
FAM241B	-0.053945891	0.912310107	0.875038744	-0.160759104	17.62140762	0.0579727173400947	0.0398575137912372
NFIC	-0.018486039	0.913226359	0.876168185	-0.159292646	21.60873422	0.0574125207650088	0.0394215616988436
RFC1	0.023588147	0.913226359	0.876277252	0.159151055	22.23334312	0.0573584623671622	0.0394215616988436
NLRX1	-0.052797146	0.913226359	0.876304852	-0.159119857	18.68397528	0.0573447836611271	0.0394215616988436
SPG21	-0.02335504	0.913340418	0.876622114	-0.158703374	21.49982989	0.0571875778675092	0.0393673231185743
MYO1D	0.023467842	0.913340418	0.876672524	0.158637937	20.32510277	0.0571626045579875	0.0393673231185743
RAVER1	-0.072845097	0.914366436	0.877786608	-0.157542721	23.64177541	0.0566110492783183	0.0388797241345626
RGL2	0.021961788	0.915599043	0.879099336	0.155488586	18.75157463	0.0559620479761186	0.0382946699293824
FAM120B	0.025654983	0.91630612	0.879907757	0.154439845	20.14060245	0.0555628536744339	0.0379594127765204
HMGN5	0.031699338	0.916398797	0.880126297	0.154156371	21.24198144	0.0554550026742249	0.0379154896011524
SEPSECS	0.03801253	0.916502402	0.880443215	0.153745312	19.22348445	0.0552986490180195	0.0378663924868398
NDUFB10	-0.013335577	0.916502402	0.880557436	-0.153597168	23.17015439	0.0552423111057549	0.0378663924868398
FKBP2	-0.01410656	0.916502402	0.880614479	-0.153523186	23.8721563	0.0552141781791179	0.0378663924868398
ERBB3	0.041265407	0.916700925	0.881092247	0.152903572	17.78602051	0.0549786202306189	0.0377723304234581
TRIQK	0.025699761	0.916700925	0.881158894	0.152817143	21.32845316	0.0549457708555487	0.0377723304234581
AAMP	-0.015102774	0.916700925	0.88119399	-0.15277163	24.64335817	0.0549284735261918	0.0377723304234581
COPS4	-0.007768394	0.916875632	0.881491543	-0.152385777	24.99990813	0.0547818499512183	0.0376895694544766
MTAP	0.009934555	0.916885831	0.881727441	0.152079893	26.29197996	0.0546656429443372	0.0376847385432482
STXBP2	0.008173581	0.916885831	0.881835029	0.151940391	25.19119767	0.0546126537527755	0.0376847385432482
IRF2BP1	-0.02263102	0.916885831	0.881921521	-0.151828245	21.83570617	0.0545700594408123	0.0376847385432482
SLC30A7	-0.023209212	0.916885831	0.882019802	-0.151700816	22.55988435	0.0545216645248777	0.0376847385432482
FBLIM1	0.020425862	0.91784842	0.883075536	0.150371666	24.94186886	0.0540021464055308	0.0372290353489905
CHD7	-0.022666614	0.918162172	0.883507197	-0.149772612	19.93457758	0.0537899084043527	0.0370806040009294
EEA1	-0.01059602	0.919712677	0.885129192	-0.147670604	24.96381148	0.0529933357678956	0.0363478273096509
RAB3D	-0.011890562	0.919904757	0.885444089	-0.147262599	23.65554491	0.0528388569531779	0.0362571353181038
NPEPPS	0.007203028	0.920169416	0.885828912	0.146764029	27.37218985	0.0526501491617255	0.0361322056323714
SPAG7	-0.021661811	0.920458404	0.886237233	-0.146235058	19.83211921	0.0524500081446602	0.0359958327128666
PPP2R5C	-0.041245749	0.922186135	0.888031093	-0.143937542	20.91552271	0.0515718278228394	0.0351814116527831
DIO2	0.023123557	0.922416853	0.888383661	0.143455132	19.85110533	0.0513994375197738	0.0350727708715959
ELP3	-0.016542629	0.922561683	0.88868021	-0.143071155	23.32140451	0.0512544910182876	0.035004587021523
SIRT2	-0.024126808	0.922561683	0.88878398	-0.142936798	20.65200691	0.0512037819928211	0.035004587021523
PRRC2C	0.011190249	0.922805646	0.88914946	0.142463608	25.35330709	0.0510252309335849	0.0348897569997264
WDR53	0.03081431	0.923268341	0.889725796	0.141717492	17.92764777	0.0507438176614222	0.0346720562023293
RPP25L	-0.014286456	0.923448412	0.890029866	-0.141323881	21.1255995	0.0505954198479282	0.0345873611977796
FGFRL1	-0.065205868	0.923739887	0.890571958	-0.140688832	18.98384062	0.0503309838933152	0.0344503031780511
ATP5PD	0.008057473	0.923739887	0.890542885	0.140659847	25.84265858	0.0503451618038785	0.0344503031780511
SPTLC3	0.01721076	0.92524514	0.892153958	0.138574962	20.98435554	0.0495601934486894	0.0337431874289872
AKTIP	-0.038943596	0.927278896	0.894358792	-0.135726675	20.14958761	0.048488219318225	0.0327896242405878
SLC35B1	-0.034359448	0.927278896	0.894461708	-0.135589645	19.63021811	0.0484382468911997	0.0327896242405878
TLN2	-0.007856856	0.927278896	0.894508225	-0.135529484	26.56055087	0.0484156617420067	0.0327896242405878
SLC12A9	0.045683362	0.92746284	0.894899251	0.135034255	19.22155353	0.0482258554077185	0.032703481935284
ADD3	0.015058874	0.92746284	0.894947886	0.134960892	22.90598013	0.0482022534903302	0.032703481935284
CDC42EP3	-0.135350246	0.927672282	0.895281124	-0.134828165	19.08488827	0.0480405720234077	0.0326054195308946
HDAC8	0.059881861	0.928017532	0.895745506	0.133964537	18.28270807	0.0478153620335209	0.0324438190624586
ARID2	-0.01106457	0.928481819	0.896329891	-0.133173915	24.05432258	0.0475321203906437	0.0322265959471211
TMEM51	0.021749233	0.928481819	0.896456153	0.133010678	18.81634206	0.0474709475695497	0.0322265959471211
NSUN6	0.126163255	0.928682615	0.896781304	0.132884073	18.07540195	0.0473134544432695	0.0321326843973073
STK39	0.033408589	0.928815369	0.897040798	0.132265116	21.25116849	0.0471878045107065	0.032070606989692
GALK2	0.028230214	0.929270071	0.897611308	0.131517415	20.09888243	0.0469116848634629	0.0318580499466182
FANCG	-0.027726649	0.929689314	0.898147692	-0.130824142	18.69657104	0.0466522417886305	0.0316621608636909
UHRF1BP1	0.01749073	0.930708697	0.899264058	0.129381466	20.2589935	0.046112764224931	0.0311862278068563
DTWD1	-0.171307641	0.931246577	0.900108776	-0.12857393	18.60190319	0.0457050039362546	0.030935310584852
DCUN1D4	-0.023175243	0.931246577	0.900024369	-0.128399085	17.16335542	0.0457457314729512	0.030935310584852
PKN2	-0.010520268	0.931246577	0.900178696	-0.128199699	22.92535665	0.0456712694681074	0.030935310584852
BICD2	-0.018254381	0.932638087	0.901655623	-0.126291831	22.34974148	0.0449593045741525	0.0302868528358714
PMS2	0.043564884	0.933782461	0.902893982	0.124701152	18.00089533	0.0443632416416081	0.0297542875721145
PPP2R2D	0.019077121	0.934815227	0.904024734	0.123232492	17.61188757	0.043819687121134	0.0292742220947265
VEZT	-0.015128153	0.934961172	0.904298041	-0.12287964	19.77355933	0.0436884099791213	0.0292064245673601
IFT43	0.031414029	0.935187298	0.904648951	0.122426622	17.58461748	0.0435199160661097	0.0291014005266822
ZNF451	0.035042226	0.93520766	0.904800852	0.12223053	17.68640167	0.0434469991317563	0.0290919446583342
PCF11	-0.023670087	0.935329658	0.905051104	-0.121907484	20.83622823	0.0433268975256359	0.0290352945634459
PDHB	-0.009380247	0.935950005	0.905783678	-0.1209619	25.19630414	0.0429755094627329	0.0287473490530429
B3GAT3	-0.01303462	0.936405191	0.906356565	-0.120222516	21.03684776	0.0427009151843884	0.0285361874397375
NAPG	-0.010107913	0.936907797	0.906975487	-0.119423798	23.94625762	0.0424044505413353	0.0283031468117087
IFT122	0.025576892	0.93692062	0.907120346	0.119245108	21.7575978	0.0423350920616526	0.0282972028756567
BAG6	-0.008777704	0.936955142	0.907354552	-0.118934656	24.64276333	0.0422229776707557	0.0282812010526864
SLC37A3	-0.018172794	0.936955142	0.907418671	-0.118851921	19.35261421	0.0421922889570985	0.0282812010526864
SOD1	0.007175213	0.937206585	0.907794674	0.118366766	26.63239711	0.0420123695764214	0.0281646686248866
DDX11L8	0.087809546	0.937676099	0.908386657	0.117827194	17.70778276	0.0417292536176819	0.027947153848758
SDHB	-0.007630188	0.937676099	0.908514558	-0.117437986	23.99697759	0.0416681091832316	0.027947153848758
PSMC3	0.006426857	0.938079618	0.909038137	0.116762544	26.70983676	0.0414178963806474	0.027760300010427
SLC39A8	0.018698051	0.939686602	0.910728208	0.114582666	19.42880361	0.0406112118055944	0.0270169652473963
SART3	-0.012467176	0.940332842	0.91148746	-0.113603564	24.25260891	0.0402493018749024	0.0267183954874559
WRAP53	-0.047297409	0.940422389	0.911707202	-0.113386302	20.0950068	0.0401446144923715	0.0266770400071048
DPY19L4	0.069833959	0.940445459	0.912107214	0.112978044	18.47565404	0.0399541093559315	0.0266663862296917
RRS1	-0.008335139	0.940445459	0.912081324	-0.112837823	23.77938907	0.039966436902019	0.0266663862296917
LARP7	0.00935681	0.940445459	0.912128399	0.112777127	22.71781947	0.039944022360004	0.0266663862296917
TRAP1	0.006393344	0.940447042	0.912262878	0.112603738	25.46811847	0.0398799971824295	0.0266656552063457
FNDC3A	-0.041879998	0.940553334	0.912546123	-0.112258561	19.26571517	0.0397451756844567	0.026616572782218
C18orf32	0.026954704	0.940553334	0.912645807	0.112110034	19.32700852	0.0396977371543323	0.026616572782218
RABGAP1	-0.007703728	0.940553334	0.912764863	-0.111956542	24.63875364	0.0396410864896237	0.026616572782218
TRANK1	0.019414443	0.940574099	0.912917976	0.111767762	22.91929571	0.0395682412727623	0.0266069847822145
MAPK3	0.011229944	0.941501793	0.913951486	0.110426862	23.69451535	0.0390768566968938	0.0261788485742791
STEEP1	0.045693326	0.941806495	0.914450768	0.109848565	20.26765696	0.0388396710093036	0.0260383188487714
PAPSS1	0.008121267	0.941806495	0.914513545	0.109702408	24.94285527	0.0388098577379266	0.0260383188487714
BRME1	-0.068908356	0.941885966	0.915123303	-0.10910139	19.00952568	0.0385203854912456	0.0260016739956371
SCFD1	0.008312361	0.941885966	0.914812784	0.109316736	22.91883768	0.038667774998976	0.0260016739956371
MED22	-0.022706792	0.941885966	0.914978235	-0.109103502	20.76696558	0.038589236569423	0.0260016739956371
ASPSCR1	-0.006729857	0.941885966	0.915109396	-0.108934465	24.50568358	0.0385269854534944	0.0260016739956371
RERE	0.014066579	0.942410292	0.915765952	0.108088367	21.11121324	0.0382155074925349	0.0257599796299779
NFS1	0.022918841	0.942800035	0.916277953	0.107436017	21.79741364	0.0379727630755359	0.0255804100251994
COG2	-0.010797125	0.944524515	0.918087442	-0.10509735	21.85653905	0.0371159530367066	0.0247867655441005
RARS2	-0.030467078	0.944710084	0.918401364	-0.104711604	20.80387293	0.0369674799360479	0.0247014488841006
NPHP4	0.026054833	0.944754351	0.918577951	0.104465508	18.58140344	0.0368839833399939	0.0246810992935205
BCL2L12	-0.053447456	0.946100301	0.920134804	-0.102620011	20.24747069	0.0361485418450975	0.0240628193469092
RBM4B	-0.03056204	0.946100301	0.920269175	-0.102287327	19.60671367	0.0360851246990824	0.0240628193469092
DIS3L2	-0.010747752	0.946100301	0.920287838	-0.102263293	21.84935629	0.0360763173240772	0.0240628193469092
GPRIN1	-0.01903454	0.946342529	0.920657235	-0.101787606	21.28624155	0.0359020295810722	0.0239516421079783
FNTB	-0.014212192	0.946518364	0.920962101	-0.101395038	22.06297987	0.0357582413180569	0.023870955597176
BUB3	-0.007315145	0.946866844	0.921435023	-0.100786102	25.05766042	0.0355352845876038	0.0237110906715148
CKAP2	0.030463446	0.947013461	0.921724516	0.10042526	20.48691697	0.0353988610053547	0.0236438478219933
PTRH2	0.0084188	0.947013461	0.921867284	0.100229555	23.63566433	0.0353315973576034	0.0236438478219933
AKAP17A	0.018180183	0.947013461	0.92197932	0.100085312	20.64372561	0.0352788200641681	0.0236438478219933
TIMM23	0.037769894	0.947326345	0.922417849	0.099640299	21.55871988	0.0350723019327761	0.0235003848641004
MTO1	0.051084676	0.947606735	0.922958779	0.098884504	17.37822311	0.0348176949140679	0.0233718612429184
CCNYL1	-0.010364144	0.947606735	0.922906729	-0.098891384	23.51383878	0.0348421875195054	0.0233718612429184
FOXN2	-0.014125804	0.947750381	0.92334736	-0.098324177	20.19379612	0.0346348881920413	0.0233060323131191
KANK2	-0.01098188	0.947750381	0.923366642	-0.098299357	20.96965038	0.034625819038733	0.0233060323131191
RABEP1	0.03551559	0.947844873	0.923592692	0.098062938	20.80513251	0.0345195121305978	0.023262734721894
FAM169A	0.053797823	0.948246686	0.924118272	0.09742833	18.45426853	0.0342724426436465	0.0230786664257814
AKAP8L	0.016145189	0.949282855	0.925262268	0.095859591	21.81920794	0.0337351479087409	0.0226043628494483
CLASRP	0.016816188	0.949652938	0.925757232	0.09522265	18.71025405	0.0335028865640449	0.0224350838170834
DCUN1D5	-0.048541043	0.949864722	0.926137019	-0.094805803	19.21610839	0.0333247560896706	0.0223382417346185
SLC4A11	-0.012915603	0.949864722	0.926232238	-0.094611431	17.49691813	0.0332801072312937	0.0223382417346185
ATL1	-0.020243167	0.951059726	0.927531955	-0.092939203	18.05896628	0.032671119296627	0.021792208764224
RP2	0.018183306	0.951899359	0.92848538	0.091712696	19.94612463	0.0322249303036451	0.0214089656296119
PPFIBP2	-0.027580868	0.95228758	0.92899867	-0.09105245	18.16776186	0.031984907763166	0.0212318798226022
RGS20	-0.022893928	0.952492245	0.929332976	-0.090622455	20.64832538	0.0318286522821319	0.0211385515761412
RNF7	-0.047531932	0.952523142	0.929497773	-0.090479012	18.89491868	0.0317516464245945	0.0211244641344333
NSMAF	0.014207145	0.952530354	0.929639463	0.090228258	20.09552247	0.0316854488528731	0.0211211758994204
LANCL2	0.01419639	0.952536972	0.929780576	0.090046768	21.36699194	0.0316195308826921	0.0211181585143212
ST3GAL1	-0.026955567	0.953097681	0.930462622	-0.089169604	17.54747456	0.0313010684066077	0.0208625871420252
FLYWCH2	0.009390458	0.95322237	0.930887234	0.088623558	23.33774683	0.03110292548237	0.0208057742844961
HSD17B10	-0.007386988	0.95322237	0.930939892	-0.088555843	26.42536614	0.0310783592071076	0.0208057742844961
GOT2	0.003913992	0.95322237	0.9309886	0.088493207	26.53490083	0.0310556369428313	0.0208057742844961
MXRA7	0.025630641	0.953511599	0.931540665	0.087934489	23.26751482	0.0307981818846168	0.0206740196069039
SLIRP	-0.004400004	0.953511599	0.931511631	-0.087820643	25.82380417	0.0308117180650189	0.0206740196069039
SPRYD7	0.011537143	0.953705745	0.931865156	0.087366071	19.59326286	0.0306469269614395	0.020585601223923
UBE2J2	-0.05571662	0.953854313	0.932145161	-0.087153061	18.16581896	0.0305164506156694	0.0205179522265063
PGM3	0.005603653	0.954442064	0.932929393	0.085997764	24.1319112	0.0301512237677945	0.0202504287671726
EPHA3	-0.010582734	0.954442064	0.93298938	-0.085942889	25.73783063	0.030123299697924	0.0202504287671726
FBXO42	0.015657221	0.954684022	0.933360856	0.085443075	16.62660971	0.0299504168424149	0.0201403459124198
HMG20A	0.06010132	0.955018329	0.933957704	0.084861423	21.67387443	0.0296727911524929	0.0199882932254985
TBCK	-0.020558005	0.955018329	0.933883319	-0.084771434	19.17525791	0.0297073818854896	0.0199882932254985
PMPCB	-0.011626182	0.955684962	0.934744734	-0.083677705	24.34136051	0.0293069728184967	0.0196852476961737
PPM1A	-0.006924941	0.956074179	0.935260576	-0.083001129	25.09284529	0.0290673720659017	0.0195084107776799
BAG3	-0.005946309	0.956409491	0.935783969	-0.082328443	23.89766332	0.0288243990182496	0.0193561227816123
SIPA1L3	-0.015027702	0.956409491	0.93585899	-0.082232026	21.98716449	0.0287895833968325	0.0193561227816123
UBA3	0.004434278	0.957739042	0.937295362	0.080386163	24.92123738	0.0281235319791654	0.0187528083098105
CSNK2A1	-0.006621011	0.958330752	0.938068389	-0.079392879	25.33420785	0.0277654986330507	0.0184845754960992
STAG1	0.01928604	0.958330752	0.938205445	0.079237268	21.9002249	0.0277020508957972	0.0184845754960992
COMT	0.006277588	0.958330752	0.938280857	0.079119888	25.33011428	0.02766714414966	0.0184845754960992
ANKRD44	-0.019204342	0.958486581	0.938568921	-0.078749777	18.25040549	0.0275338307560323	0.0184139629512265
TFAP2B	-0.028906668	0.95864267	0.938857283	-0.078399563	19.76447759	0.0274004204242615	0.0183432440975026
CPNE4	0.025433271	0.959326876	0.939662981	0.077346421	18.92942478	0.0270278822902396	0.0180333883925362
COPB1	-0.004431309	0.959843317	0.940304522	-0.076520086	26.85484931	0.0267314753293902	0.0177996545811625
PLCH1	0.014296196	0.960192661	0.94078249	0.075906123	19.45081576	0.0265107743537634	0.0176416177788332
MKRN2	0.016030435	0.960508408	0.941263416	0.075288391	19.59857289	0.0262888206682725	0.0174988291031501
VASN	0.032712441	0.960508408	0.941669479	0.074786166	18.22297244	0.0261015055245335	0.0174988291031501
SCML2	-0.010998933	0.960508408	0.941673715	-0.074761402	18.65522466	0.0260995519013902	0.0174988291031501
NBN	0.009218135	0.960508408	0.941679636	0.074753798	22.70039329	0.0260968211789519	0.0174988291031501
COG7	0.009904538	0.960508408	0.941821971	0.074570988	20.34055182	0.0260311824718018	0.0174988291031501
VTA1	-0.005198909	0.960508408	0.941962456	-0.074390557	25.07653902	0.0259664066306505	0.0174988291031501
UFD1	-0.009692066	0.960508408	0.942042315	-0.074293677	24.42269866	0.0259295889711785	0.0174988291031501
TTF2	0.01658196	0.960880622	0.942543205	0.073644702	19.61041934	0.0256987331507828	0.0173305649090849
CELF1	-0.007686658	0.960976899	0.942773492	-0.073348958	23.54772117	0.0255926370513735	0.0172870522455162
EP300	0.049813989	0.961007011	0.942938884	0.073296574	20.85041185	0.0255164548784724	0.0172734439365474
SCLY	-0.015834654	0.961500411	0.943558927	-0.072340319	21.02393599	0.0252309721585147	0.017050525783282
CRCP	0.017648291	0.961608709	0.94380114	0.072029291	18.93168811	0.0251195024164533	0.0170016120494104
CTU1	0.014122659	0.962351272	0.944665992	0.070918787	18.09221201	0.0247217189748917	0.0166663753162525
HP1BP3	0.004917826	0.962527104	0.944974659	0.07052247	26.16843403	0.0245798376325667	0.0165870322590427
RALGAPA1	-0.026775175	0.962594071	0.94517648	-0.070271622	18.00969965	0.0244870939940747	0.0165568176429873
NISCH	-0.013777485	0.963631599	0.946350664	-0.068755873	18.4233936	0.0239479088186915	0.0160889672391495
SPICE1	-0.017271219	0.963631599	0.946482715	-0.06858635	18.86155145	0.023887312866233	0.0160889672391495
SNAP47	0.034249282	0.963631599	0.946603899	0.068470356	17.45514751	0.0238317110335672	0.0160889672391495
RPS25	-0.004483901	0.963795953	0.946901593	-0.068048623	28.16430316	0.0236951528211858	0.0160149016428808
EVI5L	0.013455681	0.964698457	0.94792465	0.066735382	16.65989262	0.0232261831152952	0.0156084161133643
TGFB1I1	-0.016979357	0.965627497	0.94897404	-0.065388468	18.89587566	0.0227456679088061	0.0151903758587796
PLEKHA5	-0.018011856	0.965719426	0.949200901	-0.065101794	20.5165185	0.0226418582137141	0.0151490324243281
USP13	-0.009846583	0.965940271	0.949554515	-0.064643471	21.48624563	0.0224800968732012	0.0150497273910215
CALR	-0.003033728	0.966408019	0.950150943	-0.063878041	29.14305629	0.0222073962851469	0.0148394750464104
KHNYN	-0.019583794	0.966679239	0.950554253	-0.063360473	18.35596505	0.022023090680581	0.0147176084833081
ADGRV1	-0.010258949	0.967355419	0.951355902	-0.062331771	18.14694874	0.0216569832103354	0.0144139311386195
DHX30	-0.003937457	0.968230401	0.952353283	-0.061051999	25.8872041	0.0212019167456672	0.0140212852777928
EXOC8	0.014441055	0.968740777	0.95323059	0.059952286	22.56076313	0.0208020292137116	0.0137924192129354
MPHOSPH6	-0.00832282	0.968740777	0.953218854	-0.059941446	19.70354028	0.0208073762005469	0.0137924192129354
AGO2	-0.006833102	0.968740777	0.953266122	-0.059880802	22.99933573	0.0207858410383681	0.0137924192129354
FAM234B	0.011764435	0.969180203	0.953835534	0.059150275	19.45801955	0.0205265024801954	0.0135954655783496
KDM3A	-0.017278067	0.96931733	0.954107516	-0.058801349	17.75976957	0.0204026829746005	0.0135340226324541
GNL1	-0.003149679	0.970463919	0.955373301	-0.05717757	25.43373836	0.0198268997392798	0.0130206066645852
TRIM21	0.044723451	0.971546765	0.95657665	0.055755477	18.85098639	0.0192802244466173	0.0125362899765642
C12orf4	-0.02721775	0.971967812	0.957266009	-0.054782103	18.37349875	0.0189673619223236	0.0123481170719236
EBF3	0.015929185	0.971967812	0.957202797	0.054830937	19.59605899	0.0189960410240295	0.0123481170719236
MINK1	-0.00781919	0.972767924	0.958379462	-0.053321844	18.90852023	0.0184625017532208	0.0119907582393806
GFM2	0.006781648	0.972767924	0.958390264	0.053307991	22.09231032	0.0184576068000818	0.0119907582393806
EEF1B2	-0.006173749	0.972767924	0.958507061	-0.053171902	27.40659673	0.0184046834723645	0.0119907582393806
ATP5ME	-0.00377007	0.972767924	0.958712566	-0.052894655	24.40317928	0.0183115802236929	0.0119907582393806
MLXIP	-0.008182468	0.972767924	0.958815414	-0.052762761	19.25612488	0.0182649928263944	0.0119907582393806
PRKCA	0.006149163	0.972767924	0.958879098	0.052681092	23.43064164	0.0182361481802606	0.0119907582393806
PGPEP1	-0.011187508	0.973189407	0.959477098	-0.051914225	18.01445055	0.0179653870889348	0.0118026269365381
TRO	0.0110801	0.973189407	0.959569708	0.051795465	17.31200682	0.0179234704333592	0.0118026269365381
CTR9	-0.032141054	0.973241059	0.959758217	-0.051666214	24.00846183	0.0178381609688472	0.0117795773809785
UVRAG	0.013367387	0.973932958	0.960610412	0.050460968	19.8998741	0.0174527103790894	0.0114709373439219
UTP11	0.007749497	0.973932958	0.960715886	0.050325724	19.05758835	0.0174050279252782	0.0114709373439219
ZC2HC1A	0.019144064	0.9757374	0.962633773	0.047893745	20.28984098	0.0165389056232992	0.0106670481899916
RHBDD1	0.007382879	0.975800004	0.962833479	0.047610648	17.10977294	0.0164488171379989	0.0106391844434923
HMGB1	0.002741647	0.97581918	0.962990345	0.047409538	27.73297076	0.0163780671166315	0.0106306499598661
RTN4IP1	-0.008327046	0.97607968	0.963385401	-0.046903064	21.29738992	0.0161999392061195	0.0105147282637927
UBE2I	-0.003016292	0.976151287	0.963691811	-0.046510245	24.25615963	0.0160618314307873	0.0104828687907024
RWDD2B	-0.018986743	0.976151287	0.963732059	-0.046470612	18.01016514	0.0160436937657077	0.0104828687907024
OXSM	0.0076443	0.977771465	0.965469845	0.044230956	17.70678052	0.0152612862083762	0.00976264121195646
PALM	0.002666776	0.978062521	0.965895501	0.043685338	24.83682897	0.0150698568080663	0.00963338278147335
ANXA11	0.002378913	0.97824617	0.966215153	0.043275609	26.65425377	0.014926155824162	0.00955184376065494
PPHLN1	-0.014367541	0.978772514	0.967150109	-0.042166602	23.27389322	0.0145061149025051	0.00931823505557369
CCNC	-0.009533582	0.978772514	0.967005355	-0.042262762	17.85256629	0.0145711209112991	0.00931823505557369
EIF2B1	0.0020401	0.978772514	0.967013505	0.042252316	24.79241438	0.0145674606574093	0.00931823505557369
APOBEC3D	0.007327284	0.979442769	0.967950862	0.041050915	17.68718067	0.0141466890799473	0.00902093571176551
UBAP1	-0.00382224	0.979484205	0.968130275	-0.040820971	22.74817258	0.0140661985729993	0.00900256297363525
MREG	-0.021035875	0.98005323	0.968858374	-0.039912699	17.47785981	0.0137397027073313	0.00875033566723399
GOSR1	0.004461374	0.98005323	0.968969789	0.039745039	21.0462615	0.0136897633776442	0.00875033566723399
WDR46	0.020008073	0.980210287	0.969342035	0.03931829	20.12255751	0.013522953905921	0.00868074401488857
EXPH5	-0.0107638	0.980210287	0.969402201	-0.039190874	17.70749221	0.0134959985589275	0.00868074401488857
CHTF8	-0.005089979	0.980594821	0.969921115	-0.038525868	19.34345353	0.0132635860567919	0.00851040480497555
TCEAL3	-0.007322173	0.980959532	0.970420526	-0.037885873	21.53590189	0.0130400259973589	0.00834890841169705
SLTM	-0.004486014	0.981254478	0.970950079	-0.037207269	23.78042639	0.0128030985906217	0.00821834831930004
INTS14	-0.003453439	0.981254478	0.971088531	-0.037029852	23.68431567	0.0127411750640751	0.00821834831930004
DCTN1	0.001944398	0.981254478	0.97114214	0.036961155	26.85434622	0.0127172004731742	0.00821834831930004
RAD23B	-0.001638856	0.981254478	0.971267155	-0.036800958	26.664238	0.0126612973997387	0.00821834831930004
TMEM254	-0.007799479	0.981497544	0.971646494	-0.036314867	18.29236073	0.0124917120590326	0.00811078279712024
EXOSC10	0.004293489	0.981555793	0.971847754	0.036056974	22.90827329	0.0124017646791212	0.00808500945840653
ACAP2	-0.004609876	0.981555793	0.971981669	-0.035885377	23.40886834	0.0123419255338259	0.00808500945840653
MACROH2A2	-0.014984239	0.981740019	0.972415222	-0.03534626	19.82543461	0.0121482514135837	0.00800350535192506
GET4	0.006007438	0.981740019	0.97259611	0.035098057	20.96473836	0.0120674717706309	0.00800350535192506
CNP	0.002982799	0.981740019	0.972636627	0.035046142	25.02102545	0.0120493800439279	0.00800350535192506
SPC25	0.006970353	0.981740019	0.972719224	0.034940307	20.31496885	0.0120125010108966	0.00800350535192506
MARCHF3	0.012486701	0.981970022	0.973085928	0.034473068	18.41530876	0.011848807821562	0.00790177033800504
WBP11	0.003368726	0.982013816	0.973268146	0.034236965	24.02635773	0.011767490374555	0.00788240205994121
SHARPIN	-0.004621868	0.982501352	0.973890229	-0.033439903	19.68072352	0.0114899914028777	0.00766684332837738
TDRD7	-0.006602008	0.982860613	0.974385281	-0.032805618	19.24546761	0.0112692850855434	0.00750806843155994
SARS2	-0.001618931	0.983021788	0.975050402	-0.031953457	24.67350589	0.0109729343068791	0.0074368562235032
FOCAD	0.004272575	0.983021788	0.975102252	0.031887027	23.14106017	0.0109498405569147	0.0074368562235032
CCDC91	0.005412852	0.983021788	0.975399333	0.031510108	23.10998359	0.0108175457246846	0.0074368562235032
GMFG	0.005727048	0.983021788	0.975523915	0.031346802	17.01150295	0.010762079395834	0.0074368562235032
SPTB	-0.005459256	0.983021788	0.9756596	-0.031172967	18.02835917	0.0107016778534685	0.0074368562235032
PPT1	0.003113362	0.983021788	0.975697538	0.031124363	23.96477515	0.0106847908739037	0.0074368562235032
MTCH1	0.003298565	0.983021788	0.975718694	0.031097258	24.35290506	0.0106753741908723	0.0074368562235032
SMG1	-0.003310744	0.983021788	0.975756806	-0.03104843	20.60696576	0.0106584107892858	0.0074368562235032
CUL1	-0.002352739	0.983021788	0.97579573	-0.030998563	24.82224152	0.0106410866557009	0.0074368562235032
YBX3	-0.002860121	0.983349265	0.976259809	-0.030404013	23.44269144	0.0104345895057606	0.00729220249179971
TENT4B	0.005555659	0.983706577	0.976898097	0.029586296	17.9787098	0.0101507364027609	0.00713442493580842
TAF15	-0.001985086	0.983706577	0.97706513	-0.029372312	25.80775024	0.0100764857624519	0.00713442493580842
DAPK1	0.00917121	0.983706577	0.977115077	0.029310324	19.71179329	0.0100542854490779	0.00713442493580842
CREBBP	0.005426578	0.983706577	0.977170782	0.029236964	20.48813308	0.0100295271733021	0.00713442493580842
PHLDB2	0.013683707	0.983764502	0.97736739	0.029001083	18.87197593	0.00994215536239634	0.00710885250616508
CDYL	-0.011704049	0.983851591	0.977695468	-0.028572153	18.53734533	0.00979639793491695	0.00707040773810924
METTL1	-0.003865931	0.983851591	0.977732073	-0.028517914	22.79964505	0.00978013821761358	0.00707040773810924
NFRKB	0.006062096	0.983913502	0.977932687	0.028260919	18.94990109	0.00969103751356637	0.00704307967362261
RETREG2	0.007471739	0.984083283	0.97824055	0.027869806	21.16428567	0.00955433877885605	0.00696814565728992
EVL	-0.005672734	0.984648651	0.978941754	-0.02696829	18.21769105	0.00924314749095629	0.00671870975882763
RFX7	0.004194695	0.984711857	0.979143794	0.02670948	17.78127858	0.0091535243817671	0.00669083267190415
ABHD10	-0.003492143	0.984957523	0.979527308	-0.026222827	24.69364104	0.00898345191182446	0.00658249835973195
ZDHHC7	-0.00525499	0.985449997	0.980292874	-0.025237563	18.40762773	0.00864415434840739	0.00636540748592697
CHD1	-0.003934973	0.985449997	0.980295678	-0.025233971	21.10957646	0.00864291210742215	0.00636540748592697
ATAD3B	-0.002107379	0.985681792	0.980665599	-0.024760132	22.263041	0.00847905915139474	0.00626326587321641
ILRUN	-0.005050188	0.985799178	0.980921744	-0.024432035	18.15634561	0.00836563839437739	0.006211548313789
NT5DC2	-0.002805136	0.987894473	0.983146323	-0.021582677	21.9607468	0.007381840720939	0.00528944432074895
C9orf78	0.001787209	0.988427399	0.983816415	0.020724428	22.95976233	0.00708593550260044	0.00505522455123503
TMED3	-0.005455326	0.989495088	0.985019	-0.019185664	20.57966038	0.00655539232921744	0.00458635735429035
SMIM11	0.003669582	0.990028133	0.985689588	0.018325363	19.57211398	0.00625983094480537	0.00435246415693282
IGFBP2	-0.006827884	0.990597148	0.986396142	-0.017458391	22.86025814	0.00594863502484281	0.0041029267166209
AGPAT1	0.002607893	0.990804067	0.986742247	0.016977223	20.35891448	0.00579627724392011	0.00401221941357967
LRRTM2	0.002659825	0.991245585	0.987322079	0.016234645	19.46982165	0.00554115096261702	0.00381873401422139
DCTN2	-0.001066378	0.99144107	0.987656944	-0.015805797	25.79260179	0.0053938784889527	0.00373309460483125
STX8	-0.001315326	0.991553168	0.987908783	-0.015483278	22.61200527	0.00528315345750915	0.00368399356161959
GPHN	0.001099601	0.992600734	0.989092815	0.013966966	23.7570331	0.00476295294174033	0.00322540799016443
C9orf72	0.002208993	0.992827185	0.989458815	0.013498261	18.93121709	0.00460227805231161	0.00312633975484169
CUSTOS	-0.001703983	0.993175328	0.98997825	-0.01283307	21.63864965	0.0043743468254246	0.00297407752518965
GOLPH3L	0.001094293	0.993175328	0.990086572	0.012694353	22.02231153	0.00432682954579516	0.00297407752518965
CENPC	-0.002354927	0.993301697	0.990352965	-0.012353213	17.25835993	0.00420999385507707	0.00291882255997535
PKD1L1	0.003166254	0.993467757	0.990681808	0.011932101	17.37721404	0.00406581193200261	0.00284622335457929
PRCC	0.002590752	0.993467757	0.99079941	0.011781502	21.42002498	0.00401426069926138	0.00284622335457929
IPO7	-0.000612707	0.993686039	0.991157576	-0.011322843	27.14872901	0.00385729511403691	0.00275081184826216
MRTFA	-0.001615517	0.993861579	0.991473164	-0.01091871	17.81505266	0.0037190362589236	0.00267409816063915
ATP5MF	-0.003563635	0.995432093	0.993180621	-0.00873475	19.81059888	0.00297176301484833	0.00198836159468214
ESPN	0.009558329	0.995838124	0.993726508	0.008050678	18.17877483	0.00273312506912102	0.00181125150312338
BBS2	-0.001154291	0.995945678	0.993974623	-0.00771548	16.79595555	0.00262470336099142	0.00176434871306645
SPATA5	-0.000677792	0.996011505	0.99418112	-0.007451056	23.06825422	0.00253448858957037	0.00173564498076272
FAM83G	0.001172453	0.99644901	0.994758681	0.006711478	21.77655784	0.00228226219017228	0.00154491998628643
GPR107	0.000792861	0.996689573	0.995139731	0.006223539	20.62762162	0.00211593418734154	0.00144008514454633
MRPL40	-0.002717675	0.996752821	0.995343784	-0.005975221	22.21828779	0.0020268914079782	0.00141252652787071
METTL15	-0.001423249	0.997295693	0.996026869	-0.005087554	19.60675886	0.00172894581220534	0.00117605653413751
MLLT1	0.000791625	0.997974994	0.996846382	0.004038168	20.61183429	0.00137176304242183	0.000880340580235133
NTAN1	-0.00075851	0.998092729	0.997105077	-0.003706911	18.20501673	0.00125907242388223	0.000829108189372832
SPNS1	0.000280534	0.998365352	0.997518562	0.003177446	23.90473623	0.00107901413828795	0.00071049947286373
PPIE	0.001666494	0.998431258	0.997725553	0.002918733	23.16737778	0.000988904814070122	0.000681830942487258
BAP18	0.001069484	0.998565252	0.998000612	0.002561375	19.81856993	0.00086919239184589	0.000623550565326773
UBE2W	-0.00032068	0.998727783	0.998304235	-0.002171402	18.12515282	0.000737086521648954	0.000552868581905136
PBLD	-0.000838313	0.998949462	0.998760591	-0.001588108	17.98655844	0.000538602332800464	0.000456482674632097
TOMM40	0.00032687	0.998949462	0.998808248	0.001526412	22.63316708	0.000517879970973533	0.000456482674632097
SNRNP27	0.000135784	0.99930878	0.99930878	0.000885096	18.90427172	0.000300296829328926	0.000300296829328926
