id	logFC	adj.P.Val	P.Value	t	AveExpr	-log10(pvalue)	-log10(padj)
CRYAB	1.830899846	5.65787e-10	1.17021e-13	38.65252437	29.81226782	12.9317361949569	9.24734703548123
CRABP2	-2.267398583	5.65787e-10	1.59962e-13	-37.6210759	25.40685436	12.7959831745339	9.24734703548123
ALDH1A1	-2.058635316	4.23346e-09	1.79536e-12	-30.50568853	24.93667224	11.7458484549757	8.37330453932007
SERPINH1	-0.955732483	1.65428e-08	9.35416e-12	-26.42308762	28.38900725	11.0289952058918	7.78139098077908
EGLN1	1.870348872	2.1546e-08	1.5229e-11	25.32271913	23.6364457	10.8173286133245	7.66663334449028
KLRG2	1.193003243	3.38115e-08	2.86782e-11	23.95969174	25.79940507	10.5424481108355	7.47093556193839
TGM2	-2.055077885	4.79211e-08	4.74198e-11	-22.92734965	25.6524159	10.324040282055	7.31947322153596
MAN2B1	-3.906797258	5.01195e-08	5.66802e-11	-22.57154037	19.56174797	10.2465686259838	7.2999932702462
SCEL	1.030419655	9.54449e-08	1.21431e-10	21.11042877	25.17689096	9.91567042849718	7.02024727272901
TENM3	-1.236541553	1.56012e-07	2.20543e-10	-20.02949467	24.81873622	9.65650672210511	6.80684199566253
STAT6	-3.457849016	6.05479e-07	9.41514e-10	-17.61463932	20.45311059	9.02617321778482	6.2179009150185
PAGE5	6.463661938	7.80598e-07	1.32417e-09	17.26260819	19.17063885	8.87805625558931	6.10757256577585
PTGS1	-2.992904148	1.31405e-06	2.59627e-09	-16.09157762	21.55196249	8.58565014491763	5.88138810942543
GSPT2	2.235136651	1.31405e-06	2.69068e-09	16.04023064	18.41214473	8.57013794939266	5.88138810942543
POR	-0.927575574	1.31405e-06	2.78637e-09	-15.99014689	25.67498672	8.55496121444151	5.88138810942543
PDCD4	0.9516109	1.53702e-06	3.55516e-09	15.6448917	25.23858191	8.44914084906827	5.81332048134012
CCDC6	-1.548659016	1.53702e-06	3.69371e-09	-15.59134662	25.15180348	8.4325372048199	5.81332048134012
ASS1	-0.827554689	1.72357e-06	4.38567e-09	-15.35290663	27.34187591	8.35796404994323	5.76357107373187
GPX4	0.908184214	2.0591e-06	5.53051e-09	15.03612009	24.54405906	8.25723481806727	5.68632256139868
EEF1A2	1.152087769	3.00622e-06	8.49934e-09	14.46485924	27.29604892	8.07061479728415	5.52197924021955
CA2	-0.950832429	3.04337e-06	9.03459e-09	-14.38528337	29.73076901	8.04409155143485	5.51664524475325
NT5E	2.542726074	3.04989e-06	9.4851e-09	14.32216058	19.60344133	8.02295808604899	5.51571582401534
AHNAK2	1.132553621	4.19956e-06	1.37143e-08	13.85189559	26.04576226	7.86282635458484	5.37679620950262
COL18A1	-1.057219469	4.19956e-06	1.42479e-08	-13.8040195	24.23004222	7.84624914166389	5.37679620950262
C3	-1.017599568	4.7421e-06	1.67589e-08	-13.60204108	25.41979722	7.77575449045562	5.32402929198789
DIRAS2	-2.322019006	5.80795e-06	2.15619e-08	-13.29368235	17.55259717	7.66631297246681	5.23597713108509
ADH5	-0.722195371	5.80795e-06	2.21677e-08	-13.26015953	25.89490894	7.65427936458175	5.23597713108509
FSCN1	-0.757370499	5.94104e-06	2.35156e-08	-13.18899552	25.20085205	7.62864393576269	5.22613752358346
TRIM29	0.834444625	7.02885e-06	2.88149e-08	12.94654606	25.43646847	7.5403828832672	5.15311572469695
MAFF	-1.043657705	7.63411e-06	3.23753e-08	-12.80933489	22.68661432	7.48978619857893	5.11724158658644
ATXN7L3B	1.338584348	7.66507e-06	3.35902e-08	12.76621725	22.26056047	7.47378741031023	5.11548387466806
TPK1	1.366757355	9.09504e-06	4.11424e-08	12.53110412	21.72996291	7.38571037777608	5.04119538656849
CBS	-0.581537618	9.2852e-06	4.38705e-08	-12.45746413	26.17805839	7.35782741583432	5.03220873727036
FASN	-0.584529933	9.2852e-06	4.46278e-08	-12.43789945	30.34248963	7.35039452188477	5.03220873727036
CAPG	0.828105911	1.04603e-05	5.17545e-08	12.26963788	23.55842771	7.28605188277534	4.98045585978268
EEF1A1	-0.396050833	1.10614e-05	5.62919e-08	-12.17507394	32.42098747	7.24955409250893	4.95618990252534
NAA15	-0.555324762	1.2e-05	6.2765e-08	-12.05353313	26.3055885	7.20228246683916	4.92081875395237
SFXN3	0.801746891	1.24034e-05	6.69778e-08	11.98149533	23.10422321	7.17406912170436	4.90645925041533
FADS2	-1.638056123	1.24034e-05	6.83818e-08	-11.95856875	21.60950291	7.165059471545	4.90645925041533
CKAP4	-0.619402248	1.25897e-05	7.11884e-08	-11.91422428	26.32712205	7.14759076797015	4.89998461857338
IL18	-2.491883236	1.33966e-05	7.76449e-08	-11.81899447	20.4253022	7.10988706504292	4.87300540973968
MAOA	-2.01003017	1.37267e-05	8.14985e-08	-11.76614582	19.2578809	7.08885038448355	4.86243385781416
RBP7	-1.131707323	1.55816e-05	9.53125e-08	-11.59669528	22.17970771	7.02085013897312	4.80738794874989
COL12A1	-0.870051514	1.55816e-05	9.95541e-08	-11.54994753	24.64695539	7.0019408494416	4.80738794874989
DBI	0.637097737	1.55816e-05	1.00012e-07	11.54503015	26.50753019	6.99994788778884	4.80738794874989
ACOX1	-0.725154972	1.55816e-05	1.01323e-07	-11.53108769	23.42278635	6.99429195997745	4.80738794874989
FLOT2	-0.822224548	1.57675e-05	1.0476e-07	-11.49542531	25.61846244	6.9798045102468	4.80223716033464
OTULINL	0.930269477	1.68345e-05	1.14229e-07	11.40336327	22.4778122	6.94222362515222	4.77379977802645
CPNE8	2.664964104	1.69493e-05	1.17404e-07	11.37432879	18.09028659	6.93031710625421	4.77084823329659
PYGL	0.460682625	1.70431e-05	1.20463e-07	11.34714547	27.24919854	6.91914632539903	4.76845140778265
CD44	0.922057885	1.71956e-05	1.23972e-07	11.31686238	24.16233115	6.90667639240737	4.76458266589355
NQO1	0.533785796	1.9608e-05	1.44135e-07	11.15904901	26.17196769	6.84123054756083	4.70756670175598
MYL12B	0.52502204	1.98765e-05	1.48919e-07	11.12510119	28.30709634	6.8270498887573	4.70166008696626
ANXA5	-0.647669585	2.20599e-05	1.68396e-07	-10.99808574	29.40502577	6.7736682287423	4.65639646059694
GLS	0.950678144	2.24993e-05	1.76728e-07	10.94851618	24.84920848	6.75269463735156	4.6478309934827
GLG1	-0.742630953	2.24993e-05	1.78112e-07	-10.9405308	24.80105595	6.74930681968207	4.6478309934827
KCTD12	-0.626064051	2.63971e-05	2.15115e-07	-10.74868145	23.82717587	6.66732930513975	4.57844378234142
PPP3CA	-0.693463025	2.63971e-05	2.16431e-07	-10.74253112	23.18836643	6.66468053393186	4.57844378234142
DPYSL2	-0.826124514	2.89288e-05	2.41277e-07	-10.63340308	23.10165676	6.61748407572555	4.53866958101455
POFUT1	0.613512788	2.93279e-05	2.48752e-07	10.60293309	25.04590029	6.60423341878134	4.53271903320299
BDH2	-4.718729155	2.99897e-05	2.58605e-07	-10.67119546	18.24424314	6.58736308250506	4.52302787865515
TAGLN2	0.536847245	3.16195e-05	2.77128e-07	10.49562753	29.83723284	6.55731959247414	4.50004500185978
ACP3	-1.901778382	3.35256e-05	2.98867e-07	-10.42114619	17.31425472	6.52452203581086	4.47462344093774
SRI	-0.798302193	3.35256e-05	3.06192e-07	-10.39735521	24.77558604	6.51400616047395	4.47462344093774
COL6A6	-0.942590253	3.35256e-05	3.08706e-07	-10.3893329	22.32853567	6.51045492950213	4.47462344093774
HMGCS1	-0.868235608	3.35256e-05	3.1519e-07	-10.36895768	25.22601725	6.50142756977929	4.47462344093774
KLB	0.862651372	3.35256e-05	3.17531e-07	10.3617124	26.80416012	6.49821386888625	4.47462344093774
HMGB2	-0.724149165	3.38221e-05	3.27294e-07	-10.33210722	26.29444591	6.48506195616702	4.47079943073893
RAB25	0.739439569	3.38221e-05	3.29902e-07	10.32435859	23.9874571	6.48161505157702	4.47079943073893
SPON1	-0.747315557	3.56587e-05	3.53075e-07	-10.25828248	27.09091109	6.45213303221437	4.44783449383362
OTUD4	-0.968558819	3.56587e-05	3.62521e-07	-10.23267607	22.05903458	6.4406668306931	4.44783449383362
ITSN1	-0.814305419	3.56587e-05	3.62939e-07	-10.23156143	22.60373422	6.44016636171197	4.44783449383362
EXOC6	-0.891913444	3.5815e-05	3.70344e-07	-10.21200877	25.42409099	6.43139468702697	4.44593504450536
CHMP4A	-0.935858283	3.5815e-05	3.75285e-07	-10.19919628	22.63269851	6.42563879382677	4.44593504450536
NAA10	-0.593542065	3.5815e-05	3.79717e-07	-10.18785723	25.0250408	6.42053995898103	4.44593504450536
RRBP1	-0.448766972	3.7612e-05	4.04087e-07	-10.12795336	26.59829201	6.39352512114627	4.42467357256351
MISP	0.835436246	4.08189e-05	4.49452e-07	10.02614785	25.74762997	6.34731668268101	4.38913870296064
ZNRD2	0.688638268	4.08189e-05	4.50081e-07	10.02481441	23.72203269	6.34670932025264	4.38913870296064
MVP	1.042484384	4.0885e-05	4.5659e-07	10.01114273	21.85688277	6.34047360443662	4.38843599791188
PLOD2	0.850567951	4.12648e-05	4.66665e-07	9.99038707	23.97275802	6.33099477009592	4.38442025546453
TTLL12	-0.562107518	4.6608e-05	5.3368e-07	-9.863543891	24.88613532	6.27271907235547	4.33153953271641
WDR6	-0.809040684	5.12884e-05	5.94522e-07	-9.762430206	22.16452846	6.22583206989	4.28998084903348
NIBAN1	0.67303352	5.17038e-05	6.06646e-07	9.743615589	24.32257204	6.21706466163378	4.28647753701468
SEC24D	-1.219707401	5.26547e-05	6.2571e-07	-9.714835536	21.40773023	6.20362690414008	4.27856285728071
SAR1A	-0.904301951	5.26547e-05	6.3269e-07	-9.70453251	25.46460057	6.19880902974054	4.27856285728071
GUCY1A1	-1.384335594	5.33268e-05	6.48304e-07	-9.681923695	17.31058828	6.18822129881578	4.2730544763966
ADI1	-0.572856542	5.50963e-05	6.77605e-07	-9.641033656	23.06976768	6.16902339803686	4.25887756527775
STON1	-2.166430109	6.27016e-05	7.80003e-07	-9.511768081	19.80006121	6.10790372694934	4.20272137683587
ALDH8A1	-0.69661992	6.28599e-05	7.94816e-07	-9.494592435	23.48846221	6.09973339893292	4.20162631421062
DYSF	2.018256697	6.28599e-05	7.99744e-07	9.488954671	18.15628531	6.09704900948289	4.20162631421062
PGM2L1	-0.503213607	6.28848e-05	8.08951e-07	-9.478521477	24.55756137	6.09207778379453	4.20145431598341
AGRN	-0.85073001	6.32028e-05	8.21976e-07	-9.46397683	25.36300692	6.08514086277592	4.19926368124906
ISYNA1	-0.890747871	7.04318e-05	9.25948e-07	-9.356078269	24.26418597	6.03341340202991	4.15223121235908
ATP6V1C1	0.448126373	7.29823e-05	9.69796e-07	9.314425754	25.53332958	6.0133196114986	4.13678245418638
NAV2	-0.761432847	7.32272e-05	9.83401e-07	-9.301912232	22.76134151	6.00726935442062	4.1353275717323
METAP1	-0.756941232	7.36715e-05	1.00642e-06	-9.281163228	24.01760739	5.99722074133111	4.13270048753495
SH3BP4	-0.671172207	7.36715e-05	1.0197e-06	-9.269414082	22.43574931	5.99152758069728	4.13270048753495
ACTN1	0.661059462	7.36715e-05	1.02061e-06	9.2686165	27.68127825	5.9911401807387	4.13270048753495
LSM8	-0.62578959	7.47992e-05	1.04978e-06	-9.243420594	23.66325247	5.97890170549851	4.12610304702115
S100A9	1.381714025	7.47992e-05	1.05958e-06	9.235122782	22.01295677	5.97486624778101	4.12610304702115
S100A11	0.693927416	7.47992e-05	1.07441e-06	9.222716696	27.58425891	5.96882995815337	4.12610304702115
AIF1L	-1.020837445	7.47992e-05	1.08089e-06	-9.217353944	21.76944396	5.96621850107331	4.12610304702115
WAC	0.532345779	7.47992e-05	1.0891e-06	9.210612106	24.28472184	5.96293224195744	4.12610304702115
TIMM50	-0.667348154	7.7114e-05	1.13676e-06	-9.172522668	24.92620755	5.94433121664719	4.11286676889078
IQGAP2	-1.942809131	7.7114e-05	1.16428e-06	-9.232160502	22.96158931	5.93394256278617	4.11286676889078
LTBP1	-4.539723693	7.7114e-05	1.17647e-06	-9.288561028	16.82616181	5.92941914286159	4.11286676889078
MDK	-0.825942573	7.7114e-05	1.17537e-06	-9.142896457	23.93724403	5.92982539835935	4.11286676889078
CTSV	1.163001516	7.7114e-05	1.17731e-06	9.141434917	21.99981559	5.9291091670947	4.11286676889078
NUP50	-0.548052021	8.40974e-05	1.29582e-06	-9.056798152	24.53122405	5.88745532133265	4.075217430874
LRBA	-0.488851752	8.64925e-05	1.34495e-06	-9.024120908	25.63412968	5.87129386073795	4.06302154975866
ECE1	-0.661503335	9.08408e-05	1.42541e-06	-8.97328518	24.96527317	5.84606019872443	4.04171904977093
CPVL	-2.195776729	9.42524e-05	1.49226e-06	-8.953678546	21.10422486	5.82615550211277	4.02570758230534
MUC16	-0.935563297	0.00010224	1.63317e-06	-8.855089904	23.6017756	5.78696860631096	3.99037915918568
SLC3A2	0.564008523	0.000104649	1.68645e-06	8.82737942	27.26097245	5.77302653028029	3.98026491731628
ACTC1	0.597583256	0.000112177	1.82363e-06	8.760147074	30.64406139	5.7390632719607	3.950096178704
SLC9A1	1.486812254	0.000116973	1.92499e-06	8.713874158	19.50935504	5.71557152223657	3.93191437162319
CTTN	0.623327507	0.000116973	1.93467e-06	8.709594467	27.51778589	5.71339310268707	3.93191437162319
SOX5	-1.314135946	0.000117005	1.96203e-06	-8.697614934	17.88980014	5.70729435641843	3.93179557905716
AHDC1	-1.601377097	0.000117005	1.96828e-06	-8.694902366	18.11870893	5.70591312043457	3.93179557905716
TBL2	-0.90441031	0.000119245	2.02282e-06	-8.671629487	21.47642342	5.69404276106743	3.92355982208185
RCC2	-0.445411213	0.00012014	2.05987e-06	-8.656198737	26.02080783	5.68616018742899	3.92031237238866
GALNT7	-0.515536564	0.00012014	2.07197e-06	-8.651226827	24.85789457	5.68361653701984	3.92031237238866
IGSF8	-0.826680279	0.000126859	2.20577e-06	-8.598211313	22.7561204	5.65643977427951	3.89667871636748
CD55	-1.817763728	0.000128302	2.24901e-06	-8.652936807	22.94293765	5.64800861351272	3.89176657369371
RAP1GDS1	-0.484786238	0.00013096	2.3141e-06	-8.557757467	23.5978291	5.63561787766179	3.88286133359611
CTSC	-0.731919544	0.00013299	2.37577e-06	-8.535626592	23.23624473	5.62419560601651	3.876181013981
COX5A	0.371894822	0.00013299	2.39186e-06	8.529955711	25.17972008	5.62126424400087	3.876181013981
PRXL2A	-0.589958787	0.00013299	2.40637e-06	-8.524874874	23.52871545	5.61863759536524	3.876181013981
ANXA9	0.924270346	0.000133185	2.42874e-06	8.51710804	23.00302823	5.61461897453576	3.87554468495595
ADPGK	-0.541341123	0.000136072	2.50061e-06	-8.492657392	23.96661247	5.60195403640035	3.86623123186158
CTSB	0.499977458	0.000143594	2.65915e-06	8.441292791	29.49299185	5.57525716385877	3.84286370648182
VAMP8	0.520084296	0.000144005	2.68712e-06	8.43257315	24.40936095	5.57071293863786	3.84162242849703
CDC42BPB	0.404503139	0.000144962	2.72546e-06	8.420776778	25.63460892	5.56456018747842	3.83874582778694
PSAT1	-0.355002578	0.000148462	2.82691e-06	-8.390402954	26.83196429	5.54868801787255	3.82838469316288
DCTD	-0.555626466	0.000148462	2.83325e-06	-8.388545221	23.37655678	5.54771510256033	3.82838469316288
SLC16A3	-1.346222469	0.000149906	2.8955e-06	-8.417299969	23.66442239	5.53827643073061	3.82418098413142
FLNB	0.422634933	0.000149906	2.90318e-06	8.368329068	29.27013449	5.53712603665083	3.82418098413142
PON2	-1.012484071	0.000151447	2.95443e-06	-8.35384368	22.21363869	5.52952629540301	3.81973932514625
MSH6	-0.595273588	0.000153083	3.01473e-06	-8.337140898	24.67257509	5.52075157730852	3.81507303540312
WDHD1	-0.469280893	0.000153083	3.02963e-06	-8.333067465	25.32980647	5.51861040739543	3.81507303540312
CDH6	-0.556202582	0.000154663	3.08276e-06	-8.318722879	25.28335015	5.51106028478788	3.81061357006118
ARPC3	0.358601366	0.000154915	3.10969e-06	8.311550975	26.06379258	5.5072829029345	3.80990652864601
RANBP3	-0.847282698	0.000161958	3.27597e-06	-8.268697591	22.95690853	5.48466008398552	3.7905975949212
GMPR2	-0.957561557	0.000161958	3.29686e-06	-8.282918034	25.21768706	5.48189949462767	3.7905975949212
LSM6	-0.558627516	0.000171748	3.52043e-06	-8.209759413	23.79851339	5.45340428674296	3.7651083115844
CKB	0.706852962	0.000186086	3.85033e-06	8.153685469	28.33547545	5.41450204684547	3.73028629936497
ARPC1B	0.357309553	0.000186086	3.8877e-06	8.128993442	26.56854793	5.41030725541536	3.73028629936497
SCOC	-1.40747052	0.000186086	3.89323e-06	-8.12784066	21.6692212	5.40968993874774	3.73028629936497
CDK6	-0.71415792	0.00019122	4.02767e-06	-8.100345955	21.84637205	5.39494611980911	3.71846668614262
MCM4	-0.41619851	0.000192457	4.08094e-06	-8.089724125	26.11341341	5.38923979039224	3.71566628822703
NES	-1.930851216	0.000193419	4.12869e-06	-8.080327528	20.04081975	5.38418772461951	3.71350086639647
FTH1	0.534825836	0.000203025	4.36242e-06	8.035952328	23.68884881	5.36027252424528	3.69245048083779
MSH2	-0.37408911	0.000212139	4.58824e-06	-7.995435715	25.76105942	5.33835387325778	3.67337948269612
MEX3A	-0.801907286	0.000217058	4.72532e-06	-7.971870052	21.6619835	5.32556877561431	3.66342420295208
HSPA2	-0.766751042	0.000218934	4.79712e-06	-7.959818839	23.14722358	5.31901941751785	3.6596867881545
JAK1	-1.107758752	0.000219823	4.86483e-06	-7.948628328	19.99988507	5.31293233141863	3.65792686946255
ARPC2	0.324087056	0.000219823	4.87874e-06	7.946350296	26.5397843	5.31169232588733	3.65792686946255
MPRIP	0.520148155	0.000220923	4.93438e-06	7.937306831	25.38087689	5.30676740824143	3.65575906795334
PIK3CD	-0.705836087	0.000221623	5.05735e-06	-7.917700778	21.70349089	5.29607698945451	3.65438517059185
CALM3	0.404189035	0.000221623	5.0585e-06	7.917521002	29.40849809	5.29597824566999	3.65438517059185
PRMT1	-0.394922745	0.000221623	5.06668e-06	-7.916234415	26.48061572	5.29527652389618	3.65438517059185
RABGAP1	-0.544622518	0.000221623	5.07534e-06	-7.914875964	24.63875364	5.29453485879843	3.65438517059185
GSTCD	-0.784767077	0.000222583	5.12879e-06	-7.906544077	20.72804675	5.28998508290116	3.65250800841159
DAG1	-0.569187752	0.000231815	5.37427e-06	-7.86943963	23.75402037	5.26968051866866	3.63485846566983
CORO1B	0.40266306	0.000240604	5.63876e-06	7.831442414	25.47598992	5.24881638969854	3.6186971568653
POLRMT	0.548248873	0.000240604	5.67565e-06	7.826294871	22.97472495	5.24598439400303	3.6186971568653
PODXL	0.836612993	0.000240604	5.68008e-06	7.825678757	23.68886166	5.24564554750837	3.6186971568653
TP53I3	0.635504867	0.0002436	5.80939e-06	7.807928799	23.20002542	5.23586946718662	3.61332271603916
ZWINT	0.410712305	0.0002436	5.81968e-06	7.806534053	25.86590562	5.235100894741	3.61332271603916
SULT2B1	-1.323196603	0.000246016	5.91218e-06	-7.794117934	16.9227612	5.22825235204613	3.6090366470196
LMCD1	-0.359371466	0.000249317	6.0358e-06	-7.777845595	26.40144119	5.21926515927674	3.6032481075593
ALDH6A1	-0.78555415	0.000249317	6.08436e-06	-7.771550999	24.07983341	5.21578509748096	3.6032481075593
GBA2	-1.202506499	0.000249317	6.10234e-06	-7.769233769	18.4791644	5.21450359872406	3.6032481075593
CALD1	0.489736284	0.000249317	6.14662e-06	7.763558977	27.56151941	5.21136363526118	3.6032481075593
UBE4A	0.803802279	0.000249317	6.16772e-06	7.760869271	23.05746546	5.2098753504589	3.6032481075593
ACTG1	1.274085801	0.000258953	6.4427e-06	7.726700368	21.37845427	5.19093209081382	3.5867790532659
NXN	-0.419595307	0.000259161	6.48453e-06	-7.721640435	25.08503864	5.18812149618801	3.5864303529525
UHRF1	-0.721182576	0.000264334	6.65132e-06	-7.701803747	23.35938496	5.17709215742956	3.57784697208318
CALCOCO2	0.67290113	0.000267645	6.77246e-06	7.687728209	21.80437816	5.16925355134914	3.57244086546079
DCAKD	-1.133333073	0.000268537	6.833e-06	-7.680794149	20.66246729	5.16538857927731	3.57099586717573
PPP2R3A	-0.539443514	0.000269536	6.89652e-06	-7.673589256	25.34373542	5.16136999999419	3.56938322098856
MKNK1	-0.727799058	0.000274502	7.06238e-06	-7.655106301	22.9993083	5.15104891839807	3.5614544869669
PALM	0.4667775	0.000276066	7.14166e-06	7.646435875	24.83682897	5.1462008295337	3.55898707732173
RAB11FIP1	-0.566504254	0.00028162	7.35741e-06	-7.623349609	23.70549897	5.13327504173157	3.55033650584667
PARVA	-0.80278217	0.00028162	7.36497e-06	-7.622554644	21.81326194	5.13282901784525	3.55033650584667
SLPI	-0.852898292	0.000282503	7.42798e-06	-7.61595635	22.54428557	5.12912927427816	3.54897693589223
MYADM	-0.709690115	0.000286282	7.56781e-06	-7.601525114	23.08890831	5.12102978001369	3.54320595741475
TLE1	-0.582107808	0.000286757	7.65601e-06	-7.592567999	22.67343983	5.11599750797129	3.54248597177275
CASP6	-0.518820075	0.000286757	7.66144e-06	-7.592020386	24.66955468	5.11568959521355	3.54248597177275
TFCP2	0.894114939	0.000289306	7.77043e-06	7.581111716	19.6938022	5.10955494754915	3.53864255930096
SH3BGRL3	0.549601593	0.000289343	7.84157e-06	7.574079541	24.79440947	5.10559697633667	3.53858701994687
RFC3	-0.629946438	0.000289343	7.85325e-06	-7.572932255	23.48256933	5.10495057701702	3.53858701994687
USP22	-0.761522503	0.000294327	8.03011e-06	-7.555768199	21.78448504	5.09527850552259	3.53116989619751
ABTB2	1.059658011	0.000309615	8.51428e-06	7.51077574	19.96459436	5.06985207174692	3.50917800709954
PLAU	1.232924702	0.000309615	8.54318e-06	7.508177733	21.65880892	5.06838044320005	3.50917800709954
SVIL	0.693693869	0.000309615	8.57854e-06	7.505010589	24.61086919	5.06658661936544	3.50917800709954
JPT1	0.510378169	0.000316706	8.81977e-06	7.483774967	27.62871779	5.0545427401554	3.49934370883457
NUF2	-0.778529914	0.000327225	9.15898e-06	-7.454941715	23.67452968	5.03815288932747	3.48515352362148
SLMAP	-0.505656689	0.000327704	9.21869e-06	-7.449984286	24.94163782	5.03533078894554	3.48451825752722
IQGAP1	0.32897204	0.000332046	9.3878e-06	7.436129391	27.68035512	5.02743617129134	3.47880174713238
AKR1B1	-0.490108563	0.000354833	1.01198e-05	-7.379085327	28.31059612	4.99482807047593	3.4499759969253
SCAMP1	0.833181106	0.000354833	1.01323e-05	7.378149336	23.41723577	4.99429195997745	3.4499759969253
NDRG1	-0.362214801	0.000356767	1.02512e-05	-7.369317867	26.17728389	4.98922529335221	3.44761532352435
RAB34	-0.587688857	0.000356767	1.02914e-05	-7.366351422	24.52658305	4.98752554157216	3.44761532352435
PPID	-0.360137745	0.000356767	1.03837e-05	-7.359600217	26.41366099	4.98364786775352	3.44761532352435
ACAT2	-0.468280916	0.000356767	1.03893e-05	-7.359190297	24.13553194	4.983413712922	3.44761532352435
AMOTL2	0.613107796	0.000357606	1.04664e-05	7.353604026	22.10025907	4.98020267161497	3.44659520311708
CAPZA1	0.408292032	0.000357606	1.05149e-05	7.350109882	26.57251863	4.97819485323488	3.44659520311708
SEC62	-0.4357959	0.000359114	1.06204e-05	-7.342564287	24.50315876	4.97385912595499	3.44476766364522
ABCE1	-0.42174383	0.000359114	1.06607e-05	-7.339703886	26.54396008	4.97221427784638	3.44476766364522
PPP1R14C	-0.781185613	0.000369181	1.10117e-05	-7.315271845	21.45803926	4.95814562892776	3.43276065815395
IDH1	-0.504452608	0.000373369	1.11894e-05	-7.303219536	26.61534426	4.95119320066337	3.42786174339773
PLCD3	0.523994905	0.000374502	1.12763e-05	7.29739958	24.05731828	4.94783337847165	3.42654585864103
KANK2	-0.814211959	0.000377416	1.14174e-05	-7.288051872	20.96965038	4.94243278349923	3.42317969250066
IGFBP7	1.282182762	0.000384853	1.16968e-05	7.269901784	18.28795507	4.93193293589717	3.41470512368585
TTC1	0.466399894	0.000385084	1.17583e-05	7.265970228	25.11014534	4.92965546346294	3.41444452566723
WARS1	0.357089926	0.000395257	1.21248e-05	7.242977562	26.15481428	4.9163254164051	3.40312042997399
TPM3	0.418944066	0.000396819	1.22288e-05	7.236588766	27.24249009	4.9126161577591	3.40140754166502
S100A10	0.513110523	0.000400598	1.24309e-05	7.224333883	28.20021249	4.90549742720035	3.39729122326793
DSC2	0.54696545	0.000400598	1.24585e-05	7.222678289	23.15436251	4.90453424346641	3.39729122326793
SYK	-0.843317443	0.000402396	1.2629e-05	-7.212532654	22.54193487	4.89863103675075	3.39534634501615
IRF2BP2	-0.516229837	0.000402396	1.26439e-05	-7.21165223	23.71380312	4.89811894763315	3.39534634501615
JAG1	-0.873667197	0.000402396	1.26851e-05	-7.209226296	23.06789131	4.89670610477043	3.39534634501615
RPL36A	-0.531507881	0.00043692	1.38352e-05	-7.144677737	25.43046004	4.85901455836845	3.35959807501843
SOX17	-1.04563086	0.000444985	1.41535e-05	-7.127823501	20.67087102	4.84913615075962	3.35165462840564
PACSIN2	-0.46437876	0.000446637	1.42691e-05	-7.121799518	24.68320371	4.84560341843126	3.35004530224481
COL4A2	-0.700030366	0.000453139	1.45409e-05	-7.107846309	21.08912935	4.83740871225709	3.34376855809029
CYB5R2	1.23039283	0.000455004	1.46651e-05	7.101564147	17.18592075	4.83371497125826	3.3419847853862
ASAH1	0.429744126	0.000455601	1.47488e-05	7.097363693	25.69867482	4.83124331355557	3.34141533135763
HMGN5	1.455545607	0.000465413	1.51322e-05	7.078432665	21.24198144	4.82009792733684	3.33216149008794
GLOD4	-0.507019742	0.000465587	1.53095e-05	-7.069847069	24.49533791	4.8150389928933	3.33199915444727
PPA1	-0.261413078	0.000465587	1.5318e-05	-7.069438167	29.55248567	4.81479793481211	3.33199915444727
HDHD3	1.184825592	0.000465587	1.53494e-05	7.067931404	20.67215497	4.81390859619865	3.33199915444727
M6PR	0.456508794	0.000465587	1.54011e-05	7.065456342	24.97379564	4.81244825923696	3.33199915444727
PYCARD	1.348495606	0.000467207	1.55207e-05	7.059761861	21.77671632	4.80908869549524	3.33049065896372
PAX6	-2.467246191	0.000470262	1.56887e-05	-7.13468501	20.88438077	4.80441304151294	3.32766011344417
GPC4	0.724445388	0.000474327	1.58914e-05	7.042413489	23.9788325	4.79883784064715	3.32392215340575
ELOVL5	-1.050821062	0.000491226	1.65533e-05	-7.012478677	19.84637245	4.7811154140378	3.30871865457516
TNC	-0.76235415	0.000491226	1.66338e-05	-7.008925332	24.61358275	4.77900852465247	3.30871865457516
MYD88	0.778469453	0.000491226	1.67006e-05	7.005989283	20.76832991	4.77726792573815	3.30871865457516
FCHSD2	-1.082163575	0.000491226	1.68413e-05	-6.999851149	18.06185535	4.77362438783426	3.30871865457516
PFKM	-0.42648632	0.000491226	1.69522e-05	-6.995050013	25.50791002	4.7707739325134	3.30871865457516
HSPA4	0.252093268	0.000491226	1.69671e-05	6.994405347	28.2839622	4.77039238052403	3.30871865457516
RELA	0.500016341	0.000491226	1.69986e-05	6.993047503	24.30478977	4.76958684552242	3.30871865457516
MRC1	-0.934233476	0.000491226	1.71033e-05	-6.988558397	20.35034393	4.76692008647805	3.30871865457516
KEAP1	-0.83289208	0.000491226	1.71411e-05	-6.986947559	21.05062733	4.76596131143259	3.30871865457516
RPL32	-0.533537091	0.000491226	1.7152e-05	-6.986483991	26.03218731	4.76568523198732	3.30871865457516
GPNMB	-0.924413643	0.000495401	1.73677e-05	-6.977351594	20.77228517	4.76025769125043	3.30504312109688
DIP2A	0.40774676	0.000496762	1.74857e-05	6.972410104	23.76876724	4.75731697702061	3.3038516330841
ARFIP1	-0.500404941	0.000502117	1.77452e-05	-6.961666058	24.18096731	4.75091910150619	3.29919507462006
DCC	-0.63763719	0.0005036	1.78687e-05	-6.956606666	21.85853842	4.74790704253428	3.29791427856417
CLTA	0.31904778	0.000514397	1.83676e-05	6.936560614	26.87391089	4.73594758701755	3.28870157291285
P4HA1	-0.64584207	0.000514397	1.83973e-05	-6.935384111	22.96111686	4.73524590966124	3.28870157291285
PTRHD1	0.533751522	0.000520844	1.87015e-05	6.923462656	24.74154025	4.72812355840484	3.28329233444364
PLS3	0.305256123	0.000520993	1.87805e-05	6.92040101	26.83237688	4.72629284953794	3.2831681117903
EIF4E	-0.489988066	0.000525047	1.90009e-05	-6.911931451	24.29401182	4.7212258276905	3.27980181863779
NIT2	0.339635181	0.00052594	1.91075e-05	6.907870293	25.10850757	4.71879613174299	3.27906379796642
SEC31A	-0.367773305	0.000532796	1.94319e-05	-6.895663986	26.04195501	4.71148473315352	3.27343904431908
SUPT5H	-0.352970914	0.000537246	1.96702e-05	-6.886836406	26.05996066	4.7061912242975	3.26982680931143
MYH9	0.307419538	0.000538706	1.9863e-05	6.87977639	31.05695734	4.70195515739902	3.26864818734177
TSPAN9	-0.899562407	0.000538706	1.99433e-05	-6.876855905	18.90881775	4.70020297775902	3.26864818734177
ADAM10	-0.414727392	0.000538706	1.99521e-05	-6.876538748	26.04107544	4.70001138717451	3.26864818734177
HIP1	-1.078188554	0.000556652	2.06954e-05	-6.850110045	20.83889311	4.68412617515286	3.25441622621216
INCENP	0.534781934	0.000567348	2.11733e-05	6.83365034	23.39754214	4.67421144901414	3.24615047176181
ATP1B3	0.331322606	0.000572668	2.14528e-05	6.824206339	25.07706567	4.66851601605787	3.24209708406268
HNRNPD	-0.380338274	0.000587216	2.20808e-05	-6.803456397	28.31878808	4.65598519592058	3.2312021196161
SPRED1	1.729267189	0.000587328	2.2168e-05	6.800623726	17.61917508	4.65427348722582	3.23111929431177
RBP1	-0.916654867	0.000616366	2.33512e-05	-6.806733439	25.29874878	4.63169079646887	3.21016132585829
FN1	0.840242092	0.000618292	2.35115e-05	6.771234087	24.68437803	4.62871966262572	3.20880637274475
ACSS1	0.618035238	0.000643756	2.45854e-05	6.726536237	22.64875692	4.60932272142387	3.19127871017639
DENND4C	0.518442371	0.000643756	2.46618e-05	6.724323175	22.22266245	4.60797522857003	3.19127871017639
FUCA2	-0.684748052	0.000663488	2.55151e-05	-6.700091727	23.36054493	4.59320272522071	3.17816692748065
ELMOD2	-0.51858506	0.000663488	2.56853e-05	-6.695361657	22.43069653	4.59031535742325	3.17816692748065
CERS2	-0.366725295	0.000663488	2.56991e-05	-6.694979475	24.43386021	4.59008208569119	3.17816692748065
LTBP3	1.441754171	0.000687743	2.67462e-05	6.666612375	20.7271537	4.57273791219458	3.16257382126084
ASMTL	-0.499661951	0.000687743	2.69111e-05	-6.66225455	24.9828618	4.57006854994467	3.16257382126084
MAZ	-1.095392414	0.000687743	2.69303e-05	-6.661748106	19.49108538	4.56975880857813	3.16257382126084
FAT2	-0.441939733	0.000690537	2.71373e-05	-6.656319756	25.30204594	4.56643336424564	3.16081304631732
S100A3	1.759035688	0.00069331	2.73443e-05	6.692798402	21.61402868	4.56313318986215	3.15907253568252
MCM2	-0.562072737	0.000694447	2.74873e-05	-6.647241813	25.40305293	4.56086791758431	3.1583608938945
ANKRD50	-0.824867912	0.00070658	2.80674e-05	-6.632463	20.52187274	4.55179781600649	3.15083865958808
MBOAT7	-0.443346709	0.000725312	2.90518e-05	-6.60811449	24.45907624	4.53682695429432	3.13947513724848
MCM5	-0.3909106	0.000725312	2.90612e-05	-6.607887539	25.87329039	4.53668645670633	3.13947513724848
DCBLD2	0.480262744	0.000725312	2.91839e-05	6.604915432	24.0923941	4.53485667147951	3.13947513724848
MSN	-0.373156909	0.000725312	2.92216e-05	-6.604003447	28.91225354	4.534296008383	3.13947513724848
G3BP1	0.318394057	0.000726425	2.95039e-05	6.597225619	27.00013449	4.53012057261405	3.13880921793519
SORBS3	0.664581432	0.000726425	2.95209e-05	6.596820936	23.65694536	4.52987040636541	3.13880921793519
GTF3C4	-0.385855507	0.000726425	2.95746e-05	-6.595540454	23.77618081	4.52908112054509	3.13880921793519
ARF5	-0.772675698	0.000733017	2.99465e-05	-6.586735597	22.8893686	4.52365392851708	3.13488595316163
MYL6	0.367695023	0.00073346	3.00831e-05	6.583533439	28.20214962	4.52167741264409	3.13462356587382
NECTIN1	0.919580675	0.00073346	3.02299e-05	6.58010546	17.45275148	4.51956328945864	3.13462356587382
SORT1	-0.985393993	0.00073346	3.03332e-05	-6.577705616	21.74096028	4.5180817713895	3.13462356587382
PITRM1	-0.489880259	0.00073346	3.03794e-05	-6.576635721	23.9497821	4.51742080780247	3.13462356587382
CAV1	0.677653979	0.000759926	3.1683e-05	6.547119178	22.89435934	4.4991737026583	3.11922869634601
IPO5	-0.365846112	0.000759926	3.16904e-05	-6.54695553	26.58221065	4.49907227905847	3.11922869634601
DSG2	0.571692075	0.000760715	3.18309e-05	6.543853626	23.98112461	4.49715108178403	3.11877802011543
GALM	-0.751593574	0.000763475	3.20543e-05	-6.538949444	21.74123894	4.49411370277516	3.11720517935387
APRT	0.318905102	0.00077243	3.25395e-05	6.528424378	25.66988803	4.48758912469078	3.11214086723153
PGM1	-0.368996538	0.000775359	3.27725e-05	-6.523428745	25.73479418	4.48449042786414	3.11049716766274
ECH1	-0.356312988	0.000784481	3.32689e-05	-6.512909997	25.51940196	4.47796155836856	3.10541757049015
FKBP5	0.432929965	0.000784588	3.37162e-05	6.503573591	23.61490983	4.47216137865073	3.10535833853842
SLC25A1	0.389236387	0.000784588	3.37366e-05	6.503152371	24.24628983	4.47189868806706	3.10535833853842
PSAP	0.509090343	0.000784588	3.37757e-05	6.502343209	27.90165316	4.4713956414773	3.10535833853842
GSTP1	-0.250083317	0.000784588	3.37761e-05	-6.502335374	28.81556292	4.47139049823041	3.10535833853842
UNC119B	-1.016973228	0.000784588	3.3828e-05	-6.501261572	21.72441642	4.47072367808077	3.10535833853842
AHNAK	0.397627918	0.000793721	3.4334e-05	6.490895652	31.24622754	4.4642755971938	3.10033212912681
CKMT1A	0.521919209	0.000798064	3.46347e-05	6.484812539	24.33817488	4.46048856979728	3.09796227941077
ABHD14B	0.461198437	0.000800791	3.49665e-05	6.47816438	24.78445178	4.45634783657147	3.09648081648815
SLC25A4	-0.558856118	0.000800791	3.49794e-05	-6.477906119	24.17110379	4.45618764422624	3.09648081648815
ILKAP	-0.636551144	0.00082739	3.63126e-05	-6.451865037	23.26331451	4.43994265427555	3.08228973237822
NOS1	-0.503664157	0.00082739	3.63752e-05	-6.450667896	23.92428579	4.43919461013916	3.08228973237822
CTNNA1	-0.333141774	0.000843617	3.72079e-05	-6.43494351	28.30112449	4.42936484070538	3.0738546772353
TK1	-0.394517151	0.000853062	3.77451e-05	-6.42499727	24.63499727	4.42313941969267	3.06901940344049
ATXN10	-0.730465455	0.000882603	3.91769e-05	-6.399204054	24.5715011	4.4069699319492	3.05423460070343
ZNF622	0.456838249	0.000884761	3.94919e-05	6.393663235	24.45591975	4.40349197136182	3.05317402918821
RNASEH2A	-0.413593928	0.000884761	3.95228e-05	-6.393122646	23.83391218	4.40315229532243	3.05317402918821
ALMS1	0.569444508	0.00089728	4.02574e-05	6.380394282	23.61509616	4.39515427718992	3.04707201238547
PAK4	-0.519456334	0.00089728	4.04741e-05	-6.376687825	23.59571517	4.39282279963152	3.04707201238547
HEBP1	0.393676949	0.00089728	4.05445e-05	6.375487786	24.07969434	4.3920680509881	3.04707201238547
ITGB3	-0.601865039	0.00089728	4.05894e-05	-6.374723334	24.88182596	4.39158736845643	3.04707201238547
TUBB6	0.412090249	0.000913895	4.14702e-05	6.359912591	26.5169957	4.38226387014148	3.03910369873018
SLC16A1	-0.609223381	0.000913937	4.16013e-05	-6.357737157	24.15979428	4.38089309788275	3.03908374025671
GFM1	0.278008455	0.000936935	4.28118e-05	6.337985794	26.05643229	4.36843651209483	3.02829053730913
DDX18	0.50566306	0.000936935	4.29131e-05	6.336360209	24.76392581	4.36741011132926	3.02829053730913
DIAPH1	0.370174938	0.00094436	4.33866e-05	6.3288129	24.87435355	4.36264438211541	3.02486241649714
CSE1L	-0.264593826	0.000950118	4.37855e-05	-6.322524123	29.39764449	4.35866968658663	3.0222224541149
RBKS	0.74382307	0.000954786	4.41356e-05	6.317054446	21.74979822	4.35521096503409	3.02009395766625
SLC44A2	-0.7658858	0.000957432	4.43977e-05	-6.312989806	22.28752611	4.35263952770477	3.01889206130031
LAD1	0.405104562	0.000957432	4.45286e-05	6.310969053	25.81005113	4.35136095907566	3.01889206130031
LNPEP	0.29218943	0.000961468	4.48522e-05	6.306000083	25.50489388	4.34821624995707	3.01706516556454
GUCY1B1	-2.527921678	0.0009697	4.53733e-05	-6.335293551	19.38046809	4.34319963334867	3.01336260438985
PCYOX1L	-0.79412163	0.000970087	4.56222e-05	-6.294330221	20.74741746	4.3408237759462	3.01318931529499
POC1A	0.723965678	0.000970087	4.56657e-05	6.293677904	22.8737317	4.34040988075543	3.01318931529499
CYB5R3	0.332075772	0.000973108	4.60758e-05	6.287554062	26.06953763	4.33652711552138	3.01183895705832
NSDHL	-0.392814851	0.000973108	4.6083e-05	-6.287445962	24.43090612	4.33645925612486	3.01183895705832
EHD4	0.342954957	0.000982905	4.67985e-05	6.276901492	25.77973589	4.32976806684389	3.00748845568725
NT5C2	0.350936934	0.000982905	4.68642e-05	6.275941103	24.41706213	4.3291587922417	3.00748845568725
KIAA1217	-0.55370227	0.000982905	4.69638e-05	-6.27448962	24.46331597	4.32823677010237	3.00748845568725
CHMP5	0.478411697	0.000996675	4.77626e-05	6.262959539	24.13128381	4.32091204002528	3.00144643518565
MRPL42	0.890927791	0.001014743	4.88455e-05	6.282588559	24.45930256	4.31117544044447	2.99364393589327
ZC3H7B	-0.971613828	0.001014743	4.89855e-05	-6.245700894	21.31339371	4.30993245470435	2.99364393589327
ABHD11	-0.731369481	0.001014743	4.90588e-05	-6.244680854	21.55551513	4.3092830790353	2.99364393589327
PGD	-0.431765537	0.001034288	5.015e-05	-6.229687454	28.82251886	4.29972906264356	2.98535851405136
TUBB3	0.701625372	0.00104212	5.07824e-05	6.221154771	23.576608	4.29428677801672	2.98208226919659
YWHAG	-0.564196484	0.00104212	5.08243e-05	-6.220593384	26.3165286	4.29392859416028	2.98208226919659
RBM12	-0.271003013	0.001049896	5.1352e-05	-6.213566894	24.9370285	4.28944263732378	2.97885371889491
FPGS	-0.995436014	0.001060843	5.20374e-05	-6.204553682	20.91198324	4.2836844106858	2.97434888497603
SHTN1	0.365884314	0.001073448	5.28074e-05	6.194576337	24.43210575	4.27730521470143	2.96921898882442
PGLS	-0.313269448	0.001074614	5.30167e-05	-6.191891245	24.26773482	4.27558730822105	2.96874750577073
RUSC1	1.540802949	0.001080893	5.34793e-05	6.185996476	18.18783105	4.27181428593	2.96621729569475
MCAT	-0.812380672	0.001097941	5.4478e-05	-6.173453139	21.15891224	4.26377884465084	2.95942099691952
MOGS	-0.276078422	0.001113578	5.54421e-05	-6.161573259	25.6607642	4.25616032815925	2.95327935763023
TFRC	-0.231370046	0.001113578	5.55687e-05	-6.160029512	27.66599793	4.25516976318278	2.95327935763023
PSME2	-0.354827834	0.001122842	5.61897e-05	-6.152511408	26.38297067	4.25034328662182	2.94968135091194
NACAD	1.035106835	0.001138627	5.71406e-05	6.141169355	21.41535549	4.24305520365714	2.94361852207727
RCN2	-0.432843161	0.001149226	5.79265e-05	-6.131945561	24.81065009	4.23712271138713	2.93959455712423
ACTR3	0.275828975	0.001149226	5.81291e-05	6.129588943	27.23997402	4.23560640107698	2.93959455712423
DYNC1H1	0.278159189	0.001149226	5.81599e-05	6.129231831	29.92601434	4.23537634887332	2.93959455712423
TMCC3	-0.680751204	0.001164858	5.91156e-05	-6.118238586	24.47915131	4.22829789813882	2.93372701332908
MCM6	0.328303434	0.001165208	5.92981e-05	6.116161031	27.50673949	4.22695922185893	2.93359654228679
TRIP6	-0.891546231	0.001167168	5.95629e-05	-6.113159196	20.95916583	4.22502416546424	2.93286662791201
KLC3	-0.482127449	0.001169143	5.98289e-05	-6.110156452	27.72327215	4.22308898192014	2.93213236624387
PLS1	0.43584778	0.001172357	6.01591e-05	6.106450097	25.56535855	4.22069866955666	2.9309401191019
CORO1C	0.626725969	0.001188214	6.11408e-05	6.095555955	24.42085514	4.21366888302386	2.9251053349025
EFNB2	-1.477291394	0.001194364	6.16261e-05	-6.090239431	19.93131392	4.21023531567144	2.92286329540106
SUMO1	0.427476878	0.001200556	6.21153e-05	6.084924409	24.8830718	4.20680141291268	2.92061757744472
EMC10	-0.722225593	0.001216945	6.31353e-05	-6.073984377	22.3570209	4.19972775155434	2.91472904932644
PHF10	0.941866986	0.001218811	6.34044e-05	6.071129311	19.82244911	4.19788060285305	2.91406363484176
NAMPT	-0.400880471	0.001221792	6.37322e-05	-6.06766877	25.73185723	4.19564108965807	2.91300272285046
MAP1B	0.547656647	0.001223203	6.41135e-05	6.063666788	24.07483132	4.19305051403506	2.91250146245361
RAB18	-0.375209827	0.001223203	6.41516e-05	-6.063268482	26.27227257	4.19279250744953	2.91250146245361
RANBP10	-0.874445427	0.001224653	6.44008e-05	-6.06066915	21.11573413	4.19110873771119	2.91198694928583
PTBP3	0.508607026	0.001229376	6.4994e-05	6.054522986	22.50571407	4.18712673392891	2.91031526947228
CTBP1	-0.669416534	0.001229376	6.49967e-05	-6.054494767	24.00142204	4.18710869271364	2.91031526947228
CLCN5	-0.760249865	0.001252093	6.64017e-05	-6.04017208	19.594021	4.17782080178909	2.90236341243006
SMYD3	0.830641303	0.001252093	6.65517e-05	6.038662223	20.65775455	4.17684084640734	2.90236341243006
RABL2B	-0.900378104	0.001256395	6.6958e-05	-6.034590368	17.81502257	4.17419752696724	2.90087380060586
CAPS	-0.560026619	0.001260661	6.73636e-05	-6.030551997	24.09734042	4.17157471161593	2.89940168235839
CDK4	-0.494218628	0.001261443	6.75837e-05	-6.028370902	23.73599409	4.17015803562126	2.89913236888382
TMSB15B	-0.878269466	0.001271612	6.83082e-05	-6.021244458	22.06539451	4.16552715867584	2.89564538237004
NSD2	-2.072013084	0.001346432	7.27974e-05	-5.987102959	17.9220317	4.13788413148115	2.87081557524207
COPS4	-0.304840988	0.001346432	7.26888e-05	-5.979798612	24.99990813	4.13853250073535	2.87081557524207
DCP1A	-0.384056447	0.001346432	7.28984e-05	-5.977881914	22.91063369	4.13728200362711	2.87081557524207
WDR82	-0.429608282	0.001353553	7.34753e-05	-5.972638068	23.62967077	4.13385863202529	2.86852473423637
SAMD4B	-0.675335249	0.001367241	7.44116e-05	-5.964219689	23.13593615	4.12835935715173	2.86415492673058
GARS1	0.341606563	0.001371108	7.48159e-05	5.96061965	26.20125064	4.12600609533809	2.8629283351764
ARHGEF9	-1.261051789	0.001379141	7.54492e-05	-5.955021272	17.25423528	4.12234536075821	2.86039133034949
PGAM1	0.32691897	0.001383634	7.60352e-05	5.949884998	27.98323269	4.11898530736829	2.85897877462027
ZNF593OS	0.824944968	0.001383634	7.64061e-05	5.946656087	21.3376437	4.11687196746377	2.85897877462027
CCNA2	-0.835940118	0.001383634	7.6475e-05	-5.946057581	19.76154251	4.11648051434328	2.85897877462027
GPX1	0.481060766	0.001383634	7.64774e-05	5.946037575	26.01137435	4.11646688517818	2.85897877462027
DPCD	-0.451310492	0.001384706	7.71285e-05	-5.940414377	23.14652575	4.1127851147422	2.85864242597243
S100A8	1.054276678	0.001384706	7.74281e-05	5.937843521	20.52863914	4.11110139771232	2.85864242597243
USO1	-0.300632025	0.001384706	7.74677e-05	-5.937504516	26.25439097	4.11087933795526	2.85864242597243
PHYHIP	-1.190196079	0.001384706	7.7486e-05	-5.937348405	16.78809748	4.11077675777737	2.85864242597243
PLSCR3	1.1943583	0.001384706	7.75153e-05	5.937097261	18.58149009	4.11061256781933	2.85864242597243
TUBAL3	1.646920149	0.001399962	7.85673e-05	5.928165465	17.77931042	4.10475817132054	2.85388375247482
UGT8	-0.604209567	0.001419422	7.986e-05	-5.917360942	20.15191722	4.09767069414168	2.84788846780901
PRKCI	-0.628252233	0.001423965	8.04952e-05	-5.912120483	24.8737882	4.09423001622425	2.84650068520315
ZNF180	1.032841885	0.001423965	8.05182e-05	5.911930997	21.13002809	4.09410594241236	2.84650068520315
RTN1	1.208047899	0.001431739	8.11602e-05	5.906680107	17.34772482	4.09065689142197	2.84413614487093
VTA1	0.4126497	0.001432777	8.14216e-05	5.90455474	25.07653902	4.08926036763651	2.84382139872048
MYOF	-0.441693459	0.001441253	8.22039e-05	-5.898236873	25.8354987	4.0851075777361	2.84125977570273
UBE2O	-0.473561707	0.001441253	8.24312e-05	-5.896413041	25.08456414	4.08390837782723	2.84125977570273
CDV3	0.34412383	0.001441253	8.25302e-05	5.895620238	26.35333677	4.08338710243953	2.84125977570273
MACROD1	-1.032133898	0.001441253	8.27182e-05	-5.894117429	20.66656948	4.08239892466808	2.84125977570273
TSPAN6	-0.832171645	0.001459338	8.40728e-05	-5.883397649	20.88591225	4.07534448839467	2.83584410869994
CSRP2	-0.836097014	0.001459338	8.4311e-05	-5.889996563	23.57973247	4.07411575956689	2.83584410869994
PLD1	-0.677271493	0.001459338	8.43751e-05	-5.88103066	20.17452609	4.07378569944184	2.83584410869994
NDUFA12	0.479386052	0.001503494	8.72392e-05	5.859037986	22.36260872	4.0592883256378	2.82289830070087
SRSF3	0.361894086	0.001503494	8.75009e-05	5.857067012	26.38363371	4.0579874799717	2.82289830070087
TBC1D5	0.524336219	0.001503494	8.76958e-05	5.855602737	23.53506076	4.05702120572749	2.82289830070087
WDR5	-0.457922549	0.001503494	8.77782e-05	-5.85498478	22.99588776	4.05661332914248	2.82289830070087
MSI1	-0.762755528	0.001508671	8.82937e-05	-5.85113291	22.1604685	4.05407028343088	2.82140545768156
ESPL1	-0.611937641	0.001511283	8.86602e-05	-5.848408985	22.98136542	4.05227129335252	2.82065420288126
ETFRF1	-0.793835434	0.001517319	8.92288e-05	-5.844206153	17.61695564	4.04949494761562	2.8189231038702
ANKRD17	-0.391116803	0.001518193	8.94948e-05	-5.842250072	24.15383073	4.04820219816916	2.81867301532654
ARHGEF17	-0.433054657	0.001525655	9.01504e-05	-5.837454835	23.1494326	4.0450323419598	2.8165436633247
UQCRQ	0.398128097	0.001529343	9.05845e-05	5.834299996	23.86126829	4.04294610850816	2.81549510039449
NDUFA13	0.56198766	0.001543131	9.16193e-05	5.82684365	23.38011762	4.03801303069242	2.81159720409746
TUSC3	-0.910575979	0.001556514	9.26339e-05	-5.819618974	21.10658922	4.03323005123714	2.80784696872037
SASH3	-1.269975072	0.001612272	9.61802e-05	-5.795010093	20.1933782	4.01691432417627	2.79256168825422
DBNL	0.396355096	0.001627708	9.73311e-05	5.787229992	24.08734721	4.0117483683617	2.78842350200384
TRIM56	-0.891850306	0.001630938	9.77548e-05	-5.784390252	21.28807972	4.00986190848624	2.78756254832188
PCYOX1	-0.304380978	0.00163995	9.86531e-05	-5.778412642	24.61478399	4.0058892632578	2.78516939283957
CAP1	0.287649908	0.00163995	9.87587e-05	5.777714024	28.11550844	4.00542463549327	2.78516939283957
SHROOM3	-0.729847117	0.001641566	9.9105e-05	-5.775427252	22.1410665	4.003904434136	2.78474165155201
DNMT1	-0.431502134	0.001641566	9.93201e-05	-5.774011465	25.48835847	4.00296285184979	2.78474165155201
FNDC10	1.992812278	0.001645376	0.000100016	5.772832585	17.54677328	3.99993051844127	2.78373484174696
SEC16A	-0.44266035	0.001645376	9.99574e-05	-5.769835295	25.02654259	4.0001850488675	2.78373484174696
SCO1	0.31241853	0.001647323	0.000100367	5.767165891	24.43376037	3.99840905684968	2.78322123788897
GDA	0.389102832	0.001656203	0.000101142	5.762146191	26.25937551	3.99506846280179	2.78088643302419
GIGYF2	-0.359946644	0.00168786	0.000103314	-5.748295618	23.37970299	3.98584082358424	2.77266357888867
SEC61B	0.326316411	0.00170474	0.000104588	5.740312396	25.38815904	3.98051814178563	2.76834184844606
PTGR1	-0.362141303	0.001711955	0.000105273	-5.736065213	25.40457169	3.97768300065303	2.76650765525965
ZNF330	-1.009463177	0.001719925	0.000106006	-5.731549171	19.70802069	3.97466955272442	2.76449049076472
RAB7A	0.253864738	0.0017305	0.000106903	5.726072747	28.18250802	3.9710101070909	2.76182839636985
ABLIM1	0.623212158	0.001738897	0.000107667	5.721440205	22.36745847	3.96791738782568	2.75972614177901
NENF	0.506213612	0.001747553	0.00010871	5.715179393	23.36502389	3.96373050425718	2.75756964404666
CGREF1	0.710354879	0.001747553	0.000108835	5.714430633	19.77177268	3.96323141840173	2.75756964404666
ACSL1	-0.299400601	0.001747553	0.000108944	-5.713779427	24.40489537	3.96279668316573	2.75756964404666
ARHGDIA	0.224561148	0.001778607	0.000111132	5.700876591	27.86571603	3.95416086975062	2.74992000277972
PYGB	0.285977006	0.001824522	0.000114258	5.682891845	26.3576255	3.94211338220585	2.73885089556543
ENDOG	-0.867251858	0.001851367	0.000116201	-5.67197732	18.48585471	3.93479013448774	2.7325074816922
TACSTD2	0.550883147	0.001876701	0.000118587	5.658836068	25.50881279	3.9259629175292	2.72660491458902
EFCAB2	-0.974330072	0.001876701	0.000118633	-5.658587439	19.19479424	3.92579448698862	2.72660491458902
FAS	0.866203758	0.001876701	0.000118829	5.657517075	21.94957476	3.92507755764596	2.72660491458902
NARS1	0.326844011	0.001876701	0.000118852	5.657391398	26.47795534	3.92499350571825	2.72660491458902
CALR	-0.26839665	0.001890122	0.00011997	-5.651347929	29.14305629	3.92092734114682	2.72351016290781
TXNDC5	-0.417205899	0.001914927	0.000121815	-5.641496061	25.61542168	3.91429923045415	2.71784777736192
BID	0.598521131	0.001922688	0.000123124	5.637807324	25.39995834	3.90965728377348	2.71609118423356
NADK2	-0.733308171	0.001922688	0.000123039	-5.635044246	20.28126704	3.90995720725856	2.71609118423356
ANKRD28	-0.627900951	0.001922688	0.000123094	-5.634759636	23.1129711	3.90976311547159	2.71609118423356
SH3BGRL	0.370274908	0.001927798	0.000123724	5.63146883	24.57322997	3.90754604769047	2.71493847462476
PTGR2	0.40339072	0.001944791	0.000125115	5.624263596	23.76299191	3.90269061974937	2.7111270639649
UGDH	-0.221300309	0.001944791	0.000125364	-5.62298138	27.16125409	3.90182715924676	2.7111270639649
HGD	-2.482404593	0.00196086	0.000126954	-5.643763104	18.77688803	3.89635361105209	2.70755341265447
ATP6V0C	0.682146264	0.00196086	0.000126823	5.615529881	22.53585317	3.89680197778495	2.70755341265447
NUDT16L1	-0.684309318	0.001962312	0.000127326	-5.612985439	21.76879449	3.8950829042523	2.70723194032722
AFAP1L2	-0.696503263	0.001963006	0.000127648	-5.611357425	23.27303447	3.89398598537025	2.70707837296092
S100A2	0.378522716	0.001966848	0.000128176	5.608702523	27.76903624	3.89219328560757	2.70622920150006
IDH2	-0.475035928	0.001967483	0.000128496	-5.607100868	25.50893681	3.89111039143748	2.70608901146602
UBE2V2	0.492289162	0.002039525	0.000133489	5.58260733	22.743845	3.87455452033781	2.69047096683843
KIF3B	0.336770187	0.002061329	0.000135419	5.573399999	23.63033023	3.86832039756921	2.68585268678388
ACAA2	0.341376214	0.002061329	0.000135499	5.57302085	25.01894196	3.86806390992673	2.68585268678388
NF2	0.340911483	0.002133388	0.000140537	5.549636092	24.19664459	3.85220932145023	2.67093015208226
PRKAR2B	-2.451188428	0.002134344	0.000141277	-5.610808057	19.95755823	3.84992853585936	2.67073558244591
RANGAP1	0.268098643	0.002134344	0.000141046	5.547322244	26.24885758	3.8506392257267	2.67073558244591
EMX2	-1.014459859	0.002134344	0.000141505	-5.545244316	18.65817015	3.84922821431605	2.67073558244591
EPHB4	-0.876562369	0.002134613	0.000141825	-5.543801548	21.08208964	3.84824720776326	2.67068085000621
BPNT1	0.351710891	0.002146852	0.000142941	5.538787277	25.50794597	3.84484318394632	2.6681978939889
PAPSS1	-0.409918576	0.002147642	0.000143298	-5.537196692	24.94285527	3.84375987097757	2.66803811141867
PALMD	-2.541738044	0.002162524	0.000144902	-5.558014052	16.66989113	3.83892562016741	2.66503906397426
RBM5	-0.513026272	0.002162524	0.000144853	-5.530299108	22.7895712	3.83907250584542	2.66503906397426
CLDN1	1.011010722	0.002171667	0.000145822	5.526042623	22.19636169	3.83617694955831	2.66320676801036
CRABP1	-0.430774879	0.002177561	0.000146641	-5.522463525	26.5410255	3.83374458641872	2.66202967026182
MCAM	0.554256626	0.002177561	0.0001469	5.521340344	23.30094668	3.83297820420974	2.66202967026182
ITGAV	-0.299190546	0.002177561	0.000147141	-5.5202938	26.78676176	3.83226629673034	2.66202967026182
OPLAH	1.5883585	0.002202273	0.000149122	5.511762135	16.49374186	3.82645828026411	2.65712884565283
TES	-0.324563165	0.002215352	0.000150321	-5.506657401	24.94267467	3.82298034378408	2.65455725837454
FADS3	1.167507277	0.002230252	0.000151881	5.500075918	17.86227563	3.81849655208365	2.65164606250064
ABAT	-0.963847569	0.002230252	0.000151967	-5.499716755	17.833458	3.81825070990966	2.65164606250064
FECH	1.554722765	0.002230252	0.000152278	5.498416936	19.37017735	3.81736283578903	2.65164606250064
MAD2L1	-0.41694857	0.002246214	0.000153685	-5.49255894	24.0740266	3.81336851854534	2.64854887025098
DHRS13	-1.145353902	0.002253982	0.000154535	-5.489048119	19.87961474	3.81097314351805	2.64704955649394
ATAT1	-0.900746558	0.002265174	0.000155623	-5.484586322	19.23642448	3.8079262168906	2.64489843191278
ETHE1	-0.76879468	0.002284599	0.00015728	-5.477849177	23.15537108	3.80332649951194	2.64119001763799
FLOT1	-0.599105663	0.002308675	0.000159264	-5.469883278	21.57787484	3.79788238093607	2.63663719988531
MBTD1	-1.054600923	0.002317192	0.000160179	-5.466244378	17.50151757	3.79539442197174	2.63503797955234
DBN1	0.335098095	0.002320442	0.000160732	5.464057041	25.2395733	3.7938976513019	2.63442928240321
BCAM	-0.425761394	0.002322991	0.000161237	-5.462065543	25.94389301	3.79253529099261	2.63395247279034
CENPE	-0.73435563	0.002328637	0.000161958	-5.45923338	18.24858722	3.7905975949212	2.63289820626302
DHCR7	-0.638428132	0.002350106	0.000164072	-5.458992004	25.1273313	3.78496552792344	2.62891254871683
GYG1	0.412152923	0.002350106	0.000164115	5.450837273	24.00931214	3.78485172291087	2.62891254871683
CMAS	0.612546642	0.002350858	0.0001645	5.449352016	24.46112408	3.78383409771401	2.62877360298009
NUMA1	-0.276436199	0.002371438	0.000166276	-5.442547497	28.01878816	3.7791704315968	2.62498822526463
POMGNT1	-0.81675555	0.002387463	0.000167737	-5.437004557	16.65927996	3.77537112866741	2.62206335022394
CETN2	-0.552004915	0.002392263	0.000168412	-5.434459307	24.1826747	3.7736269665887	2.62119107670286
CLIC1	0.315470719	0.002398176	0.000169167	5.431626006	27.35490209	3.77168435238258	2.62011894758247
FHL2	0.493972749	0.002405612	0.000170032	5.42839914	26.30301212	3.7694693367653	2.61877441849551
EEA1	0.389362262	0.002406719	0.000170592	5.426316905	24.96381148	3.76804133915513	2.61857461345302
ARHGAP29	-0.265743311	0.002406719	0.000170791	-5.425581588	27.02678742	3.76753501861962	2.61857461345302
MDH2	-0.261755891	0.002408125	0.000171231	-5.42395307	28.96828913	3.76641760700601	2.61832097364292
KAT8	-0.663194448	0.002435677	0.000173866	-5.414294696	20.12275203	3.75978533723857	2.61338030488089
SNTB1	-0.954520154	0.002435677	0.000173879	-5.41424923	21.98142994	3.75975286615621	2.61338030488089
GPS1	-0.282144061	0.002438511	0.000174619	-5.411564776	25.29394216	3.75790850320652	2.61287528098752
GRSF1	-0.316805165	0.002438511	0.00017477	-5.411016162	25.02753597	3.75753311376466	2.61287528098752
RAB11FIP5	1.330017887	0.002447728	0.000175777	5.407387575	17.69291239	3.75503795193892	2.61123684414994
RTCA	0.381970308	0.002453065	0.000176507	5.40476954	23.80484133	3.75323806647395	2.61029094393902
RDX	0.302055861	0.002454879	0.000176984	5.403063221	25.40079161	3.75206599367094	2.60996990921407
PARD6B	-0.441526421	0.002470962	0.000178583	-5.397387546	23.77789756	3.74815988563554	2.6071339333989
GLUL	0.454136924	0.002470962	0.000178843	5.39647006	23.78630058	3.74752805367474	2.6071339333989
PBX1	-1.153019596	0.002478199	0.000179717	-5.393393283	21.32213562	3.74541083965791	2.60586382260408
SEPTIN6	-1.400458907	0.00251109	0.000182632	-5.383246032	19.7959691	3.73842312490782	2.60013772145557
HARS1	0.262914576	0.00251109	0.000182891	5.382351274	26.26486295	3.73780766547223	2.60013772145557
SLC2A1	-0.438071361	0.00251109	0.000183167	-5.381401868	25.43910056	3.73715276761605	2.60013772145557
PSME4	-0.398444849	0.002542285	0.000185802	-5.372403729	26.10109476	3.73094961550767	2.59477576495852
ANKHD1	-0.50236169	0.002566564	0.000187939	-5.365203196	22.34955249	3.72598308830134	2.5906479016739
PC	-0.603874395	0.002575983	0.000188993	-5.361684505	23.10960526	3.72355428110544	2.58905700739552
CADM1	0.491442574	0.002582121	0.000189808	5.358976489	23.21894023	3.72168548694226	2.5880234102489
CMPK1	0.382313324	0.002583269	0.000190258	5.357488488	24.92097526	3.72065707288691	2.58783036768157
QTRT2	-0.646615616	0.002662822	0.00019676	-5.336373506	22.44955157	3.70606318611271	2.57465786360292
CDC42EP4	-0.811544431	0.002662822	0.00019687	-5.336023474	22.23806547	3.70582045870751	2.57465786360292
TMEM115	-1.285635857	0.002670609	0.000197823	-5.332991611	19.31488861	3.70372321631626	2.57338969175121
OXNAD1	-0.722276456	0.002684705	0.000199247	-5.328492429	22.39637314	3.70060820891932	2.57110342836694
PTPA	-0.410506584	0.002684722	0.000199627	-5.327294598	24.0120191	3.69978071977212	2.57110067835053
GNL3L	0.355636194	0.002719101	0.000202568	5.318125858	23.20672196	3.69342915977072	2.56557466040514
HTATSF1	-0.450201447	0.002724192	0.000203332	-5.315765752	23.31664583	3.6917942675509	2.5647622867732
TGFB2	-1.387029612	0.002754654	0.000205995	-5.319208731	21.29506282	3.68614332088698	2.55993294321055
GRN	0.320429813	0.002792954	0.000209359	5.297476885	24.15452709	3.67910836476404	2.55393621707761
DHX30	-0.341597014	0.002792954	0.000209649	-5.296611761	25.8872041	3.67850720478685	2.55393621707761
DNAI4	-0.974321909	0.002841472	0.000213693	-5.284667678	18.7763599	3.67020970390596	2.54645661915661
FASTKD5	-0.539803566	0.002860009	0.000215525	-5.279332967	22.05409683	3.66650234623495	2.54363260021215
USP47	-0.413520026	0.002860009	0.000215896	-5.278261307	23.40802946	3.66575540395581	2.54363260021215
ARL3	-0.363464245	0.002863366	0.000216554	-5.276360322	24.23362255	3.66443378994437	2.54312313621829
PBXIP1	0.395659767	0.002877766	0.00021805	5.272062596	24.89053885	3.66144390899055	2.54094452278314
RDH11	-0.585800673	0.002903852	0.000220437	-5.265268698	24.3368786	3.65671550806351	2.5370255220013
WFDC2	-0.843695795	0.002904778	0.000220918	-5.263909291	21.28834688	3.6557688971562	2.53688705331121
CD74	-1.959480003	0.002921123	0.000222574	-5.270608033	18.79060529	3.6525255691838	2.53445015576297
TFPI2	1.340133113	0.002948115	0.000225047	5.252363539	18.11248169	3.64772677207067	2.53045557953371
PKP2	-0.481530476	0.002960386	0.000226447	-5.248499648	23.50538569	3.64503342853402	2.52865165828548
LSS	-0.48269091	0.002960386	0.000226974	-5.247050961	23.55711352	3.64402388863612	2.52865165828548
PTGES2	-0.31134568	0.002960386	0.000227521	-5.245552414	24.23153589	3.6429785121356	2.52865165828548
FUT8	-0.548915134	0.002960386	0.000227658	-5.245178996	21.52681363	3.64271708379282	2.52865165828548
SBDS	-0.588079216	0.002964711	0.000228409	-5.243126421	23.74390438	3.64128678758324	2.5280176352584
PRPF4B	-0.2842932	0.002974516	0.000229585	-5.239929833	24.02335442	3.63905649009826	2.52658369065126
KPNA2	-0.266607119	0.002980487	0.000230467	-5.23754277	26.85562883	3.63739125137592	2.52571276809405
ATP5MK	0.316691906	0.003046966	0.000236039	5.222688073	23.88129808	3.62701623395594	2.51613239188654
ATP6V1H	0.311864974	0.003048175	0.000236832	5.220603246	24.53168536	3.6255596174707	2.51596010316163
HSPA5	-0.218856484	0.003048175	0.000236994	-5.220177684	29.89432348	3.62526264892608	2.51596010316163
DLG3	-0.490185371	0.003063995	0.000238657	-5.215833239	21.87652241	3.62222582290767	2.51371194774511
PLTP	-0.92565915	0.003088402	0.000240995	-5.209780592	17.9782539	3.61799196777756	2.5102661749753
FLNA	-0.250663096	0.003088529	0.000241441	-5.208631585	31.9213698	3.61718897880448	2.51024831646297
API5	-0.26163132	0.003093938	0.000242501	-5.205912438	26.45108698	3.61528646616033	2.50948839345749
HSPA8	-0.225024235	0.003093938	0.000242739	-5.205304958	31.46529914	3.61486044153342	2.50948839345749
LIMS1	-0.345032161	0.003108331	0.000244308	-5.201308387	23.17172973	3.61206231158174	2.507472740251
GRAMD2B	0.989635243	0.003131437	0.000246566	5.195600954	20.823844	3.60806681026426	2.50425632125393
PCMT1	0.293854495	0.003136889	0.000247439	5.193410471	24.35565676	3.60653184815909	2.50350084870435
ARRB2	-0.410061095	0.003158961	0.000249822	-5.187470629	22.05097087	3.60236931913285	2.50045573578822
LRRC20	0.516765839	0.003158961	0.000250118	5.186737969	21.91009417	3.60185505269422	2.50045573578822
SCYL1	0.279104806	0.003158961	0.00025052	5.185742481	24.92112555	3.60115759697073	2.50045573578822
SYNE2	-0.421878261	0.003168681	0.000251739	-5.18273633	24.92026069	3.59904949731326	2.49912148025214
TLR3	-1.035055883	0.003198653	0.000254572	-5.175806848	16.71670375	3.59418936546717	2.49503287100034
NUDT14	0.637440911	0.003210319	0.000255954	5.172455523	20.83650761	3.59183807898987	2.49345181087976
MYLK	-0.363221801	0.003231909	0.000258354	-5.166682272	24.00392287	3.58778481004447	2.49054087603923
LRRC1	0.43166911	0.003231909	0.000258589	5.166119428	22.45622327	3.58738995331838	2.49054087603923
NUDT5	0.335150271	0.0032395	0.000259655	5.163577266	24.58558331	3.5856033100745	2.48952201571865
USP3	-0.619840995	0.00324049	0.000260192	-5.162298828	20.72514698	3.58470606061558	2.48938931442114
SF3B4	0.419332571	0.003247764	0.000261235	5.159825508	23.31063007	3.58296863716511	2.48841553645719
DNAJC10	-0.87908972	0.003257147	0.000263832	-5.17020235	23.36311421	3.57867253031891	2.48716264062205
SF3B2	0.29962339	0.003257147	0.000262687	5.156400339	26.43098869	3.5805614192884	2.48716264062205
SPAG5	-0.498085984	0.003257147	0.000263452	-5.154602814	22.84935577	3.57929850012529	2.48716264062205
NIPSNAP2	-0.519075086	0.003257147	0.000263626	-5.15419665	21.9558819	3.57901175986068	2.48716264062205
SWAP70	-0.291028128	0.003258651	0.000264414	-5.152351773	25.23451071	3.57771555386953	2.48696214978044
ANXA4	0.339276886	0.003260352	0.000265027	5.150921332	24.39662474	3.57670987944549	2.48673550931702
POLR2E	0.364071042	0.003260352	0.000265474	5.149881184	23.12809226	3.57597800644486	2.48673550931702
MACC1	-0.38324769	0.003298278	0.000269028	-5.141670535	23.00162073	3.57020251697654	2.48171274202755
SP3	-0.75885084	0.003355736	0.000274292	-5.12971837	20.69965978	3.56178685884287	2.47421221299622
MRPL46	0.631948717	0.003355736	0.000274664	5.128884136	21.31724359	3.5611982594943	2.47421221299622
HYOU1	-0.199165653	0.003450232	0.000282886	-5.110715747	27.22524152	3.54838854520189	2.46215170117826
CYTH3	-0.621891296	0.003475953	0.000285486	-5.111973976	24.74286591	3.54441518434222	2.4589261044842
TRIM16	0.446119733	0.003490879	0.000287575	5.100601194	23.88174096	3.54124887153662	2.45706520433478
SLC34A2	-0.266433709	0.003490879	0.000287699	-5.10033672	26.74617877	3.54106164765169	2.45706520433478
SOWAHC	0.531372425	0.003531002	0.000291505	5.0922582	22.1924757	3.53535399166385	2.45210203644746
LRRC59	0.311676046	0.003534517	0.000292295	5.090595533	28.49527632	3.534178613623	2.45166992516736
NUTF2	0.35955751	0.003540178	0.000293263	5.08856313	27.0180993	3.53274272702786	2.45097490111706
DCXR	-0.380276665	0.003541467	0.000293871	-5.087292136	23.92194701	3.531843269189	2.45081680067759
CYBC1	0.54688351	0.003547229	0.000295021	5.084892944	22.34037581	3.53014706924381	2.45011077368592
SUB1	0.342026729	0.003547229	0.000295352	5.084204814	26.73748117	3.52966008393597	2.45011077368592
ECPAS	-0.278971402	0.003589289	0.000299361	-5.075927798	24.80098929	3.5238047791033	2.44499157202279
PRPF31	-0.355475797	0.003594072	0.000300268	-5.07407158	24.02337761	3.52249094873318	2.4444132269239
MTA1	-0.303063195	0.003615165	0.000302541	-5.069445007	24.63352671	3.51921576194647	2.44187187625211
STIM1	0.339926142	0.003620538	0.000303503	5.067499261	24.85852737	3.5178370117485	2.44122688994458
PTPRS	-0.777282322	0.003632947	0.000305057	-5.06436844	19.38589424	3.51561900500533	2.4397409378861
TANGO2	0.923279568	0.003639426	0.000306115	5.062245085	16.59237036	3.5141153889338	2.43896710665035
SMARCA2	0.949220521	0.003640698	0.000307263	5.059951152	21.32367366	3.5124897334738	2.43881534478844
SNRPF	-0.775024841	0.003640698	0.000307487	-5.059504964	22.24486048	3.5121732406938	2.43881534478844
TONSL	-1.475176683	0.003640698	0.000307766	-5.058948842	17.86663933	3.51177935990409	2.43881534478844
ATP2B4	-0.286650115	0.003652276	0.000309261	-5.055979953	24.6023566	3.50967484415045	2.43743641056057
LLPH	0.474339528	0.003672912	0.00031172	5.051130236	22.70218656	3.50623533243285	2.43498947687448
CIAO3	-0.809920906	0.003672912	0.000312047	-5.050487808	17.55654419	3.50577998834254	2.43498947687448
QPCT	2.226993057	0.003679182	0.0003131	5.07115492	17.05013319	3.50431693238308	2.4342487281676
PEPD	-0.313985144	0.003686245	0.000314361	-5.045965101	25.28810152	3.50257133838134	2.4334158035141
CAND1	-0.358918461	0.003686245	0.000314964	-5.044792705	27.80326871	3.5017390827019	2.4334158035141
RPL30	-0.438782875	0.003686245	0.000315264	-5.044209103	26.69658157	3.50132561851303	2.4334158035141
ENOPH1	-0.665967059	0.003691793	0.00031626	-5.04227831	22.92601188	3.4999557334014	2.43276265799229
ABRAXAS2	0.518196073	0.003707085	0.000318095	5.038740677	22.09174832	3.49744315732922	2.43096745588904
NOTCH1	-1.22992709	0.003718673	0.000319614	-5.035825193	20.02427772	3.49537420561092	2.42961200947092
CASP3	-0.47864589	0.003739619	0.000321987	-5.03130415	23.09680913	3.49216166228627	2.42717264235202
TMEM258	0.694129698	0.003739619	0.000322472	5.030383193	21.87380257	3.49150798885324	2.42717264235202
SRXN1	-1.596368317	0.003763177	0.000325035	-5.035786007	20.19679267	3.48806987136436	2.42444535427767
PRDX5	0.265234329	0.003771296	0.00032627	5.023228701	26.78375971	3.48642285705316	2.42350937952181
BGN	2.718128001	0.003813393	0.00033099	5.100721409	19.21267632	3.48018512710169	2.41868843497384
STT3A	-0.344584739	0.003813393	0.00033064	-5.015103639	25.37392612	3.48064460772635	2.41868843497384
GNA11	-0.388092123	0.003877122	0.00033707	-5.003352853	23.38434303	3.47227989896001	2.41149053298991
DNAJC16	-0.617694949	0.003882642	0.00033879	-5.000249103	21.31880526	3.47006941713978	2.41087265184185
CAST	0.319977661	0.003882642	0.000339262	4.99939942	26.70665338	3.46946478201277	2.41087265184185
SEC13	-0.320714011	0.003882642	0.000339323	-4.999290603	24.41683118	3.46938670199783	2.41087265184185
HADH	-0.521904851	0.003882642	0.000339745	-4.998532591	25.20532437	3.4688469260256	2.41087265184185
POLDIP3	0.63311328	0.003890799	0.000341076	4.996148947	22.67640462	3.46714883888715	2.40996120441744
CNIH4	0.896939108	0.003890799	0.000341559	4.995287186	21.56802307	3.46653426662008	2.40996120441744
CTHRC1	0.760093721	0.003905958	0.000343442	4.991937329	21.13798247	3.46414659545095	2.40827243090641
SPRYD4	-0.594338602	0.003918343	0.000345085	-4.98903019	21.83354268	3.46207391801599	2.40689754984021
AIFM1	0.375303103	0.003929936	0.000346661	4.986254172	25.65890694	3.46009501452332	2.40561452216227
PIH1D1	0.292078369	0.003950772	0.000349286	4.98166062	24.649696	3.45681882130365	2.40331803283413
PLA2G15	-1.104239859	0.003950772	0.000349616	-4.981086512	18.33788483	3.45640870031479	2.40331803283413
IGHMBP2	0.598561992	0.003956013	0.000350639	4.979308183	21.11371896	3.45513978093241	2.40274228992142
ALDH2	-0.619439827	0.003970346	0.000352471	-4.976137786	22.20375825	3.45287660933379	2.40117164453588
CERT1	-0.602023128	0.003981065	0.000354368	-4.97287101	23.02644572	3.45054550250418	2.40000073150636
EEF1G	-0.200766853	0.003981065	0.000354548	-4.972563197	29.00005866	3.45032496013125	2.40000073150636
FNDC3B	-0.499174029	0.004011298	0.000357807	-4.966998054	23.02771736	3.44635116731354	2.39671507301008
DIPK1A	-0.929187125	0.004086678	0.00036566	-4.953807454	20.96203565	3.43692254507459	2.38862958013336
TTC9C	0.534211708	0.004086678	0.000365882	4.953438563	21.88684161	3.43665895562124	2.38862958013336
CHP1	0.529681265	0.004086678	0.000366329	4.952696333	22.9544891	3.43612869956793	2.38862958013336
ANXA2	-0.264605841	0.004086678	0.000366842	-4.951847072	32.50476561	3.43552094747305	2.38862958013336
ZFC3H1	-2.585107848	0.004120186	0.000370432	-4.995687695	17.16013375	3.43129150356911	2.38508317791097
DHX29	-0.276356709	0.004152777	0.00037395	-4.940201108	23.50812705	3.42718646244055	2.38166138944628
RBM47	-0.869027719	0.004164676	0.00037561	-4.937514336	21.298151	3.42526285387396	2.38041877982393
PSME3	-0.265346357	0.00417358	0.000377003	-4.935269497	25.247132	3.4236551938837	2.37949125744115
LMO7	-0.540620425	0.004174245	0.000377653	-4.934224737	21.72449345	3.42290706100449	2.37942206436844
SMU1	0.329778851	0.004179012	0.000378675	4.93258629	24.69130168	3.42173336591281	2.3789263817814
PPP1CB	-0.326234521	0.004249724	0.000385683	-4.921474845	24.5139573	3.41376950339194	2.3716392744601
ACTR2	0.272354839	0.004265158	0.000387687	4.918336983	25.89074967	3.41151876160028	2.37006487604226
NOTCH3	-0.790886617	0.004270685	0.000388908	-4.916433052	20.74972996	3.41015312314176	2.36950246037062
SARS1	0.239144692	0.004270685	0.000389397	4.915672846	26.06137049	3.40960739870316	2.36950246037062
VAPA	0.273769984	0.004279116	0.00039077	4.913541319	27.10559694	3.40807878511336	2.36864594032676
ARHGAP1	0.369065535	0.004281737	0.000391615	4.912234646	26.7187787	3.40714068180131	2.36838001218323
EIF2B3	-0.451991638	0.004290241	0.000392999	-4.91009934	23.57247917	3.405608554701	2.3675183110716
EEFSEC	-0.586130163	0.004293455	0.000394307	-4.908090076	23.2180617	3.40416551297398	2.36719308461203
WAPL	-0.426048071	0.004293455	0.000394507	-4.907781852	22.80453327	3.40394528641045	2.36719308461203
STON2	-0.53585934	0.004302708	0.000395966	-4.905549836	22.80199082	3.40234210358539	2.36625812598151
CNTNAP1	1.089765074	0.004317696	0.000397956	4.902518578	17.95347509	3.40016494303575	2.36474793869707
ASB9	0.6627281	0.004367119	0.000403128	4.894712142	18.98280699	3.39455703607375	2.35980497378986
LONP1	-0.37351457	0.004469636	0.000413223	-4.879775145	25.18499923	3.38381551364058	2.34972784367528
CRYZL1	0.437335972	0.004500005	0.000416667	4.874767066	22.97045917	3.38021089427616	2.3467870036755
MAP2K3	-0.35814007	0.004518492	0.000419018	-4.871373888	23.76564859	3.37776732039226	2.34500648230196
ADAMTS15	-1.280135162	0.004518699	0.000419676	-4.870427586	19.28198976	3.37708586606512	2.34498658696993
LEMD3	-0.438000893	0.004535036	0.000422077	-4.866986657	23.24339423	3.37460831296105	2.34341926107593
TRIM4	0.346175262	0.004535036	0.000422475	4.866418845	28.14429826	3.37419898537295	2.34341926107593
PSMD1	-0.238208693	0.004571217	0.000426492	-4.860715296	26.62426591	3.37008911077651	2.33996816185098
LRRC41	-2.0223212	0.004597223	0.000429568	-4.877181007	18.55621967	3.36696807819547	2.33750442917975
ATP1B1	-0.369707745	0.004630094	0.000433536	-4.850848562	23.50521519	3.3629748337075	2.33441019186177
PNP	0.235581543	0.004630094	0.000434106	4.850057345	28.67167959	3.36240421151471	2.33441019186177
SDHC	-0.901297601	0.004630094	0.000434603	-4.849368041	20.5608558	3.3619072801348	2.33441019186177
MIDEAS	0.408032805	0.004631098	0.000435352	4.848331546	22.76924259	3.36115945605811	2.33431602867812
ARFGAP1	0.317096702	0.004636463	0.000436512	4.846730086	23.75849415	3.36000381275532	2.33381320163319
GSS	0.241726962	0.004654334	0.000439346	4.842835741	25.3143559	3.35719332325347	2.33214245449316
PFDN4	0.279495271	0.004654334	0.000440081	4.841830139	24.13749626	3.35646738120593	2.33214245449316
PLXNB2	-0.213395587	0.004654334	0.000440168	-4.841710538	24.99535361	3.35638153363314	2.33214245449316
TPX2	0.239415467	0.004676431	0.000442919	4.837962971	25.43923033	3.35367568928361	2.3300854692177
SMDT1	0.636928351	0.004682643	0.000444169	4.836267577	20.98093171	3.3524517555551	2.32950895113102
TACC2	0.447627373	0.004687641	0.000445306	4.83473064	23.55694025	3.35134145319724	2.32904565588268
PTPRF	-0.583058602	0.00470958	0.000448056	-4.831029513	21.61509547	3.34866770258426	2.32701782149436
XPO1	-0.213432885	0.004730308	0.000450697	-4.827497627	27.76878142	3.34611533273839	2.3251105805422
TOR2A	-1.015851398	0.004772257	0.000455368	-4.821302629	17.1173457	3.34163749175275	2.3212761763436
DDX5	-0.220253	0.004793481	0.000458632	-4.817013319	28.96367789	3.33853564664363	2.31934898970951
AKAP12	-0.27109425	0.004793481	0.000458748	-4.81686117	26.73220675	3.33842581612592	2.31934898970951
SMARCAD1	-0.503352084	0.00480545	0.000461149	-4.813728311	21.49392406	3.33615872879126	2.31826593715963
PGGHG	-1.466251941	0.00480545	0.000461253	-4.813593145	17.43126162	3.33606079616251	2.31826593715963
BCAR1	-0.519884393	0.004820591	0.000463387	-4.810821862	22.57043898	3.33405615420478	2.31689971439507
CKAP5	-0.188417602	0.004822886	0.00046429	-4.809654352	26.80329917	3.33321067018174	2.31669300350546
PLD3	-0.27596633	0.004921603	0.000474547	-4.796549116	25.02831138	3.32372076778926	2.30789342148714
STAR	-1.693797354	0.004921603	0.00047602	-4.800030109	17.66335968	3.32237479999554	2.30789342148714
WDR81	-0.759346695	0.004921603	0.000475718	-4.795072314	17.96339463	3.32265041563333	2.30789342148714
PGM2	0.2599192	0.004921603	0.000476576	4.793992002	25.47559307	3.32186783217423	2.30789342148714
TOMM5	-0.608924041	0.004923687	0.000477474	-4.792864169	21.89089357	3.32105027217229	2.30770956307082
LSM2	-0.485605639	0.005007258	0.000486563	-4.78156918	22.18363288	3.31286091946353	2.30040003091193
EXT2	-0.872729347	0.005007258	0.000486994	-4.781039933	20.22021616	3.31247638946903	2.30040003091193
ABI1	0.340483418	0.005050863	0.000491949	4.774981266	23.70873902	3.30807991789651	2.29663441116513
COX5B	0.311427826	0.005100449	0.000497499	4.768269649	24.34920435	3.30320778787287	2.29239159063949
KIDINS220	-0.404618529	0.005104158	0.000499106	-4.766340965	23.23570131	3.3018072092338	2.29207589042598
LIMA1	0.38192432	0.005104158	0.000499304	4.766104202	25.03282378	3.30163495473205	2.29207589042598
IMUP	1.252266727	0.005112358	0.000500829	4.764281092	20.33008908	3.30031053168395	2.2913787417079
PLD2	0.657750911	0.005113517	0.000501665	4.763283587	17.55681016	3.29958619763101	2.29128029589145
BCKDHA	0.576046136	0.005127342	0.000505454	4.758786265	23.60590514	3.29631836223953	2.29010771361886
STK11	0.804977896	0.005127342	0.000506086	4.75804016	17.86587721	3.29577567653599	2.29010771361886
PERP	1.138020307	0.005127342	0.000506285	4.757805613	19.70894194	3.29560493951762	2.29010771361886
GFUS	0.258109758	0.005127342	0.000506498	4.757554421	24.90379615	3.29542226519152	2.29010771361886
NOP10	0.819640894	0.005127342	0.000506646	4.75737957	17.56051399	3.29529538177953	2.29010771361886
RNF123	-0.373986199	0.005149935	0.000510181	-4.753225081	23.57043475	3.29227571928328	2.28819825238007
SEC23IP	0.362246986	0.005149935	0.000510334	4.753046221	24.69449142	3.29214549668737	2.28819825238007
MAPT	3.346440534	0.005170225	0.000514086	4.886307542	17.88714019	3.28896422302566	2.28649055668707
TRA2A	0.603563341	0.005170225	0.000514323	4.748396548	21.18587108	3.28876405403836	2.28649055668707
MAIP1	-0.394028514	0.005170225	0.000514634	-4.748035406	22.91622734	3.28850152491812	2.28649055668707
LMAN2L	-0.305370894	0.005170225	0.000515268	-4.747300455	23.48756392	3.28796682795412	2.28649055668707
USP11	-0.898237995	0.00517315	0.000516494	-4.745881885	21.17457402	3.28693471922089	2.28624492866074
CAPZB	0.274142992	0.00517315	0.000517022	4.745271723	26.58710065	3.286490976683	2.28624492866074
SBF1	-0.708936864	0.005175321	0.000519493	-4.742426344	16.56210263	3.28442030004493	2.28606270786038
TAGLN	-0.725367377	0.005175321	0.000519538	-4.74237518	21.81194182	3.28438268181853	2.28606270786038
CD151	-0.421070946	0.005175321	0.000521202	-4.740467209	24.5004642	3.28299392644507	2.28606270786038
HEBP2	0.33196361	0.005175321	0.000521298	4.740356472	24.06796661	3.28291394127407	2.28606270786038
MAP2	0.548200708	0.005175321	0.000521329	4.740321859	22.70295142	3.28288811587546	2.28606270786038
GLRX3	0.239851983	0.005175321	0.000522372	4.739129361	25.14623745	3.282020110009	2.28606270786038
RIN3	-0.671468713	0.005175321	0.000522693	-4.738762348	19.08323591	3.28175331601423	2.28606270786038
TTC12	-0.562562234	0.005175321	0.000523092	-4.738306832	24.38735509	3.28142192188123	2.28606270786038
SLC9A3R1	0.29143917	0.005184826	0.000525233	4.735870692	25.73309227	3.279647995325	2.28526581372197
DDT	0.420524571	0.005184826	0.000525519	4.73554595	25.23868609	3.27941157755013	2.28526581372197
NDUFAF8	-0.814487688	0.005188842	0.000526659	-4.734252982	19.69177267	3.27847048981954	2.28492955335072
MOV10	-0.41489949	0.005204522	0.000528987	-4.731623811	23.67617235	3.27655500073918	2.2836191513206
TRIM2	-0.543987062	0.005217363	0.000531029	-4.72932593	23.49901656	3.27488176103516	2.28254894602392
ACSS2	-0.305358969	0.00522276	0.000532317	-4.727882333	23.96367546	3.27382966403897	2.28209993071488
FUT11	-0.98864687	0.005236806	0.000534489	-4.725455471	20.00830024	3.27206122831949	2.28093351444873
EHMT2	-0.47104729	0.005268851	0.000538504	-4.720995686	22.01042393	3.26881106642083	2.27828408284546
AK1	-0.319413126	0.005279167	0.000540305	-4.719007213	25.26943189	3.26736101346698	2.27743459940626
POLR1D	-0.790622977	0.005308042	0.000544011	-4.714936568	18.73260591	3.26439231870071	2.27506564942929
ACTBL2	0.680151714	0.00535974	0.000553097	4.724406786	25.1724807	3.25719869713919	2.27085627734156
GTPBP8	-1.807283912	0.00535974	0.000552634	-4.71880507	18.55361237	3.25756239926361	2.27085627734156
NHEJ1	-1.530499843	0.00535974	0.000552861	-4.70972514	19.29016529	3.25738404504441	2.27085627734156
NUCKS1	0.389320391	0.00535974	0.000552248	4.705990461	25.09967396	3.25786584827778	2.27085627734156
QTRT1	-0.437498726	0.00535974	0.000552555	-4.705660277	22.05473959	3.25762448685972	2.27085627734156
TIMM13	0.400076648	0.005359833	0.000554481	4.703589823	23.92761585	3.25611333091524	2.27084874170804
FRG1	-0.445107539	0.005359833	0.000554622	-4.703438504	22.1852855	3.25600290740673	2.27084874170804
EFHD2	0.237734757	0.005387925	0.000558291	4.699517102	25.58161916	3.25313937319174	2.26857845829294
SUPT4H1	-0.38051941	0.00540603	0.000560931	-4.6967115	23.88371321	3.25109055792789	2.26712154857471
TPCN1	-1.034338192	0.005533335	0.000574922	-4.682071268	17.37483896	3.24039107229716	2.25701303586804
E2F4	2.296490124	0.00556984	0.000579503	4.722239802	19.11284598	3.23694431141726	2.25415728025089
PAK1	-0.249768429	0.005574272	0.000580752	-4.6760813	25.24624586	3.23600928589713	2.2538118434417
WIZ	-0.568026421	0.005585411	0.000582702	-4.674091555	21.14248032	3.23455349128436	2.25294486400501
CD70	1.270154198	0.005599452	0.000584958	4.690812695	21.62182276	3.23287531515381	2.2518544738905
NEK9	-3.418116467	0.005623541	0.000591888	-4.799889437	18.17975335	3.22776046487121	2.24999013416572
RPL37A	-0.642969354	0.005623541	0.000591173	-4.671519409	24.17183651	3.22828540921875	2.24999013416572
RAE1	0.226431902	0.005623541	0.00059014	4.666565973	24.7479925	3.22904494765463	2.24999013416572
BCAT1	-1.009130577	0.005623541	0.000591677	-4.670033748	21.75597884	3.22791531253341	2.24999013416572
UFSP2	-0.908502222	0.005623541	0.000592245	-4.670052854	22.29833395	3.22749859710005	2.24999013416572
DCAF1	-0.497649177	0.005623541	0.000591369	-4.66533204	23.16830406	3.2281414452509	2.24999013416572
LRIG1	-1.822123511	0.005690775	0.00060013	-4.665206055	16.40275525	3.221754662671	2.24482858504536
SLC25A29	-0.712177944	0.005721972	0.000604229	-4.652579204	21.49043497	3.21879843457791	2.24245427170993
CHD7	0.703889097	0.005729195	0.000605801	4.651039205	19.93457758	3.2176700141096	2.24190639576702
FAM111B	0.382424223	0.005791552	0.000613214	4.643836563	23.61127334	3.21238793853172	2.23720503994849
PTPRK	0.604172841	0.005796544	0.000614562	4.642536546	21.37757811	3.21143429683024	2.23683086317471
SLC25A20	0.354077888	0.005819708	0.000618211	4.639031606	24.85068119	3.20886327168164	2.23509880524188
IRGQ	-0.27033971	0.005819708	0.000618663	-4.638599428	23.58470531	3.20854585678804	2.23509880524188
ZMYM2	-0.518800768	0.005821094	0.000619633	-4.637672018	21.53072264	3.20786546093178	2.23499538759853
NUP205	-0.291270506	0.00582708	0.000621094	-4.636278459	25.35580675	3.20684266618108	2.23454901943859
STT3B	-0.289971064	0.005833051	0.000622555	-4.634888139	24.34936677	3.20582227452724	2.23410422639499
YARS1	0.192895561	0.005840683	0.000624221	4.633307002	26.88272469	3.20466162491979	2.23353636422542
TMED5	-0.343659919	0.005840683	0.000625841	-4.631773308	24.47141292	3.20353598882407	2.23353636422542
NAPG	0.392028332	0.005840683	0.000625846	4.631768552	23.94625762	3.20353251915088	2.23353636422542
CHD3	-0.470287736	0.005865392	0.000629323	-4.628491975	23.71306566	3.20112639571072	2.23170295750449
AFDN	-0.320617566	0.005866127	0.000630231	-4.627639308	24.94559049	3.20050023842349	2.23164853890028
C4orf3	0.731597306	0.005867338	0.000631435	4.626511281	20.49613632	3.19967134913752	2.23155889264157
KIF3A	0.378144624	0.005867338	0.00063202	4.625963193	24.98136864	3.19926917843881	2.23155889264157
SRRT	-0.222784697	0.006037696	0.000651308	-4.608201786	26.31080945	3.18621358736481	2.21912875763392
BSG	-0.29025957	0.006037696	0.000652795	-4.606854989	26.19932326	3.18522318066462	2.21912875763392
BRF1	-0.89947709	0.006037696	0.000653372	-4.606334013	17.95728575	3.18483948098095	2.21912875763392
PPA2	-0.273612285	0.006037696	0.000653816	-4.60593257	25.56092428	3.18454445569403	2.21912875763392
RRM2	-0.281642666	0.006037696	0.000654804	-4.605041128	25.03537551	3.18388867627808	2.21912875763392
SARG	0.43194506	0.006037696	0.000655529	4.604388435	23.20325156	3.18340809076049	2.21912875763392
SLC25A33	-0.998023396	0.006037696	0.000656345	-4.603653547	20.54095828	3.18286781883966	2.21912875763392
USP15	0.347341443	0.006054318	0.000659008	4.601264016	24.23595422	3.18110931327433	2.21793477168169
GSKIP	0.442726414	0.006066648	0.000662591	4.602910774	26.86936334	3.17875446745328	2.21705120302736
ALKBH5	-0.43517143	0.006066648	0.000661461	-4.599071836	22.10557311	3.17949575689463	2.21705120302736
CTNNB1	-0.447595354	0.006066648	0.000662923	-4.602614505	26.56868776	3.17853691294837	2.21705120302736
SPRY4	-1.551010496	0.006070839	0.000664239	-4.601441641	18.91877832	3.17767562890693	2.21675128456055
FANCD2	-0.717058849	0.006111588	0.000670318	-4.591226752	20.15097856	3.17371911837188	2.21384593050525
DDX31	-0.577345389	0.006111588	0.000670426	-4.59113182	22.62845687	3.1736491515413	2.21384593050525
ZNF143	-1.139299257	0.006144635	0.000675568	-4.586627621	16.6872106	3.17033093007877	2.21150390971713
PDIA4	-0.212244791	0.006144635	0.000675981	-4.58626736	28.57182018	3.17006551073162	2.21150390971713
SREK1	0.586922917	0.006144635	0.000676657	4.585677989	22.07374763	3.16963142105765	2.21150390971713
PSD3	-1.026978738	0.006165993	0.00067988	-4.582877147	20.14231311	3.16756773425962	2.20999697264602
ARMCX3	-0.444120337	0.006203176	0.000684857	-4.578580084	21.3808364	3.16440010090789	2.20738589661281
NASP	-0.246905308	0.006244987	0.000690356	-4.573869975	26.9751369	3.16092689627047	2.20446846134655
P3H1	-0.413740523	0.006258624	0.000693409	-4.571271667	22.59110748	3.15901052578177	2.20352113881741
EPHB2	-0.737284027	0.006258624	0.000693633	-4.571081752	21.47718355	3.15887025322363	2.20352113881741
FAM241A	0.855823451	0.006359137	0.000705672	4.560955474	16.91500449	3.15139711437363	2.19660181856048
LRRC47	0.250917038	0.006455979	0.000717331	4.551319136	26.36540381	3.14428040039553	2.19003789095621
NUCB2	-0.329774286	0.006466791	0.000720312	-4.548881681	23.75098272	3.14247935005689	2.18931117477477
SMAP	0.406853763	0.006466791	0.000721213	4.548147165	23.35356297	3.14193645363935	2.18931117477477
GOT2	-0.201159074	0.006466791	0.000721275	-4.54809663	26.53490083	3.1418991205622	2.18931117477477
NCAPG	-0.216662122	0.006484638	0.000724182	-4.545732762	24.82599644	3.1401522740479	2.18811426306341
MYO10	-0.587137134	0.006515145	0.000729043	-4.541802813	22.23879167	3.13724685561621	2.18607591425698
CLSTN1	-0.64467708	0.006515145	0.00072949	-4.54144257	22.07197276	3.13698065712843	2.18607591425698
DOLPP1	-0.73636493	0.006515145	0.000730352	-4.540748901	18.58968818	3.13646777712236	2.18607591425698
NUP214	-0.312760059	0.006524167	0.000732286	-4.539196059	24.46652586	3.13531926871835	2.1854749307939
SASH1	-0.64691384	0.006532315	0.000734124	-4.539681196	23.45355735	3.1342305777305	2.18493288096793
RBM6	-0.35669126	0.006539534	0.00073648	-4.535841944	23.65481297	3.1328390424501	2.18445319792025
CLIC4	0.247884826	0.006539534	0.000736784	4.535600117	26.14935336	3.13265981384698	2.18445319792025
VCAN	-2.012893794	0.006580315	0.000742738	-4.548582855	18.15418248	3.12916435611923	2.1817533161904
SORD	0.2830935	0.006580315	0.000743239	4.530479782	25.59960278	3.12887150967049	2.1817533161904
NUP160	-0.319020177	0.006628049	0.000749567	-4.525504716	24.05882927	3.12518954169522	2.17861428957815
SRPK2	-0.969468848	0.006647184	0.000752671	-4.523080782	21.37888034	3.1233948167711	2.17736229939967
GGH	-0.398160683	0.006649989	0.000753929	-4.522101588	23.71278999	3.12266955115951	2.17717907307934
MEMO1	0.412831614	0.006696534	0.000760152	4.525287913	29.05855008	3.11909955750756	2.17414992179998
ABCF2	-0.212424756	0.006763458	0.000769839	-4.509858607	25.0407665	3.11360009135034	2.16983120252913
CENPF	-0.417529451	0.006763458	0.000769936	-4.509785241	22.76904763	3.11354537353144	2.16983120252913
WDR75	-0.724832835	0.006763458	0.000770617	-4.509266692	21.49718184	3.11316141457457	2.16983120252913
NAA50	-0.240596814	0.00677798	0.00077323	-4.507283646	24.9070919	3.11169130443435	2.16889971698322
FCHO2	-0.28979334	0.006797598	0.000776429	-4.504865132	23.86425591	3.10989825187104	2.16764452253378
CPNE3	-0.292713505	0.006800137	0.00077768	-4.503921955	26.17977442	3.10919906987775	2.16748233762543
WLS	-0.869071792	0.006804309	0.000779119	-4.502839266	21.44028524	3.10839620459143	2.16721597225703
FUCA1	-0.555627067	0.006810361	0.000780775	-4.501596072	21.1593971	3.10747410099693	2.16682986662574
NCCRP1	-3.475100059	0.006832866	0.000784321	-4.649706933	20.97950186	3.10550615670733	2.16539709618514
ACAD8	0.538756845	0.006848503	0.000787084	4.496884071	20.13545368	3.10397891593859	2.16440434965947
PNKP	-0.529495661	0.006873369	0.000790939	-4.494024511	21.11063036	3.10185700953007	2.16283034016455
HP1BP3	-0.31333827	0.006873369	0.000791885	-4.493324615	26.16843403	3.10133788342534	2.16283034016455
GNAI3	-0.355470225	0.006884037	0.000794268	-4.49156654	24.16445932	3.10003293424448	2.16215680411254
FYTTD1	-0.405158866	0.006884037	0.000795061	-4.490982839	23.14060553	3.0995995493975	2.16215680411254
HADHB	0.181251417	0.00696701	0.000805984	4.483000721	26.97752897	3.09367357951089	2.1569535661065
SH2D3A	-0.806800046	0.00696701	0.000807041	-4.482234756	17.7205628	3.09310440131083	2.1569535661065
EIF4EBP2	-1.097035223	0.00696701	0.000807598	-4.481831107	19.37216986	3.09280476524851	2.1569535661065
UFC1	0.276947971	0.007014443	0.000815198	4.476355182	23.42376166	3.0887368944948	2.15400680954376
NIPBL	-0.464831287	0.007014443	0.000815656	-4.47602751	24.80863517	3.08849296477706	2.15400680954376
YARS2	0.22187989	0.007014443	0.000816491	4.47542889	24.79289837	3.0880485980331	2.15400680954376
UTRN	-0.492421276	0.007014443	0.000817983	-4.47436236	22.666261	3.08725572210241	2.15400680954376
ALG8	-0.316625852	0.007014443	0.000818374	-4.474083021	24.05417895	3.08704817674934	2.15400680954376
LBR	-0.300540524	0.007014443	0.000819046	-4.473603475	24.69065972	3.08669170631631	2.15400680954376
KRAS	-0.381341811	0.007047972	0.000823957	-4.470110331	24.33258699	3.08409545231988	2.15193582994641
CPA4	0.639804745	0.007056073	0.000826049	4.468629293	20.44086716	3.08299419021177	2.15143693477346
CRLF3	-0.786968228	0.007056073	0.000826899	-4.46802832	22.38549869	3.08254753327864	2.15143693477346
SCRIB	-0.298807429	0.007069647	0.000829489	-4.466201662	25.25721356	3.08118936885719	2.15060227075465
BMI1	-1.223510294	0.007133376	0.000837975	-4.460258714	18.84595094	3.07676893784228	2.146704883729
APEX1	-0.242574671	0.007133775	0.000839691	-4.459064795	27.22548356	3.07588050165672	2.14668059247445
PPP4R1	-0.229899532	0.007133775	0.000840039	-4.458822811	26.22136392	3.07570055073381	2.14668059247445
CARM1	-0.670387364	0.007143617	0.000842208	-4.457317823	22.16348364	3.07458063760187	2.14608183788847
SLC25A35	0.731604651	0.007145494	0.000843439	4.456465138	17.15413076	3.07394632139894	2.14596774111265
TPM1	0.254335322	0.007150913	0.00084509	4.455324288	29.55920908	3.07309703729647	2.14563850567466
FHDC1	-1.14905318	0.007153324	0.000846386	-4.454430025	19.31180809	3.07243152887816	2.14549210373714
LYPLA1	0.311032046	0.00715411	0.000847822	4.453440803	25.20854657	3.07169531818224	2.14544438652061
GNPDA2	0.387565847	0.00715411	0.000848501	4.452973318	22.84138435	3.07134764150868	2.14544438652061
RPLP0	-0.290546882	0.007234322	0.000859393	-4.445533797	27.61499428	3.06580818808958	2.14060216467712
CLNS1A	0.300104257	0.007234322	0.00086006	4.445081242	25.45634189	3.06547125019833	2.14060216467712
DENND2D	0.757919508	0.007263364	0.00086454	4.442052477	17.18092871	3.06321490825773	2.13886219083376
PNPO	0.299010699	0.007274467	0.000866889	4.440470141	24.50278672	3.06203650779905	2.13819882192128
CXCL1	-2.870404169	0.007274479	0.000867919	-4.557318378	19.7206533	3.06152080419505	2.13819810550735
PIP4K2A	1.859916382	0.007289049	0.000870688	4.454791797	17.98678683	3.06013744103457	2.13732913025459
MARK1	1.038556687	0.007301598	0.000873219	4.436230174	19.69382476	3.05887682323158	2.13658208143665
RBMS2	0.512619821	0.007318609	0.000876288	4.434185934	20.57384949	3.05735313555027	2.1355714546014
CCAR1	-0.481050289	0.007374502	0.000884023	-4.429066744	24.3600639	3.05353643561686	2.13226730225888
NUDT19	0.491127244	0.007417768	0.000890258	4.424973948	21.60312758	3.05048411499688	2.12972675389975
GSTO1	0.271038451	0.00747187	0.000897807	4.420058354	26.00899193	3.04681701282441	2.12657069282371
MARCHF5	-0.891921093	0.007555399	0.000908912	-4.41290556	21.33104316	3.04147816272353	2.12174259566345
MRC2	-0.925919374	0.007577245	0.000913732	-4.40982924	21.10332744	3.03918116530377	2.12048867019707
POLB	-0.377625446	0.007577245	0.000914098	-4.409596076	22.56506352	3.03900724127089	2.12048867019707
HSPA13	-0.528404944	0.007577245	0.000914754	-4.409179383	21.75424589	3.03869568277152	2.12048867019707
TMBIM6	-0.39652769	0.007596974	0.000918209	-4.406986814	23.12835637	3.03705845472924	2.11935935992925
TIMM9	0.286664106	0.007647505	0.000926358	4.401850157	24.21054972	3.03322114357965	2.11648023039798
IFT74	-0.366952022	0.007647505	0.000926479	-4.401774506	23.28351724	3.0331644201524	2.11648023039798
CCS	-0.371487624	0.007670281	0.000930323	-4.399368395	24.26534106	3.03136624202312	2.11518872542338
ALDH16A1	-0.368778103	0.007684108	0.000933086	-4.397644966	24.02994471	3.03007832666701	2.1144065397663
GTF3C5	-0.359681816	0.007687304	0.000934561	-4.396727331	22.90124986	3.02939234639987	2.11422594410155
CNDP2	-0.358192316	0.007747059	0.00094292	-4.391554185	25.81639149	3.02552515247198	2.11086313652368
DUS3L	-0.730306369	0.007759299	0.000945507	-4.38996318	20.03287748	3.0243352515359	2.11017751252834
TPRKB	-0.526229755	0.007783916	0.000950411	-4.386959261	21.64553027	3.02208854583547	2.10880185939609
DNPEP	-0.326735563	0.007783916	0.000950707	-4.386778221	24.47627494	3.02195330839341	2.10880185939609
YWHAE	-0.311446328	0.007803329	0.000954181	-4.384660612	30.93289349	3.02036923552108	2.10772008219475
FNTA	-0.609426789	0.007815215	0.00095674	-4.383106424	23.32592765	3.01920606839535	2.10705906984835
ACACA	-0.229523613	0.007904361	0.00096877	-4.375855072	24.16441511	3.01377931849856	2.10213323330811
WDR36	0.256860802	0.007933825	0.000973503	4.37302818	23.75437331	3.0116627057963	2.10051738318787
MOB1B	-0.296371499	0.007971546	0.000979258	-4.369609675	23.86138485	3.00910287181822	2.0984574434524
PLCG2	-0.380058336	0.007988495	0.00098247	-4.367711317	22.82122685	3.00768070205521	2.09753503229557
PUS7	-0.904296912	0.008054429	0.000991717	-4.362280647	21.31998085	3.00361224203238	2.0939652424501
NOP2	0.289982333	0.008118897	0.001000803	4.356996317	24.68109593	2.99965140147462	2.09050296821589
BRD1	-0.611565944	0.008186661	0.001010313	-4.351518083	17.50167503	2.99554405877764	2.08689319286164
UBE2N	0.190005774	0.008198221	0.001013218	4.349855743	26.97934653	2.99429710349338	2.08628037855589
HLA-B	0.301395159	0.008198221	0.001014058	4.349375931	23.52466524	2.99393720441138	2.08628037855589
ZFP36L2	-0.637509242	0.008204554	0.001016001	-4.348267518	19.0858794	2.99310586459711	2.08594502224081
TM9SF3	-0.23304874	0.008221227	0.001019339	-4.346368427	28.80881902	2.99168135932496	2.08506336012883
DPP7	-0.622733792	0.008221227	0.00102039	-4.345772017	22.01721479	2.99123380620307	2.08506336012883
PPIC	-0.517993081	0.008223912	0.001021886	-4.344924107	21.5119734	2.99059755071054	2.08492154549361
CTNNBL1	-0.378091774	0.008339771	0.001037461	-4.336171031	22.92711622	2.98402822020926	2.07884587439845
PRPS1	-0.355065166	0.008406576	0.001047969	-4.33034269	23.4615	2.97965156403938	2.07538085641345
EIF6	0.242701487	0.008406576	0.001048148	4.330243854	25.75731976	2.97957739001908	2.07538085641345
MPC2	-0.87305677	0.008420808	0.001051113	-4.328610608	17.81502287	2.9783505925936	2.07464623473486
ARMC9	-1.284372565	0.00842903	0.001053396	-4.327356484	19.66798205	2.97740833509685	2.07422240045068
BCL2L11	-0.748845148	0.00842903	0.001054522	-4.326738498	17.18185483	2.97694435534703	2.07422240045068
KCTD15	-0.777096129	0.008450479	0.0010584	-4.324616693	19.95185509	2.97535016882056	2.07311867316144
DYM	-0.666853599	0.00849264	0.001064881	-4.322834284	23.11016795	2.97269892173783	2.07095728511424
ASL	-0.929571838	0.008539965	0.001072023	-4.317227061	18.30372216	2.96979589685787	2.06854390921006
DCTN3	-0.269486209	0.008545124	0.001074074	-4.316122653	23.97623926	2.96896579621138	2.0682816307636
NMU	0.590776496	0.008545124	0.001075086	4.31557867	19.74309099	2.96855679357949	2.0682816307636
TCEAL1	-1.902781476	0.008570453	0.001081879	-4.327708314	18.19498654	2.96582130907311	2.06699622239408
DNAH2	-0.68098093	0.008570453	0.001081427	-4.312182225	20.19498888	2.96600279158985	2.06699622239408
NOL6	0.428946676	0.008570453	0.001081908	4.311925836	22.49230279	2.96580966787185	2.06699622239408
IPO8	-0.464841402	0.008608639	0.001089152	-4.312723265	25.86114996	2.96291150669535	2.0650655037741
LUC7L	-0.503440279	0.008608639	0.001089162	-4.308067273	22.61454265	2.96290751925844	2.0650655037741
PCCA	-0.487599229	0.008654717	0.001096215	-4.304341324	20.53800392	2.96010425957758	2.06274712852201
SUPV3L1	-0.549401945	0.008715335	0.001105125	-4.299670063	22.19905291	2.95658859642236	2.05971591482418
WDR48	-0.644918754	0.008780584	0.001116291	-4.29387092	22.45876933	2.95222257670653	2.05647659804119
GTF2A1	0.478750411	0.008780584	0.001116673	4.293673922	20.51802502	2.95207398452707	2.05647659804119
DHCR24	0.321597339	0.008780584	0.001117123	4.293441614	24.27229193	2.95189900657966	2.05647659804119
WNK2	-1.638450809	0.008791901	0.001121014	-4.298536916	18.02173375	2.95038896360058	2.05591721087071
THUMPD3	-0.281238351	0.008791901	0.001121048	-4.291418739	23.68650888	2.95037579178608	2.05591721087071
ZFPL1	-0.655436809	0.008824405	0.001127621	-4.288048157	22.82691372	2.94783684473801	2.05431456797167
SEC24A	0.522878318	0.008824405	0.001127688	4.288014181	22.41312149	2.94781104097427	2.05431456797167
RPS6KB1	1.84215755	0.008874733	0.001135374	4.299627517	18.96951209	2.94486105531566	2.05184470400481
LMNB2	-0.492939165	0.008910022	0.001141637	-4.285510291	25.35027508	2.94247196435431	2.0501212236324
CYB5R1	0.226747396	0.008910022	0.001142407	4.280539953	23.78108741	2.9421791444579	2.0501212236324
CYTH1	0.463781039	0.009003278	0.001157851	4.272805137	20.35553326	2.93634732492747	2.04559933965867
SMARCAL1	-0.771946946	0.009003278	0.001158164	-4.272649516	19.31788185	2.93622993866386	2.04559933965867
NBDY	0.564545505	0.009003278	0.001158527	4.272469037	21.09584749	2.93609384032513	2.04559933965867
COTL1	0.262270118	0.009003278	0.001159455	4.272007924	27.3327346	2.93574610224888	2.04559933965867
SPART	0.587075116	0.009020008	0.001164781	4.269369356	21.6662822	2.93375572221927	2.04479307727465
BRIX1	0.473338687	0.009020008	0.001164792	4.269363904	23.48467767	2.93375162083305	2.04479307727465
TTC38	-0.60526453	0.009020008	0.001166398	-4.268570356	19.15943291	2.93315323370178	2.04479307727465
STOML2	0.362226054	0.009020008	0.00116671	4.268416529	24.7870066	2.93303707973105	2.04479307727465
UBE2E2	0.311702456	0.009050991	0.001171997	4.265813885	22.88743069	2.93107349999465	2.04330386695291
TUBA1C	-0.398336836	0.009087738	0.00117804	-4.267390409	27.48839474	2.92883996295779	2.04154420218702
RAC2	0.693700832	0.009091864	0.00117986	4.261965608	19.36074871	2.92816952221473	2.04134706926155
PITPNB	0.199370384	0.009125887	0.001185565	4.259190123	26.38278165	2.92607463032564	2.03972491311982
RPAP3	0.213245113	0.009134784	0.001188013	4.258003845	25.62961748	2.92517880700013	2.03930171746494
EBF3	-1.234574972	0.009258942	0.001205469	-4.249615061	19.59605899	2.91884395351718	2.03343863640802
FHL3	-0.448046863	0.009304842	0.00121276	-4.246148461	22.28221241	2.91622513564487	2.03129099696747
ANAPC7	-0.502809613	0.009372661	0.001223767	-4.240956116	22.67879799	2.91230126213066	2.02813709069718
GOSR2	-0.44022857	0.009372661	0.001224249	-4.240729734	22.68701102	2.91213024205319	2.02813709069718
TAX1BP3	0.751146545	0.009605521	0.001256023	4.226014968	20.5152305	2.90100240782683	2.01747907418713
KPNA1	-0.279121972	0.009620706	0.001260345	-4.224043271	25.83967592	2.89951055719407	2.01679305679235
PHACTR4	-0.677099949	0.009620706	0.001261637	-4.223455406	21.81195687	2.89906558294786	2.01679305679235
PTPN14	-0.777383703	0.009620706	0.001262089	-4.22324999	20.67308863	2.89891001843101	2.01679305679235
MLF1	-0.739198416	0.009660114	0.001268624	-4.220286258	18.76549645	2.89666707681923	2.01501774840037
HELZ2	-0.822455538	0.009867604	0.001297268	-4.207481079	20.66994427	2.88697029461921	2.00578828764457
COPB1	0.243475829	0.009903011	0.001304365	4.204353482	26.85484931	2.8846008631249	2.00423273854705
SHPK	-0.441957671	0.009903011	0.001304722	-4.204196625	21.22923134	2.88448201455372	2.00423273854705
MYO18A	-0.246656646	0.009915299	0.001307743	-4.202871318	23.92060403	2.883477595957	2.00369418492896
TFG	0.189569808	0.009915379	0.001309155	4.202252788	26.62375628	2.88300893124943	2.00369068090771
LYPLA2	0.287117051	0.009958183	0.001316214	4.199171347	25.0594278	2.88067349410857	2.00181989702421
IL4I1	-0.90436696	0.010002563	0.001323494	-4.196011478	17.17821048	2.8782780232125	1.99988870458619
KXD1	0.714950385	0.010005075	0.001325241	4.195256028	18.39273336	2.87770513647985	1.99977965145915
PRSS23	-1.577945821	0.010031694	0.001335489	-4.197558555	18.16080873	2.874359684774	1.99862572373608
MED15	0.383112663	0.010031694	0.001331735	4.192456208	21.94768901	2.8755821861924	1.99862572373608
NDUFAB1	0.502285802	0.010031694	0.001333284	4.191790725	22.12990654	2.87507733258481	1.99862572373608
SEC22B	0.228320522	0.010031694	0.001333372	4.191752981	25.69705089	2.87504866903434	1.99862572373608
PRKAB1	-0.434502616	0.010031694	0.001335858	-4.190686428	22.53451942	2.874239704356	1.99862572373608
G3BP2	-0.245975273	0.01012808	0.001350124	-4.184604697	25.46409432	2.86962634258449	1.99447287689412
DDAH2	-0.378382475	0.010150978	0.001354612	-4.182705544	24.37925246	2.86818508146058	1.99349211346094
CS	0.222375746	0.010161035	0.00135739	4.181532927	26.34560157	2.86729535461473	1.99306205269233
INTS9	-0.459100981	0.010177435	0.00136102	-4.180004897	23.26021896	2.86613549285264	1.99236166263871
CCNT1	0.854271736	0.010233494	0.001369963	4.202732024	23.41696792	2.86329116212303	1.98997606073117
PPP1CA	-0.347307196	0.010241798	0.001372753	-4.175094051	26.51525661	2.86240759851495	1.98962379405039
EIF4G1	-0.203896249	0.010241798	0.00137397	-4.174586937	28.46043865	2.86202274979226	1.98962379405039
ZFYVE26	-0.486983889	0.010280304	0.001380589	-4.171838271	20.29601386	2.85993559122464	1.98799404258098
NAA16	1.794039349	0.010283952	0.001382533	4.185611953	17.96369928	2.85932449362409	1.98783995907933
KIF5C	-0.427638943	0.010336985	0.001391124	-4.167491767	23.34765153	2.85663415676887	1.98560611393078
PPP1R12A	0.401117045	0.010375715	0.001397803	4.164753723	25.28660903	2.85455403176744	1.98398196595513
ACBD5	0.389068957	0.010375722	0.00139927	4.164153883	22.25633815	2.85409847693325	1.98398167295746
SURF4	-0.554691519	0.010389218	0.001402559	-4.164410693	23.76452565	2.85307886067038	1.98341714070713
PELO	-0.427416076	0.010445702	0.001411661	-4.15911548	21.89964542	2.8502695833873	1.98106236808371
WWC2	-1.012607753	0.010459915	0.001416751	-4.15705892	19.40364488	2.8487064721438	1.98047184464474
ERAL1	0.305191777	0.010459915	0.001417189	4.156882455	23.10847637	2.84857222725182	1.98047184464474
REPIN1	-0.920307543	0.010459915	0.001419853	-4.155809485	17.94934656	2.8477566165983	1.98047184464474
STAT1	0.259035056	0.010459915	0.001420631	4.15549684	25.32978114	2.84751871269504	1.98047184464474
FAM98C	-0.976230203	0.010459915	0.001420975	-4.155358289	18.75144285	2.84741356278862	1.98047184464474
RBM3	0.449905711	0.010565487	0.001436811	4.149028749	24.28921617	2.8426003557735	1.9761104800089
GRWD1	0.291459045	0.010594443	0.001443149	4.146515335	23.52549077	2.84068882723142	1.97492187126893
SPIN1	-1.020183864	0.010594443	0.001443744	-4.146280309	20.49055642	2.84050980762772	1.97492187126893
ATP6V1A	0.205156819	0.010653368	0.00145328	4.142522332	26.64179081	2.83765070315569	1.97251307085641
TBC1D10A	0.42806313	0.010678492	0.001458217	4.140586793	21.35121154	2.83617784303446	1.97149007336735
RABGGTA	0.469335855	0.010705618	0.001463434	4.138548594	23.17031371	2.83462685921047	1.97038825725857
CGGBP1	-0.289794696	0.010748465	0.001470811	-4.135679864	22.78416738	2.83244313076032	1.96865355338832
LIMK2	-0.409608904	0.010755444	0.001473286	-4.134720516	21.75650537	2.83171293804185	1.96837165661359
HSPH1	-0.17227861	0.01077233	0.001479372	-4.132369188	27.67614397	2.8299226054263	1.96769035086173
NF1	-0.277521821	0.01077233	0.001479603	-4.13227988	24.31874262	2.82985479679289	1.96769035086173
UCK2	-0.272293815	0.01077233	0.001480168	-4.132062376	23.52757984	2.8296889891103	1.96769035086173
SRP9	-0.222211104	0.010783184	0.001483183	-4.13090156	26.20861705	2.82880526098309	1.96725298409748
ZC3H11A	-0.44326639	0.01080025	0.001487057	-4.129413813	23.57065599	2.82767238432873	1.9665661915164
XPO4	0.486244896	0.010842667	0.001496917	4.125645512	21.10036147	2.82480227944407	1.96486388007429
SNRPB	-0.290392595	0.010842667	0.001497096	-4.125577704	25.20391608	2.82475035000198	1.96486388007429
AP2A1	-0.183922224	0.010842667	0.001498097	-4.125196306	27.23257812	2.82446006567467	1.96486388007429
HID1	-0.504092741	0.010842667	0.001499029	-4.124842054	22.48772203	2.8241899652717	1.96486388007429
PLEKHO2	-1.457296029	0.010867988	0.001504066	-4.127413843	19.24464728	2.82273310602702	1.96385084978457
ZMYM3	-0.614169948	0.010880195	0.001507293	-4.121707927	22.73709836	2.82180231774866	1.96336332093701
ATPAF2	-0.607523289	0.010938088	0.00151686	-4.118102195	22.31009507	2.81905450097545	1.96105858692585
C4orf54	-0.429254793	0.010941625	0.001518897	-4.117337392	24.97371217	2.81847167567527	1.96091817378643
FBXO6	-0.568211549	0.010994097	0.001528249	-4.113839886	21.46275169	2.81580587971592	1.95884043560943
NFKB2	0.31094306	0.010994097	0.001529289	4.113452389	25.67000436	2.81551043529063	1.95884043560943
MFGE8	0.439286026	0.011023097	0.001534881	4.111373184	23.73643711	2.81392528992407	1.95769637090631
GNPDA1	0.226143597	0.011073409	0.001543452	4.10820167	25.61224625	2.81150687214837	1.95571865897904
TSSC4	-0.421087119	0.011147955	0.001555419	-4.10380416	20.99749925	2.8081526002859	1.95280479303472
GAPVD1	-0.214698506	0.011155017	0.001557981	-4.102867113	25.55305117	2.80743784296992	1.95252976352442
C1orf131	1.215892674	0.011213363	0.001567902	4.099253972	18.21686805	2.80468108590497	1.9502641185998
OVCA2	0.47994605	0.011213363	0.0015693	4.098746599	21.48131228	2.8042940252529	1.9502641185998
SERINC1	0.36745051	0.011286032	0.001581066	4.094496163	22.05384459	2.80105000050578	1.94745872268163
ERLIN2	-0.283296539	0.011287429	0.001582857	-4.093851899	24.60499594	2.8005583188181	1.94740496846184
RHOT1	-0.529920257	0.011339578	0.001591773	-4.090656437	21.18371521	2.79811886616906	1.94540310731979
EXOC5	0.319343086	0.011343749	0.001593962	4.089874728	24.55411197	2.79752203638221	1.94524339156871
PHF2	-0.509716543	0.011362462	0.001598198	-4.088365274	20.80062292	2.79636941714934	1.9445275561984
TMEM120A	-1.930076025	0.011372627	0.001601362	-4.102889167	17.23202101	2.79551048142777	1.94413920463287
AKAP2	0.611513964	0.011372627	0.001602843	4.086714739	23.06475433	2.79510901512115	1.94413920463287
ZZEF1	0.553978657	0.011406469	0.001609225	4.084455021	21.46501907	2.79338322909748	1.94284877548943
CYRIB	0.260789918	0.01142771	0.001613837	4.082827764	25.15070762	2.79214033180439	1.94204078920265
SELENOT	0.919174382	0.011546753	0.001633913	4.082086274	21.97329858	2.78677107180962	1.93754012420777
DSP	0.204445164	0.011546753	0.001632499	4.076292184	28.91828238	2.78714707608328	1.93754012420777
PAICS	-0.214972198	0.011561265	0.001640764	-4.073422751	27.40815916	2.78495388138961	1.93699464407617
KAT7	-0.567800891	0.011561265	0.001641429	-4.073192468	20.33031684	2.78477789793317	1.93699464407617
POP7	-0.723331837	0.011561265	0.001642867	-4.072694673	18.95475495	2.78439759390157	1.93699464407617
DOCK7	-0.382103253	0.011561265	0.001645468	-4.071795854	23.64002876	2.78371055916636	1.93699464407617
SET	-0.294987614	0.011561265	0.001645538	-4.071771711	27.92616247	2.78369208419929	1.93699464407617
DNAJB2	-0.649750034	0.011561265	0.001645772	-4.071690938	21.79459275	2.78363033072791	1.93699464407617
TDRD6	-0.400830445	0.011626865	0.001656754	-4.067912897	24.51113162	2.78074197219253	1.93453737011588
FTSJ3	0.287768445	0.011631878	0.001659113	4.067104853	24.36756034	2.78012403374346	1.93435016152326
CDKN2AIP	-0.671426256	0.011690538	0.001674845	-4.065792009	23.01074167	2.77602537893131	1.93216550209266
NADK	-0.889373612	0.011690538	0.001671327	-4.062939382	16.93298479	2.77693857081162	1.93216550209266
GANAB	-0.194304233	0.011690538	0.00167171	-4.062809372	28.52267168	2.77683905962626	1.93216550209266
PPP6R2	-0.293352972	0.011690538	0.001673566	-4.062179271	24.18578068	2.77635715580659	1.93216550209266
SEPTIN11	0.171414851	0.011690538	0.001677239	4.060934353	25.85332623	2.77540504771858	1.93216550209266
PODXL2	0.750552773	0.011690538	0.001677396	4.060881521	19.79441328	2.77536439695705	1.93216550209266
CD320	-0.607166078	0.011744705	0.001686828	-4.057698232	19.83252408	2.77292919865518	1.93015788722875
TMEM222	1.212208849	0.011774686	0.001692798	4.055692774	18.19169095	2.77139486275306	1.92905066553967
SND1	-0.20339251	0.011857054	0.001706316	-4.05117911	27.22063821	2.76794053685681	1.92602320224276
TPD52	0.390118536	0.011875884	0.001712184	4.049231388	24.07109697	2.76644956565727	1.92533405311085
POP1	-0.341187005	0.011875884	0.001713109	-4.048924977	23.52201894	2.76621500329689	1.92533405311085
FEM1B	-0.962284664	0.011875884	0.001714062	-4.04860931	17.06800543	2.76597347309491	1.92533405311085
TLE3	-0.566470509	0.011887275	0.001717387	-4.047510088	22.33356549	2.7651318288774	1.92491769021715
HSP90B1	-0.168388126	0.011931297	0.001725434	-4.044858647	30.56337426	2.76310164835975	1.92331234347752
SPEN	-0.410126457	0.011952265	0.001731492	-4.042870792	23.11923429	2.76157951067755	1.92254978644887
TFB2M	0.427447286	0.011952265	0.001731845	4.042755148	23.12408351	2.76149097990353	1.92254978644887
EPG5	-0.66662221	0.011965055	0.00173539	-4.041595685	18.13388077	2.76060290945269	1.9220853007161
NME2P1	-1.0361467	0.011975038	0.001740223	-4.041507652	20.78086051	2.75939509570364	1.92172309977861
THBS1	-0.390756838	0.011975038	0.001739273	-4.040328266	23.80177244	2.7596322448586	1.92172309977861
HMGB3	-0.208460123	0.011976151	0.001742078	-4.039414589	26.12714547	2.75893240374212	1.92168273687565
COPS6	-0.229149055	0.012097143	0.001761388	-4.033165769	24.62600636	2.75414496674807	1.91731718553823
MYDGF	-0.330904289	0.012211773	0.001779805	-4.027271638	24.47540003	2.74962757750183	1.91322127723316
S100A6	0.444536653	0.012262352	0.001790296	4.048179868	29.82055675	2.74707515866312	1.91142622128141
UBA6	-0.269298634	0.012262352	0.001790643	-4.023832348	25.9391262	2.74699099069171	1.91142622128141
NDUFV2	0.412919945	0.012285738	0.001799572	4.021015098	23.00703967	2.74483077275258	1.91059875048215
TMED9	-0.278397788	0.012285738	0.001799781	-4.020949478	25.4219137	2.7447803372733	1.91059875048215
TPRG1L	0.356548969	0.012285738	0.001799906	4.020910191	21.91941313	2.74475017531185	1.91059875048215
ZFHX3	-0.454558498	0.012285738	0.001801005	-4.020564387	21.90992349	2.74448508147841	1.91059875048215
HNRNPLL	-0.330176228	0.012291129	0.001803533	-4.019770118	23.3879195	2.74387590680457	1.91040822322011
LPCAT2	-0.423443863	0.012308315	0.001807795	-4.018433601	22.04646478	2.74285081911316	1.90980139762029
SMARCA1	0.353401322	0.012344731	0.001814888	4.016216227	24.55495082	2.74115017089388	1.90851836919811
QSOX2	-0.483283086	0.01234843	0.001817178	-4.015502488	21.83414807	2.74060252969168	1.9083882558197
MICAL2	-0.620651894	0.012391188	0.001825222	-4.013002189	19.53978054	2.73868430517386	1.90688705382484
ASH2L	-0.474456981	0.012395706	0.001827639	-4.012252904	23.04145409	2.7381095831048	1.90672873285965
GORASP2	0.292434088	0.012565214	0.001855499	4.003692187	23.5041377	2.73153927537319	1.90083011047549
EFTUD2	-0.261833163	0.012565214	0.001856184	-4.003483191	27.00701771	2.73137897519481	1.90083011047549
NDUFAF3	0.969766486	0.012671162	0.001879922	4.000459921	21.53129757	2.72586016971097	1.89718355662027
TSN	-0.273291323	0.012671162	0.001876198	-3.997417371	25.19650678	2.72672133132483	1.89718355662027
PITPNA	-0.40523497	0.012671162	0.001877192	-3.997117738	23.36691966	2.72649130528165	1.89718355662027
TBC1D1	-0.563676966	0.012671162	0.001877513	-3.997021241	22.62426598	2.72641704723526	1.89718355662027
AHCTF1	-0.324668394	0.012671162	0.001880792	-3.996034534	23.98677382	2.7256592311626	1.89718355662027
LAMP2	0.344654422	0.012709798	0.001888323	3.993774896	24.95363951	2.72392371707202	1.89586135174202
MYH10	-0.28349907	0.012719542	0.001891569	-3.992803945	27.51586401	2.72317781203833	1.89552852630189
SQLE	-1.233947428	0.012726717	0.001894767	-3.991848938	18.12995179	2.72244418772005	1.89528361305235
USP38	-0.467799784	0.012726717	0.001896234	-3.99141142	20.64788706	2.72210807066983	1.89528361305235
RGL3	-1.014491791	0.012750789	0.001901623	-3.9898072	17.03599655	2.72087557848608	1.89446294089713
ERCC6	-0.709607077	0.01283837	0.0019165	-3.985403092	20.09511541	2.71749117640963	1.89149011216609
HAUS8	-0.822675081	0.012847827	0.001921149	-3.984033919	21.09607535	2.71643895092781	1.89117031993675
GALNT14	-0.886724689	0.012847827	0.001921544	-3.983917826	18.02463316	2.716349666501	1.89117031993675
CPOX	0.260151504	0.01292285	0.001934591	3.980094588	23.7283423	2.71341083695936	1.88864169665222
LIG3	-0.34977584	0.01295073	0.001940596	-3.978344072	22.93742642	2.7120648681319	1.88770575080772
TMCO4	-1.156531496	0.013003677	0.001950368	-3.979352168	20.38653338	2.70988343720633	1.88593382653825
AKAP9	-0.255526141	0.013006813	0.001952677	-3.974838908	23.8140518	2.7093695891335	1.88582910359748
ITGA3	0.229201496	0.013016929	0.001956036	3.973868398	26.24149062	2.708623156472	1.88549146397592
CACHD1	-0.998243795	0.013028491	0.001959615	-3.972836087	17.25650653	2.70782924486773	1.88510588270062
IDE	-0.291664488	0.013114107	0.001974346	-3.968607694	25.26619027	2.70457673579856	1.8822612771801
TP53I11	-0.557163349	0.013128955	0.001978437	-3.96743916	21.89788241	2.70367777455539	1.88176984023152
CENPS	-1.165136735	0.013142054	0.001982269	-3.966868686	19.87970552	2.70283741075463	1.88133675264894
MID1	0.70822654	0.013157478	0.001988535	3.964565759	20.32950459	2.70146676063822	1.88082734747345
SFMBT1	-0.675364223	0.013157478	0.001989399	-3.964320556	18.63218682	2.7012781046986	1.88082734747345
MAD2L2	-0.652901521	0.013157478	0.001990175	-3.964100327	21.379094	2.70110873354368	1.88082734747345
SNX27	0.231601614	0.013166265	0.001993366	3.963196381	24.28180252	2.70041295358903	1.88053740802569
TNFRSF1A	-1.247718335	0.013208325	0.002003716	-3.960274083	16.81687742	2.69816383388928	1.87915225349677
ARNT	-0.789367587	0.013208325	0.002005293	-3.959830228	20.23241732	2.6978221622027	1.87915225349677
GOLGA2	-0.429369748	0.013208325	0.002005335	-3.959818276	22.97285326	2.69781306618669	1.87915225349677
FBN2	0.456261123	0.013258543	0.002014834	3.960955159	25.28168514	2.69576072910289	1.87750419854261
SMARCD2	0.373097483	0.013263023	0.002017389	3.956437223	24.46697737	2.69521035153212	1.87735747724437
LDHB	0.160121164	0.013274607	0.002021028	3.955420733	30.25436218	2.69442766958155	1.87697832751639
DUSP23	-0.465967432	0.013283175	0.00202421	-3.954533304	22.52658257	2.69374443397146	1.87669810567783
FKBP15	0.432918256	0.013290713	0.002027238	3.953690368	22.04674178	2.69309526165773	1.87645172006106
CCT5	0.17362232	0.013299481	0.002030455	3.952795934	28.32733559	2.69240663112753	1.8761653066445
MCM3AP	-0.484472593	0.013359298	0.002041476	-3.949743358	21.78715157	2.69005572136373	1.87421636242457
CDC27	-0.352832107	0.013509847	0.002066927	-3.94275832	22.48263087	2.68467486157156	1.86934956936672
NPM1	0.282652483	0.013509847	0.002068301	3.942383756	29.52818495	2.68438625807009	1.86934956936672
EEF2	-0.184594616	0.013526065	0.002072696	-3.941187387	30.62715314	2.68346439072044	1.86882852988765
SLC27A4	-0.277900865	0.01352661	0.002074692	-3.940644988	23.56294106	2.68304636768869	1.86881103139682
SIL1	0.295314045	0.013593889	0.002086933	3.937329976	22.46684985	2.68049149353031	1.8666562806021
MCM7	-0.289925998	0.013668485	0.002100317	-3.933728228	25.70574443	2.67771515242756	1.86427961949233
GUSB	-0.997529746	0.01374683	0.002114299	-3.929990874	19.19767704	2.67483359561525	1.86179743799587
VMA21	0.41695495	0.013781029	0.002123859	3.927450122	22.39977566	2.67287431883095	1.86071835337634
CLDND1	-0.817626957	0.013781029	0.002124205	-3.927358495	21.0264653	2.67280357324375	1.86071835337634
TPD52L2	0.30197658	0.013781029	0.00212685	3.926657676	26.91280691	2.67226313843269	1.86071835337634
ACADVL	0.190772209	0.013781029	0.002127351	3.926524935	25.96236548	2.67216084823228	1.86071835337634
LACTB2	0.276766613	0.013796459	0.002133081	3.925010408	24.51642167	2.67099265266819	1.86023236534472
TMEM256	-0.765660924	0.013796459	0.002134403	-3.924661602	20.36026434	2.67072357734257	1.86023236534472
NUP210	-0.405260684	0.013796459	0.002136533	-3.924608421	25.4584012	2.67029039486306	1.86023236534472
PHKG2	0.516095827	0.013796459	0.002137534	3.923836121	20.09180007	2.67008696857876	1.86023236534472
STRN3	-0.409548489	0.013797951	0.002139716	-3.923261798	21.93609432	2.66964386581801	1.8601854016758
NDUFS5	0.350927902	0.01384299	0.002150195	3.920511551	22.3713405	2.66752215237103	1.85877009483212
DLGAP5	-0.271000182	0.01384299	0.002150614	-3.920401795	24.96735223	2.66743753136671	1.85877009483212
NSFL1C	-0.290449864	0.013976777	0.002173375	-3.914476744	25.26323658	2.66286533286967	1.85459296396155
ACO1	-0.207136346	0.014029365	0.002183536	-3.911852369	24.67847371	2.66083964346214	1.85296198565283
TBL1XR1	-0.209752058	0.014043938	0.002187789	-3.910757509	24.32483848	2.65999456559018	1.85251109648932
URB1	-0.54080839	0.014046143	0.002190696	-3.910010495	21.96857747	2.65941788473166	1.85244291446204
PEA15	0.25179936	0.014046143	0.002192104	3.909649105	26.52029054	2.65913884546382	1.85244291446204
NELFCD	-0.326629535	0.014169017	0.002213283	-3.9042409	23.61026921	2.65496305173906	1.84866027863639
PSMC2	-0.191837126	0.014286132	0.002233597	-3.899103706	26.93324255	2.65099518236832	1.84508534142926
LARS1	0.204371421	0.014291835	0.002236509	3.898371235	26.69737906	2.65042934983093	1.84491200639369
SPNS1	0.344082128	0.014308382	0.002241121	3.897213144	23.90473623	2.64953469490908	1.84440947373152
LSM7	-0.674596924	0.014335188	0.002247346	-3.908045441	24.02040106	2.64833005872341	1.84359660708951
NOSIP	-0.243310375	0.014380841	0.002256536	-3.893360209	23.72838923	2.64655773350363	1.84221571541494
ST7	-0.718942277	0.014405831	0.002262493	-3.891878358	18.01315707	2.64541275579837	1.84146168439467
MINPP1	-0.445733641	0.014447248	0.00227104	-3.889759524	21.33490782	2.64377521645121	1.84021487209355
PLEKHM2	-0.524739289	0.014518537	0.002284299	-3.898810715	25.68969651	2.64124705035999	1.83807714429973
SNCG	0.401258603	0.014564808	0.002293638	3.884196846	23.00710276	2.63947512479928	1.83669523606825
ZNF326	-0.205399374	0.01458909	0.002299524	-3.882757166	24.4378268	2.63836205335971	1.8359717965441
CDAN1	-0.596041128	0.014619202	0.002309592	-3.880303469	16.96993207	2.63646473344058	1.83507633301805
FNBP4	-0.347841786	0.014619202	0.002309858	-3.880238916	21.75801537	2.63641471781867	1.83507633301805
C5orf51	-0.706136171	0.014619202	0.00231047	-3.880090026	21.78509873	2.63629966614941	1.83507633301805
N6AMT1	-1.428556345	0.014750572	0.002334899	-3.88323588	19.52600794	2.63173190083293	1.83119113821958
OTOG	0.51092072	0.014750572	0.002335746	3.873980761	20.29450842	2.63157438621548	1.83119113821958
KLHL11	-0.465096172	0.014750572	0.002337488	-3.87356223	21.24137916	2.63125060999434	1.83119113821958
BNIP2	0.403532042	0.014774688	0.002343398	3.872144615	24.81749235	2.63015394506727	1.83048168143209
TXLNG	-0.62999723	0.01479496	0.002348705	-3.870874904	21.88292554	2.62917152767435	1.82988620467048
EWSR1	0.276373855	0.014825723	0.002355685	3.86920947	25.95834038	2.62788278345538	1.82898411838501
TMEM132A	-0.558654261	0.014834095	0.002360745	-3.868005187	18.37619916	2.62695092146589	1.82873894402156
LRCH3	-0.761484846	0.014834095	0.002361209	-3.867894896	21.53881103	2.62686557008794	1.82873894402156
GPRIN1	0.722799826	0.014892615	0.002372629	3.865187322	21.28624155	2.62477016563824	1.82702903761672
CYP51A1	-0.587887538	0.014894835	0.002376543	-3.864262332	21.71983957	2.62405432338741	1.8269643033913
HSD17B11	-0.345011461	0.014894835	0.002377194	-3.864108794	22.68284549	2.62393537456484	1.8269643033913
ALG2	-0.259569002	0.014932747	0.002385355	-3.862185808	23.01736998	2.62244697802093	1.82586029293114
CTCF	-0.720800455	0.014944084	0.002389279	-3.861263767	20.90581907	2.62173313401501	1.82553069995807
TNFAIP2	0.211436099	0.014952233	0.002392695	3.860462167	27.10297761	2.62111265795114	1.82529394398437
SLAIN2	-0.433197843	0.015076398	0.00241537	-3.855171798	22.4381295	2.61701633213812	1.82170240618381
ZFAND3	-0.718710353	0.015076398	0.002416827	-3.854833608	18.7063843	2.61675443591191	1.82170240618381
SKIL	-0.919258391	0.01507689	0.002420026	-3.854091871	16.8178049	2.61617996807086	1.82168823374032
PPP2R3B	0.543903806	0.01507689	0.002421169	3.853827132	21.43992736	2.61597489531422	1.82168823374032
SMC2	-0.183887937	0.015084486	0.002424521	-3.853051283	26.60330577	2.61537404988848	1.8214694837102
NT5DC3	-0.598525606	0.015092143	0.002427885	-3.852273772	20.24453171	2.61477188804498	1.82124908845536
PLCG1	-0.494333235	0.015184012	0.00244481	-3.848378834	23.02633497	2.61175488670718	1.81861346169156
POGLUT3	-0.474021784	0.015194155	0.002448592	-3.847512525	20.33784745	2.61108357376064	1.81832344754465
ATP2B1	-0.462258494	0.015250471	0.002459823	-3.844947314	22.48027883	2.60909614203844	1.81671674323246
SSR1	0.243198172	0.015337099	0.002475964	3.841281882	24.23638672	2.60625567415717	1.81425677907269
DDA1	-0.372688166	0.015420119	0.002491546	-3.83776655	21.19925449	2.60353109028632	1.81191227473876
XRCC5	-0.181935986	0.015429048	0.002495616	-3.836852171	28.04411607	2.6028222386654	1.81166086986049
UBE2D2	-0.26963463	0.015429048	0.002497351	-3.836462773	25.22707619	2.60252041373588	1.81166086986049
PLXNA1	-0.334498234	0.015465704	0.00250547	-3.834644393	22.53124451	2.60111079304621	1.81063030609362
PTK7	-0.203647981	0.015503733	0.002513823	-3.832780178	25.37854113	2.59966530454563	1.8095637195003
MET	-0.657117943	0.015567642	0.002526386	-3.829988085	17.33834579	2.59750029397748	1.80777716417826
RFC2	-0.459545461	0.01556945	0.00252888	-3.829435443	23.59672378	2.59707177823736	1.80772672886951
METTL2B	-0.388281265	0.015584166	0.002533677	-3.828374248	21.61898473	2.59624875095957	1.80731643440668
DBR1	-0.331919493	0.015584166	0.002536585	-3.827731827	23.69228993	2.59575058005959	1.80731643440668
SF3A3	0.28361208	0.015584166	0.002537879	3.827446211	25.73287026	2.59552908786977	1.80731643440668
POLR3D	0.479157633	0.01559154	0.002541284	3.826695487	20.44105548	2.59494679786159	1.80711098676939
NECTIN4	-0.412712243	0.01566707	0.002559649	-3.822664057	22.3333673	2.59181958461565	1.80501221615503
ACO2	-0.191659218	0.01566707	0.002559886	-3.82261225	26.27750667	2.59177937479492	1.80501221615503
RASA2	-0.41598345	0.01566707	0.002560239	-3.822535043	22.18206012	2.59171949111929	1.80501221615503
GLDC	-0.264464864	0.015750583	0.002576113	-3.819075217	26.09773047	2.58903509076871	1.80270336638251
PDP1	0.380816031	0.015788705	0.00258458	3.817238717	22.65972246	2.58761002065596	1.80165348965086
TRIM38	-0.628001475	0.015819311	0.002591827	-3.815671919	18.98178758	2.58639399024466	1.80081243584557
ZBED1	-0.524918156	0.01600156	0.002627604	-3.808001683	18.77606412	2.58044008567755	1.79583767569621
PARP8	-0.65686676	0.01600156	0.002628172	-3.807880768	20.26321679	2.58034621589821	1.79583767569621
RAB1B	0.207568031	0.01600156	0.002628472	3.80781692	25.44069754	2.58029664497626	1.79583767569621
ACSL5	-0.62747646	0.016003153	0.002630996	-3.807280052	21.194419	2.57987981218767	1.79579444261924
PYCR3	-0.278048278	0.016104448	0.002651543	-3.802929276	23.72408223	2.57650132554663	1.7930541565731
TATDN1	0.236008225	0.016104448	0.002652203	3.802790235	24.47419028	2.57639323803281	1.7930541565731
HBS1L	-0.241248989	0.016139497	0.002660256	-3.801094787	24.39865392	2.57507656861791	1.79211000452897
PSMB10	0.977483717	0.016176376	0.002670065	3.799507702	20.64683957	2.57347816605201	1.79111876699372
BCAP31	0.246934259	0.016176376	0.002670909	3.798860401	26.54508568	2.57334090848596	1.79111876699372
PVR	0.378882398	0.016176623	0.002674921	3.798021163	21.6078719	2.57268903972526	1.79111213572364
OARD1	-0.41892255	0.016176623	0.002675523	-3.797895387	21.56685372	2.57259131128283	1.79111213572364
MYO15B	-0.666700859	0.01618533	0.002681539	-3.877500675	28.21754255	2.57161588232514	1.79087844141322
IFITM3	-0.63291531	0.01618533	0.002680277	-3.796902922	21.73720266	2.57182032039101	1.79087844141322
APIP	-0.449277943	0.016220437	0.002689648	-3.794951773	20.24989826	2.57030455332864	1.7899374495002
AHCY	-0.164003373	0.016334649	0.002711653	-3.790397927	29.11846425	2.56676588627514	1.78689019323635
RAB19	0.62279143	0.016334649	0.002713205	3.790078069	20.85463658	2.56651739127147	1.78689019323635
PYM1	0.632812037	0.016365748	0.002723061	3.793329909	23.29240859	2.56494262980705	1.7860641403805
TRRAP	-0.411040389	0.016365748	0.002723083	-3.788047324	22.96504388	2.56493912109388	1.7860641403805
HMGA1	-0.340608661	0.016365748	0.002725311	-3.78759033	23.47129528	2.56458393086365	1.7860641403805
MAP1A	-0.662448131	0.016390963	0.002731827	-3.786256052	17.70348849	2.56354680693937	1.78539553005976
PDLIM2	0.401028207	0.016399939	0.002735642	3.78547647	23.21321876	2.56294073721411	1.78515776731893
ILF2	-0.274378649	0.016520819	0.002758141	-3.780900861	26.32006108	2.55938353585535	1.78196842684832
PDE7A	-0.48948556	0.016565144	0.002767882	-3.778931623	20.81667497	2.55785242860878	1.78080478446457
RRP15	0.452922977	0.016603383	0.002776619	3.777171633	21.86464589	2.55648370885237	1.77980341385496
IRS2	-0.455951166	0.016638065	0.002784771	-3.775534558	22.57619923	2.55521051234857	1.77889718337506
PDCD11	0.376507344	0.016683597	0.00279475	3.77353717	23.780885	2.55365703517522	1.77771030928353
GCLM	-0.523694548	0.016755851	0.002811733	-3.77015482	22.08893262	2.55102592196376	1.77583351022091
AMIGO2	0.638922593	0.016755851	0.00281391	3.769722866	18.54651521	2.55068979713881	1.77583351022091
SH2D4A	0.327192485	0.016755851	0.00281396	3.769712956	23.4337193	2.55068208028533	1.77583351022091
SMNDC1	0.364501212	0.016806532	0.002824847	3.767557455	22.83092472	2.54900506956318	1.7745218932617
SRM	-0.260747663	0.016816582	0.002828913	-3.766754537	24.91456389	2.5483804085702	1.77426227068937
AK2	0.271107843	0.016936512	0.002852552	3.762110608	26.86074469	2.54476642995717	1.77117602583101
RAB2A	0.200807044	0.016936512	0.002853877	3.761851506	26.7764487	2.54456474859082	1.77117602583101
CHKA	-0.463742011	0.016995464	0.002868195	-3.759059155	20.22606228	2.54239132561753	1.7696669740707
NXT1	-0.578027101	0.016995464	0.002868615	-3.75897734	21.01273278	2.54232773498694	1.7696669740707
SLC25A12	0.435658642	0.017001794	0.002872087	3.758302519	23.11482475	2.54180240877248	1.7695052501986
HPF1	-0.441125431	0.017226643	0.002912506	-3.750507516	21.51437606	2.53573317128293	1.76379934638375
GPN3	-0.62030585	0.017235862	0.002916501	-3.749743074	20.25131818	2.53513787032452	1.7635669917755
UQCRB	0.323450425	0.017310789	0.002931626	3.746858639	23.41830531	2.53289143529165	1.76168313717734
KIF2C	-0.375654208	0.017334358	0.002938068	-3.745634805	23.10999396	2.53193815691778	1.76109223835835
KMT2B	-0.625042216	0.017339066	0.002941317	-3.745018591	19.58204506	2.53145816694763	1.76097430028374
NAGLU	-1.592224879	0.017377815	0.002950347	-3.7545705	17.56412312	2.53012690221753	1.76000483048215
NT5C	0.330104606	0.017425224	0.002960859	3.741327037	22.31619773	2.52858227379273	1.75882163036977
RAB33B	-0.632962696	0.017439711	0.002965786	-3.740400293	19.17148573	2.5278601892389	1.75846071620077
CLDN16	4.526210775	0.017505673	0.002979478	3.834544353	18.99689646	2.52585981698995	1.75682118826553
DNAJC5	0.297886033	0.017547408	0.002989062	3.736043355	23.8237127	2.52446507660387	1.75578702588951
EFHD1	0.662260162	0.017667349	0.003011991	3.733017225	22.52822856	2.52114633016595	1.7528286118427
COQ5	-0.492586243	0.017690424	0.003018687	-3.730548203	20.17315054	2.520181915536	1.75226175789561
ACOT8	0.494655925	0.017690424	0.003021354	3.730056187	23.31985769	2.5197983871929	1.75226175789561
PIK3C2A	-0.26999967	0.017690424	0.003023427	-3.729674094	24.1386327	2.51950051287908	1.75226175789561
RARS1	0.162566024	0.017693024	0.003026869	3.729040194	27.32122519	2.51900637448718	1.75219793338337
KIF15	0.245298033	0.017693024	0.003028874	3.728671448	24.63686286	2.51871879277573	1.75219793338337
PRKAA1	0.217746034	0.01773594	0.003038728	3.726862142	24.00816349	2.51730817237343	1.75114578909254
PGK2	0.719057466	0.017744316	0.003053875	3.74348881	23.584706	2.51514874328524	1.75094073698424
OSBP	0.193594727	0.017744316	0.003045042	3.725705936	24.94569146	2.5164067128037	1.75094073698424
UBR1	-0.337491166	0.017744316	0.003045408	-3.725639014	22.59317335	2.51635451574747	1.75094073698424
EPCAM	-0.322975156	0.017744316	0.003049771	-3.724841627	26.2760135	2.51573276956145	1.75094073698424
BAX	0.82199582	0.017744316	0.003054962	3.723894463	17.70064627	2.51499418748131	1.75094073698424
NAA25	-0.196787624	0.017744316	0.003055213	-3.7238487	23.96327518	2.51495850669802	1.75094073698424
BECN1	0.833843462	0.017824187	0.003071485	3.720890625	20.67393553	2.51265160127332	1.7489902701418
RPS21	0.187895715	0.017864341	0.00308093	3.719181064	26.62221979	2.51131816892067	1.74801299991171
CSRP1	0.392863988	0.017868051	0.003084095	3.723657752	26.76517974	2.51087225275456	1.7479228166106
BCR	-0.39882419	0.017880139	0.003093322	-3.716946011	22.65783167	2.50957486966884	1.74762910932655
ZNF121	-1.138383065	0.017880139	0.003093326	-3.716945288	19.55312258	2.50957430807946	1.74762910932655
TUBA1A	-0.209156085	0.017880139	0.003093765	-3.71686642	32.21770367	2.50951267805725	1.74762910932655
PNPLA6	-0.641264027	0.017929899	0.003104909	-3.714864634	20.70633478	2.50795112378917	1.74642215683303
NUP93	-0.253226073	0.017963636	0.003113419	-3.713340964	25.31385497	2.50676242858097	1.745605753698
PDXK	0.378460185	0.017963636	0.00311602	3.712876144	25.33771864	2.5063997634957	1.745605753698
RPL36	-0.214038267	0.017963636	0.003118369	-3.712456691	26.30541206	2.50607249556735	1.745605753698
MTFR1	-1.358618263	0.017982159	0.003131753	-3.715093727	19.12030524	2.50421249788073	1.74515816657966
SLC25A3	0.150076706	0.017982159	0.003125302	3.711220588	27.70159171	2.50510801012905	1.74515816657966
TOMM34	0.268431011	0.017982159	0.00312747	3.710834663	24.62529258	2.50480684754883	1.74515816657966
HPRT1	-0.240386224	0.017982159	0.003129667	-3.710443966	25.50578321	2.50450186940437	1.74515816657966
CARS1	0.262223241	0.018038413	0.003146608	3.707439568	24.57908123	2.50215735751284	1.7438016738706
OTUD7A	-0.831931017	0.018038413	0.003147281	-3.707320579	19.83679246	2.50206448006062	1.7438016738706
TEKT3	-0.471431788	0.018038413	0.003149854	-3.706865742	20.80286035	2.50170957588146	1.7438016738706
GPI	0.187226427	0.018038413	0.003152299	3.706434064	28.15606907	2.50137259578544	1.7438016738706
UBE2C	-0.323449034	0.018038413	0.0031543	-3.706080977	24.5313451	2.50109700404814	1.7438016738706
DCAF7	-0.353055033	0.018199709	0.003185078	-3.700678598	22.78364874	2.49687992767563	1.73993555600968
CIP2A	-0.179659974	0.01820406	0.003188413	-3.700096468	25.40049125	2.49642542880544	1.73983174174255
HSPA1B	0.164810037	0.018220526	0.003193872	3.699144778	29.13795022	2.49568249295884	1.73943908973404
FAM107A	-0.836121078	0.018251347	0.003201855	-3.697756295	20.59534878	2.49459833953907	1.73870507788808
SLC7A5	0.441057385	0.018277173	0.003208969	3.696521838	24.29655936	2.49363447835291	1.73809097739025
CDK5RAP2	1.456084265	0.018378892	0.003229426	3.700447603	18.05072056	2.490874662556	1.73568067427692
PIR	-0.655401469	0.018382002	0.003232571	-3.692446497	22.15676688	2.49045192752426	1.73560719098014
PCBP3	-0.559887853	0.018541665	0.00326327	-3.687191302	20.47791482	2.48634699159398	1.73185126976838
NAT14	-0.485125941	0.018576554	0.003272037	-3.685699917	20.64513701	2.48518179399675	1.73103484564839
MCM3	-0.246219591	0.018658588	0.003289124	-3.68280477	25.7985651	2.48291975330341	1.72912122484519
SUMO2	0.213559113	0.018659657	0.00329195	3.682327396	26.15999541	2.4825467697201	1.72909634367507
RNASET2	0.75212383	0.018665653	0.003295646	3.68170367	20.41238649	2.48205944397227	1.72895681209524
MT-ND1	0.637765281	0.018692177	0.003302972	3.680469706	20.51131523	2.48109510790018	1.72834011520607
PLCB4	-0.285792692	0.018735538	0.003318668	-3.677835089	22.83479292	2.47903619229761	1.72733383141584
NOP53	-0.388672713	0.018735538	0.003319688	-3.677664371	24.22895398	2.47890273143019	1.72733383141584
PGPEP1	-0.792498745	0.018735538	0.003320725	-3.67749084	18.01445055	2.47876708824613	1.72733383141584
TARS2	-0.36463195	0.018735538	0.003321228	-3.677406702	22.9381197	2.47870130936307	1.72733383141584
HTRA2	0.378219834	0.018735951	0.003324449	3.676868016	21.00187157	2.47828032512452	1.72732425807751
GPHN	0.289446755	0.018735951	0.003326598	3.676508948	23.7570331	2.47799967791993	1.72732425807751
CDC5L	-0.272346697	0.018823434	0.00334511	-3.673425719	24.69884786	2.47558959639914	1.7253011443941
XRCC6	-0.178093077	0.018823434	0.003350086	-3.672599919	28.27418396	2.47494404405389	1.7253011443941
CA13	0.498273614	0.018823434	0.003350113	3.672595349	21.05933302	2.47494054387396	1.7253011443941
EXOSC5	-0.958842891	0.018825582	0.003353157	-3.673275818	20.65021346	2.47454611175538	1.72525158854127
LRPAP1	-0.23899257	0.018830874	0.003356762	-3.671494011	25.31731901	2.47407944986038	1.72512952254476
SYNE1	-0.475744014	0.018882918	0.003368708	-3.669520589	22.16419308	2.47253663208349	1.72393089280402
GALNT6	-0.670245058	0.018902996	0.003374962	-3.668490348	18.08685432	2.47173111269465	1.72346935756481
ANKLE2	-1.277812659	0.018946391	0.003385388	-3.67165794	19.58359801	2.47039154954831	1.72247350432682
EIF3K	-0.299077538	0.019089095	0.003413586	-3.662171038	24.9885289	2.46678915129921	1.71921466070129
MYH7	0.925747682	0.019112113	0.003423283	3.66059592	19.55106697	2.46555719660913	1.71869129549283
CUL4A	-0.268179231	0.019112113	0.003424121	-3.66045998	24.78586367	2.46545089682671	1.71869129549283
TIMP3	0.581759521	0.019112113	0.003425807	3.66018672	21.07071919	2.465237107569	1.71869129549283
PDE12	0.304913815	0.019159694	0.003437044	3.658368563	24.10902093	2.4638149081203	1.71761143133121
PM20D2	0.618821455	0.019297318	0.003464461	3.653958244	21.85922291	2.46036432322655	1.7145030463673
HDAC7	-0.150661614	0.01937884	0.003481836	-3.651181663	25.85711451	2.45819168869611	1.7126722229858
MRPL24	-0.249189206	0.019615281	0.00352709	-3.644016085	23.95022955	2.45258345839186	1.70740546597567
HDGF	0.157553845	0.019701562	0.00354539	3.641145278	27.54651342	2.45033598459042	1.70549934028062
DPY30	-0.388628948	0.019733541	0.003553934	-3.639810058	23.36213649	2.44929064172542	1.70479497765825
CAVIN2	-0.432010302	0.019736827	0.003557316	-3.639282502	22.20979972	2.44887755427988	1.70472266560528
PXMP2	-0.424187611	0.019743631	0.003563946	-3.638249653	21.34526439	2.44806888490444	1.7045729743487
CSF1	-0.732470054	0.019743631	0.003564125	-3.638221938	16.8011671	2.44804707291287	1.7045729743487
ATP6V1F	0.397583254	0.019819093	0.003580549	3.635672043	22.27687117	2.44605037855424	1.70291622442735
CBX8	-0.396398469	0.019885683	0.00359539	-3.633378206	20.41552462	2.44425399383148	1.70145948800528
SSUH2	-0.410622288	0.019972164	0.003613849	-3.630538656	22.2484916	2.44202999782844	1.69957487642413
RAB23	-0.320104855	0.019974554	0.003617105	-3.630039322	22.44643563	2.44163888403387	1.69952290901028
HMOX2	0.163716703	0.019998752	0.003624314	3.628935434	25.76672814	2.44077418335729	1.69899710515724
SERPINA1	-0.758688126	0.020121979	0.003649491	-3.625097819	18.36361146	2.43776770302464	1.69632930858063
SPATS2L	0.256065936	0.020132444	0.003654235	3.624377746	23.99403369	2.43720352706517	1.69610350025862
COL4A1	-1.031045089	0.020271632	0.003682365	-3.620127607	19.78425446	2.43387316595981	1.693111286331
THRB	1.040196148	0.020532703	0.003732691	3.612606116	16.99243163	2.42797796039497	1.68755387475444
ANKRD52	-0.520557882	0.020652315	0.003757355	-3.60895783	21.23626369	2.42511777026599	1.68503125948582
PUSL1	0.757951815	0.020815011	0.003789897	3.604181568	19.5833928	2.42137259291834	1.68162335526781
HDLBP	-0.205348034	0.02082115	0.003793958	-3.603588467	26.47074364	2.42090748116196	1.68149528707998
SPTB	-0.6308253	0.020848368	0.003804281	-3.602083853	18.02835917	2.41972741175507	1.68092793571827
TIMM44	-0.290427392	0.020848368	0.003804812	-3.602006503	23.99119733	2.41966679733748	1.68092793571827
CRK	-0.2360586	0.020858311	0.003809576	-3.601313719	24.58426788	2.41912335794833	1.68072086144533
TPPP3	-1.696816812	0.020884875	0.00381738	-3.618733895	18.55150028	2.41823460617906	1.68016811972722
BCKDHB	-0.469857166	0.020902588	0.003823572	-3.599283119	21.05961648	2.41753072738998	1.67979993950921
UPF2	-0.630132577	0.021069645	0.00385712	-3.5944468	21.49609758	2.41373684945982	1.67634278170751
RING1	-0.36465274	0.021069645	0.003860268	-3.593995296	22.324089	2.41338254328658	1.67634278170751
PPT2	0.643157875	0.021069645	0.003863066	3.59359418	17.75770515	2.41306787192483	1.67634278170751
EPB41	-0.541314891	0.021115206	0.003874404	-3.591971935	20.27138244	2.41179509558834	1.67540467724041
UGP2	-0.174636783	0.021130754	0.003880244	-3.591138274	27.04719391	2.41114096396204	1.67508500591991
HSPB1	0.199419381	0.021169842	0.003893403	3.589264566	31.07048893	2.40967064081874	1.67428238330247
NCAPG2	-0.470131093	0.021169842	0.003893407	-3.589263948	22.37726229	2.40967019463399	1.67428238330247
PCDH11X	-0.60275935	0.021199875	0.003901928	-3.588054164	19.09726905	2.40872074865016	1.67366669977739
SORBS2	-0.545076531	0.021232051	0.003913492	-3.586416481	19.26859398	2.40743554963237	1.67300805129049
MCOLN1	-0.744342951	0.021232051	0.003913853	-3.586365486	19.65978661	2.40739548999323	1.67300805129049
SNAPIN	0.71788242	0.021310304	0.00393129	3.583905682	21.27370075	2.40546491833857	1.67141035485732
BICD1	-1.239898556	0.021370075	0.003948359	-3.584187051	18.33527483	2.40358336648094	1.67019395364178
PPM1F	-0.410091887	0.021370075	0.003947619	-3.581612331	21.58903511	2.40366476942242	1.67019395364178
PLGRKT	0.967576313	0.021424875	0.003964541	3.597539265	22.19989282	2.4018070864564	1.66908170321893
PUDP	-0.671780112	0.021424875	0.003962822	-3.579485873	17.33499221	2.40199543464384	1.66908170321893
LAMB1	-0.295097033	0.021485108	0.003978905	-3.57724538	24.96051352	2.40023642990823	1.66786245889019
PEX16	0.952530081	0.021485108	0.003981761	3.576848476	20.31609505	2.39992481148496	1.66786245889019
CASP1	-1.301269823	0.021621536	0.004010101	-3.58298954	19.81550721	2.39684468892838	1.6651134568846
IP6K2	-1.342947685	0.021676745	0.004025372	-3.575401932	18.66557846	2.39519397862979	1.66400593129736
PIGQ	-0.480719923	0.021676745	0.004027528	-3.570527662	16.94178966	2.39496143161558	1.66400593129736
FLAD1	0.318940177	0.021676745	0.004029533	3.570252428	22.68064471	2.39474528320757	1.66400593129736
MT-CYB	0.599693678	0.021783072	0.004052378	3.567126428	19.836669	2.39229005105671	1.661880873039
CIITA	-0.73832769	0.021784229	0.004055673	-3.566677086	18.02155297	2.39193706847269	1.66185780625707
GSK3A	-0.719357337	0.021859	0.004072683	-3.564363032	20.92143431	2.39011939219942	1.66036970992592
CCDC9B	-0.729074368	0.021918579	0.004086882	-3.562439023	20.15127019	2.38860790143416	1.65918760495331
UBAP1	0.333378673	0.021981476	0.004101717	3.560436102	22.74817258	2.38703430729731	1.6579431491676
SETX	-0.475708668	0.022028027	0.004113518	-3.558848204	21.07077323	2.38578659796066	1.65702439987081
ADGRE5	-0.358715594	0.022100242	0.004130127	-3.556621021	22.77973191	2.38403659373072	1.65560297071809
KDM2A	-0.426217653	0.022112658	0.004137353	-3.555654925	22.6399821	2.38327742340909	1.65535905093771
LAMB2	-0.365124695	0.022112658	0.004138699	-3.555475186	23.49944848	2.38313615789316	1.65535905093771
THEMIS2	-0.774255313	0.022219241	0.004161789	-3.553494632	21.57897436	2.38071994201449	1.65327078046003
ERO1A	0.159105536	0.022267591	0.004173993	3.550782844	25.39426192	2.37944828360404	1.65232676419617
PEBP1	-0.268836888	0.022299432	0.004183114	-3.549576815	25.86041409	2.37850029968035	1.6517061989432
HNRNPUL2	0.210099804	0.022376888	0.004200807	3.547244952	26.12769814	2.37666727103531	1.65020031183819
PHF8	-0.558335426	0.022400222	0.004210647	-3.54595246	19.61571559	2.37565116617369	1.64974767751864
SYNJ2BP	0.274582127	0.022400222	0.00421152	3.545837832	24.60712622	2.37556113255549	1.64974767751864
PPIL4	0.842911185	0.022423466	0.00421906	3.545937938	21.18842328	2.37478429839541	1.64929725756024
CTU2	-0.51676481	0.02251021	0.004238564	-3.542302163	17.84368344	2.37278125484783	1.64762045340393
POGLUT2	-1.000924043	0.022563221	0.004251735	-3.540588477	19.18939092	2.37143381179319	1.64659890279709
COMMD4	-0.445805249	0.022577549	0.004257627	-3.539823708	21.40979155	2.37083238867914	1.64632320650101
MIF	-0.478234727	0.02260574	0.00426768	-3.567394747	28.48340064	2.36980815237886	1.64578127174597
BBX	-0.424279602	0.02260574	0.004271049	-3.538085395	20.94842304	2.36946544606146	1.64578127174597
KIFBP	-0.292652806	0.02260574	0.00427253	-3.537893967	26.91572731	2.36931487915404	1.64578127174597
RBPMS	0.595882791	0.022641813	0.004282548	3.536600582	18.87942516	2.36829776064072	1.64508880078893
RPS27	-0.194160222	0.022862972	0.004327611	-3.530820977	26.80923743	2.3637517839796	1.64086731552845
EMG1	0.471220997	0.022881222	0.004335156	3.529859272	21.87302348	2.36299526987862	1.64052078522495
HACL1	0.646500247	0.022881222	0.004337535	3.52955648	21.57907049	2.36275700782169	1.64052078522495
FCGRT	-2.115280625	0.022909573	0.004346147	-3.574007319	17.68689102	2.36189558859783	1.63998300533142
SPTBN1	0.235959309	0.022915524	0.004350516	3.52790681	27.40508918	2.36145922978961	1.63987020746975
ILVBL	-0.245010337	0.022966697	0.004363478	-3.526264623	23.44890727	2.36016720933922	1.63890145921593
SPINT1	-0.31366094	0.023190242	0.004409228	-3.520508006	24.63917875	2.35563744334158	1.63469471929145
ENDOD1	0.416998578	0.023227303	0.004419558	3.519216645	21.21094141	2.35462116227072	1.63400121466022
PDCL3	-0.237974526	0.023285447	0.004433913	-3.517427235	23.3970814	2.35321283264476	1.63291542070011
APLF	-0.533817642	0.023339901	0.00445088	-3.571310925	29.07074624	2.35155411455602	1.63190099041768
MDN1	-0.230433012	0.023339901	0.00444904	-3.515547888	24.7419453	2.35173368962144	1.63190099041768
GNG5	-0.320183747	0.023368284	0.004462503	-3.513880862	24.37750793	2.35042147891717	1.63137317792413
ZBTB7B	-0.49336605	0.023368284	0.0044629	-3.513831861	20.86630412	2.35038284426741	1.63137317792413
EIF3C	-0.220791773	0.023498501	0.00449109	-3.510358055	26.83881684	2.34764824172826	1.62895984105559
WASL	-0.571193352	0.023535204	0.004503464	-3.508840293	21.23238914	2.34645330458978	1.62828203293459
MAP4K2	-0.597895282	0.023535204	0.004505824	-3.50855131	18.91903619	2.34622577606572	1.62828203293459
NAT10	-0.216190721	0.023535204	0.004508086	-3.508274489	25.64209943	2.34600780758396	1.62828203293459
KANK4	-0.578473545	0.02360454	0.004524704	-3.506245012	22.04588992	2.3444098264856	1.62700445858406
CDH3	-0.481746467	0.023624211	0.004531814	-3.505378968	21.82379835	2.34372792326392	1.62664268711788
REEP4	-0.244784384	0.023662536	0.004542511	-3.504078717	24.03158031	2.34270401234497	1.62593871229536
RAP2B	-0.389253275	0.023746501	0.00456356	-3.501529214	24.32936826	2.34069623515299	1.62440037375875
RPF2	0.306279637	0.023746501	0.004565344	3.501313708	23.20125227	2.34052649268104	1.62440037375875
DPH7	-0.413608196	0.023765335	0.004572324	-3.500471215	19.93964296	2.33986300259291	1.62405605944092
H2AC20	2.215077602	0.023776599	0.004577852	3.556998198	18.23267655	2.33933825198963	1.62385026667129
C19orf47	-0.595327844	0.023837215	0.004592893	-3.497996275	22.51269322	2.33791367216336	1.62274448638085
UBXN6	-0.702158307	0.02389208	0.004606841	-3.505873377	22.75433552	2.3365967766803	1.62174603973526
USP10	-0.18954324	0.023917292	0.004616046	-3.495223853	24.67384435	2.3357298719826	1.62128799425026
RPS3	-0.207694805	0.023917292	0.004622335	-3.494473291	29.07868592	2.33513858257408	1.62128799425026
PACSIN3	-0.296687051	0.023917292	0.004625064	-3.494147873	24.15001343	2.33488225326991	1.62128799425026
GRHPR	0.206834712	0.023917292	0.004625227	3.494128478	26.03057341	2.33486694780535	1.62128799425026
GNPNAT1	0.429761071	0.024101228	0.004664204	3.489502541	22.80552247	2.33122246293669	1.61796082879289
ODR4	-0.564448102	0.024121536	0.004671544	-3.488635833	22.49944331	2.33053955629568	1.61759504084843
PGK1	0.148070596	0.024314121	0.004712279	3.483850987	29.93607038	2.32676900417737	1.61414142635284
ARAP3	-0.866680197	0.02449846	0.004751468	-3.479287301	18.32991768	2.32317219125885	1.61086121500375
VPS13A	0.398425497	0.024525344	0.004760149	3.478281571	21.07817133	2.32237945298013	1.61038489235764
LCMT1	-0.672075564	0.024603237	0.004778746	-3.476133418	19.1770012	2.32068605249448	1.60900774985784
FANCA	-0.683451237	0.024858991	0.004831936	-3.470035972	16.90954931	2.31587882666981	1.60451650288767
USP54	-0.603345596	0.025014286	0.004865657	-3.466205688	18.05206973	2.31285850951487	1.60181188897028
C11orf52	0.56943581	0.025026719	0.004871613	3.465531957	17.40095946	2.31232721927504	1.60159608261689
TCEAL4	0.306248213	0.025043657	0.004878451	3.464759587	23.508965	2.31171805278051	1.60130225297937
BCL2L13	0.520791012	0.02518534	0.00490961	3.46125361	22.62434219	2.30895300514282	1.59885218182723
EPB41L1	0.65496185	0.025192337	0.004914536	3.46070153	21.55062036	2.308517479287	1.59873154273903
PXMP4	0.806643622	0.025226567	0.004924779	3.459555072	19.47983671	2.3076132537418	1.59814184715979
MOCS3	1.273428453	0.025367402	0.004955859	3.520434138	22.45658232	2.30488105830749	1.59572400872779
CNTRL	0.819386931	0.025368992	0.004959756	3.455658784	17.08997399	2.30453968852193	1.59569678849505
PDXDC1	-0.269831105	0.02539618	0.004968662	-3.454671232	24.18334091	2.3037605457233	1.59523160344641
CD9	-0.687037736	0.025540567	0.005007553	-3.503880963	25.22338072	2.30037444543214	1.59276946563807
IGFBP3	-0.428743473	0.025540567	0.005002576	-3.453662313	24.48884184	2.30080630476473	1.59276946563807
NBEAL2	-0.383983454	0.025540567	0.005009428	-3.450173501	21.28339249	2.30021186108401	1.59276946563807
PBDC1	0.304922263	0.025540567	0.005011352	3.449962044	24.86128418	2.30004509111332	1.59276946563807
MRPS15	-0.310876255	0.025558334	0.005018452	-3.449182918	22.18875453	2.2994302253918	1.59246745873695
LEO1	0.26577619	0.025640418	0.005038194	3.447022119	23.26386045	2.2977251136328	1.59107489905908
COX6A1	1.027702695	0.025790492	0.005071328	3.452616836	21.01863684	2.29487829953231	1.58854037283504
HECTD1	-0.341671484	0.025805092	0.005077847	-3.442707962	22.65031961	2.2943203889402	1.58829458824987
ARHGEF40	-0.941884574	0.025818217	0.005086012	-3.441823881	19.60370652	2.2936226194793	1.5880737533089
SGPL1	0.152463455	0.025818217	0.005087729	3.441638151	25.69675454	2.29347602961967	1.5880737533089
ZMYND8	-0.753871362	0.025954404	0.005118235	-3.438349004	21.38254326	2.29087977767896	1.58578893952576
PSMD3	-0.173525393	0.026029894	0.005140566	-3.435953956	26.34675883	2.28898906054873	1.58452760043893
SNRNP200	-0.232567914	0.026029894	0.005144719	-3.435509697	27.18482108	2.28863834103413	1.58452760043893
MIA2	0.569702975	0.026029894	0.005147451	3.435217616	20.62980619	2.28840777885872	1.58452760043893
IMP4	-0.514931949	0.026029894	0.00514784	-3.435176023	18.69711259	2.28837495986341	1.58452760043893
SAE1	-0.172715647	0.026037566	0.005153038	-3.434620832	26.18360515	2.28793665491337	1.58439961619352
XXYLT1	-0.53630142	0.026043446	0.005157883	-3.434103843	21.4262756	2.28752851350298	1.58430155160275
EMC1	-0.290705983	0.026075991	0.005168015	-3.433024379	24.48517193	2.28667623448515	1.58375917752643
SEPHS1	0.230069988	0.026137602	0.005184904	3.431229734	23.70159151	2.28525928028868	1.58273425936984
SLC41A3	0.499410506	0.026137602	0.005191103	3.430572511	18.42170075	2.28474035392064	1.58273425936984
EML4	-0.180287116	0.026137602	0.005191311	-3.430550558	24.99860258	2.2847229527166	1.58273425936984
ME2	0.395798879	0.026229979	0.005213366	3.428218827	23.74780922	2.2828817847218	1.58120205711029
APBB2	0.657654703	0.026268462	0.005224728	3.427021526	16.66665674	2.28193631405402	1.58056535410646
DDX17	-0.201518741	0.026393122	0.005253254	-3.42402726	26.06552919	2.27957160012369	1.5785092347448
ESYT1	-0.22224127	0.026412014	0.005260748	-3.423243376	25.58812925	2.27895250124991	1.57819848119605
KLHL33	-0.35156123	0.026449616	0.005271976	-3.422070991	21.30761466	2.27802657547992	1.57758062874379
HKDC1	-0.563688436	0.026591457	0.005304007	-3.421414434	23.00880923	2.27539591143975	1.57525786613874
USP9X	-0.222361327	0.026644008	0.005318256	-3.417265538	24.71728632	2.27423076126706	1.57440044461601
GK3P	-0.638385948	0.026650523	0.005323323	-3.416741919	16.94898598	2.27381718160823	1.57429426379368
BOLA2	-0.203371217	0.02679955	0.005356879	-3.413287538	25.18562038	2.27108816326421	1.57187249829053
CTNND1	-0.187443632	0.026832428	0.005367244	-3.412224972	26.45190278	2.27024866082535	1.57134002731716
NCAPD2	-0.184086953	0.02693126	0.005390821	-3.409815816	25.75746428	2.26834508850208	1.56974332730716
TOPBP1	0.315307453	0.026938337	0.005396045	3.409283397	23.34440512	2.26792443721174	1.56962921833894
ZNF24	0.55816263	0.027056128	0.005423465	3.406497721	18.53394769	2.26572315819104	1.56773435513508
HECW1	-0.269661858	0.027122347	0.005440572	-3.404766919	22.30395441	2.26435543791498	1.56667273202303
PMPCA	-0.205063825	0.027236002	0.005471842	-3.401617649	24.5720018	2.26186645140468	1.56485664260249
SORL1	-0.636625188	0.027236002	0.005473379	-3.401463362	19.7000096	2.26174447842249	1.56485664260249
DNAL4	-0.555168605	0.027236002	0.005474921	-3.401308491	18.57004387	2.26162214306531	1.56485664260249
ITPR3	0.577491129	0.027328154	0.005497309	3.405169174	23.33943646	2.25984985095072	1.56338970364179
GPD1L	-0.242904142	0.027389006	0.005519795	-3.396823553	25.17526683	2.2580770512603	1.56242372884674
SOD1	-0.205908135	0.027389006	0.005520147	-3.396788444	26.63239711	2.25804935697392	1.56242372884674
CLGN	-0.557819688	0.027389006	0.005521165	-3.396687155	22.39433394	2.25796927377659	1.56242372884674
GCFC2	-0.378024142	0.027421992	0.005531691	-3.395640767	21.93148604	2.25714208755458	1.56190100019621
ENSA	0.232227359	0.027425001	0.005536175	3.395195642	25.42709276	2.25679019016743	1.56185334791754
OSBPL3	0.612770662	0.02750943	0.005557107	3.393122461	20.22532887	2.25515124095761	1.56051840817154
GLYR1	-0.367086156	0.027516479	0.005562421	-3.392597431	22.32928517	2.2547361440124	1.56040713906667
VPS52	-0.364790613	0.027531095	0.005575725	-3.391285197	21.35803467	2.25369865419407	1.56017651497789
ABCD1	-0.507516348	0.027531095	0.005575924	-3.391265549	18.9478226	2.25368315431564	1.56017651497789
EEF1AKMT2	0.71306934	0.027531095	0.005577051	3.39115453	17.1063462	2.25359538403322	1.56017651497789
EHBP1L1	0.406456418	0.027586002	0.005592073	3.38967698	22.17722664	2.2524271678614	1.55931123664126
PSMD8	-0.206821051	0.027669594	0.005617767	-3.387159169	25.17316914	2.25043627736526	1.55799721327875
AURKB	-0.52090914	0.027669594	0.00562514	-3.386438777	20.55598496	2.24986666424401	1.55799721327875
SHC1	0.374007309	0.027669594	0.005625824	3.386372001	20.73686363	2.2498138585598	1.55799721327875
RPS6KA1	-0.2989659	0.027669594	0.005627036	-3.386253736	24.51752575	2.24972030635812	1.55799721327875
SNRPA	0.218861837	0.027669594	0.005628576	3.386103408	26.13887019	2.24960146546234	1.55799721327875
POLR1A	-0.24928439	0.027807131	0.005661508	-3.382899531	22.79070555	2.24706787466876	1.55584381714605
YAP1	0.246508308	0.027807131	0.005664416	3.382617621	24.22421844	2.24684485915477	1.55584381714605
LSM1	-0.413629189	0.02788035	0.005683272	-3.380792644	22.50392619	2.24540155823079	1.55470177856131
FABP5	-0.279993373	0.028054328	0.005722702	-3.376996237	27.70052528	2.24239886865132	1.55200012971893
EXOSC7	-0.49669773	0.028101506	0.005736298	-3.375693366	22.1459374	2.24136829520743	1.55127040500724
TFAM	0.228894855	0.028151479	0.005750479	3.374337813	24.41748721	2.24029597819862	1.55049878359539
PPP4C	-0.302596375	0.028157578	0.005755705	-3.373839085	23.73380267	2.23990147327527	1.55040470416317
MIS18A	-0.678949554	0.028189882	0.005766293	-3.372830087	20.75981837	2.23910329378093	1.54990674203745
ZFAND1	0.353299766	0.028275473	0.005787798	3.370786575	21.66162351	2.23748663460487	1.5485901213425
MZT2B	0.477930028	0.028341647	0.00580535	3.369124413	20.31371075	2.23617159186227	1.54757491547784
PKM	-0.134624417	0.028347251	0.005810505	-3.368637194	33.10562803	2.23578612076244	1.5474890508246
ERMP1	-0.357395895	0.028385168	0.00582229	-3.367525049	25.04414412	2.23490616676682	1.54690853102261
POLA1	-0.571676395	0.028416792	0.005832794	-3.366535734	19.16479691	2.23412336151668	1.5464249515787
C19orf12	-0.422833924	0.028536985	0.005862433	-3.363753829	20.89838226	2.23192210767073	1.54459191303745
TPP1	0.241764301	0.028536985	0.005865532	3.363463707	24.34307758	2.23169259153034	1.54459191303745
ABI2	0.607452228	0.028552102	0.0058738	3.362690684	20.70523976	2.2310808450749	1.54436191356886
GBP1	0.231331719	0.028552102	0.005879309	3.362176167	25.71661267	2.23067371391054	1.54436191356886
DNA2	-0.496524381	0.028552102	0.005880748	-3.36204188	17.72071885	2.23056743045246	1.54436191356886
NDUFB10	0.291840806	0.028565459	0.005887861	3.361378482	23.17015439	2.23004245132775	1.54415879314848
WRN	-0.461752591	0.028565459	0.005891575	-3.361032401	20.97720826	2.22976858936029	1.54415879314848
GTF2E2	-0.417849479	0.028706031	0.005924626	-3.357962551	23.62276795	2.22733905987698	1.54202685048353
EEF1D	-0.197407049	0.028793885	0.005946829	-3.355910082	28.56096487	2.22571454938102	1.54069973421075
CFL1	-0.374270839	0.028794412	0.005955078	-3.370211293	29.46083618	2.2251125457265	1.54069178560995
MED23	-0.366305163	0.028794412	0.005951901	-3.3554423	22.60564058	2.22534430117039	1.54069178560995
CLCN7	0.822095607	0.02881995	0.005964434	3.354288105	17.98865368	2.22443076277982	1.54030677698292
GOLGB1	-0.245933077	0.028829617	0.00597051	-3.353729442	25.75486205	2.22398856992161	1.54016112715364
POSTN	0.373196495	0.028841801	0.005977111	3.353123237	22.84943709	2.22350867887606	1.53997762398241
CBR4	-0.464090375	0.028904606	0.005994394	-3.351539104	22.46798727	2.22225471511037	1.53903294613637
BCL2L1	0.274607535	0.028904606	0.005998298	3.351181868	23.05995121	2.22197196196083	1.53903294613637
DNAH6	0.537583318	0.028932493	0.006008175	3.350279217	19.3139445	2.22125742613247	1.53861414327921
MAP9	-0.547315337	0.028942549	0.006014355	-3.349715247	19.01151831	2.22081094105245	1.53846322277175
CDK12	0.609020949	0.029078163	0.006046647	3.346777778	19.09291574	2.21848538453231	1.53643303330691
LRRFIP2	0.264735806	0.02928465	0.006095812	3.342335816	23.91329364	2.21496843547122	1.53335996214232
TOM1L1	0.576350459	0.02928465	0.006097864	3.342151206	21.81377324	2.21482226588539	1.53335996214232
SLC9B1	-0.476237978	0.029427695	0.006133781	-3.338930253	20.90339459	2.21227173409032	1.53124375380201
EHMT1	-0.523825752	0.029427695	0.00613597	-3.338734571	22.32574452	2.21211677240756	1.53124375380201
MXRA7	-0.989657382	0.029429237	0.006144612	-3.395350787	23.26751482	2.21150553532903	1.53122099753292
SLC38A2	-0.41808312	0.029429237	0.006142247	-3.338173785	20.85573744	2.21167272312901	1.53122099753292
PSMD5	-0.174856945	0.029525347	0.006168852	-3.335803535	27.02675602	2.2097956490062	1.52980498958914
KLHL18	-0.56786416	0.029564481	0.006181208	-3.334706277	19.37579977	2.2089266419878	1.52922974057201
RTF2	-0.255712343	0.029663127	0.006209064	-3.332240692	23.45687461	2.20697386363548	1.52778306884162
EPM2AIP1	-0.728109676	0.029663127	0.006216381	-3.331594937	20.92281324	2.20646237562175	1.52778306884162
VPS26A	0.181553464	0.029663127	0.006216409	3.331592464	24.87575258	2.2064604194646	1.52778306884162
GMIP	0.77265453	0.029663127	0.006220521	3.331229893	18.84693327	2.20617323943309	1.52778306884162
MED20	-0.343261453	0.029663127	0.006222799	-3.331029136	21.19874677	2.20601422675145	1.52778306884162
TAF6	-0.554721753	0.029663884	0.006229082	-3.330475795	21.3546331	2.20557595201025	1.52777198583179
RANBP6	-0.395170449	0.029663884	0.006231345	-3.330276703	22.64483788	2.2054182032552	1.52777198583179
NR2C2AP	-0.751502223	0.029694282	0.006246857	-3.32891353	19.80063693	2.2043384355974	1.52732717138739
NDUFS8	0.313653938	0.029694282	0.006248256	3.328790734	23.2338961	2.20424118509911	1.52732717138739
RBM38	0.282657207	0.029694282	0.006250323	3.328609362	22.9000663	2.20409753889704	1.52732717138739
ATP23	-0.454337889	0.02970578	0.006259911	-3.327768964	18.31728933	2.20343184130773	1.52715903964318
PML	0.297410752	0.02970578	0.006261142	3.327661189	23.42697027	2.20334644649166	1.52715903964318
RPS23	-0.329372396	0.029778958	0.006280775	-3.325944732	24.54670836	2.20198676431105	1.52609050278154
VARS2	0.4919421	0.029823625	0.006294412	3.324755738	19.08670767	2.20104483379799	1.52543957007768
TEX264	0.406320361	0.029898562	0.006315525	3.322920053	21.94318313	2.19959054136742	1.5243496989827
ACBD7	-0.758008053	0.029898562	0.006318681	-3.322646177	20.68833712	2.19937356953501	1.5243496989827
EPPK1	-0.42968407	0.02990091	0.006323404	-3.328009027	24.91315445	2.19904907038262	1.52431559421856
PTPN12	-0.698174179	0.029928846	0.006333543	-3.321358375	21.59992688	2.1983532765717	1.52391002841521
TMEM39A	-0.889085414	0.030021219	0.006357335	-3.319303157	16.76859691	2.19672490280297	1.52257167737506
TMEM63B	-1.029253646	0.030074337	0.006372834	-3.317968436	19.0220823	2.19566739390409	1.52180393806676
AATF	1.060251552	0.030079216	0.00637812	3.341547781	21.92507511	2.1953073140602	1.52173348760536
RFT1	-0.50976796	0.030120592	0.006391152	-3.358539767	28.17229351	2.19442085355514	1.52113649662118
FNTB	-0.464156967	0.030357829	0.006448877	-3.311467615	22.06297987	2.19051590632064	1.5177292896617
PSMG1	-0.380864406	0.030357829	0.006452553	-3.311155262	23.3230719	2.19026841956007	1.5177292896617
MOSPD2	-0.733428106	0.030357829	0.006454364	-3.311001467	19.65875592	2.19014654579085	1.5177292896617
STX4	0.313471636	0.030518753	0.006492893	3.30774013	22.17870985	2.18756175404892	1.51543321568056
CCDC50	0.632205742	0.030643044	0.006523668	3.30514919	21.86224518	2.18550814901693	1.51366809521636
SPPL2A	0.399240547	0.0308162	0.006564887	3.301698225	20.29551599	2.18277274492847	1.51122091593489
KMT2A	0.541582114	0.030824072	0.006570922	3.301194864	19.77403438	2.18237368806297	1.51110998955286
RIDA	-0.421676175	0.031162153	0.006647397	-3.294855981	22.36411968	2.17734838324471	1.50637254446167
ITPK1	-0.363132621	0.031244065	0.006669287	-3.293055175	20.49913074	2.17592059314749	1.50523246736132
POLD2	-0.874390058	0.031256404	0.00667634	-3.296235246	21.22520413	2.17546155450269	1.50506098833828
SRP68	-0.215321187	0.03133853	0.006698312	-3.29067668	25.7780688	2.17403462736609	1.50392137889044
EGFR	0.231524844	0.031501864	0.006737676	3.287467483	25.80630066	2.17148987711793	1.50166374776711
ALDH1L1	-2.071911769	0.031567545	0.006769574	-3.355403623	21.40354619	2.16943866001063	1.50075919176666
OR11A1	-0.419558963	0.031567545	0.006756381	-3.285949246	21.87078261	2.17028586805128	1.50075919176666
RRS1	0.24267224	0.031567545	0.006765618	3.28520101	23.77938907	2.16969252697008	1.50075919176666
PMM1	-0.423084111	0.031567545	0.006767509	-3.285048012	18.05477186	2.16957115799591	1.50075919176666
SCP2	0.187839641	0.031653383	0.006792456	3.283032998	26.09992906	2.16797316616279	1.49957986733013
ARSA	1.321050875	0.031833108	0.006838397	3.284934254	17.20855208	2.16504569004067	1.49712095731507
TMEM165	-0.394439634	0.031833108	0.006840023	-3.279211731	22.59593379	2.1649424379354	1.49712095731507
SMYD5	-1.289558386	0.031849046	0.00684795	-3.316644289	21.41584577	2.16443941930102	1.49690357190448
PROS1	-1.078351003	0.031851429	0.006852965	-3.278176722	17.56308159	2.16412148623976	1.49687107846543
SAMD4A	0.282261391	0.031954157	0.006879585	3.276054049	23.62025832	2.16243775909675	1.4954726353233
ENG	-0.48318235	0.032102401	0.006916039	-3.273160615	17.79949487	2.16014256637599	1.49346248466504
CDKN2A	-0.283164073	0.03212138	0.006924669	-3.272477939	25.13464984	2.15960098109516	1.49320580481581
TDP2	-0.604556324	0.032131427	0.00693586	-3.271593898	19.01906844	2.15889968165657	1.49306998641662
LAMC1	-0.178100972	0.032131427	0.006935919	-3.271589232	26.14652052	2.15889598733958	1.49306998641662
TBCK	-0.79301874	0.032201865	0.006955676	-3.270032083	19.17525791	2.15766065592311	1.4921189750199
ZNF428	-0.662988222	0.032204146	0.006960721	-3.269635164	18.15312842	2.15734577330555	1.49208821311745
SRA1	0.507663466	0.032211663	0.006968505	3.269023307	22.49812437	2.15686038400983	1.49198685316604
RAB32	0.214303786	0.032211663	0.006971453	3.26879182	25.51120267	2.15667669620363	1.49198685316604
LARS2	-0.536051196	0.032296063	0.00699885	-3.268786635	22.97123321	2.15497331422631	1.49085041641773
UACA	0.461236727	0.032296063	0.006998002	3.266711169	22.31975895	2.15502593773353	1.49085041641773
INF2	0.287488317	0.032402235	0.007026439	3.264491361	22.763726	2.15326471971315	1.48942503254986
METTL14	-0.509228514	0.032408815	0.007032447	-3.264023534	21.82681632	2.15289353220852	1.48933684827571
ZC3H14	0.24441674	0.032587626	0.007075854	3.260655582	22.73959019	2.15022113670755	1.4869472766215
RPS14	0.149673958	0.032728218	0.007114717	3.257657927	26.56519048	2.14784237003967	1.4850776406998
ENPP4	-0.445494594	0.032728218	0.007115635	-3.257587388	18.28339056	2.147786337366	1.4850776406998
TRIM33	-1.138510586	0.032755758	0.007126253	-3.325818255	23.66291398	2.14713876315909	1.48471234612035
GNL3	0.237970778	0.032797316	0.00713993	3.255722032	24.32358436	2.14630604603374	1.4841616957421
NFYC	-0.400016783	0.032870644	0.00716054	-3.254144666	20.61478219	2.14505422487412	1.48319178715943
RFK	-0.262952774	0.032941828	0.007180704	-3.252605934	22.99612683	2.14383297521074	1.48225230473259
WDR41	1.338718761	0.032980738	0.007196064	3.259438234	19.09740369	2.14290498280241	1.48173963050649
LUC7L2	-0.346264859	0.032980738	0.00719851	-3.253616735	25.85127226	2.14275738769985	1.48173963050649
TRIM5	-0.337088714	0.0330102	0.007209607	-3.250407868	20.95011213	2.14208840828795	1.48135184438725
WDR20	-1.149038036	0.033031388	0.007223573	-3.251711554	18.90857458	2.14124793396042	1.48107317659391
GBP2	0.43599857	0.033031388	0.007221558	3.249501585	22.98290826	2.14136909636271	1.48107317659391
HSD17B10	-0.270995232	0.033048388	0.007231963	-3.248713822	26.42536614	2.14074380445428	1.48084971922761
PPP2CA	-0.649454689	0.03314873	0.007258607	-3.246701764	20.08701588	2.13914671680124	1.4795331057074
ZFYVE9	-0.529665565	0.033336679	0.007304475	-3.243255404	16.64825325	2.13641099298041	1.47707766676994
TIMMDC1	0.503774084	0.033416293	0.007327287	3.241549485	21.50270222	2.13505679739572	1.47604172975499
EXOSC9	-0.586015227	0.033416293	0.007335907	-3.240906334	21.97212376	2.13454618301454	1.47604172975499
RALY	0.303841267	0.033416293	0.00733609	3.24089264	25.22110541	2.13453534933045	1.47604172975499
GUK1	0.449252641	0.03341852	0.007341303	3.240504046	21.97975881	2.13422685078042	1.47601278753855
UBE2L6	0.417437021	0.033445881	0.007352042	3.239704417	21.44866019	2.13359202062138	1.47565735978313
FAM91A1	0.410351995	0.033461793	0.007360378	3.239084555	22.50466401	2.13309988143713	1.47545079173157
KCTD1	-0.453420012	0.033461793	0.007365	-3.238741097	18.08891743	2.13282724882135	1.47545079173157
COL6A2	-1.213160388	0.033526839	0.007384056	-3.239668903	16.76599313	2.13170501832034	1.47460739108568
TLN2	-0.1873884	0.03380735	0.007450616	-3.232419147	26.56055087	2.12780781928643	1.4709888702127
MTMR10	-0.687795643	0.033811372	0.007456282	-3.232003355	18.32979378	2.12747767512726	1.47093720604761
AGPAT5	1.00112836	0.033819123	0.007462772	3.232396448	19.66030849	2.12709982659004	1.47083765874889
ELOVL7	-0.475776661	0.034001545	0.007507833	-3.228235013	19.33449311	2.1244853961446	1.46850134855393
CCDC186	-0.960833756	0.034035175	0.00752007	-3.227344346	18.79999882	2.12377811679237	1.4680720120246
EPS8L2	-0.161679759	0.034286858	0.007580527	-3.222965445	25.37628557	2.12030060106503	1.46487231120419
PPM1H	1.10518092	0.034399146	0.007615078	3.222951162	19.5473648	2.11832564389772	1.46345233917531
CAPN2	0.174461847	0.034399146	0.007614897	3.220491717	25.78203005	2.11833596660688	1.46345233917531
CUL5	-0.389466478	0.034511653	0.007644863	-3.218344154	21.67266356	2.1166302929694	1.46203423886597
FSTL3	0.495097233	0.034729208	0.007701507	3.214307854	16.87982415	2.11342428550974	1.45930512066711
TRIP13	0.162388678	0.034729208	0.007707284	3.213897865	24.92763756	2.11309863772342	1.45930512066711
TRAF2	-0.288810546	0.034729208	0.007707783	-3.213862476	22.91562128	2.11307052069396	1.45930512066711
LARP7	-0.266476774	0.034817928	0.007736486	-3.211830293	22.71781947	2.1114562560284	1.45819707712854
RFC5	-0.240691555	0.034817928	0.007739933	-3.211586735	23.22801075	2.11126279873006	1.45819707712854
CD47	-0.266802246	0.034817928	0.007742239	-3.211423859	27.488428	2.11113342630316	1.45819707712854
SIRT5	-0.487258929	0.035027221	0.00779373	-3.207800017	19.45721635	2.10825464364741	1.45559431749934
PRIM1	-0.262083144	0.035215802	0.007840668	-3.204517594	22.50156469	2.10564693522941	1.45326241659415
LASP1	0.285685673	0.035241997	0.007851483	3.203764175	26.83491487	2.1050483053073	1.45293949011506
SPAG1	0.671121099	0.035269363	0.007862565	3.202993131	20.22806498	2.10443575120968	1.45260238405474
C6orf132	-0.233454246	0.035285742	0.007871204	-3.202392841	23.20535496	2.10395883173715	1.45240074564894
SAMD1	-0.529099329	0.035288945	0.007876907	-3.201996938	17.24302462	2.10364428206975	1.45236132513471
MYEF2	0.519961414	0.035463642	0.007922866	3.199664674	22.88819203	2.10111768926497	1.45021666582245
CNPY2	0.291306938	0.035463642	0.007927242	3.198515199	24.89487613	2.10087788361808	1.45021666582245
MYG1	0.180159901	0.035463642	0.007930942	3.198260191	25.86823633	2.1006752261622	1.45021666582245
PTRH2	0.268584494	0.035482914	0.007940268	3.197617863	23.63566433	2.1001648390141	1.44998072136135
SFR1	-0.537145644	0.035637244	0.007979841	-3.194900672	18.6092166	2.0980057619714	1.44809588942396
AVEN	0.687028007	0.035678828	0.007994196	3.195945598	21.77908655	2.09722520800549	1.44758942003281
HSD17B4	-0.21093716	0.035694012	0.008004197	-3.193235124	25.41622867	2.09668223101033	1.44740463468554
EZH2	0.529764641	0.035694012	0.00800769	3.192996662	19.52960069	2.09649274795323	1.44740463468554
GSTT1	0.371527648	0.035718296	0.008018187	3.192280705	21.7829811	2.09592381935999	1.44710926802115
BCAS3	3.119296266	0.035732259	0.008026373	3.257421864	18.56951579	2.09548066168695	1.44693952675244
GMPS	0.163250687	0.035741793	0.008035355	3.19111182	27.79471486	2.0949949314538	1.4468236647438
CCT4	0.1762985	0.035741793	0.008038619	3.190889845	29.08388381	2.09481855475835	1.4468236647438
PTGIS	-0.213943685	0.035828131	0.008063102	-3.189227951	25.32769297	2.09349784624592	1.44577584652431
GNB1	-0.255405562	0.035863314	0.00807609	-3.188348422	26.15699214	2.09279884992087	1.44534958132674
CHMP6	0.390613549	0.035885763	0.008086218	3.187663518	21.64338702	2.0922545545036	1.44507781540165
OGT	-0.141702629	0.035902434	0.00809505	-3.187066998	25.2691126	2.0917804644329	1.44487610749588
ANXA3	-0.121996572	0.036022183	0.008127142	-3.184904904	27.7649327	2.09006215205009	1.44342997180171
MLEC	-0.211079593	0.036192486	0.008170681	-3.181985397	23.9014867	2.08774174490984	1.44138158492161
HNRNPA2B1	0.30267135	0.036196777	0.008187001	3.186146147	29.27203375	2.0868751565636	1.44133009779363
SUCLA2	-0.181014825	0.036196777	0.008180825	-3.181307465	24.73031001	2.08720289744349	1.44133009779363
AP1S3	0.643255489	0.036196777	0.008186488	3.180929393	19.2962712	2.086902370442	1.44133009779363
ARPC1A	-0.172279766	0.036276998	0.008210273	-3.179344153	25.17539593	2.08564240190341	1.44036865893216
GNB5	-0.425087058	0.036279564	0.008215983	-3.178964342	16.72251763	2.08534046802493	1.44033794083829
RRP1B	0.242037882	0.03642633	0.008254369	3.176417567	26.15531149	2.08331612049837	1.43858458228643
SLC23A2	-0.951204012	0.03647005	0.008269432	-3.175421482	17.44295434	2.08252431967808	1.4380636412733
FAM241B	1.065408299	0.036480555	0.008276971	3.174923638	17.62140762	2.08212856643484	1.43793856311764
TANC2	-0.371372944	0.036563153	0.00830088	-3.173347748	21.43338472	2.08087586438472	1.4369563602178
ATP2B2	-1.002011115	0.036828481	0.008366323	-3.171280096	19.94138077	2.07746537255365	1.43381619336128
SMAD1	-0.906227263	0.036887509	0.008384947	-3.170063308	20.3482663	2.0764996781599	1.43312067153062
RCOR1	-0.315676051	0.036997338	0.008415142	-3.165879273	22.81699005	2.07493855119189	1.43182952278438
NSL1	-0.451707331	0.037034433	0.008428815	-3.164992455	19.40849016	2.07423347817902	1.4313943000432
SEMA5B	-0.598635599	0.037035828	0.008434368	-3.164632701	19.30819859	2.0739474542006	1.43137794149946
PRIM2	-0.439303008	0.037138703	0.008463046	-3.162778553	21.57458261	2.07247329855639	1.43017326725695
LGALS1	0.227971661	0.037231146	0.008489375	3.16108188	28.59069382	2.07112428196366	1.42909359569629
PFDN2	-0.196385315	0.03744761	0.008544026	-3.157576943	26.51670216	2.06833743872852	1.42657589483858
BLVRB	-0.617168099	0.0374494	0.008549729	-3.158033464	22.08457329	2.06804765084725	1.42655513600928
LAMA5	-0.214782733	0.037542634	0.008576321	-3.155516391	25.37705433	2.06669897229686	1.42547526044309
SULF2	-1.548683054	0.037587654	0.008591919	-3.170743946	17.89964965	2.06590982592046	1.42495477954422
POGZ	-0.392504106	0.037590678	0.008599534	-3.154040153	22.60538868	2.06552508209502	1.42491984111238
MIA3	-0.30374133	0.037590678	0.008608922	-3.153444252	23.27795252	2.06505122703207	1.42491984111238
ACSF2	-0.202384896	0.037590678	0.008613328	-3.153164808	24.16015065	2.06482901430969	1.42491984111238
NXF1	-0.222160175	0.037590678	0.008613866	-3.15313069	24.20793575	2.06480188854198	1.42491984111238
HDAC2	-0.202932375	0.037776457	0.008665814	-3.149847034	25.54862772	2.06219063674643	1.42277877636399
NUP98	-0.286018642	0.037776457	0.008667117	-3.149764892	24.29729027	2.0621253407257	1.42277877636399
SRSF6	-0.213981756	0.037823362	0.008683226	-3.14875085	26.95825986	2.06131889536387	1.42223987070107
INTS14	-0.293519444	0.037879305	0.008706446	-3.147292432	23.68431567	2.06015908926021	1.42159799792204
NEU1	-0.402153551	0.037879305	0.008706778	-3.147271613	20.73713415	2.0601425287694	1.42159799792204
CAMK2D	-0.279223526	0.037889389	0.008714452	-3.146790516	22.80970909	2.05975991788949	1.42148239805222
MAPRE3	-0.555491047	0.03791429	0.008729637	-3.145839828	22.01420012	2.05900381496277	1.42119707239453
LAMTOR3	-0.297996866	0.03791429	0.008730899	-3.145760868	22.63410292	2.05894103571738	1.42119707239453
TNPO2	-0.373086741	0.038021405	0.00876094	-3.14388517	22.33004472	2.05744929395618	1.41997183874693
SLC39A6	0.665296985	0.038029846	0.008768501	3.143414089	20.08641037	2.05707464415631	1.4198754332391
NUDT10	-0.698559728	0.038029846	0.008773833	-3.143082181	18.94938243	2.05681063615728	1.4198754332391
MRPL19	-0.256884776	0.038029846	0.008779013	-3.142759866	26.07881394	2.05655430786937	1.4198754332391
ISOC2	-0.558367972	0.038115872	0.00880426	-3.141191767	22.20729533	2.05530714071001	1.41889414016113
WASH2P	0.307449082	0.038265609	0.008844257	3.138716827	21.61140893	2.05333864600511	1.4171913704507
YIF1B	-0.286461815	0.038499862	0.008903841	-3.135050645	21.54410939	2.0504226040012	1.4145408271862
MED27	0.56439194	0.038553513	0.008932599	3.135451604	22.80462691	2.04902216181285	1.4139360428529
WT1	-0.554056474	0.038553513	0.008923072	-3.13387271	17.1095202	2.04948560269073	1.4139360428529
CHAF1B	-0.390111699	0.038553513	0.008930632	-3.133410283	22.13843818	2.04911780601623	1.4139360428529
SLC22A18	0.450450907	0.038602552	0.008949418	3.132263001	19.53376274	2.04820520687482	1.41338398333649
CLTB	0.223647518	0.038821292	0.009005618	3.128845268	24.07973793	2.04548647887104	1.41093001508023
SCAMP3	0.241475039	0.038845817	0.009016798	3.128167898	24.54777298	2.04494765955509	1.41065574009665
CPM	-1.068491306	0.038901159	0.009040642	-3.131760864	20.00968931	2.04380072802493	1.41003745934765
RNPS1	0.319674777	0.038901159	0.009038389	3.126862239	22.33923144	2.04390897115729	1.41003745934765
FBLIM1	-0.425588608	0.038940416	0.009055271	-3.133109728	24.94186886	2.04309854788516	1.40959941322843
KIAA0100	0.369933135	0.039020055	0.009079306	3.124396397	19.98866689	2.04194734662091	1.40871212278928
PMM2	0.257753101	0.039167718	0.009119201	3.122002896	22.66646445	2.04004321172556	1.40707173069563
GDPD5	0.539508456	0.039198303	0.009131864	3.121245438	18.25791394	2.03944056504091	1.40673273434916
EIF3J	0.196395024	0.039203667	0.009138655	3.120839598	25.52380513	2.03911771773017	1.40667330840349
PGRMC2	-0.172458245	0.039216363	0.009147158	-3.120331913	25.85173741	2.03871381922746	1.40653268609589
HTRA1	-0.456361025	0.039247168	0.009159892	-3.119572546	17.09493334	2.03810964686496	1.40619167564092
MEOX2	-0.638696754	0.03926608	0.009169856	-3.118979032	19.64417558	2.03763748427506	1.40598245292731
CENPM	-1.777536846	0.039277557	0.009178089	-3.160236206	19.62394941	2.03724773526399	1.40585553245368
MTMR9	-0.433750834	0.039403848	0.00921317	-3.116406733	21.13434638	2.03559091522815	1.40446136488599
BLMH	-0.278321578	0.039452876	0.009230211	-3.11539807	23.26362987	2.03478837101219	1.40392133249503
COPRS	-0.643116264	0.039623432	0.009275714	-3.112713775	18.80335432	2.03265265051881	1.40204791057158
ATP6V1G1	0.421877164	0.039714907	0.009302743	3.116099026	24.65495853	2.03138897680971	1.40104645009644
EML1	-0.735285344	0.039776494	0.009327391	-3.109681365	20.46634894	2.03023981742786	1.40037349933014
EXOSC4	-0.406819875	0.039776494	0.009328414	-3.109621486	21.46694695	2.03019218793608	1.40037349933014
SLC20A2	0.309688369	0.039809073	0.009341682	3.108845726	22.44299026	2.02957492060592	1.40001793534411
KPNA6	-0.514868026	0.03983796	0.009357369	-3.112890843	23.49128494	2.02884624414679	1.39970290878816
URM1	0.455715681	0.03983796	0.009359724	3.10779263	22.20029449	2.02873695757004	1.39970290878816
THOC6	-0.689021894	0.039955417	0.00939412	-3.10579059	21.10981875	2.02714389646223	1.39842433240193
MAPRE1	-0.175096399	0.039955417	0.009398617	-3.105529427	27.05537404	2.02693604783194	1.39842433240193
MED28	-0.415760007	0.04003336	0.00942261	-3.1041379	20.61011962	2.0258287838742	1.39757795802827
PITPNC1	0.549640955	0.040053504	0.009433014	3.103535655	18.44475895	2.025349521003	1.39735948454109
RCN1	-0.295058996	0.040221724	0.009481523	-3.102403506	26.76636442	2.02312189711648	1.39553931843245
STRAP	-0.139919731	0.040221724	0.009484003	-3.100593575	26.23310136	2.02300831731687	1.39553931843245
RPS20	-0.158063071	0.040331541	0.009515598	-3.098778481	27.6665789	2.02156391363661	1.3943551840174
GLUD1	0.183763333	0.040499723	0.009561003	3.096180653	26.27418839	2.019496545536	1.39254794715528
HUS1	-0.680832309	0.040559972	0.00958096	-3.095042761	18.61241491	2.01859097298676	1.39190235348364
FAM98A	-0.554497162	0.040621065	0.009601134	-3.093894934	21.4016196	2.01767746895449	1.39124869448217
RPS6KA3	0.318619086	0.040705533	0.009632899	3.092092449	23.6059303	2.01624299322496	1.39034655421342
GDI1	0.307007369	0.040705533	0.009635092	3.091968229	25.51604761	2.01614413415834	1.39034655421342
TRMT13	-0.307578813	0.040705533	0.009638361	-3.091783124	21.15536331	2.01599681144715	1.39034655421342
UBE2B	0.535411714	0.040897595	0.009689702	3.088884173	20.09655108	2.01368957916654	1.38830223010852
SMYD2	0.808929564	0.040897595	0.009698345	3.088397646	17.38084555	2.01330237075347	1.38830223010852
HNRNPF	0.300426736	0.040897595	0.009701182	3.088238021	25.48721433	2.01317534771276	1.38830223010852
NOMO2	-0.180769679	0.040902517	0.009708132	-3.087847254	24.9413529	2.01286432726368	1.38824996618393
LXN	0.298672132	0.040930888	0.009722515	3.087039418	23.174859	2.01222137814582	1.38794883318721
FASTKD2	-0.295630721	0.040930888	0.009726438	-3.086819295	22.40058761	2.01204617722106	1.38794883318721
POLR2J	0.619764649	0.040961714	0.009739554	3.086083994	18.14391871	2.01146093016181	1.3876218790545
RPS3A	-0.176682498	0.041101964	0.009778712	-3.083894601	29.16495425	2.00971834440767	1.38613742547226
BRK1	0.246193156	0.04111744	0.009788968	3.083322585	22.40968518	2.00926309119275	1.38597393264322
PAPOLA	-0.195549342	0.04111744	0.009794018	-3.083041158	24.42580539	2.00903910214612	1.38597393264322
STK17B	-0.754658574	0.041240187	0.009829086	-3.081090993	19.57968726	2.00748686503783	1.38467937411393
CEP97	-0.356097351	0.041297385	0.009848556	-3.080011238	22.31081723	2.00662744129975	1.38407744752098
CPSF4	0.832654936	0.041299397	0.009860713	3.081409683	20.73653119	2.00609168132955	1.38405628929964
ARAP1	-0.27217664	0.041299397	0.009858783	-3.079444961	22.93533983	2.00617669246297	1.38405628929964
HEXB	0.229272059	0.04137933	0.009885647	3.077960246	25.38542585	2.00499490153145	1.3832165455615
NDUFA3	-0.439640391	0.041567488	0.009936475	-3.075162176	21.9484084	2.00276765579993	1.38124621991769
ANO8	-0.662676951	0.041700659	0.009977946	-3.072889818	17.07309487	2.00095885076419	1.3798570817696
BMP2K	0.455967501	0.041700659	0.009980098	3.072772134	19.18824612	2.00086519411841	1.3798570817696
TM9SF4	-0.209593296	0.0417373	0.010000651	-3.071649753	24.91334794	1.99997172834946	1.37947564901824
LGMN	-0.459237502	0.0417373	0.010000668	-3.071648828	21.36506194	1.99997099009753	1.37947564901824
MED14	-0.438927512	0.04176896	0.010014158	-3.070913349	21.46108763	1.99938556073152	1.37914633804309
ZBED5	-0.475787937	0.041772546	0.010023087	-3.070427117	18.16908138	1.99899849996687	1.37910905406085
DDRGK1	0.259201241	0.041772546	0.010026828	3.070223532	23.59274185	1.99883643487326	1.37910905406085
GON7	0.447081706	0.041818191	0.010043696	3.069306505	22.62861443	1.99810644087355	1.3786347581207
STK38L	-0.635399412	0.041858993	0.010062717	-3.068274284	20.70069994	1.99728474107015	1.3782112236754
PRPF38A	-0.652052161	0.041858993	0.010067712	-3.068003538	20.71358451	1.99706921650466	1.3782112236754
ANK3	-0.226393193	0.041858993	0.010071248	-3.067811981	23.18403445	1.99691670959231	1.3782112236754
B4GALT3	-1.194222207	0.041896969	0.010086307	-3.071744067	18.42446299	1.99626781722221	1.3778173945561
GIT1	-0.488008307	0.041996483	0.010116201	-3.072308647	24.06255747	1.99498255019323	1.37678707811752
B3GALNT1	-0.790782952	0.041996867	0.01012223	-3.065057248	16.8471148	1.99472379876049	1.37678310711075
AP1G1	-0.164722154	0.042179187	0.010172136	-3.062374173	25.32176986	1.99258784200255	1.37490179550257
VPS25	0.590178767	0.042183055	0.010179032	3.06515194	22.64940965	1.99229352033395	1.37486197078911
SPECC1	-0.67030046	0.042442451	0.010247626	-3.105984974	25.30556054	1.9893767330975	1.37219954406761
ATP6V1D	0.185818769	0.0425292	0.010274583	3.056907538	24.28060278	1.98823579519145	1.37131278655128
SLC52A2	0.414719361	0.04257727	0.010292215	3.05597221	20.20407985	1.98749115013966	1.37082218841073
ATXN7	-0.55381006	0.04264849	0.01031546	-3.054741594	17.45619933	1.98651140065183	1.37009634072804
PCBD1	0.213282793	0.04266217	0.0103248	3.054247927	24.09474903	1.98611835223695	1.36995705805074
GOLT1B	0.515852086	0.042675724	0.010334113	3.053756106	21.68120501	1.9857267939024	1.3698191022803
KIAA1143	0.955625722	0.042758961	0.010360314	3.052374844	18.77828112	1.98462708181079	1.36897285625673
IPO4	-0.166630505	0.042890106	0.010398153	-3.05038621	26.87587255	1.98304379658056	1.36764288043012
MYH14	-0.21279421	0.043026522	0.010437307	-3.048336059	26.38563099	1.98141154212966	1.36626375819946
DARS2	0.175810146	0.043326559	0.010518991	3.044083807	25.05887904	1.97802591647013	1.36324580131074
GALNT1	-0.664000872	0.043326559	0.010522339	-3.043910237	19.0989665	1.97788771057367	1.36324580131074
RNF4	-0.529831025	0.043423372	0.01055199	-3.042375391	18.37309484	1.9766656290374	1.36227645485369
SYVN1	-0.432913261	0.043469042	0.010569233	-3.041484822	22.41944564	1.97595652792	1.36181993097775
PRAME	-0.345320166	0.043495471	0.01058683	-3.040577461	20.12574009	1.97523406062913	1.36155596194441
ZNF185	-0.304246162	0.043495471	0.010590897	-3.04036792	23.76144357	1.97506725560047	1.36155596194441
SNX18	-0.471809717	0.043495471	0.010594105	-3.04020277	22.09462012	1.97493572701165	1.36155596194441
NDUFS7	0.275087795	0.043651091	0.010640225	3.037833435	21.64185713	1.9730491882792	1.36000489721938
MTPN	0.28400177	0.043651091	0.01064435	3.037622032	25.17818444	1.9728808537214	1.36000489721938
TXNDC17	0.275170173	0.043676365	0.010661731	3.036732141	25.16078155	1.972172279107	1.35975351330086
NFIC	-0.352405284	0.043676365	0.0106634	-3.036646779	21.60873422	1.97210429945503	1.35975351330086
FDPS	-0.180974215	0.043676365	0.010669036	-3.036358575	25.32533834	1.97187481945032	1.35975351330086
ARMC6	0.324399993	0.043922203	0.010746441	3.032415808	22.94232205	1.96873534132765	1.35731588516203
SMC3	-0.154150987	0.043922203	0.010746569	-3.032409295	26.08992785	1.96873016851159	1.35731588516203
OSTM1	0.711317307	0.043922203	0.01075071	3.03219916	16.99356234	1.96856285306001	1.35731588516203
PUS10	-0.449765339	0.043922203	0.010753924	-3.032036163	16.69519571	1.9684330370887	1.35731588516203
SLC27A1	-0.991901934	0.044003611	0.010780076	-3.030711408	18.64748321	1.96737817734369	1.35651168321776
ACBD3	0.20903502	0.044022787	0.010790997	3.030159148	23.76551105	1.96693842819981	1.35632246654399
GTSE1	-1.203309614	0.044101942	0.010829103	-3.034958689	19.12574419	1.9654075155154	1.35554228623932
CCDC168	0.354941204	0.044101942	0.010820343	3.030666857	25.1210022	1.96575897207176	1.35554228623932
ROMO1	-0.244898576	0.044101942	0.010829103	-3.028236611	23.26676797	1.9654075155154	1.35554228623932
TRMT1	-0.756209926	0.044218247	0.010870163	-3.028295497	21.37935536	1.96376394354298	1.35439847870252
ANAPC4	-0.399052182	0.044218247	0.010865427	-3.026410244	20.37591862	1.96395320168585	1.35439847870252
DHX36	0.14239699	0.044234224	0.010880344	3.025662024	25.6960106	1.96335737348526	1.35424158714405
SNX2	0.125339462	0.044269074	0.010895174	3.024919166	25.20288768	1.96276582951718	1.3538995622971
LCT	-0.424187033	0.044476812	0.010952588	-3.022052715	22.02695952	1.96048324873998	1.35186634958308
PRMT3	0.217229312	0.044555647	0.0109783	3.020773915	24.22312955	1.95946490558534	1.35109724548749
RNF121	0.500326218	0.044999229	0.011093957	3.015058494	17.35567992	1.95491352177239	1.34679492720052
CENPU	-0.676394325	0.04503252	0.011108531	-3.014342567	18.32033157	1.95434336867168	1.34647374942898
UBE2Z	-0.165485116	0.045060739	0.011126894	-3.013441789	26.13798473	1.95362604922452	1.34620169008688
DDOST	-0.194931734	0.045060739	0.011135338	-3.01302809	26.13964728	1.95329659593511	1.34620169008688
MBD2	-0.508517059	0.045060739	0.011139797	-3.012809757	21.84946315	1.95312272321822	1.34620169008688
DCK	-0.163645617	0.045060739	0.011140972	-3.012752272	23.8828805	1.95307691725733	1.34620169008688
OSBPL8	-0.599991265	0.045279825	0.01120154	-3.01175409	22.3839449	1.95072226594362	1.34409526030214
TMEM205	-0.274738798	0.045505869	0.011263893	-3.006768315	23.73901657	1.94831148371069	1.34193258773981
RREB1	-1.393499697	0.045511224	0.011271652	-3.018340903	18.73863148	1.94801242806165	1.341881484219
SVBP	-0.579481201	0.045707852	0.011326811	-3.003730623	18.15275485	1.94589234609857	1.34000918751545
ALDH7A1	-0.164688959	0.045741565	0.011341632	-3.00301755	26.4968465	1.94532444830043	1.33968898054176
ICA1	0.469788698	0.04588399	0.011388725	3.000757949	18.82573944	1.94352489369604	1.33833882355982
RBX1	-0.404263165	0.04588399	0.011389919	-3.000700762	22.65250021	1.94347936441766	1.33833882355982
DIDO1	-0.427597654	0.04592472	0.011406521	-2.999906451	22.57416464	1.94284679562506	1.337953482879
WIPI2	-0.33519838	0.045985319	0.011428073	-2.998877069	20.75650177	1.94202699410344	1.33738079646936
GTF2I	-0.158017466	0.046137018	0.011472295	-2.996771004	26.21344245	1.94034969403114	1.33595047890891
RPRD2	-0.300589152	0.046153227	0.01148285	-2.996269533	23.04638677	1.93995030830916	1.33579792802275
BROX	0.303201959	0.046626365	0.011613635	2.990093778	23.77345847	1.93503182734496	1.33136844090357
IKZF2	-0.99236852	0.046626365	0.011620526	-2.989770321	17.93408284	1.93477421327725	1.33136844090357
ZBTB1	-0.483617518	0.046626365	0.011626732	-2.989479165	18.86677298	1.93454233804975	1.33136844090357
RWDD4	-0.425820862	0.046626365	0.011630601	-2.989297717	21.32940973	1.93439784294655	1.33136844090357
RIPOR1	-0.980003936	0.046626365	0.011640113	-2.989430501	18.8000869	1.93404280361755	1.33136844090357
TRAP1	-0.169706999	0.046626365	0.011637166	-2.988990013	25.46811847	1.93415277058105	1.33136844090357
DUS1L	0.741488023	0.046665092	0.011656378	2.988090504	19.97182166	1.9334363774484	1.33100787362533
NTPCR	0.183934907	0.046858526	0.011717394	2.985243525	24.87240691	1.93116896658294	1.32921137686015
ZFP91	-0.430587745	0.046858526	0.011717944	-2.985217969	19.82459223	1.93114858181486	1.32921137686015
GSTZ1	0.292973354	0.046878626	0.011729597	2.984675955	22.50432748	1.93071690891455	1.32902512585863
CAMK2G	-0.34608465	0.046993398	0.011764957	-2.98303456	24.49832683	1.92940965579751	1.32796315086352
TAP2	1.120309899	0.047214726	0.011827042	2.98662746	19.80601202	1.92712386092674	1.32592252630046
GORASP1	-0.403389897	0.047259743	0.011844999	-2.979337259	18.63410829	1.92646497160601	1.32550864440457
NUDT4	-0.486106632	0.047264283	0.011852818	-2.978977414	21.65363538	1.92617838413872	1.32546692597524
STIM2	0.422321646	0.047384987	0.011889787	2.977279328	18.15461777	1.92482592549512	1.32435923418719
WDR61	0.212244343	0.047398615	0.011899907	2.976815408	23.55002065	1.92445643268685	1.32423434833953
PYROXD2	-0.849830034	0.04741831	0.011911555	-2.976281926	18.42316982	1.92403153962243	1.32405392844205
RBPMS2	-0.589338667	0.047452163	0.011926766	-2.975586004	18.03116433	1.92347730140567	1.32374398644945
PRKAB2	-0.506951641	0.047460336	0.01193553	-2.975185493	20.69540942	1.92315829128104	1.32366919147836
NDUFAF6	-0.46558516	0.047586938	0.011974095	-2.973426431	19.37485839	1.92175730057382	1.32251223914926
LHFPL2	0.597505132	0.047731343	0.012017179	2.971467978	17.72684354	1.9201974698143	1.32119634587085
ARF3	0.135621078	0.047861532	0.012056722	2.969676638	27.64287275	1.91877075279469	1.32001340416601
PIP4K2C	0.306090101	0.047916345	0.012077303	2.968746605	23.15914956	1.91803003781666	1.31951631680552
TIMM10	0.900339026	0.048028423	0.012112342	2.967166925	19.22290106	1.91677187507849	1.31850167306626
EBNA1BP2	0.287402768	0.04811737	0.012141576	2.965852441	24.16133244	1.91572493733982	1.31769811835842
LRPPRC	-0.168335874	0.048226751	0.012175993	-2.964308916	29.07808131	1.9144956102501	1.31671199518574
PHF23	-0.235697488	0.048308061	0.012203351	-2.963085121	23.10978699	1.91352089711399	1.31598039397488
UPK1B	-0.513610753	0.048326142	0.012221582	-2.964154629	22.8489164	1.91287257401153	1.31581787432086
AQR	-0.414459636	0.048326142	0.012214759	-2.962575612	23.34241386	1.91311509733587	1.31581787432086
CERS5	-0.517166363	0.048358963	0.012239921	-2.961453518	20.37958276	1.91222138524395	1.31552302063605
MCCC1	-0.205328953	0.048358963	0.012243554	-2.961291672	23.88007674	1.91209249897562	1.31552302063605
GGT2	1.190522682	0.048667735	0.012328609	2.96385954	18.26306906	1.90908592078486	1.3127588653836
OPA1	0.150331442	0.048785221	0.012365267	2.955897803	26.12475757	1.90779650159344	1.31171172328932
B3GALNT2	-0.558414035	0.049050605	0.012442913	-2.952484485	17.47363626	1.90507793542265	1.30935563157575
PDCD6	0.202453942	0.049050605	0.0124464	2.952331702	25.14889165	1.90495624585506	1.30935563157575
DMD	0.220056801	0.04913116	0.012479898	2.950866109	23.27105949	1.90378896419031	1.30864298193374
SLC12A4	-0.26552889	0.04913116	0.012480731	-2.950829707	22.57894694	1.90375997715608	1.30864298193374
HMGXB4	-0.984690656	0.049163564	0.012495913	-2.952031465	19.47184173	1.90323200713447	1.30835664146034
DDX21	0.289055462	0.049244782	0.012523517	2.950826348	26.68394291	1.90227369035884	1.30763978077375
ALDH3A2	-0.173463831	0.049266129	0.012535911	-2.948424239	24.37388903	1.90184409984723	1.30745156031459
DNAJB1	-0.192528672	0.04943525	0.012585932	-2.946252743	24.33377058	1.90011461901349	1.3059632652229
EIF3L	-0.351965561	0.049489016	0.012621821	-2.950975484	26.55498768	1.8988779831902	1.30549118126701
FOXK1	-0.309808739	0.049489016	0.012620331	-2.944764445	23.86374119	1.89892925447474	1.30549118126701
PSMA6	-0.156614843	0.049489016	0.012625336	-2.94454825	26.58935841	1.89875705510996	1.30549118126701
ZPR1	0.320800228	0.049489016	0.012627604	2.944450274	23.28062811	1.89867904598408	1.30549118126701
BICC1	0.893808182	0.049544801	0.012648842	2.943533945	18.28108547	1.89794923227711	1.30500191162217
METTL13	-0.166066055	0.049674165	0.012688891	-2.94181018	24.65100249	1.89657633327385	1.30386942444845
DCTN2	0.198437149	0.04969014	0.012702498	2.941225757	25.79260179	1.89611086479704	1.30372977964525
HSPG2	-0.392973298	0.04969014	0.01271326	-2.940763953	20.7900039	1.89574307112403	1.30372977964525
RPUSD2	-0.361553814	0.04969014	0.012714045	-2.940730303	21.82782897	1.89571625576406	1.30372977964525
NAAA	1.47372183	0.049767272	0.012740816	2.953890487	18.22675803	1.89480275622763	1.30305616451652
NOSTRIN	0.662825801	0.049824263	0.012762449	2.938658257	21.01165951	1.89406598038498	1.3025591166596
MVK	-0.527374095	0.049866761	0.0127846	-2.937712653	21.84517066	1.89331285547576	1.30218883963225
MSRB3	-0.587733815	0.049866761	0.012787434	-2.937591802	18.37278102	1.89321659480547	1.30218883963225
PCBP1	-0.178845554	0.0499142	0.012806654	-2.936772792	27.51365117	1.89256432374106	1.3017758851513
DPYSL5	-0.604429626	0.049930349	0.012817856	-2.936296039	20.25830254	1.89218461173125	1.30163539833014
FSD1	-0.783391493	0.049959954	0.012839581	-2.950495221	22.56009821	1.89144914856911	1.30137797016891
UPP1	-0.302458617	0.049959954	0.012836737	-2.935493414	21.76059129	1.89154535656214	1.30137797016891
EHBP1	-0.644716129	0.050035069	0.012871495	-2.934018918	18.32303104	1.89037100767656	1.30072549697243
RCHY1	-0.677813353	0.050035069	0.012875939	-2.933830678	19.19491715	1.89022108945972	1.30072549697243
HEATR5B	-0.340459162	0.050035069	0.012881553	-2.93359295	21.15174682	1.89003177527804	1.30072549697243
RND3	-0.682587833	0.050035069	0.012887178	-2.93335491	17.79967449	1.88984217288749	1.30072549697243
VPS53	-1.785301958	0.050080182	0.012905877	-2.965833498	18.48931128	1.88921247827088	1.30033410149387
EMSY	-0.491284756	0.050200579	0.012944	-2.930955873	20.39517136	1.8879314957318	1.29929127379014
FAM83H	0.390993228	0.05032935	0.012984318	2.929260014	22.67002037	1.8865808567097	1.2981786784492
HDAC8	1.310661083	0.05058011	0.013063034	2.932141744	18.28270807	1.8839559427831	1.29602023050089
MMP15	-0.403704668	0.05058011	0.013064133	-2.925918249	19.78647411	1.88391940689416	1.29602023050089
USP43	-0.280900265	0.05058011	0.013070461	-2.92565419	26.22319303	1.8837090944221	1.29602023050089
LRWD1	-0.347759079	0.050810443	0.013137164	-2.922878359	22.198112	1.88149837846604	1.29404701859853
PNPLA2	0.344565199	0.050845172	0.013153331	2.922207696	22.78974814	1.88096425084509	1.29375027918775
TRIM28	-0.141987492	0.050953118	0.013192089	-2.920603238	27.22143893	1.87968642740004	1.29282923484182
ECI2	-0.448114907	0.050953118	0.013195662	-2.920455549	20.08577944	1.87956881721088	1.29282923484182
HMG20B	-1.178700584	0.050975537	0.013208674	-2.926064344	18.54577522	1.87914077840271	1.29263819046579
NDUFB9	0.345611805	0.050984895	0.013218306	2.919520567	22.64260198	1.87882419855628	1.29255847076094
DTWD2	0.412481718	0.051060754	0.013245191	2.918412552	19.35565957	1.87794177465267	1.29191277637819
SF3A2	0.291717971	0.051198754	0.013288226	2.916643616	23.79262226	1.87653299421423	1.29074060811614
MRPL53	0.466652359	0.051211046	0.013298656	2.916215777	21.78569382	1.87619224785077	1.29063635348822
WRNIP1	-0.373157133	0.051219556	0.013312318	-2.91565585	20.54643466	1.87574631665463	1.29056419056079
ADGRG1	-0.272846882	0.051219556	0.013315347	-2.915531778	24.17570553	1.87564751129627	1.29056419056079
EIF5B	-0.163339951	0.051249927	0.013330487	-2.91491206	26.27287127	1.87515398430337	1.29030674887747
ZER1	-0.417983346	0.05134194	0.013361678	-2.913637573	18.42562898	1.87413899841888	1.2895277251586
ARPC5	0.338966948	0.051475691	0.013430138	2.913630022	25.63082481	1.87191952476013	1.28839781478331
POLR1B	-0.400081716	0.051475691	0.013417948	-2.911345843	21.77894546	1.87231389552445	1.28839781478331
ZNF706	-0.391631853	0.051475691	0.013428539	-2.910915588	19.42333436	1.8719712351908	1.28839781478331
SSBP1	0.179302212	0.051475691	0.013432837	2.910741055	25.71826442	1.8718322551401	1.28839781478331
LPCAT1	-0.336114343	0.051475691	0.013432871	-2.910739694	22.23427421	1.871831155894	1.28839781478331
SUSD2	-0.400862176	0.051504798	0.013447747	-2.912913784	24.25740193	1.87135047011718	1.28815231177698
MRPL55	0.352840562	0.051939883	0.013568689	2.905253481	21.37902935	1.86746211163065	1.2844990329992
C1orf174	-0.419854392	0.051962187	0.013581861	-2.904724327	19.47218203	1.86704071851968	1.28431257849886
MALT1	-0.309737877	0.052014941	0.013603003	-2.903876078	22.21725008	1.86636520616196	1.28387188979155
KIFC1	-0.3063088	0.052020409	0.013611786	-2.903524044	23.5399491	1.86608488735684	1.28382623757373
SCYL2	-0.227084354	0.052043822	0.01362527	-2.902984101	23.28473987	1.86565488293401	1.28363081717272
BASP1	0.25044138	0.052071673	0.013639922	2.902397948	25.31551369	1.86518811318881	1.28339846874267
USP53	0.907255174	0.052082487	0.013650117	2.901990471	17.62062714	1.86486362611505	1.2833082858725
TGFBR2	-0.855307406	0.052255713	0.013706135	-2.899756982	16.98009574	1.86308499486896	1.28186622217878
RPL4	0.125633832	0.052255713	0.013710292	2.899591611	28.28934409	1.8629532955651	1.28186622217878
ANKRD2	0.556385684	0.052297413	0.013728625	2.898862819	20.52295667	1.86237295765151	1.28151979387867
TRIM46	0.432725468	0.0523372	0.013746468	2.898154475	18.87169123	1.86180887457233	1.28118951549585
YJU2	0.754524154	0.05235935	0.01376291	2.89750258	19.76125663	1.861289730103	1.281005753511
MTARC2	-0.55922223	0.05235935	0.01376709	-2.89733697	18.82460233	1.86115784845038	1.281005753511
KIAA1109	-0.4735416	0.052518907	0.013816467	-2.895384416	16.59900545	1.85960299593167	1.279684320831
UBLCP1	0.340622736	0.052573789	0.013838337	2.894521823	23.24408396	1.8589160973878	1.27923072219228
PRKAA2	0.399397161	0.052597321	0.013851966	2.893984939	19.8385659	1.85848858310803	1.27903637570457
AAMDC	-0.19709553	0.052698439	0.013886046	-2.892644775	24.89044791	1.85742140039928	1.27820224899479
SERF2	-0.401970347	0.052994133	0.013971453	-2.889300587	22.52864374	1.85475842587807	1.27577220864007
MYO1C	-0.176015121	0.053105691	0.014008371	-2.887861314	27.79302338	1.85361236484586	1.27485893584018
THAP11	-0.478206471	0.053153915	0.014028606	-2.887074056	17.88072246	1.85298548197135	1.27446474242423
PP2D1	0.554550254	0.053212391	0.014051561	2.886182323	20.22437357	1.85227542693123	1.27398722642058
FAH	0.195882242	0.053274788	0.014075569	2.885251249	23.0343796	1.8515340399178	1.273478269828
PRKAG2	0.486322142	0.05337757	0.014110271	2.883908258	21.54161863	1.85046464516313	1.27264120124189
TAOK1	0.262063634	0.053383788	0.014119461	2.883553133	22.4637275	1.85018188183901	1.27259061284283
TRMT6	0.167202967	0.053591944	0.014188202	2.880904179	23.32981633	1.84807263702693	1.27090048902543
TBX20	-0.400325442	0.053591944	0.014189668	-2.880847819	20.410748	1.84802776574441	1.27090048902543
CRIP2	0.292876921	0.053607774	0.014209016	2.882812312	27.23222077	1.84743599670779	1.27077222596977
IKBIP	-0.223704482	0.053607774	0.014207878	-2.880148296	25.43960044	1.847470780743	1.27077222596977
TBC1D20	-0.450533721	0.053732969	0.014249795	-2.878541491	19.14747118	1.84619138344559	1.26975916194959
PRCP	-0.740041932	0.053862263	0.014291697	-2.87693994	20.05428556	1.84491619990193	1.26871540384382
MIS18BP1	-0.727997141	0.0541725	0.014381673	-2.873516733	18.13447448	1.84219059014188	1.26622112174801
SOAT1	-0.28037555	0.054205284	0.014398039	-2.872896359	22.26584557	1.84169665439596	1.26595837581977
RALGPS2	1.204654377	0.054214241	0.014408082	2.878419537	18.43570452	1.84139382850292	1.26588661797572
FKBP3	0.13283394	0.054241363	0.014422958	2.871953145	26.17377446	1.84094566116063	1.26566940586774
FRK	0.939413596	0.054333044	0.014455017	2.870742039	18.17729265	1.83998139323567	1.26493596300659
JTB	-0.71946555	0.054355745	0.01446874	-2.870224418	20.46675897	1.83956928746239	1.26475454743893
SLC25A6	-2.539808219	0.054591147	0.014546835	-2.917686357	22.79523593	1.83723148719739	1.26287778075288
DCAF5	-0.575149243	0.054591147	0.014543708	-2.867405392	21.00303311	1.8373248535433	1.26287778075288
NOL9	-0.24617482	0.054709098	0.014585999	-2.865821487	23.63159171	1.83606382054777	1.26194044546475
MVD	-0.307982362	0.055006019	0.014672937	-2.862579752	22.30637461	1.83348294715006	1.25958978549734
RPL11	0.141391823	0.055013201	0.014684041	2.862167093	27.03127574	1.83315441155235	1.25953308444141
CERS4	-0.876813516	0.055013201	0.014690876	-2.861913247	16.51767904	1.83295230695833	1.25953308444141
SERBP1	0.176946726	0.055013201	0.014698184	2.861641954	27.96249835	1.83273632018372	1.25953308444141
HSD17B12	0.162069995	0.055117983	0.014734255	2.860304831	25.22699324	1.83167181825102	1.25870668348065
CXADR	0.247895687	0.055117983	0.014747684	2.859807865	23.42899713	1.83127617663458	1.25870668348065
SIRT3	0.381217415	0.055117983	0.014749554	2.859738698	20.19690612	1.83122111177174	1.25870668348065
SIK3	-0.683960858	0.055233115	0.014788171	-2.858312276	17.81263744	1.83008553619421	1.25780046303809
VCP	0.124974335	0.055280913	0.014809583	2.857522946	29.36095189	1.82945716992907	1.25742479292062
WDR76	-0.255893154	0.055280913	0.014816598	-2.857264625	22.5442884	1.82925150212143	1.25742479292062
ACOT7	0.167177176	0.055404835	0.014857644	2.855755425	26.54729167	1.82805005187559	1.25645233414891
CLIC3	-1.762288655	0.055788705	0.014968471	-2.891777272	19.79390495	1.82482255972219	1.25345371956976
FAM120C	0.775954872	0.05585641	0.014994533	2.850752048	19.23038619	1.82406705565846	1.25292698068823
FDFT1	-0.658168751	0.055883724	0.015011731	-2.851958702	21.75655668	1.82356922645069	1.25271466091931
TIMP1	0.407013975	0.055883724	0.015017665	2.849911044	18.85806834	1.82339758773447	1.25271466091931
PYROXD1	0.433510903	0.055918178	0.015034828	2.849287871	19.83054151	1.8229015359092	1.25244698778879
MRPL21	-0.447183276	0.055931558	0.01505856	-2.848427396	21.86732367	1.82221655628636	1.25234308302507
MTUS1	0.345412935	0.055931558	0.015065107	2.848190213	20.98180445	1.82202777940088	1.25234308302507
ATP5PO	0.156030654	0.055931558	0.015070696	2.847987848	25.82961285	1.82186669048699	1.25234308302507
IVNS1ABP	-0.28823207	0.055931558	0.015076507	-2.847777542	24.51025343	1.82169926631397	1.25234308302507
MORC2	-0.244262585	0.055931558	0.015077959	-2.847724993	22.83578777	1.82165744195613	1.25234308302507
ABCF3	-0.241060298	0.055991499	0.015102033	-2.846854588	24.44096235	1.82096458507433	1.25187790545172
PRMT7	-0.313410219	0.056021295	0.015117989	-2.846278451	22.12554079	1.82050597499144	1.25164685615412
ASAP2	-1.753062304	0.056082136	0.015159344	-2.894211286	23.51341985	1.81931959180056	1.25117545375489
CDK2AP1	-0.296796368	0.056082136	0.015155334	-2.844932339	21.28600164	1.81943448801569	1.25117545375489
TCAF1	-0.489907279	0.056082136	0.015165784	-2.844556287	22.17306686	1.81913513378241	1.25117545375489
NPRL2	-0.691517004	0.056082136	0.015170595	-2.844383244	16.97459165	1.81899738558445	1.25117545375489
LIPA	0.67717167	0.056082136	0.015174109	2.844256847	19.77517806	1.81889680059827	1.25117545375489
YWHAB	0.164738642	0.056082136	0.015181975	2.843974106	28.7886854	1.81867172805787	1.25117545375489
FKBP4	-0.137998146	0.056123414	0.015207529	-2.843056526	26.94672012	1.81794134668631	1.25085591860832
SLBP	-0.541893047	0.056123414	0.015209017	-2.843003146	19.88239918	1.81789885466966	1.25085591860832
GNG12	0.370628861	0.056146311	0.015223159	2.846434026	24.82538659	1.81749521655945	1.25067877306191
CAPN1	0.12237672	0.056404385	0.015301105	2.839709467	28.46394062	1.81527720460242	1.24868713170326
LYSMD2	0.744248351	0.056425029	0.015314681	2.839225546	19.71541575	1.81489204498099	1.24852820904175
GMEB2	-0.291550738	0.05652007	0.015350955	-2.837934691	22.07868652	1.81386460140315	1.24779730895025
CNOT3	-0.184722303	0.05652007	0.015356457	-2.837739178	23.54009283	1.81370897198932	1.24779730895025
GNA13	-0.195658039	0.05653641	0.015368888	-2.837297634	22.86631915	1.81335755429171	1.24767177219404
BPNT2	-0.308938932	0.056571833	0.015386515	-2.836672199	22.66785961	1.81285973544207	1.24739974933298
CLCN3	-0.817160734	0.056613359	0.015405812	-2.83598828	16.62883015	1.81231540621912	1.2470810766666
GDAP1	0.222631722	0.056661803	0.015427005	2.835238186	25.59045054	1.81171837971944	1.24670961018105
EPN2	-0.23694575	0.056730362	0.015453691	-2.834295108	23.2645207	1.81096777581925	1.24618444516611
SELENOI	0.775895005	0.056801174	0.01548101	2.833331325	17.96351686	1.8102007088264	1.24564268794298
HM13	0.169011265	0.057129352	0.01557853	2.829904688	27.7267722	1.80747352503367	1.24314070197516
SLC4A7	-0.525430767	0.057179103	0.015600179	-2.830945876	22.70798869	1.80687041842334	1.24276266194071
NRDE2	-0.496952903	0.057224674	0.015620702	-2.828429448	17.13254287	1.80629945266899	1.24241667275398
UBAC1	-0.323972385	0.057377696	0.015678676	-2.82640788	21.84517399	1.80469061449417	1.24125689482435
CCDC115	0.440377272	0.057377696	0.015678695	2.826407231	19.88999209	1.80469008820036	1.24125689482435
TRIM65	-0.404405104	0.057379498	0.015687299	-2.826107842	18.10128425	1.80445182571673	1.2412432556157
PDCL2	-0.315867141	0.057437005	0.01571114	-2.827072057	25.8112733	1.8037923014179	1.2408082140632
KIFC3	-0.734728635	0.05757739	0.01575768	-2.825338941	21.02838135	1.80250772322756	1.23974802570817
RECQL	0.192730176	0.057752745	0.015813835	2.821723546	25.73865685	1.80096279690081	1.23842736883805
DESI1	-0.330000359	0.057913171	0.015865949	-2.819927974	20.94251061	1.79953394605729	1.23722265488878
STXBP6	-2.347329172	0.058155342	0.015940516	-2.865619202	18.20273221	1.79749762445022	1.23541038593013
SH3PXD2B	-0.260351981	0.058267747	0.015979563	-2.816033705	23.17964371	1.7964351016981	1.23457177415945
RNF34	0.348197124	0.058382864	0.016019386	2.814675205	20.85972105	1.79535413381496	1.23371460429683
APC	-0.63304753	0.058400855	0.016032579	-2.814225919	18.38874351	1.79499661143383	1.23358079468445
TMED2	0.216352603	0.058676852	0.016116852	2.811364432	24.33776014	1.79271978216737	1.23153319400569
EZR	0.122601866	0.058676852	0.016124937	2.811090715	30.55783048	1.79250197347445	1.23153319400569
UTP14A	0.291257906	0.05897768	0.016215944	2.808018743	23.23221085	1.79005776410125	1.22931231525345
UTP6	0.80092406	0.059033621	0.016248015	2.808589955	20.62497118	1.78919968866687	1.22890057723809
HERC2	-0.238589846	0.059033621	0.016241134	-2.807171469	23.15852994	1.78938365041821	1.22890057723809
TESK2	0.32256624	0.059054419	0.016262088	2.806467683	20.2214837	1.78882369314169	1.22874759888858
CPD	-0.216958841	0.059183837	0.016306092	-2.804992584	24.39399518	1.7876501116882	1.22779688213063
NUP42	-0.889436706	0.059355376	0.016361745	-2.803745633	19.34493748	1.78617038015999	1.22653993953335
TAB1	-0.241877646	0.059507005	0.016411955	-2.801460065	23.96982814	1.78483968249714	1.22543190731721
POM121C	-0.85122736	0.059921301	0.016534687	-2.797392766	18.83014479	1.78160402182433	1.22241876588624
JMJD7	-0.625340332	0.060129375	0.016600604	-2.795220683	17.77052129	1.77987611020724	1.22091331029822
FAM3C	-0.272338177	0.0607369	0.016776916	-2.789452572	24.07084711	1.77528786992438	1.2165473781611
RTF1	-0.287034652	0.060902524	0.016831274	-2.787686333	23.17468378	1.77388300997608	1.21536470840887
PLSCR1	1.510597049	0.060919035	0.016856761	2.833824498	21.82150518	1.77322587069371	1.21524698480898
EIF3I	-0.121460769	0.060919035	0.01686072	-2.78673194	26.38305374	1.7731238837237	1.21524698480898
EPB41L4A	-0.462959287	0.060919035	0.016873836	-2.786307331	21.69355778	1.77278617619842	1.21524698480898
VARS1	-0.13364332	0.060919035	0.016878823	-2.786145996	27.18914282	1.77265784102951	1.21524698480898
CISD1	0.187624318	0.060919035	0.016878896	2.786143628	23.5143785	1.77265596273334	1.21524698480898
UBA3	-0.153674147	0.060919644	0.016887676	-2.785859656	24.92123738	1.77243011181563	1.21524264324288
CDC42SE2	1.105599081	0.060924305	0.016898518	2.78925552	17.39671638	1.77215138134161	1.21520941637199
ERC1	-0.198866915	0.060924305	0.016906799	-2.785241697	24.54883346	1.77193861051171	1.21520941637199
ENPP5	0.579438472	0.060924305	0.016914806	2.784983184	16.96413057	1.77173297887586	1.21520941637199
LMAN1	-0.141626472	0.060953617	0.01693156	-2.784442581	25.53984131	1.77130302605055	1.21500051815826
SEC24B	-0.263542969	0.060987398	0.016970312	-2.783194263	23.24220027	1.77031017308405	1.21475989522646
YKT6	0.260222196	0.060987398	0.016970755	2.783179998	24.62422002	1.77029883623035	1.21475989522646
FXR2	-0.392573759	0.060987398	0.016971322	-2.783161766	22.18272492	1.77028432651303	1.21475989522646
BCCIP	-0.180287061	0.060987398	0.016982747	-2.782794266	24.46193299	1.76999206023749	1.21475989522646
PLRG1	-0.181393684	0.060987398	0.016984051	-2.782752364	24.40070445	1.76995871473317	1.21475989522646
MARCKSL1	-0.222054859	0.061038725	0.017006973	-2.782015875	26.21805624	1.76937297776784	1.21439454666601
CLINT1	0.155306826	0.061096455	0.017031695	2.781222673	25.29875108	1.76874212875403	1.21398398809792
PFKFB3	-1.122785662	0.06128701	0.017102143	-2.784409593	19.55961021	1.76694946652237	1.21263156598965
MRTFA	0.411204003	0.06128701	0.017095402	2.779183858	17.81505266	1.76712068227136	1.21263156598965
SPCS2	-0.157361918	0.061393691	0.017140591	-2.777742257	24.32055747	1.76597420787292	1.21187625597064
CDKN2A	-0.565382227	0.061463666	0.017168816	-2.7784502	22.19941287	1.76525965372648	1.21138153981526
IARS2	0.163076783	0.061725259	0.017259183	2.773976761	25.84998404	1.76297976638382	1.20953707908684
RRAS	-0.237357017	0.061725259	0.017265144	-2.773788189	22.42640384	1.76282979506462	1.20953707908684
KDM5C	-0.219248954	0.061725259	0.017268064	-2.773695801	23.43418191	1.76275635040288	1.20953707908684
TMEM179B	0.367991259	0.06193056	0.017334253	2.771606392	20.40042323	1.76109486903315	1.20809499291453
SURF6	0.286274183	0.062213942	0.017422366	2.768837122	23.17721984	1.75889286706832	1.2061122800171
EPB41L2	0.128206519	0.062417079	0.017491611	2.766670582	25.67095295	1.75717018959565	1.20469655934683
AACS	-0.162663959	0.062417079	0.0174969	-2.76650545	23.64743463	1.75703889029387	1.20469655934683
SPTLC1	-0.198654124	0.062567775	0.017547988	-2.764912901	24.71069162	1.75577267125453	1.20364928888381
MMAB	-0.370306297	0.062760609	0.017610943	-2.762956738	20.75623614	1.75421738856812	1.20231285087133
CASP9	0.475423411	0.062831706	0.017639775	2.762063156	19.51179075	1.75350695870996	1.201821148205
MBNL1	-0.212515508	0.062896616	0.01766689	-2.761224127	23.85334004	1.75283989501578	1.2013727200883
PAWR	0.231950714	0.063040974	0.017716349	2.75969693	24.34536788	1.75162577299773	1.20037708550014
MEAK7	0.442589477	0.063433838	0.017836519	2.756003914	21.38769091	1.74868989920891	1.19767901126065
ZNF512	-0.552468024	0.063433838	0.01784469	-2.755753682	20.70412923	1.74849099225631	1.19767901126065
CCN1	-0.333744033	0.063668625	0.017936218	-2.753261197	24.28691425	1.74626912622425	1.19607452914292
LAMC2	0.357051265	0.063668625	0.017938576	2.752886796	23.4943389	1.74621203508724	1.19607452914292
TOM1L2	0.290005627	0.063668625	0.017943399	2.752739917	23.76397232	1.74609528553269	1.19607452914292
ACTR10	-0.311704501	0.063668625	0.017947964	-2.752600924	21.99028676	1.74598481024533	1.19607452914292
UBR7	-0.299548904	0.063668625	0.01795804	-2.752294303	21.96762808	1.74574106542123	1.19607452914292
APLP1	-0.507300208	0.063668625	0.017964741	-2.75209047	17.40442514	1.74557903969405	1.19607452914292
RAP1A	0.283163021	0.063836235	0.018021058	2.750380358	22.03023587	1.74421971557262	1.19493273517459
SCAMP2	0.271669316	0.064032295	0.018088026	2.748353665	22.68141789	1.74260882640084	1.19360093222278
AARS2	-0.290649584	0.064032295	0.018094509	-2.748157865	23.04402605	1.74245319710863	1.19360093222278
B4GALT5	-0.484383832	0.064146138	0.018135747	-2.746913984	19.76498403	1.74146455139887	1.19282948575481
MRPL57	-0.608002369	0.064216668	0.018164766	-2.746040376	21.10945007	1.74077019238224	1.19235223235337
UBE4B	-0.184355199	0.064227409	0.018176883	-2.745675975	24.65653867	1.74048058821858	1.19227959752037
SDHB	0.178299443	0.064363313	0.018224444	2.744248065	23.99697759	1.73934571247036	1.19136160937432
LANCL2	0.432519715	0.064425917	0.018251277	2.743444062	21.36699194	1.73870674355539	1.19093939124496
SYMPK	-0.27463781	0.064764747	0.018356421	-2.740304938	23.71611925	1.73621199042605	1.18866132668286
CTPS1	-0.194506064	0.064835347	0.018385596	-2.739437034	25.40325598	1.73552228718126	1.18818816046039
DYNC2H1	-0.452768543	0.064924336	0.018420009	-2.738415076	18.79666242	1.73471016194322	1.18759248333148
CDH1	0.295525475	0.064942189	0.018434254	2.737992579	22.69554994	1.73437443279282	1.18747307674176
AS3MT	-0.305517985	0.064951749	0.01844615	-2.737640028	21.41706934	1.73409426409749	1.18740914989008
TMED7	-0.228836706	0.065022141	0.018475333	-2.736776075	23.5119852	1.73340772512479	1.18693873448343
ZBTB7A	-0.639148216	0.065130711	0.018515389	-2.735592418	18.12542204	1.73246715918684	1.18621418082037
PDCD10	-0.267505447	0.065240245	0.018561072	-2.734245548	24.36137488	1.7313969445913	1.18548441670061
IGFBP4	-0.53359093	0.065240245	0.018568087	-2.734039024	20.09050489	1.73123283767862	1.18548441670061
SMPD4	-0.253538864	0.065240245	0.018574195	-2.733859274	22.66752659	1.73108999935117	1.18548441670061
ZNHIT6	0.319281036	0.065352607	0.018615423	2.732647409	22.03098644	1.73012709081929	1.18473708316941
PPP6R3	-0.189145312	0.065647894	0.018715576	-2.729714523	24.85042712	1.72779680227801	1.18277920162095
NHSL2	-0.837314404	0.065647894	0.018718095	-2.729640974	16.97237575	1.72773835287818	1.18277920162095
GTF2H4	-0.300225114	0.065821766	0.018777305	-2.727914589	21.11284013	1.72636673941905	1.18163046975106
TIPIN	0.387571576	0.065821766	0.01878628	2.727653366	20.50144307	1.72615920901165	1.18163046975106
SEC11A	0.22943122	0.065888183	0.01881455	2.726831369	23.17921305	1.72550616452743	1.18119246883665
DNMT3A	-0.362220515	0.065965846	0.018846052	-2.725916848	20.72655989	1.72477961491148	1.18068086344235
RAP2C	-1.145891637	0.066098886	0.018900644	-2.72951661	17.16483974	1.72352339789652	1.17980585985066
PCBP2	-0.265258696	0.066098886	0.018902749	-2.724274706	25.93111312	1.7234750324027	1.17980585985066
CDC34	0.359657636	0.066109377	0.018919027	2.723804135	20.63775658	1.72310120299749	1.17973693551393
CHKB	-0.427658215	0.066109377	0.01892444	-2.723647741	19.34206642	1.72297696300402	1.17973693551393
TAF15	-0.183957504	0.066264566	0.018984127	-2.721926178	25.80775024	1.72160936943807	1.17871864209904
WDFY3	-0.344172187	0.066264566	0.018987599	-2.7218262	19.39492456	1.7215299487425	1.17871864209904
ACAD11	-0.738944857	0.066281035	0.019020427	-2.722409636	20.81478474	1.72077973757409	1.17861071854963
SH3D19	-0.423239218	0.066281035	0.019003964	-2.721355198	20.28635229	1.72115580095417	1.17861071854963
GSTK1	-0.191383056	0.066281035	0.01901215	-2.721119759	23.17030133	1.72096876791424	1.17861071854963
CELSR2	-0.295923702	0.066300954	0.019035516	-2.720448248	22.56748993	1.72043534617216	1.17848022251597
PICK1	1.380118002	0.066720827	0.019175953	2.728919609	18.34777806	1.71724304342297	1.17573857928712
YBEY	0.563599015	0.066720827	0.01917596	2.716429072	18.60974031	1.71724288488791	1.17573857928712
TSC1	-0.262742108	0.066720827	0.01918436	-2.716189626	23.47046674	1.71705268450865	1.17573857928712
TRAF5	1.379656364	0.066807842	0.019229095	2.726675308	17.59858836	1.71604115495834	1.17517255642514
NAGA	-0.464266738	0.066807842	0.019237674	-2.71467218	20.50162042	1.7158474390566	1.17517255642514
TMA16	-0.210350999	0.066807842	0.019237712	-2.71467109	22.90202994	1.71584658119956	1.17517255642514
MAP2K1	0.308337674	0.066850331	0.019268344	2.715159605	25.0373701	1.71515560877819	1.1748964380487
CHCHD4	0.316634967	0.066850331	0.019268847	2.713786822	22.87625668	1.71514427167142	1.1748964380487
HOMER2	0.515866673	0.066865653	0.019282716	2.713393393	16.69510396	1.71483179508367	1.17479690978167
ARFGEF1	-0.151189673	0.06689577	0.019300858	-2.71287917	25.24091073	1.71442338444388	1.17460134297565
ISG20	-0.437292924	0.066909927	0.019314401	-2.712495602	20.60649669	1.71411875614088	1.17450944394383
PRKCSH	0.123833018	0.066990301	0.019347072	2.711571393	27.80637517	1.71338475211596	1.17398807083787
CSTF2T	0.181287886	0.066995307	0.019361377	2.711167209	22.98461031	1.71306375848243	1.17395561842436
SLC44A1	0.569105106	0.066995307	0.019367459	2.710995454	18.46167555	1.71292735474126	1.17395561842436
SLC38A1	-0.852312841	0.067056269	0.019394561	-2.715345836	20.90170265	1.71232004630034	1.17356061430996
NUP107	-0.218181292	0.067432645	0.019512952	-2.706902512	24.63188387	1.70967702377156	1.17112980508125
MCL1	-0.29132279	0.067470761	0.01953352	-2.706326354	20.65267792	1.70921948846697	1.17088439142708
SMARCA5	-0.197421971	0.067637613	0.019591387	-2.704708514	26.58721709	1.70793481642368	1.16981172749683
MYO1G	-0.950373646	0.06783537	0.019658257	-2.704347837	18.6268137	1.70645499153133	1.16854380184909
UBE2T	-0.264312541	0.067846307	0.019671017	-2.702489906	21.4701434	1.70617318628959	1.16847378681296
YTHDF2	-0.795966081	0.067934134	0.019706085	-2.702859074	20.14664346	1.70539964826144	1.16791195645653
ZNF703	-0.249088136	0.067934281	0.019715731	-2.701248007	25.66360914	1.70518711595922	1.1679110167048
ATP13A3	-0.36225203	0.068086302	0.019773699	-2.699642088	19.8913591	1.70391208106457	1.16694025320024
TMEM106B	-0.398637141	0.068086302	0.019781818	-2.699417554	19.87262071	1.70373379812376	1.16694025320024
WDR18	-0.23217387	0.068086302	0.019788724	-2.699226601	24.07957508	1.70358220870543	1.16694025320024
ZYG11B	-0.290678743	0.06829939	0.01986338	-2.697166758	21.58133634	1.70194684897006	1.16558317510056
WDR70	-0.272397246	0.06829939	0.019869967	-2.696985401	22.24666405	1.70180285416496	1.16558317510056
TSPAN15	-0.651308298	0.068574384	0.019959663	-2.694521444	20.87713629	1.69984679563762	1.16383808494986
L1RE1	-0.426393772	0.068690434	0.020003152	-2.693330741	21.18381961	1.69890156491856	1.16310373965487
PARP1	-0.14413957	0.068757269	0.020035384	-2.692449872	27.62611974	1.6982023294238	1.16268138157464
ITGA5	-0.608440555	0.068757269	0.020042054	-2.692267775	21.025674	1.69805777206856	1.16268138157464
MUL1	-0.348881713	0.068770525	0.020056238	-2.691880707	19.71361612	1.69775052540637	1.16259766020454
WNK1	-0.17907368	0.068770525	0.020065361	-2.691631896	24.76549766	1.6975530223793	1.16259766020454
AP2A2	-0.242753994	0.068798111	0.020083135	-2.691147466	23.99778045	1.6971684923772	1.16242348608918
CHMP7	-0.282227747	0.068949971	0.020137212	-2.689676201	22.58076288	1.6960006577561	1.1614659121501
COPB2	-0.099728635	0.069061823	0.020192222	-2.688183556	27.17748767	1.69481588763183	1.16076196192066
NRP2	-0.575239457	0.069061823	0.020196126	-2.688077784	19.0421345	1.69473192848289	1.16076196192066
CLTC	0.169751389	0.069061823	0.020199168	2.687995373	30.03919063	1.69466651869449	1.16076196192066
ZHX2	-0.598585329	0.069127755	0.020228223	-2.687208847	21.20397953	1.69404226726336	1.1603475470803
PLEKHG2	-1.281965012	0.069214367	0.020275165	-2.71099963	20.53692263	1.69303560279878	1.15980374858946
WASHC4	0.349299985	0.069214367	0.020282102	2.685753323	21.51837302	1.69288703751945	1.15980374858946
DNM1L	-0.174798557	0.069214367	0.020282921	-2.685731227	27.18665731	1.6928695008756	1.15980374858946
SPTY2D1	-0.51902884	0.069247203	0.020302332	-2.685207788	20.85934945	1.69245407457132	1.15959776372485
EDC4	-0.162216843	0.069386982	0.020353122	-2.683840526	25.634023	1.69136896415975	1.15872200182015
AP5M1	-0.503526337	0.069458955	0.020384053	-2.683009521	18.68209312	1.69070946014647	1.1582717548742
ARL8B	0.343651981	0.069559055	0.020423262	2.681957886	20.87494168	1.68987489126679	1.15764632677101
SPTAN1	0.188965507	0.06961946	0.02045084	2.681219422	28.40524316	1.68928884903206	1.15726934962297
GNS	0.175048732	0.069673495	0.020476562	2.680531523	24.13790651	1.68874295930594	1.15693240360145
MYO5C	0.870695776	0.069780149	0.020517771	2.679431212	16.78904448	1.68786982167821	1.15626810754757
DDX28	-0.40108171	0.06978617	0.020537222	-2.678912602	17.80226635	1.68745830229982	1.1562306359413
DYNLL2	0.168653483	0.06978617	0.020539271	2.678857993	24.87197782	1.68741497487193	1.1562306359413
ANKRD36B	0.758110147	0.069793183	0.020556401	2.678401736	17.80604063	1.68705291898898	1.15618699471301
BCHE	0.323808887	0.069793183	0.02057388	2.67793655	22.7773828	1.68668379757664	1.15618699471301
LRP1	-0.456510144	0.069793183	0.020579326	-2.677791688	22.14021221	1.68656885305629	1.15618699471301
MORF4L2	-0.174852655	0.069793183	0.0205808	-2.677752494	24.63425376	1.6865377477061	1.15618699471301
PNO1	-0.280384877	0.070007383	0.020655265	-2.675775718	23.01885311	1.68496922880168	1.15485615674174
ITGB6	-0.451976703	0.070007383	0.020663757	-2.67555073	19.11316525	1.68479071398629	1.15485615674174
PLEKHA7	-0.668922927	0.070038699	0.020682901	-2.675043858	19.11318665	1.68438854681932	1.15466192972692
MRPS30	-0.238231764	0.070186519	0.020736475	-2.673627858	22.67323071	1.68326506753036	1.15374629650473
HMGN1	0.323050835	0.070215104	0.020754846	2.674451992	24.52928973	1.68288048471853	1.15356945655557
COL26A1	-1.308572352	0.070312553	0.020793591	-2.695110248	20.14650159	1.68207050264489	1.15296713284714
HPCAL4	0.923187812	0.070401142	0.020829741	2.671715603	17.73488183	1.68131613009883	1.15242029596761
CD40	-0.320903483	0.070499982	0.020868951	-2.670141817	21.51914651	1.68049938065957	1.15181099389231
EIF3M	-0.219133256	0.070521752	0.020885365	-2.669711431	25.63381823	1.6801579304491	1.15167690688774
TTC13	-1.024682689	0.070601922	0.020919088	-2.671189118	18.24807614	1.67945725313178	1.15118347596473
GBP3	-0.455407147	0.070761783	0.020981414	-2.667199474	17.68651384	1.67816524675713	1.15020123261215
UEVLD	0.221981587	0.070761783	0.02098646	2.667067821	22.07028637	1.67806081211428	1.15020123261215
ARPIN	-0.964569477	0.070771471	0.020999338	-2.668185951	18.65538714	1.6777943960984	1.15014177739822
DOHH	-0.18211913	0.070774506	0.021010244	-2.66644772	23.09834769	1.67756890393682	1.15012315329063
CLPTM1	-0.210131578	0.070787462	0.021024096	-2.66608686	23.50797802	1.67728266904501	1.15004365850255
MTFR1L	0.422165143	0.07084931	0.021052481	2.665348174	19.57921855	1.67669671592726	1.14966437498112
GPR107	-0.33940662	0.070969337	0.021098179	-2.664160977	20.62762162	1.67575502737435	1.14892925195847
FADD	3.358878165	0.071056049	0.021134002	2.705194349	20.15716761	1.67501825581351	1.14839894468236
CCPG1	-1.132779065	0.071140653	0.021169222	-2.667215263	16.54265655	1.67429510264736	1.14788215274322
MACROH2A1	0.617362046	0.071354927	0.02124307	2.665299743	22.35218021	1.67278271980746	1.14657603383124
THOC3	-0.269870625	0.071539892	0.021308249	-2.658735855	23.20278726	1.67145223685932	1.14545171981802
PPP1R11	0.309298311	0.07161273	0.021345065	2.657790492	21.82058233	1.6707025183443	1.14500976990804
HSPE1	0.148467714	0.07161273	0.02135019	2.657659004	28.61474876	1.67059825574039	1.14500976990804
MYO15A	0.523274108	0.07172341	0.021393327	2.656553646	20.00450827	1.66972167052977	1.14433907062996
ETFB	0.131743978	0.071723886	0.021403608	2.656290521	25.59659491	1.66951301158471	1.14433618839824
SMC1A	-0.140287113	0.071753179	0.021437973	-2.655411912	26.40768275	1.66881628038464	1.14415885289957
PKD1L3	-0.618233382	0.071753179	0.021442071	-2.655307237	18.79617584	1.66873327026496	1.14415885289957
CNOT7	-0.353509526	0.071753179	0.021442779	-2.655289134	21.32633591	1.66871893044597	1.14415885289957
DMXL2	0.708677859	0.071850663	0.021489307	2.654102031	19.06975824	1.66777758967044	1.14356922007098
TATDN3	0.457823623	0.071850663	0.021492225	2.654027651	19.39326554	1.66771862149312	1.14356922007098
ITM2C	-0.404397001	0.071990883	0.021544345	-2.652701038	22.80686984	1.66666670497361	1.14272249958951
ANAPC10	-0.332704987	0.072039379	0.021569042	-2.652073526	20.48299699	1.66616914387998	1.14243003957871
ESS2	-0.758983128	0.072175557	0.021620018	-2.650780552	19.15760613	1.66514394880558	1.14160985585607
GID8	-0.441301105	0.072178524	0.021631807	-2.650481948	20.65131387	1.66490720051698	1.14159200320211
CCT2	0.093179807	0.072178524	0.021644776	2.650153635	28.54928915	1.66464690430531	1.14159200320211
UCHL1	-0.157962016	0.072178524	0.021651516	-2.649983093	29.73550013	1.66451168973166	1.14159200320211
TIMP2	0.675474037	0.072207389	0.021670383	2.649506003	20.31622026	1.66413341293876	1.14141835869446
RTN4IP1	-0.470215655	0.072300128	0.021708435	-2.648544956	21.29738992	1.66337148448491	1.14086093383072
SLC25A13	-0.21250049	0.072320227	0.021724693	-2.648134853	25.26401027	1.66304635201844	1.1407402193594
LUZP1	0.280262855	0.072330704	0.021738066	2.647797768	23.240649	1.66277909699721	1.14067730786255
SSNA1	-1.316187879	0.072429486	0.021788231	-2.672344404	20.386592	1.66177802896098	1.14008459678404
TCP11L1	0.314465232	0.072429486	0.0217826	2.646676631	20.91633062	1.66189028352143	1.14008459678404
EIF2AK2	-0.195753021	0.072613327	0.021860441	-2.64472242	23.69894428	1.66034108109013	1.13898366426691
ARCN1	0.123671546	0.072613327	0.021864064	2.644631628	26.25225126	1.66026911005642	1.13898366426691
PATZ1	-0.339500056	0.072728763	0.021909103	-2.643504207	20.3611589	1.65937540291053	1.13829379902066
CWC27	-1.036285809	0.072741614	0.021923257	-2.647958789	19.96705208	1.65909492500286	1.13821706699429
ADAM15	0.858285872	0.072903564	0.021998626	2.642690015	19.73861374	1.65760444368929	1.13725124002635
SAC3D1	-0.415123409	0.072903564	0.021988513	-2.64152195	19.60489026	1.65780413934	1.13725124002635
SAAL1	0.160731249	0.072903564	0.022019801	2.640742878	23.43303385	1.65718661020498	1.13725124002635
TKFC	-0.362311649	0.072903564	0.02202825	-2.640532681	23.02533652	1.65702000332729	1.13725124002635
ELOVL1	0.253995582	0.072903564	0.022032873	2.640417704	21.32572959	1.65692886886405	1.13725124002635
ID1	-0.42491716	0.072903564	0.022038443	-2.640279191	20.16298913	1.65681909132634	1.13725124002635
PIK3R3	-0.326040766	0.072903564	0.022044207	-2.640135897	19.90214495	1.65670551950577	1.13725124002635
PHGDH	-0.130331364	0.073118109	0.022119417	-2.638269618	28.99002106	1.65522632388721	1.13597504896849
GNAI1	-0.779295714	0.073160191	0.022142489	-2.637698336	19.59693981	1.65477356239999	1.13572516937744
MTCH2	0.211980581	0.07346469	0.022249453	2.635057496	25.23243731	1.65268066162695	1.13392134966208
P3H3	-0.566307117	0.07346469	0.022255418	-2.634910586	19.05151431	1.6525642444105	1.13392134966208
OLA1	0.162764808	0.073517917	0.022285193	2.63417788	27.26644157	1.65198360037197	1.13360680641277
CNNM3	0.492227931	0.073517917	0.022292328	2.634002446	18.43735434	1.65184457554128	1.13360680641277
PLOD1	-0.244132036	0.073520548	0.022303519	-2.633727395	24.8838674	1.65162660952085	1.13359126450974
RAF1	-0.448116651	0.073549961	0.022337206	-2.632900246	18.06538373	1.65097115058783	1.13341755322183
ZNF362	-0.416679895	0.073549961	0.022338372	-2.632871658	19.23819239	1.65094848104941	1.13341755322183
MIEN1	0.257442744	0.073549961	0.022343634	2.632742565	21.32697807	1.65084619121155	1.13341755322183
LACTB	0.614877024	0.073558841	0.02235673	2.632421428	19.58246688	1.65059171808477	1.13336512216465
ELMO2	-0.325053281	0.073604728	0.022381081	-2.631824779	21.59712618	1.65011894099815	1.13309428785869
GLTP	-0.5242299	0.073650304	0.022412757	-2.631049619	21.44606481	1.64950471748366	1.13282545621782
YIPF4	-0.345840128	0.073650304	0.022415763	-2.630976134	22.11883376	1.6494464737935	1.13282545621782
CBX5	0.193548943	0.073681211	0.022435585	2.630491664	25.02381249	1.64906260190717	1.13264324483217
PSMD2	-0.11023919	0.073699826	0.022451672	-2.630098806	27.88684548	1.64875131108227	1.13253353747784
VAV2	-0.354608272	0.073825328	0.022502967	-2.62884793	21.78258156	1.64776021669856	1.13179461482311
ATG2B	-0.464757995	0.073825328	0.022510776	-2.628657749	20.51591544	1.64760953357749	1.13179461482311
ASCC3	0.279538293	0.073834329	0.022523958	2.628336864	24.92250837	1.64735529115101	1.13174166759682
RPLP2	0.15535706	0.073849553	0.022539042	2.6279699	28.42492393	1.64706454716105	1.13165212906186
TIPRL	0.182676471	0.073968336	0.022585751	2.626835096	25.45741769	1.64616546411373	1.13095415112568
NOC3L	0.18035464	0.074137087	0.022647759	2.625332174	24.36364884	1.64497476504559	1.12996448230267
CP	-0.774000868	0.07418059	0.022673647	-2.626859701	20.56028926	1.64447861906238	1.12970971680513
UBE2S	-0.405890814	0.07418059	0.022682021	-2.624503461	21.87070671	1.6443182518054	1.12970971680513
TRAF6	2.422495354	0.074274232	0.022721153	2.663986074	22.6040691	1.64356963383988	1.12916183013199
ST14	0.345164908	0.074430179	0.022779381	2.622155277	23.10647806	1.64245808148329	1.12825093655537
ASF1B	-0.544249886	0.074512268	0.022815037	-2.621297752	18.3854603	1.64177882257912	1.12777221737151
TMEM68	0.283641383	0.074579637	0.022846208	2.620549191	22.57536998	1.64118587355207	1.12737973480256
PMF1	-0.541414724	0.074580901	0.022857138	-2.620286942	18.90698549	1.64097814964592	1.12737237430047
GLA	-0.525159955	0.074584429	0.022868763	-2.624713363	22.81157322	1.64075732628977	1.12735183077428
RSRC1	-0.5369312	0.074591545	0.022881489	-2.619703118	20.36365888	1.6405157174908	1.12731039729873
KIF2A	-0.257664529	0.074602672	0.022895448	-2.619368721	25.11509682	1.64025085412255	1.12724561737888
SLC25A22	0.217626222	0.074713598	0.022940053	2.618301536	23.31216966	1.63940558305284	1.12660034866755
MANBA	-0.616161389	0.074851662	0.022993025	-2.61703679	18.44853462	1.63840388847909	1.12579855217577
ANAPC5	-0.295016612	0.074917293	0.023023777	-2.6163039	21.98620502	1.63782342980681	1.12541792345379
TRAPPC6B	1.147794599	0.074927663	0.023037555	2.63778702	20.82799515	1.63756361493432	1.12535781287143
BRD2	-0.420561442	0.074943151	0.023052912	-2.615610414	22.61204596	1.6372742075562	1.12526805085867
PFN1	0.11232286	0.075147275	0.023134233	2.61367931	29.2678933	1.63574489466806	1.12408676323303
SARAF	-0.40799282	0.075147275	0.023136947	-2.61361496	18.25151665	1.63569394825929	1.12408676323303
CFAP20	0.335395481	0.075344453	0.023208307	2.611926078	20.75781572	1.63435653931035	1.12294871574706
TOR1AIP1	0.297129357	0.075580146	0.023291592	2.609961388	23.59281689	1.63280082605588	1.12159227348102
CENPB	-0.493756232	0.0758647	0.023390007	-2.607648627	17.18574106	1.63096964821817	1.11996025521568
MT1X	0.473523663	0.076005719	0.023444229	2.606378481	21.01373469	1.62996404514101	1.11915372828899
RMI1	-0.380602165	0.076006979	0.023471534	-2.605739952	17.6291884	1.62945852582687	1.11914652874508
PKN2	-0.213829563	0.076006979	0.023472331	-2.605721347	22.92535665	1.62944377916286	1.11914652874508
NRAS	-0.29317579	0.076006979	0.023476852	-2.605615695	22.08851998	1.62936013786249	1.11914652874508
IMPA1	0.154758579	0.076082061	0.023510798	2.604823048	24.49817314	1.62873262986634	1.11871773123358
MED25	0.893253345	0.076237228	0.023569986	2.603640298	17.07229264	1.62764067543599	1.11783290311199
GEMIN5	-0.273499667	0.076237228	0.023580302	-2.603203646	23.44341474	1.62745063706563	1.11783290311199
MRPL52	0.420039498	0.076258149	0.023597553	2.602802431	19.5628159	1.62713302981361	1.11771374048435
XPO7	-0.125981887	0.076747214	0.023767864	-2.598856761	26.70311215	1.62400984623546	1.11493738088514
ARID5B	-0.601536937	0.076747214	0.023770589	-2.598793857	18.37625294	1.62396005696426	1.11493738088514
TRAF4	0.26968974	0.0768401	0.023810221	2.598958434	25.70615344	1.62323657357307	1.11441207861748
PMPCB	-0.361278801	0.076876613	0.023832402	-2.600250045	24.34136051	1.62283218414224	1.11420575889587
DNM3	0.910541254	0.076919235	0.023856489	2.601417604	20.54313826	1.62239347181927	1.11396504368643
GPAM	-0.423011953	0.076976039	0.02388633	-2.596128528	18.26368769	1.62185057202434	1.11364444040565
DOCK9	0.439529852	0.076976039	0.02389587	2.595909401	20.78007063	1.62167715307702	1.11364444040565
LCLAT1	-0.232901243	0.077070651	0.023936135	-2.59498548	23.39210008	1.62094597438424	1.11311097260198
MMS19	-0.239820985	0.077161082	0.023975128	-2.5940922	24.73026768	1.62023906551099	1.11260169104196
SAPCD2	-0.501106796	0.077339479	0.024044815	-2.592499312	19.51358819	1.61897856002449	1.11159875789247
NR1I3	-0.488835926	0.077339479	0.024052425	-2.592325637	17.91169087	1.6188411308899	1.11159875789247
SNRPB2	0.29862632	0.077444911	0.024096162	2.591328527	23.89826984	1.61805212568069	1.11100711498976
MT-ND2	-0.429698718	0.077561692	0.024143461	-2.590252182	20.69732268	1.6172004730348	1.11035272540241
UFL1	0.155055714	0.077567243	0.024156154	2.589963696	25.13613498	1.61697221034634	1.11032164456413
MARF1	-0.39281006	0.07761994	0.024183538	-2.589341823	20.46882323	1.61648016247129	1.11002669730431
SAFB	-0.209042528	0.077655351	0.024205548	-2.588842476	25.8232758	1.61608508072885	1.1098286129592
ZNF385A	0.413748983	0.077762252	0.024249863	2.587838463	18.77157848	1.61529071060861	1.10923117070252
DAPK1	-0.809575222	0.07797073	0.024325898	-2.587326234	19.71179329	1.61393111861372	1.10806839968355
PRPF38B	-0.644895826	0.078125006	0.024385074	-2.5847861	20.66011555	1.6128759221416	1.10720993629405
RTN4	-0.122318071	0.078143462	0.024401881	-2.584407838	26.72275741	1.61257669511888	1.10710735207988
ABHD12	0.24664164	0.078184658	0.024425798	2.583870016	22.823977	1.61215123881348	1.10687845921159
FRMD5	-0.2895837	0.078193428	0.024439591	-2.583560064	21.28119281	1.61190606634803	1.10682974698204
KDM1A	-0.206420604	0.078231579	0.024462575	-2.583044004	24.55901303	1.61149782982505	1.10661790401108
OSTC	-0.494393743	0.078284127	0.024490073	-2.58242719	21.6570419	1.61100992032854	1.10632628717753
SNAP29	0.333648496	0.078313765	0.024510415	2.581971322	22.97136735	1.61064933539483	1.10616189645881
AEBP1	-0.391905249	0.078335588	0.024538936	-2.581332783	18.8080376	1.61014427206324	1.10604089233899
ATIC	0.111275731	0.078335588	0.024539392	2.581322579	27.47024412	1.61013620176859	1.10604089233899
VKORC1L1	-0.769534904	0.078643822	0.024647067	-2.578918538	18.89790464	1.60823475433818	1.10433538844684
PAFAH1B1	0.113260713	0.078767368	0.024696921	2.577808925	25.40261113	1.60735718747156	1.10365366617438
CHD2	-0.545224481	0.078827603	0.024726951	-2.577141611	21.61467034	1.60682943177906	1.1033216793194
LSM3	-0.304494914	0.07883768	0.024741257	-2.576823993	23.80918463	1.60657823945646	1.1032661644284
UPK3BL2	0.651280657	0.078927725	0.024780672	2.583578236	22.36997777	1.60588692064217	1.10277041504824
RASA1	0.471806377	0.079150655	0.024861854	2.574153562	22.16074961	1.6044664882468	1.10154548684447
LGSN	0.486757747	0.079184102	0.024883554	2.573674403	20.40446328	1.60408759133012	1.10136200410161
MPDZ	-0.369572957	0.079614581	0.025030086	-2.57044943	21.80702484	1.60153765821194	1.09900738618284
ITGB1	0.133755687	0.079719013	0.025074188	2.569482428	28.01346872	1.60077312222895	1.09843808693225
TMEM9B	-0.498275618	0.079768812	0.025101127	-2.568892554	21.11874492	1.60030677896146	1.09816687586511
PAM16	0.363938465	0.079802324	0.025179359	2.57024631	24.26137245	1.59895533007829	1.09798446095905
NDUFA6	0.437096336	0.079802324	0.025128817	2.568286901	21.82218099	1.59982795639212	1.09798446095905
RAD50	0.176585951	0.079802324	0.02513461	2.568160268	25.17670226	1.59972784909363	1.09798446095905
PAIP2	-0.288582373	0.079802324	0.025157222	-2.56766627	21.21069885	1.59933731778483	1.09798446095905
NFYA	0.505900713	0.079802324	0.025164686	2.567503297	19.75917445	1.59920848427412	1.09798446095905
RPL13A	-0.252776577	0.079802324	0.025171295	-2.567359047	24.35148928	1.59909444051495	1.09798446095905
H6PD	-0.497387135	0.079901992	0.025222102	-2.566251277	21.79196941	1.59821872232439	1.09744239335404
TRIM59	-0.644119745	0.079994144	0.025262499	-2.565372025	19.60347492	1.59752369066791	1.09694180452772
SMC4	-0.137931852	0.080167818	0.025328679	-2.563934586	26.42411147	1.59638745995169	1.0959999368274
TELO2	-0.214923973	0.080307265	0.025384089	-2.56273389	23.04108109	1.59543841821063	1.0952451644761
DNAJA2	0.226900079	0.080380607	0.025418634	2.561986612	25.42086486	1.59484779218494	1.09484871852523
CLUH	-0.199298889	0.080488058	0.025474907	-2.560771455	24.44406189	1.59388739277632	1.09426855105365
CUSTOS	-0.340019525	0.080488058	0.025475369	-2.560761477	21.63864965	1.59387951670316	1.09426855105365
IRF3	0.191344726	0.080594137	0.025525435	2.559682588	23.27553335	1.59302684800737	1.09369655076516
GAR1	-0.22421744	0.080594137	0.02553173	-2.559547059	23.79738638	1.59291975691535	1.09369655076516
RFXAP	-0.478084405	0.080653343	0.025561888	-2.558898332	17.59999713	1.59240707235634	1.0933776268322
SEPTIN9	-0.143056308	0.080753043	0.025617419	-2.557705729	26.45951238	1.59146462831978	1.09284110326054
LYRM7	-0.698014345	0.080753043	0.025620826	-2.557632637	19.55732727	1.59140687297309	1.09284110326054
PEX11B	0.512988958	0.080753043	0.025627733	2.557484512	20.45500278	1.59128980931069	1.09284110326054
TIMM8B	0.259713891	0.080891645	0.025683155	2.556297242	21.95200308	1.59035162721817	1.0920963327484
CST3	0.602618688	0.080896924	0.025696266	2.556016721	20.31585518	1.59012998069258	1.09206799155489
SCCPDH	0.223772648	0.080927012	0.025717264	2.555567787	24.98781613	1.58977523687172	1.09190649440132
TMEM223	0.380364445	0.081212227	0.025819381	2.553389559	20.9115962	1.58805417382431	1.09037858013229
CDKAL1	1.024701833	0.081243778	0.025840896	2.563646464	20.62679447	1.58769243181049	1.09020988922584
SPCS3	-0.232407776	0.081545342	0.025948341	-2.550650736	23.59064589	1.58589040342544	1.08860084150871
CACTIN	-0.578003494	0.081681961	0.026003361	-2.549486285	17.76024708	1.58497051474391	1.08787384436317
DSTN	-0.196008771	0.081886858	0.026080166	-2.547864794	26.38229357	1.58368964865122	1.0867857924527
DGAT1	0.420730657	0.082015311	0.026132671	2.546759	19.96235396	1.58281619910246	1.08610506393219
AARS1	0.13547792	0.08208121	0.026165271	2.546073493	25.90004929	1.5822747628087	1.0857562500338
CREG1	0.537296605	0.082276489	0.026243111	2.544440098	20.12970588	1.58098468263299	1.08472424931153
TACC3	-0.256312497	0.082276489	0.026252772	-2.544237694	23.69004795	1.58082483318205	1.08472424931153
PPIH	-0.156668742	0.082276489	0.026262413	-2.544035786	24.66146499	1.58066537327928	1.08472424931153
WASF2	0.209910784	0.08231459	0.026286211	2.543537714	24.0459515	1.58027201033273	1.08452318064547
PLBD2	0.30942147	0.082338868	0.026305604	2.543132164	22.60411009	1.57995172196583	1.08439510800568
RPS19	0.158573852	0.082554237	0.02638608	2.541452312	27.78870101	1.57862512515783	1.08326063217104
RAB3GAP1	0.182080294	0.082573102	0.026403782	2.541083466	24.70299187	1.57833386161156	1.0831614000816
CPSF2	-0.216338965	0.082704094	0.02645736	-2.539968594	25.15079391	1.57745349327901	1.08247299156473
ZC3H15	0.212711628	0.082761472	0.026494752	2.539191816	24.40044249	1.57684014127649	1.08217179355255
MAP3K20	-0.40067423	0.082761472	0.026499114	-2.539101272	20.17431133	1.57676864649125	1.08217179355255
DDX47	0.237640393	0.082795645	0.02653123	2.538435076	23.7795218	1.57624261545943	1.08199250623698
RSBN1	-0.560216564	0.082795645	0.026533464	-2.538388748	18.25966218	1.57620604825062	1.08199250623698
NR2F6	-0.799415361	0.08287008	0.026569033	-2.542000556	20.99589007	1.57562425177739	1.08160224190275
ATAD2	-0.311135255	0.082981464	0.026616475	-2.536670582	22.38207258	1.5748494616118	1.08101890740156
PPM1A	-0.211495491	0.083205057	0.026699955	-2.534947961	25.09284529	1.57348947059303	1.07985027754999
TMEM236	-0.704869635	0.083418787	0.026786959	-2.533158205	19.18802517	1.57207658704437	1.07873612955896
AP4E1	0.488686855	0.083418787	0.026797751	2.532936593	16.72028171	1.57190165258593	1.07873612955896
TADA1	0.437821736	0.083418787	0.026803916	2.532810036	18.67658173	1.57180175175663	1.07873612955896
TLR9	-0.640041255	0.083440597	0.02682272	-2.532424213	20.0780927	1.57149718393804	1.07862259728433
INTS4	-0.245921729	0.083835901	0.026961645	-2.529581804	23.22075362	1.56925361389383	1.07656996385987
ALYREF	0.210030386	0.083870638	0.026984672	2.529112037	25.95524474	1.56888285643723	1.07639005331227
ATP5MJ	0.224002281	0.083931506	0.027016121	2.52847112	23.50160881	1.56837700724699	1.07607498418319
RABEP2	-0.300835962	0.083972489	0.027041183	-2.527960869	20.74631917	1.56797431276244	1.07586297384829
SIPA1	-0.323088844	0.084263914	0.027146941	-2.525812795	22.15025754	1.56627910094318	1.07435837206505
DENND1A	-0.559495286	0.084290079	0.027168313	-2.525379683	17.29049279	1.56593732799865	1.07422353912508
SF3B5	-0.252366441	0.084290079	0.027179201	-2.525159168	23.54484913	1.56576331457893	1.07422353912508
RBM42	-0.768980747	0.084361773	0.027214245	-2.531573289	21.49996984	1.56520370973501	1.07385430143107
POLR2M	-0.411785679	0.084583091	0.027297596	-2.522766839	18.44993834	1.56387559801074	1.07271644806456
PRPF4	-0.184054676	0.084614893	0.027324936	-2.522215841	24.5063191	1.56344084657421	1.07255319040688
NDUFS3	0.203186445	0.084614893	0.027331783	2.522077944	23.69888901	1.56333203600572	1.07255319040688
PIK3R4	0.231871163	0.084753792	0.027400748	2.52069076	23.28164933	1.56223758141909	1.07184086176401
CADM4	-0.324858799	0.084753792	0.027406049	-2.52058428	20.42849644	1.56215357012188	1.07184086176401
ALCAM	0.275394564	0.084753792	0.027412592	2.520452863	22.4280368	1.56204989776676	1.07184086176401
CBR3	0.626876221	0.08477558	0.027431623	2.520070828	19.7278056	1.56174849647523	1.0717292302737
TRIM45	-0.496236903	0.084909914	0.027487094	-2.518958762	21.31394482	1.5608711723601	1.07104159898897
ERI3	-0.643025683	0.085000217	0.027528343	-2.52849091	22.69910664	1.56021992909392	1.07057996555886
IFRD2	-0.50182157	0.085023434	0.027547881	-2.517742626	20.01416069	1.5599118017269	1.07046135835345
TNIK	0.455902329	0.085172737	0.027608296	2.516536519	19.70134224	1.55896039744022	1.06969939660915
WDR47	-0.399944092	0.085884934	0.027851292	-2.511711266	17.60296954	1.55515465343619	1.06608301375347
ZNF395	-0.4812441	0.085985699	0.027896124	-2.510825509	16.84218516	1.5544561351619	1.06557377389417
SIN3A	-0.301269746	0.085998347	0.027912384	-2.510504594	23.32798227	1.55420306878444	1.06550989638059
MRPS26	-0.517198763	0.086367134	0.02804429	-2.509157648	22.16157133	1.55215555059065	1.06365149175616
RFX6	0.464204446	0.086381589	0.028061195	2.507576051	19.40717362	1.55189383826649	1.0635788113144
RIMBP3	-0.791956286	0.08645544	0.028099019	-2.506834097	16.60431403	1.55130884202815	1.06320767459768
TRIM13	0.677281244	0.08645544	0.028109628	2.506626158	16.76616303	1.55114490176418	1.06320767459768
PSMB8	0.257376204	0.086505686	0.028138194	2.506066675	22.22007625	1.55070378042666	1.06295534551477
COG2	-0.25741217	0.086540494	0.02816175	-2.505605724	21.85653905	1.55034036118728	1.06278063004252
PARL	0.250964419	0.086542946	0.028174782	2.505350869	22.63346157	1.55013943558579	1.06276832510948
SELENOF	0.461999007	0.086550128	0.028189355	2.50506601	20.7505342	1.54991486109702	1.06273228550491
MAST3	0.715435597	0.086810627	0.028289292	2.503116405	18.3375035	1.5483779215547	1.06142710702445
WDSUB1	-0.353442915	0.086810627	0.028298743	-2.502932397	21.49824792	1.54823285494525	1.06142710702445
COPS5	-0.148913004	0.087252816	0.028455223	-2.499894162	24.41121915	1.54583800653114	1.05922054770946
AMFR	0.235143386	0.087327872	0.028492045	2.499181577	21.8147495	1.54527637840734	1.05884712257275
SNX9	0.32369112	0.087478203	0.028571631	2.497644501	22.58772387	1.54406496738477	1.05810014693298
EIF2AK4	-0.403099095	0.087478203	0.028576484	-2.497550907	20.04137022	1.54399120708224	1.05810014693298
NDUFA2	0.326874689	0.087478203	0.028612197	2.496862643	22.81423394	1.54344879342355	1.05810014693298
SETD2	-0.828491635	0.087478203	0.02861399	-2.496828092	17.83139635	1.54342157895944	1.05810014693298
EHD3	0.219744639	0.087478203	0.028627858	2.496561071	22.78385056	1.54321114564174	1.05810014693298
ARMH3	-0.515590238	0.087478203	0.028633409	-2.496454233	20.49178067	1.54312694322	1.05810014693298
MICU2	-0.588666898	0.087478203	0.028634491	-2.496433406	20.24945754	1.54311053239895	1.05810014693298
IRF2BPL	-0.233444105	0.087478203	0.028640022	-2.496326953	22.62695204	1.54302665275821	1.05810014693298
CLPP	0.366894251	0.087598945	0.028691936	2.495328883	20.14490443	1.54224014656927	1.05750112423646
ADNP	-0.307103325	0.087684752	0.028732436	-2.495011265	24.31212833	1.54162755199241	1.05707592200461
YEATS2	-0.70101755	0.087808464	0.028785387	-2.493995997	20.20321535	1.54082792737492	1.05646361972798
SOX2	0.42082299	0.087821308	0.028802012	2.493218415	17.77057242	1.54057717300547	1.05640009885368
ACKR2	-0.638765802	0.087883798	0.02883493	-2.492588813	18.2380335	1.54008109854997	1.05609118280751
GARRE1	-0.570258451	0.088008741	0.028888365	-2.491568267	16.58164095	1.53927703730331	1.05547419171866
PKNOX1	0.673094614	0.08806617	0.028935577	2.490668118	18.41547688	1.53856785301298	1.05519089072428
SCFD2	-0.40630795	0.08806617	0.028935699	-2.490665781	21.16168828	1.53856602191712	1.05519089072428
BUB1	-0.535611691	0.08806617	0.028944564	-2.490496922	20.26235392	1.53843298794621	1.05519089072428
TMEM259	-0.278503944	0.08813344	0.028979132	-2.489838939	21.2518872	1.5379146269137	1.05485927828522
RSBN1L	-1.497319318	0.088433868	0.029102919	-2.515233582	19.77515363	1.5360634494328	1.05338137900705
MED16	-0.232345772	0.088433868	0.029098343	-2.487575662	21.70748648	1.5361317411325	1.05338137900705
SFRP1	-1.056170098	0.088469391	0.029127115	-2.496500725	20.117566	1.5357025295031	1.05320696228714
FGD4	0.183249481	0.088587154	0.029178409	2.486060633	24.26947048	1.53493839240687	1.05262925047633
CARD19	-0.470428922	0.088773719	0.029252409	-2.484663989	19.01556509	1.53383836300653	1.05171558582719
TSEN15	0.725286135	0.089472136	0.029495197	2.480105667	19.4735536	1.53024869880905	1.04831219446691
LDAH	-0.590954367	0.089550951	0.029533838	-2.479383549	19.20249065	1.52968011165623	1.04792979773389
WDR7	0.438107913	0.089638809	0.029575485	2.478606287	19.21744961	1.52906812476946	1.04750392241993
SLC39A14	-0.22650231	0.089712011	0.029612319	-2.47791973	23.18589371	1.52852758080836	1.04714940799474
CEBPB	-0.372703731	0.089917514	0.029692863	-2.476421356	21.90819529	1.52734792550413	1.04615570879244
RIC1	-0.412893012	0.089943698	0.029726255	-2.47580132	17.29173828	1.5268598010299	1.04602926055306
GABPA	-0.221623427	0.089943698	0.029726939	-2.475788618	22.24710181	1.52684980804532	1.04602926055306
AIG1	-0.461631926	0.089977321	0.029757443	-2.475222815	19.74200288	1.52640438961474	1.04586694173544
CFL2	-0.208204213	0.089977321	0.02976349	-2.475110703	22.82128273	1.5263161457446	1.04586694173544
COMP	0.499485839	0.090014362	0.029788468	2.475098723	21.93317653	1.52595183167099	1.04568819234143
CHRDL1	1.046413857	0.090148809	0.029845704	2.477671716	17.55671376	1.52511817252003	1.04504000658046
CALU	0.171640241	0.090245085	0.029890336	2.47276437	26.86499142	1.5244692029893	1.04457644167166
AGPS	0.533185817	0.090366256	0.029943243	2.506659503	28.02788363	1.52370116522434	1.04399371077259
ALDH18A1	-0.141926183	0.090557725	0.030019489	-2.470385263	26.32613782	1.52259670470997	1.04307449640709
PRRC2B	-0.281759395	0.090657307	0.030074018	-2.469383785	21.07080201	1.52180854467453	1.04259718592161
YOD1	0.390765861	0.090657307	0.030078131	2.469308307	17.86956814	1.52174915350609	1.04259718592161
RAD23A	0.173250291	0.090794278	0.03013641	2.468240038	23.81079652	1.52090848427259	1.04194152054642
SELENOM	1.102592176	0.09087153	0.030197743	2.476965245	20.06665433	1.520025515297	1.04157215968861
TMSB4X	0.26398769	0.09087153	0.030211808	2.470916493	28.59549043	1.51982328396446	1.04157215968861
EURL	-0.706982005	0.09087153	0.03020276	-2.467026265	18.37864881	1.51995336836734	1.04157215968861
PCNT	-0.376615036	0.09087153	0.030213435	-2.466831227	19.92249514	1.5197998964831	1.04157215968861
TMEM87B	0.306966093	0.090919789	0.030242333	2.466303571	20.75760691	1.51938470887374	1.04134158082478
STX7	1.148097835	0.090999321	0.030340264	2.49307243	21.52943884	1.51798064460254	1.04096184819598
RAB24	1.679930104	0.090999321	0.030323449	2.492748856	18.7759876	1.51822140341993	1.04096184819598
ESRP1	-0.188207504	0.090999321	0.030298601	-2.465277561	24.36378574	1.51857742403918	1.04096184819598
INTS10	-0.269764166	0.090999321	0.030306291	-2.465137488	20.86452223	1.51846721100279	1.04096184819598
OAT	-0.198591875	0.090999321	0.030328662	-2.464730188	26.06969084	1.51814674889917	1.04096184819598
TMC4	-0.673719658	0.090999321	0.030357558	-2.464204516	18.72244023	1.51773316656376	1.04096184819598
QRSL1	0.29033647	0.090999321	0.030358835	2.46418129	22.10544359	1.51771489821724	1.04096184819598
PTPN2	-0.224709859	0.091091042	0.030402311	-2.46339132	23.98249949	1.51709340269385	1.04052432995627
MRPL27	0.246553266	0.091544276	0.030566523	2.460417442	21.85051196	1.51475396028586	1.03836880569687
POLR1F	-0.390886494	0.091565478	0.030592637	-2.459945938	18.73262703	1.51438308642855	1.03826823310097
SLC25A25	0.202428487	0.091565478	0.030603081	2.45975747	22.23286824	1.51423484822623	1.03826823310097
CPE	0.565048706	0.091565478	0.030612434	2.45958876	16.6192544	1.51410213819934	1.03826823310097
MGRN1	0.487891399	0.09157086	0.030627178	2.45932289	19.1520148	1.51389301741115	1.03824270705925
HSPA9	0.132583797	0.091676918	0.03067561	2.458450417	28.26083587	1.51320679234994	1.03773999526861
ZC3H8	0.400594429	0.091783674	0.030724306	2.457574542	20.7711291	1.51251791816566	1.0372345619607
SKIV2L	0.235105053	0.092008021	0.030812412	2.45599323	23.40427419	1.51127430371846	1.03617431043493
TRPT1	0.823796469	0.092321921	0.030930584	2.454320711	18.14518628	1.5096118800103	1.03469516745719
SLC12A2	-0.189743234	0.092422861	0.030977467	-2.453042617	24.97427829	1.50895409699958	1.03422059178701
SPATA5L1	-0.258171593	0.092524005	0.031024447	-2.452205564	22.18146172	1.50829595090865	1.03374557659581
KRT1	-1.785447107	0.092566916	0.031051921	-2.48588971	26.43946428	1.5079115274071	1.03354420517526
LDB1	0.444020516	0.092587388	0.031071877	2.451361743	18.45878854	1.507632510951	1.03344816769217
SCFD1	0.186313208	0.09273909	0.031135898	2.45022474	22.91883768	1.50673860414137	1.03273716992304
CKS1B	0.306844524	0.092796297	0.031168222	2.449651519	23.36588133	1.50628797146756	1.0324693537871
ARL8A	0.180034962	0.093135538	0.031295331	2.447403017	23.46374756	1.50452045070237	1.03088457237706
HSDL2	-0.227560795	0.093159326	0.031316494	-2.447029525	22.80359618	1.5042268648032	1.03077366221056
ZNF280C	1.114507903	0.093199054	0.031356198	2.455421486	19.56551172	1.50367660184605	1.03058849585058
SDF2L1	0.214331028	0.093199054	0.031350591	2.446428263	23.41729692	1.50375426773216	1.03058849585058
ENO1	0.122364227	0.093213915	0.031374375	2.446009231	32.62616542	1.50342491688157	1.03051925120152
BLVRA	-0.177473053	0.09337968	0.03144337	-2.44479543	24.51826826	1.50247091384221	1.02974761867328
CEP135	-0.344427127	0.093463661	0.03148486	-2.444066735	20.68022856	1.50189823348349	1.02935721153171
DTYMK	-0.135127295	0.093483155	0.031504643	-2.443719634	25.05593817	1.50162543729972	1.0292666388561
OGA	0.177448922	0.093741214	0.031604862	2.441964393	24.00060283	1.5002461016428	1.02806942642828
RHOB	-0.259043076	0.093756374	0.031623227	-2.441643338	22.12781804	1.49999381445491	1.02799919721168
TUBA8	-0.300853926	0.09377943	0.03164426	-2.441275852	20.86929776	1.49970505583315	1.02789241127095
CTU1	-0.485969455	0.093895703	0.031696768	-2.44035949	18.09221201	1.4989850188966	1.02735428213314
MAP4K4	-0.295019774	0.094003473	0.031746437	-2.439494028	22.7717775	1.49830500983878	1.02685610090165
CANX	0.164241244	0.094233336	0.031837387	2.437912663	27.66951927	1.49706258346103	1.02579543394024
SEMA4C	-1.044676951	0.09435183	0.031901959	-2.440727353	18.35540086	1.49618264745167	1.02524967206297
TRHDE	-0.136345327	0.09435183	0.031916964	-2.436532619	24.7238135	1.4959784262422	1.02524967206297
WDR44	0.200240281	0.09435183	0.031917434	2.436524471	23.18978378	1.4959720309941	1.02524967206297
ATL2	-0.174718593	0.094455113	0.031965725	-2.435688631	23.7144057	1.49531544108375	1.02477452808006
UBR5	-0.144971867	0.094611672	0.032032083	-2.43454208	23.71896536	1.49441481887625	1.02405528249356
POLE2	-0.979226549	0.094759364	0.032115274	-2.435791669	16.75457379	1.49328836833522	1.02337786281016
CEP290	0.381392911	0.094759364	0.032116744	2.433082622	22.2970242	1.49326848999702	1.02337786281016
CRTAP	-0.261164206	0.094759364	0.032122272	-2.432987441	23.62961013	1.49319374477048	1.02337786281016
PPFIBP1	-0.102701612	0.094791732	0.032146645	-2.432568048	27.4125087	1.4928643457263	1.02322954138946
PCNA	-0.127692989	0.094837621	0.032175614	-2.432069961	26.80466331	1.49247315680065	1.0230193488264
ARF6	-0.188710689	0.095135518	0.03229013	-2.430105222	22.99853264	1.49093020651059	1.02165731280385
ORC4	-0.25980423	0.095457894	0.032413042	-2.42800392	22.9550459	1.48928020803544	1.02018815130508
PRPS2	-0.117752513	0.095534781	0.032452655	-2.427328357	25.07716361	1.48874976713228	1.01983848761631
SFXN1	0.207182248	0.095683037	0.032516542	2.426240467	25.32696367	1.48789564604753	1.01916504853742
SEC22A	0.399935937	0.095809301	0.032580282	2.425157164	19.95832605	1.4870451609571	1.01859232832331
STUB1	0.182997585	0.095809301	0.032596197	2.424886994	22.54974358	1.4868330661363	1.01859232832331
PNISR	-0.364907913	0.095809301	0.032600083	-2.424821044	19.2994673	1.48678129421439	1.01859232832331
GEMIN4	-0.276408555	0.095812054	0.032622742	-2.424436657	22.29429305	1.48647953853112	1.01857984941449
SNIP1	-0.445189536	0.095812054	0.032628108	-2.424345663	20.82280732	1.48640810883495	1.01857984941449
TCF25	-0.274659906	0.095990404	0.032702413	-2.42308716	20.69033531	1.48542020104242	1.01777218048283
BYSL	-0.287498298	0.096481228	0.032892948	-2.419872688	23.30756066	1.4828972015323	1.01555717752741
CCDC22	-0.161185305	0.096481228	0.032896907	-2.419806084	24.25271025	1.48284493293083	1.01555717752741
CUTA	0.523691173	0.096527154	0.032973219	2.420284248	22.13633862	1.48183865292674	1.0153504983299
ZDHHC5	0.879947385	0.096527154	0.032964996	2.419884281	18.87599255	1.48194697261793	1.0153504983299
KPNA4	0.159890886	0.096527154	0.03292681	2.419303293	27.20374819	1.4824503423675	1.0153504983299
DPP9	-0.428892482	0.096527154	0.032979251	-2.418848605	22.53549253	1.48175921194986	1.0153504983299
SCPEP1	-0.239468189	0.096527154	0.032980793	-2.418396729	23.70686327	1.48173890626022	1.0153504983299
BPTF	-0.339417351	0.096625878	0.033028184	-2.417602061	23.09767571	1.481115304615	1.01490654679861
EXOSC1	0.416321882	0.096661499	0.033054024	2.417169227	19.546446	1.48077566190862	1.01474647422527
NIT1	0.344958888	0.096676272	0.033072742	2.416855893	23.27461894	1.48052979703964	1.01468010506874
AFF4	0.417987476	0.096763612	0.0331163	2.416127417	19.61724456	1.47995819179496	1.01428792862774
PLA2G12A	-1.030453034	0.09687078	0.033166671	-2.419135886	18.87377876	1.47929811723195	1.01380720332571
PCNP	-0.18920265	0.096873933	0.033193388	-2.414840431	23.97807232	1.47894841753382	1.01379306791546
DNAJA3	0.248861095	0.096873933	0.033195139	2.414811235	22.76015539	1.47892550846588	1.01379306791546
AMPD2	-0.156966662	0.097058423	0.033272078	-2.413529699	23.50342558	1.47792007452188	1.01296676935663
COASY	-0.305068458	0.097110531	0.033303668	-2.413004335	22.68223336	1.47750793152576	1.01273367115076
RPL24	-0.160044249	0.097300636	0.033382618	-2.411693465	27.09694768	1.47647960719035	1.01188432098152
RAB1A	0.117934812	0.097509051	0.033467907	2.410280717	27.67620496	1.47537144649411	1.0109550702818
R3HCC1L	0.403164804	0.097877779	0.033608302	2.407962743	18.51370106	1.47355342893661	1.00931589402997
RHOG	0.160713359	0.097956156	0.033649061	2.407291539	23.44807804	1.47302705055467	1.00896826581707
GM2A	0.367993468	0.097960835	0.033672598	2.406904298	22.70857745	1.47272337444838	1.00894752168588
DTX3L	0.133270518	0.097960835	0.033678364	2.406809473	25.02697464	1.47264901346186	1.00894752168588
JUP	0.131256575	0.098047056	0.033721867	2.406094564	25.79243406	1.47208838881148	1.00856544209971
EIF4ENIF1	-0.4224157	0.098309088	0.033825886	-2.40438875	20.54519765	1.47075081912438	1.00740633276994
AP3S1	0.314713038	0.098318227	0.033842929	2.404109745	22.0242526	1.47053205717291	1.00736596180447
VAV3	-0.257864626	0.098534679	0.033931365	-2.402664171	21.55673101	1.46939866908923	1.00641089389115
PPIA	0.123274193	0.098888508	0.034076194	2.400304641	30.23155329	1.46754891792831	1.00485417556335
CDC37	0.161792887	0.098888508	0.034081168	2.400223777	26.74405087	1.46748552988941	1.00485417556335
CYCS	0.143773687	0.099110091	0.034171545	2.39875647	26.72995192	1.46633538497631	1.00388212510598
PPP1R14A	-0.627169455	0.099153601	0.034254029	-2.406595677	22.70555246	1.46528833892898	1.00369150873018
RAB5C	0.392598404	0.099153601	0.03425663	2.399966214	23.51081126	1.46525536303984	1.00369150873018
RPL27	0.140884874	0.099153601	0.034218313	2.39799865	27.50156115	1.46574140545684	1.00369150873018
ESF1	0.195280953	0.099153601	0.034237474	2.397688465	22.47104592	1.46549828454188	1.00369150873018
RAB13	0.213172139	0.099153601	0.034246537	2.397541791	23.32325323	1.46538333768479	1.00369150873018
PNPLA8	-0.318750081	0.099176927	0.034278709	-2.397021482	18.82138066	1.46497554277959	1.00358935246373
LZTS1	-0.216660757	0.099214034	0.034318942	-2.396371467	23.70967663	1.46446610924537	1.00342689178058
APP	-0.204752498	0.099214034	0.034326009	-2.396257356	24.3015234	1.4643766879822	1.00342689178058
CUEDC2	-0.491297755	0.099214034	0.03433361	-2.396134663	21.69834035	1.46428053037403	1.00342689178058
RAB43	0.13473698	0.099427916	0.03442168	2.394714906	25.72058253	1.46316793711931	1.00249166326239
UROS	-0.563427163	0.09947826	0.034453172	-2.39420809	19.98116952	1.46277078772792	1.00227181969289
ZW10	-0.52499022	0.09961227	0.034527748	-2.401281971	23.15242032	1.46183174667422	1.00168716293086
PIGK	0.263342607	0.09961227	0.034524241	2.393065976	22.19879331	1.46187586041436	1.00168716293086
H2AC21	1.673306352	0.099789719	0.034603362	2.423937989	22.55438563	1.46088170389174	1.00091420031149
G6PC3	-0.857064879	0.099818007	0.034627281	-2.395170744	19.88141934	1.46058160874093	1.00079110565346
AKIRIN2	0.499329069	0.09990183	0.034670482	2.390722908	18.37977169	1.46004012060247	1.00042655630232
UGCG	-0.750184964	0.099968856	0.034707875	-2.390125336	18.12955025	1.45957197532384	1.00013527773999
MED11	-0.35399137	0.100226263	0.034817403	-2.388378552	19.63952165	1.45820362566072	0.999018462286475
PRR11	-0.406822076	0.100226263	0.03482558	-2.388248353	19.01040097	1.45810164191902	0.999018462286475
PLCB3	0.197442665	0.100437466	0.034913165	2.386855655	23.38365822	1.45701077909388	0.99810425290953
CEP76	-0.506085969	0.100737382	0.03503166	-2.384976803	20.40488075	1.45553928284335	0.996809339935799
CLDN3	-0.442679273	0.101169955	0.035196389	-2.382375013	21.64254719	1.45350189100535	0.994948443178447
WNT5A	-0.66568043	0.101353231	0.035288805	-2.382020025	20.65790528	1.45236304809209	0.994162402046407
PDCD6IP	0.118439576	0.101353231	0.035279729	2.381063188	27.11919138	1.45247475954522	0.994162402046407
GGCX	-0.221170809	0.101647231	0.035405538	-2.379088524	22.14952867	1.45092880196487	0.992904447599478
MRPS35	-0.199640352	0.101708644	0.035441307	-2.378528338	24.39323818	1.45049027063314	0.992642135750087
COPG1	0.118193001	0.101732698	0.035484656	2.377850169	26.83754786	1.44995940060914	0.992539437651326
NT5C3A	0.232981653	0.101732698	0.03548887	2.377784301	21.12017155	1.44990782878928	0.992539437651326
FARSA	0.118121774	0.101732698	0.035492833	2.377722345	25.44384255	1.44985933434745	0.992539437651326
SLC25A24	0.12902403	0.101745687	0.035511747	2.377426754	25.60880882	1.44962796206062	0.992483991457047
APOOL	-0.187567889	0.10198465	0.035609568	-2.375900464	23.29427856	1.4484332949681	0.991465190218112
STRIP1	-0.221638635	0.102179791	0.035692149	-2.374615106	21.76449523	1.44742730268193	0.990634989964966
KDSR	-0.246705166	0.102320708	0.035755837	-2.373625772	21.34759202	1.44665305120648	0.990036463452884
TMEM109	0.320646006	0.102494847	0.035848873	2.372183583	23.53457027	1.44552449292713	0.989297968517698
CORO1A	0.35465823	0.102494847	0.03585001	2.372165981	22.11807011	1.44551071885408	0.989297968517698
RACK1	-0.122571301	0.102494847	0.035860156	-2.372008922	28.23007118	1.44538782548795	0.989297968517698
TMEM9	-0.286919765	0.102665499	0.035934376	-2.370861352	21.43053172	1.44448989226012	0.988575477642015
DDX60	-0.355019386	0.102847725	0.03602165	-2.369514853	17.65861342	1.44343639786066	0.987805310492094
GAPDH	-0.158707506	0.102847725	0.036027235	-2.369428785	32.14892112	1.44336906761158	0.987805310492094
STRN4	-0.245246194	0.102862039	0.03604679	-2.36912756	22.74512943	1.44313340354808	0.98774487105448
SENP1	-0.377332146	0.10333307	0.036226465	-2.366367185	18.91802006	1.44097404261176	0.985760667637254
CPSF1	-0.149859339	0.103405995	0.036266649	-2.365751636	23.92597337	1.44049257091645	0.985454282132353
POLR3C	-0.345073389	0.103427532	0.036288823	-2.365412251	20.87997809	1.44022711757775	0.985363838378614
SEZ6L2	-0.423199751	0.10357458	0.036355058	-2.364399667	18.00955205	1.43943515815641	0.984746819111515
WDR1	0.125768346	0.103611862	0.036382791	2.363976227	28.51935487	1.43910398835649	0.984590521557556
ALDOA	-0.104228011	0.103622333	0.036401116	-2.363696596	30.12577782	1.43888530137259	0.984546634036735
RC3H1	0.49624124	0.103684746	0.036437698	2.363138786	19.39500836	1.4384490679635	0.984285131897505
PACSIN1	0.592940934	0.103696658	0.036474723	2.362574775	18.78888346	1.4380079975847	0.984235240096463
RAD1	-0.299509594	0.103696658	0.036478827	-2.362512299	20.99577378	1.43795913513577	0.984235240096463
COX20	-0.224579007	0.103696658	0.036485861	-2.362405213	22.15412976	1.43787540073002	0.984235240096463
SERINC3	0.361783372	0.103912961	0.036576657	2.361024814	20.96770539	1.4367959902975	0.98333027977948
PUM2	-0.524109086	0.103936488	0.036599631	-2.360676058	20.96566897	1.43652329317039	0.983231962017576
ORC2	-0.372858452	0.103942571	0.036616467	-2.360420619	22.23313941	1.43632356162976	0.983206545187743
CORO7	0.509869032	0.103989989	0.036647872	2.359944432	17.26847586	1.43595123808939	0.983008467733208
NMD3	0.131897522	0.104000721	0.036666355	2.359664349	25.22839339	1.43573226108022	0.982963649881642
PLPP2	2.063340347	0.104638832	0.036906119	2.387007992	19.46815142	1.43290162225228	0.980307116676401
KIF20B	0.473502686	0.104750366	0.03697113	2.3550656	19.51108294	1.43213727527854	0.979844450924887
AK4	0.309737564	0.104750366	0.036975073	2.355006341	23.62901734	1.4320909599013	0.979844450924887
RAB3A	-0.332023129	0.104902528	0.037043612	-2.353977279	18.42686489	1.43128667330792	0.979214045808146
UPF3B	0.218438107	0.105162274	0.037157968	2.352264393	21.58667571	1.42994804361587	0.978140031400078
PLEKHD1	0.548303847	0.105162274	0.037170481	2.352077273	19.48833001	1.42980181893402	0.978140031400078
EPS15	0.238860679	0.105162274	0.037179933	2.351935972	23.767598	1.42969139718264	0.978140031400078
ARPP19	-0.224303147	0.105476721	0.037306016	-2.350054377	22.38123311	1.42822112784473	0.976843379767312
ERBB2	-0.385535204	0.105480725	0.037322343	-2.349811168	21.69555878	1.42803110018731	0.976826893834829
UPRT	-0.758324697	0.105977766	0.037513193	-2.347371501	19.20132819	1.42581596855354	0.97478523960654
TMOD3	0.162613367	0.106034122	0.037548131	2.346458269	24.88890992	1.42541167561289	0.97455435537991
CASP7	0.254513485	0.106580743	0.037756763	2.343377311	22.35409022	1.42300524614035	0.972321256513241
NEPRO	-0.320892495	0.106694465	0.037812132	-2.342562401	21.40904631	1.42236883467842	0.971858109931742
PFAS	-0.226100576	0.106741593	0.037843923	-2.342095025	23.54304293	1.42200384983519	0.971666320120147
MESD	-0.198328136	0.107075809	0.037977552	-2.340134607	23.55552865	1.42047303294171	0.97030863565277
EXOSC2	-0.240165062	0.107234566	0.038049019	-2.339088869	22.81808784	1.41965653595987	0.969665201552342
RUVBL2	0.113261008	0.10784146	0.038279602	2.335727669	26.88264673	1.41703258631062	0.967214241119851
KHDRBS1	0.142879154	0.10785081	0.038298167	2.335457896	25.86800483	1.41682201143178	0.967176588834878
SSU72	0.387191695	0.107982264	0.038360112	2.334558672	21.37725675	1.41612013349014	0.966647571174839
PLXND1	-0.340478907	0.107994215	0.038379623	-2.334275713	19.25868896	1.41589929561993	0.966599508039607
EIF1AD	0.235245998	0.108018299	0.038403452	2.333930339	22.00374141	1.41562973612282	0.966502665980304
TTC39B	0.382821249	0.108038126	0.038425774	2.333606993	19.74956113	1.41537737586352	0.96642295757342
CNOT1	-0.198758595	0.108073046	0.038453471	-2.333206031	25.72292889	1.41506445253068	0.966282607925601
NDUFA5	0.354628352	0.108092362	0.038489699	2.334292563	23.76350774	1.41465548519406	0.96620499298885
WARS2	-0.272893302	0.108092362	0.038490905	-2.332664566	22.35094985	1.41464187763273	0.96620499298885
DDX39A	0.364389242	0.108125958	0.038518153	2.332270745	22.60372793	1.41433454608384	0.966070031644859
NIFK	0.303292744	0.108170799	0.038562938	2.331624046	23.45772091	1.41382988585373	0.965889962378799
PITHD1	0.182557155	0.108170799	0.03856471	2.331598474	22.23770305	1.41380993010914	0.965889962378799
FAT1	-0.259563773	0.108424793	0.03867059	-2.330072479	22.76534902	1.41261920181394	0.964871398314949
IREB2	-0.978592285	0.108778171	0.038827379	-2.331335611	17.9291361	1.41086192504127	0.963458247702179
AMMECR1	-0.277564781	0.108778171	0.03881834	-2.327949737	19.64621736	1.41096304041222	0.963458247702179
GABPB1	-0.468296134	0.10886446	0.038873569	-2.327158242	19.33226635	1.41034558476491	0.963113877315364
TMED4	0.746762789	0.108877993	0.038893792	2.356893269	24.32534365	1.41011971269229	0.963059893288362
RPL7	-0.159212341	0.109219632	0.039031274	-2.324904088	28.65477206	1.40858727290169	0.961699291091435
DDX10	0.423548278	0.10926448	0.039076144	2.324264333	19.3409849	1.40808829864174	0.961520996761292
ZNF350	-0.200705556	0.10926448	0.039093639	-2.324156469	27.81713778	1.40789390173295	0.961520996761292
TGFB1I1	-0.603477161	0.10926448	0.039092953	-2.324024857	18.89587566	1.40790152263078	0.961520996761292
ADCY9	0.395259752	0.109339794	0.039136042	2.323411418	17.1927141	1.4074230985676	0.9612217486697
GTF2E1	-0.412470238	0.109699444	0.039280279	-2.322395759	22.82616457	1.40582543616691	0.959795573595242
PTGES3	-0.225378047	0.10993138	0.039378869	-2.320998013	26.97543948	1.40473676138512	0.958878320173667
WNK3	-0.368315495	0.109961777	0.039410443	-2.319520013	18.16404495	1.40438868334363	0.958758250503191
C19orf53	-0.292274903	0.109961777	0.039420881	-2.319372499	22.10442566	1.404273674091	0.958758250503191
PHF14	-0.60367016	0.109961777	0.039443267	-2.31905626	18.69276521	1.40402712057385	0.958758250503191
CD200	-0.233265652	0.109961777	0.039451935	-2.318933858	23.32993238	1.40393169108033	0.958758250503191
CD2BP2	0.187499832	0.109984089	0.039475488	2.318601393	22.98486571	1.4036724924939	0.958670138108176
ZNF384	-0.289907573	0.110071816	0.039522535	-2.317937864	19.99276007	1.40315520727258	0.958323868336117
VASP	-0.140877052	0.110137521	0.039575829	-2.317187143	24.3705383	1.40256997914774	0.958064702942233
VPS13D	-0.437435107	0.110137521	0.039577266	-2.317166917	22.14540628	1.40255421018329	0.958064702942233
GNPTG	0.431054497	0.110446071	0.039715651	2.315222151	20.26702941	1.40103831430833	0.956849729076111
ATP6V1E1	0.238552564	0.110446071	0.03973498	2.315333571	25.61439216	1.40082700124258	0.956849729076111
TMCO3	0.368343527	0.110446071	0.039729157	2.315032695	18.83941582	1.40089064999957	0.956849729076111
LMAN2	0.108682168	0.110739	0.039864156	2.313142381	27.07416566	1.39941742631345	0.955699402590771
ITCH	-0.16471841	0.110739	0.039871676	-2.313037274	22.73861527	1.39933550844964	0.955699402590771
NUP88	-0.211251044	0.11076298	0.039895967	-2.312697846	23.97129412	1.39907100401678	0.955605368381987
PISD	-0.192342774	0.110821171	0.039932593	-2.312186443	22.00273981	1.39867248822718	0.955377265147497
ELAC2	-0.226059554	0.110903682	0.039978002	-2.311553032	24.04055585	1.39817891462155	0.955054035043469
PTP4A2	-0.220179171	0.111016176	0.040048013	-2.310577795	23.12866293	1.39741902675934	0.954613736207013
IPO9	-0.145057928	0.111016176	0.040049941	-2.310550968	25.87015866	1.39739811936484	0.954613736207013
PGM3	-0.150479227	0.111209158	0.040135282	-2.309364456	24.1319112	1.39647368122057	0.953859447420346
MTCL1	0.427363298	0.111210863	0.040151618	2.309137604	18.60948808	1.39629694915707	0.953852789098057
NACA2	-1.007384055	0.11124462	0.040195257	-2.311976328	17.23710592	1.39582519020542	0.953720983140834
CAPN5	-0.247158939	0.11124462	0.040183509	-2.308695004	23.71064458	1.39595214143554	0.953720983140834
RAMAC	0.294775036	0.111694335	0.040373539	2.306064663	21.94713143	1.39390318022043	0.951968853210533
PRKAR1A	0.117828963	0.1117556	0.040411482	2.305540885	24.14772485	1.39349522249424	0.951730705438411
PEX1	-0.335371901	0.111832613	0.040478525	-2.304616562	20.33127814	1.39277532116904	0.951431527572022
EVPL	-0.119444936	0.111832613	0.04048565	-2.304518403	25.98541833	1.39269888370293	0.951431527572022
TAPBP	0.201707296	0.111832613	0.040486757	2.304503156	22.49972114	1.3926870089419	0.951431527572022
ZNF48	-1.143886845	0.111857604	0.040511617	-2.310361085	16.43715991	1.3924204218334	0.951334487535243
MARK3	-0.193131198	0.111875098	0.040533768	-2.303856016	22.96756892	1.39218302257104	0.951266571243937
WASHC2A	0.236297072	0.111889376	0.040554758	2.303567302	23.10318512	1.39195818579503	0.951211148177798
MGST2	-0.46188819	0.112029778	0.040621484	-2.302650449	20.74297544	1.3912442148249	0.950666524631755
ARL6IP4	-0.25026896	0.112229023	0.0407216	-2.301277516	22.2266849	1.39017516639036	0.949894817778521
KMT2D	-0.315784585	0.112229023	0.04072546	-2.301224649	21.21677913	1.39013400157235	0.949894817778521
THBS4	2.2311822	0.112242922	0.04074637	2.33014251	17.88008271	1.38991107549309	0.949841035921624
NDUFA10	0.191653333	0.112393912	0.040817071	2.299971283	22.9367019	1.38915816312257	0.94925721240052
IWS1	0.23599305	0.112559608	0.040893157	2.298932369	22.21326487	1.38834936010465	0.948617428044289
OSBPL2	0.17919143	0.112706789	0.040962561	2.297986308	22.48223501	1.38761289887307	0.948049923027227
GCAT	-1.378836356	0.113209568	0.0411773	-2.310853203	17.12193285	1.38534213352041	0.946116866840306
HCFC1	-0.160511986	0.113209568	0.041166725	-2.295212175	25.51721287	1.38545368172737	0.946116866840306
POLE3	-0.192704329	0.113308227	0.041229202	-2.294365881	23.46626891	1.38479507097964	0.945738556059032
STK3	0.201673133	0.113841153	0.04143921	2.29153017	23.28617269	1.38258853260431	0.943700714302885
RANBP2	-0.151653165	0.114042304	0.041528552	-2.290327962	25.93587633	1.38165321142258	0.942934017209837
NTMT1	-0.382349301	0.114149966	0.041595992	-2.29042061	23.12661171	1.38094851399204	0.942524213529984
IKBKB	0.309252058	0.114149966	0.04160003	2.290366357	24.19901229	1.38090635618023	0.942524213529984
HNRNPU	-0.136781972	0.114185025	0.041628948	-2.288979953	29.0548069	1.38060456397673	0.942390848684815
MBD3	-0.394323331	0.114347568	0.041704372	-2.287969303	21.34101301	1.3798184141882	0.941773067746449
TKT	0.129097166	0.114362442	0.041725963	2.287680302	28.97093275	1.37959363138305	0.941716579653663
ZCCHC3	-0.908649287	0.11455606	0.041845188	-2.289449609	18.95315857	1.37835447662418	0.940981931747848
SHMT2	0.102657194	0.11455606	0.041828943	2.2863039	27.54494354	1.37852310972172	0.940981931747848
DHH	-0.273119814	0.11455606	0.041843091	-2.286115062	21.59333528	1.37837624109442	0.940981931747848
TULP3	-0.426867718	0.11488581	0.041982634	-2.28425573	17.20612059	1.37693031716431	0.939733609425452
SLC7A2	-0.4798896	0.11488581	0.04199812	-2.284049744	18.64406992	1.37677014988543	0.939733609425452
KIAA1671	0.664835372	0.114962607	0.042042446	2.284988885	20.71185819	1.37631202496062	0.939443396292787
PCID2	-0.584640375	0.115002511	0.042073296	-2.286402445	21.97441011	1.37599346424775	0.939292677024313
RAB22A	0.196666777	0.11504981	0.042106864	2.282605399	22.97146883	1.37564710239857	0.93911409421411
CCNB2	-0.251831252	0.115277073	0.042206336	-2.281287332	22.27473215	1.3746223480126	0.938257059224659
TMEM41A	0.412710035	0.115375535	0.042258695	2.280594723	18.69692848	1.37408391861948	0.937886272124132
TRIOBP	-0.300721475	0.115560719	0.042342859	-2.279483134	21.47620068	1.37321982165896	0.937189764709797
YIPF2	-0.449916665	0.115648	0.042391188	-2.278845778	17.43778205	1.37272441229201	0.936861873455181
SMN1	0.231057282	0.115753375	0.042446177	2.278121444	21.74882355	1.37216141926153	0.936466337480566
PIAS1	-0.800670702	0.11577602	0.042470847	-2.281129419	20.0305826	1.37190907774824	0.936381384133074
TAF5	0.322124943	0.115962226	0.042555547	2.276683439	18.86355506	1.37104382278318	0.935683456560935
SBNO1	0.380263207	0.116003037	0.042586922	2.276271568	21.47465182	1.37072374773376	0.935530640643115
OR1M1	-0.295522344	0.116226155	0.042685263	-2.2749825	23.72771563	1.36972203838201	0.934696129312359
ENDOU	-0.377985849	0.116247984	0.042709713	-2.274662442	22.2211754	1.36947334692801	0.934614570010201
PURB	0.194500345	0.116402856	0.042783068	2.27370326	24.08312783	1.36872807512458	0.934036363931629
SH3BP1	0.170733249	0.116478637	0.042827387	2.273124517	21.95041627	1.36827842212688	0.933753719992252
LRRC40	-0.289934093	0.116960599	0.043025014	-2.27055072	23.56063247	1.36627897968438	0.93196041619223
DOCK11	-0.441087201	0.116960599	0.043054084	-2.270173072	21.45360321	1.36598564619548	0.93196041619223
METTL7B	-0.194351571	0.116960599	0.043054198	-2.270171588	22.10346635	1.36598449625799	0.93196041619223
ACADSB	-0.257559757	0.117128091	0.043132411	-2.26915676	21.99268005	1.36519626513876	0.931338934959829
EPS8L1	-0.18511279	0.117275875	0.043209182	-2.268162347	25.59388121	1.3644239553099	0.930791318080194
GTF2B	-0.272914258	0.117275875	0.04321999	-2.268022492	23.62547078	1.3643153379374	0.930791318080194
SETD3	-0.168982228	0.117474513	0.043316144	-2.266779677	22.54713628	1.36335021118933	0.930056346703828
SLK	0.259135375	0.117474513	0.043326407	2.266647182	23.7662857	1.36324732492301	0.930056346703828
CTNNAL1	-0.658984015	0.117652198	0.043408572	-2.266458387	20.16930587	1.36242450079389	0.929399954842789
PAQR7	-0.307179292	0.117679582	0.043435311	-2.265243076	19.23780118	1.36215706455964	0.929298882899628
MED4	-0.541887712	0.117912611	0.04353799	-2.263922301	20.65603273	1.36113162472208	0.928439743719003
FGFR1OP2	0.370013201	0.117922459	0.043558296	2.263661456	20.24197032	1.36092911817871	0.928403473184173
UBAC2	0.242462041	0.118081873	0.043633873	2.262691629	21.12788867	1.36017623675242	0.92781676674128
CTNNBIP1	-0.354025784	0.118193274	0.043691746	-2.261950069	19.55172593	1.35960059976253	0.927407237057115
DLAT	-0.183813047	0.118253069	0.043730567	-2.26145316	24.37138025	1.35921489166098	0.927187579279629
PSMB4	-0.128721783	0.118345475	0.043781469	-2.260802253	25.85921726	1.35870967063719	0.926848342889947
CDK9	-0.250169236	0.119453132	0.044208128	-2.255374564	23.55585721	1.3544978749716	0.922802458785722
CCDC138	0.880973751	0.119800821	0.044361243	2.254918357	16.94870161	1.35299629344087	0.921540205698394
VPS11	-0.384915791	0.119800821	0.044370674	-2.254179243	22.7411508	1.35290397420755	0.921540205698394
KHNYN	-0.696307555	0.11986631	0.044411874	-2.25280025	18.35596505	1.35250090098332	0.921302863915943
SPDL1	-0.496140406	0.120005462	0.044501376	-2.251672964	18.53104701	1.35162656025574	0.920798986765072
EPHA1	-0.304847212	0.120005462	0.044509681	-2.251568468	21.56439826	1.35154551828625	0.920798986765072
TMEM199	0.263085592	0.120005462	0.044514325	2.251510055	21.78901384	1.3515002077309	0.920798986765072
GNB2	-0.249307882	0.120069742	0.044555142	-2.2532131	26.53874435	1.35110216787042	0.920566422556035
IMPACT	-0.736967116	0.120249901	0.044638994	-2.250003854	18.66124395	1.35028560137271	0.919915272502334
FKBP10	0.22903329	0.120282697	0.044676122	2.249478228	23.01549143	1.3499245317761	0.919796842634322
TRIP11	-0.230587859	0.120282697	0.044685175	-2.249364753	24.12450444	1.34983653690382	0.919796842634322
GCLC	-0.250306439	0.120392375	0.044760961	-2.248415643	22.39485541	1.34910059791409	0.919401018063978
ZCCHC17	-0.394504009	0.120392375	0.044768605	-2.248320003	18.90060355	1.34902643812138	0.919401018063978
BAD	0.442372024	0.120392375	0.044776978	2.248215253	18.00780753	1.34894522031955	0.919401018063978
CRIM1	0.253582017	0.120811032	0.044949765	2.246057793	22.96228575	1.34727257444177	0.91789340579797
NOL4L	0.187932119	0.121052397	0.045069558	2.244566659	23.2589091	1.34611670106153	0.917026606523228
VIPAS39	0.288462076	0.121052397	0.045073793	2.244514014	20.22719018	1.3460758941221	0.917026606523228
WDR77	0.23490568	0.121251537	0.045165083	2.243380312	22.92483047	1.34519718732664	0.916312747518375
CABLES2	-0.675034494	0.122220566	0.045543315	-2.238706325	18.73108553	1.34157536120857	0.912855709406017
MEAF6	-0.328002167	0.122694941	0.045751273	-2.236152232	20.57072033	1.33959681746236	0.911173343883257
LTBP4	0.534479309	0.122694941	0.045775563	2.235854631	17.01049468	1.33936630554533	0.911173343883257
MIER1	-0.297944971	0.122694941	0.045795835	-2.235606364	21.26455667	1.33917401803912	0.911173343883257
GSTM3	-0.166375358	0.122694941	0.045805257	-2.235491014	25.9278963	1.33908467581549	0.911173343883257
ZMIZ2	0.221594412	0.122694941	0.045806805	2.235472065	22.07938973	1.33906999897396	0.911173343883257
EEF1AKMT4	-0.306061	0.122757756	0.045853209	-2.234904307	20.76760874	1.3386302651799	0.91095105902911
COG6	-0.351693979	0.122757756	0.045864963	-2.234760581	19.85870604	1.33851895250856	0.91095105902911
PRR14L	-0.207839617	0.122818841	0.045905791	-2.234261617	21.98756901	1.3381325249049	0.910735005225138
RNH1	-0.213391654	0.122818841	0.04592251	-2.23434001	26.3665141	1.3379743826014	0.910735005225138
ISCA2	-0.557082544	0.122838333	0.045947163	-2.233756443	20.04412628	1.33774129889119	0.910666085861447
DERL2	0.383167922	0.123950801	0.046380799	2.228487358	19.88530223	1.3336617740615	0.906750662371303
LARP6	0.504305183	0.124023864	0.04642567	2.227944802	18.00833159	1.33324181994783	0.906494742205834
CD58	-0.663202729	0.124078756	0.046498838	-2.23021451	21.12461097	1.33255789993786	0.906302569361471
MTPAP	-0.266845521	0.124078756	0.046463766	-2.227484568	22.29888366	1.33288559249673	0.906302569361471
VWA8	-0.506154201	0.124078756	0.046486956	-2.227204586	20.49593435	1.33266889080733	0.906302569361471
TUBGCP3	0.370196864	0.124085993	0.046536633	2.22744404	22.92218567	1.33220504181461	0.906277239501536
CC2D1B	-0.27152106	0.124085993	0.046531985	-2.226661317	21.54997278	1.33224842057744	0.906277239501536
HADHA	0.105384679	0.124263043	0.046620599	2.225593658	27.52982558	1.33142215079134	0.905658015426534
PSMD14	-0.16181147	0.124334923	0.046665143	-2.2250577	24.98584549	1.33100739898775	0.905406870264476
PLXNA4	0.303681339	0.12435675	0.046690915	2.224747837	19.27815771	1.33076761513415	0.905330636544493
ALDH1B1	0.17021235	0.124593141	0.046797282	2.223470646	24.53246597	1.32977937014554	0.904505865444456
CNOT10	-0.281278677	0.124889753	0.046926345	-2.221924654	21.7732684	1.32858327080663	0.903473193316157
NFAT5	0.38658666	0.124984394	0.046979574	2.221288225	17.6874443	1.32809092562329	0.903144211174381
FTSJ1	-0.338897001	0.12534619	0.047133286	-2.219454209	19.20883634	1.32667228139632	0.901888862241251
TMEM208	-0.299477635	0.125354968	0.047154307	-2.219203833	20.29900672	1.32647863334221	0.901858449641691
CCND1	-1.514730706	0.125532582	0.047274357	-2.239287151	18.82955446	1.32537436947924	0.901243538355776
PANX1	-0.553673805	0.125532582	0.047251568	-2.218046789	20.26769857	1.32558377525104	0.901243538355776
SKP1	0.169519929	0.125532582	0.047271817	2.217806196	25.95183222	1.32539770427826	0.901243538355776
IST1	-0.317831136	0.125644699	0.04733434	-2.217063898	22.35450309	1.32482367403105	0.900855829742421
GGA3	0.274679227	0.12629761	0.047598166	2.2139419	21.26814638	1.32240978071279	0.898604867763218
EIF2D	0.363806574	0.126394575	0.047652577	2.213300071	21.88321131	1.32191360821312	0.898271566070451
EIF2S2	0.102494189	0.12656261	0.04773382	2.212343031	26.22257028	1.32117380890766	0.897694577644518
ABCC1	-0.302277751	0.126564025	0.047752245	-2.212126199	23.10910076	1.32100620589819	0.89768972215634
C2orf69	-0.272534886	0.126623704	0.047792662	-2.211650843	19.20821731	1.32063877906879	0.897484986634853
GAMT	-0.399794071	0.126745708	0.047856628	-2.210899291	20.92601464	1.32005790523333	0.897066738294242
GNPTAB	0.395105726	0.126834642	0.047908138	2.210294785	18.16226309	1.31959070812411	0.896762112584583
RB1	-0.211508327	0.126970659	0.047977463	-2.209482173	22.19257237	1.31896272081653	0.896296626340068
ZYX	-0.159569145	0.127311909	0.048124405	-2.207763436	26.38821506	1.31763462697569	0.895130969707873
MARS2	-0.556260162	0.127543227	0.048229875	-2.206532871	18.54468604	1.31668386366138	0.894342599026955
F11R	0.174757177	0.127623825	0.048293231	2.20579489	24.52176376	1.31611373768248	0.894068243325134
TCF3	-0.397947504	0.127623825	0.048296435	-2.205757593	17.45954728	1.31608492550043	0.894068243325134
QPRT	-0.408330102	0.12771505	0.048385119	-2.20544535	22.37733179	1.31528818649404	0.893757922260256
TDRD7	0.44372784	0.12771505	0.048370178	2.204899832	19.24546761	1.31542231442516	0.893757922260256
FMR1	0.177478096	0.12771505	0.048382938	2.204751535	23.85383969	1.31530776312489	0.893757922260256
GSTM2	-0.459460945	0.127759109	0.048419872	-2.204322506	18.04634376	1.31497636296878	0.893608125655834
FBXW11	-0.458818429	0.128095386	0.048565426	-2.202634735	17.24552963	1.31367279742262	0.89246651327505
HINT3	-0.259035476	0.128491119	0.048733626	-2.20069035	21.99972203	1.31217127396232	0.8911268886952
CSTB	0.130586576	0.128712946	0.048852508	2.199319924	26.27268375	1.31111313547436	0.890377769384636
EIF2B5	-0.18817549	0.128712946	0.04885415	-2.199301012	23.80531408	1.31109853848467	0.890377769384636
L2HGDH	0.218205359	0.128929303	0.048954497	2.198146754	23.17517336	1.31020740738323	0.889648365153202
CASP4	-0.689080113	0.129302543	0.049114494	-2.1993586	20.9066785	1.30879032589472	0.888392933742907
OXSR1	-0.208091979	0.129322314	0.049140286	-2.196015578	23.90700393	1.30856232022345	0.888326533039448
CHMP2A	-0.201254419	0.129336766	0.049165285	-2.195729401	23.21791783	1.308341438988	0.888278002565598
HS3ST3A1	-0.430773387	0.129336766	0.049182344	-2.195534193	21.12123821	1.3081907768985	0.888278002565598
FLVCR1	-0.833485407	0.129344047	0.049203397	-2.197377552	18.81034273	1.30800491252885	0.888253554690343
TMX4	-0.459473233	0.129676076	0.049352254	-2.193593415	20.6636581	1.30669300758588	0.887140139718231
ASNS	-0.129902102	0.129676076	0.049366366	-2.193432512	25.76004573	1.30656884126811	0.887140139718231
POMK	-0.237203389	0.129725937	0.049420987	-2.192810129	21.88718325	1.30608858543387	0.886973183747624
CRB3	-0.371573318	0.129725937	0.049422024	-2.192798313	20.01458132	1.30607947273338	0.886973183747624
NGDN	0.351484813	0.129748138	0.049448824	2.192493188	21.68963083	1.30584403240621	0.886898865942917
NCKAP5L	0.47348423	0.129793598	0.049501104	2.191898409	20.47305178	1.30538511509145	0.886746728351071
PPP1R18	0.16368831	0.129793598	0.049502845	2.191878603	23.35231486	1.30536984081804	0.886746728351071
PSMG3	-1.036174772	0.129801333	0.049524144	-2.198993869	19.59647035	1.30518302228693	0.886720847508132
VEZF1	-1.01764829	0.129834731	0.049555241	-2.200550733	20.09213636	1.30491040743476	0.886609117519908
MIPEP	-0.456184841	0.129845355	0.049577651	-2.191028611	19.30190034	1.30471405404874	0.88657358191416
SMCHD1	-0.177941579	0.129916281	0.049629653	-2.190438453	26.44759936	1.3042587612869	0.886336420094091
ACP2	-0.187808379	0.129916281	0.049641463	-2.190304505	22.85938955	1.30415542774816	0.886336420094091
SCD5	-0.223398919	0.129976412	0.049682813	-2.189835752	22.5223874	1.30379382273905	0.886135455906481
TBK1	0.301185939	0.130119518	0.049755908	2.189008032	22.69906098	1.30315534387381	0.885657554138478
SIRT2	-0.369453597	0.130121827	0.049775186	-2.188789929	20.65200691	1.30298710842516	0.885649847553971
DNM1	0.375043916	0.130855273	0.050083855	2.185308551	19.41786934	1.30030225046868	0.883208772155454
VAMP3	0.205733945	0.130855273	0.050092745	2.185208586	22.38075958	1.30022516903541	0.883208772155454
FLCN	-0.290347256	0.131208235	0.050246411	-2.183483309	18.75850576	1.29889495358033	0.882038906554694
SNU13	0.124136803	0.131325616	0.050332117	2.182523211	23.99935009	1.29815480252393	0.881650553404934
EHD1	0.183855926	0.131325616	0.050341232	2.182421202	25.02821299	1.29807616017712	0.881650553404934
NAT1	-0.400802966	0.131325616	0.050347056	-2.18235603	21.24276585	1.29802591935734	0.881650553404934
SNAPC5	0.34704452	0.131404099	0.05039572	2.18181173	18.33588123	1.29760634568367	0.881391087247198
GALK1	-0.175393503	0.131564302	0.050475758	-2.180917591	25.79465673	1.29691715048743	0.880861934031625
SHARPIN	-0.301321206	0.131628085	0.05054871	-2.180103797	19.68072352	1.29628992310028	0.880651437019935
DDHD1	0.417039551	0.131628085	0.050548928	2.180101362	19.43747856	1.29628805013473	0.880651437019935
PDIA6	0.118834934	0.131628085	0.050556051	2.18002196	27.78526559	1.29622685671714	0.880651437019935
COQ8B	-0.582441269	0.131654714	0.05058489	-2.179700607	19.1934401	1.29597919006941	0.880563586025932
HSPA4L	0.180172813	0.13172645	0.050631074	2.179186336	24.44636205	1.29558286014374	0.880327012162782
DGKH	0.329852833	0.131801861	0.050683578	2.178602225	19.81828301	1.29513273374901	0.880078457599939
AHCYL1	-0.117578332	0.131801861	0.050697323	-2.178449408	26.73343758	1.29501497236336	0.880078457599939
MRPS25	0.224209295	0.131855191	0.050736476	2.17801432	21.79978668	1.29467970082937	0.879902767817624
HTATIP2	0.374484207	0.13187185	0.050777293	2.178921355	23.15218218	1.29433045561864	0.879847901151269
TUBGCP5	0.304296125	0.13187185	0.050780169	2.177529141	17.4902456	1.29430585809709	0.879847901151269
ESYT2	0.165514333	0.131873823	0.050799571	2.177313828	24.59362071	1.29413995529717	0.879841403505237
MAP4K5	-0.228519316	0.132263606	0.050971937	-2.175404408	24.30731147	1.2926688623417	0.878559640980645
DTD1	-0.266827409	0.132263606	0.050987115	-2.175236561	22.73731925	1.29253956098854	0.878559640980645
TTC27	0.264213801	0.132272458	0.051009226	2.174992133	23.32019094	1.29235126628413	0.87853057594734
MECR	-0.247331763	0.132450985	0.051096796	-2.174025065	21.73623302	1.29160633123799	0.877944807631197
ADSL	0.122609665	0.132569985	0.051161444	2.173312139	25.75321698	1.29105720632822	0.8775547928575
KIAA1107	-0.404818072	0.132632874	0.051204464	-2.1728382	18.9455429	1.29069217562461	0.877348819616582
RGS10	-0.178109017	0.132849644	0.051306931	-2.171710861	23.4657399	1.28982396253478	0.87663960504025
SRBD1	-0.82947635	0.132948928	0.051364069	-2.178272539	20.81538024	1.28934057928793	0.876315160141828
MPP7	-1.902004673	0.132970661	0.051391262	-2.196082316	18.1130074	1.28911071734291	0.876244172351634
ORC5	0.193327328	0.133062806	0.051445685	2.170187677	22.97559652	1.28865104576602	0.875943322484235
RUNDC1	0.416309855	0.133155599	0.051500384	2.169588279	17.34466588	1.2881895327363	0.875640567387409
POLE4	-0.179327326	0.133597791	0.051690296	-2.167511885	22.46401049	1.28659098087548	0.874200722732044
SCRN2	0.323373292	0.133607737	0.05171793	2.167210355	21.877131	1.28635886599521	0.8741683918671
RBM39	-0.149261224	0.133607737	0.051743583	-2.166930574	25.45755258	1.28614350172593	0.8741683918671
GFPT2	0.394280539	0.133607737	0.051750806	2.166851822	19.72283901	1.28608288183961	0.8741683918671
DNAH8	-0.218808223	0.133741811	0.051826385	-2.166028394	21.81028567	1.28544908306294	0.873732800307783
PAIP1	-0.234561056	0.133741811	0.051840549	-2.165874204	24.57173062	1.28533040786262	0.873732800307783
SF3B6	-0.198500371	0.134144153	0.052024165	-2.163878974	23.98359726	1.28379488158827	0.872428252363463
TBC1D13	-0.333505711	0.134144153	0.05203443	-2.163767631	20.54532909	1.28370919846193	0.872428252363463
LRP4	0.591174947	0.134218076	0.052082078	2.163251057	18.01913218	1.28331169636902	0.872188991034346
LAMP1	0.31559395	0.134254084	0.052120716	2.165767584	25.12308133	1.28298962686749	0.872072494219196
ALG6	-0.299934899	0.134254084	0.052134008	-2.16268857	20.46555914	1.28287888575067	0.872072494219196
MAP4	0.104392329	0.134334308	0.05218415	2.162145943	26.8235366	1.28246138613208	0.871813057530269
TRADD	0.29651893	0.134363273	0.052234262	2.161604144	20.85554049	1.28204453691303	0.871719425576679
PPP2R1A	-0.134207485	0.134363273	0.052250346	-2.16143035	27.22506184	1.28191082932422	0.871719425576679
CHMP1A	-0.255046673	0.134363273	0.052252384	-2.161408336	22.83977899	1.28189389020398	0.871719425576679
ATP5F1C	-0.140769919	0.134581882	0.052356424	-2.160285413	25.7002089	1.28103002388796	0.871013402794423
C11orf98	0.18936348	0.134767941	0.052447857	2.159300292	22.04148885	1.28027225221949	0.870413406782094
RPS12	-0.18517968	0.134775371	0.052469801	-2.159064105	27.8600673	1.28009058292889	0.870389464002899
USP20	-0.349473675	0.134907871	0.052540456	-2.158304266	18.07747396	1.27950616228036	0.869962711320339
MCFD2	0.550517812	0.135286963	0.052764593	2.162967052	22.80810214	1.27765740744455	0.868744052404281
XPR1	-0.944275392	0.135286963	0.052720532	-2.159285742	18.9174177	1.27802021595011	0.868744052404281
ACADS	-0.700106882	0.135286963	0.052755992	-2.156763528	19.34776989	1.27772820627204	0.868744052404281
OSGEPL1	-0.261950783	0.135286963	0.052755446	-2.155998148	21.76494609	1.27773270104136	0.868744052404281
SH3RF1	-0.936062361	0.135605367	0.052907946	-2.162870296	20.38325603	1.27647909838443	0.867723121587257
BNIP1	0.289201649	0.135728169	0.052990539	2.153486528	21.39132581	1.2758016629817	0.867330009586475
CIAO2A	0.282180964	0.135728169	0.052994233	2.153447152	20.79804092	1.27577138912657	0.867330009586475
ESD	-0.174923997	0.135972623	0.0531089	-2.152226006	24.62267871	1.27483269366423	0.866548524548141
POLR3B	-0.487432883	0.136028968	0.053150137	-2.151787464	19.53203083	1.27449561170009	0.866368596755491
NHLRC3	0.290588406	0.136072298	0.05319587	2.151301477	18.00433968	1.27412208398005	0.866230280750303
CLP1	-0.231310132	0.136072298	0.053205538	-2.151198792	21.41036445	1.27404316098192	0.866230280750303
PPFIBP2	-0.651231404	0.136335162	0.053327593	-2.14990392	18.16776186	1.27304801823741	0.865392121471369
ENY2	-0.17487313	0.136454775	0.053393669	-2.149204092	23.67435517	1.27251023513187	0.865011262340242
CENPX	-0.344184877	0.136599493	0.053469606	-2.148400837	20.49901311	1.27189301606155	0.864550912570379
ERGIC2	0.156634591	0.136623766	0.053498421	2.148096316	23.57609734	1.27165903594338	0.864473747617252
CPSF3	-0.180815779	0.136656559	0.05353058	-2.147756635	24.15102699	1.27139805104147	0.86436951897208
PTMA	0.357832733	0.136790973	0.053602569	2.16592629	27.8926993	1.27081439546045	0.863942561282865
TMEM184B	-0.464919092	0.136895939	0.053663053	-2.146359423	17.08065556	1.27032462306669	0.863609434963528
BOP1	0.615429833	0.136902799	0.053690726	2.170663209	25.03342371	1.27010072351558	0.863587672553897
RMND1	0.217716327	0.136902799	0.053719991	2.145759891	22.49582821	1.26986406876301	0.863587672553897
STK35	0.307129702	0.136902799	0.053723801	2.145719792	16.95428343	1.26983326824963	0.863587672553897
GAN	-0.381064501	0.137006457	0.053794703	-2.144974114	18.00408734	1.26926048587871	0.863258964424704
RNPEP	0.143391857	0.137006457	0.053810736	2.144805619	26.391282	1.26913106782058	0.863258964424704
NUP155	-0.180359575	0.137006457	0.053822582	-2.144681166	24.5240306	1.26903547191127	0.863258964424704
PRRT3	0.527942401	0.13763065	0.054103142	2.141740997	18.43106426	1.26677751282987	0.861284839039583
MPI	0.305677049	0.13763065	0.054106706	2.141703747	21.66505771	1.26674890498017	0.861284839039583
BRD3	-0.477319018	0.137737176	0.054168055	-2.141062782	20.86342857	1.26625675824577	0.860948825519347
RAB11FIP2	0.676358526	0.138477696	0.054491946	2.137690179	16.99656376	1.26366768242492	0.858620170889526
PUM3	0.192195905	0.138477696	0.054498432	2.137622833	25.63343869	1.26361599283425	0.858620170889526
DLD	-0.133513725	0.138486979	0.054521662	-2.137381695	25.99553651	1.26343091390803	0.858591058471655
TTI2	-0.630095865	0.138651635	0.054611298	-2.137100602	20.02920584	1.26271750104112	0.858075004792998
RFC4	-0.174167633	0.138651635	0.054625687	-2.136303075	24.84643221	1.26260308808225	0.858075004792998
CLCC1	-0.402744535	0.139101919	0.054824308	-2.135089661	22.39436378	1.26102684134088	0.856666878596293
UBE2H	0.124557927	0.139101919	0.054842416	2.134062033	24.18209074	1.26088342127209	0.856666878596293
RBM4	-0.149468509	0.139370049	0.054967831	-2.132769021	25.40944646	1.25989139971457	0.855830547268186
STX16	0.158237146	0.139625106	0.055088164	2.131531019	23.45307758	1.25894170172281	0.855036484170353
HEATR6	-0.902995955	0.139712012	0.055155956	-2.13595241	19.84288992	1.25840758352716	0.854766253004998
MRE11	0.210922678	0.139712012	0.055179549	2.130592534	23.91167793	1.25822185346923	0.854766253004998
CAPNS1	0.163821304	0.139712012	0.055181702	2.130570437	27.05519414	1.25820490846342	0.854766253004998
GOLGA5	-0.176345764	0.140006505	0.055330911	-2.129041329	26.23217879	1.25703217925239	0.853851785607662
POMP	0.172907341	0.140006505	0.055354212	2.128802891	22.29027161	1.25684932729184	0.853851785607662
YTHDF1	0.29271714	0.140006505	0.055357392	2.128770353	21.11219277	1.25682437857097	0.853851785607662
RAB6B	0.977196621	0.140044684	0.055407676	2.151059848	21.96403314	1.2564300653525	0.853733372047723
COPZ1	0.170638181	0.140044684	0.055412082	2.12821111	24.12403352	1.25639553177252	0.853733372047723
PAM	-0.339180629	0.140178619	0.055484893	-2.127467376	17.51824481	1.25582524714455	0.85331822287747
LAMA3	-0.227487973	0.140369394	0.055593611	-2.126358568	24.99545746	1.2549751160956	0.852727575011746
SUN2	-0.272534942	0.140369394	0.055600091	-2.126292549	22.1711425	1.25492449761281	0.852727575011746
COBLL1	-1.924409444	0.140699093	0.055750573	-2.148761061	19.10187882	1.25375066461237	0.851708702184051
NOP9	-0.357762822	0.140731984	0.0557835	-2.124426801	22.18494732	1.25349424046437	0.851607189728344
RRP1	0.264064657	0.140768123	0.055817725	2.124079293	23.04970671	1.25322786831462	0.851495680226376
ACLY	0.086691849	0.141320648	0.056056791	2.121657426	26.51950065	1.25137176727644	0.849794379854663
COG1	-0.28667199	0.141631324	0.056203872	-2.120172242	21.47459567	1.25023376396281	0.848840684952123
CCZ1B	0.320368244	0.141631324	0.056220068	2.120008927	21.2873673	1.25010863343497	0.848840684952123
OTUD6B	0.364344867	0.141859682	0.056330767	2.121685239	23.6391228	1.24925433536859	0.848141018023369
SUN1	-0.29355466	0.141920366	0.056374926	-2.11844958	22.88922057	1.24891401518605	0.847955277504067
ODF2	-0.476746951	0.141948297	0.056406087	-2.118136292	17.18877045	1.24867402708282	0.847869813479366
SETD1A	0.355992358	0.142021464	0.056474853	2.117445511	18.17086613	1.24814489084358	0.847646014825955
INTS13	-0.191866019	0.142021464	0.056475315	-2.117440871	23.89307589	1.24814133805469	0.847646014825955
SLC25A15	-0.331863715	0.142316015	0.056612562	-2.116064532	21.06619855	1.24708719068535	0.846746225461936
FBXL15	-1.22076541	0.142562709	0.056749289	-2.127605376	18.13054538	1.24603957528569	0.845994060693751
TMEM30A	0.471362177	0.142562709	0.056751002	2.114679415	18.46349241	1.2460264661308	0.845994060693751
HNRNPAB	0.257085726	0.142582469	0.05679918	2.116120954	25.51760394	1.24565793407852	0.84593386918684
TBC1D23	-0.174030161	0.142582469	0.056788341	-2.114306376	22.64558666	1.24574081849861	0.84593386918684
CSDE1	-0.090966165	0.142707269	0.056869069	-2.113500641	26.37347789	1.24512388149765	0.845553904907867
IGFBP5	0.630562222	0.142889195	0.056988957	2.112306037	17.73948063	1.24420929132043	0.845000610462307
CD109	0.436916708	0.142889195	0.056989605	2.112299589	17.17706584	1.24420435314926	0.845000610462307
TUT4	-0.552248026	0.142889195	0.057002164	-2.112174583	20.3473281	1.24410865668857	0.845000610462307
KIF13B	-0.414662273	0.143408402	0.057229562	-2.10991569	21.75623484	1.24237957790274	0.84342540351241
ORC3	-0.265858732	0.143579759	0.05733506	-2.108870565	22.5281789	1.24157972867524	0.842906779969753
TNFRSF12A	-0.414366482	0.143579759	0.057338538	-2.108836144	18.88425565	1.24155338475241	0.842906779969753
MSL3	-1.05136137	0.143636112	0.057399745	-2.114921263	18.89991335	1.24109003696333	0.842736359044422
PRKCZ	-0.2560852	0.143636112	0.057401652	-2.108211805	21.18336589	1.24107560857485	0.842736359044422
NEMP1	-0.448629297	0.143693817	0.057445026	-2.107783116	20.44089552	1.24074756966103	0.842561918717218
CBX2	-0.426563478	0.143694457	0.057526534	-2.111957151	23.45489652	1.24013179162755	0.84255998441096
DAGLA	0.315921742	0.143694457	0.057470477	2.10753171	17.46253413	1.24055519824462	0.84255998441096
CDK7	0.1592367	0.143694457	0.057505166	2.107189215	23.13728384	1.2402931385362	0.84255998441096
PRKRA	-0.200314537	0.143694457	0.057508763	-2.107153711	25.62732923	1.24026597387422	0.84255998441096
SAP18	0.142427576	0.143758327	0.057572426	2.1065257	24.31749868	1.23978546975948	0.842366990009378
LMBRD1	1.236048178	0.143764691	0.057595297	2.125684058	20.27878169	1.23961297786736	0.842347764765413
ARIH1	-0.248845288	0.14383289	0.057642952	-2.105830744	22.73329351	1.23925378628133	0.842141793283848
DDX6	-0.086967894	0.143887217	0.057685065	-2.105416152	26.1753642	1.23893661366699	0.841977787251425
NR2C1	0.407169688	0.143923115	0.057719802	2.105074385	18.87177816	1.23867516736466	0.841869449907981
CARHSP1	-0.17742492	0.143927881	0.057742059	-2.104855503	24.43061947	1.23850773385338	0.841855068526435
HIPK4	-0.153910675	0.144008501	0.05779476	-2.104337549	24.14758149	1.23811153538996	0.841611870207398
UBE2D1	-0.209035887	0.144630967	0.058065019	-2.101688369	21.28829785	1.23608542751577	0.839738710102661
FRAT2	-0.281958221	0.144758213	0.058136568	-2.100988961	20.99738668	1.23555060969417	0.839356786775702
LMF2	-0.313278327	0.144843441	0.058191272	-2.100454762	21.27201933	1.23514214948225	0.839101166335273
RALA	0.333161038	0.144854409	0.058216155	2.100211924	22.32578173	1.23495648177983	0.839068281438959
SRP19	1.305330686	0.144987549	0.058372143	2.121975493	21.19550345	1.2337943622665	0.838669291784138
ABL2	0.367744584	0.144987549	0.058294634	2.099446686	18.32936702	1.23437142005135	0.838669291784138
TFB1M	0.660462273	0.144987549	0.058355799	2.099658016	19.95945995	1.23391598026022	0.838669291784138
STX6	0.25783024	0.144987549	0.05834798	2.098927068	21.55420674	1.23397417458072	0.838669291784138
RPS6KA5	0.327387366	0.144987549	0.058348317	2.098923791	19.50376097	1.23397166623651	0.838669291784138
RASAL2	0.279805323	0.144997529	0.058396658	2.098453306	21.31766048	1.23361200654667	0.838639398805086
NOP16	0.200834578	0.145074539	0.058465669	2.097782296	22.19888035	1.23309907649052	0.838408800808748
SACM1L	-0.152497004	0.145074539	0.05846869	-2.097752938	24.83051355	1.23307663648843	0.838408800808748
MRPL14	0.255492394	0.145223643	0.058549312	2.096970006	21.84379166	1.23247820385992	0.837962672970965
MED29	-0.257949269	0.145475276	0.058671326	-2.09578702	23.37962365	1.23157409640996	0.837210810177423
RPA2	-0.137489444	0.145530603	0.058714213	-2.095371767	23.88028714	1.2312567559874	0.837045671169425
PHLDA3	0.543960191	0.145627948	0.058774073	2.094792641	17.11082468	1.23081421195478	0.836755269958326
CCDC90B	0.360587309	0.145902999	0.058905706	2.093521077	20.37782481	1.22984263451191	0.835935781199315
TIMM17A	-0.447826641	0.145921727	0.058933895	-2.093249121	19.77855802	1.2296348550001	0.835880039061356
CKS2	0.40896549	0.146275317	0.059097379	2.091674305	19.28256423	1.22843177988149	0.83482895203658
DR1	0.4292293	0.146639144	0.059282766	2.090175097	21.80133308	1.22707154135612	0.833750083214699
PHC3	0.314967149	0.146639144	0.059285829	2.089864052	18.94387289	1.22704910296932	0.833750083214699
IRAK1	-0.587919442	0.146885663	0.05940626	-2.088710017	19.97971408	1.22616778834861	0.833020592118863
EDRF1	0.625176216	0.146945624	0.059451283	2.088279143	19.11252757	1.22583876856745	0.832843342568234
USP39	-0.122659932	0.14730057	0.059624015	-2.086628929	25.28253727	1.22457878251951	0.831795572591343
WDFY1	-0.292150008	0.14730057	0.059636533	-2.086509514	22.40512328	1.22448761241447	0.831795572591343
USP46	-0.321671206	0.147377237	0.059703461	-2.08587144	18.50791321	1.22400049215984	0.831569589806047
UQCRC1	-0.144999107	0.147377237	0.059719066	-2.085722761	26.65982446	1.22388699321456	0.831569589806047
NPEPPS	-0.102359984	0.147377237	0.059730073	-2.085617912	27.37218985	1.22380695447312	0.831569589806047
ARFIP2	0.174430368	0.147889149	0.059958451	2.083446571	22.66065605	1.22214959548423	0.830063690116049
RBM27	0.190776172	0.147898429	0.05998312	2.083212484	22.72110114	1.22197094832069	0.8300364391218
BRPF1	-1.702080113	0.148258016	0.060161175	-2.10434523	18.69252739	1.22068369018515	0.828981815937043
CYP20A1	-0.346886094	0.148258016	0.060170874	-2.082224697	22.95542904	1.22061368020486	0.828981815937043
DHX9	-0.126118941	0.148267477	0.060195674	-2.081199326	28.14728001	1.22043471846703	0.828954102568772
HNRNPA3	0.22662388	0.148860808	0.060472723	2.081248853	27.600256	1.21844047529601	0.82721962803534
ATPAF1	-0.309291896	0.148860808	0.060478649	-2.078529497	20.9302296	1.21839791886926	0.82721962803534
TMED10	-0.13614562	0.148967271	0.060542961	-2.077924358	25.18585687	1.21793634263755	0.826909138201396
HABP4	-0.875827462	0.148968155	0.060601733	-2.080031654	18.07586532	1.21751495633577	0.826906561023334
ATRX	0.18781784	0.148968155	0.060606203	2.077329873	22.74218325	1.21748292384022	0.826906561023334
TUBB2A	-0.302164411	0.148968155	0.060606496	-2.077327118	21.89901385	1.21748082425356	0.826906561023334
CRNKL1	-0.180555335	0.149167326	0.060710167	-2.076353857	22.92352291	1.21673857247907	0.82632629544184
TANK	0.358737122	0.149167326	0.060734107	2.076129327	18.04925589	1.21656734974968	0.82632629544184
IQCB1	0.319965547	0.149167326	0.060760197	2.075884725	17.78555625	1.21638082671389	0.82632629544184
MYCBP2	-0.267547652	0.149167326	0.060771874	-2.075775288	18.33540558	1.21629737126647	0.82632629544184
CHCHD2	-0.248593472	0.149267932	0.060850888	-2.075035248	23.01374378	1.21573307970695	0.826033483978514
MTOR	-0.157669517	0.149267932	0.060855063	-2.074996172	24.78290028	1.21570328363785	0.826033483978514
SLC39A11	0.304350516	0.149347296	0.060908531	2.074495944	17.16499815	1.21532187474398	0.825802636085698
ETF1	-0.10711959	0.149381925	0.060943771	-2.074166473	25.69157197	1.21507067656852	0.825701948354977
MTMR2	-0.221882607	0.149919427	0.06119852	-2.071790036	20.78142092	1.21325908052773	0.824142086349665
GYS1	-0.354437304	0.149919427	0.061205443	-2.071725581	22.52522077	1.21320995432907	0.824142086349665
RER1	0.282674995	0.150268452	0.061369177	2.072840689	25.01239786	1.21204970084439	0.823132187479961
CDK5RAP3	0.161727117	0.150502276	0.061485946	2.069119869	23.86793651	1.21122414068231	0.822456932317535
EIF2A	0.102867337	0.150873451	0.061658913	2.067518642	26.8190952	1.21000413582526	0.821387175722139
CLIC5	-3.050428844	0.150922878	0.06172912	-2.089298042	18.93104637	1.20950991421818	0.821244921682005
HDGFL3	0.30108811	0.150922878	0.061711549	2.0670322	18.83028984	1.20963355237496	0.821244921682005
METTL21A	-0.247387438	0.150922878	0.061743117	-2.066740651	23.33188947	1.20941144965584	0.821244921682005
PAPSS2	-0.459790701	0.151176059	0.061868065	-2.065588041	19.49439686	1.20853346686288	0.820516980444889
SRSF5	0.188588814	0.151568775	0.062064508	2.063780309	24.24974702	1.20715668301513	0.819390259402847
ROBO1	-0.493294975	0.151568775	0.062071634	-2.063714834	19.00276631	1.20710682191212	0.819390259402847
ELOC	-0.219588146	0.151676595	0.062143874	-2.063051479	24.34749309	1.20660167666231	0.819081429408101
IFT52	0.604616871	0.151676595	0.062158672	2.062915677	18.46696169	1.2064982726697	0.819081429408101
RAB27A	-0.421025759	0.152015819	0.06231918	-2.061444694	21.07622432	1.20537826977416	0.818111216351675
TMSB10	-0.37942373	0.152017578	0.06234139	-2.076899495	26.11376993	1.2052235186681	0.818106191087995
KCTD21	0.137151373	0.152195641	0.062435927	2.060376973	22.80550307	1.20456543583255	0.817597785914698
DHRS7B	-0.206336774	0.152532556	0.062595704	-2.058918755	22.45258275	1.20345547179143	0.816637452171828
DHX37	-0.321906196	0.153036521	0.062824153	-2.056839824	21.1375731	1.20187335788709	0.815204915743935
TNS3	-0.531682184	0.153204432	0.062934709	-2.060525354	22.34817278	1.20110977157044	0.81472867096123
TYW1	-0.515261299	0.153204432	0.062937216	-2.055813539	16.70714683	1.20109247182284	0.81472867096123
SUPT7L	-0.329827504	0.153204432	0.062958055	-2.055624566	19.79142197	1.20094869735508	0.81472867096123
SDAD1	-0.322194653	0.153428573	0.063071853	-2.057182943	23.90897896	1.20016440959882	0.814093754202639
SEMA4D	-0.934779492	0.153618597	0.063171685	-2.058367893	19.28325653	1.19947753886561	0.8135562056223
ASXL1	-1.085422559	0.153640784	0.063202528	-2.059685938	16.95658709	1.19926555028577	0.813493485378216
HNRNPDL	-0.241461843	0.153692716	0.063287305	-2.053411103	25.0437427	1.19868339774541	0.81334671464708
TNKS1BP1	0.14604978	0.153692716	0.063250214	2.052981399	25.60412076	1.19893800076302	0.81334671464708
CLSPN	-0.288745308	0.153692716	0.06328907	-2.052630722	18.54284563	1.19867128601033	0.81334671464708
RBL1	-0.277594541	0.153744378	0.063332078	-2.052242817	19.14509238	1.19837626202593	0.813200756191362
DYRK1A	-0.203306627	0.153957373	0.063442691	-2.051246279	22.95091654	1.19761840416358	0.812599507952463
NDUFA4	0.228435557	0.153957373	0.063472291	2.050979875	24.09115413	1.19741582576511	0.812599507952463
MYBBP1A	0.129237789	0.153957373	0.063485109	2.050864555	26.24521942	1.1973281304171	0.812599507952463
AKR1C3	0.284160207	0.15413279	0.063612638	2.049718336	21.36966594	1.19645659396776	0.812104960235506
MRPL9	-0.196262201	0.15413279	0.063612852	-2.049716417	23.51013729	1.1964551329552	0.812104960235506
STX8	0.1741187	0.15413279	0.063622808	2.049627022	22.61200527	1.1963871671684	0.812104960235506
KAT6A	-0.883412471	0.154139835	0.063669296	-2.05178258	18.8798361	1.19606995216232	0.812085110243145
PPP2R2D	0.317256949	0.154139835	0.06364978	2.049384917	17.61188757	1.19620309310932	0.812085110243145
RABEP1	-0.743926319	0.154264706	0.063742683	-2.054072621	20.80513251	1.19556966054267	0.811733424181472
TEX30	-0.935964923	0.154362664	0.063812522	-2.050494985	18.09467844	1.19509409084166	0.811457734956068
AP1B1	-0.111927633	0.154362664	0.063826801	-2.047798292	26.5888121	1.19499692186916	0.811457734956068
PABPN1	-0.327223745	0.154375412	0.063941187	-2.049340594	24.06758664	1.19421930577523	0.811421870341439
CLASP1	-0.187995744	0.154375412	0.063862266	-2.04748092	24.25817472	1.19475567562062	0.811421870341439
AGPAT3	0.30580272	0.154375412	0.063919312	2.046970764	21.47417436	1.19436790822804	0.811421870341439
BDH1	-0.40477354	0.154375412	0.063930146	-2.046873921	20.69640807	1.19429430374818	0.811421870341439
CDK2	-0.275585844	0.154375412	0.063939202	-2.046792988	22.51275515	1.1942327882889	0.811421870341439
CTSD	0.140777022	0.154722904	0.064108073	2.04528572	27.30896224	1.19308727721148	0.810445391895124
ERVK-19	-0.185615436	0.154722904	0.06412886	-2.045100438	24.99455599	1.19294648034021	0.810445391895124
RPL36AL	0.227938453	0.154723921	0.064162845	2.044797637	23.19757645	1.19271638754796	0.810442537269047
LRP6	0.418936251	0.154723921	0.064173026	2.044706961	16.68637584	1.19264748160459	0.810442537269047
APOC2	-0.697102812	0.154752133	0.064206603	-2.044990406	18.29647547	1.19242030683762	0.810363356241636
CXorf38	-0.273717675	0.154890952	0.064302925	-2.043551145	19.41577039	1.19176927151641	0.809973950938285
EPN1	0.310440647	0.154890952	0.064307991	2.043506119	21.42483248	1.19173505768892	0.809973950938285
TDP1	0.412391492	0.155033041	0.064388899	2.042787367	19.11470342	1.19118900094162	0.80957573412154
NADSYN1	-0.126195706	0.155191402	0.064482976	-2.041952694	23.54551178	1.19055492730481	0.809132343434737
TRMT11	0.455897681	0.155191402	0.064521187	2.041614001	21.14164588	1.19029765146894	0.809132343434737
MFHAS1	-0.346436891	0.155191402	0.064533356	-2.041506181	19.75181437	1.19021574920586	0.809132343434737
MT-CO2	0.186470019	0.155191402	0.064542424	2.041425848	24.62002842	1.19015472796131	0.809132343434737
GET4	-0.349188922	0.155443024	0.06469076	-2.040113203	20.96473836	1.18915774665102	0.808428763529358
GTPBP3	-0.491492595	0.155443024	0.064697534	-2.04005333	19.71345172	1.18911227250908	0.808428763529358
METTL5	-0.257219986	0.155443024	0.064717755	-2.039874629	20.57019355	1.18897655641467	0.808428763529358
RPS11	-0.096319716	0.155443024	0.064734966	-2.039722566	28.14169044	1.18886107576175	0.808428763529358
SDF2	0.224086567	0.155878031	0.064945356	2.037866796	23.89558559	1.1874518982581	0.807215088709702
SCARB2	-0.22067503	0.155878031	0.064960197	-2.0377361	23.75167731	1.18735266671203	0.807215088709702
PGAP1	-0.31775776	0.156295233	0.065156155	-2.036013034	17.72250563	1.18604455222653	0.806054267747714
RAB12	-0.146779113	0.15630289	0.065200911	-2.035620176	23.29980424	1.18574633617745	0.806032991913959
HYAL2	-0.569827401	0.15630289	0.065203538	-2.035597121	18.82622358	1.18572883843695	0.806032991913959
KTN1	0.097442228	0.156476196	0.065302047	2.034733335	28.16127405	1.18507320483717	0.805551720303726
KIF13A	0.685156787	0.156476196	0.065363147	2.03494603	19.18925019	1.18466704625788	0.805551720303726
TMEM243	-0.409458267	0.156476196	0.065380758	-2.034044024	17.87886246	1.18455004867904	0.805551720303726
TP53	-0.136277963	0.156476196	0.065383528	-2.034019783	24.04505974	1.1845316492253	0.805551720303726
WASHC3	0.421832614	0.156476196	0.065386434	2.033994348	16.98453558	1.18451234724272	0.805551720303726
NME1	-0.100823505	0.156640033	0.065481123	-2.033166202	29.99934058	1.18388388105422	0.805097234046323
FAM120B	-0.337715926	0.156640033	0.065499183	-2.033008384	20.14060245	1.18376411711974	0.805097234046323
CAV2	0.53014388	0.156894117	0.065627607	2.031887258	16.6540625	1.18291343127016	0.80439334068545
RRAGC	0.283561859	0.157129195	0.065748151	2.030836794	21.84146029	1.18211645609734	0.803743114454552
PGGT1B	-0.64761897	0.157292823	0.065838854	-2.032562188	20.83745305	1.1815177371185	0.803291093032184
RDH13	-0.514338014	0.157301283	0.065864631	-2.030619111	21.2903528	1.18134773692446	0.803267735116396
POLR2I	-0.462032406	0.157369549	0.06591664	-2.030115057	21.58045447	1.18100493824434	0.803079299808437
NUP85	-0.17762448	0.157369549	0.065937707	-2.029188547	24.49882409	1.18086615962784	0.803079299808437
SNAPC3	-0.377317714	0.157479673	0.066026189	-2.028420687	17.21063987	1.18028376927303	0.802775495675325
HSP90AA1	0.07983584	0.157479673	0.066028373	2.028401748	32.24581096	1.18026940401167	0.802775495675325
MB21D2	-0.343612175	0.157881979	0.066219371	-2.026747542	20.644844	1.17901494881087	0.80166743850028
RPL28	0.10615378	0.158423854	0.066484419	2.024459358	26.80620678	1.1772801221431	0.800179425773033
SYNM	0.248736999	0.158423854	0.066491437	2.024398887	21.68031039	1.17723428105934	0.800179425773033
DDX3X	-0.120233276	0.158725181	0.066640343	-2.023117214	27.28936556	1.17626277626778	0.7993541690118
EPS8	0.267752235	0.158738917	0.066671102	2.022852794	22.19647196	1.1760623664049	0.799316587004607
RPP38	0.186024369	0.158738917	0.06669099	2.022681891	22.30683014	1.1759328356126	0.799316587004607
EXOC2	0.136572702	0.159577167	0.067071752	2.019418969	25.10844964	1.17346034918351	0.797029249296702
AKT2	-0.147154473	0.159577167	0.06708828	-2.019277725	23.88028751	1.17335334236298	0.797029249296702
MAN1B1	-0.230040023	0.159578852	0.067113941	-2.019058498	21.82015242	1.17318725821396	0.797024663538274
THOP1	0.116577784	0.159578852	0.067134106	2.018886281	25.57157349	1.17305679004717	0.797024663538274
C18orf21	-0.268404754	0.159869165	0.067278839	-2.017651589	20.67425747	1.17212151156573	0.796235293362685
KTI12	0.599264499	0.159950591	0.06735606	2.01946934	21.2873116	1.17162332486802	0.796014150906135
STAG1	-0.49152621	0.159950591	0.067358328	-2.019449975	21.9002249	1.17160870163587	0.796014150906135
STAP2	0.565936641	0.159986908	0.067396238	2.017384154	20.55818615	1.17136434473232	0.795915554944009
TPM4	-0.130110352	0.160245702	0.06752791	-2.015532579	29.00576656	1.17051669155797	0.795213610000816
CBX1	0.12947967	0.160255593	0.067554733	2.015304815	25.13155812	1.17034421816268	0.795186804450955
CENPV	-1.456266839	0.160349721	0.067617079	-2.032164556	17.82256269	1.16994359431532	0.794931791384221
QRICH1	-0.177899085	0.161234229	0.068012855	-2.011427624	23.08915843	1.16740899423599	0.792542754790311
B3GAT3	-0.21805454	0.161243275	0.068041315	-2.011187563	21.03684776	1.16722730158908	0.792518389506931
LYRM1	-0.417757353	0.161243275	0.068062259	-2.011010963	17.56751216	1.16709364068021	0.792518389506931
DVL2	-0.200828191	0.161607546	0.068238866	-2.009523783	21.72322226	1.16596819892779	0.791538364417572
INTS12	-0.911123563	0.161670483	0.068288296	-2.013542119	19.29941891	1.16565372411027	0.791369264202272
BAP1	-0.588386863	0.161796097	0.068364226	-2.008470322	19.02217422	1.16517109879283	0.791031959063719
ZC3HC1	-0.399577845	0.16180188	0.068389542	-2.008257795	19.9621501	1.16501030469713	0.791016436562544
PALD1	0.289835267	0.161824237	0.068421868	2.007986533	21.53466475	1.1648050732229	0.790956432000258
DIMT1	-0.223753842	0.162137987	0.068577447	-2.006682639	22.1530156	1.16381868682753	0.79011522320365
HNRNPA1	-0.116598629	0.162167985	0.068613059	-2.006384563	29.1047941	1.16359321793922	0.790034879534214
TMEM11	-0.16715983	0.162181016	0.068641499	-2.006146625	22.95882561	1.16341324088896	0.789999983225736
NSUN5	0.706835512	0.162475748	0.068789209	2.007351925	20.49417568	1.16247968442902	0.789211454966986
ERCC6L	-0.228424899	0.162582373	0.06886163	-2.004308003	22.68631078	1.16202270147411	0.788926541914199
PPP2R5E	0.202881651	0.162582373	0.068880318	2.004152168	22.05824115	1.16190485654095	0.788926541914199
TXNDC9	-0.299416846	0.162617526	0.0689182	-2.004147851	23.28240787	1.16166607394421	0.788832650409135
PSMC4	-0.1031172	0.162762072	0.069002467	-2.003134543	26.86204749	1.16113538193906	0.788446790111215
EMC3	-0.257246229	0.162856511	0.069065526	-2.002609855	22.67444453	1.1607386762719	0.788194873667451
HDAC11	0.399886279	0.163209881	0.069238458	2.00117324	18.35889534	1.15965261280052	0.787253551869701
RPS7	-0.176017307	0.163239527	0.069274111	-2.001520398	28.12948839	1.15942903884449	0.787174672301043
RPA1	-0.137254974	0.163345509	0.069343543	-2.000301883	24.37651932	1.15899397251464	0.786892801459926
BTF3L4	0.146066944	0.163345509	0.069365268	2.00012189	25.37921106	1.15885793144229	0.786892801459926
RAD51	0.443844823	0.16369557	0.069537064	1.998700429	20.0710861	1.15778365008527	0.785963073493298
PIP5K1A	-0.298968129	0.163702577	0.069563182	-1.998484608	21.29355422	1.15762056046124	0.785944483886343
KIRREL1	-0.24820344	0.16384845	0.069648331	-1.997781526	22.14567852	1.15708928622028	0.785557662671175
BZW2	-0.093537742	0.163860699	0.0696875	-1.997458368	25.8148626	1.15684511527175	0.78552519685124
PYCR1	-0.185727201	0.163860699	0.069699865	-1.997356392	24.31461239	1.15676806307576	0.78552519685124
SART3	-0.218945451	0.164444077	0.069976699	-1.995077607	24.25260891	1.15504654827635	0.783981764458865
BAIAP2L1	-0.122178027	0.164444077	0.069994503	-1.994931339	24.46548059	1.15493606585015	0.783981764458865
CFAP97	-0.523158451	0.164979962	0.070245921	-1.992869498	19.19995258	1.15337888905453	0.782568800763615
PRDX2	-0.127380297	0.16543207	0.070461807	-1.991104504	25.63838028	1.15204622348708	0.781380296029233
DIP2B	-0.142870609	0.166055917	0.070750994	-1.988748082	23.60123917	1.15026745423925	0.779745644758965
TBCEL	0.192474724	0.166076797	0.070783368	1.988484847	20.88898025	1.15006877669405	0.779691039666412
NEDD8	0.156101581	0.166249109	0.07088031	1.987697252	26.06828066	1.14947439169952	0.779240673588288
CHAC2	0.35933506	0.166310749	0.0709301	1.987293124	18.84012393	1.14916942786587	0.779079680542813
EMC6	-0.432207521	0.166619832	0.071085476	-1.986033699	19.75204658	1.14821912412814	0.778273307757767
LMNA	0.179303352	0.166888948	0.07131207	1.985849202	30.2343624	1.14683695695379	0.777572422946526
TBCC	0.098072219	0.166888948	0.071225926	1.984897443	24.65544761	1.14736189583961	0.777572422946526
NAB2	-0.427083568	0.166888948	0.071255148	-1.9846613	20.99229162	1.1471837535338	0.777572422946526
ATXN3	0.308718692	0.166888948	0.071300499	1.984294988	21.3196541	1.14690743070651	0.777572422946526
ZNF451	-0.568835714	0.166888948	0.071318249	-1.984151679	17.68640167	1.14679932812951	0.777572422946526
EPHX2	-0.226778499	0.166979585	0.071380586	-1.983648635	21.95873206	1.14641989101861	0.77733662264771
RAB14	-0.118820491	0.16707546	0.071445189	-1.983127735	26.0238908	1.14602701055529	0.777087334482667
RHOA	-0.120665032	0.167111361	0.071484164	-1.982813687	27.30541749	1.14579015748772	0.776994023763781
HSP90AB3P	-0.235067713	0.167209258	0.071563633	-1.982173848	21.55896348	1.14530762014766	0.776739680324019
STARD9	-0.146862832	0.167209258	0.071573316	-1.982095934	23.05854878	1.14524886140642	0.776739680324019
IARS1	0.102162649	0.167361129	0.071661982	1.981382908	26.84636544	1.14471118445124	0.77634540309953
TMPO	0.126001934	0.167577503	0.07177832	1.980448592	27.92907218	1.14400671071813	0.775784285101654
MACROH2A2	0.840836914	0.167727989	0.071937619	1.983446759	19.82543461	1.14304394061083	0.775394460029587
SUFU	-0.615721904	0.167727989	0.071879301	-1.979638747	18.99110108	1.14339615489805	0.775394460029587
DDB2	-0.308713328	0.167727989	0.071924849	-1.979273801	18.94222435	1.14312104120038	0.775394460029587
SLC9A6	0.279105047	0.167727989	0.071934795	1.979194147	19.69309975	1.14306098971125	0.775394460029587
RBM26	0.436178291	0.167759323	0.071994427	1.978977468	21.54129521	1.14270112046904	0.775313335153332
MAML1	-0.376370055	0.167759323	0.071998488	-1.978684244	17.24679902	1.14267662384861	0.775313335153332
MAT2B	0.094228145	0.167818877	0.072047771	1.978289996	24.4558425	1.14237945076081	0.775159189420106
RPLP1	0.352693791	0.16798514	0.072142897	1.977529716	21.19204947	1.14180642195871	0.774729134354118
JUNB	1.457341734	0.16806498	0.072203734	1.99400132	17.60894558	1.14144034240733	0.774522771850289
MGST3	0.253858975	0.16806498	0.072235843	1.97678776	23.68639543	1.14124725458419	0.774522771850289
PRDX3	-0.126586932	0.16806498	0.07224846	-1.976687113	25.81677285	1.14117140560436	0.774522771850289
NCLN	-0.16871235	0.168119213	0.072295539	-1.976311692	24.04664852	1.14088850004234	0.774382651682049
INTS1	-0.347849109	0.168186136	0.072394183	-1.975525821	22.39286681	1.14029632872681	0.774209807033087
RERE	-0.257093326	0.168186136	0.072395005	-1.975519276	21.11121324	1.14029139755662	0.774209807033087
KIF16B	-0.350415212	0.168186136	0.072395644	-1.975514189	18.00836556	1.14028756424036	0.774209807033087
FBL	-0.134460938	0.168324105	0.072478827	-1.974852267	25.56987098	1.13978884391223	0.773853686051133
EXOC6B	-0.363818115	0.168435891	0.07256506	-1.974166822	21.38489418	1.13927244130823	0.773565361753035
JMY	0.451878288	0.168435891	0.072574582	1.974091181	18.73869031	1.13921545684822	0.773565361753035
ZFYVE21	0.346546917	0.168554236	0.072649402	1.973497142	20.85552194	1.13876795616526	0.773260328587635
POT1	-0.407676541	0.168990919	0.072861507	-1.971816175	17.05978732	1.13750185045595	0.772136632274801
KIF23	-0.289379353	0.16929544	0.073016736	-1.971329331	23.77018446	1.13657758481921	0.77135473952549
GPAT4	0.213864685	0.16959151	0.073168404	1.969391975	20.70569894	1.13567641799589	0.770595892954553
GPC6	0.290108361	0.169603946	0.073197745	1.969160703	19.55122998	1.13550229802824	0.770564047680191
PDIA5	-0.169466259	0.169791015	0.073302482	-1.968335831	24.12514169	1.13488132002934	0.770085295477017
CIRBP	-0.229899406	0.170048425	0.07343765	-1.967563002	24.67305698	1.1340812289795	0.769427386177461
DSG1	-0.697848864	0.170069425	0.073477649	-1.969287858	20.60396864	1.13384474788421	0.76937375662446
ITGB5	0.11765948	0.170069425	0.073494803	1.966824031	25.6158935	1.13374336987119	0.76937375662446
MTMR1	-0.156490489	0.170167585	0.073578324	-1.966168623	23.03078795	1.13325010894634	0.769123164559086
ITM2B	-0.596146474	0.170167585	0.073603943	-1.965967721	18.8465584	1.13309891966694	0.769123164559086
UNK	-0.439884114	0.170167585	0.073609388	-1.965925031	20.66655625	1.13306679304581	0.769123164559086
ATP6V0A1	0.215729824	0.170246093	0.073667415	1.965470266	22.19623919	1.13272456933247	0.768922845982053
ANXA6	-0.10482786	0.170268833	0.073701324	-1.965204665	26.33481881	1.13252471023146	0.768864840556862
SCRN3	1.156448058	0.170373317	0.073770635	1.977544828	19.21031553	1.1321164782224	0.76859842123048
RABIF	0.189522138	0.170472145	0.073851854	1.96402698	21.91520396	1.13163859755091	0.768346574214483
OXA1L	-0.217023125	0.170472145	0.073861623	-1.963950625	24.38902882	1.13158115360083	0.768346574214483
POLR2A	-0.171859292	0.170485747	0.073908417	-1.963585027	23.74044045	1.13130609951455	0.768311923169973
TEAD1	-0.314459683	0.170485747	0.073918099	-1.963509412	21.48672268	1.131249210679	0.768311923169973
TGS1	-0.230119953	0.170485747	0.073939818	-1.963339814	22.48906445	1.13112162276065	0.768311923169973
DCTPP1	0.410901105	0.170709555	0.074066773	1.962962714	21.91241044	1.13037657662318	0.767742169760259
SLC4A1AP	-0.191659699	0.170709555	0.074085147	-1.962206166	23.51073446	1.13026885305333	0.767742169760259
PPP2R5D	0.135247815	0.170749924	0.074148288	1.961714273	23.32388393	1.12989887188761	0.767639480948848
MICALL1	0.159455086	0.170749924	0.074150942	1.961693605	21.91068827	1.12988332740292	0.767639480948848
TUBGCP2	-0.248659544	0.170798583	0.074196218	-1.961341142	22.77064512	1.12961823142706	0.767515736678826
PCM1	-0.171660768	0.171396381	0.074492623	-1.959038563	24.86624888	1.12788673327887	0.765998352356363
FAM98B	0.165200055	0.171396381	0.074504364	1.958947531	24.34771773	1.12781828825021	0.765998352356363
MFAP1	0.328986636	0.171459086	0.074555859	1.958548422	21.24642382	1.12751822167597	0.765839495704435
RANBP9	0.261126699	0.171523431	0.074608086	1.958143903	21.04765337	1.12721410128236	0.765676544665354
MARCKS	-0.158151499	0.171599607	0.074681078	-1.957578985	26.84435793	1.12678942176109	0.765483711113927
STRBP	-0.161401379	0.171599607	0.074689736	-1.957512012	24.63223889	1.12673907562548	0.765483711113927
SPCS1	-0.382159215	0.172043364	0.074907204	-1.955832123	20.42333151	1.12547641318174	0.764362074183781
BUB1B	0.167087291	0.172121937	0.074965746	1.955380668	23.57379793	1.1251371328933	0.764163775163977
DMTN	0.273294083	0.172470758	0.075142052	1.954023033	18.59020309	1.12411694927651	0.763284527928536
TMX3	0.156693653	0.172541507	0.075207873	1.953516935	22.71826011	1.12373669369714	0.76310641309699
MED8	0.260125493	0.172541507	0.075249496	1.953197104	20.91299556	1.1234964045069	0.76310641309699
RPS26	-0.204179782	0.172541507	0.075314691	-1.953373713	26.43035571	1.12312030138329	0.76310641309699
CREB3L1	-0.296843537	0.172541507	0.075324918	-1.952617981	18.97584263	1.12306133243478	0.76310641309699
VPS41	0.430295411	0.172541507	0.075338444	1.95251418	19.82448451	1.12298335372649	0.76310641309699
BCS1L	-0.163138808	0.172541507	0.075339671	-1.952504767	22.14100243	1.12297628064452	0.76310641309699
CTH	-0.331886843	0.172541507	0.075343613	-1.95247452	20.03360717	1.122953557635	0.76310641309699
PSMB5	-0.104502164	0.1725867	0.075387744	-1.952135987	25.26801702	1.12269925288104	0.762992675244014
TRAPPC11	0.219337529	0.172763677	0.075489472	1.951356326	21.13903874	1.12211361222672	0.762547561259084
SCARF2	1.69233815	0.172991392	0.075613427	1.969877072	19.0271925	1.12140107812001	0.761975506697272
SLC25A5	-0.092984424	0.173005643	0.075664725	-1.950015429	29.93335862	1.12110654201031	0.761939731068934
UBA2	0.095498372	0.173005643	0.075668569	1.949986044	26.25076522	1.12108447907961	0.761939731068934
ADAM17	-0.199002634	0.173053776	0.075714085	-1.94963828	21.5750471	1.12082332170508	0.761818920044673
DZIP3	-0.318181056	0.173301715	0.075860269	-1.948522658	18.53986483	1.11998562162521	0.761197139471016
PPL	0.130853505	0.173301715	0.07591524	1.948103646	27.73322547	1.11967103064586	0.761197139471016
TDRKH	0.256121236	0.173301715	0.075919356	1.948072286	21.50035659	1.11964748454853	0.761197139471016
PFDN6	0.185711207	0.173301715	0.075920556	1.948063144	25.67945909	1.11964062003746	0.761197139471016
COX17	0.160424024	0.173331346	0.07595804	1.947777611	25.12438436	1.11942625020367	0.76112289046668
FBXO42	-0.356774712	0.173521549	0.076065921	-1.94695655	16.62660971	1.11880987196226	0.760646584096965
MEPCE	-0.230250172	0.173672375	0.076156588	-1.946267325	21.25427415	1.11829252163469	0.760269256620185
NRM	-0.312422594	0.173837421	0.076253536	-1.945531197	20.6570895	1.11774001257551	0.759856729702817
ABCB6	-0.142288672	0.173991386	0.076345669	-1.944832433	26.93185904	1.11721559492389	0.759472252322406
CKAP2L	-0.494249587	0.174039941	0.076391577	-1.944484539	17.77821064	1.11695452446206	0.759351072606273
ARF4	0.145020847	0.17416717	0.076472043	1.943875236	26.22788412	1.11649730719861	0.759033704848111
C18orf32	0.467022231	0.174543562	0.07666198	1.94243933	19.32700852	1.11541996812407	0.758096165408602
TSNAX	0.265808825	0.175111982	0.076940994	1.940335946	23.56084333	1.11384220734651	0.756684136392587
FARSB	-0.114863622	0.175111982	0.076961147	-1.940184298	25.94899144	1.11372846836033	0.756684136392587
BRD9	0.327883512	0.175412719	0.077118116	1.939004337	20.0705169	1.11284358881475	0.755938919571756
OR10A6	0.225835886	0.175848586	0.077334599	1.93738064	22.49117413	1.1116261620587	0.754861119498681
SMARCA4	-0.193478417	0.175924993	0.07739307	-1.936942799	23.94065836	1.11129792556391	0.754672457581007
ZNF507	-0.417714251	0.175952709	0.077430136	-1.936665404	17.48066336	1.11108997793138	0.754604042300261
SHB	0.323893271	0.176380177	0.077643182	1.935073375	18.05334967	1.10989667451083	0.753550225912087
ST3GAL1	-0.584899091	0.176388807	0.077671916	-1.934858962	17.54747456	1.10973598159757	0.753528977097427
ICAM1	-0.193361331	0.176687021	0.07782821	-1.933693976	24.41444252	1.10886295793697	0.752795351540802
NCOA5	-0.138343233	0.176756242	0.077883688	-1.933280976	23.94864522	1.10855349166502	0.752625240511038
CDR2L	-1.144612136	0.176830825	0.078003767	-1.951423524	20.94232273	1.10788442361965	0.752442026876563
FASTKD1	-0.260725144	0.176830825	0.077957322	-1.932733225	18.43840778	1.10814308823834	0.752442026876563
DHRS4	-0.186626771	0.176830825	0.0780069	-1.932364698	22.79225694	1.10786698065068	0.752442026876563
TCERG1	-0.161609919	0.176830825	0.07801654	-1.932293062	24.82841228	1.10781331437065	0.752442026876563
DHFR	-0.16069459	0.176962016	0.078099437	-1.931677412	24.12404269	1.10735209683556	0.752119942744924
PLPBP	-0.192878941	0.17709592	0.078185917	-1.931035786	23.95777051	1.10687146586578	0.751791444128373
MAPKAPK3	-0.368468358	0.17709592	0.078244997	-1.930597832	18.68863313	1.10654342176561	0.751791444128373
PQBP1	0.237751118	0.17709592	0.078250061	1.930560306	22.95263028	1.1065153152262	0.751791444128373
PLCL1	0.341628242	0.17709592	0.078258672	1.930496504	17.93683424	1.10646752607456	0.751791444128373
OGFOD3	-0.18417949	0.177125231	0.078296663	-1.93021508	21.44736085	1.1062567471575	0.751719570353743
GOPC	-0.214512823	0.177554322	0.078511439	-1.928626486	22.49546327	1.105067062584	0.75066875170421
TRMT5	0.170541561	0.177697611	0.078599919	1.927973206	22.46499402	1.1045779015162	0.750318410891894
ABHD17B	-0.912617576	0.177897536	0.078763795	-1.93183325	19.21037388	1.10367336683747	0.749830067143811
CDC42BPG	0.615559075	0.177897536	0.078754565	1.929048875	20.84722195	1.10372426297519	0.749830067143811
DROSHA	-0.291359623	0.177897536	0.07872871	-1.927023503	18.32356673	1.10386686458074	0.749830067143811
PPP4R3A	-0.165432239	0.177937214	0.078806515	-1.926450455	24.0091123	1.10343787754102	0.749733213553629
MAP7D3	0.220876494	0.177941824	0.078833712	1.926250276	21.60544683	1.10328802356826	0.749721961991453
GLRX	-0.707602982	0.17812089	0.078938223	-1.927693706	20.4021026	1.10271265435272	0.749285143536754
SHOC2	-0.536877932	0.178125715	0.078965542	-1.92681256	21.10903693	1.10256237939165	0.749273379377625
MRPL40	-0.884066678	0.178186486	0.079017671	-1.943754944	22.21828779	1.10227577504377	0.749125236764817
EIPR1	-0.560956335	0.178197412	0.079047707	-1.926887231	21.16750134	1.10211072347612	0.749098607607117
BCORL1	-0.215164502	0.178217476	0.079081801	-1.924427125	21.16472209	1.10192344867228	0.749049711307959
PLA2G4A	0.607211379	0.178520071	0.079241309	1.923257707	17.83447313	1.10104835889344	0.748312949106312
STXBP2	0.103437107	0.178569225	0.079301929	1.922813854	25.19119767	1.10071624844701	0.748193386233174
SMPDL3B	0.250742983	0.178569225	0.079313614	1.922728329	22.30232363	1.10065226063176	0.748193386233174
TUBB4B	0.083769285	0.178775564	0.079461228	1.92164895	28.75144457	1.09984472760808	0.747691843175492
TADA2B	0.592307017	0.178775564	0.079468649	1.921594733	16.92755196	1.0998041701067	0.747691843175492
RIN1	0.379598919	0.178775564	0.079481079	1.921503939	19.76790088	1.09973624573226	0.747691843175492
CSNK1A1	-0.102682848	0.178955886	0.079586545	-1.920734057	23.90301787	1.09916034842031	0.747254012751589
CEP78	-0.540161791	0.179254959	0.079749183	-1.919548665	17.85269456	1.09827375742952	0.746528820951401
YAF2	0.451760319	0.179254959	0.079770231	1.919395424	16.77331464	1.09815915030956	0.746528820951401
CEP85	-0.303456154	0.179350651	0.079872471	-1.91865156	17.95950918	1.09760287967089	0.746297042599977
NELFB	-0.188463702	0.179350651	0.079872563	-1.918650892	24.36726232	1.09760237943509	0.746297042599977
AGFG1	-0.110889323	0.179350651	0.079890483	-1.918520603	24.25832548	1.09750495318611	0.746297042599977
FKBP1A	0.138400638	0.179350651	0.079914228	1.918348004	25.17184367	1.09737589162736	0.746297042599977
PRKAR2A	0.117095082	0.17959325	0.080047712	1.917378608	25.47435172	1.0966510769861	0.745709990290329
SNRNP27	0.294086436	0.17966243	0.080103944	1.916970681	18.90427172	1.09634610045423	0.745542730623735
PARVB	-0.368851751	0.180525924	0.080522353	-1.913943636	17.73025221	1.09408354277512	0.743460423444062
GSK3B	-0.13486225	0.180525924	0.08053998	-1.913816429	24.71500758	1.09398848257426	0.743460423444062
PTPN1	0.143245396	0.180776222	0.080677203	1.912827012	25.2620635	1.0932491667647	0.742858694067004
ZSCAN18	0.292255577	0.181289423	0.080931863	1.910994929	18.96800873	1.09188046230969	0.741627533283052
CYP26A1	-0.281203323	0.181358308	0.080988252	-1.912761001	25.01045595	1.0915779744745	0.74146254465531
PYGO2	-0.366881859	0.181472576	0.081064933	-1.910039694	20.5319461	1.09116697190578	0.741188995926758
MARCHF2	0.22981825	0.182056752	0.081371216	1.907846533	22.78206387	1.08952919392028	0.739793209605816
GK5	-0.411610944	0.182056752	0.081377361	-1.90780261	17.97678571	1.0894963980625	0.739793209605816
MAPKAPK5	-0.274464395	0.182175146	0.081456034	-1.907240524	17.03688966	1.08907673903084	0.739510873747899
WDR43	-0.351893583	0.18233607	0.081553764	-1.906542987	21.64847385	1.08855598990628	0.739127410048135
INTS8	-0.650172386	0.182471323	0.081643046	-1.908064628	20.37776645	1.08808080066941	0.738805379105894
MLH1	-0.316933349	0.182471323	0.081665848	-1.905743937	20.84166636	1.08795952395755	0.738805379105894
DRG1	0.134820027	0.18264314	0.081768564	1.905012551	24.83356424	1.08741362915693	0.738396635064958
ALS2	-0.688858548	0.182766234	0.081849509	-1.905118634	18.94380145	1.08698392149615	0.738104036950179
APPL1	0.123401915	0.182869023	0.081921393	1.903925909	24.17132164	1.08660267151632	0.737859855374022
EPN3	-1.812750052	0.183145447	0.082071115	-1.921201406	18.84450116	1.08580966630798	0.737203873435987
APPL2	0.25596297	0.183377286	0.082200929	1.901943147	19.30081414	1.08512327422037	0.736654459155491
PTMS	0.367390517	0.183660135	0.082379645	1.916090699	27.41984675	1.08418008388814	0.735985100789285
RBM15B	0.177679153	0.183660135	0.082362486	1.900800036	23.3565337	1.08427055326591	0.735985100789285
DSCC1	0.301006862	0.184161978	0.082630777	1.898906255	20.12375635	1.08285816343349	0.734800029129835
PUS1	-0.246346188	0.184207186	0.082677101	-1.89857984	22.60176124	1.0826147599327	0.734693431797837
PRRC2A	0.129015546	0.184234505	0.082755274	1.898029389	24.77554709	1.0822043190494	0.734629028168917
DDX42	-0.105003703	0.184234505	0.082756429	-1.89802126	25.78145092	1.08219825772422	0.734629028168917
LARP4B	0.132771024	0.184234505	0.082776098	1.897882837	22.95316981	1.08209504975223	0.734629028168917
BLOC1S3	0.202438019	0.184234505	0.082793538	1.897760122	23.56460162	1.08200355838974	0.734629028168917
NANS	-0.140029003	0.184321379	0.082858635	-1.897302301	24.63728528	1.08166222547715	0.734424289071497
EDEM3	0.238877837	0.184407294	0.082937342	1.896749203	19.67396064	1.08124988714454	0.734221904967302
NIPSNAP1	-0.113360587	0.184407294	0.082949393	-1.896664555	25.95508441	1.08118678767115	0.734221904967302
ASDURF	0.334082542	0.184463642	0.083000816	1.896303498	21.55068106	1.08091763795459	0.73408922102141
WDR19	-0.730197014	0.184592536	0.083084907	-1.896387855	16.62808225	1.08047786191919	0.733785863654357
SNX4	0.381916407	0.184594458	0.083111867	1.895524469	21.79826229	1.08033696171935	0.733781341750781
HNRNPH1	-0.121747103	0.184696653	0.083192952	-1.894956258	27.28842226	1.07991346502133	0.733540974601997
PSMC6	-0.109927708	0.184696653	0.083210904	-1.894830525	26.94045505	1.07981975980612	0.733540974601997
CSNK1G1	-0.461017307	0.184696653	0.083236207	-1.894653348	20.85715579	1.07968771842319	0.733540974601997
AK3	-0.11134665	0.184841464	0.083327598	-1.894013828	25.65709596	1.07921113695967	0.733200600396767
TYK2	-0.985572349	0.185083909	0.083463203	-1.898217404	18.0782369	1.07850495273558	0.73263133671049
SUMF2	0.234320931	0.185083909	0.083489221	1.892884417	22.93852318	1.07836959113194	0.73263133671049
AADAT	-0.283089199	0.185142695	0.083541912	-1.892516655	17.42438634	1.07809558938276	0.732493418822624
RWDD2B	-0.773633597	0.18542908	0.083706075	-1.893490964	18.01016514	1.07724302177692	0.731822156420295
NDUFA11	-0.463766	0.18542908	0.083723563	-1.891250411	20.83775879	1.07715229779259	0.731822156420295
NDUFV1	0.205972866	0.185429498	0.083749964	1.891066583	23.78006482	1.07701537097296	0.731821177421269
MRPL15	0.253617934	0.185611665	0.083858564	1.890871357	23.88852387	1.0764525787583	0.731394733473099
B4GALT4	-0.547751514	0.185611665	0.083884718	-1.890129146	19.66070711	1.07631715112345	0.731394733473099
MTHFD2	0.112766144	0.185775164	0.084001831	1.889315546	24.94573678	1.07571124745562	0.731012346632536
FAM110A	0.405525627	0.185775164	0.084011132	1.889250974	17.57371014	1.07566316339225	0.731012346632536
PYCR2	-0.234915987	0.185935078	0.084109733	-1.888566858	23.77923709	1.07515374565733	0.730638669697029
R3HCC1	-0.304951117	0.186673316	0.084482109	-1.885989826	21.43604505	1.07323525300593	0.728917757799124
EMC7	0.155393458	0.186673316	0.08449646	1.885890715	23.29515899	1.07316148554345	0.728917757799124
ARHGEF2	0.136433373	0.186979979	0.084661701	1.884750671	27.24216379	1.07231301004707	0.728204893331509
CEP72	-0.137372015	0.187407619	0.084881822	-1.883235148	26.86451218	1.07118530681579	0.727212756978679
COX14	-0.202230463	0.187801267	0.08509069	-1.881800424	20.80291897	1.07011795463705	0.726301482095188
GPN1	0.275865986	0.187801267	0.085113212	1.881645914	21.87667546	1.07000301978229	0.726301482095188
ZFAND6	0.537850399	0.187989101	0.085224915	1.880880129	19.55328824	1.0694334232472	0.725867328995727
MRPL32	-0.414381715	0.188284995	0.085385675	-1.880332535	21.62546743	1.06861498399823	0.725184288843438
RAB8B	-0.361612694	0.188628991	0.085568339	-1.878531502	21.43897041	1.06768689818642	0.724391558344566
STRN	0.221314763	0.188679985	0.085618144	1.878191609	23.1236786	1.06743419088264	0.72427416695261
P4HA2	0.182034851	0.18883882	0.085716914	1.877518092	24.57160431	1.06693347291832	0.723908722014823
SNRPD2	0.113193654	0.189141749	0.085881156	1.876399686	26.16906058	1.06610211839226	0.723212599345745
WDR35	-0.406515287	0.189657039	0.086141938	-1.874627901	20.19268758	1.06478536181375	0.722031034099455
ERAP1	-0.213602631	0.190020136	0.086333718	-1.873328049	23.24094219	1.0638195556009	0.721200375413856
KDM4B	-0.968959429	0.19019348	0.086439361	-1.877344572	17.0073212	1.06328845228393	0.720804375140752
CDKN1B	-0.281927128	0.190225025	0.086480588	-1.872334368	18.37942723	1.06308136618371	0.720732350150994
LRRFIP1	0.203496943	0.190546014	0.086653453	1.871166788	23.00010921	1.06221412667232	0.720000131729972
STK17A	0.624030498	0.191053411	0.086911207	1.870368929	19.87264871	1.06092421866708	0.718845204166341
STAU1	0.135705851	0.191338902	0.087068126	1.868374619	25.88092023	1.06014080292326	0.718196722569014
CTSF	-0.293241562	0.191367584	0.087128329	-1.86797026	18.06641713	1.05984061504934	0.718131626027362
PTRH1	-0.22346905	0.191367584	0.087154423	-1.867795073	20.9144892	1.05971056798312	0.718131626027362
SUGP2	-0.108023189	0.191367584	0.087162335	-1.867741967	25.40108872	1.05967114391417	0.718131626027362
ARL6IP5	0.172227311	0.191382835	0.087221788	1.867343035	24.9421522	1.05937501476676	0.718097016397597
NBL1	0.343383648	0.191382835	0.08722339	1.867332287	18.51216848	1.05936703816611	0.718097016397597
OAS3	-0.540263782	0.191623661	0.087360235	-1.866415006	18.64392667	1.0586862063808	0.717550866826899
CHTOP	0.233185914	0.191640039	0.087394793	1.866183572	22.63999001	1.05851444195064	0.717513749432119
ARID4B	-0.52626931	0.191780318	0.087485876	-1.86611689	20.3522141	1.0580620552106	0.717195965583489
METTL16	-0.495373376	0.191909984	0.087599285	-1.865041757	20.56731164	1.05749943860157	0.716902430770956
MRPL4	0.212420883	0.191909984	0.087592515	1.864861027	23.14600218	1.05753300379862	0.716902430770956
SF3B1	-0.135147299	0.192264864	0.087788452	-1.863553097	27.80270902	1.05656260895179	0.716100074914615
CDCA8	-0.430227902	0.192837054	0.088076975	-1.862172135	21.44799977	1.05513760960587	0.714809511918945
TRIM11	0.242733525	0.193015633	0.088185825	1.860908703	18.98368044	1.05460121780494	0.714407514563818
KNOP1	-0.514397987	0.193026246	0.088217961	-1.862732354	21.39672756	1.0544429843799	0.714383635458528
NUCB1	0.155651788	0.19326077	0.088359577	1.859755852	24.70549595	1.05374637187491	0.713856294453682
PRKACB	-0.171598646	0.19326077	0.088379784	-1.859621911	23.79334739	1.0536470641872	0.713856294453682
RIOK3	0.249600298	0.19331736	0.088432991	1.859269366	22.92075569	1.05338568593332	0.713729144348701
TARDBP	0.190251972	0.19342565	0.088538303	1.858572151	24.47637401	1.05286880633276	0.713485935036789
ACTL6A	-0.090668903	0.19342565	0.088561532	-1.85841846	25.14840429	1.05275487933133	0.713485935036789
NLRX1	-0.616644695	0.19342565	0.088591901	-1.858441649	18.68397528	1.05260597914885	0.713485935036789
PLLP	-0.37693839	0.19342565	0.088568486	-1.858372465	18.0338638	1.05272077913913	0.713485935036789
RHOT2	-0.149650609	0.193455004	0.088632693	-1.857947886	23.71411016	1.05240605496882	0.713420032127897
RRAGB	0.17123527	0.19442335	0.089103831	1.85484096	21.79824998	1.05010362316411	0.711251578055933
DSN1	-0.290451874	0.194519556	0.08917542	-1.85437018	18.87179791	1.04975483653682	0.711036730400231
COMT	-0.147098603	0.194594265	0.089237178	-1.853964323	25.33011428	1.04945417212202	0.710869963222628
HNRNPC	-0.196053894	0.194620336	0.089276645	-1.854785047	26.91291431	1.04926213880708	0.710811781995996
SNX11	0.276375459	0.194667267	0.089325692	1.853383078	19.81319878	1.04902361066297	0.710707068286791
TARS1	-0.079075718	0.195394145	0.089686852	-1.851016889	28.10996014	1.04727121941271	0.709088454088529
PSMB6	-0.200438705	0.195866809	0.089931495	-1.849950679	25.41543023	1.04608818691731	0.708039152006351
NECAP1	-0.230296872	0.196411106	0.090209172	-1.847610136	21.26380095	1.0447493034062	0.70683395881919
TECR	-0.175991601	0.196457729	0.090258357	-1.847290258	24.71569295	1.0445125763369	0.706730880590932
RPS8	-0.095420567	0.196476277	0.090294653	-1.847054307	26.63815478	1.04433796664496	0.706689879843054
CCNL2	0.383113172	0.196493896	0.090330527	1.846821185	18.721993	1.0441654560299	0.706650936253909
DHX57	-0.242700994	0.196864326	0.090528648	-1.846445812	24.66698536	1.04321396555156	0.705832975710619
TMEM59	0.746157118	0.19746371	0.09083219	1.845562309	18.27919364	1.04176021467378	0.70451270760664
GATAD2A	-0.299311694	0.197554081	0.090912718	-1.843049639	22.14442496	1.04137535802264	0.704313994393195
NCAM1	-0.113895071	0.197554081	0.090960096	-1.842743684	25.55352831	1.04114908996227	0.704313994393195
USP13	-0.280682396	0.197554081	0.090967096	-1.842698491	21.48624563	1.04111566932469	0.704313994393195
NRDC	-0.177414583	0.197554081	0.090985467	-1.842579898	23.99326899	1.04102797147837	0.704313994393195
FAM136A	0.144969783	0.197600607	0.091034829	1.84226137	24.62544124	1.04079241923269	0.704211725657573
NCL	-0.096633222	0.197621728	0.091072495	-1.842018411	29.83089421	1.04061276543481	0.704165307563509
MRM3	-0.236910428	0.197781317	0.091201959	-1.843170172	25.584343	1.03999583301202	0.703814735524612
CDC42EP2	0.559588851	0.197781317	0.091196819	1.841217144	18.93700218	1.04002030986062	0.703814735524612
NSF	0.120323498	0.197817579	0.091246644	1.840896303	26.14541424	1.03978309968337	0.703735117574683
UBE2I	0.119360495	0.197890293	0.091308159	1.840500405	24.25615963	1.03949041358991	0.703575508471366
PRDX4	-0.125521019	0.197897457	0.09133944	-1.84029918	25.41869905	1.03934165537031	0.703559786480634
CD81	-0.325941488	0.198002063	0.091415711	-1.839808803	21.66497318	1.03897915859611	0.703330284764486
AKAP13	-0.123681251	0.198114474	0.091495616	-1.83929546	24.24374849	1.03859971459608	0.703083794281228
USP14	-0.092221241	0.198134436	0.091532844	-1.839056431	26.84616607	1.03842304354509	0.703040037005252
RPL10	-0.117200442	0.198359378	0.091664802	-1.838209884	27.05353982	1.03779739531864	0.702547262205848
HMGCR	-0.644420155	0.198552741	0.091783533	-1.837972606	17.78253132	1.03723522913348	0.702124113168428
HDAC3	-0.21790821	0.198552741	0.091830844	-1.837146251	20.73879113	1.03701142414583	0.702124113168428
USP24	-0.136204599	0.198552741	0.091838361	-1.837098136	24.10411757	1.03697587554505	0.702124113168428
TSPYL1	0.414854546	0.19878915	0.091975811	1.836219045	20.48038885	1.03632637407284	0.701607323277339
PCDHGC3	0.614258332	0.198966708	0.09208609	1.83748609	20.63188097	1.03580596689851	0.701219585607666
ESRP2	-0.658550053	0.198986843	0.092123539	-1.83585884	18.59423016	1.03562938661478	0.70117563817019
TJP3	-0.354287126	0.199038434	0.09217556	-1.834943635	20.32091196	1.03538421521714	0.70106305392976
IGF2R	-0.124649422	0.199181684	0.092270056	-1.834341142	24.49095739	1.03493921580927	0.700750600166608
NKAP	0.213881459	0.200397434	0.092873305	1.8305081	19.21858789	1.03210909932412	0.698107843716844
NDUFS1	0.091913188	0.200397434	0.092889905	1.830402945	24.97021997	1.03203148128103	0.698107843716844
SMG8	-0.221433711	0.200961752	0.093201554	-1.828431894	22.2832833	1.03057684635848	0.69688659171372
PLEKHA4	-0.380539322	0.200961752	0.093232843	-1.828234337	19.74548128	1.03043107239841	0.69688659171372
UBXN1	0.158104232	0.200961752	0.093241388	1.828180396	24.89749998	1.03039127015517	0.69688659171372
CAPN6	0.378689263	0.200961752	0.093265116	1.828030625	19.36574892	1.03028076527409	0.69688659171372
NIF3L1	0.106689066	0.201079329	0.093348108	1.82750707	24.42647538	1.02989448000185	0.696632572678514
PFN2	0.087309191	0.201412077	0.093531053	1.826354448	25.82193018	1.02904417621252	0.695914491988924
AGA	0.598057127	0.20158655	0.093662763	1.827471784	20.96431372	1.02843303491659	0.695538447700936
CBR1	-0.09381893	0.20158655	0.093669068	-1.825486256	27.32493999	1.02840380094503	0.695538447700936
UHRF1BP1	-0.246738956	0.201588083	0.093720365	-1.825163869	20.2589935	1.02816602868394	0.695535145045529
CUL1	-0.138523843	0.201588083	0.093726775	-1.825123596	24.82224152	1.02813632614881	0.695535145045529
ILK	-0.429177739	0.202268054	0.094071515	-1.828630909	23.26804146	1.02654186170652	0.694072703818821
KDELR2	-0.338902327	0.20262343	0.094265438	-1.821748052	22.17020883	1.02564751020263	0.693310337201927
GCN1	0.133936501	0.202708597	0.094361722	1.821146526	30.75569132	1.02520414230664	0.693127832212334
PMS1	-0.318076493	0.202708597	0.094362371	-1.821142477	19.14633718	1.02520115533117	0.693127832212334
EXOC7	-0.118680531	0.202865005	0.094486237	-1.820369461	24.20869038	1.02463144683737	0.692792863987785
EIF4G2	0.076886181	0.202865005	0.094511684	1.820210771	27.21969295	1.02451449854832	0.692792863987785
NCKIPSD	-0.137651259	0.202865005	0.094521213	-1.820151355	22.3682657	1.02447071366021	0.692792863987785
MTHFD1	-0.067587574	0.202943461	0.094586456	-1.819744695	27.78537417	1.02417104653241	0.692624937435475
RHPN2	-0.19768141	0.202984078	0.094634081	-1.819448009	23.66513578	1.0239524309903	0.692538026657883
CCT3	0.080659158	0.203014373	0.094676904	1.819181358	28.03503152	1.02375595223958	0.69247321384236
MBOAT1	-0.359582774	0.203030643	0.094733204	-1.818830946	18.25340477	1.02349777404297	0.692438409961283
MRPS7	0.148262153	0.203030643	0.094741893	1.818776884	24.00148164	1.02345794205644	0.692438409961283
NUBP2	0.253942415	0.20317886	0.094839779	1.8187385	23.95795202	1.02300946670558	0.692121480753052
MOCS2	0.298000893	0.203337324	0.094942491	1.817530009	20.26723281	1.02253937791192	0.691782896229361
RPL10A	-0.099092199	0.203369078	0.094986066	-1.817259469	28.14530172	1.02234009895483	0.691715080296597
RHOF	-0.319536774	0.203408981	0.095053202	-1.816842874	21.13531964	1.02203324873532	0.691629875834933
FAM114A2	-0.35260022	0.203408981	0.095062212	-1.816786984	21.64483527	1.02199208433731	0.691629875834933
HSPBP1	-0.108469158	0.203540537	0.095152468	-1.816227395	23.85033276	1.02157994279597	0.691349084020103
ANAPC16	-0.369896744	0.203592871	0.095205714	-1.815897491	18.37721563	1.02133698560502	0.691237433307612
NBEA	0.395478038	0.203818373	0.095398359	1.815273046	21.86975634	1.02045909577153	0.690756669530463
LTA4H	-0.098430984	0.203818373	0.095386103	-1.814781067	26.81197983	1.02051489395469	0.690756669530463
FANCG	-0.384605117	0.203818373	0.095398724	-1.814703026	18.69657104	1.02045743413726	0.690756669530463
MPST	-0.17285084	0.203818373	0.095426414	-1.814531847	23.22766748	1.02033139608573	0.690756669530463
RABGEF1	-0.798582347	0.204014913	0.095549499	-1.816949567	19.32148804	1.0197715857634	0.690338085530524
KLC2	0.184465307	0.204014913	0.095576113	1.813607171	24.03414423	1.0196506358468	0.690338085530524
BEND3	-0.708371992	0.204140766	0.09566393	-1.813938012	17.56722779	1.01925178170935	0.690070259953298
KPNB1	-0.074829594	0.204459402	0.095842151	-1.811967111	28.41904715	1.01844344790815	0.689392913758047
BMP7	-0.275193701	0.205222565	0.096228901	-1.80959023	21.04511098	1.01669447411819	0.687774888607986
OSBPL10	-0.398311812	0.205331642	0.096309074	-1.814677562	23.62729494	1.0163327928082	0.687544119859258
CCN2	0.265973494	0.205360682	0.096351725	1.809705002	23.9339487	1.0161405056969	0.687482702048218
FAM234B	-0.359633055	0.205522191	0.096456556	-1.80819516	19.45801955	1.01566824870584	0.68714127885587
MSRB2	-1.504571945	0.205568946	0.0965455	-1.823854578	18.66658006	1.01526796394273	0.687042490841431
LMNB1	-0.173918034	0.205568946	0.096593768	-1.807918032	27.11300681	1.01505089232693	0.687042490841431
MAP1S	-0.249236573	0.205568946	0.096594738	-1.807912101	23.86146125	1.01504653113945	0.687042490841431
POMGNT2	-0.205114871	0.205568946	0.096545141	-1.807653111	20.92639804	1.01526957884978	0.687042490841431
NRCAM	1.462214389	0.206226075	0.096976228	1.82116889	18.55104873	1.01333471226673	0.685656423860097
ALAD	0.165311654	0.206226075	0.096936122	1.805266092	21.80540937	1.01351435853207	0.685656423860097
PTK2B	0.23003222	0.206226075	0.096990974	1.804931902	22.42610027	1.01326867938719	0.685656423860097
ATP9A	-0.309121158	0.206782859	0.097282069	-1.803161264	20.61484244	1.01196720137595	0.684485464370388
KL	0.500464667	0.207095942	0.097458636	1.802089592	17.64276626	1.01117967115931	0.683828410929213
CHCHD6	-0.398238247	0.207810044	0.097824066	-1.801270138	22.25342926	1.00955428994384	0.682333465689526
COQ6	-0.237992634	0.208001865	0.097943768	-1.79915411	21.50105102	1.00902319222989	0.681932771020038
CPTP	0.945845865	0.208248779	0.098112559	1.814135646	23.3508188	1.00827539674552	0.681417536260272
ERGIC3	0.151644787	0.208248779	0.098125242	1.798059406	26.10478676	1.0082192591727	0.681417536260272
GTF2H3	0.212996294	0.208248779	0.09814835	1.797920141	21.00311939	1.00811699705143	0.681417536260272
NUDT9	-0.178611981	0.208598983	0.098355332	-1.796674061	23.24070585	1.00720209130734	0.680687813256395
EXTL3	-0.266906996	0.208598983	0.098394118	-1.796440827	17.49699181	1.00703086291516	0.680687813256395
STK26	0.339621906	0.208598983	0.098401867	1.79639424	22.10938822	1.00699666152693	0.680687813256395
FUS	0.187444033	0.208606971	0.098435124	1.796748347	26.29039511	1.00684990728477	0.680671182888162
DNAJB11	0.090234772	0.208912179	0.098608675	1.795152104	26.17533701	1.00608487675347	0.680036241119178
RPL12	-0.109724931	0.208949142	0.098655659	-1.794870233	27.50860856	1.00587799807541	0.679959407843784
LRCH2	0.383552221	0.209014909	0.098716258	1.794506863	19.77162745	1.00561131563612	0.679822734628187
PIGS	0.168931449	0.209121574	0.098809064	1.793950764	23.22701536	1.00520321467727	0.679601160937297
DAD1	-0.124991049	0.209121574	0.098825759	-1.793850773	24.16252473	1.00512984151071	0.679601160937297
CEP43	0.301508495	0.209184681	0.098885153	1.793495181	20.7018313	1.0048689101643	0.679470122867702
TSR2	-0.496705315	0.209325667	0.09898139	-1.794783225	21.31184656	1.00444645166559	0.679177516271787
FBXL6	-0.27191007	0.209714949	0.099195111	-1.791642585	19.26143315	1.0035097322616	0.67837061084695
HMCES	0.129426533	0.210182252	0.099445858	1.790147713	23.02840378	1.00241330087746	0.677403959020837
BAG6	-0.132039567	0.210495935	0.09962403	-1.789087569	24.64276333	1.00163589412982	0.676756286641212
BOD1L1	-0.23994438	0.210538571	0.099673971	-1.788790723	22.1113439	1.00141823915018	0.676668329101723
RNF40	-0.202713177	0.210833101	0.099843213	-1.787785759	23.04160718	1.00068145164284	0.67606120345429
ZC3HAV1L	-0.599366057	0.210955305	0.099930906	-1.789115446	20.89062079	1.00030017514278	0.67580954872127
CDK11B	-0.092129741	0.211297306	0.100122783	-1.786129017	25.78455916	0.999467087302474	0.675106040083478
ZNF35	0.289534369	0.211738243	0.100361652	1.784716776	19.49139579	0.998432198607136	0.674200695008964
ENTPD2	-2.022464546	0.211740943	0.100392864	-1.800243748	19.62653081	0.998297156071122	0.674195157097586
VEZT	-0.219671905	0.211759884	0.10043178	-1.784302743	19.77355933	0.998128840032486	0.674156309608926
SLC25A11	-0.149561479	0.211932094	0.100543413	-1.783644199	24.41680642	0.997646376498946	0.673803270794266
NDE1	-0.308178584	0.212457846	0.100822871	-1.781998515	18.2739519	0.996440939890283	0.672727225922616
GNG7	-1.051270665	0.212876404	0.101116651	-1.789428439	18.56964731	0.995177322727686	0.671872474684343
LTN1	-0.173279344	0.212876404	0.101130411	-1.780677531	26.61159685	0.995118227757197	0.671872474684343
GAA	-0.188830572	0.212876404	0.101146173	-1.780099764	22.99333526	0.99505054469174	0.671872474684343
SFPQ	-0.11637433	0.212876404	0.101170916	-1.779954674	28.30747231	0.994944317892289	0.671872474684343
REL	0.210966902	0.212876404	0.101171964	1.779948532	19.67623055	0.994939819185767	0.671872474684343
TJP1	-0.129674275	0.213066568	0.101292461	-1.779242412	25.16264715	0.99442287712679	0.671484689526363
TBC1D17	-0.185589645	0.213209064	0.101390344	-1.778669372	21.41241669	0.994003403456322	0.67119433641137
SNAP47	-0.891574931	0.213209561	0.101450589	-1.782415532	17.45514751	0.993745427204245	0.671193324052411
IPO7	-0.096228987	0.213209561	0.10145086	-1.778315338	27.14872901	0.993744267096171	0.671193324052411
GMDS	-0.103258439	0.21336086	0.101553013	-1.77771815	24.59664532	0.993307186883869	0.670885246790894
CCDC14	-1.220531014	0.213650325	0.101720992	-1.789284905	18.36113801	0.992589413163795	0.670296442207425
POMT2	-0.648437629	0.213718435	0.101861407	-1.776495264	18.78962856	0.991990329258252	0.670158014693851
CBWD2	-0.357757359	0.213718435	0.101825131	-1.776129984	21.63228225	0.992145022513356	0.670158014693851
UQCC1	-0.355583648	0.213718435	0.101847343	-1.776000517	19.63223968	0.99205029641826	0.670158014693851
PROCR	0.287759663	0.213718435	0.101874267	1.775843622	19.6638953	0.991935503051972	0.670158014693851
CCT6A	0.094617566	0.213760335	0.101924457	1.775551237	28.21114193	0.991721593562652	0.670072878588262
ZBTB25	0.208123277	0.214033399	0.102084915	1.774617368	22.06751518	0.991038428493678	0.669518451559125
HSP90AB4P	-0.189279032	0.214097347	0.102145681	-1.774264052	23.88505237	0.99077999180708	0.669388714258103
CCNY	0.302192119	0.214323338	0.102283798	1.773461689	19.69271752	0.990193154132032	0.668930535384863
CHUK	-0.653934557	0.214433824	0.10236684	-1.774794498	20.10259261	0.989840702903948	0.668706709567163
EMC8	-0.1386963	0.214514947	0.102441608	-1.772546122	22.99721986	0.989523613139512	0.668542441598318
BRAF	-0.234768113	0.214514947	0.102466456	-1.772402078	21.75323687	0.989418284445964	0.668542441598318
Uncharacterized protein FLJ45252 OS=Homo sapiens OX=9606	0.362667405	0.214514947	0.10249654	1.772227722	20.11776901	0.989290794942567	0.668542441598318
PBRM1	-0.187187498	0.214574379	0.102555269	-1.771887478	23.89366351	0.989042021898823	0.668422135693465
ERG28	-0.185184165	0.214615138	0.102605088	-1.771598994	22.19046737	0.988831102815472	0.668339648083027
PPP1R2	0.164629711	0.215009872	0.102824201	1.770331689	23.61852658	0.987904656510149	0.667541599355564
LIMD2	0.424404902	0.215022222	0.102860503	1.770121958	17.75138896	0.987751356258461	0.667516654534338
RAP1B	0.083895594	0.215123002	0.102939124	1.769667967	25.63201815	0.987419531865769	0.66731315024674
RABGGTB	-0.198866379	0.215185585	0.10299949	-1.769319599	22.20343418	0.987164925690305	0.667186824848764
ARHGEF10	-0.24138555	0.215893052	0.103368641	-1.767193235	21.97105462	0.985611193410906	0.665761334166996
CYFIP2	-0.209678555	0.216076143	0.103486849	-1.766513784	20.50503491	0.985114836386927	0.665393180990019
SLC7A8	-0.440519698	0.216221551	0.103587056	-1.765938348	18.6179322	0.984694509638898	0.665101021696631
CMTR1	-0.372005583	0.216309562	0.103659799	-1.765996791	21.8374958	0.984389637607963	0.664924282077096
SDHA	-0.095931251	0.216434509	0.103750271	-1.765002162	25.86135064	0.984010760219235	0.664673492764083
NISCH	-0.353531024	0.216633797	0.103876426	-1.764279456	18.4233936	0.983483001237384	0.66427378822039
TUT7	-0.231154892	0.216800238	0.103986882	-1.76364733	20.5763739	0.983021443723749	0.66394024537152
DPH3	0.392356392	0.217185101	0.104202182	1.762416936	18.37166183	0.982123186788531	0.663169970866903
ALG11	-1.318372336	0.217260386	0.104269015	-1.776452201	18.95935892	0.981844729097291	0.663019453200702
NDUFB1	0.229809112	0.21743037	0.104381331	1.761394871	22.33743519	0.981377169616313	0.662679795106041
CACUL1	-0.508239151	0.217561741	0.104493338	-1.761321721	20.63026268	0.98091139722821	0.66241747447689
B4GALT1	0.216823797	0.217561741	0.104533218	1.76052958	22.94990795	0.980745679871718	0.66241747447689
LY75	0.277686123	0.217561741	0.104546859	1.760451923	17.32397041	0.980689010569496	0.66241747447689
VPS35L	-0.169498888	0.217561741	0.104567419	-1.760334893	22.9295071	0.980603611383347	0.66241747447689
LGALS3	-0.115230713	0.217572946	0.104603561	-1.760129218	27.12281063	0.980453530609034	0.662395107748536
H2BC18	0.357603099	0.21781246	0.104832425	1.774003849	28.04163789	0.979504367919584	0.661917279977562
PRPF40A	-0.163517849	0.21781246	0.104771845	-1.759172405	24.77229755	0.979755408229462	0.661917279977562
PSMD4	-0.111593581	0.21781246	0.104847292	-1.758743885	25.50385333	0.97944278202882	0.661917279977562
EPHX4	0.253793238	0.21781246	0.104853232	1.758710161	20.34122213	0.979418178282735	0.661917279977562
MDH1	0.110133478	0.21781246	0.104872666	1.758599831	27.54953622	0.97933769152296	0.661917279977562
GATD3B	-0.119799814	0.217871329	0.104931809	-1.758264176	25.68330334	0.979092839936991	0.661799917419412
ARMCX2	-0.583387624	0.218227653	0.105134272	-1.757116434	17.26896119	0.97825568821314	0.661090218072272
IFT81	0.152669462	0.218338768	0.105222361	1.756617688	21.28586949	0.977891957644657	0.660869144576568
NUBP1	-0.183198878	0.218338768	0.105249533	-1.756463914	22.11642021	0.977779822484912	0.660869144576568
NFIL3	-0.515938061	0.218390118	0.105336031	-1.76027689	22.15743618	0.97742304963216	0.660767017044072
TOMM22	-0.307632331	0.218390118	0.105313259	-1.758509341	24.01293707	0.977516947446678	0.660767017044072
CTTNBP2NL	-0.21954291	0.218691963	0.105512535	-1.754977408	22.26789899	0.976695942660616	0.66016717713103
BCL2L12	-0.919254426	0.218784095	0.105628631	-1.764983906	20.24747069	0.976218348847837	0.659984253201518
MKI67	0.169621608	0.218784095	0.105646214	1.754223115	25.89915251	0.976146061965857	0.659984253201518
PAFAH1B3	-0.113974073	0.218784095	0.105649769	-1.754203064	24.72597166	0.976131448182278	0.659984253201518
ATM	0.311845826	0.218865779	0.105748571	1.753646137	19.64341088	0.975725492614932	0.659822137716153
P3H2	-0.140439826	0.218865779	0.105751093	-1.753631927	23.95363514	0.97571513523977	0.659822137716153
PRKCA	0.204472655	0.219491046	0.106084236	1.751757538	23.43064164	0.974349146983275	0.658583191832374
NCOA2	-0.159835222	0.219564237	0.106150649	-1.751384504	22.83197985	0.974077346234138	0.658438397092622
SLC35A4	-0.285458043	0.21968832	0.106241694	-1.750873457	22.46003497	0.97370501319267	0.658193032266521
HAUS5	-0.225268975	0.219840451	0.106346342	-1.750286537	19.93796552	0.973277443951538	0.657892393669805
OSTF1	0.244881186	0.219965258	0.106437811	1.749773955	22.68271588	0.972904065729034	0.657645907588571
EPHA3	-0.215573248	0.220214732	0.106589658	-1.750680605	25.73783063	0.972284931251476	0.657153630812523
HIKESHI	0.193732287	0.220330457	0.106676819	1.748436454	21.84006713	0.971929943032256	0.656925464752245
RPS29	-0.201572732	0.220793241	0.106932095	-1.747529446	25.0392355	0.970891924450873	0.656014225514091
LRRCC1	-0.372876556	0.220880957	0.107005801	-1.746599832	18.95992088	0.970592677697978	0.655841724718491
NFATC1	0.695521536	0.220983305	0.107086623	1.747347718	17.52251899	0.970264776788379	0.655640535456306
BUD31	-0.415130583	0.220997995	0.107124982	-1.74768531	22.06462462	0.970109238042387	0.655611666425234
GBA	0.135491584	0.221107603	0.107209369	1.745465902	23.7032235	0.969767260098422	0.655396323526329
VTCN1	-0.782581805	0.221570776	0.107527915	-1.751793195	20.65711565	0.968478775221163	0.654487521285188
TSKU	0.318281629	0.221570776	0.107480575	1.743958202	19.89448678	0.968670018842338	0.654487521285188
DVL1	-0.27857594	0.221570776	0.107523424	-1.743720307	18.91689949	0.968496914299279	0.654487521285188
PHF6	-0.157198964	0.221730609	0.107636826	-1.743091111	23.58491198	0.968039117216433	0.654174350177301
COPS3	-0.147003655	0.221732873	0.107686122	-1.74281779	24.69634342	0.967840262599656	0.65416991579771
EDF1	-0.148207027	0.221732873	0.107700615	-1.74273745	26.08825957	0.967781816754537	0.65416991579771
FAM83D	0.356096815	0.22189288	0.107809702	1.742133081	21.0362999	0.967342154404696	0.653856632992511
RLF	0.60478319	0.222689975	0.108228461	1.740331636	19.15523402	0.965658517141804	0.652299333483154
RIF1	-0.112215507	0.223038018	0.108429141	-1.738711567	24.77106624	0.964853982791304	0.651621102869601
DHX33	-0.389978799	0.223199059	0.108538982	-1.738106681	19.50639845	0.964414256036954	0.651307640702062
MFAP3	0.391282438	0.223464318	0.108705201	1.73719237	16.69629619	0.963749676598487	0.650791813618624
DNAJA1	0.105417104	0.223464318	0.108731154	1.737049726	26.72565711	0.963646002631525	0.650791813618624
TMTC3	0.530544695	0.223868771	0.10901524	1.737215126	20.75902339	0.962512784763512	0.650006484930574
BCL10	0.227512753	0.223868771	0.108962089	1.735781777	21.41532739	0.962724579142047	0.650006484930574
ARL6IP1	-0.150625084	0.223868771	0.109022889	-1.735448355	24.01280512	0.962482313776546	0.650006484930574
RFX1	-0.215040333	0.224537682	0.109380386	-1.733491226	20.85496776	0.961060548346878	0.648710765077616
ACOT9	-0.092723057	0.224876846	0.109577394	-1.732415145	25.8650863	0.960279032290411	0.648055258535451
PRPF19	0.112265231	0.224935108	0.109637581	1.732086742	26.56492966	0.960040555127625	0.647942754343327
RPS28	0.150569247	0.225593937	0.109990598	1.73016379	25.56642817	0.958644436762061	0.646672576509737
OGFOD1	-0.5029646	0.225935895	0.110221201	-1.732001105	21.85751387	0.957734861094697	0.646014766149001
SGTA	-0.119517035	0.225935895	0.110216522	-1.728936029	23.94242269	0.957753297720275	0.646014766149001
ARID2	-0.143446788	0.226687237	0.110659501	-1.726535222	24.05432258	0.956011292493772	0.644572930938804
CHD4	0.117235298	0.226687237	0.110663708	1.726512464	27.15489092	0.955994782007648	0.644572930938804
AKR1A1	-0.111155614	0.226687237	0.110683873	-1.726403382	25.69326273	0.955915652629208	0.644572930938804
HDAC5	-0.230231245	0.226809339	0.110775554	-1.725907672	21.51711154	0.955556069339308	0.644339067095428
PSEN1	0.2384511	0.227025832	0.110977364	1.724817791	21.40857438	0.954765595018791	0.64392472405456
NEURL4	-0.204481099	0.227025832	0.110979775	-1.724804779	23.20187623	0.954756160008044	0.64392472405456
RNF126	0.298130933	0.227025832	0.111016971	1.7246041	21.76948108	0.954610626183868	0.64392472405456
KDM3A	0.506750322	0.227025832	0.111019363	1.724591199	17.75976957	0.954601268864892	0.64392472405456
MTCH1	-0.18291895	0.227025832	0.111041755	-1.724470416	24.35290506	0.954513682869114	0.64392472405456
NBN	0.212601586	0.227071891	0.111114683	1.724077209	22.70039329	0.954228548399017	0.64383662332823
STAG2	-0.128474523	0.227071891	0.111128483	-1.72400283	24.32433492	0.95417461410744	0.64383662332823
IFIT5	-0.691119319	0.227257067	0.111251233	-1.725037925	19.09577622	0.953695167024525	0.643482602665368
PPM1G	0.096691628	0.227626035	0.111464035	1.722196775	25.74345374	0.952865239527477	0.642778066485253
C2orf49	0.2078028	0.227767403	0.111565458	1.721651839	21.89378479	0.952470247352389	0.6425084299944
STAMBP	0.150115248	0.227801739	0.11161448	1.721388611	23.74728352	0.952279459733887	0.642442964913541
FDXR	0.136770169	0.228048015	0.111767383	1.720568233	24.24696201	0.951684917825734	0.641973703639217
H1-2	-0.175428463	0.228252176	0.11189971	-1.721547298	29.26787827	0.951171038990532	0.641585073507626
TPGS1	0.226064864	0.22861499	0.112109896	1.718734166	18.55207241	0.950356050308651	0.640895296859152
NPC2	-0.102123598	0.228687498	0.11217778	-1.718371256	25.55204361	0.950093158935968	0.640757576967465
PLK2	-0.131405912	0.228996045	0.112361503	-1.717390058	23.77719924	0.949382460105556	0.640172018312988
ROCK2	-0.113647327	0.229000894	0.112396255	-1.717204622	23.7158248	0.949248159051037	0.640162822208108
CENPK	0.291826067	0.229331077	0.112590731	1.716167837	18.29934311	0.94849736118313	0.63953708938213
DENND11	-0.349073008	0.229638238	0.112773995	-1.715192287	18.39667427	0.94779103448429	0.638955794106338
RANBP1	-0.148439305	0.229934371	0.112951928	-1.714246467	27.13729254	0.947106351617324	0.638396104764151
PMS2	-0.598877286	0.230040473	0.113036568	-1.714240453	18.00089533	0.946781036945846	0.638195748094488
DDX39B	-0.123207128	0.230158996	0.113127344	-1.713315329	27.64899495	0.94643240910635	0.637972045593794
TMEM129	-0.221800639	0.230408401	0.113282502	-1.712492794	18.67036152	0.945837167556901	0.637501689999577
CDK13	0.623032925	0.231334879	0.113770716	1.710404027	17.34026787	0.943969508733796	0.635758882511515
ISY1	-0.236494598	0.231361457	0.113816493	-1.709669616	22.23878327	0.943794800332094	0.635708989405153
SCD	-1.017608401	0.231851488	0.11412311	-1.716350191	18.53176657	0.942626401776309	0.634790112500049
SEPTIN7	0.148148638	0.231851488	0.11409888	1.708181419	25.48605054	0.942718618616028	0.634790112500049
ZNF106	-0.886802748	0.231947973	0.114203391	-1.711657892	18.04767299	0.942321000549682	0.634609418440593
DYNC1I2	0.119119531	0.232331516	0.114425078	1.70646642	25.88003239	0.941478782855585	0.633891873727501
CNP	0.145221192	0.232343188	0.114463671	1.7062638	25.02102545	0.941332329810845	0.633870055947664
ZNF318	-0.334962005	0.232793919	0.114718632	-1.704926763	18.63381209	0.940366040532565	0.63302836843468
RAVER1	-0.794756821	0.232799736	0.114754408	-1.718827458	23.64177541	0.940230623147495	0.633017516521325
MROH1	-0.373660084	0.233032532	0.114902102	-1.703966264	18.69839239	0.939672026327809	0.632583446004658
POLR1H	-0.278327717	0.233138512	0.114987315	-1.703520622	18.50109047	0.939350066858215	0.632385979728803
HEXIM1	-0.090296971	0.233155347	0.115028578	-1.703304936	25.32595454	0.939194248986977	0.632354620329725
ZFHX4	0.439618789	0.233713996	0.115337229	1.701693742	19.91001803	0.938030486811592	0.631315279034549
TXLNA	-0.102231868	0.233742208	0.115384194	-1.701448917	25.04020031	0.9378536792975	0.63126285779879
PPIL3	0.157682673	0.233883645	0.115487076	1.700912913	23.07457876	0.937466614351352	0.631000146444762
SUCLG2	0.102615245	0.233952362	0.115584196	1.700407312	25.36817876	0.937101543590274	0.630872565781107
TOM1	0.288049342	0.233952362	0.115587208	1.700391638	21.76314992	0.937090226490002	0.630872565781107
TOPORS	0.316233136	0.233952362	0.115620223	1.700219855	17.46126732	0.936966197324023	0.630872565781107
MRPL17	0.162980873	0.234644722	0.11599556	1.698269966	24.05472305	0.935558634086906	0.629589210179615
ATL1	0.369803835	0.234752716	0.116082132	1.697821019	18.05896628	0.935234624111563	0.62938937441014
PHB	-0.159297142	0.234798966	0.116138194	-1.698014914	27.68870303	0.935024931720403	0.629303819952034
FABP6	-0.282303773	0.235317136	0.11642776	-1.696031611	17.99042467	0.933943458024284	0.628346445967768
DYNC1LI1	0.118542867	0.235353339	0.116478943	1.695767028	26.01790113	0.933752579062547	0.628279635900027
PARP6	-0.278975862	0.235783642	0.116766049	-1.694284768	22.65606322	0.932683414717995	0.627486328314566
HNRNPR	0.162095876	0.235783642	0.116776448	1.694231144	24.84435138	0.932644738859183	0.627486328314566
NDUFB5	0.160287983	0.235783642	0.116821397	1.693999396	21.53535489	0.932477604586964	0.627486328314566
SNX24	0.414764592	0.235783642	0.116855634	1.693822929	19.96974044	0.932350343980992	0.627486328314566
MRPL11	-0.190666187	0.235783642	0.116858559	-1.693807851	23.64962865	0.932339473341573	0.627486328314566
INA	0.68105756	0.235836507	0.116918099	1.701056797	21.26428587	0.932118254557518	0.627388966155928
MTMR12	-0.159950761	0.235961194	0.117013269	-1.693011026	21.0587662	0.931764887598	0.627159414900333
ENO2	-0.154908254	0.235993109	0.117103592	-1.692546258	23.882575	0.931429783306343	0.62710067824586
FNBP1L	0.141880628	0.235993109	0.117160495	1.692253614	23.90503288	0.931218802103836	0.62710067824586
NEO1	-0.334179737	0.235993109	0.117160712	-1.692252499	17.72901521	0.931217997721648	0.62710067824586
DNMT3B	-0.131138017	0.235993109	0.11717585	-1.692174672	24.46653396	0.931161887400492	0.62710067824586
EARS2	0.155335656	0.235993109	0.117195899	1.692071603	24.53265667	0.931087585185092	0.62710067824586
GNB1L	0.416451406	0.236057564	0.117261278	1.693359306	22.28688756	0.930845376863457	0.626982078897925
EVI5	-0.260571869	0.236435192	0.117482287	-1.69060108	17.42329735	0.930027607758596	0.626287880777641
ZBTB21	-0.357000229	0.236571656	0.117583537	-1.69008195	17.155982	0.929653480050333	0.626037290055442
TRIM32	-0.315706096	0.236753291	0.117707284	-1.689448015	20.4916313	0.929196661174196	0.625703975352329
COPG2	-0.114909216	0.23678835	0.117758187	-1.689187418	27.05437512	0.929008889334335	0.625639668736182
BPGM	0.189047673	0.236948356	0.117871256	1.688608922	21.23300901	0.928592088734901	0.625346300185112
NOP14	-0.320634265	0.237204442	0.118032179	-1.687786437	22.03457554	0.927999575262159	0.624877182432456
STXBP5	0.393939949	0.23748562	0.118205664	1.686900865	18.91503484	0.92736171309088	0.624362682223204
RAB10	0.089761338	0.237715202	0.11835354	1.686146927	26.0674341	0.926818747625278	0.623943044045466
ARHGEF5	-0.221868055	0.237919616	0.118488947	-1.685457295	21.95857332	0.926322160040313	0.623569749768723
ZNF638	-0.104695141	0.237920727	0.118523133	-1.685283294	24.42295094	0.926196877048313	0.623567721772668
PPAN	0.18396203	0.237957149	0.118574915	1.685019816	21.65026091	0.926007177998412	0.623501243062694
ECT2	-0.117964766	0.238010042	0.118634918	-1.684714641	24.22658308	0.925787465585786	0.623404719022549
GOT1	-0.074531651	0.238401318	0.118871551	-1.683512449	26.44628504	0.924922070714029	0.622691347931193
CROCC2	0.242875819	0.238401318	0.118979644	1.683388821	23.49054453	0.924527334865305	0.622691347931193
PTS	0.446970491	0.238401318	0.11891067	1.683313911	18.21329847	0.924779173857238	0.622691347931193
DNM2	-0.130290157	0.238401318	0.1189629	-1.683048925	25.17093579	0.924588457409385	0.622691347931193
VGLL4	0.443496605	0.238401318	0.118998453	1.68286861	18.00535709	0.924458684472432	0.622691347931193
PARP9	0.114335321	0.238543919	0.119103353	1.682336854	24.08582305	0.924076012078093	0.622431650068819
GGT7	-0.167256536	0.238999563	0.119364639	-1.681014165	23.36339831	0.923124311076572	0.621602893139151
TWSG1	-0.263879692	0.239016912	0.119407092	-1.680799501	21.22724505	0.922969878189921	0.621571368807402
FBXO9	-0.675561859	0.239249778	0.119557247	-1.681638115	18.3923183	0.922424093854186	0.621148456533019
CCSMST1	-0.43529965	0.239414732	0.119673522	-1.679453837	16.71715607	0.922001927465884	0.620849129495785
ECHDC1	0.187785926	0.239811984	0.119905992	1.67828186	22.04788733	0.92115911358578	0.620129117921799
ECD	-0.430879112	0.240111519	0.120089702	-1.677828119	20.97120491	0.920494232866266	0.619587004798708
UBXN4	-0.168848539	0.240610956	0.120373505	-1.675931024	22.7146551	0.919469093630917	0.618684601343582
PSMB3	-0.162402417	0.24139597	0.120800358	-1.673791691	25.30521605	0.917931778652022	0.617269984534326
EAPP	-1.087839382	0.241465662	0.120881782	-1.684266354	19.54549188	0.917639146393532	0.617144620043809
GGA2	-0.420680239	0.241465662	0.120903502	-1.673275751	20.65687153	0.917561119509379	0.617144620043809
ALDH3B1	-2.27307444	0.241468523	0.120971815	-1.686407853	17.51616096	0.917315803367996	0.617139474346729
RTCB	-0.079366438	0.241468523	0.120973204	-1.672927314	27.37044812	0.917310816821566	0.617139474346729
CCDC91	0.287393561	0.241651689	0.121099129	1.673018622	23.10998359	0.916858980489104	0.616810165057207
ROR2	0.290191181	0.242528804	0.121589456	1.669854404	19.5688277	0.915104084599148	0.615236674895181
PPIAL4C	-0.223611884	0.242528804	0.121607247	-1.669765893	22.00104284	0.915040543169137	0.615236674895181
SNRPG	0.128184802	0.242634244	0.121694416	1.669332402	24.5551873	0.914729349099635	0.615047905321399
S100A16	0.206162281	0.242734481	0.121779004	1.668912005	22.45456935	0.914427582252861	0.614868526740295
ZC3H4	-0.193228187	0.243333794	0.122114075	-1.667249257	22.30752769	0.913234275919644	0.613797572415089
COX6B1	0.160077957	0.24351882	0.122241353	1.666618718	24.60462488	0.912781851854264	0.613467469331048
HNRNPH2	0.105153488	0.243737075	0.122410005	1.665784096	25.0308337	0.912183084325133	0.613078404983301
GATB	-0.380123594	0.243737075	0.122419823	-1.665735543	19.70880634	0.912148252758567	0.613078404983301
XPC	-0.685664858	0.243766016	0.122468818	-1.667058238	18.32747252	0.911974473702602	0.613026840524131
RBM33	-0.456985347	0.244232148	0.122791779	-1.663898543	19.54172659	0.910830708556833	0.612197170939529
SRGAP1	-0.203339426	0.244232148	0.122805556	-1.663830594	20.23425139	0.910781984289662	0.612197170939529
HAGH	-0.108815837	0.244232148	0.12284731	-1.663624709	23.57502488	0.910634348870078	0.612197170939529
EXOC1	-0.19003075	0.244232148	0.122862772	-1.663548483	23.28024746	0.910579690459374	0.612197170939529
FOXRED1	-0.201945533	0.244232148	0.122875631	-1.663485096	22.12871239	0.910534238933037	0.612197170939529
TMEM263	-0.294523291	0.245305833	0.12345049	-1.660657361	20.79302739	0.908507181925862	0.610292124807905
C6orf47	-0.268536775	0.245581114	0.123623741	-1.659807416	18.30129565	0.907898118282828	0.609805034928919
XPO5	-0.117641162	0.245629948	0.123689449	-1.659485343	25.05607069	0.907667345128446	0.609718683710717
CYB5A	0.1685268	0.245629948	0.12371777	1.659346568	23.63479735	0.907567916711398	0.609718683710717
PA2G4	-0.063901668	0.245755238	0.123815616	-1.658867339	27.66516728	0.90722457732776	0.609497216892558
EP400	-0.567219685	0.245838153	0.123892142	-1.660042291	20.12129592	0.906956238371824	0.609350715625585
PNKD	-0.306117202	0.246474816	0.124247836	-1.656754405	21.10290277	0.905711166549906	0.608227448926227
MT-ND5	0.20045283	0.247461307	0.124780108	1.654161263	20.49880313	0.903854642813816	0.606492697619572
VCPIP1	-0.184026623	0.247602035	0.124889627	-1.653628915	22.84558779	0.903473631471658	0.606245790243039
KAZN	0.329497261	0.247602035	0.124921072	1.653476143	21.51202232	0.903364297563141	0.606245790243039
PSMA4	-0.089987222	0.247911662	0.125112332	-1.652547666	26.12795995	0.902699880909358	0.60570304312681
MGAT5	-0.144360408	0.248209656	0.125297806	-1.651648468	21.91406101	0.902056533558408	0.605181327325821
HACD2	0.20963905	0.248598284	0.125529131	1.650528626	22.57479123	0.901255477653403	0.60450187348964
GINS2	-0.245614863	0.248737512	0.125634596	-1.650018675	20.57926298	0.900890752453845	0.604258714021963
VPS33B	0.299462417	0.248778098	0.125690263	1.64974966	21.95236738	0.900698365028139	0.604187856844711
MRPL22	-0.203594714	0.248974424	0.125824649	-1.649100671	21.11998322	0.900234272435498	0.603845263692062
ATP5PD	-0.094415622	0.249265996	0.126007238	-1.64821987	25.84265858	0.899604507793728	0.603336962397949
PIK3R2	-0.372070218	0.249353374	0.126086658	-1.647837103	20.09383912	0.899330866349479	0.603184750968103
FAM234A	-0.291144552	0.249389983	0.126140424	-1.647578098	18.2554794	0.899145713531768	0.603120994382704
BUB3	0.119547204	0.249469576	0.126241954	1.647089261	25.05766042	0.898796291979632	0.602982411086592
CDCP1	0.122033635	0.249469576	0.126251213	1.6470447	22.89428328	0.898764440562364	0.602982411086592
RRN3	-1.897260062	0.24964119	0.126373353	-1.659433075	19.86601988	0.898344491441874	0.602683755873234
CEP44	-0.300963586	0.24968331	0.126436676	-1.646152708	21.27609759	0.898126930214881	0.602610486952438
ATG13	-0.197158326	0.24968331	0.126500988	-1.645843667	19.87720836	0.897906082541345	0.602610486952438
H2BC20P	-0.104012296	0.24968331	0.126525999	-1.64572352	26.32710192	0.897820224985588	0.602610486952438
TLCD4	0.293780001	0.24968331	0.126535859	1.645676156	17.8656392	0.897786382322552	0.602610486952438
LGALS3BP	0.171260168	0.249699541	0.126579383	1.64546714	25.32316761	0.897637025586329	0.602582255972042
ARFGAP2	-0.087125781	0.249857484	0.126694769	-1.644913317	24.85129718	0.897241315987382	0.602307637571307
UBE3A	-0.152799888	0.249909036	0.126756237	-1.644618467	23.36988977	0.897030662148139	0.602218040736327
CMTM7	-0.329124437	0.250497421	0.127090082	-1.643990715	22.55460017	0.895888340089087	0.601196741059149
FOXP1	-0.652151508	0.251115085	0.127438953	-1.642864261	19.93499571	0.89469780522474	0.600127197540046
RHBDF2	-0.619134476	0.251116836	0.127489338	-1.641836632	18.76993532	0.894526133985979	0.600124169259262
TNXA	-0.093439587	0.251116836	0.127510839	-1.641009031	23.76797244	0.894452896658952	0.600124169259262
NPM3	-0.342549978	0.251255177	0.127616603	-1.640951679	22.15933967	0.894092819954892	0.59988498103665
UCHL5	0.089615431	0.251479869	0.127766278	1.63979147	24.99156395	0.89358375659272	0.59949677455293
COMMD6	0.206930851	0.251799335	0.12796418	1.638849631	19.53024953	0.892911581957074	0.598945421194843
VPS4A	-0.365275501	0.252435008	0.128394455	-1.638308715	22.41968266	0.891453731834941	0.597850416753838
PCTP	-0.175695375	0.252435008	0.128375466	-1.636896366	22.87176446	0.891517966912786	0.597850416753838
ZCRB1	-0.284013504	0.252435008	0.128415783	-1.636705192	20.12155926	0.89138159582663	0.597850416753838
CNN3	0.084532159	0.252435008	0.128429968	1.636637941	27.86674946	0.891333625656144	0.597850416753838
DDAH1	0.104601618	0.252451271	0.128473929	1.636429566	25.03930203	0.891184994046205	0.5978224384488
C12orf4	0.814581068	0.252516537	0.12854284	1.639535369	18.37349875	0.890952109103514	0.597710175198095
KATNA1	-0.201770849	0.252792708	0.128721352	-1.635257954	19.48633623	0.890349407356386	0.597235457767173
UBE2M	-0.144876864	0.252792708	0.128754895	-1.635099274	24.53731586	0.89023625097743	0.597235457767173
SPOUT1	-0.301118885	0.252817374	0.128803197	-1.634870835	18.76158303	0.890073357300528	0.597193083977248
WDR11	1.354467484	0.25300657	0.128961316	1.646871959	24.72773412	0.88954054371034	0.596868201046717
MPHOSPH10	0.253417522	0.25300657	0.128988526	1.633995039	21.214491	0.889448920061302	0.596868201046717
C2CD5	-0.18008182	0.25300657	0.129006884	-1.633908348	21.54951126	0.889387114480247	0.596868201046717
LAP3	-0.077642997	0.253046303	0.129062915	-1.633643816	26.27911995	0.889198530193421	0.596800003340091
IMPA2	0.627009601	0.253329597	0.129466963	1.644443961	23.18336866	0.887841039437988	0.596314067758274
SURF1	-0.492462267	0.253329597	0.129445423	-1.632862076	20.66733124	0.887913300972527	0.596314067758274
PPP1R21	0.225948342	0.253329597	0.129385762	1.632121572	19.10480551	0.888113512114347	0.596314067758274
NCDN	-0.134063937	0.253329597	0.129393603	-1.632084644	23.01656802	0.888087193918276	0.596314067758274
PRKAG1	-0.092167809	0.253329597	0.129455595	-1.631792748	23.83160875	0.887879174853547	0.596314067758274
CSNK2B	0.133445622	0.253329597	0.129470725	1.631721525	24.24201555	0.887828420063392	0.596314067758274
ARHGEF16	0.155104904	0.253329597	0.129476585	1.63169394	23.84909933	0.887808763820086	0.596314067758274
UBE2R2	-0.175110102	0.253329597	0.129493896	-1.631612459	23.26711365	0.887750702594278	0.596314067758274
RPE	-0.593676643	0.253937002	0.129912074	-1.639579113	22.33921375	0.886350483816163	0.595274012030676
PIK3R1	-0.567328007	0.253937002	0.129848828	-1.633346116	21.2322493	0.886561965907068	0.595274012030676
CDC45	-0.20500449	0.253937002	0.129878135	-1.62980642	20.98153997	0.886463956302766	0.595274012030676
PPIL1	0.089255737	0.254658774	0.130317326	1.62774783	24.38017676	0.884997839959208	0.594041356070799
COIL	-0.264218072	0.254893097	0.130473269	-1.627018353	21.74884327	0.884478456256254	0.593641925909325
SQSTM1	-0.17110006	0.254933894	0.13053019	-1.626915702	25.4515815	0.884289029827263	0.593572420322807
RNF2	-0.255427104	0.255185914	0.130695302	-1.62598104	21.10979051	0.883740023376964	0.593143301898007
PPP2CB	-0.14949933	0.255355335	0.13081817	-1.625407679	25.69183626	0.883331930456008	0.592855064235474
TBP	-0.2934765	0.255401628	0.130899479	-1.625028513	19.98829136	0.883062082004442	0.592776338751683
DNAJC8	-0.136583152	0.255401628	0.130914094	-1.624960378	24.06370953	0.8830135954895	0.592776338751683
TMEM201	-0.284311544	0.255881215	0.131196093	-1.623647063	22.20046767	0.882079097992413	0.591961595790403
NCBP2AS2	0.26455424	0.256333311	0.13146413	1.622401071	20.47052278	0.881192728300622	0.591194952756634
CDK8	-0.217160923	0.25634336	0.131505521	-1.622208859	20.28982353	0.881056013793982	0.591177927502722
RPL19	0.231903491	0.256597711	0.131744824	1.62211603	24.30905911	0.880266438372689	0.590747222101788
TAF10	0.273072896	0.256597711	0.131683363	1.621545767	22.75599747	0.880469090745926	0.590747222101788
SINHCAF	-0.461012904	0.256597711	0.131736328	-1.621138008	17.19405086	0.880294446189503	0.590747222101788
BAZ1B	0.294472297	0.25730792	0.13214584	1.619242086	22.03232042	0.878946504068265	0.589546845894744
GSDME	-0.151359666	0.25740023	0.132236177	-1.618824549	23.08585281	0.878649714879774	0.589391069367583
PDK2	-0.245751707	0.25740023	0.132266021	-1.61868666	18.51637049	0.878551711273975	0.589391069367583
PLCH1	-0.30482375	0.257419959	0.132312549	-1.618471749	19.45081576	0.87839896380193	0.589357783198856
S100A4	0.124286462	0.25780981	0.132549375	1.617378869	25.02178914	0.877622315721843	0.588700561195925
RBM14	-0.123518174	0.257912385	0.132638572	-1.616967698	26.17721878	0.877330162426028	0.588527802460696
MYL9	-0.439137131	0.257937235	0.132687814	-1.617202877	20.92831852	0.877168960749514	0.588485959964491
WDR13	0.256263195	0.258156983	0.13283735	1.616052256	17.81839546	0.876679796818432	0.58811612303841
GSE1	0.267072091	0.258461531	0.133034009	1.615147758	19.50278682	0.876037321191016	0.587604087454661
C9orf72	-0.26429431	0.258461531	0.133067132	-1.614995529	18.93121709	0.875929203381792	0.587604087454661
TM9SF1	-0.275384757	0.258687189	0.13321988	-1.614293954	22.36597123	0.875430961876888	0.587225078374189
ADAMTS13	0.641633312	0.258919865	0.133409413	1.614419087	17.27412414	0.874813526718306	0.58683462809382
ULK1	0.121681693	0.258919865	0.13341368	1.613404834	22.97570463	0.874799636357216	0.58683462809382
TPR	-0.140122521	0.258919865	0.133449509	-1.613240581	26.65853563	0.874683019770688	0.58683462809382
NCS1	-0.303577318	0.258976155	0.133515131	-1.612939848	21.6336059	0.874469513794275	0.586740221357569
RRM1	0.138460359	0.259213751	0.133695964	1.612111792	25.02576044	0.873881702977249	0.586341963353087
ACSS3	-0.264751261	0.259213751	0.133740544	-1.611907805	21.44792765	0.873736914606153	0.586341963353087
STAM	-0.170405323	0.259213751	0.133747553	-1.611875739	23.65587947	0.873714154939023	0.586341963353087
NAE1	-0.09515016	0.259288815	0.133822938	-1.611530947	24.23208228	0.873469439684646	0.58621621708545
RBMXL1	-0.560616429	0.259562192	0.134000724	-1.612165452	20.49456156	0.872892855154928	0.585758566885434
TOLLIP	0.188073742	0.259620439	0.134067495	1.610413576	21.35505838	0.87267650517089	0.585661120055424
LPCAT3	-0.216620305	0.259801832	0.134197893	-1.609818524	17.73902106	0.872254302838091	0.585357790812315
ATF7	0.840133031	0.259880825	0.134312171	1.612799701	18.12633491	0.871884630975069	0.585225763222742
DENR	0.209542673	0.259880825	0.134303213	1.610338531	24.94792552	0.871913597372394	0.585225763222742
FOXN2	0.231053986	0.260243534	0.134536416	1.608276079	20.19379612	0.871160145942316	0.584620052145977
MATR3	-0.066200881	0.260332546	0.134619233	-1.60789925	27.4342686	0.870892888187359	0.584471534293217
TRO	0.343884188	0.260416522	0.13469947	1.607534349	17.31200682	0.870634113085687	0.584331465626868
DIABLO	-0.134647962	0.2605	0.134779474	-1.607170702	23.66407519	0.870376242869668	0.584192272364457
PLXNB1	-0.69481443	0.260664982	0.135002237	-1.609446293	19.92966006	0.869659035144202	0.583917308477467
SURF2	-0.204077816	0.260664982	0.134977504	-1.606271394	21.99434807	0.869738607081053	0.583917308477467
SPATA33	-0.269013856	0.260664982	0.135007441	-1.606135544	17.39188018	0.869642294496231	0.583917308477467
CASC3	0.372115452	0.260664982	0.135028379	1.606040544	16.71814314	0.869574945965356	0.583917308477467
TXNDC12	0.12494268	0.260664982	0.135049075	1.605946653	25.06710861	0.869508386106457	0.583917308477467
DCTN5	-0.214623993	0.2606884	0.13509806	-1.605724481	20.76611432	0.86935088737578	0.583878293450289
RPAP1	-0.21060168	0.261011275	0.135309538	-1.604766119	21.97517918	0.868671588806892	0.583340731878116
TMEM54	0.259190449	0.261011275	0.13533918	1.604631898	17.39247133	0.868576459170372	0.583340731878116
NARF	0.173408502	0.261071438	0.135407281	1.604323619	20.55512912	0.868357982526011	0.583240638699852
FXR1	-0.100835557	0.261259949	0.135541986	-1.603714239	26.54129307	0.867926155242237	0.582927162264508
SLC35B1	-0.406348404	0.261264443	0.135581251	-1.603536713	19.63021811	0.86780036319918	0.582919691916974
OFD1	-0.227014927	0.261396699	0.135686836	-1.603059559	18.03541135	0.867462284469061	0.582699901128607
C11orf68	-0.227184698	0.261442086	0.135747354	-1.602786216	19.61306964	0.867268626964888	0.582624499975268
GMEB1	-0.354124569	0.26147976	0.135880496	-1.602185223	17.08382701	0.86684287650859	0.582561922324459
RAB29	0.325627856	0.26147976	0.135882324	1.602176976	21.22500488	0.866837033985224	0.582561922324459
ME1	0.151389189	0.26147976	0.135913375	1.60203689	24.20426041	0.86673780299617	0.582561922324459
POLR3E	-0.194517804	0.26147976	0.135917166	-1.602019787	20.92025233	0.866725689490638	0.582561922324459
TBL3	-0.190650596	0.26147976	0.135996751	-1.601660879	22.98817452	0.866471466921153	0.582561922324459
SARS2	-0.081142388	0.26147976	0.136023935	-1.601538328	24.67350589	0.866384665719311	0.582561922324459
MBP	-0.288990184	0.26147976	0.136063317	-1.601360822	20.11249456	0.866258945860847	0.582561922324459
CORO6	0.370953948	0.26147976	0.136074095	1.601312251	19.43537235	0.866224545401946	0.582561922324459
UQCRFS1	-0.182670057	0.26147976	0.136099587	-1.601197385	23.84129607	0.866143192679789	0.582561922324459
ERCC6	0.278995687	0.261714774	0.136258908	1.60047991	20.48706185	0.86563509588594	0.582171760411053
YBX2	0.26974859	0.261849823	0.136366235	1.599996992	18.54235608	0.865293149976224	0.581947715328084
PPAT	-0.112847186	0.262111777	0.136539708	-1.599217154	24.75197465	0.864741030253378	0.581513465237272
MRPS18A	0.241030694	0.262446082	0.136750955	1.598268672	22.37762822	0.864069632089361	0.580959906334519
TRIP12	-0.101890125	0.263002785	0.137078211	-1.596801845	23.77294586	0.863031572157972	0.580039652636751
COX6C	0.135020738	0.263039143	0.13715781	1.596445532	24.2367494	0.862779457885677	0.579979619099659
TSC22D2	0.278741271	0.263039143	0.137171529	1.596384135	21.9468491	0.862736020417239	0.579979619099659
SLC25A44	0.249701637	0.26340278	0.137398397	1.595369665	18.6508189	0.86201833407498	0.579379645728493
GTF2F2	-0.152256855	0.263762074	0.137623101	-1.59436631	24.03957964	0.861308660615368	0.57878765093006
GINS1	0.243042742	0.263819621	0.137690421	1.594065986	16.81745164	0.861096272172606	0.578692907898276
PDHA1	0.119619727	0.264138566	0.137921244	1.593037233	24.72491592	0.860368834321719	0.578168184259958
DHRS1	-0.25232538	0.264138566	0.137931561	-1.592991287	16.94253263	0.860336348763547	0.578168184259958
CLN5	0.50365602	0.264327876	0.138067784	1.592384904	18.95610043	0.859907645557659	0.577857033786241
BLM	-0.161993589	0.264328511	0.138105481	-1.592217186	24.84653176	0.859789085209784	0.57785599047341
SMARCC1	0.190473477	0.265203189	0.13859997	1.590020904	23.50751119	0.858236863727357	0.576421257956647
ZNF629	-0.201646953	0.265379284	0.138729515	-1.589446657	20.6458878	0.857831132019817	0.576132981982635
GNG10	-0.305457109	0.265457736	0.138808053	-1.589098744	20.97844642	0.857585337396941	0.576004613878458
PINX1	-0.611090086	0.265824749	0.139037542	-1.589483139	19.34980102	0.856867918580049	0.57540458752509
NOTCH2NLB	0.63602785	0.265983595	0.139195825	1.588341128	17.46600854	0.856373790635325	0.575145148409091
MFN2	0.074324965	0.265983595	0.139185268	1.587430104	27.60823183	0.856406729990496	0.575145148409091
EPRS1	0.072695425	0.266593566	0.139552725	1.585808418	27.9393935	0.855261678767549	0.574150336109011
HMGA2	-0.352451331	0.268060648	0.140358586	-1.582264913	21.33645845	0.852761015602618	0.57176693689681
POLR1C	0.147945348	0.268459724	0.140605496	1.581182756	25.21225481	0.851997703243488	0.571120860640739
FAM83B	0.33987115	0.269269547	0.141067705	1.579161424	18.9914893	0.85057239904241	0.569812760282144
CNOT9	-0.155304788	0.269306409	0.141125086	-1.578910886	23.58583748	0.850395780412846	0.569753311051117
MAP2K5	0.231928744	0.26933824	0.141189103	1.578631481	17.74644002	0.85019882091589	0.569701982117672
RPN1	0.063879583	0.26933824	0.141217915	1.578505764	28.59337392	0.850110204898167	0.569701982117672
GSR	-0.077282708	0.269510633	0.141346402	-1.577945407	26.33613853	0.849715242083791	0.569424095923881
TOR1B	0.248794043	0.270002581	0.141658885	1.576584454	20.75740186	0.848756180864984	0.568632084327308
SEC24C	-0.094153365	0.270002581	0.141680744	-1.57648935	25.2434722	0.848689171226182	0.568632084327308
APOM	0.301661946	0.270081397	0.141760281	1.576143407	20.27789828	0.84844543458916	0.568505328654031
AP1M1	-0.112586811	0.270379519	0.141954981	-1.575297278	23.05500836	0.847849364090137	0.568026208892241
CLIP2	-0.901936452	0.270433114	0.142021348	-1.581382482	18.76759829	0.847646369548256	0.567940130973888
HDAC6	-0.23210394	0.270886428	0.142309775	-1.573758003	19.79221527	0.846765267991902	0.567212753521144
TACC1	0.226343934	0.270886428	0.142335998	1.573644364	21.5008855	0.846685249208477	0.567212753521144
TNPO3	-0.08133079	0.270962467	0.142456792	-1.573121146	23.91284155	0.846316839806028	0.567090862275703
PPP4R2	-0.136270793	0.270962467	0.142472686	-1.573052329	22.21964673	0.846268387981731	0.567090862275703
SEC14L2	-0.139560512	0.270962467	0.142490865	-1.572973628	22.71447944	0.846212977109923	0.567090862275703
TRMT61A	0.335969878	0.271197371	0.142673872	1.572586642	21.90338972	0.845655552359604	0.56671452485559
MRPL54	0.239557233	0.271197371	0.142691068	1.572107473	20.17887357	0.845603211466432	0.56671452485559
CARMIL2	0.257116361	0.271279208	0.142772475	1.571755577	20.27201421	0.845355511802404	0.566583491151423
YIPF3	-0.217035499	0.271490972	0.142922304	-1.571108371	22.27431793	0.844899991305163	0.566244607606523
FKBP8	-0.115526083	0.272005426	0.143231582	-1.569774268	23.01600489	0.843961211245575	0.565422432515967
SNRPD3	-0.125086728	0.272415304	0.143485923	-1.568679013	25.78812676	0.843190704249182	0.564768497875065
GPKOW	0.108372852	0.272726733	0.143688512	1.567807821	22.96935244	0.842577952634368	0.564272289908193
KDF1	-0.536251343	0.272830973	0.143782	-1.567808124	18.96132308	0.842295479669241	0.564106328152556
ULK3	0.267679774	0.273049465	0.143935744	1.566746095	18.13835824	0.841831343003545	0.563758670063341
RPS24	0.127088374	0.2730672	0.143983695	1.566540357	25.76745492	0.841686685491245	0.563730462857325
C17orf75	0.519102179	0.273270466	0.144245394	1.565777213	19.28560506	0.840898045709983	0.563407302615133
APMAP	0.081025808	0.273270466	0.144190041	1.565655678	26.9518943	0.841064734679748	0.563407302615133
DIS3L2	-0.164537749	0.273270466	0.144214073	-1.565552715	21.84935629	0.840992357314054	0.563407302615133
ABL1	-0.154929056	0.273270466	0.144241382	-1.565435732	22.07658427	0.840910125220078	0.563407302615133
B2M	-0.223452387	0.2733002	0.144299724	-1.566399149	24.39800178	0.8407344995745	0.563360050492247
PNPT1	-0.10805572	0.273666844	0.144569337	-1.564032365	24.28840587	0.839923810664138	0.56277781618172
HSDL1	-0.218702185	0.273666844	0.144570681	-1.564026622	19.88471636	0.839919773230733	0.56277781618172
TWNK	0.173387089	0.273677824	0.144615169	1.563836463	21.64337833	0.839786150558232	0.562760391865049
ITGA2	0.963270847	0.273973687	0.144874917	1.573590247	20.39301906	0.839006799839063	0.562291145717749
CHCHD10	-0.34844278	0.273973687	0.144826614	-1.562933373	19.51886992	0.839151622867656	0.562291145717749
ADK	0.106354917	0.273973687	0.144919238	1.562538132	24.30462157	0.838873958195776	0.562291145717749
ACAD9	0.117657403	0.273973687	0.144926426	1.562507468	25.24157916	0.838852417706307	0.562291145717749
WDR45B	-0.171409173	0.274134254	0.145050115	-1.561980032	21.56224032	0.838481922539734	0.562036694508947
DAP3	-0.338049064	0.274253327	0.145190657	-1.5657852	23.78495752	0.838061329530519	0.561848095242852
SMG9	-0.181957069	0.274253327	0.145183502	-1.561411675	20.10217354	0.838082732103182	0.561848095242852
TSTD1	0.110704566	0.274390591	0.145302114	1.56090666	24.33987291	0.837728067106961	0.561630784899833
RAB3GAP2	0.095557932	0.274560671	0.145430992	1.560358337	25.31685409	0.837343033502258	0.561361672455947
NEK7	0.256865759	0.274703727	0.145545599	1.559871081	21.47134037	0.837000922199831	0.561135448316774
MOB2	0.284469099	0.27484046	0.145736759	1.559059101	21.87754857	0.836430892860264	0.560919333252602
LRRC8E	-0.334037021	0.27484046	0.145798066	-1.558798887	20.70900981	0.836248236862343	0.560919333252602
SSR4	0.120638522	0.27484046	0.145800679	1.558787799	25.15587173	0.836240453485352	0.560919333252602
ZNF346	-0.250741893	0.27484046	0.145806845	-1.558761632	19.08662434	0.836222087294116	0.560919333252602
KPNA3	-0.144047019	0.27484046	0.145821594	-1.558699049	23.70304669	0.836178158729803	0.560919333252602
ELOB	0.109770528	0.27484046	0.145851158	1.55857362	25.72574446	0.836090118403657	0.560919333252602
ALKBH6	0.276810767	0.275004839	0.145977265	1.558038831	19.82469168	0.835714777461364	0.560659664233343
PUM1	-0.088244591	0.275172673	0.146126894	-1.557404809	23.77121325	0.835269846756242	0.560394697451725
TUBGCP4	-0.206061387	0.275172673	0.146155637	-1.557283083	21.39936713	0.83518442990775	0.560394697451725
NOL10	0.201616809	0.275172673	0.146183051	1.557167	20.70874319	0.835102978157089	0.560394697451725
OPTN	0.55433349	0.275179071	0.14622535	1.560842877	21.41041846	0.834977330450968	0.560384599850961
RPL31	-0.153955492	0.275210377	0.146392752	-1.556675065	26.55725543	0.834480424946531	0.560335194750211
RAB4B	-0.252831001	0.275210377	0.14630919	-1.556633128	17.48036646	0.834728394032316	0.560335194750211
SCAMP4	-0.521238199	0.275210377	0.146419428	-1.556562204	19.34984256	0.834401294087758	0.560335194750211
TGOLN2	0.160027224	0.275210377	0.146378674	1.556339214	22.07247377	0.834522191301974	0.560335194750211
GMPR	0.389504416	0.275210377	0.146436508	1.556094668	17.55774497	0.834350636075763	0.560335194750211
RHEB	0.114947009	0.275387971	0.146569934	1.555530815	24.62174102	0.833955107710228	0.560055033732024
NUDT21	0.102909812	0.276108835	0.146992631	1.553747432	25.341396	0.832704436654916	0.558919696474252
KIAA0319L	0.2242454	0.276169748	0.147064099	1.553446343	20.41991538	0.832493333452865	0.55882389634476
MRPS23	-0.101390717	0.276603433	0.147345949	-1.552260168	24.095225	0.83166179976065	0.558142434047011
JRKL	-0.214400779	0.276603433	0.147384757	-1.552096996	17.26829049	0.831547430270075	0.558142434047011
YTHDC1	-0.298972195	0.276603433	0.147412347	-1.551981016	21.59531178	0.831466139208337	0.558142434047011
PAX8	-0.091553524	0.276643474	0.147472794	-1.55172698	24.95728661	0.831288091587312	0.558079570305126
ENOSF1	0.346103894	0.276840199	0.147616798	1.551122138	17.97361817	0.830864219317791	0.557770847248899
METTL3	-0.089369095	0.276928871	0.147703227	-1.550759369	23.78382031	0.830610016177668	0.557631764867037
ACADM	0.103933526	0.277063627	0.147830352	1.55022612	24.21296379	0.830236388993888	0.557420484791697
CARMIL1	0.239663244	0.277063627	0.147906624	1.549906373	19.54655046	0.830012375683776	0.557420484791697
PSMA5	0.09779251	0.277063627	0.147939619	1.549768097	26.67787936	0.829915504103833	0.557420484791697
MKRN1	-0.221387262	0.277063627	0.147984913	-1.549578321	18.75898905	0.829782558489057	0.557420484791697
C9orf78	0.133622651	0.277063627	0.14800728	1.549484621	22.95976233	0.829716922536996	0.557420484791697
SP100	0.332302019	0.277063627	0.148043465	1.549333066	20.0569338	0.829610758670352	0.557420484791697
HGS	0.099253297	0.277063627	0.148049267	1.549308771	24.40548913	0.829593738485039	0.557420484791697
EIF2B4	-0.122236563	0.277396684	0.14826645	-1.548399836	23.88228702	0.828957110794087	0.556898734788003
RPS6	0.121700579	0.277418849	0.148317513	1.548186297	26.9556689	0.828807565423364	0.556864034471865
ELP2	-0.135600975	0.2774561	0.14837665	-1.547939074	23.1624829	0.828634438504676	0.556805722580875
GALNS	0.2233118	0.277521578	0.148450898	1.547628804	19.71426811	0.828417170952644	0.556703243741292
MTR	-0.398324455	0.277616164	0.148540738	-1.548571505	22.04769307	0.828154422695018	0.556555250999473
CD59	-0.165285622	0.277822465	0.148702883	-1.546722093	25.3301991	0.827680611445404	0.55623263969607
NCBP2	-0.184897929	0.277822465	0.148775498	-1.546273916	23.01144624	0.827468587335794	0.55623263969607
CCDC51	-0.172300232	0.277822465	0.148795833	-1.546189119	23.54809237	0.827409230957116	0.55623263969607
GPATCH11	0.279668808	0.277822465	0.148828047	1.546054814	18.0729939	0.827315217247634	0.55623263969607
KIF22	-0.300183434	0.277822465	0.14884749	-1.545973765	20.57265655	0.827258484418939	0.55623263969607
VPS13B	-0.672618592	0.27807151	0.149020228	-1.546568113	18.54235339	0.826754776470133	0.555843504784213
YWHAH	0.09451741	0.278530567	0.149305614	1.544066681	26.55474112	0.825923862178638	0.555127136752468
MYO5B	-0.185123869	0.279411305	0.149817229	-1.541942887	22.51493077	0.824438239845028	0.553756026282706
COQ9	0.908843521	0.279516827	0.150031862	1.550426374	20.37259122	0.823816500801941	0.55359204232756
SPOCK2	-0.27127041	0.279516827	0.149927016	-1.541874719	22.81147742	0.82412010269169	0.55359204232756
RAD51C	-0.495996604	0.279516827	0.149962984	-1.541338982	18.19428874	0.824015926467075	0.55359204232756
LTV1	-0.106385228	0.279516827	0.149998943	-1.541190074	22.65497579	0.823911801283551	0.55359204232756
AAK1	0.119120751	0.27999552	0.150328383	1.539827254	22.93502265	0.822959013980381	0.552848917425082
CCDC86	-0.844123084	0.280115706	0.150432509	-1.547951714	20.21013652	0.82265830102047	0.552662539738007
CHID1	-0.162111553	0.280311808	0.150577448	-1.538798638	22.95601156	0.822240067594542	0.552358607408353
NHLRC2	0.571199895	0.280317177	0.150619959	1.548183643	22.68376919	0.822117474953213	0.552350289154621
TRAPPC1	-0.254505601	0.28038418	0.150700512	-1.538290941	18.45915836	0.821885272181738	0.552246494031081
GPATCH8	0.154322137	0.28038418	0.150738202	1.538135521	21.90883025	0.821776669282721	0.552246494031081
OTULIN	-0.147565345	0.28038418	0.150774869	-1.537984354	22.23918279	0.82167104019146	0.552246494031081
UTP11	0.236701617	0.280684655	0.150976125	1.537155192	19.05758835	0.821091725558216	0.551781329549346
BRMS1	-0.201116881	0.280760027	0.151056356	-1.536824913	20.6449534	0.820860996192409	0.551664724494792
SOWAHB	-0.44850277	0.28088489	0.151163242	-1.53638514	18.39852	0.820553802335787	0.55147162272837
EXOSC8	-0.318148217	0.281429412	0.15149607	-1.535017464	20.61050507	0.819598633164658	0.550630516702961
IP6K1	-0.339778427	0.281523673	0.151586609	-1.534645866	19.6904225	0.819339162122654	0.550485079956518
FZD2	-0.221585584	0.281600423	0.151696215	-1.534196263	20.85206132	0.819025255239118	0.550366697163349
CDC16	-0.203890754	0.281600423	0.151724529	-1.534080165	20.26125279	0.818944202020184	0.550366697163349
VIRMA	-0.392678404	0.281600423	0.151761447	-1.534043757	20.69485804	0.81883854123168	0.550366697163349
RNF14	-0.224997123	0.281600423	0.151787166	-1.533823399	18.84073856	0.818764947617159	0.550366697163349
DDR1	-0.328590857	0.281749221	0.1519072	-1.5333316	20.69655309	0.81842164123817	0.550137276048028
MAGED2	-0.149103066	0.281872234	0.152013369	-1.532896883	24.64790089	0.818118215820954	0.549947702469958
SIGMAR1	-0.41392265	0.282070406	0.152163543	-1.532623794	20.63150239	0.817689388107532	0.549642476358273
PRKD3	0.527146193	0.282070406	0.152199991	1.532514745	19.40632336	0.817585373246461	0.549642476358273
TMEM128	-0.230521528	0.282575073	0.152512246	-1.530857702	19.27241114	0.816695283158508	0.548866151532125
EIF4E2	0.136694003	0.282675977	0.152606666	1.530472403	22.08559134	0.816426495583057	0.548711098124024
PSMD9	-0.109830069	0.282771624	0.152698276	-1.530098768	24.03865203	0.816165866204309	0.548564173936413
CAMLG	-0.201264421	0.283243782	0.153001677	-1.528862711	19.92225491	0.815303809000344	0.54783961534887
GRHL2	-0.147646434	0.283243782	0.153033441	-1.528733427	21.53909013	0.815213656405682	0.54783961534887
TRAFD1	-0.16251605	0.283243782	0.153080122	-1.528543466	21.62969751	0.815081200328478	0.54783961534887
WBP2	0.150667193	0.283243782	0.153125477	1.528358953	22.65367496	0.814952545421873	0.54783961534887
PSMD11	-0.071197227	0.283243782	0.153160422	-1.528216823	26.94477589	0.814853445719369	0.54783961534887
MORF4L1	-0.172622658	0.283243782	0.153193484	-1.528082373	21.35092419	0.814759706785834	0.54783961534887
PDPK1	0.179434774	0.28372709	0.153494992	1.526857438	20.67890056	0.813905789452237	0.547099196189204
RNASEL	0.722456274	0.283995	0.153680076	1.534470302	20.99035862	0.813382433372987	0.546689306049881
DDX58	-0.171747642	0.284494901	0.153990808	-1.524847579	22.88953868	0.812505202241597	0.545925513055933
LRIF1	0.216555936	0.284738217	0.154162761	1.524151846	19.53742211	0.812020520223862	0.545554238794991
FMNL3	-0.402925428	0.284774417	0.154222617	-1.523909821	17.94885352	0.811851931615648	0.545499028570222
USP33	-0.47010142	0.284986886	0.154377968	-1.523282041	18.22925001	0.811414679769496	0.545175124092797
SEPTIN10	-0.30566537	0.285350754	0.154615414	-1.522323565	19.0197086	0.810747212348797	0.544620975550254
PKN1	0.210463874	0.285422147	0.154694446	1.522004824	22.02508011	0.810525278510408	0.54451233133798
DONSON	-0.525616136	0.28546988	0.154799074	-1.521723015	17.72926932	0.810231641572332	0.544439707522714
CCDC88C	-0.419920653	0.28546988	0.154833773	-1.52144325	17.00523839	0.810134303163719	0.544439707522714
SDC4	0.378814007	0.28546988	0.154841381	1.521412599	19.37376862	0.810112963948246	0.544439707522714
EVA1A	-0.201031223	0.285691531	0.155001993	-1.520765801	20.0293326	0.809662717679142	0.544102633591644
PSPC1	0.064319056	0.285739752	0.155068548	1.520497945	25.62697131	0.809476279653822	0.544029336539541
TRIM26	-0.13065326	0.285797547	0.155140314	-1.520209231	24.06908123	0.809275333890098	0.543941503078064
APTX	0.424991277	0.285887239	0.155229415	1.521115675	21.31128969	0.809025979200645	0.543805229586293
FOXQ1	0.335490914	0.286209477	0.155444842	1.518985387	19.33469869	0.80842368422293	0.54331598993102
CSTF2	-0.158410579	0.286652917	0.155726203	-1.517856477	23.84015072	0.807638305473929	0.542643634455997
PXDC1	-0.818486124	0.286979707	0.15598487	-1.521821399	19.1969947	0.806917524685135	0.542148812149327
DNAJB4	-0.306531526	0.286979707	0.155949541	-1.51696162	19.62013642	0.807015899146405	0.542148812149327
RAD18	-0.750121121	0.287486856	0.156301166	-1.518428202	18.23794244	0.806037782150505	0.541382006616655
EIF5A	0.115945486	0.287757437	0.156509339	1.514723486	28.90107853	0.805459742749124	0.540973443349519
MRPS31	0.147069654	0.287757437	0.156529632	1.514642479	22.85281665	0.805403435779386	0.540973443349519
ILF3	-0.125310415	0.287835827	0.156612963	-1.514309938	27.09730301	0.805172293833808	0.540855150288165
SH3GL1	0.109413808	0.288257042	0.156882897	1.513233778	24.09891317	0.804424399583149	0.54022007426957
FAAP100	-0.41882684	0.288843228	0.157242758	-1.511801569	18.59009684	0.803429347364817	0.539337810143368
SLC4A2	-0.543673322	0.289159435	0.157455774	-1.511324454	18.36264728	0.80284140888987	0.538862632509319
KCTD18	-0.284597055	0.289914266	0.157907784	-1.509162218	17.25901043	0.801596461094148	0.537730413507922
SNRNP40	-0.163355618	0.290024575	0.158008865	-1.508761884	23.48225963	0.801318546510271	0.537565200946889
BNIP3L	0.172933837	0.290204778	0.15817925	1.508087565	20.97607352	0.800850487978333	0.537295441512507
CCDC93	-0.098350491	0.290204778	0.15818909	-1.508048641	23.82341895	0.80082347226808	0.537295441512507
PIN4	0.146635343	0.290277153	0.158269576	1.507730343	23.60465829	0.800602561102233	0.537187145072559
HUWE1	-0.097097971	0.290499279	0.158431753	-1.507089401	28.17681992	0.800157772426603	0.536854941162497
RABGAP1L	-0.133288207	0.290634301	0.158546475	-1.506636343	23.54446472	0.799843409297989	0.536653131070605
USP19	-0.158257023	0.290809425	0.158683119	-1.506097083	22.71136556	0.799469271827981	0.536391522300065
SCAF8	-0.154810329	0.291061005	0.158861541	-1.505393543	22.76968732	0.798981228992025	0.536015975419068
PAAF1	-0.199385356	0.291594338	0.15920186	-1.504053499	22.39580157	0.798051862584421	0.535220913136058
CUX1	-0.145677227	0.291594338	0.159235076	-1.503922838	22.42882927	0.797961260496959	0.535220913136058
MAGOH	-0.10083343	0.29162754	0.159294432	-1.503689408	25.10679494	0.797799404324022	0.535171465589772
YWHAQ	-0.115064107	0.292114149	0.159607576	-1.502459147	29.2190179	0.796946498092393	0.534447406792952
NEDD9	0.319986561	0.292114149	0.159642819	1.502320817	18.04459377	0.796850611974614	0.534447406792952
ZFP36L1	-0.252086596	0.292123264	0.159759482	-1.50186309	17.80952074	0.796533356280233	0.534433855472496
SEPTIN2	0.102119682	0.292123264	0.159761426	1.501855467	25.37800569	0.796528071690388	0.534433855472496
IRF2	0.344860008	0.292123264	0.159771686	1.501815225	17.23792351	0.796500181864773	0.534433855472496
AGL	0.079346434	0.292341037	0.15993212	1.501186277	25.98540722	0.796064305872992	0.534110216829649
HEATR1	-0.104149047	0.292485571	0.160065665	-1.500663149	24.12847829	0.795701816739182	0.533895553819906
RO60	-0.095677736	0.292485571	0.160093883	-1.500552661	24.2775906	0.79562526164783	0.533895553819906
PTPN23	-0.089820555	0.292543321	0.160170036	-1.500254566	25.31955138	0.795418726809895	0.533809812733425
PSMD6	-0.077207441	0.292543321	0.160208203	-1.50010521	26.25435978	0.795315250883309	0.533809812733425
DPH2	-0.336588091	0.292589119	0.160274645	-1.499845279	19.88934664	0.795135176382847	0.533741828744287
TSEN2	-0.437363029	0.2925932	0.160318242	-1.499674771	19.84695567	0.795017058125007	0.533735771296127
XRN2	0.076459269	0.292647262	0.160389233	1.499397209	25.74588745	0.794824789453574	0.533655534778415
OSMR	-0.436648247	0.293031822	0.16064142	-1.498412056	16.64802436	0.794142465544545	0.533085214565436
CMSS1	-0.164043886	0.293496709	0.160937763	-1.497256103	22.95218362	0.793342039566215	0.532396764164759
EPHB3	0.249586269	0.293658898	0.161078281	1.496708616	21.06100594	0.792963013756672	0.532156835298621
PATJ	-0.157972604	0.293658898	0.161109724	-1.496586164	20.91110446	0.792878246346179	0.532156835298621
SPTBN2	-0.174524703	0.293727281	0.161188763	-1.496278442	24.15990289	0.792665237575565	0.532055714908827
HAUS1	-0.179727111	0.293994078	0.161376733	-1.495547139	20.90633222	0.792159080878608	0.531661417607655
MTX1	-0.087321728	0.294027509	0.161436647	-1.495314191	23.61673852	0.791997871204539	0.531612035410943
RIOK2	-0.174936627	0.29407624	0.161504975	-1.495048626	21.21605702	0.791814095117588	0.531540063060887
BAP18	-0.624626266	0.294605135	0.161837087	-1.495956403	19.81856993	0.790921947286259	0.530759687626691
EXD2	-0.559649117	0.294648625	0.162047876	-1.494155889	20.27963252	0.790356656995393	0.530695581232012
ANKRD34B	-0.519225963	0.294648625	0.161918848	-1.493801689	18.49821218	0.79070259469345	0.530695581232012
ALDH5A1	0.177426789	0.294648625	0.16197788	1.493213232	22.65079783	0.790544289468832	0.530695581232012
HTD2	-0.244682305	0.294648625	0.162014318	-1.493072003	17.60039381	0.79044660302764	0.530695581232012
NOA1	-0.273636106	0.294648625	0.162084144	-1.49280144	19.89796982	0.790259468249058	0.530695581232012
CHMP1B	0.079190434	0.294648625	0.162145292	1.492564585	24.43739505	0.790095656846726	0.530695581232012
FOXP4	-0.28098175	0.294648625	0.162182649	-1.492419924	20.47470859	0.789995610338354	0.530695581232012
CDK16	0.176893426	0.294648625	0.162194197	1.492375211	21.93079801	0.789964688077774	0.530695581232012
DMAP1	-0.336073778	0.295494418	0.162701549	-1.490413443	20.60561386	0.788608312343103	0.529450718690324
COX7C	0.249047426	0.29570262	0.162857988	1.489809597	22.55950676	0.788190934923847	0.529144827497887
CRELD2	-0.272914852	0.295717047	0.162907737	-1.489750968	22.36190001	0.788058289192942	0.529123639272871
SLC33A1	-0.197244127	0.295947289	0.163094705	-1.488896823	21.50978329	0.787560138448444	0.528785633991614
RNASE4	0.335477251	0.295947289	0.163146782	1.488696167	17.66460414	0.787421488063209	0.528785633991614
HDHD2	0.176294873	0.295947289	0.16317333	1.488593897	22.01974753	0.787350823402914	0.528785633991614
TPT1	0.116847947	0.295947289	0.163219128	1.488417507	27.95130378	0.787228946696971	0.528785633991614
GTF3C1	-0.139027177	0.295947289	0.163243755	-1.488322674	23.91475693	0.787163423963558	0.528785633991614
TIGAR	-0.147881694	0.29627611	0.163467014	-1.487463499	21.2608068	0.786569870423069	0.528303366115168
RELL1	-0.186424648	0.296409922	0.163582745	-1.487018523	20.44863342	0.786262508406129	0.5281072629136
SLC30A5	0.244256032	0.296416003	0.163644445	1.4867814	17.4687615	0.786098732468983	0.52809835323326
HAX1	0.167936536	0.296416003	0.163703476	1.486554605	21.56230404	0.785942098892323	0.52809835323326
DNAAF5	-0.086609492	0.296416003	0.163711807	-1.486522604	23.75525891	0.78591999786334	0.52809835323326
ERCC2	0.181428209	0.296572447	0.163840136	1.486029835	21.45354364	0.785579700206064	0.527869199469799
FBN1	-0.287089071	0.296784879	0.163999448	-1.485701046	22.19404514	0.785157613726433	0.527558229855778
IDH3A	-0.121662729	0.297063598	0.164195458	-1.484667152	24.69500805	0.784638860571141	0.527150563128396
CASP8	0.178709789	0.297629786	0.16455048	1.48330813	23.15561412	0.783700846514261	0.526323607910698
STX3	-0.133790719	0.297676356	0.164618307	-1.483048771	22.76294459	0.78352186908138	0.526255659362424
CTSA	-0.147164111	0.297912474	0.164790997	-1.482388851	23.53155794	0.783066518731285	0.525911311904295
RUFY2	-0.212562965	0.297932675	0.164844287	-1.482185324	20.81158368	0.782926099581603	0.52588186404239
UBA1	-0.088880913	0.298279987	0.165078618	-1.481291033	28.63822367	0.782309175592334	0.525375884509334
PCLAF	-0.498616515	0.298661219	0.165331826	-1.481516512	20.5989381	0.781643537682287	0.524821166641744
ISG15	0.178358083	0.298891052	0.165501307	1.479680635	23.95260026	0.781198572156259	0.524487086383244
VPS8	0.168361328	0.299129304	0.165675518	1.479017932	23.3959186	0.780741662872432	0.524141039519325
LARP1B	-1.172859524	0.299701827	0.166034981	-1.487744398	20.9091972	0.779800403196128	0.523310609561529
LIMCH1	0.086300607	0.299845971	0.166157225	1.477188586	24.09208002	0.779480769585927	0.523101782358045
TPBG	0.355043771	0.300371435	0.166490867	1.476274207	21.33052208	0.778609585102356	0.522341370641696
PDGFB	0.45312169	0.300441861	0.166642021	1.47535206	18.89987256	0.778215475994627	0.522239556572246
AP3D1	-0.105961518	0.300441861	0.166658565	-1.475289464	24.64116678	0.77817236195153	0.522239556572246
TBC1D8B	0.222505943	0.300441861	0.166690227	1.475169691	19.31123272	0.778089861985984	0.522239556572246
PPP3CB	-0.290707691	0.300441861	0.166711598	-1.475088857	18.93994356	0.77803418558178	0.522239556572246
PRDM2	-0.380185241	0.300441861	0.16674226	-1.474972897	20.21918918	0.777954316435737	0.522239556572246
ANKZF1	0.182305624	0.300531637	0.166834569	1.474623902	22.14646697	0.777713956273591	0.52210980302462
SOX9	-0.1850041	0.30054128	0.166882407	-1.474443104	20.19943267	0.777589444899812	0.52209586827038
ITGB4	-0.244311262	0.300627397	0.167006635	-1.473973805	22.44704259	0.777266274441361	0.521971443497152
MAT2A	-0.096217243	0.300627397	0.167015221	-1.473941382	25.6916435	0.777243947444756	0.521971443497152
H4C1	0.351212267	0.30063334	0.167061021	1.483799816	27.21658518	0.777124868714244	0.521962858163212
EIF2S1	0.062576876	0.30063667	0.167129891	1.473508474	27.25554229	0.776945870062168	0.521958047676739
PTGFRN	0.102283453	0.30063667	0.167147868	1.473440626	24.75790095	0.776899158537404	0.521958047676739
ZDHHC13	-0.167824124	0.301087661	0.167441173	-1.472334577	23.02469247	0.77613774223242	0.521307042127279
PDS5A	-0.098859285	0.301346782	0.167627875	-1.471631384	24.95094567	0.775653760454719	0.520933441883492
LPIN3	0.331805312	0.301775815	0.16790919	1.470573097	21.09770774	0.774925533420828	0.520315568513104
TXNRD2	0.433918008	0.301954458	0.168051273	1.471210956	21.44048977	0.774558193371347	0.520058554164595
VRK2	0.324233673	0.302306622	0.168331766	1.468986221	18.8951669	0.773833920288448	0.519552339535511
LRRC8A	-0.213596973	0.302306622	0.168332737	-1.468982578	21.41117399	0.773831415124178	0.519552339535511
CAND2	0.312547283	0.302439771	0.168449632	1.46854421	20.11044541	0.77352993345427	0.519361099446857
HBA1	0.18314229	0.302497585	0.16855882	1.469303315	25.54968319	0.773248517678091	0.519278088202786
FN3KRP	-0.223877235	0.302497585	0.168567357	-1.468102993	22.53746853	0.773226522518737	0.519278088202786
C19orf25	-0.288363756	0.302568254	0.168649509	-1.467795251	20.83681594	0.773014918861978	0.519176640872916
PPP3CC	-0.2513997	0.302733187	0.168784237	-1.467290836	18.09432169	0.77266811519601	0.518939967081299
ARHGEF18	-0.273946763	0.302809971	0.168923503	-1.46676979	17.31435815	0.772309921103417	0.518829828382722
MTMR14	-0.426675304	0.302809971	0.168927795	-1.466753737	19.24603403	0.772298886710905	0.518829828382722
RIOX2	0.148371757	0.302809971	0.168955464	1.466650261	22.41701092	0.772227758629081	0.518829828382722
ATG3	0.164788124	0.303363352	0.169307112	1.465336448	22.70220406	0.771324798314682	0.518036885597761
EVI5L	-0.295371028	0.303479235	0.169414688	-1.464934992	16.65989262	0.771048939691139	0.517871019361158
ASPH	-0.066538652	0.30462565	0.170097727	-1.462391023	25.34693641	0.769301489785155	0.516233531123224
TNFRSF10B	0.146747787	0.304781077	0.170227599	1.461908297	21.46253632	0.768970026380098	0.516012000618516
MT-ATP6	0.130694342	0.304854296	0.170311589	1.46159628	22.06016811	0.768755799086676	0.5159076805307
ARHGEF1	0.104566194	0.305104941	0.170494746	1.460916312	23.12669947	0.768288999770401	0.515550759149925
L1CAM	0.246650892	0.305605034	0.170817402	1.467643165	29.09624295	0.767467887700898	0.514839496233731
MRPS17	-0.23458868	0.305868903	0.17100813	-1.459013682	21.04833397	0.76698324206278	0.51446467450929
BCAS2	0.168738728	0.306206609	0.171244978	1.45813754	22.41386966	0.766382155945719	0.513985439956322
BICD2	-0.210740455	0.306206609	0.17128351	-1.457995101	22.34974148	0.766284445912051	0.513985439956322
AIMP1	0.080746943	0.306367655	0.171416904	1.457502201	25.8913962	0.765946353054977	0.513757087592031
EMD	0.098146106	0.306762591	0.171681241	1.456526417	24.61815657	0.765277156063678	0.513197602717993
SFXN2	-0.273287796	0.306873275	0.171786566	-1.456137968	20.11410246	0.765010801739878	0.513040931787822
ALKBH1	0.554928916	0.307454933	0.172155639	1.455788075	19.2283233	0.764078747304504	0.512218534470065
TIMM10B	-0.285323771	0.307468616	0.172243172	-1.454456301	20.99873599	0.763857985220032	0.512199207022266
ZNF595	0.274593976	0.307468616	0.17225023	1.454430337	17.50007831	0.76384018952098	0.512199207022266
GPD2	-0.121111643	0.307621487	0.172379358	-1.453955464	25.57422485	0.763514741083375	0.511983332851031
TBC1D15	-0.188399536	0.307755505	0.172497961	-1.45351956	22.10920801	0.763216034107706	0.511794169851593
LRIG3	-0.607569657	0.308010371	0.172724779	-1.453827187	18.75993899	0.762645354320097	0.511434660148118
UBE2A	-0.133960668	0.308010371	0.172727897	-1.452675198	21.80847179	0.762637514576545	0.511434660148118
HEATR5A	-0.215611931	0.308488821	0.173039813	-1.451531309	17.71046495	0.761853962900403	0.510760569283833
SAP30BP	0.192833345	0.308902078	0.173315288	1.450522513	22.83559127	0.761163126834851	0.51017917016764
GSPT1	0.087544211	0.309115725	0.173478856	1.449924165	25.76404205	0.760753450452982	0.509878901416737
MYO6	0.064736514	0.309421257	0.173697413	1.449125404	25.8019752	0.76020664976356	0.50944985391821
MRPL12	0.134385607	0.309421257	0.173737805	1.448977877	24.68420699	0.760105669656286	0.50944985391821
ZNF148	0.129205714	0.31016337	0.174198342	1.447297864	23.32433832	0.758955982874152	0.50840949326067
YBX1	0.08491599	0.310257582	0.174295113	1.446945324	27.99468006	0.758714789751093	0.508277596515689
SNX16	0.471663563	0.310693782	0.17458408	1.445893597	17.37023363	0.757995361337083	0.50766743831281
PLEKHG1	-0.706642829	0.310846054	0.174713586	-1.448157258	19.30110455	0.757673322290017	0.507454641362909
SARDH	-0.457653777	0.311396557	0.175067021	-1.444472279	19.76403395	0.756795658295048	0.506686193579612
TBC1D8	-0.311954417	0.311452247	0.175142358	-1.443865847	18.13572688	0.756608807537474	0.506608531522283
MORC3	-0.279995117	0.312319792	0.175674364	-1.441938592	21.07830023	0.75529161007929	0.505400493246504
PRPF3	0.104272637	0.312365063	0.175743985	1.441686745	24.448117	0.755119530183029	0.505337546481052
BRIP1	-0.340746712	0.312424792	0.175821755	-1.441405522	17.12007129	0.754927389262764	0.505254510641141
CHORDC1	0.090947622	0.313048238	0.176216862	1.439978396	25.95985274	0.753952536768612	0.504388736309565
UNG	-0.560288246	0.313073256	0.176275202	-1.44088556	20.07999083	0.7538087789772	0.504354030012279
PLXNA3	-0.26024441	0.313131886	0.176352479	-1.439489173	17.90618937	0.753618431043537	0.504272706229254
KIF11	-0.676508296	0.313490753	0.176598905	-1.448094759	24.18299281	0.753011993589322	0.503775264977769
RPP40	-0.189331191	0.31377299	0.176814166	-1.437826058	20.94095012	0.752482943117219	0.503384443791853
C7orf50	-0.147482311	0.31377299	0.17687932	-1.437591648	22.67411952	0.752322940040465	0.503384443791853
FH	-0.073419862	0.31377299	0.176890965	-1.437549763	26.93779069	0.752294348836184	0.503384443791853
TUT1	-0.338954146	0.314064532	0.17709972	-1.43679925	18.76727029	0.75178212544206	0.502981106665584
RNASEH2C	0.314159054	0.314090078	0.177158526	1.436917149	21.89553805	0.751637941803001	0.502945782601526
CRYZ	0.094424147	0.31532596	0.177907427	1.433902405	24.43886165	0.749805921293312	0.501240273398478
AGK	-0.112482883	0.31532596	0.17794476	-1.433768778	24.13342159	0.749714796289478	0.501240273398478
TMEM87A	0.153828761	0.31532734	0.178011353	1.433530479	22.65896968	0.749552298881991	0.50123837274598
GLB1	-0.156674993	0.31532734	0.17803469	-1.433446988	22.75205211	0.749495367310707	0.50123837274598
LDHA	-0.059552867	0.315545435	0.178202433	-1.432847127	30.50727944	0.749086370830787	0.500938098387797
AKT1S1	0.746947438	0.315617409	0.178287697	1.437785625	19.88023243	0.748878624908558	0.500839049746157
ACOT13	0.114777859	0.315888032	0.178485223	1.431836933	22.4608591	0.748397733810672	0.500466827829638
RAB11B	-0.058320003	0.316283199	0.178753213	-1.430880847	27.48027456	0.747746143229653	0.49992387724452
DIS3	-0.447106794	0.316630763	0.179083924	-1.439063573	23.83827151	0.746943398134492	0.499446892530817
ZNF462	-0.23546537	0.316630763	0.179034452	-1.429878793	20.42546035	0.747063388719646	0.499446892530817
SYF2	-0.230141403	0.316630763	0.179076773	-1.429728116	20.59646013	0.746960740293285	0.499446892530817
UQCR10	-0.19874648	0.316632107	0.179129445	-1.42983196	23.69258839	0.746833019678923	0.499445049088508
CMC2	-0.298371313	0.316632591	0.179174479	-1.42938037	19.39126425	0.746723849689476	0.499444385231735
RALBP1	-0.346931041	0.317038273	0.179480335	-1.428617722	21.36469125	0.745983128527666	0.498888306396214
ANKS1A	0.225612132	0.317038273	0.179496744	1.428234519	22.1360256	0.745943424944483	0.498888306396214
FKBP2	0.131220459	0.317038273	0.179538496	1.428086194	23.8721563	0.74584241723677	0.498888306396214
GTPBP10	-0.230811395	0.317057613	0.179594269	-1.427888102	20.91961262	0.745707526139691	0.498861814329421
CFAP298	-0.215653178	0.317299863	0.179776343	-1.427241777	22.48298247	0.745267458211912	0.498530115414107
ISCA1	-0.220467207	0.317478183	0.179945972	-1.426640126	19.68620867	0.744857870365624	0.498286113925592
MCMBP	-0.111880121	0.317478183	0.179967135	-1.426565097	23.59981414	0.744806797070696	0.498286113925592
GGCT	0.086852724	0.317877345	0.180238342	1.425604248	24.938075	0.744152816310651	0.497740422988304
NDUFB11	0.110863143	0.317969532	0.180335562	1.425260109	23.77685557	0.743918622376562	0.497614492336973
ATP5PB	-0.195603464	0.317996549	0.180395837	-1.426138788	25.33111078	0.743773488904882	0.497577593092264
ICOSLG	-0.274024461	0.318060893	0.180555755	-1.42448124	18.45131002	0.74338866439633	0.497489726046322
CAB39	-0.106999129	0.318060893	0.180568441	-1.424436394	23.97396598	0.743358151570767	0.497489726046322
LIMD1	-0.337057993	0.318060893	0.180603748	-1.424311587	20.63639033	0.743273241182933	0.497489726046322
RSL1D1	0.152437266	0.318060893	0.180643208	1.424292478	25.30844691	0.743178362817652	0.497489726046322
THEM6	0.173097217	0.318060893	0.180657148	1.424122861	22.14057824	0.74314485017378	0.497489726046322
PHLDA2	0.200286682	0.318214373	0.180789308	1.42365599	18.35635329	0.742827257565893	0.497280208179018
SH3PXD2A	-0.173697552	0.318327383	0.180920069	-1.423194342	20.64539132	0.742513255293168	0.497126001107909
UBR3	-0.243267094	0.318327383	0.180943513	-1.423111605	17.75456957	0.742456982154038	0.497126001107909
AGO2	-0.162254257	0.31885788	0.181290132	-1.421889363	22.99933573	0.741625834815594	0.496402845735751
WDR83	0.309492651	0.319419441	0.181654568	1.420606416	18.70265543	0.740753676621803	0.495638654690716
PDCD5	0.079471999	0.319437472	0.181709978	1.42041154	25.78802209	0.740621224197957	0.495614139768373
GNE	0.128524892	0.320109877	0.182146395	1.418878425	22.18163822	0.739579419794563	0.494700925479672
FBRSL1	-0.208535153	0.320109877	0.182182975	-1.418750062	19.14502096	0.739492210288498	0.494700925479672
CCT8	0.053331784	0.320311481	0.182342993	1.41818879	29.04520802	0.739110920915615	0.494427494537595
AIMP2	0.106718419	0.32057591	0.182538842	1.417502407	25.42429198	0.738644708898487	0.494069116252472
SIAH1	-0.212556822	0.320607289	0.182602031	-1.417281082	17.95898899	0.73849439631329	0.494026608193684
ZWILCH	-0.203608847	0.320852526	0.182787062	-1.416633364	20.43092854	0.738054547665974	0.493694537256247
CHCHD1	-0.182140169	0.320994761	0.182913469	-1.416191182	20.1605428	0.737754313676102	0.493502055717739
EIF4A1	-0.056006931	0.321198351	0.183074887	-1.415626902	29.20688916	0.737371225252243	0.493226693011784
MRPL23	0.474620991	0.321324004	0.183191929	1.416293048	20.48173459	0.737093664226998	0.493056829956264
BAG3	0.102070601	0.322259779	0.183770985	1.413198273	23.89766332	0.735723056873247	0.491793895072152
TRAPPC3	-0.186705863	0.322331578	0.183864388	-1.412872986	23.74815366	0.735502379477407	0.491697145684198
ANKMY2	-0.151460034	0.322331578	0.18390306	-1.412738345	20.51312553	0.735411044388577	0.491697145684198
NOL11	-0.141992131	0.322618272	0.184112237	-1.41201049	23.25546047	0.734917345200719	0.491311039290358
ERLIN1	-0.189557977	0.322625758	0.18416821	-1.411815843	21.0992704	0.734785332950702	0.4913009620844
CYBRD1	0.311204187	0.322625758	0.184207724	1.411678464	18.21495542	0.734692163388634	0.4913009620844
IER3IP1	0.183937151	0.32293205	0.184428256	1.41091218	22.45991874	0.734172540523232	0.490888850469346
PARP2	0.342336261	0.323146262	0.184596274	1.410328881	20.79949943	0.733777069277445	0.490600863421218
LAMTOR5	0.257639273	0.32345726	0.18486117	1.409410162	20.6831013	0.733154302608862	0.490183096672035
KLHL14	-0.154859928	0.32345726	0.184865381	-1.409395567	23.08459813	0.733144409816156	0.490183096672035
CCAR2	-0.086089104	0.323653291	0.185023171	-1.408848849	26.42060131	0.732773880206165	0.489919972592062
SNX1	0.095941318	0.323915735	0.185218992	1.408170903	24.49756119	0.732314483648077	0.489567954559474
MED6	-0.29534351	0.324362208	0.185555422	-1.407007556	20.72275651	0.731526350879858	0.488969751912078
YME1L1	0.132768402	0.324362208	0.185565996	1.406971021	23.093464	0.731501603023065	0.488969751912078
SSRP1	-0.085885557	0.32465834	0.185810344	-1.406127236	25.48176686	0.730930112640144	0.488573436255089
MTHFR	-0.263909939	0.32465834	0.18582961	-1.406060747	21.16996621	0.730885084556345	0.488573436255089
PACS1	0.12412128	0.32465834	0.185873096	1.405910691	21.85128219	0.730783467163621	0.488573436255089
NUP58	-0.234496407	0.324669874	0.185925595	-1.405729571	22.26312366	0.730660820006926	0.488558007532151
LGR4	-0.248457702	0.324754354	0.186019882	-1.405404396	21.04642104	0.730440635451799	0.488445017605209
SSB	-0.068418867	0.324831803	0.186110164	-1.405093162	27.6538565	0.730229908177257	0.488341457290304
CAP2	-0.452568668	0.325643446	0.186621223	-1.403645973	19.86376677	0.729038968801317	0.487257658146056
CDC42EP1	-0.186374536	0.325749641	0.186735846	-1.402939675	21.80393494	0.728772306444574	0.487116054239491
PCDH12	0.323661805	0.325749641	0.18677418	1.402807933	16.91662609	0.728683161610064	0.487116054239491
AP2S1	-0.160517052	0.326329409	0.187157684	-1.401491185	22.72469056	0.727792337663676	0.486343785571968
PKD2	0.235818669	0.326329409	0.187198861	1.401349941	17.63954911	0.72769679802804	0.486343785571968
BLOC1S6	-0.215612679	0.326460054	0.187319955	-1.400934716	19.76650541	0.727415955220803	0.486169951873473
FGFRL1	-0.649846993	0.326743522	0.187528796	-1.402116374	18.98384062	0.72693203468999	0.485793013961779
PIGX	-0.321750081	0.327115224	0.187788369	-1.39933065	17.97915362	0.72633131002276	0.485299243263171
SMAD5	-0.211524799	0.327647942	0.188140506	-1.398126974	17.03535538	0.725517692283486	0.484592555560279
GUF1	-0.180809967	0.328037345	0.18841048	-1.397205421	19.0732057	0.724894944008184	0.484076711763347
SRC	-0.095914929	0.328041134	0.188459029	-1.397039817	23.43303423	0.724783050833411	0.484071695467753
PRPSAP2	-0.090634033	0.328196445	0.188594649	-1.396577393	24.65016841	0.724470633670485	0.48386612750366
SLC30A6	-0.218028519	0.328420985	0.188770105	-1.395979555	18.83662349	0.724066782609675	0.483569100704454
NSUN2	0.099875577	0.328502332	0.188890325	1.395570195	26.32425882	0.723790286158204	0.483461543087041
COX4I1	0.08994034	0.328502332	0.18893653	1.395412917	25.59538038	0.723684065139921	0.483461543087041
RIMS2	0.361796327	0.328502332	0.188999304	1.395199294	17.05822025	0.723539795136364	0.483461543087041
THYN1	-0.19215849	0.328502332	0.189002614	-1.395188033	20.3194167	0.723532189276887	0.483461543087041
SYTL2	0.157660431	0.328521142	0.189059877	1.394993219	20.90582281	0.723400628988843	0.483436676154488
COPS7A	-0.153297507	0.328638665	0.189205691	-1.394497368	22.90630613	0.723065804864851	0.483281342275583
FBXO38	0.318626287	0.328638665	0.189247976	1.394353636	17.77260515	0.722968756566235	0.483281342275583
AKR7A2	-0.191479588	0.328638665	0.189266882	-1.394289381	23.01860451	0.722925372422611	0.483281342275583
UROD	0.172747248	0.32900944	0.189526925	1.393520695	24.23258672	0.722329083594165	0.482791641013268
MAPK8IP3	0.350034586	0.329098474	0.189624736	1.393074153	16.49087918	0.722105010839745	0.482674131485377
GNPAT	-0.262450888	0.329446467	0.189871819	-1.392236206	21.99315901	0.72153948898074	0.482215145486704
ITFG1	-0.18456726	0.329544945	0.189975161	-1.391886006	20.00840719	0.72130317876205	0.482085345760855
NDUFA8	-0.112069416	0.329660981	0.190088654	-1.391501587	22.47646675	0.721043804503547	0.481932453339731
CTNNA2	-0.213412222	0.329678899	0.190145591	-1.391780542	23.63330614	0.720913740336913	0.481908848856627
LEMD2	-0.116625595	0.329770073	0.190244793	-1.390973036	23.60556757	0.720687221034729	0.481788759609311
COL6A1	0.201065385	0.330211837	0.190546327	1.389953327	21.733496	0.719999418337662	0.481207362776309
PLEK2	-0.631748865	0.330921335	0.191002518	-1.390910309	19.82009453	0.718960907378989	0.48027523231407
NUP188	-0.207388319	0.331081764	0.191141918	-1.38794314	22.89960411	0.718644060408266	0.480064739550799
POLR2L	-0.194692745	0.331118959	0.191210199	-1.387713016	20.63373106	0.718488946519703	0.480015951977151
BRME1	-0.880510431	0.331216553	0.191313378	-1.394096697	19.00952568	0.718254659933833	0.479887966884383
NDUFB7	0.16844846	0.33231143	0.191992764	1.385080467	21.45091083	0.716715139078169	0.478454720711786
PTEN	0.223094426	0.332669948	0.192246925	1.384227392	18.9115608	0.716140598034787	0.477986429691013
RPL34	-0.1172548	0.333128539	0.192559032	-1.383181107	27.08539493	0.715436105938859	0.477388159865728
RRM2B	-0.653021445	0.333876819	0.19303876	-1.386658574	20.52218253	0.714355480815843	0.476413732876941
ZNHIT2	0.259610423	0.334134587	0.193235029	1.380919775	19.78276931	0.713914143332268	0.476078567265809
IDUA	-0.230538077	0.33428376	0.193368553	-1.380473891	18.12058491	0.713614152636851	0.475884721563891
TRMT2A	0.185458991	0.33430826	0.193429984	1.380268837	22.73939678	0.713476204108147	0.475852892841761
ALG5	0.177989699	0.33453884	0.193610689	1.379665968	20.19991954	0.713070669519513	0.475553453326798
CEP104	-0.623365348	0.334707284	0.193850119	-1.37988191	17.76916102	0.712533928053586	0.475334836293001
NPHP3	-0.505943095	0.334707284	0.193768089	-1.379441523	17.0992899	0.712717743860723	0.475334836293001
NSD1	-0.257637338	0.334707284	0.193836891	-1.378911966	17.08052635	0.712563564576145	0.475334836293001
GDPD1	0.25102203	0.335251712	0.194212824	1.377660486	18.63466546	0.711722096732048	0.474628995697826
EIF1AX	-0.115384276	0.335351907	0.194318273	-1.377309806	24.61353147	0.711486357969822	0.474499219673047
BZW1	-0.103872851	0.335511289	0.194458055	-1.376845194	26.92584852	0.711174062444024	0.474292862475843
ANPEP	-0.381820823	0.335614384	0.194565251	-1.376489081	17.39203395	0.710934721346756	0.474159434142625
ZRANB2	0.081947083	0.335687414	0.194655043	1.376190912	24.44781276	0.710734340372732	0.474064941542626
MTHFS	0.247140825	0.336081372	0.194941606	1.37524009	20.0481151	0.710095460380408	0.473555558526679
ATP7A	-0.308559295	0.336081372	0.194978506	-1.37511774	18.55129907	0.71001326166361	0.473555558526679
NUDT2	-0.131977488	0.336195453	0.195092216	-1.37474083	22.98673389	0.709760058210231	0.4734081646335
ITGA6	-0.238470817	0.336252568	0.195172893	-1.374473524	22.13693985	0.709580500388599	0.473334390219362
TSC2	-0.141637768	0.336285914	0.195239786	-1.374251955	22.30579157	0.709431677040255	0.473291323586915
AHSG	-0.627726606	0.336769986	0.19561604	-1.374011282	17.57157552	0.70859553708481	0.472666621137408
PSMG2	-0.101499365	0.336769986	0.195610542	-1.37302506	23.44876166	0.708607743571646	0.472666621137408
GPR89B	-0.171574381	0.337131789	0.195873855	-1.37215488	21.10736786	0.708023529227298	0.472200294834787
CTSZ	0.146654334	0.337812094	0.196316867	1.370693034	24.6479782	0.707042385421212	0.471324806323793
SMS	-0.093691395	0.337959321	0.196450202	-1.370253592	24.92439325	0.706747520288468	0.471135571108217
SNRPA1	0.095691995	0.337970193	0.196504298	1.370075374	25.08807736	0.706627946167589	0.471121600273951
UBE2Q1	0.102704806	0.338615835	0.196927558	1.368682361	22.25191514	0.705693504532916	0.470292736444687
SMIM8	-0.178243181	0.338765683	0.197062593	-1.368238461	17.99182601	0.705395806950825	0.470100590190747
TERF2IP	0.296992191	0.338927031	0.197252274	1.367910072	21.99360863	0.704977981376037	0.469893792785544
INTS11	-0.114504552	0.338927031	0.19721324	-1.367743541	22.73008136	0.705063931859718	0.469893792785544
HSPBAP1	-0.21859682	0.338984851	0.197333844	-1.367347543	22.55457469	0.704798424114504	0.469819709685155
PRPF39	-0.156234901	0.339153247	0.197484844	-1.366852027	20.39280543	0.704466228745044	0.469604020711793
MAP1LC3A	0.156736779	0.339153247	0.19752776	1.366711252	21.31471165	0.704371861214136	0.469604020711793
TTF2	0.307507165	0.339575676	0.197830932	1.3657175	19.61041934	0.703705802998447	0.46906342607624
RAD54B	-0.371627792	0.339575676	0.197869796	-1.3655902	17.07756063	0.703620493977742	0.46906342607624
DPH1	-0.133866467	0.339756926	0.198023439	-1.365087146	20.79214648	0.70328340152688	0.468831681341832
RAB2B	0.110530286	0.339792526	0.198092222	1.364862042	24.2257647	0.703132576499797	0.468786178005689
PACS2	0.675932212	0.341212264	0.198968136	1.364256662	18.420624	0.701216468652569	0.466975367622314
WDR33	-0.20185386	0.341516533	0.199193839	-1.361265609	22.56976781	0.70072409829024	0.466588267042864
NDUFA9	-0.113214999	0.341607615	0.199295254	-1.360935349	24.07138839	0.700503043427727	0.466472456731222
NOVA2	0.554664389	0.341706481	0.19943267	1.361472162	17.94816089	0.700203696382808	0.466346784046292
HAUS3	-0.336054472	0.341706481	0.199594456	-1.360635096	21.62098614	0.699851525984751	0.466346784046292
DCTN4	-0.094109353	0.341706481	0.199511207	-1.360232557	23.41455466	0.700032703979453	0.466346784046292
SLU7	0.160813547	0.341706481	0.199530975	1.360168253	21.91733266	0.699989675278667	0.466346784046292
AASS	-0.318107855	0.341706481	0.199573394	-1.360030291	16.71493084	0.699897356882136	0.466346784046292
BRAP	-0.294012002	0.341753013	0.199669946	-1.359716359	19.86898899	0.699687299518954	0.466287647869121
DCP1B	-0.218333674	0.34177865	0.19973324	-1.359510632	20.44230781	0.699549652969646	0.466255069985051
DENND4A	0.264600849	0.342080004	0.199974102	1.358728238	16.64158377	0.699026244769846	0.465872311393036
MAK16	0.203960276	0.342080004	0.200006064	1.358624474	21.49164298	0.698956836726947	0.465872311393036
CX3CL1	-1.004089467	0.342274494	0.200216547	-1.365944594	19.26780893	0.698500032881539	0.465625462906452
IL6ST	-0.340166907	0.342274494	0.200185686	-1.358041591	17.89976651	0.698566979371483	0.465625462906452
TRPC4AP	-0.356751515	0.342869289	0.200612947	-1.35665684	19.98840689	0.697641042256712	0.464871413150279
FAM162A	0.13863028	0.342890847	0.200674032	1.356459061	25.52822273	0.697508823271197	0.464844107624768
DPH5	-0.172240038	0.344134438	0.201450482	-1.353949448	21.20433669	0.695831689160737	0.463271864766464
SMAP2	0.310668484	0.344294416	0.201592801	1.354463179	22.2616965	0.695524980866388	0.463070020920226
TYSND1	0.204402707	0.344441192	0.201727433	1.35305623	18.00896621	0.695235037878507	0.462884916485083
JPT2	-0.099904375	0.344444281	0.201794352	-1.352840553	24.64139911	0.695090993349655	0.462881021684837
SLC35F2	0.179678324	0.344444281	0.201827561	1.352733546	20.09597175	0.695019528025214	0.462881021684837
DST	0.126380882	0.344444281	0.201875317	1.35257969	21.33226549	0.69491677836201	0.462881021684837
TBCD	-0.086469744	0.34452548	0.20197161	-1.352269552	24.50750662	0.6947096725675	0.462778653540993
RABL6	-0.087726799	0.34601969	0.202896476	-1.349296963	23.41683523	0.692725495928926	0.460899187290916
METAP2	-0.286879968	0.346029905	0.202951382	-1.349175871	21.62329416	0.692607987002865	0.460886366481063
FHIT	0.298551511	0.346273282	0.203143076	1.34850626	18.14950713	0.692197975731066	0.460581016760128
TPP2	-0.127194727	0.346793608	0.203497352	-1.347371688	25.46989939	0.691441237639107	0.459928915912988
FIBP	0.165396398	0.3469744	0.203652489	1.34687537	22.12050973	0.691110277685227	0.45970256656034
UBE3B	-0.811571273	0.347077424	0.203818197	-1.351080112	17.69743571	0.690757044549951	0.459573634531102
ANXA11	0.074002923	0.347077424	0.203859945	1.346212161	26.65425377	0.690668097293642	0.459573634531102
ATG7	0.111521294	0.347077424	0.203860149	1.346211509	23.28832086	0.690667662701011	0.459573634531102
TTC41P	-0.229773959	0.347122	0.203935401	-1.345971077	19.63256917	0.690507378810109	0.459517860613168
SEPTIN5	-0.139712798	0.347472848	0.204190646	-1.345156105	21.50083848	0.689964156880018	0.459079126108344
USP34	-0.183297758	0.347732319	0.204392279	-1.344512904	19.70008723	0.689535513875035	0.458754943164674
RIPK2	-0.314487648	0.347821019	0.204493585	-1.34418994	20.84933781	0.689320311337811	0.458644176905211
DHODH	0.134014333	0.347984994	0.204639182	1.343726005	22.91645061	0.689011208858366	0.458439483534766
BRCC3	-0.195829672	0.348375666	0.204958601	-1.342709152	22.1107827	0.688333851982946	0.45795218802432
SPAG7	-0.198891461	0.348375666	0.204967419	-1.342681097	19.83211921	0.688315167593299	0.45795218802432
ZNF503	0.452742425	0.348451006	0.20508718	1.342577219	19.1166429	0.688061486532031	0.457858277306752
ZMYM1	-0.469327266	0.348451006	0.205110261	-1.342509497	18.9822844	0.688012612746163	0.457858277306752
BCLAF1	-0.413885894	0.3486733	0.205330756	-1.349639703	25.47307389	0.687545993831225	0.457581307876762
RSRC2	-0.322068375	0.3486733	0.20533969	-1.341552019	21.03021946	0.687527097965016	0.457581307876762
NECAP2	-0.114873409	0.348705467	0.205407928	-1.341280946	22.53181688	0.687382798225565	0.457541243707131
TRMT10A	-0.268736814	0.349266925	0.205788032	-1.340074775	18.26412758	0.686579886072593	0.456842539384125
PLEKHF1	-0.308537539	0.349270757	0.205839665	-1.339911074	20.25320195	0.686470933602849	0.456837774526057
RYBP	-0.582479292	0.349298524	0.205973904	-1.342135978	20.31177243	0.686187799372169	0.456803249518407
ELAVL1	0.07851993	0.349298524	0.205906801	1.339698266	25.98709059	0.6863293086127	0.456803249518407
CACNA1E	0.414275477	0.349298524	0.206004162	1.339389756	18.14970195	0.686124005284369	0.456803249518407
CD2AP	0.09115723	0.349372991	0.206097469	1.339094205	25.07234838	0.685927341583636	0.45671067208649
WWTR1	0.190858401	0.3496411	0.206305054	1.338437068	21.97221249	0.68549013267917	0.456377522107233
NUB1	-0.740524079	0.349688864	0.206530969	-1.341333096	18.37443463	0.685014817337453	0.456318197774704
AGO1	-0.178725807	0.349688864	0.206405891	-1.338118053	20.15163491	0.685277911733379	0.456318197774704
FAM117B	-0.188165784	0.349688864	0.206441257	-1.338006197	19.94555864	0.685203505218721	0.456318197774704
POLG	0.208182227	0.349688864	0.206521043	1.337753904	19.51417272	0.685035690287604	0.456318197774704
DAAM1	-0.174751514	0.349819104	0.206657342	-1.337323101	22.19388694	0.684749160750314	0.456156476917861
TIAL1	0.117219537	0.349868254	0.206735836	1.337075108	24.30780914	0.684584235380055	0.456095462313048
PHF5A	0.116418838	0.349916233	0.206813652	1.336829334	23.55138032	0.684420796368361	0.456035909649715
BCL9	-0.225424715	0.350146091	0.206999004	-1.336244224	20.90359165	0.684031744196921	0.455750717714122
SPATS2	0.176922177	0.35048845	0.207250945	1.335449595	20.68065587	0.683503480525097	0.455326289206354
KDM5B	0.177765617	0.350812343	0.207492062	1.334689854	19.9988767	0.682998513388228	0.454925134797197
EIF2S3	-0.058404784	0.350817087	0.207625114	-1.334270926	27.2519236	0.682720116083921	0.454919261916346
ARMC10	-0.213502354	0.350817087	0.207625543	-1.334269577	20.95722422	0.682719218735153	0.454919261916346
ASB6	-0.218206113	0.350817087	0.207647293	-1.334201115	19.06364551	0.682673726209897	0.454919261916346
PEX26	-0.312577219	0.350817087	0.207693237	-1.334056518	18.50751221	0.682577644925665	0.454919261916346
ALDH4A1	-0.120378906	0.351022539	0.207864492	-1.333517775	24.49188211	0.682219691743623	0.454664996784714
UQCRH	0.157233186	0.351131475	0.207978637	1.333262728	24.48780772	0.681981272294438	0.454530239158561
SUPT6H	-0.071824557	0.351222782	0.208082369	-1.33283289	25.88515437	0.681764716378452	0.454417321421999
ARFGEF2	-0.118415282	0.352168657	0.208692537	-1.330917991	22.74028325	0.680493081349834	0.453249298844796
POLR1D	-0.264671778	0.352765503	0.209096092	-1.329930896	22.24354895	0.679654084057965	0.452513891196844
TUBB2B	0.125916738	0.35292396	0.209239905	1.329480742	27.98092421	0.679355485824802	0.452318856396174
LAMTOR2	-0.360516111	0.353253096	0.209484979	-1.328714211	20.85872691	0.678847112417449	0.451914023195401
IMPDH2	0.06603791	0.354023315	0.209991777	1.326855823	26.75835999	0.677797711330107	0.450968135594503
PFDN5	0.081026546	0.354184267	0.210137315	1.32640207	25.28775339	0.677496821179727	0.450770734243737
PROSER1	-0.297411764	0.354196451	0.210194614	-1.326223497	19.04639017	0.677378416471658	0.450755794695459
NOC2L	0.117525232	0.35421127	0.210289844	1.3259268	24.3452167	0.677181701166576	0.450737624904991
TMEM161B	0.363752121	0.35421127	0.210303553	1.325884099	18.95535851	0.677153390008593	0.450737624904991
P3H4	-0.24245451	0.354394341	0.210462344	-1.32538964	20.48450051	0.676825597006159	0.450513221582095
AUH	-0.222303968	0.354628804	0.210651715	-1.324800362	18.45216348	0.676435000757382	0.450225992620558
HTT	-0.092264088	0.355004087	0.21096669	-1.323821193	23.48325456	0.675786111011284	0.449766647082004
NDUFS2	0.090192048	0.355004087	0.210975004	1.323795362	24.18393098	0.675768996209053	0.449766647082004
HS2ST1	-0.292392236	0.355864077	0.211536393	-1.32205318	19.91079997	0.67461490526567	0.448715850007065
ATP5PF	-0.139398811	0.355868531	0.211589347	-1.321889041	23.37136184	0.674506201738842	0.448710414404984
RPL35A	-0.104998618	0.356264638	0.211875224	-1.321003503	27.21753456	0.673919825305173	0.448227282570735
NDUFB8	0.727554578	0.356532517	0.212128059	1.326248048	20.08645347	0.673401881870538	0.447900854845319
RASAL1	-0.33263737	0.356532517	0.212203582	-1.320907917	21.83233681	0.673247289474714	0.447900854845319
ATG16L1	-0.36636243	0.356532517	0.212221432	-1.320355307	21.00238409	0.67321075931626	0.447900854845319
GLUD2	-0.20458002	0.356532517	0.212236136	-1.319886927	18.93916478	0.673180669778243	0.447900854845319
CNOT4	-0.144637266	0.356812635	0.212453325	-1.319215748	20.41827593	0.672736467597049	0.447559775333967
GGT5	-0.196421697	0.356913775	0.212564	-1.318873943	18.96847692	0.672510286027293	0.447436690231389
NDUFS4	0.254392411	0.357150279	0.21275534	1.318283358	21.4102865	0.672119530639714	0.447149006275507
FHIP2B	-0.238943773	0.358174683	0.213416213	-1.316246865	21.57173421	0.670772590773913	0.445905114807401
PDZD11	0.332438044	0.358371327	0.213584042	1.315730516	20.50850964	0.670431198882442	0.445666745170137
NUP43	0.130602502	0.358397852	0.213683941	1.315423323	22.88437599	0.670228115164661	0.445634601876382
CLPB	0.196568418	0.358397852	0.213701179	1.315370325	23.02181394	0.670193081805132	0.445634601876382
BBS7	-0.222366592	0.359081916	0.214159825	-1.31396156	16.70085655	0.669261996703293	0.444806466160957
RRAS2	0.089352736	0.359744885	0.214606081	1.312593216	24.10704369	0.668357976184943	0.444005372324137
VPS72	-0.197396928	0.359819814	0.214701645	-1.312300491	19.72008422	0.668164628075694	0.443914925276366
RPS27L	0.14514927	0.359857024	0.214774718	1.31207673	22.76233678	0.668016842522326	0.443870015959204
TMEM167B	-0.442585823	0.360066312	0.214950528	-1.311638789	18.21842299	0.667661483753744	0.443617509555969
CAAP1	-0.228143984	0.360348071	0.215169671	-1.310868405	19.8952328	0.667218944184089	0.443277798445105
PDZD8	0.193962792	0.360672325	0.215414274	1.31012097	18.53742731	0.666725522421306	0.442887180556319
XDH	-0.156744157	0.360785235	0.215532712	-1.309759307	22.55388683	0.66648680641765	0.442751244104695
PLEKHA5	-0.362338223	0.360791701	0.215654194	-1.309630051	20.5165185	0.666242091362938	0.442743460740288
CGNL1	-0.387105534	0.360791701	0.215649785	-1.309401971	17.59953683	0.666250970503701	0.442743460740288
INPP4A	0.244504818	0.360791701	0.215689582	1.309280535	20.29884258	0.666170831203338	0.442743460740288
PTPN13	-0.616683575	0.361300794	0.216096079	-1.310063292	19.1754557	0.665353113191319	0.442131084018915
MAN2C1	0.21882062	0.361300794	0.216084057	1.308077844	18.01989099	0.665377274821287	0.442131084018915
COA4	0.251215914	0.36130686	0.216150782	1.30849215	22.76921469	0.665243188917419	0.442123792564658
APOC3	0.285109091	0.361731477	0.216455943	1.307185401	21.72509383	0.664630485726668	0.441613698336495
TAOK3	-0.769738369	0.362169301	0.216769129	-1.310162744	17.97470097	0.664002567426946	0.44108836509689
RAB4A	-0.1287937	0.36264677	0.217106174	-1.304969881	22.10468332	0.66332782603427	0.440516186332453
GRHL1	0.199134167	0.363304078	0.217551043	1.303620883	16.66436142	0.662438830238151	0.439729727259891
SHROOM1	-0.178626904	0.363379349	0.217660376	-1.303289691	17.18951815	0.662220624936011	0.439639757463279
ESRRA	0.391079536	0.363379349	0.217698852	1.30317317	18.69466295	0.662143861135202	0.439639757463279
USP32	0.652116153	0.363511862	0.217829627	1.305250323	19.31902827	0.661883052185541	0.439481412818449
TFAP2C	0.229357352	0.363635903	0.217955362	1.302396794	17.24390557	0.661632442276638	0.439333243973146
FLII	0.072952598	0.363971303	0.218207845	1.301633329	26.33635115	0.661129639728589	0.43893285657086
CSGALNACT2	-0.175070505	0.364921352	0.218829004	-1.299758111	21.01809846	0.659895116331526	0.437800724784205
UBR4	-0.092904737	0.365373993	0.219191987	-1.298664306	25.81921356	0.659175326397942	0.437262368583247
CYRIA	0.124165967	0.365373993	0.219203735	1.298628927	21.76839275	0.659152050205595	0.437262368583247
LYN	0.779910177	0.365452861	0.219302713	1.302759078	18.05097594	0.658955995620054	0.437168633830223
PRSS8	0.352245787	0.365691613	0.21949768	1.298630857	21.4383195	0.658570065711257	0.436884999928809
RFX3	-0.313824043	0.366036231	0.219756273	-1.296966817	16.89172742	0.658058719028246	0.436475925139439
GFRA1	-0.348299427	0.366177848	0.219903397	-1.296524819	20.37620538	0.657768061739892	0.436307931968659
WDR73	0.215535273	0.366177848	0.219944823	1.29640041	19.96446896	0.657686255869401	0.436307931968659
H2AW	0.233823972	0.366912476	0.220437945	1.300979884	27.77054826	0.656713646273496	0.43543752082558
PATL1	-0.317600608	0.367363122	0.220787449	-1.293873953	20.57243256	0.656025618374767	0.434904442792761
SMUG1	0.446986837	0.367363122	0.220844803	1.293799465	17.65997476	0.6559128162606	0.434904442792761
HMMR	-0.151902782	0.367363122	0.220940263	-1.29341661	22.72530524	0.655725133357404	0.434904442792761
UBIAD1	-0.200202254	0.367363122	0.220942462	-1.293410029	21.89585937	0.655720810882178	0.434904442792761
IFT27	-0.171786904	0.367363122	0.220968347	-1.293332587	21.67426844	0.655669933137403	0.434904442792761
TPMT	-0.107055242	0.367825561	0.2212985	-1.292345475	23.31799412	0.655021529786843	0.434358093979054
CBX3	-0.100969396	0.368375481	0.221681428	-1.29120207	25.04099748	0.654270689632344	0.433709284069037
NBEAL1	0.213349661	0.36905024	0.222139655	1.289835929	20.60062445	0.653373906960709	0.43291450790717
EIF3B	-0.065844063	0.369350603	0.222372663	-1.289142125	26.28685309	0.652918603052088	0.432561187615355
RPL38	-0.084690573	0.369486579	0.222506761	-1.288743103	26.30916047	0.652656788186952	0.432401332024497
CDCA3	-0.389404031	0.369747616	0.222716227	-1.28899245	21.0345069	0.652248139320608	0.432094617497081
IBA57	0.283183938	0.369975737	0.222905936	1.287556467	19.16492987	0.651878366074637	0.431826756020909
DAGLB	-0.194173845	0.37002112	0.222985586	-1.287319896	17.45077815	0.651723209252204	0.431773486641963
SDF4	-0.124888699	0.370033247	0.223045203	-1.287142871	23.19108961	0.651607112628741	0.431759253392577
ALDH1L2	-0.644988241	0.370140073	0.223423539	-1.288007371	17.84738145	0.650871073300664	0.431633893719667
ARHGEF28	0.356428755	0.370140073	0.223230394	1.286593213	19.80317936	0.651246674215548	0.431633893719667
CDK5	-0.128529791	0.370140073	0.223249978	-1.286535107	22.45357033	0.651208575236635	0.431633893719667
PPP1R37	-0.182246783	0.370140073	0.223267445	-1.286483287	18.54170426	0.651174597517833	0.431633893719667
SUZ12	0.182001044	0.370140073	0.223341975	1.286262211	20.27467053	0.6510296477403	0.431633893719667
RAI1	0.374163366	0.370140073	0.223401832	1.286084702	19.51745509	0.650913269786978	0.431633893719667
URI1	0.120103554	0.370275722	0.223557762	1.285622468	22.81445996	0.650610246685026	0.431474762557872
CASTOR1	-0.186152665	0.370380131	0.223673158	-1.285280558	18.00775387	0.650386130485074	0.43135231904331
CBWD1	0.227330735	0.370733029	0.223938681	1.284494374	18.98067339	0.649870884116694	0.430938720489323
NRBP2	0.212824142	0.370892302	0.224129988	1.283928407	17.61043155	0.649500032123478	0.430752180512361
KIF5B	0.065993755	0.370892302	0.224177938	1.28378661	27.01165766	0.649407129815583	0.430752180512361
NEMF	-0.074980589	0.370892302	0.224192181	-1.283744498	24.23554108	0.649379538073646	0.430752180512361
TSR3	-0.166582522	0.371126776	0.224386375	-1.283170513	17.035227	0.649003517478103	0.430477711106497
NFIB	0.078088178	0.37125464	0.224516165	1.282787117	23.76987875	0.648752384649241	0.430328109758763
ACYP1	-0.172359449	0.371304024	0.224598519	-1.282543938	22.51541861	0.648593111797839	0.430270344090498
MTFP1	0.233700289	0.371426067	0.224724847	1.282171049	20.33695063	0.648348906582144	0.430127620367374
BTBD1	0.209993343	0.372537462	0.22544994	1.280034029	17.04987418	0.646949875938126	0.42883004849467
CAMKMT	0.203389314	0.373270999	0.225946624	1.278573391	19.03330663	0.645994143330896	0.427975750935028
RFX5	1.154173255	0.373329654	0.226059784	1.285534462	17.0122095	0.645776691703091	0.427907512197796
ZNF207	-0.110434725	0.373329654	0.226087679	-1.278159053	24.40830915	0.645723104563587	0.427907512197796
MRPL2	-0.12084205	0.373889844	0.226479782	-1.277008375	23.20569183	0.644970561676522	0.427256331461618
GOLGA4	-0.23517169	0.373907617	0.226543405	-1.277075109	22.54154945	0.644848576229434	0.427235687594178
BAZ2B	0.262589047	0.374025119	0.226667471	1.276458149	16.71210074	0.644610800909418	0.427099230214587
FHIP1B	-0.62534529	0.374208592	0.226941098	-1.277570692	18.19209169	0.644086848238614	0.426886245122085
TBC1D31	-0.376159899	0.374208592	0.22685016	-1.27592293	17.47496392	0.644260910085015	0.426886245122085
MED31	0.225032288	0.374208592	0.226993848	1.275502217	19.62966247	0.643985912920788	0.426886245122085
GOLGA3	-0.205099772	0.374208592	0.227096054	-1.275455686	23.22475017	0.643790411975396	0.426886245122085
DOCK10	-0.355286245	0.374208592	0.227024628	-1.275412124	16.65581045	0.643927027281193	0.426886245122085
TTC7B	-0.168250062	0.374208592	0.227062056	-1.275302582	17.53099086	0.643855434017272	0.426886245122085
CYC1	-0.085131732	0.374507953	0.227330669	-1.274516862	25.26938839	0.643341969998867	0.426538955247984
TRMT112	0.086300658	0.374666025	0.227479584	1.274081593	23.72792714	0.643057574628898	0.426355687274515
EHHADH	-0.097901821	0.375464714	0.228026384	-1.272485301	24.32538955	0.642014899654453	0.425430871536408
YY1	-0.106959145	0.375464714	0.228070664	-1.272356169	22.79088409	0.641930573041056	0.425430871536408
CIAPIN1	0.102855182	0.375534576	0.228179743	1.272038148	25.39199713	0.641722913352573	0.425350070711197
RBM12B	-0.116502795	0.375534576	0.228224442	-1.271907867	23.37518854	0.641637846082172	0.425350070711197
ADARB1	-0.216297702	0.375534576	0.228302288	-1.271681016	19.02716472	0.641489736075269	0.425350070711197
GTF3C2	-0.152054374	0.375534576	0.228325447	-1.271613543	21.40764642	0.641445683447081	0.425350070711197
USP48	0.072140541	0.375812577	0.228591264	1.270839467	23.22787177	0.640940370918384	0.425028689828096
GTPBP1	-0.105106753	0.375812577	0.228652009	-1.270662677	23.49872151	0.640824978434705	0.425028689828096
PRRC2C	-0.099807749	0.375812577	0.22865385	-1.270657319	25.35330709	0.640821481710902	0.425028689828096
SHROOM2	-0.741692721	0.37592639	0.228820725	-1.275186379	19.4153205	0.640504642704572	0.424897185781036
DHRSX	0.173446124	0.37592639	0.228919126	1.269885713	18.05131759	0.640317920871729	0.424897185781036
ERICH6B	-0.22086426	0.37592639	0.228926212	-1.269865112	19.16566125	0.64030447785749	0.424897185781036
PWP1	-0.092138636	0.37592639	0.228935664	-1.269837632	22.382187	0.640286546897702	0.424897185781036
MRPS10	0.133869872	0.37592947	0.228990682	1.269677701	21.46359331	0.64018218944315	0.424893627580388
NECTIN2	-0.198793865	0.3762037	0.229210906	-1.269037848	21.98403865	0.639764722206668	0.424576937436142
CD99	0.237075902	0.376364553	0.229362113	1.268598805	18.46981655	0.639478319102323	0.424391286311256
UTP20	-0.127556382	0.376444761	0.229464208	-1.268302495	24.04978365	0.639285046424483	0.424298742578631
TST	-0.190525828	0.376542236	0.229576854	-1.267975689	20.74058274	0.639071899753127	0.424186302775477
ARSB	-0.487423748	0.376907855	0.229959613	-1.267448874	18.9123369	0.638348430901458	0.423764811482188
TXNL4B	-0.177588591	0.376907855	0.229903294	-1.267029354	20.2700638	0.638454806217563	0.423764811482188
PABPC1	-0.052919173	0.376907855	0.229932167	-1.266945702	28.50637833	0.638400267646027	0.423764811482188
RPRD1A	-0.118961002	0.377069771	0.230111705	-1.266425743	22.79565579	0.638061289685896	0.4235782828002
TRIM24	0.404048593	0.377504767	0.230430532	1.265503194	18.45954117	0.637459977503092	0.423077559879233
NPC1	-0.227166999	0.377559753	0.230517469	-1.265500138	22.72847558	0.637296157463786	0.423014306698103
PBK	-0.074706615	0.378077878	0.230887254	-1.264183424	24.3715727	0.636600041401819	0.422418733226192
COMMD10	-0.128523732	0.378432415	0.231157261	-1.263404185	21.01908983	0.636092460163577	0.422011670756778
C9orf40	-0.333041975	0.378457975	0.231226374	-1.263204843	17.91917646	0.635962631196982	0.421982338723743
KLHL9	-0.199254902	0.37852445	0.231320497	-1.26293344	18.33331284	0.635785883270891	0.421906062908598
SPTLC3	-0.156764676	0.378845431	0.231570207	-1.262213839	20.98435554	0.635317316135458	0.421537946116686
SRSF7	0.163813635	0.378949667	0.231687491	1.262710059	26.20813962	0.635097413496716	0.421418470231924
PTP4A1	-0.158814456	0.380101087	0.232445194	-1.259697254	19.28010864	0.63367942879196	0.420100888414716
MRPL37	0.102206589	0.380471159	0.232732335	1.258873056	23.9518584	0.633143273195904	0.419678258635531
STK33	0.214015488	0.380471159	0.232779075	1.258738974	18.64003517	0.633056061910783	0.419678258635531
CAT	-0.063730917	0.380559108	0.23288668	-1.258430367	26.59800421	0.632855350314299	0.419577879538365
ST6GALNAC5	0.242626903	0.381053358	0.233337792	1.25713785	19.50825644	0.632014916037565	0.419014206837626
PTF1A	-0.243781111	0.381053358	0.233346663	-1.257112455	20.26948467	0.631998405411131	0.419014206837626
CLU	-0.202517807	0.381053358	0.233388467	-1.256992782	21.75442649	0.63192060862489	0.419014206837626
MRPL58	0.122933091	0.381053358	0.233404608	1.25694658	22.51332678	0.631890574129475	0.419014206837626
GNAT1	0.269247732	0.381128879	0.233554812	1.256516764	18.11439704	0.631611180384256	0.41892814250266
NOL7	0.239855973	0.381128879	0.233558622	1.256505866	20.94634911	0.631604095758315	0.41892814250266
EIF3G	-0.052690384	0.381379636	0.2337662	-1.25591224	25.94469084	0.631218282800605	0.418642500091639
TRAPPC2L	-0.230921868	0.381952731	0.234171472	-1.254754477	20.06216113	0.630466014078469	0.417990380376477
TBCE	0.066508278	0.382694747	0.234680494	1.253302601	25.51400177	0.629523006269375	0.417147499010334
IK	0.114313123	0.382696513	0.234735676	1.253145358	26.85606335	0.629420899696391	0.417145494900553
ALG13	-0.192579094	0.382748103	0.234821426	-1.252901069	20.39557157	0.629262278936196	0.417086953101743
SEL1L	-0.104488146	0.382816294	0.234917378	-1.252627801	23.25188264	0.629084855123846	0.417009585410116
CARNMT1	-0.320791576	0.383279848	0.235256022	-1.251664069	17.56115182	0.628459250842696	0.416484014381111
LLGL2	0.435605405	0.383396273	0.235510264	1.253017315	21.42706423	0.627990160715869	0.416352113219566
MREG	-0.660199034	0.383396273	0.23561132	-1.252637444	17.47785981	0.627803847605509	0.416352113219566
SPAST	-0.189687348	0.383396273	0.235472968	-1.251047256	19.11025904	0.62805894213283	0.416352113219566
SIRT1	-0.179779776	0.383396273	0.23562708	-1.250609366	22.96266755	0.627774798695075	0.416352113219566
CD46	0.1389236	0.383396273	0.235638544	1.250576804	22.67058929	0.627753669413889	0.416352113219566
CNKSR1	-0.216063921	0.383396273	0.235652671	-1.250536677	20.4687464	0.627727633375225	0.416352113219566
RAD51AP1	-0.176695923	0.383556102	0.23580513	-1.250103749	17.06365865	0.627446750952306	0.416171103665347
MAP2K6	-0.182682229	0.383561706	0.235862797	-1.249940054	20.3470496	0.627340555645909	0.416164758391515
CEMIP2	0.083384186	0.383858208	0.236099387	1.249268798	24.88188559	0.626905140506462	0.415829168484265
AIFM2	-0.1295994	0.38426961	0.236415561	-1.248372585	24.57783246	0.626323941352463	0.415363960399513
COPE	-0.087094211	0.38426961	0.236461071	-1.248243667	24.98672122	0.626240347702048	0.415363960399513
IRF2BP1	-0.186009582	0.384371955	0.236578385	-1.24791143	21.83570617	0.62602493723999	0.415248307353836
FAIM	-0.112778635	0.384465427	0.236690265	-1.247594703	22.05049241	0.62581960410609	0.415142707977524
TMEM65	0.249266047	0.384781096	0.236938996	1.246890993	18.00923739	0.625363456145633	0.414786272664775
LAMB3	0.207086309	0.385174072	0.237362363	1.246256336	23.45278198	0.624588143162598	0.414342955104915
ATP5F1EP2	-0.108928136	0.385174072	0.237276082	-1.245938247	24.20493567	0.624746037505125	0.414342955104915
SSR3	0.150987968	0.385174072	0.237368405	1.245677494	21.90965352	0.624577088445117	0.414342955104915
POLR2M	-0.222054536	0.385174072	0.237398778	-1.245591729	20.32986624	0.624521520887842	0.414342955104915
PALS1	-0.149444667	0.385828784	0.237856846	-1.244299309	23.12211556	0.623684344192637	0.413605375795143
RPL27A	-0.098544501	0.386111553	0.23808575	-1.24365421	26.75293674	0.623266597377848	0.413287203480626
PAFAH1B2	-0.060647209	0.386196238	0.238235138	-1.243233472	25.19654153	0.622994182760626	0.41319196106879
RAB34	-0.258491242	0.386196238	0.238278748	-1.243110688	17.20922672	0.622914690502519	0.41319196106879
COL9A2	0.28678734	0.386196238	0.23830175	1.243045934	16.84709808	0.622872768343629	0.41319196106879
HIBCH	-0.100333091	0.38681161	0.238736145	-1.241823968	24.10015619	0.622081823198228	0.41250049921348
SERPINB5	-0.102666894	0.386956581	0.238880321	-1.241418791	22.18258447	0.621819626027142	0.412337762862193
PPP1R8	-0.164968567	0.387258563	0.239121487	-1.240741476	22.71520151	0.62138139725831	0.411998970411796
CAPZA2	-0.077724286	0.387634681	0.239455135	-1.239805328	24.61638896	0.620775845285593	0.411577374311851
SMG1	-0.132199979	0.387634681	0.239463324	-1.239782364	20.60696576	0.620760993331379	0.411577374311851
FXYD6	-0.762065007	0.387641658	0.239522432	-1.244968834	19.59892162	0.62065380735332	0.411569557556849
ITGB8	-0.119136115	0.387644946	0.239579262	-1.239457317	22.40703529	0.620550777220755	0.411565873860396
WRAP53	-0.517406125	0.387971432	0.239890733	-1.240380147	20.0950068	0.619986528541958	0.411200252193255
TMEM131L	-0.41107157	0.387971432	0.239868677	-1.238734887	18.68238184	0.620026460219794	0.411200252193255
PTAR1	-0.168936708	0.387975158	0.239947882	-1.238424682	20.297552	0.619883079195916	0.411196081335981
STK38	-0.128664238	0.388085276	0.240070846	-1.238080497	21.84918033	0.619660577094536	0.411072834130006
CSNK1G3	-0.258769065	0.388303811	0.240326548	-1.237365222	18.50577425	0.619198251613649	0.410828347058514
SRRM2	-0.074985558	0.388303811	0.240361475	-1.237267568	25.74246425	0.619135139563129	0.410828347058514
SFN	-0.124670928	0.388303811	0.240370708	-1.237241754	23.66431448	0.619118457339247	0.410828347058514
MAEA	-0.336094184	0.388884164	0.240788072	-1.236075733	19.14182873	0.618365030673708	0.410179741674975
GSDMD	-0.123855059	0.388884164	0.24083991	-1.235931023	24.3224433	0.618271543757327	0.410179741674975
TEFM	0.248348261	0.389125471	0.241087373	1.235240548	20.43532905	0.617825535288365	0.409910340636246
NUP62	-0.141937743	0.389125471	0.24109937	-1.235207089	23.91726267	0.617803924445778	0.409910340636246
CYREN	-0.181304592	0.389368637	0.241305075	-1.234633577	17.79896126	0.617433544144599	0.409639033109738
PGS1	-0.939779634	0.389394724	0.241376289	-1.241196323	19.19031938	0.617305393982751	0.409609937133423
FYCO1	-0.410036387	0.389420399	0.24153628	-1.239821668	23.18207001	0.617017626732707	0.409581302582044
PPOX	-0.179887187	0.389420399	0.241551556	-1.233946899	21.53557912	0.616990160578466	0.409581302582044
PHF3	-0.173787743	0.389420399	0.241557353	-1.233930757	22.09638673	0.616979738062695	0.409581302582044
MED1	-0.15841412	0.389530401	0.241742168	-1.233416248	21.96925854	0.616647587356568	0.409458642044521
SLFN5	0.146600914	0.389530401	0.241815677	1.233211694	23.9325497	0.616515547090254	0.409458642044521
DDB1	-0.055105121	0.389530401	0.241840273	-1.233143263	26.83206567	0.616471375579137	0.409458642044521
MYO1E	0.107488567	0.389530401	0.241845847	1.233127755	23.65595489	0.616461365957847	0.409458642044521
ZBTB10	-0.256239955	0.39007597	0.242239714	-1.232032687	17.23210614	0.615754654928928	0.408850802874169
MIX23	0.102212001	0.390076933	0.242348113	1.231731555	25.19387833	0.61556035748394	0.408849730711047
XPNPEP1	0.066633069	0.390076933	0.242350596	1.231724656	25.14512436	0.615555907902464	0.408849730711047
POGLUT1	-0.086225117	0.390733791	0.24281393	-1.230438733	22.63678282	0.614726401828262	0.408119028984441
GEN1	-0.194362703	0.390842721	0.242936874	-1.230097848	17.48815249	0.614506561113708	0.407997971871046
LSG1	-0.088411016	0.391183863	0.243204217	-1.229357059	24.69372597	0.61402889895542	0.407619068901314
ARFRP1	0.194230579	0.39147159	0.24343844	1.228708574	20.53186173	0.613610843682926	0.407299750218885
STX12	0.287470999	0.391573216	0.243603204	1.228485594	21.48310748	0.61331700392763	0.407187022030338
MICAL3	0.156957608	0.391573216	0.243637521	1.228157776	22.77756565	0.613255828073497	0.407187022030338
RHBDD1	-0.190434792	0.391573216	0.243667698	-1.228074318	17.10977294	0.613202039589048	0.407187022030338
CTDSP1	-1.425217283	0.39168372	0.243832707	-1.234299015	18.31944259	0.612908039829597	0.407064479157008
EFNB3	-0.285723788	0.39168372	0.243847201	-1.227578042	18.38823899	0.612882225092843	0.407064479157008
PIBF1	0.268036145	0.391961214	0.244075367	1.226947648	17.26352769	0.612476048996554	0.406756905885569
GGA1	-0.215325225	0.392617967	0.244539831	-1.225665838	20.07681721	0.611650392267807	0.40602983007882
IDI1	-0.466355773	0.392732306	0.244666564	-1.22664678	20.34447545	0.611425377041642	0.405903372372433
IGBP1	0.308033998	0.393228937	0.245031546	1.225092236	21.92741443	0.610777999832263	0.405354530725422
NDRG3	0.10217913	0.393716117	0.245390777	1.223322439	23.62737237	0.610141764238513	0.404816806746732
BAK1	0.329119531	0.394024905	0.245638935	1.222995473	21.13845035	0.609702794226793	0.404476327001229
FGGY	-0.178004829	0.394179811	0.245791228	-1.222221881	19.64069166	0.609433620632539	0.404305623069841
IRF6	-0.246164001	0.394716522	0.246181693	-1.221150139	18.35945086	0.608744245981032	0.403714694574198
GMPPB	-0.075657682	0.395114301	0.246485639	-1.220316804	23.86793466	0.608208378961767	0.403277250923502
ERGIC1	-0.069500985	0.395471862	0.2468134	-1.219419091	24.12967445	0.607631265270574	0.402884411313857
MEX3D	-0.307700868	0.395471862	0.246820508	-1.219399633	18.82038694	0.607618758167121	0.402884411313857
ERG	-0.262286666	0.396042619	0.247232712	-1.218272002	18.80426359	0.606894067154452	0.402258076194232
CTPS2	-0.129338115	0.398013078	0.248519051	-1.214762636	22.27414849	0.604640313461668	0.400102657549627
PIN1	0.068496198	0.398212516	0.248699872	1.214270477	23.94556187	0.604324438251206	0.399885094021536
MBD4	-0.88360358	0.399075733	0.249351815	-1.217984065	17.76629834	0.603187466260072	0.398944679995016
NAA40	-0.153765444	0.399075733	0.249334682	-1.212544894	19.93072098	0.60321730772322	0.398944679995016
PTPN9	0.227656756	0.399267216	0.249527899	1.212020368	18.12077017	0.602880890103211	0.39873634844533
RPL22	-0.109392093	0.399621944	0.249806084	-1.211265747	26.98280928	0.602396988638217	0.398350671856349
MRPL30	0.140611291	0.399800348	0.249974122	1.210810237	20.94705137	0.602104948345209	0.398156832192854
UHRF2	0.265049095	0.399886698	0.250084641	1.210510779	20.75169016	0.601912979736004	0.39806304218126
C12orf29	0.178739582	0.400111458	0.250281764	1.209976923	20.55331843	0.601570792751707	0.397819011542967
EIF3E	0.067708498	0.400247145	0.250444778	1.209535693	26.48854204	0.601288019312571	0.397671757260425
CRISPLD1	-0.228540276	0.400247145	0.250479801	-1.209440928	17.75986547	0.601227290427217	0.397671757260425
ATRN	0.496970979	0.400252581	0.250539783	1.21003955	18.84176515	0.60112330306796	0.397665858882882
SCLY	-0.263940885	0.402214941	0.251824989	-1.205808952	21.02393599	0.598901176347574	0.395541800787179
B3GALT6	-0.655107556	0.402412593	0.252005625	-1.209800455	19.98671352	0.59858976525339	0.395328437035539
ASPSCR1	0.074434789	0.402568542	0.252178582	1.204856804	24.50568358	0.598291801641638	0.395160165288386
NFRKB	-0.25842506	0.402568542	0.252217102	-1.204753142	18.94990109	0.598225468704993	0.395160165288386
PIGU	-0.15408098	0.402791866	0.252413959	-1.204223571	21.18669075	0.597886631404763	0.394919308195341
STX18	-0.22140561	0.403254347	0.252760782	-1.203291361	20.33083988	0.597290309670767	0.394420942307414
THADA	-0.220997073	0.403928339	0.253240343	-1.202004035	21.11162574	0.596467106922378	0.393695676318559
TRIM21	0.968416999	0.404382777	0.253642724	1.207298418	18.85098639	0.595777591347652	0.393207349651625
NKIRAS2	-0.235461794	0.404382777	0.253665357	-1.200864738	19.08830877	0.595738840192748	0.393207349651625
TYMS	-0.116252283	0.404382777	0.253696743	-1.200780663	23.16630325	0.59568510828559	0.393207349651625
KIF5A	0.200022029	0.404392909	0.253803198	1.200495565	17.42514023	0.595502909959978	0.393196468336158
SETD6	-0.213116012	0.404392909	0.253817432	-1.20045745	17.04163523	0.595478554182094	0.393196468336158
PSTPIP2	-0.928969761	0.405806686	0.254762156	-1.204270748	20.19304036	0.593865084425484	0.391680801883783
TAF8	0.203976579	0.405993446	0.254936795	1.197465472	18.20109118	0.59356747833136	0.391480977233173
HYDIN	0.273549792	0.406038579	0.255022534	1.197236725	18.62973812	0.593421443254376	0.391432700780352
CNOT11	0.143917205	0.406664914	0.255473406	1.196034816	20.82444574	0.592654301903324	0.390763295786969
RETREG3	0.267995353	0.407311755	0.255937341	1.194799828	19.81183606	0.59186634636303	0.390073056012782
SASS6	-0.273469784	0.407325898	0.256003809	-1.194623036	17.60439036	0.591753572909341	0.39005797635906
RAB3B	-0.341104533	0.407606234	0.25623762	-1.194001428	18.66755291	0.591357108162792	0.389759182440154
PPT1	-0.119328739	0.408154544	0.256640007	-1.192932689	23.96477515	0.590675641550305	0.389175364120728
LPP	0.095160797	0.408223825	0.256741277	1.192663924	24.73143967	0.590504302998926	0.389101652329197
UIMC1	0.513033653	0.409287351	0.257579548	1.191178263	17.31512929	0.58908862323521	0.387971676991152
WDR4	0.19940888	0.409287351	0.25758013	1.190440852	19.88728626	0.589087641949603	0.387971676991152
RPS27A	0.058624151	0.409287351	0.257583727	1.190431333	28.79870256	0.5890815772491	0.387971676991152
SGF29	-0.593640792	0.409366083	0.257749015	-1.191776631	18.86226056	0.588802985718091	0.387888142562944
TEX2	-0.209931252	0.409366083	0.257709934	-1.190097363	19.02937796	0.588868840284057	0.387888142562944
TPRA1	0.391845704	0.410083474	0.258258677	1.188646772	18.01983848	0.58794507809522	0.387127732042002
PCBD2	-0.113714301	0.410119706	0.25833947	-1.1884334	21.68041749	0.587809235740515	0.387089362628027
RAB6A	-0.109168927	0.41022463	0.258463553	-1.188105804	24.33980641	0.587600689889058	0.38697826802429
ATE1	0.13999463	0.410517193	0.258705915	1.187466293	21.27763	0.587193641548268	0.38666864933951
RUSF1	-0.260038464	0.411224496	0.259209786	-1.186138252	20.67362844	0.586348606483646	0.38592102299925
PRPF8	-0.193067898	0.411351117	0.25934775	-1.190784103	29.23223032	0.586117515423714	0.385787319054815
GNB4	-0.564919192	0.411612001	0.259628605	-1.188112738	20.16574446	0.585647460141052	0.385511971392364
TPD52L1	-0.119580327	0.411612001	0.259612591	-1.185158498	25.85013271	0.585674248430922	0.385511971392364
COPS7B	0.147159493	0.411621307	0.259692662	1.184867446	22.11771293	0.585540321829813	0.385502152682626
DKC1	-0.098445484	0.412532921	0.260326118	-1.183203158	23.79597241	0.584482257806039	0.3845413881125
COMMD5	0.165010313	0.41276506	0.260530957	1.18266566	20.92959939	0.58414066524165	0.384297072261221
TRIP4	0.128164871	0.413195988	0.260861363	1.181799374	23.31407161	0.583590240863341	0.383843903991527
ALG1	0.18287342	0.413361843	0.261024506	1.181371948	19.55988377	0.583318717485615	0.38366961512858
MTA2	0.091528108	0.413570879	0.261214968	1.180873211	24.68106136	0.583001940974464	0.383450049060295
CRKL	-0.067956826	0.413985565	0.26153541	-1.180034759	25.38657232	0.582469502488877	0.383014801753837
CFHR5	0.162715133	0.414976182	0.262219894	1.178246459	18.66843477	0.581334362506072	0.381976829366986
PALS2	-0.089045514	0.415134818	0.26237882	-1.17783177	23.37908919	0.581071225425859	0.381810840143207
KHSRP	-0.071889671	0.415252072	0.262511629	-1.177485377	27.22859702	0.580851453025017	0.381688191854481
TMLHE	-0.201126086	0.415367911	0.262693642	-1.177010873	19.39608594	0.5805504383587	0.381567057665935
FAHD1	-0.085284193	0.415367911	0.262728731	-1.176919427	23.68567925	0.58049243184858	0.381567057665935
TRAM1	-0.067604353	0.415367911	0.262761012	-1.176835306	24.35166701	0.580439074155591	0.381567057665935
FGF2	0.225590951	0.416141129	0.263308975	1.175408615	19.22263939	0.579534337526878	0.380759358912596
TXNRD1	-0.078883545	0.416465959	0.263573381	-1.174721032	26.11239392	0.579098452456467	0.380420491070255
RBM19	-0.179280635	0.416764077	0.263820969	-1.17407767	19.28864345	0.578690688853825	0.380109722129418
BRAT1	-0.126212352	0.416862675	0.263942313	-1.173762529	22.18075763	0.578490981779316	0.380006988939958
CHMP4C	-0.686636661	0.417185194	0.264319966	-1.176338688	18.88345323	0.577870030223866	0.379671113184629
FIP1L1	0.09922594	0.417185194	0.264273878	1.172902	23.46810825	0.577945762335997	0.379671113184629
FAM222B	-0.266061512	0.417185194	0.264323443	-1.172773433	16.88926676	0.577864317329738	0.379671113184629
TBC1D10B	-0.172309991	0.41722054	0.264404818	-1.172562397	20.5080694	0.577730635374939	0.379634319159514
CCDC185	-0.198405519	0.417249505	0.264482157	-1.172361873	20.14326455	0.577603621843644	0.379604169869557
TMOD1	-0.268695043	0.417704146	0.264829388	-1.17146214	21.06022506	0.577033823091653	0.379131214043028
APBB1	0.140451494	0.417821974	0.264963158	1.171115768	21.18585414	0.576814508665592	0.379008723436624
CBLB	-0.148030581	0.417833887	0.265047256	-1.17089808	21.72167387	0.576676687608945	0.378996340946642
SETDB1	-0.166319817	0.417833887	0.265088845	-1.170790448	20.74755738	0.576608547094799	0.378996340946642
R3HDM1	0.48716224	0.418086553	0.265308246	1.170932506	19.4679245	0.576249251575741	0.378733800523761
DHX40	-0.272872212	0.418140896	0.265401841	-1.169980831	20.60861422	0.576096068911794	0.378677354481261
MRPS16	0.124791628	0.418372138	0.265607757	1.169448601	22.52263159	0.57575924567035	0.37843724554557
MTDH	0.075964132	0.419152034	0.266162134	1.168017305	25.19075711	0.574853730095692	0.377628422019083
ZFYVE19	-0.220422719	0.419591084	0.266500246	-1.167145504	17.83456417	0.57430238575038	0.377173748816756
BTAF1	-0.165848005	0.419658688	0.266602508	-1.166881996	22.84243023	0.574135769380384	0.377103781459724
CLK1	-0.335789395	0.419681353	0.266676234	-1.16669207	17.31076127	0.574015686606948	0.377080326640572
TOR1A	-0.126294081	0.420128318	0.267019638	-1.165807961	23.08960212	0.573456797206936	0.376618044630408
SH3GLB2	-0.106773669	0.420299461	0.267187825	-1.165375278	23.65883585	0.573183335327422	0.376441166941686
KHDC4	0.603011591	0.421071925	0.267738411	1.168776283	20.90286153	0.572289318433273	0.37564371422934
SMPD1	0.297151259	0.421177907	0.267865338	1.163634436	19.76973929	0.572083480827246	0.375534417922532
ENAH	0.101799429	0.421342347	0.268029483	1.163213189	26.7330631	0.57181743134452	0.375364889925615
NOC4L	-0.203450913	0.421499244	0.268188875	-1.162804331	21.23157006	0.5715592414968	0.375203199988047
ULK4	0.821607642	0.421627605	0.268330149	1.167353949	18.41397254	0.571330528190058	0.37507096253294
HK2	-0.09490726	0.421628218	0.268390142	-1.162288326	25.14750049	0.5712334398951	0.375070331117158
LRRC57	-0.126274943	0.421863911	0.26859981	-1.161751108	21.6615384	0.570894298874976	0.374827625421472
WDR74	0.229358712	0.421869031	0.268662706	1.161590015	21.1278573	0.570792615302997	0.3748223545884
PCYT2	-0.098426773	0.421914773	0.268789367	-1.161265698	22.13711862	0.570587915471499	0.37477526788653
SYPL1	-0.150104635	0.421914773	0.268811123	-1.161210002	22.06829296	0.570552764793889	0.37477526788653
HINT1	-0.094413696	0.422111047	0.268995844	-1.16073726	25.60016506	0.570254429818446	0.374573281846156
HERC4	0.098439535	0.422480208	0.26929082	1.159982877	24.15962476	0.569778451234972	0.374193631702979
CCNH	0.138057596	0.422843291	0.269582025	1.159238767	21.10616879	0.569309068752306	0.373820555707206
INPP1	0.294099691	0.423138562	0.269830089	1.164511224	26.39489521	0.568909623388891	0.37351739418969
GDPGP1	0.570705403	0.424051942	0.270592376	1.15834064	19.05259723	0.567684443909033	0.372580943543226
SLC25A46	0.121440796	0.424051942	0.270530648	1.15681909	20.67720798	0.567783527218027	0.372580943543226
CYFIP1	-0.061593053	0.424051942	0.27054426	-1.156784419	25.63682891	0.56776167583885	0.372580943543226
EPB41L5	0.26506025	0.424074081	0.270666451	1.156473233	17.64523701	0.567565571523612	0.372558270390236
MLYCD	-0.168873821	0.424293712	0.270866611	-1.155963723	17.99639106	0.567244525982514	0.372333404396329
AGO3	-0.404003995	0.424659432	0.271160115	-1.155293365	17.18539177	0.566774190576672	0.371959225470509
RNF25	-0.147808934	0.42495057	0.271406089	-1.15459192	21.02934751	0.566380413163252	0.371661583890198
RNF113A	0.159985302	0.425230002	0.271647976	1.15397753	21.04798538	0.565993526467941	0.371376101525548
ANP32A	-0.061954217	0.425230002	0.271704779	-1.153833311	27.66979734	0.565902722733835	0.371376101525548
STK25	0.267722992	0.425256765	0.271781995	1.153637304	17.74365855	0.56577931776965	0.371348768888113
TTK	-0.108662501	0.425271529	0.271851549	-1.153460786	22.47250247	0.56566818806144	0.371333691379753
BICDL2	0.203954318	0.425792328	0.272244656	1.152463779	17.2793915	0.565040636429817	0.370802168020483
COG7	-0.153047653	0.425804508	0.272312637	-1.152291478	20.34055182	0.56493220422734	0.37078974498985
AMDHD2	0.166192466	0.426504422	0.272820541	1.151005223	18.65480239	0.564122934209424	0.370076461705735
PEX14	0.119938886	0.426861	0.273108974	1.150275598	24.68338884	0.56366402928301	0.369713522540898
ZHX3	0.555873989	0.427065729	0.273300333	1.151027871	17.88168904	0.56335983914534	0.369505278264968
NFXL1	-0.167139753	0.427210158	0.273453152	-1.149405742	22.17298599	0.563117066298055	0.369358429409044
MTERF3	0.466192013	0.427471999	0.273741611	1.149359819	18.72225554	0.562659181201081	0.36909232790204
PEX5	-0.15466754	0.427471999	0.273728563	-1.148710292	21.36501046	0.56267988250928	0.36909232790204
SEPSECS	-0.283895133	0.427647621	0.273914528	-1.148241013	19.22348445	0.562384932832169	0.368913939604568
CA12	-0.162639163	0.42790016	0.274163958	-1.147611969	19.05382586	0.561989638789922	0.368657551125078
OBI1	-0.284568957	0.42790016	0.274197261	-1.147528013	18.33445286	0.561936887761412	0.368657551125078
UXS1	-0.202261397	0.428485359	0.27477997	-1.146060323	21.93161084	0.561014928219173	0.368064012980318
ACIN1	0.120771234	0.428485359	0.274792062	1.146029892	24.6916731	0.560995817025116	0.368064012980318
SPAG9	0.153027225	0.428485359	0.274809164	1.145986856	23.05978838	0.560968789049629	0.368064012980318
MITD1	-0.254188287	0.428485359	0.274827268	-1.145941298	17.64462699	0.560940179347486	0.368064012980318
GCC2	0.127867383	0.428485359	0.274875114	1.145820908	21.90294082	0.560864577514516	0.368064012980318
DGKZ	0.669021628	0.428918501	0.275274243	1.147959007	18.34915665	0.560234422992026	0.367625220468974
TIMM21	-0.388892347	0.428918501	0.27523947	-1.145084226	18.88830502	0.560289287100522	0.367625220468974
NME2	0.051192287	0.429316307	0.275612483	1.143967613	27.64125862	0.559701116317222	0.367222615118013
CAVIN1	0.161106492	0.429316307	0.275677655	1.143803995	21.62439384	0.559598434124469	0.367222615118013
NEIL2	-0.25490619	0.429316307	0.275711618	-1.14371874	16.64279855	0.559544933107203	0.367222615118013
SMARCC2	0.103420136	0.430464381	0.276509775	1.141717526	24.4273019	0.558289511181987	0.366062778647339
NGLY1	-0.515335313	0.431069298	0.276959282	-1.141466906	18.7862795	0.557584075349105	0.365452907751551
POLD3	-0.107180078	0.431534398	0.277319109	-1.13969284	20.99181441	0.557020203818012	0.364984580560179
DNAJC13	-0.055176035	0.431692501	0.277481736	-1.139286549	25.56343088	0.556765597101502	0.364825495477637
MPHOSPH6	-0.158046009	0.43223922	0.277894257	-1.138256778	19.70354028	0.55612042831792	0.364275829176989
RPP25L	0.115039575	0.432284377	0.278001353	1.137989628	21.1255995	0.555953090416441	0.36423045982905
CALCOCO1	0.209578417	0.432284377	0.278045507	1.137879509	21.01705574	0.555884118392773	0.36423045982905
DNLZ	-0.257668123	0.432408003	0.278186149	-1.137528841	19.10869025	0.555664497502208	0.364106276729424
USP8	0.101281269	0.433112825	0.278700817	1.136246769	22.45484588	0.554861758168391	0.363398956089449
HMGB1	-0.065695882	0.433148862	0.278785237	-1.136036647	27.73297076	0.5547302279169	0.363362822273333
TMUB1	-0.140320908	0.433496352	0.279070171	-1.135327808	20.03744377	0.554286581506404	0.363014552888892
HOOK3	0.10776326	0.433634329	0.279220295	1.134954561	21.39137626	0.55405301840496	0.362876343847168
SEH1L	-0.097347067	0.433973877	0.279547551	-1.134141462	22.89201316	0.553544308062239	0.362536411999474
TUSC2	0.166169816	0.433973877	0.27959076	1.134034159	20.26704194	0.553477185384588	0.362536411999474
PSMA2	-0.079264976	0.433973877	0.279622976	-1.133954163	26.28163607	0.553427146445471	0.362536411999474
ZFAND2B	-0.331074674	0.434133671	0.279787306	-1.133742748	20.47965422	0.553171993415359	0.362376529382661
KLC4	-0.181028024	0.434599905	0.280149218	-1.132648467	20.99975706	0.552610585471119	0.361910372948721
TRAPPC8	0.142595026	0.434739538	0.280300683	1.132273004	20.7209592	0.5523758440065	0.361770860489229
SENP8	-0.155757566	0.434808127	0.280406372	-1.132011108	21.2814784	0.552212121614809	0.361702347110423
TOP2A	-0.199215933	0.43482894	0.28048893	-1.133636392	24.87224772	0.552084274282274	0.361681559194644
TMEM138	0.549609109	0.43482894	0.28060893	1.132941034	18.08654126	0.551898512252731	0.361681559194644
DOCK6	-0.342958115	0.43482894	0.280589569	-1.132218717	21.41186213	0.551928478033048	0.361681559194644
ARMT1	0.171369099	0.43482894	0.280665669	1.131368895	21.22736212	0.551810706979745	0.361681559194644
CASTOR2	-0.149192675	0.434877874	0.28075873	-1.131138519	19.7195928	0.55166673076773	0.361632688090364
RPL18A	-0.077603544	0.43628509	0.281741354	-1.128709557	26.08896463	0.550149402585156	0.360229628730738
PDK1	0.311062225	0.43628509	0.281790582	1.128588041	16.7975011	0.550073525966836	0.360229628730738
SRPK1	-0.07907546	0.436371743	0.281959781	-1.12817051	24.82798826	0.549812835423387	0.360143379661366
CEP41	-0.18243902	0.436371743	0.281969923	-1.128145487	20.874498	0.549797214275557	0.360143379661366
ADAR	-0.092132889	0.436606527	0.282183353	-1.127619095	26.789223	0.549468610402681	0.359909776142007
ZDHHC3	0.112969751	0.436614089	0.282249962	1.127454878	21.27267974	0.549366107873115	0.359902254251635
SFSWAP	0.228368118	0.43679759	0.282430333	1.127010339	20.45452046	0.549088661915276	0.359719766485986
VPS33A	0.086893919	0.43712808	0.282705819	1.126331804	23.36157421	0.548665252233574	0.359391294637422
DEPDC7	-0.119350161	0.437254029	0.282849086	-1.126633756	29.4224642	0.54844522030274	0.359266180101073
KRR1	0.113694154	0.437267372	0.282919531	1.125805771	21.22299009	0.548337070525547	0.359252927615163
NAF1	-0.185233294	0.437443978	0.283095636	-1.125372532	19.80735455	0.548066825356645	0.359077557735
PGRMC1	0.062935878	0.438608927	0.283911546	1.123367997	25.63145483	0.546816945402549	0.35792253338037
RBM41	0.369545537	0.438863295	0.284138238	1.122879799	18.70937562	0.546470317016478	0.357670740516511
CPS1	-0.440311511	0.438880878	0.284273704	-1.12310112	18.86761791	0.546263311733681	0.357653340913959
TRIP10	0.065295471	0.438880878	0.284240472	1.122561137	24.35283476	0.546314084343576	0.357653340913959
ARID1B	-0.144523434	0.439040096	0.284438897	-1.122074745	20.71671113	0.546011014139991	0.357495815347021
SEC63	0.094676768	0.439055553	0.284554717	1.121790961	23.44005457	0.545834210793341	0.357480525691925
PDIA3	-0.060432939	0.439055553	0.284573043	-1.121746064	29.61164306	0.54580624209725	0.357480525691925
MYORG	0.595390026	0.439696875	0.285113029	1.122384122	18.79373552	0.54498293599284	0.356846620973605
SRP72	-0.136566493	0.439696875	0.285064925	-1.12098569	25.44857091	0.545056215928202	0.356846620973605
NDUFV3	0.497764665	0.440067814	0.285426252	1.120305354	18.65608957	0.544506085270368	0.356480394021368
RUVBL1	0.061746147	0.440067814	0.285513692	1.119444644	27.48831272	0.544373060036476	0.356480394021368
TWF2	-0.06490845	0.440067814	0.285540184	-1.119379911	25.46069565	0.54433276496133	0.356480394021368
TLN1	-0.046130187	0.440819246	0.286090071	-1.118037326	28.93414623	0.543497214493716	0.355739452611051
TNFRSF10A	0.12208393	0.44124694	0.286430018	1.117208308	20.17517009	0.542981469714006	0.35531829337913
NEDD1	0.152245159	0.441573394	0.286704354	1.116539844	22.27143597	0.542565711644321	0.354997101916276
DNTTIP1	0.343360892	0.441770652	0.287144679	1.116109956	21.10459529	0.541899227101252	0.354803138844416
CRELD1	-0.352945153	0.441770652	0.287122347	-1.115967056	20.45912758	0.54193300464353	0.354803138844416
VPS37C	-0.244136789	0.441770652	0.286958466	-1.115921095	19.01627878	0.542180957943171	0.354803138844416
WRAP73	-0.137118909	0.441770652	0.287055091	-1.115685928	19.56218104	0.542034746397473	0.354803138844416
UBL7	0.090307847	0.441770652	0.287121148	1.115525193	22.59253431	0.541934818226403	0.354803138844416
ACSL4	-0.192844583	0.441983508	0.287345512	-1.115149403	22.73100534	0.541595581647932	0.354593935443264
CDC37L1	0.144289549	0.44213265	0.287517335	1.114561751	23.06434546	0.54133596569475	0.354447412732083
RBCK1	0.206212808	0.44213265	0.287567476	1.114439892	18.95923504	0.541260234396494	0.354447412732083
C9orf50	0.128949884	0.442350465	0.287771677	1.113943781	19.37523983	0.540951952331001	0.354233511860752
RAC1	0.082156865	0.44345544	0.288553208	1.112047515	23.89506843	0.539774093044962	0.353150013113807
CYP4F11	0.158248796	0.443606003	0.288713887	1.111658137	21.05031152	0.539532326259832	0.35300258548921
TMPPE	0.600426033	0.443891749	0.28902536	1.112767262	18.14550741	0.53906404919896	0.352722927506901
COG3	-0.26276798	0.443891749	0.288984184	-1.11107378	21.15072254	0.539125925373161	0.352722927506901
TIMM8A	-0.129774482	0.444174959	0.289272553	-1.110305596	23.12667497	0.538692771489011	0.352445929071352
CLIP1	-0.077363889	0.444623838	0.289627742	-1.109446711	24.61029577	0.538159841575443	0.352007256809475
PLIN3	-0.06854225	0.445060335	0.28997499	-1.108607805	25.39974411	0.537639457871332	0.351581109510398
GATC	-0.143997655	0.445188829	0.290121643	-1.108253742	20.4860633	0.537419871732098	0.351455741831771
LIG1	0.09660938	0.445340044	0.290283141	1.107863994	22.63965825	0.537178186294686	0.351308252305708
SUPT16H	0.056747446	0.445356739	0.29035698	1.107685852	26.7285049	0.537067729337744	0.351291971689196
TMEM230	0.246119658	0.445783221	0.290698049	1.106863445	20.96110329	0.536557882957393	0.350876282119239
STMN1	0.075316554	0.44582088	0.290842267	1.106515919	27.2676196	0.536342478861918	0.350839595217765
HIBADH	-0.232932162	0.44582088	0.290848652	-1.106500537	20.64559427	0.536332944691188	0.350839595217765
GPS2	-0.378961922	0.447291875	0.292102738	-1.104111945	20.64394828	0.534464372185237	0.349408990659701
VPS26B	0.376597417	0.447291875	0.292124465	1.103617782	19.13311733	0.534432069970741	0.349408990659701
LSM4	-0.12781867	0.447291875	0.292022043	-1.103677894	23.99988481	0.534584365017522	0.349408990659701
AP2B1	-0.108575008	0.447291875	0.292035868	-1.103644688	25.19874546	0.534563804997358	0.349408990659701
NMRAL1	-0.102365776	0.447291875	0.292119728	-1.103443299	22.520873	0.534439112412876	0.349408990659701
JAGN1	0.115797242	0.447601856	0.292416659	1.10273057	20.66786949	0.53399788921868	0.349108121319543
HIRA	-0.356856866	0.447601856	0.292453461	-1.102642271	17.45037384	0.53394323467232	0.349108121319543
RUFY3	-0.189501188	0.447780661	0.292633588	-1.102210219	18.68771052	0.533675827746301	0.348934666903369
POFUT2	-0.101091172	0.448139151	0.292931217	-1.101496766	23.16074862	0.533234344097073	0.348587112948113
ATP5F1D	-0.114810118	0.448379695	0.293171698	-1.100920709	25.28099169	0.532877957617871	0.348354062778944
PPIP5K2	0.112111917	0.448379695	0.293215221	1.100816492	21.42817801	0.532813488926097	0.348354062778944
PKP4	0.117803895	0.448680538	0.293475381	1.100193767	20.51476699	0.532428324890974	0.348062768047752
PDPR	-0.264139067	0.449063994	0.293809504	-1.099463402	21.04848038	0.531934159982122	0.347691765320263
DYNLT1	0.147045734	0.449063994	0.293853157	1.099290265	22.85844039	0.531869639098589	0.347691765320263
POLR1E	-0.148938995	0.449368127	0.294115695	-1.098662887	21.81320585	0.531481799464297	0.347397734673712
DYNLL1	0.086985982	0.449417794	0.294211734	1.098433493	24.15318933	0.531340010365023	0.347349736360541
TMX1	-0.062425899	0.449467311	0.294307688	-1.098204358	25.18953878	0.531198392972196	0.34730188828794
FMOD	0.21220528	0.449544749	0.294421943	1.097931596	17.11427541	0.531029825555032	0.347227070835162
VCL	0.040948289	0.449869337	0.294698121	1.097272604	29.3830594	0.530622633209909	0.346913607246797
ANKRD44	-0.267528753	0.449924508	0.294797865	-1.097034719	18.25040549	0.530475666071047	0.346860349578889
DUSP12	0.28523744	0.450078409	0.294962328	1.096806842	20.78537894	0.530233447704747	0.346711820380932
TEX10	-0.100000015	0.450304923	0.295174432	-1.096137172	24.2058501	0.52992126379417	0.346493305046733
ZC3H18	0.192600051	0.450738279	0.295522214	1.095766915	23.23898288	0.529409868234434	0.346075557854161
CHEK2	-0.097077349	0.450810957	0.295633592	-1.09504394	21.95321215	0.529246219832822	0.346005536932033
SGSH	-0.557047766	0.450813633	0.295808566	-1.096124724	18.94385594	0.528989253893327	0.346002958980974
GPT2	-0.075178339	0.450813633	0.295792727	-1.094665349	25.78537218	0.529012508711672	0.346002958980974
LZTS2	-0.175356373	0.450813633	0.29591967	-1.094431591	22.96818964	0.528826166003486	0.346002958980974
ARFGAP3	-0.141648832	0.450813633	0.295997215	-1.094247199	23.99694987	0.528712375143163	0.346002958980974
CPT1A	-0.078768098	0.450813633	0.295983302	-1.094212164	25.77599882	0.528732789122861	0.346002958980974
DDX23	-0.069980327	0.450813633	0.296017716	-1.094130351	25.86447052	0.528682296607266	0.346002958980974
SNX5	-0.070011316	0.451376501	0.29645112	-1.093100638	24.38605996	0.528046904540131	0.345461054366981
RPL21	-0.08037818	0.45167338	0.296709952	-1.092486229	26.08363642	0.527667886692262	0.3451755044348
CTBP2	-0.080514743	0.45175191	0.296825399	-1.092212313	25.52062772	0.527498939735353	0.345100002572881
PRORP	0.168008046	0.452034548	0.297075009	1.091620355	21.22026992	0.527133881046891	0.344828371754138
AP1M2	-0.075816538	0.453750038	0.298266565	-1.088799716	24.81419178	0.525395427327971	0.343183325585165
CNPY3	0.071310142	0.453924582	0.298470689	1.088317371	23.56514018	0.525098311873263	0.343016297676015
USP25	0.083977014	0.453924582	0.298509635	1.08822537	25.20628131	0.525041646578827	0.343016297676015
MSH3	-0.120688523	0.454815847	0.299160042	-1.086690274	22.63235916	0.524096414476657	0.342164411739899
DNTTIP2	-0.305528213	0.455382095	0.299659784	-1.086119522	21.48784027	0.523371537864569	0.341624049249133
ZDHHC21	0.167074215	0.455382095	0.299661246	1.085509048	17.22498976	0.523369419005057	0.341624049249133
PRKACA	-0.102071022	0.455404807	0.299740568	-1.085322239	22.94827625	0.523254474050637	0.341602389525539
BSDC1	-0.16369957	0.455678969	0.299985434	-1.084745803	22.45994238	0.522899832237007	0.341341014994507
NLE1	-0.126137906	0.456204743	0.300396055	-1.083779961	21.54192681	0.522305775073266	0.340840203829165
EXOC4	0.064575276	0.456546044	0.300685329	1.083100143	24.11064284	0.521887761423197	0.340515416055793
DGCR8	-0.146492836	0.456692895	0.300846606	-1.082721343	19.84953872	0.521654883636464	0.340375744877117
TREX1	-0.79088638	0.456732239	0.300937089	-1.087107153	18.93614888	0.521524284325686	0.340338332107377
PLEKHG3	0.269989303	0.457648671	0.301619804	1.080907418	20.28088142	0.520540146603473	0.339467794480114
POLD1	-0.091540018	0.457648671	0.301670307	-1.080789059	23.9035858	0.52046743473941	0.339467794480114
MPZL1	-0.209062522	0.457710024	0.301775453	-1.080542689	20.35951442	0.5203160894783	0.33940957627662
AP3M2	0.127583611	0.458340596	0.302255991	1.079417548	20.43642789	0.519625082253939	0.338811674856506
EIF4A2	-0.090182093	0.4585235	0.302441427	-1.078983726	26.09299011	0.519358721486807	0.338638401196172
GOLPH3L	0.092848998	0.459650043	0.30324947	1.077095666	22.02231153	0.518199949492804	0.33757269491927
RNF220	-0.24267042	0.459947559	0.303510773	-1.07648592	19.53643672	0.517825889196898	0.337291681655849
DPH6	0.336101511	0.460057194	0.303701381	1.076041389	18.81105242	0.517553233240392	0.337188173765061
TMEM53	0.163488179	0.460057194	0.303713188	1.076013858	19.70769946	0.517536349499994	0.337188173765061
SEMA3F	-0.211351741	0.460136857	0.303830826	-1.07573962	19.20245498	0.517368165685411	0.337112978318273
LSM12	-0.37675591	0.460686375	0.304258799	-1.076609094	21.58379224	0.516756853354627	0.336594632005662
AP1S1	-0.106347005	0.461223993	0.304679067	-1.073764548	23.06755828	0.516157382989944	0.336088108670328
PIEZO1	-0.829686739	0.461694981	0.305120729	-1.077500243	17.70659086	0.515528286672548	0.335644846557484
SNX14	-0.433424983	0.461694981	0.305059408	-1.073286176	16.64649612	0.515615576868999	0.335644846557484
VPS4B	0.074970611	0.462436102	0.305675885	1.071448801	24.7618812	0.51473882174016	0.334948268256752
MMTAG2	-0.150032556	0.462576381	0.305834002	-1.071081995	20.80435064	0.514514232265532	0.3348165459347
BRAWNIN	-0.215660626	0.462674864	0.30596452	-1.070779323	20.92514922	0.514328931889638	0.33472409402209
COA5	-0.256805906	0.462709373	0.30605275	-1.070574769	18.4074515	0.514203713846677	0.334691703005075
AFG1L	0.208565179	0.462881502	0.306232037	1.070159248	17.362369	0.513949376784397	0.334530174455569
PSMC3	0.0588719	0.463160982	0.306482408	1.069579284	26.70983676	0.513594448805571	0.334268033943477
RAB3D	-0.086328439	0.463333659	0.30666217	-1.069163101	23.65554491	0.513339795499666	0.334106149209769
ARID1A	-0.104015547	0.463381743	0.3067595	-1.06893784	23.0576863	0.513201978776372	0.334061081185991
ATF7IP	-0.127456982	0.464472595	0.307547305	-1.067116506	22.39268472	0.512088074293808	0.333039905333177
BBS9	-0.301136293	0.464480249	0.307618033	-1.066953161	17.01727221	0.511988209173477	0.333032748694418
INSR	-0.567876833	0.464978256	0.308013586	-1.067458405	17.51232986	0.51143012702325	0.332567355755233
IL1RAP	-0.118416268	0.465191096	0.308220337	-1.065563286	22.15422458	0.511138709045609	0.332368606486741
MON2	0.076567328	0.465637979	0.308582251	1.064729113	23.93813002	0.51062905725679	0.331951604394564
SCARB1	-0.133616879	0.46581475	0.308765248	-1.064307605	21.88804459	0.510371586092619	0.331786763671268
PHPT1	-0.153278352	0.466307806	0.309157989	-1.06340361	22.99673633	0.509819526348394	0.331327314388205
NMRK1	-0.226200971	0.466434838	0.309308146	-1.063058211	18.54306417	0.509608642181549	0.33120901959956
ALKBH2	-0.195850164	0.466818461	0.30962853	-1.062321669	17.71169186	0.50915902909151	0.33085197749407
ERCC4	0.146379592	0.467141617	0.309908907	1.061677566	23.17068849	0.508765941652419	0.330551440294461
UBE2E1	0.198382666	0.46741627	0.310157191	1.061107553	19.18563211	0.508418145256985	0.330296174596249
LDLRAP1	0.352047732	0.467504229	0.310281645	1.060821961	18.10511846	0.508243914750964	0.330214456185994
TUBB4A	-0.297885394	0.468368267	0.310979553	-1.061898736	22.85914377	0.507268165028459	0.329412537027613
PPP6R1	-0.157904395	0.468368267	0.310987525	-1.059203745	21.9059312	0.507257031977426	0.329412537027613
PANK4	0.071413908	0.468445724	0.311105175	1.058934301	24.19496197	0.507092764669981	0.32934072096149
MATN3	-0.279993557	0.468652024	0.311388771	-1.058285121	16.74246418	0.50669705259213	0.329149503015965
RNMT	0.065778399	0.468652024	0.311418699	1.058216637	24.41670573	0.506655313962166	0.329149503015965
LYRM2	-0.181441412	0.468652024	0.311440934	-1.058165761	20.01049768	0.506624306854633	0.329149503015965
C14orf119	-0.163950135	0.468722082	0.311579939	-1.057847764	19.81337569	0.506430512045904	0.329084585918992
MELK	0.253955789	0.468722082	0.31162001	1.057756115	20.7026136	0.506374662830138	0.329084585918992
HSPD1	-0.04434761	0.469366155	0.312145398	-1.056555276	31.19884448	0.505643063545245	0.328488229664297
KARS1	-0.05999371	0.469366155	0.312223396	-1.056377131	26.58580303	0.505534556837347	0.328488229664297
CDK1	0.052912349	0.469366155	0.312247261	1.056322631	26.71163127	0.505501362522452	0.328488229664297
SH3BP5L	0.149462698	0.470095352	0.312798816	1.055063914	16.97028961	0.504734899492112	0.327814042814579
EIF2B2	-0.093266409	0.470229571	0.312954597	-1.054708701	23.93036126	0.504518664698414	0.32769006317725
CRADD	-0.41683627	0.470391559	0.313128902	-1.054883477	19.6846417	0.504276844871682	0.327540480113493
AP5B1	-0.253844681	0.471089631	0.313660187	-1.053101463	17.47154927	0.503540602958329	0.326896454770558
CUL3	-0.076365825	0.471282607	0.313855296	-1.052657508	24.37388393	0.503270538658417	0.326718587873101
CCDC137	0.117772019	0.471562574	0.314108404	1.052081886	21.0632162	0.502920443856191	0.32646067039261
NUP35	0.188609603	0.471948889	0.314432445	1.051345451	21.7642917	0.502472647246306	0.326105031931963
UPF1	0.0561018	0.472678177	0.314985146	1.050090653	26.34282991	0.501709926090842	0.325434448103814
BRD8	0.131250557	0.47378351	0.315788698	1.048269268	19.87293542	0.500603417342508	0.324420058937511
TRIM47	-0.147311092	0.473991658	0.316121209	-1.048081239	24.91243921	0.500146365778034	0.324229301609561
NOMO1	0.238229805	0.473991658	0.316019919	1.047745807	19.06623768	0.500285542574164	0.324229301609561
U2AF1	0.067814087	0.473991658	0.316128448	1.047500205	26.00357399	0.500136420789627	0.324229301609561
CC2D1A	0.07354055	0.474862526	0.316776401	1.046035192	24.14641964	0.499247179662176	0.323432101619419
RAB5A	0.24627956	0.474918898	0.316948278	1.047202664	23.20720641	0.499011603434928	0.323380548603233
THRAP3	-0.074773797	0.474918898	0.316890142	-1.045778255	26.2780562	0.499091270880997	0.323380548603233
CENPC	-0.199264397	0.475018347	0.317111313	-1.045278833	17.25835993	0.498788264167066	0.323289615960438
C18orf25	0.115994319	0.475018347	0.317148947	1.045193877	21.58651339	0.498736726211492	0.323289615960438
SLC66A2	0.129418945	0.475118534	0.317283002	1.044891324	17.91806924	0.498553194005304	0.323198027764485
TMEM237	0.869530228	0.475625474	0.317700457	1.048713386	19.03600911	0.497982160456342	0.322734893074878
EIF5	-0.063254612	0.475625474	0.317780103	-1.043770223	26.09992953	0.49787329853148	0.322734893074878
COX19	-0.212841152	0.475625474	0.317867166	-1.043574006	21.33999415	0.497754330095499	0.322734893074878
CAMK1D	0.267808378	0.475625474	0.317890478	1.043521473	18.39459207	0.497722480622474	0.322734893074878
SNRPE	0.07054947	0.475655765	0.317977964	1.043324355	23.90523391	0.497602975753938	0.322707235188615
VPS36	0.179345758	0.475926452	0.318281253	1.042641309	21.78235404	0.497188940890226	0.322460156436
MFN1	-0.187775199	0.475926452	0.318293475	-1.042613792	21.45723971	0.497172264302466	0.322460156436
MAP2K2	-0.08771222	0.477082132	0.319133821	-1.040723798	24.96679666	0.496027167930176	0.321406848624718
RLIM	-0.175570105	0.477545412	0.319533672	-1.039825802	17.20206237	0.49548336976454	0.320985323047259
PXN	0.095892612	0.477545412	0.319578736	1.039724648	24.91414841	0.495422125306383	0.320985323047259
FERMT2	0.076861005	0.477787924	0.319808569	1.039208913	24.35926053	0.495109903880722	0.32076483115885
GHDC	-0.596633114	0.47874816	0.320654337	-1.039879577	18.34538949	0.493962881670865	0.319892882168767
DENND10	0.182148016	0.47874816	0.320519307	1.037615787	22.12743032	0.494145804925141	0.319892882168767
YRDC	0.119349699	0.47874816	0.320638991	1.037347771	20.94479983	0.493983666802503	0.319892882168767
RNASEH1	0.256470792	0.478755757	0.320745265	1.037109847	18.62780773	0.493839746175327	0.319885990635227
CABIN1	0.291993603	0.478755757	0.320828353	1.036923872	18.54946199	0.493727258195454	0.319885990635227
TALDO1	0.066232561	0.478755757	0.32086246	1.036847541	26.51524989	0.493681091157971	0.319885990635227
SH3KBP1	0.253368392	0.478866756	0.321004546	1.036529621	19.11938193	0.493488817162932	0.319785311604068
MAP7	-0.065337033	0.479533114	0.321573802	-1.035256935	23.36084081	0.492719339619736	0.319181397396515
TXN	-0.076915639	0.479533114	0.32158681	-1.035227874	28.55329003	0.492701772304462	0.319181397396515
ATRIP	-0.39681269	0.479775137	0.321816939	-1.036514953	21.17192764	0.492391100322077	0.31896226187774
WDR12	0.095535267	0.480320624	0.322276276	1.033688712	24.21730255	0.491771663403299	0.318468765230501
NUFIP2	-0.069054408	0.480320624	0.322328249	-1.033572786	23.94073441	0.491701631046151	0.318468765230501
BPHL	0.22068528	0.480320624	0.322386532	1.033442803	18.73805489	0.491623109547642	0.318468765230501
ZC3H13	0.259740346	0.480407866	0.322512999	1.033160813	16.89216367	0.49145277628391	0.318389890252422
CIT	0.221931021	0.480409016	0.32263003	1.032899936	19.03334053	0.491295211478016	0.318388850639852
PRMT9	-0.15459183	0.480409016	0.322649595	-1.032856331	20.27992119	0.491268875696715	0.318388850639852
ARMC1	-0.140865681	0.48042136	0.322846316	-1.032580358	24.0896538	0.491004164965126	0.318377691685641
BIN3	0.301538613	0.48042136	0.322828603	1.032457452	18.04807782	0.491027993235153	0.318377691685641
AIDA	-0.092868729	0.48042136	0.322904993	-1.032287285	22.15976164	0.490925239542816	0.318377691685641
CLEC16A	0.077213287	0.48042136	0.32292954	1.032232609	22.9149224	0.490892226050636	0.318377691685641
POP5	-0.255845721	0.480732412	0.323238643	-1.031544389	16.84155033	0.490476725129944	0.318096595828066
NCBP3	-0.17132733	0.480732412	0.323274538	-1.031464499	20.81085362	0.490428500280391	0.318096595828066
MICOS10	-0.116495123	0.481357157	0.323762702	-1.030378676	20.60112627	0.489773184145297	0.317532566546437
ORC6	-1.020146887	0.48142545	0.324036007	-1.034405706	17.17165878	0.489406728149723	0.317470954978287
SLC15A4	0.401857201	0.48142545	0.324113187	1.029977671	18.39608737	0.489303298727664	0.317470954978287
DCUN1D4	-0.185925159	0.48142545	0.323891917	-1.030091466	17.16335542	0.489599890045085	0.317470954978287
UQCRC2	0.069696187	0.48142545	0.324016837	1.029813882	25.78379578	0.489432421811274	0.317470954978287
ANLN	-0.107613202	0.48142545	0.324148914	-1.029520481	23.61282257	0.489255429080659	0.317470954978287
VPS37A	-0.129749303	0.481447211	0.324355526	-1.02906168	21.82068792	0.488978698656019	0.317451324797464
INPP5K	0.129660515	0.481447211	0.324363067	1.02904494	21.45249455	0.488968601782819	0.317451324797464
TAF6L	0.251545551	0.481447211	0.324367742	1.02903456	18.73695303	0.488962342401656	0.317451324797464
RPRD1B	-0.118991532	0.482730629	0.325300666	-1.026965659	23.87878469	0.487715047570194	0.316295144554677
RP2	-0.203415064	0.483191131	0.325744943	-1.025981944	19.94612463	0.487122317731241	0.315881045813062
ATG12	0.144096316	0.483191131	0.325802153	1.02585534	20.04291855	0.487046050067626	0.315881045813062
URB2	-0.162882121	0.483191131	0.325815902	-1.025824917	21.60338654	0.487027723028383	0.315881045813062
POU2F1	0.346498946	0.483280859	0.325989476	1.025981955	20.42761874	0.486796420143418	0.315800405347973
DAXX	0.163986233	0.483280859	0.326056384	1.025292942	20.73027257	0.4867072921324	0.315800405347973
ATP11C	-0.173039372	0.483280859	0.32608136	-1.025237708	19.34055336	0.486674026341284	0.315800405347973
ROCK1	0.110106879	0.483672323	0.326413863	1.024502687	22.32977654	0.48623140476943	0.31544876337085
TTN	-0.206936153	0.484857382	0.327304702	-1.022536138	21.48829894	0.485047755651403	0.31438598782848
ACTR6	-0.280338925	0.484857382	0.327350701	-1.022434701	19.22824242	0.484986724727914	0.31438598782848
EXOSC3	-0.158461123	0.485532768	0.327875323	-1.021278545	20.23204126	0.484291268564614	0.313781454774808
ABRA	0.501134552	0.485655711	0.328026999	1.025499804	22.89256811	0.484090409232967	0.313671499873307
EAF1	-0.189435221	0.485797243	0.328191267	-1.020582926	20.14016753	0.483872979480887	0.313544954235055
MRTO4	0.07547061	0.485889874	0.328322533	1.020294062	23.76091505	0.483699310320478	0.313462151588871
RPL17	0.08654658	0.485904711	0.328401247	1.020120882	27.47227561	0.483595202453356	0.313448890294092
TMCC1	-0.183373235	0.48600262	0.328537525	-1.019821131	20.52606386	0.483415018890515	0.313361389485699
SLC12A8	-0.340704888	0.48600262	0.328604825	-1.019673134	17.87594317	0.483326063982239	0.313361389485699
UNC45A	-0.076058015	0.486606875	0.329082172	-1.018624055	24.68647134	0.482695644936702	0.312821759454788
UBQLN2	-0.059063596	0.486679274	0.329199933	-1.018365421	24.74905388	0.482540261848994	0.312757148474172
VDAC3	-0.129956735	0.487036244	0.329510244	-1.018217128	25.99188046	0.482131079268707	0.312438718490702
CASK	-0.097399304	0.487253557	0.329791268	-1.017067718	22.93154947	0.481760847507813	0.312244981805346
CNN2	0.044434399	0.487253557	0.329795029	1.01705947	27.68085116	0.48175589476227	0.312244981805346
CD82	0.187632626	0.487401188	0.330150205	1.016812297	23.08743953	0.481288428724634	0.312113416593199
GPR174	-0.225900485	0.487401188	0.330012298	-1.016583098	18.54941676	0.481469875715988	0.312113416593199
IGSF9	-0.371996651	0.487401188	0.330170553	-1.016404526	18.66361941	0.481261662871786	0.312113416593199
DDI2	0.070028049	0.487401188	0.330153479	1.016273676	25.20414017	0.481284121978607	0.312113416593199
C4A	0.376368901	0.487413937	0.330316994	1.016446494	19.91364853	0.481069082346822	0.312102056859013
LLGL1	-0.059753195	0.487413937	0.330271419	-1.016015265	23.63016164	0.481129007621485	0.312102056859013
CHM	-0.088349041	0.487588163	0.330503992	-1.015505887	23.92757484	0.480823290510863	0.311946846134422
AGTRAP	-0.124246593	0.488292384	0.331050364	-1.014310265	23.18369592	0.480105930262336	0.311320049446306
ACBD6	0.171527944	0.48880584	0.331467573	1.013398261	21.00184385	0.47955895159102	0.31086361400809
MIEF1	-0.133101313	0.488950177	0.331688069	-1.012916606	17.48401274	0.479270150007965	0.31073539232088
SSX2IP	-0.178411886	0.488950177	0.33170369	-1.012882492	18.27164775	0.47924969719404	0.31073539232088
YEATS4	-0.219371204	0.48907972	0.331860709	-1.01253965	19.85721341	0.479044163302742	0.310620345100808
TNK2	0.285549275	0.489186371	0.332002229	1.012230753	19.15419509	0.47885900051539	0.310525651149134
ABCD4	-0.240843988	0.489432603	0.33223853	-1.011715189	19.38291791	0.47855000344375	0.31030710398427
MEST	-0.187854164	0.489885151	0.332661243	-1.01079358	21.94591845	0.47799779405666	0.309905724325047
ISOC1	-0.088850272	0.489885151	0.332684233	-1.01074348	22.62160406	0.477967781287345	0.309905724325047
ARHGAP27	-0.187236072	0.489971773	0.332812323	-1.010464399	19.34688434	0.477800601516473	0.309828938713213
SNX30	-0.160267247	0.490079237	0.332954596	-1.010154506	18.40214964	0.477614985866308	0.309733696686188
SRSF1	0.097416165	0.490140347	0.333065401	1.010052284	26.62131527	0.477470479693136	0.309679546093287
RRP36	0.136606415	0.490267007	0.333220776	1.009574987	17.0983385	0.477267928571176	0.309567332044382
MBLAC2	0.174152511	0.490498688	0.333447581	1.00908146	18.01167401	0.476972428829111	0.309362149945852
PCK2	-0.199815019	0.491604375	0.334268737	-1.008460896	23.62735103	0.475904239570426	0.308384260793916
SPATA5	-0.091564353	0.491988541	0.334599501	-1.006578669	23.06825422	0.475474711051772	0.308045012351385
STIL	-0.187130664	0.492361007	0.334922415	-1.005878198	17.96577449	0.475055785917726	0.307716348744955
TRABD	-0.166329443	0.492458144	0.335058107	-1.005584001	20.25008478	0.474879869497146	0.307630676034016
MGST1	0.06170868	0.49292179	0.335443242	1.00474945	24.87189649	0.474380953204338	0.307221983087735
IFT57	0.238139886	0.493185894	0.335970539	1.008010647	27.63768079	0.473698803891989	0.306989353498793
ZKSCAN1	-0.524664416	0.493185894	0.335884368	-1.005272917	18.73274537	0.473810207677584	0.306989353498793
TAF2	0.147127043	0.493185894	0.335741248	1.004104179	20.37041256	0.473995299567203	0.306989353498793
SLC30A1	-0.211818006	0.493185894	0.335871156	-1.003976561	21.97337277	0.473827290971999	0.306989353498793
ATP2A2	-0.056934367	0.493185894	0.335971561	-1.00360577	27.44946306	0.473697482799114	0.306989353498793
ZNF687	-0.349429439	0.494005276	0.33666284	-1.00262816	20.08085902	0.472804817302354	0.306268412765724
RPL14	-0.068798405	0.494005276	0.336669414	-1.0020971	27.0076692	0.47279633693651	0.306268412765724
GRB10	0.334465397	0.494236152	0.336966491	1.001512532	18.42285738	0.472413284580759	0.306065490338497
SUDS3	0.204225214	0.494236152	0.336960427	1.00146864	19.60792054	0.472421100151462	0.306065490338497
NUP133	-0.069702198	0.494302373	0.337081517	-1.001207255	24.50045285	0.47226506024965	0.306007304614417
CDR2	0.225207117	0.494559411	0.337326712	1.000678187	17.21977445	0.471949266830759	0.3057815295074
YLPM1	0.100466016	0.494582918	0.337412661	1.000492797	25.07585864	0.47183862506856	0.305760887462088
PRPSAP1	0.089818722	0.494825295	0.337647964	0.999985429	22.18409079	0.471535864709476	0.305548107753242
KCNAB2	0.18612387	0.49496912	0.337856577	0.999535827	20.00914434	0.47126762231543	0.305421894868318
POLR3A	0.087370829	0.49496912	0.337917445	0.999404683	22.16343027	0.47118938717843	0.305421894868318
ANAPC13	-0.315725678	0.49496912	0.337956015	-0.999321591	17.64899172	0.471139819502892	0.305421894868318
PHC2	-0.666630501	0.495455336	0.338428072	-1.001723817	18.15734982	0.470533620192559	0.304995489923454
NCAPD3	-0.103039159	0.495455336	0.338384895	-0.998398101	21.11347069	0.470589031462097	0.304995489923454
FLNC	-0.076015532	0.495609777	0.338669493	-0.99778576	25.3201822	0.470223922394256	0.304860134791399
QARS1	0.050764205	0.495609777	0.338673687	0.997776738	26.67401122	0.47021854423113	0.304860134791399
TADA3	-0.137394146	0.49568402	0.338794492	-0.997516928	20.83462845	0.470063658888707	0.304795081776081
GPAA1	-0.106600965	0.495790705	0.338937497	-0.997209463	23.09767525	0.469880382064492	0.304701619571121
HMGCL	-0.325060806	0.495817925	0.339041451	-1.001155483	23.45951141	0.469747201973698	0.304677776503518
C8orf82	0.235326192	0.495817925	0.339096285	0.996924642	21.16296075	0.469676968148302	0.304677776503518
NRBP1	-0.111042923	0.495844155	0.339184318	-0.996679009	24.22527029	0.469564235317167	0.304654801854204
NOL8	-0.166755847	0.49612572	0.339447057	-0.996114652	18.70154826	0.469227952298769	0.304408257816602
CEP192	0.170050765	0.496171193	0.33954831	0.995897249	20.43108499	0.469098426762546	0.304368453857261
RTL8A	-0.137020583	0.496252259	0.339673938	-0.995627574	20.36474154	0.468937773756978	0.304297503263586
SCO2	0.141229009	0.497114503	0.340334399	0.994211012	20.68657083	0.468094152752943	0.303543566410404
CHCHD7	-0.133653468	0.497156025	0.340433105	-0.993999477	19.02823399	0.467968214099352	0.303507293032123
OGFR	0.147323595	0.497537238	0.340764478	0.99363748	23.97728384	0.467545683308595	0.303174409083686
EI24	0.397657315	0.497604301	0.34094638	0.994060266	20.42465319	0.467313916318836	0.303115874513994
NDUFA7	0.286398245	0.497604301	0.340951095	0.993397636	21.1125357	0.467307910435086	0.303115874513994
RBM8A	-0.113312471	0.49782788	0.341174662	-0.992561803	25.47967932	0.467023230031463	0.302920785125775
HOMER3	-0.068528626	0.49785298	0.341262242	-0.992224331	23.92474096	0.466911760353575	0.302898888970218
USP30	-0.272826958	0.498380716	0.341694441	-0.991300252	18.73937925	0.46636208664655	0.302438770315207
TLCD1	0.223622033	0.498636607	0.34194037	0.990774811	18.93993775	0.46604962270958	0.302215841286503
E4F1	-0.132414276	0.498822803	0.342159457	-0.990306952	18.5921266	0.465771451967082	0.30205370156336
NVL	0.168080059	0.498822803	0.342214786	0.990188832	19.40434147	0.465701229922091	0.30205370156336
SLC7A1	0.316457967	0.498822803	0.342420629	0.9899795	20.17165667	0.46544007930156	0.30205370156336
CDC26	0.189717916	0.498822803	0.342286048	0.990036716	20.12381323	0.465610802878195	0.30205370156336
DNAJC19	-0.103104799	0.498822803	0.342409067	-0.989774175	22.37271487	0.465454743714712	0.30205370156336
CHRAC1	0.154984253	0.499107303	0.342731013	0.989087416	21.56598775	0.465046595408568	0.301806075436628
RBFOX2	0.127919989	0.499107303	0.342757037	0.989031924	20.91837277	0.46501362013029	0.301806075436628
ZGPAT	0.101001225	0.499344068	0.343035414	0.988438515	22.32428025	0.464661042316251	0.301600104994959
MCTP1	0.285273821	0.499344068	0.34306081	0.988384395	17.53705095	0.464628891308035	0.301600104994959
GOLGA7	-0.126901943	0.499378038	0.343154742	-0.988184251	20.89510552	0.464509995286486	0.301570561274103
TOX4	-0.117640473	0.50000888	0.343658917	-0.98711067	21.69999586	0.463872382866072	0.301022282662474
STK36	-1.086167628	0.500094065	0.343887875	-0.990880293	19.0634234	0.46358313651711	0.300948299527607
TGFBR1	-0.176707912	0.500094065	0.34381485	-0.986778859	17.67898814	0.463675369261019	0.300948299527607
MFF	-0.13121694	0.500094065	0.343952612	-0.986485805	22.39244234	0.463501388139429	0.300948299527607
DDX50	-0.10918863	0.500094065	0.344000243	-0.986384502	23.07194356	0.463441250644976	0.300948299527607
RPS25	0.064923569	0.500737198	0.344513421	0.9852937	28.16430316	0.46279385488057	0.300390145197699
NPTXR	0.166089785	0.500763166	0.344602077	0.985105374	19.17528464	0.462682109282301	0.300367623470271
TAF1L	-0.342526602	0.500922472	0.344782516	-0.984854493	17.83020841	0.462454765461144	0.300229484887281
TIA1	-0.210085132	0.502012323	0.345603621	-0.983477909	22.51738226	0.461421715926707	0.299285622007941
FRYL	0.103962168	0.502112517	0.345743578	0.982683677	23.08375269	0.461245877928891	0.299198952104497
CDC25B	0.514474581	0.502943078	0.346386581	0.982736118	18.68178505	0.460438940876791	0.298481164664501
UBB	-0.134804076	0.503425241	0.346789822	-0.980469131	20.38739085	0.45993365719958	0.298065013356184
SMC5	-0.172220035	0.503477826	0.346897219	-0.980242081	18.81423784	0.459799181788944	0.298019651739758
PCIF1	-0.136456161	0.503898227	0.347258108	-0.979479488	20.83483921	0.459347605292145	0.297657169736057
CAMK4	-0.183341981	0.504002904	0.347401493	-0.979176661	20.64111712	0.459168319451764	0.29756696119824
DIAPH2	-0.114133243	0.504075325	0.347522669	-0.978920809	22.23384287	0.459016861000467	0.297504561198274
BRD4	-0.109979386	0.504554479	0.347924335	-0.978073187	23.2325192	0.458515194171042	0.297091934180887
VDAC1	0.115184639	0.504949385	0.348410793	0.977539341	27.27684998	0.457908399968219	0.296752152409792
C1QBP	0.112163548	0.504949385	0.348395961	0.977415623	25.97641009	0.457926888467992	0.296752152409792
FAM219A	0.227003511	0.504949385	0.348316847	0.977245564	17.833795	0.458025519563601	0.296752152409792
KCTD9	-0.258427848	0.505274794	0.348753836	-0.976324949	17.34276812	0.457481006816639	0.296472366316987
XRCC1	0.082869991	0.505274794	0.348778176	0.976273695	22.29410045	0.457450697877373	0.296472366316987
RPS15A	-0.057797465	0.505438346	0.348962522	-0.975885598	27.74048368	0.457221213048257	0.296331812624919
MAN2A1	-0.131490858	0.505614365	0.349165281	-0.975458907	20.802959	0.456968946580846	0.296180595818217
CYB561	-0.213145278	0.505614365	0.349226999	-0.975329062	19.87313229	0.456892188037914	0.296180595818217
AKAP17A	0.177120623	0.505680788	0.349344361	0.975082194	20.64372561	0.45674626258954	0.296123545920712
NCSTN	-0.074350484	0.50910664	0.351819785	-0.969889056	23.96689552	0.453679741130079	0.293191238659864
RSU1	-0.083233604	0.50910664	0.351855013	-0.96981534	22.54490008	0.453636257048896	0.293191238659864
MAD1L1	-0.169741145	0.509236508	0.352016755	-0.969476964	21.17112258	0.453436664843265	0.293080468618955
RTN3	-0.07620191	0.509536671	0.352296276	-0.968892447	25.20836331	0.453091947568683	0.292824554660813
BLOC1S1	0.304671058	0.510698812	0.35317198	0.967063381	18.89443762	0.452013759834277	0.291835152409674
MTREX	-0.071230736	0.51272641	0.354646639	-0.963990617	24.16340884	0.450204151621654	0.290114311929865
FAM111A	-0.157330044	0.512947025	0.354871748	-0.96352236	17.70864022	0.449928574267781	0.289927484670168
COA7	0.18105744	0.51298923	0.354973463	0.963310847	21.50459722	0.449804112588405	0.28989175262828
PRXL2B	-0.221537662	0.513266877	0.355238144	-0.962760659	19.53170392	0.449480407647642	0.289656761455732
MGAT1	-0.269744907	0.514246241	0.355988669	-0.961202147	19.63132042	0.448563825254907	0.288828874196046
GPATCH1	0.348126447	0.514265554	0.356163712	0.960979929	18.24108499	0.448350331029359	0.28881256416563
TOP3B	0.17282353	0.514265554	0.356096703	0.960977999	19.82839029	0.448432047318545	0.28881256416563
GFER	-0.128175751	0.514265554	0.356220132	-0.960721972	20.73447718	0.448281539759241	0.28881256416563
TOR1AIP2	-0.107575186	0.514493845	0.356450994	-0.960263465	24.80346608	0.448000169874787	0.288619816428323
PPIE	-0.550449944	0.514534409	0.356551834	-0.964069738	23.16737778	0.447877325324591	0.288585576899321
NSUN6	0.91505665	0.514614039	0.356679762	0.963802458	18.07540195	0.447721531819681	0.288518370132931
TUBG1	-0.061690263	0.514621966	0.356803588	-0.959512571	24.23674189	0.447570787029193	0.288511680409016
SCYL3	0.305141189	0.514621966	0.356830752	0.959456298	18.69764674	0.447537724788068	0.288511680409016
ACP6	0.161190803	0.5146483	0.356921764	0.959267784	18.045336	0.447426969284682	0.2884894574589
NAB1	-0.110948478	0.514746285	0.35709275	-0.958913712	23.06904493	0.447218967132776	0.28840677906607
MTHFD1L	0.087111473	0.514746285	0.357135251	0.95882572	23.25611197	0.447167280697152	0.28840677906607
TRIM25	-0.059516432	0.515071817	0.35743392	-0.958207587	25.73844164	0.446804235910354	0.288132212604833
HUS1B	0.132918658	0.515363656	0.357709295	0.957637991	19.31363287	0.446469774654604	0.287886211619785
NSMCE2	-0.178112081	0.515982448	0.358211734	-0.956599532	17.53322232	0.445860191999036	0.287365071369678
SUMF1	0.144190481	0.516139969	0.358394053	0.956222966	17.30013166	0.445639205401408	0.28723250860292
FAR1	-0.330733309	0.516689726	0.35884883	-0.955754953	20.04019752	0.44508846541431	0.286770173998886
DHX8	-0.081674682	0.516795376	0.358995262	-0.954982178	23.1337141	0.444911283178878	0.286681380823089
ATF2	0.159372834	0.517584509	0.359616605	0.95370139	16.63711575	0.444160263286479	0.286018730323312
CTSL	-0.201082259	0.517907937	0.359914535	-0.953087819	21.38183476	0.443800614189463	0.285747433317132
ADAM9	-0.097217201	0.518642307	0.360498194	-0.951886851	23.55327202	0.443096906638863	0.285132059592833
RXRB	-0.213625802	0.519348161	0.361062236	-0.951193939	22.24912106	0.442417932660048	0.284541401867291
CEP170B	-0.224245808	0.519745958	0.361412265	-0.950060196	21.1845502	0.441997113171223	0.284208879437805
CSTF1	-0.099275531	0.519820837	0.361537817	-0.949751088	23.97968732	0.441846268617227	0.284146315807025
HDHD5	0.081710401	0.520457304	0.362054056	0.948692165	21.23999223	0.441226582864946	0.283614892277857
TCF12	-0.316347923	0.520746569	0.362328896	-0.948351395	19.97886636	0.440897029275083	0.283373582771049
CFAP36	-0.291749004	0.520896769	0.362507039	-0.94790113	20.180577	0.440683556074565	0.283248336385354
PREPL	-0.381142381	0.5210058	0.362730218	-0.947769972	19.08801646	0.440416263101677	0.283157441971158
CCNB1	-0.106264566	0.5210058	0.362669962	-0.947430205	22.99109797	0.440488413203326	0.283157441971158
DDX46	0.048816204	0.521431162	0.363100072	0.946549833	26.08327602	0.439973664969786	0.282803017892968
PIK3AP1	0.137080399	0.521511491	0.363229731	0.946284584	17.98658267	0.439818610919698	0.282736117874246
FPGT	-0.141548363	0.521566512	0.363407866	-0.945920275	18.11690078	0.439605676578279	0.282690300942737
MRPL41	0.091710431	0.521566512	0.363459083	0.945815555	22.24046053	0.43954447346388	0.282690300942737
BLOC1S4	0.130401683	0.521566512	0.363489243	0.945753893	20.14581313	0.439508437005405	0.282690300942737
GSN	0.054017086	0.52173354	0.363679401	0.945365197	28.04016077	0.439281296925442	0.282551243460273
ASAP1	-0.144590376	0.521941491	0.363898139	-0.944918262	20.63176497	0.439020165419803	0.282378178147184
DOCK4	-0.525780978	0.522004428	0.364015811	-0.946773821	18.90423293	0.438879752392358	0.282325812998103
MYO9B	0.222012347	0.522749207	0.364609074	0.943466958	21.0037642	0.438172527290776	0.281706617325757
RPL18	-0.058938241	0.522770913	0.364698114	-0.943285333	27.43122467	0.438066482591101	0.281688584586176
KIF26A	0.080931836	0.522807673	0.364797664	0.943082306	25.89672175	0.43794795136105	0.281658047110801
SEPHS2	-0.21594732	0.523111666	0.365083729	-0.942499112	18.77469012	0.437607522194014	0.281405594591315
MTG2	0.140602639	0.523178354	0.365255553	0.942148972	18.67044298	0.437403172740891	0.281350232827569
ADD1	-0.11963823	0.523178354	0.365278186	-0.94210286	23.10389469	0.4373762625888	0.281350232827569
COX11	-0.205773456	0.524345012	0.366166859	-0.940293881	19.50139144	0.436320965344926	0.280382859005457
EIF3D	-0.057093172	0.524360391	0.366320514	-0.939981416	26.21196937	0.436138760102746	0.280370121367568
SPTLC2	-0.07294178	0.524360391	0.366325849	-0.939970569	23.3464913	0.436132435193	0.280370121367568
FEN1	-0.064295079	0.524759632	0.366678945	-0.939252888	25.59763924	0.435714026861981	0.280039581166603
LARP4	-0.065249669	0.524982408	0.366908825	-0.938785913	23.86007931	0.4354418423386	0.279855249425535
ABT1	-0.157790663	0.52564255	0.367444502	-0.937698543	17.83329581	0.434808246498853	0.279309486518574
ACTR1B	0.327951466	0.525843489	0.367847526	0.938982304	21.94617828	0.434332160508152	0.279143499150744
CLMN	-0.111271378	0.525843489	0.367669934	-0.937241275	23.40821484	0.4345418828637	0.279143499150744
CCNK	0.180358717	0.525843489	0.367882305	0.937017411	22.6057632	0.434291101067142	0.279143499150744
ODAD2	0.117957756	0.525843489	0.367854914	0.936866207	19.00207149	0.434323438047934	0.279143499150744
EIF4G3	-0.20460389	0.52592897	0.368016455	-0.937574354	23.25535725	0.434132762424494	0.279072906074511
CFDP1	0.197408042	0.526147796	0.368243955	0.936077814	20.64054492	0.433864373695627	0.278892244494028
MRPL16	-0.128775758	0.526894471	0.368841026	-0.934868992	23.18792068	0.433160778577005	0.278276358699539
LAMA1	-0.904787125	0.527253412	0.369241363	-0.937886751	19.77373118	0.43268965456797	0.277980601141861
ACAP2	-0.119997579	0.527253412	0.369213385	-0.934115817	23.40886834	0.43272256299209	0.277980601141861
TP53BP1	-0.085182775	0.527570461	0.369537975	-0.933459701	24.01646846	0.432340925373305	0.277719528864557
IGSF3	-0.114435879	0.527699085	0.369702667	-0.933126954	20.52041765	0.432147416456362	0.27761365886399
PIK3CB	0.107495728	0.527894613	0.369987559	0.932551597	20.45350552	0.431812879037028	0.277452769816263
TRAPPC14	-0.190665984	0.527894613	0.369988902	-0.932548885	18.31022529	0.43181130261529	0.277452769816263
TXN2	0.099700599	0.527994666	0.370133665	0.932256648	22.86364461	0.431641412449286	0.277370464849649
FAM20B	-0.155906471	0.528618492	0.370708682	-0.931096637	22.18847868	0.430967242671439	0.276857648557526
UBFD1	0.124360553	0.528618492	0.370720432	0.931072947	21.86799565	0.430953477471054	0.276857648557526
RARS2	0.270896422	0.528753721	0.370890015	0.931037707	20.80387293	0.430754858471803	0.276746563344408
NOPCHAP1	-0.095612986	0.529076151	0.371190973	-0.930124664	22.80153453	0.43040259394013	0.276481814583112
CDS1	-0.10779732	0.529706322	0.371707971	-0.929083729	21.77364475	0.429798125683404	0.275964843765686
SLC35B2	-0.13428641	0.529904371	0.371921855	-0.928653388	22.19315896	0.429548300729425	0.275802498124185
ZNF366	-0.168427806	0.530785078	0.372615026	-0.927259899	17.42439579	0.428739635813082	0.275081294988748
NAA30	0.207689153	0.530800624	0.372765674	0.92708883	21.61027778	0.428564086336149	0.275068575258247
C6orf89	-0.204940698	0.530800624	0.37280497	-0.926878371	18.07640768	0.428518306540193	0.275068575258247
NAPA	-0.061961361	0.530800624	0.372851046	-0.926785841	23.67998783	0.4284646341976	0.275068575258247
PPP1R3D	0.290453246	0.53155004	0.373508766	0.926438469	21.56205948	0.427699201129027	0.274455844832284
SPG21	-0.136187423	0.53155004	0.373527742	-0.925427831	21.49982989	0.427677137489561	0.274455844832284
OS9	0.150596589	0.531650687	0.373696584	0.925089264	22.73198996	0.427480872064012	0.274373620590444
UBTF	-0.045811389	0.531650687	0.37374878	-0.92498462	25.57442398	0.427420216299976	0.274373620590444
PPP5C	-0.094259289	0.531879283	0.37398467	-0.924511832	24.20851105	0.427146199593261	0.274186925366586
LRCH1	-0.188052343	0.532603128	0.374613119	-0.923253266	19.72706673	0.426417017645397	0.273596287260295
SDSL	0.091834876	0.532603128	0.374673517	0.923132388	23.48482258	0.426347003002363	0.273596287260295
CAMSAP2	0.182928848	0.532603128	0.374719503	0.923040361	19.89517527	0.426293702623157	0.273596287260295
PCF11	0.179158222	0.532727712	0.374882464	0.922714314	20.83622823	0.426104874238772	0.273494711032614
CEP20	-0.124362715	0.533411861	0.375439307	-0.921600946	18.43181173	0.425460260431918	0.272937331522823
RPS17	0.071180402	0.534285192	0.376129524	0.920222507	27.33825381	0.424662575625621	0.272226862354258
ZMAT2	-0.163499448	0.534722947	0.376544223	-0.919395159	21.31387269	0.424184011024975	0.271871178268018
INPPL1	-0.117746397	0.534722947	0.376644092	-0.919311859	24.1818935	0.42406884047598	0.271871178268018
THOC1	-0.118702915	0.534722947	0.376892396	-0.918701027	22.78240854	0.423782624578927	0.271871178268018
FUNDC2	-0.125557846	0.534722947	0.376956645	-0.918572985	22.54216084	0.423708596531618	0.271871178268018
IFT46	0.211496047	0.534722947	0.37695882	0.918568651	17.46386415	0.423706090705589	0.271871178268018
GFPT1	-0.044053767	0.534722947	0.377081862	-0.918323487	25.50112098	0.42356435707399	0.271871178268018
KIF14	-0.204593853	0.534722947	0.377087121	-0.918313009	19.96857762	0.423558300196203	0.271871178268018
TMTC4	-0.086683552	0.534722947	0.377089286	-0.918308695	23.15312231	0.423555806754232	0.271871178268018
TASOR2	0.193905612	0.534722947	0.377118007	0.918251477	18.82328072	0.423522729980946	0.271871178268018
APAF1	-0.104024636	0.535154268	0.37755723	-0.917376826	20.29854512	0.423017208831157	0.27152100660766
MT-ND6	0.129734168	0.535154268	0.377573502	0.917344437	18.06365469	0.422998491966616	0.27152100660766
MGA	0.587999728	0.535291304	0.377745857	0.919578788	17.19864663	0.422800290170685	0.271409811829516
MAPKAP1	-0.364808928	0.535337933	0.378005792	-0.917478036	20.41874899	0.42250154562741	0.271371982267778
HPCAL1	0.083737985	0.535337933	0.377903814	0.916687154	22.16791177	0.422618724937192	0.271371982267778
TIMM29	-0.159340489	0.535337933	0.377971935	-0.916551653	21.91836304	0.422540446001743	0.271371982267778
RAB11A	0.236115349	0.535628169	0.378286448	0.916360543	22.14229131	0.422179216899806	0.271136591257549
MIB2	0.264619666	0.535878032	0.378538666	0.915424999	17.84685618	0.421889752695552	0.270934046234483
ERF	0.38028382	0.536146369	0.378879799	0.915737558	20.27056557	0.421498549691245	0.270716630883273
PHKA1	-0.195327655	0.536146369	0.37880865	-0.914888689	19.35832539	0.421580112550556	0.270716630883273
TMEM51	-0.149542196	0.536181502	0.378980422	-0.91454761	18.81634206	0.421383224958007	0.270688173042251
RRP7A	0.135443403	0.536220913	0.379084081	0.914341833	21.81212076	0.421264452658811	0.270656252226717
NDC1	0.095386833	0.53664846	0.379462199	0.913591547	23.01756694	0.420831480857777	0.270310112580351
ACOT1	0.080194604	0.536785616	0.379652848	0.913213446	23.61875025	0.420613337874711	0.27019913027484
DHX16	-0.054872509	0.536785616	0.379710945	-0.913098255	24.88436886	0.420546884333479	0.27019913027484
FTO	0.184083516	0.536894291	0.379863716	0.912795402	21.80400076	0.420372187607545	0.270111214029646
PUS7L	0.193131828	0.537443168	0.380366311	0.91179966	20.39674577	0.419797955443121	0.269667453512712
GGPS1	0.081169662	0.537443168	0.380404007	0.911725015	22.85232438	0.419754917053174	0.269667453512712
RPA3	-0.066834636	0.537769776	0.380762873	-0.911014638	22.92128673	0.419345404923349	0.269403609857742
NACC1	-0.218056622	0.537769776	0.380863242	-0.910929896	21.26575519	0.41923094009015	0.269403609857742
TRAPPC9	0.1449442	0.537769776	0.380822179	0.910897287	20.62038713	0.419277766335831	0.269403609857742
TNRC6B	0.155283858	0.538255322	0.381328457	0.909896007	20.15184299	0.418700783876816	0.26901166739615
RAC3	-0.049167261	0.538255322	0.381359298	-0.909835042	25.12489971	0.418665660522505	0.26901166739615
POLR1G	-0.130235256	0.538337515	0.381535105	-0.909487579	21.47853189	0.418465496486614	0.26894535455216
KCMF1	-0.136081405	0.538337515	0.381569734	-0.909419153	21.89872754	0.418426080713432	0.26894535455216
CPNE2	0.275626147	0.538932765	0.382180589	0.90821281	19.22554832	0.417731374592014	0.268465412198858
MON1B	0.136167456	0.538932765	0.382204612	0.908165396	18.3187623	0.41770407668952	0.268465412198858
USP35	-0.160447136	0.538932765	0.382220198	-0.908134633	20.04102966	0.417686366867162	0.268465412198858
SEC23B	-0.052702575	0.538989385	0.382336547	-0.907905031	24.71085583	0.417554186412551	0.26841978783983
DGKE	-0.147180624	0.539098081	0.382554551	-0.907474953	19.12044339	0.417306627153346	0.268332214104575
FBXO7	0.10215764	0.539098081	0.382566068	0.907452238	20.67207579	0.417293552693126	0.268332214104575
CAMSAP1	0.137433959	0.539109164	0.382650143	0.907286424	17.71809346	0.417198120034517	0.268323285791831
STARD7	0.094065106	0.539149262	0.382754819	0.907080015	22.46228216	0.417079332695192	0.268290984926429
WNT6	0.322217772	0.539779677	0.383278671	0.90707893	21.27791223	0.416485348042123	0.267783470896413
ATAD2B	0.27251491	0.540726123	0.384027148	0.904574265	16.78629194	0.415638073002672	0.267022648732678
TTC17	-0.057053662	0.540783916	0.384144639	-0.904343166	25.35314265	0.415505223308802	0.26697623366465
SYNPO	0.19210147	0.540921564	0.384318883	0.904000528	20.48591813	0.415308276526463	0.266865704933359
ARHGDIB	0.061268788	0.541338616	0.384724631	0.903203071	24.70941822	0.414850008221521	0.266530991720068
DCAF6	-0.269644985	0.541338616	0.384768244	-0.903117387	18.38315814	0.414800778694192	0.266530991720068
TBC1D9B	0.109477346	0.541357028	0.384857859	0.902941351	21.7502407	0.414699640492096	0.26651622075457
RBM17	-0.056782815	0.541400089	0.384965005	-0.902730913	23.74734519	0.414578747962049	0.266481677172447
SAV1	0.213681796	0.541817878	0.385338669	0.901997345	18.94804996	0.414157407050687	0.266146668943587
CLASP2	-0.063101679	0.542044132	0.385629545	-0.901426647	23.01914802	0.413829700031336	0.265965352753464
GALT	-0.20216145	0.542044132	0.38565283	-0.901380975	21.32627354	0.413803477347292	0.265965352753464
UGGT2	-0.188324653	0.542613804	0.386134844	-0.900435956	19.72329702	0.413261006782732	0.265509162058441
CTIF	0.418353646	0.543028238	0.386506528	0.900167072	17.57308701	0.412843166556948	0.265177586085712
SELENOS	-0.112601776	0.543310353	0.38678413	-0.899164281	20.10689062	0.412531353603572	0.264952019229243
PDSS2	-0.162926763	0.544554141	0.387746566	-0.897281989	16.77286729	0.411452039739644	0.263958935065898
AAAS	-0.062484307	0.544575321	0.38783863	-0.897102104	26.9581672	0.411348935947627	0.263942043856085
KRT18	0.071583645	0.5453709	0.388623827	0.895700904	31.46718512	0.410470575796474	0.263308038940386
CYB5B	-0.144565069	0.5453709	0.388520239	-0.895771211	21.0089998	0.410586352777927	0.263308038940386
THNSL1	0.12006529	0.5453709	0.388668993	0.895480971	19.99693849	0.410420104869464	0.263308038940386
IQCJ-SCHIP1	-0.18056563	0.5453709	0.388778923	-0.895266532	17.10087508	0.410297287657581	0.263308038940386
NOLC1	0.071769622	0.5453709	0.388790705	0.895243552	24.19028702	0.410284126501584	0.263308038940386
XAB2	-0.144415595	0.546189187	0.389451267	-0.893955908	21.75252047	0.40954687893394	0.26265690191272
MKRN2	-0.190270008	0.546322461	0.389623525	-0.89362037	19.59857289	0.409354828823088	0.262550943933829
RPS4X	0.042123758	0.546572267	0.389878946	0.89312303	28.85655134	0.409070216678908	0.26235240812529
SUOX	-0.176187853	0.547144973	0.390364812	-0.892177598	18.92404455	0.408529337119527	0.261897586587897
DLST	0.047826487	0.547448716	0.390658908	0.891605719	26.87151468	0.408202268241295	0.261656558499523
NDUFB4	0.100867667	0.547478245	0.390786929	0.891356871	23.0740197	0.408059970946376	0.261633133591349
ISCU	-0.183991642	0.547478245	0.390856493	-0.891221676	21.32235681	0.407982669044848	0.261633133591349
NDRG2	-0.145932774	0.547478245	0.390912159	-0.891113502	21.44796718	0.407920820986324	0.261633133591349
D2HGDH	-0.186327483	0.547617087	0.391162484	-0.890627189	19.26954595	0.407642804633619	0.26152300927063
AGPAT2	0.169853925	0.547617087	0.391166121	0.890620124	20.34921255	0.407638766614248	0.26152300927063
VAMP2	0.077371124	0.547738918	0.391384058	0.890196908	23.49493913	0.407396868160987	0.261426400440257
AVL9	-0.146996316	0.547738918	0.391408005	-0.890150415	20.61791134	0.407370296481347	0.261426400440257
TMBIM1	0.115330407	0.547777457	0.39151298	0.889946628	21.3761758	0.407253835013627	0.261395844484313
PPWD1	-0.121608535	0.548113938	0.391830956	-0.889329575	21.27238628	0.406901256220543	0.261129154104547
TTC26	-0.447546934	0.54813489	0.392078392	-0.889787723	18.18789718	0.406627091629274	0.261112553242127
NDOR1	-0.242001754	0.54813489	0.392021956	-0.889080644	20.8012672	0.406689608738176	0.261112553242127
COX15	0.070196683	0.54813489	0.392075888	0.888854503	23.11122059	0.406629865250258	0.261112553242127
NRBF2	-0.153364198	0.548280008	0.392259701	-0.888498114	20.66373985	0.406426307043329	0.260997589559843
HOXA5	0.205954747	0.548473764	0.392475854	0.888079165	19.87082479	0.406187056873198	0.260844141876945
LIN37	-0.201263095	0.548490889	0.392581327	-0.887874796	18.38985407	0.406070361317068	0.260830582109121
F10	0.120650492	0.548490889	0.392643181	0.887754961	18.76525645	0.406001940500688	0.260830582109121
NNMT	0.171053089	0.548524389	0.392744703	0.887558302	21.31643223	0.405889663635879	0.260804057656016
MYO1B	0.086127303	0.548545761	0.392837549	0.887565076	28.1559212	0.405787007279904	0.260787136693089
POLR2K	-0.139733358	0.548631324	0.392976381	-0.887109652	20.72176237	0.405633551175763	0.260719400063627
S100A14	-0.09772087	0.549533535	0.393700305	-0.88570892	21.42609589	0.404834248761293	0.260005799835469
FIS1	0.368923781	0.549919871	0.394054824	0.885430755	18.77915316	0.404443351513769	0.259700587083477
IGFBP2	-0.347237943	0.550254722	0.394372553	-0.887861506	22.86025814	0.40409331811073	0.259436221869127
NFKBIE	0.723051662	0.550754532	0.394808627	0.887013445	17.08524487	0.403613366089633	0.259041920478613
OGFRL1	0.355538527	0.550960699	0.395112189	0.883387525	18.89913947	0.403279572359084	0.258879379036003
SNW1	0.066868355	0.550960699	0.395087245	0.883030237	24.76354863	0.403306990859007	0.258879379036003
CWF19L1	-0.081129651	0.550969903	0.395196676	-0.882819159	22.91139276	0.403186716920768	0.258872124048431
SLC30A7	-0.134910861	0.551552613	0.395720765	-0.881808822	22.55988435	0.402611160023827	0.258413053585123
CRTC2	-0.229280199	0.551552613	0.395770577	-0.881712841	19.5716973	0.402556495934371	0.258413053585123
MICOS13	0.101554831	0.551579369	0.395867749	0.881525631	21.97765711	0.402449878399011	0.258391986326899
DCDC2	0.282547985	0.551828671	0.396124681	0.88290152	22.33955701	0.40216809753972	0.258195738917338
OGDHL	-0.134116093	0.552590693	0.396749806	-0.879827699	20.3497687	0.4014832769314	0.257596433955847
UBE2G1	0.10478463	0.552636746	0.396860994	0.87961385	21.22522801	0.401361584194432	0.25756024128983
EIF5A2	0.12553264	0.552647667	0.39694696	0.879448539	20.1753083	0.401267519731134	0.257551659010045
TIAM1	0.125180538	0.553668018	0.397758109	0.877889908	16.79999418	0.400380957732781	0.256750562287725
NAXE	0.06024184	0.553860231	0.397974492	0.877474494	24.64970868	0.400144762948061	0.256599817516811
THAP12	0.137935715	0.554339792	0.398406195	0.876646164	21.30650575	0.399673917152461	0.256223945463547
CDC20	0.170874102	0.554339792	0.398475805	0.876512658	20.45409491	0.399598043336859	0.256223945463547
PDXP	0.142919377	0.554564593	0.398715793	0.8760525	20.6258585	0.39933656173687	0.256047862049171
RFX7	0.137543664	0.554637763	0.398846805	0.875801376	17.78127858	0.399193882555781	0.255990564429642
GHITM	0.076734724	0.555406239	0.39954218	0.874469418	23.33260863	0.398437365100276	0.255389246033269
MANSC4	0.107540696	0.555406239	0.399568717	0.874418619	22.62974348	0.398408520861726	0.255389246033269
TMEM214	0.070227817	0.555406239	0.399639637	0.87428287	22.9722346	0.398331444178072	0.255389246033269
CCDC102A	-0.166333817	0.555406239	0.3997232	-0.874122942	16.97680083	0.398240644485507	0.255389246033269
RALGAPA2	0.155875211	0.555406239	0.399803803	0.873968701	17.87054171	0.398153079117203	0.255389246033269
RBM7	-0.186742756	0.555406239	0.399870508	-0.87384107	21.19332352	0.398080625586849	0.255389246033269
ANKRD54	0.413240885	0.555681779	0.400400733	0.873730541	19.13690037	0.397505136143858	0.255173843649195
PAN2	-0.166163933	0.555681779	0.400265201	-0.87308618	17.5513499	0.397652165754546	0.255173843649195
HAUS6	-0.086911666	0.555681779	0.400306987	-0.873006289	23.27140922	0.397606829607452	0.255173843649195
MRPL38	0.077550326	0.555681779	0.400449467	0.872733925	23.57099998	0.397452280048406	0.255173843649195
RELB	-0.151227647	0.555681779	0.400461649	-0.872710641	20.08242546	0.397439068656347	0.255173843649195
FOCAD	-0.116835352	0.556114835	0.400852353	-0.871964129	23.14106017	0.39701556275409	0.25483551946598
CBFB	-0.072186789	0.556337158	0.401091251	-0.871507913	23.01240809	0.396756811176824	0.254661932373695
ST13	0.043655151	0.556707098	0.401436657	0.87084863	27.11425377	0.396382972640909	0.254373241415209
ARHGAP12	-0.088616678	0.556752122	0.401547827	-0.870636519	20.70884877	0.396262719961502	0.254338119024711
INTS5	-0.21891333	0.557389433	0.40208627	-0.869609744	20.34355658	0.395680756454517	0.253841268908131
PPP6C	-0.079225997	0.557606669	0.402416141	-0.868981163	24.49916082	0.395324607955496	0.253672040698103
AIP	-0.060375398	0.557606669	0.402454393	-0.868908295	24.50706159	0.395283327695299	0.253672040698103
AFG3L2	-0.052676821	0.557606669	0.402479453	-0.86886056	25.43354157	0.395256285920936	0.253672040698103
GJA1	-0.466582423	0.557938938	0.402798156	-0.869717343	19.03997806	0.39491252630327	0.253413328554791
SBK2	0.241646432	0.557959812	0.402892101	0.868074823	19.25887072	0.394811247195243	0.253397080731202
FAM3A	0.153646479	0.560615099	0.40489179	0.864274856	18.38542602	0.392661029341356	0.251335209600927
KIF1A	-0.173980999	0.560615099	0.404967933	-0.864130415	19.59112421	0.392579364618704	0.251335209600927
SPINT2	0.079122908	0.560790504	0.405173914	0.863842891	27.5840588	0.392358523258797	0.251199348991677
TIMELESS	-0.102755158	0.560900582	0.40536451	-0.863378416	21.44585859	0.392154276821743	0.251114109358896
IFT43	0.221515258	0.560900582	0.405412027	0.863288347	17.58461748	0.392103371621658	0.251114109358896
ZCCHC8	-0.135048643	0.561187798	0.405698954	-0.862744622	22.64175175	0.39179611202112	0.250891780478459
RBBP4	-0.051185447	0.562170197	0.406488628	-0.861249539	27.18742524	0.390951599801603	0.250132181890312
RIN2	-0.145404351	0.562542127	0.406837082	-0.860590438	17.11574258	0.390579469284159	0.249844949059133
OXSM	-0.148637503	0.562834258	0.40712998	-0.860036718	17.70678052	0.390266916119322	0.249619476255841
NCAPH	-0.046948596	0.562834258	0.407207482	-0.859890245	24.96755078	0.390184250903465	0.249619476255841
LIN54	-0.106401934	0.562920374	0.407349363	-0.859622152	19.11593758	0.390032958488729	0.249553032463182
TMED1	0.074614671	0.563263916	0.407677587	0.859002193	22.96945129	0.389683164215707	0.249288069790812
ANP32B	-0.044745683	0.563409716	0.407879348	-0.858621269	26.18920619	0.389468283593667	0.249175667877753
CDC40	-0.097979	0.563409716	0.407965508	-0.858458636	21.52196198	0.38937655337701	0.249175667877753
KNL1	-0.142961544	0.563409716	0.408022049	-0.858351925	20.65774275	0.38931636754665	0.249175667877753
CHD6	-0.330781063	0.563864365	0.408499075	-0.857627134	17.98803481	0.388808922541237	0.248825351009944
LSM14B	-0.072491718	0.563864365	0.408510725	-0.857430048	23.4022713	0.388796537057698	0.248825351009944
ACAA1	0.059738756	0.563988677	0.408680515	0.857109918	23.99242568	0.388616068013161	0.248729615104923
RNF7	-0.450702984	0.564098441	0.408839795	-0.857931895	18.89491868	0.388446838147904	0.248645100533484
ECI1	-0.052953692	0.564338021	0.409093211	-0.856332173	25.2935452	0.388177727662962	0.248460689134098
SYAP1	-0.050112724	0.564712289	0.409512773	-0.85554203	24.45886103	0.387732547732854	0.248172761250518
NLRP13	0.194802056	0.564712289	0.409524179	0.855520558	17.91326403	0.387720451666007	0.248172761250518
TXNL1	0.050115721	0.565153144	0.409923775	0.854768538	26.17428851	0.387296892486442	0.247833852035414
TUFM	0.042985284	0.565844417	0.410505167	0.85367527	27.67961907	0.386681372075684	0.247302964795467
TENT4B	0.160264749	0.565877866	0.410609427	0.853479325	17.9787098	0.386571084076281	0.247277292921108
HERC1	0.103938002	0.56626325	0.410969115	0.852803592	21.25594015	0.386190814837002	0.246981622798871
VPS37B	0.202857102	0.566598774	0.41129272	0.852195987	19.58479716	0.385848977560626	0.246724369536038
MRPS28	-0.053823287	0.566892781	0.411586277	-0.85164508	22.5872878	0.385539113799132	0.24649907342326
RPL13	-0.116142694	0.567032209	0.411767664	-0.852223367	27.41983837	0.385347761403666	0.246392271276977
AP1G2	0.097737993	0.56718793	0.411960925	0.850942374	22.75318854	0.385143975378687	0.246273019697648
TMEM131	-0.304569308	0.567210935	0.412057817	-0.850872787	18.85830381	0.38504184260187	0.246255405179746
DENND2B	1.155766495	0.567930775	0.412661038	0.852835368	21.11187174	0.384406533740438	0.245704597154625
PRPF18	0.186828571	0.568011404	0.412799919	0.849370278	18.68311546	0.384260396598521	0.245642944844345
EIF4A3	0.036477776	0.568083382	0.412932534	0.849121982	26.37805734	0.384120898718781	0.245587914843951
RIPK1	-0.444967553	0.569915197	0.414344622	-0.84966475	22.31584916	0.382638293723579	0.24418976224841
HABP2	-0.38964887	0.570153188	0.414678846	-0.846696636	19.40330804	0.382288118722782	0.244008442985629
MAP3K7	-0.093018492	0.570153188	0.414628364	-0.845951576	21.26539497	0.382340991901257	0.244008442985629
ARPC5L	0.077633165	0.570629196	0.4151567	0.844965612	23.39022219	0.381787948829376	0.243646011618106
OCIAD1	0.064030666	0.570629196	0.415186383	0.844910243	25.17324515	0.38175689862043	0.243646011618106
FCSK	-0.560898264	0.57076716	0.41536745	-0.847013865	17.2629142	0.381567539672036	0.243541022665096
PIK3CA	-0.143224629	0.571182491	0.415750445	-0.843858585	19.55594089	0.381167277259517	0.243225113869539
PIKFYVE	-0.20128664	0.571654809	0.416229781	-0.842965642	17.97523209	0.380666849493795	0.242866138689463
RNF141	-0.201688326	0.571654809	0.416255856	-0.842917088	17.14831191	0.380639643670377	0.242866138689463
MYO9A	-0.117259253	0.571973725	0.416568933	-0.842334261	17.21177826	0.380313122121759	0.242623921118874
RCL1	-0.111087239	0.572400451	0.416960634	-0.841605478	21.61988999	0.37990494561042	0.242300032727191
H1-0	0.137075752	0.57313166	0.417574296	0.840881524	24.42309428	0.37926624240266	0.241745600295489
ATP1A1	0.054452581	0.57384028	0.418171705	0.8393551	27.59469128	0.378645356449226	0.241208970262635
CSNK2A2	0.056536392	0.574035276	0.418511563	0.838724367	23.79580395	0.378292538440802	0.241061418226763
UTP25	0.080566871	0.574035276	0.418547835	0.838657072	22.11972776	0.378254900181212	0.241061418226763
DCUN1D3	0.114787858	0.574035276	0.418557245	0.838639613	17.93076427	0.378245136267045	0.241061418226763
SLC25A17	0.119183994	0.574111744	0.41869416	0.838385632	21.73912906	0.37810309666182	0.241003569136163
COPA	-0.033267767	0.57505396	0.419462601	-0.836961177	27.77637413	0.377306754509603	0.240291401517807
RPL5	-0.046282958	0.575149279	0.419613433	-0.836681783	27.37834292	0.377150617274488	0.240219420298468
ANAPC1	-0.134579497	0.575234117	0.419756646	-0.836416566	22.12630999	0.377002418958164	0.240155363957859
ATG101	0.156904706	0.575385585	0.419948512	0.836061342	20.87616794	0.376803953233091	0.240041022587117
ZDHHC7	0.173884074	0.575990403	0.420471366	0.835093869	18.40762773	0.376263574209982	0.239584752616484
CCDC25	-0.062934053	0.576028597	0.420639004	-0.834783845	23.15692394	0.376090459570292	0.239555955446563
NPLOC4	-0.041200113	0.576028597	0.420662105	-0.83474113	25.07952163	0.376066609282394	0.239555955446563
SESTD1	-0.270330939	0.576453333	0.42105377	-0.834017147	17.51036462	0.375662439738767	0.239235845422075
NBAS	0.083615451	0.57673795	0.421393573	0.833389394	22.20271507	0.375312092439168	0.239021470587843
RPF1	0.117827064	0.57673795	0.421424719	0.83333187	18.89744324	0.375279994094678	0.239021470587843
DLG1	0.048044477	0.578276007	0.422821799	0.83075455	24.77702841	0.373842630301788	0.237864826447344
ARHGAP35	-0.096056272	0.578276007	0.422831591	-0.830736506	21.68972844	0.373832572725913	0.237864826447344
ATG4C	0.125907977	0.578276007	0.422846899	0.830708298	17.20429214	0.373816850013302	0.237864826447344
PEX6	-0.126216198	0.578276007	0.422926494	-0.830561639	19.01215664	0.373735107859493	0.237864826447344
UAP1	0.073817186	0.578276007	0.422957317	0.83050485	23.38966123	0.373703457510716	0.237864826447344
CRTC3	-0.585925152	0.578623654	0.423293386	-0.832366477	18.02967382	0.37335851736616	0.237603816468027
TTC19	-0.147326543	0.578693678	0.423426418	-0.829640908	18.7950549	0.373222049401861	0.23755126210632
XRCC4	-0.067199834	0.578711068	0.42352095	-0.829466885	22.52543703	0.373125101875521	0.237538211561872
PHKA2	-0.12793866	0.578807579	0.423673402	-0.829186293	19.28918172	0.372968799929189	0.237465790793621
ERBB3	-0.223337054	0.579913921	0.424565196	-0.82754626	17.78602051	0.372055610275224	0.236636465763052
RNF114	-0.072252119	0.579978955	0.424732017	-0.827239726	24.85258036	0.371884999940966	0.236587764873599
KANK1	0.115103862	0.579978955	0.424807993	0.827100145	21.12992123	0.371807320356116	0.236587764873599
PARP4	-0.159959377	0.579978955	0.424858771	-0.827006868	19.64056949	0.371755411522764	0.236587764873599
YIPF6	-0.126433238	0.580057633	0.424998404	-0.826750402	21.16917789	0.371612700856264	0.236528853936387
SMARCD1	-0.136442712	0.58072592	0.42557014	-0.825700874	21.10781543	0.371028851784832	0.236028789324437
DNAH5	-0.177424499	0.5821999	0.42673261	-0.823569812	19.36645579	0.369844168010355	0.234927873492625
CBL	-0.090466044	0.582705577	0.427255315	-0.822612829	20.25129436	0.36931252600731	0.234550825313428
NUDT15	-0.227053015	0.582705577	0.427267999	-0.822589616	20.0221859	0.369299633225759	0.234550825313428
UBP1	-0.077971809	0.582724543	0.427364282	-0.822413427	21.58114856	0.369201777863382	0.234536690052973
PTDSS2	-0.140205654	0.582726254	0.427447912	-0.822260412	19.25510037	0.369116800021717	0.234535414876259
EML2	0.17412318	0.582815764	0.427595959	0.822094887	21.94230766	0.368966407748325	0.234468709946619
GCSH	0.090619483	0.582848791	0.427817702	0.821584058	21.39574314	0.368741249400152	0.234444100046977
MRM1	0.096998478	0.582848791	0.427834771	0.821552848	19.60861616	0.368723922336311	0.234444100046977
ACTR1A	-0.049157809	0.582848791	0.42786737	-0.821493244	26.40546565	0.368690832397315	0.234444100046977
ABHD10	-0.109388834	0.582978998	0.428045365	-0.821410975	24.69364104	0.368510201255238	0.234347090553167
TMCO6	0.157181733	0.583340318	0.428393123	0.820532368	17.64448356	0.36815750951881	0.234078005946458
ETFA	0.05730467	0.583649022	0.428702335	0.819967608	24.29106613	0.367844151024349	0.233848237871852
ITPR2	-0.099101997	0.583704891	0.428825886	-0.819742024	22.28734441	0.367719006413149	0.233806667619407
GOLM1	-0.107158922	0.584078624	0.429183021	-0.819090195	22.87300079	0.367357467581823	0.233528687697509
PDAP1	-0.051500492	0.584157734	0.429323729	-0.818833478	24.94870829	0.36721510712046	0.233469869058147
ADGRL2	-0.077858705	0.584167617	0.429413572	-0.818669591	21.97030773	0.367124233417327	0.2334625215631
MUC15	-0.209932835	0.58467095	0.429866216	-0.817844246	18.44718346	0.366666685567617	0.233088484011391
ACTN4	0.05952249	0.584924561	0.430273	0.817103009	28.83832241	0.366255905413867	0.232900142215376
GTF2A2	-0.10738045	0.584924561	0.430287239	-0.817077071	20.88290401	0.366241533568996	0.232900142215376
RBBP6	-0.131369129	0.584924561	0.430300737	-0.817052484	21.37259458	0.366227910076499	0.232900142215376
AK6	-0.104639361	0.585343352	0.430691567	-0.816340782	22.70403253	0.365833631699719	0.232589309753657
THOC2	-0.078110793	0.585753444	0.431076114	-0.815640938	23.45200898	0.365446040809739	0.232285149242654
PJA2	0.169776902	0.585969669	0.431318076	0.815200796	17.86010413	0.365202340735212	0.232124863379255
EOGT	-0.199132503	0.586316328	0.431656126	-0.814586136	17.59232685	0.36486209126593	0.231868011219329
EFNA5	0.125493219	0.586503968	0.43187718	0.814184375	17.44762681	0.364639743074303	0.231729045313712
RUFY1	0.099888589	0.586558482	0.432071341	0.813831604	22.72950181	0.364444539192889	0.231688680660657
NUDT18	0.159368264	0.586558482	0.432155266	0.813679153	17.01138196	0.364360190564386	0.231688680660657
VTI1B	-0.104707509	0.586558482	0.432167682	-0.8136566	21.12755914	0.364347713283064	0.231688680660657
H1-4	-0.185335953	0.586558482	0.432248992	-0.81350892	20.16310286	0.364266010822919	0.231688680660657
PPP1R9B	-0.259088774	0.586752024	0.432746371	-0.812954358	20.93850407	0.363766565419716	0.23154540362879
USP16	-0.263345179	0.586752024	0.432806342	-0.812845445	20.48833491	0.363706384048843	0.23154540362879
GALNT3	0.050068806	0.586752024	0.432570537	0.812925091	24.51041495	0.363943064309952	0.23154540362879
DERPC	0.097240628	0.586752024	0.432633521	0.812810763	20.99549757	0.363879833899869	0.23154540362879
SLC35E1	0.250038443	0.586752024	0.432781802	0.812644795	19.96160455	0.363731009124088	0.23154540362879
SF1	0.044448272	0.586863304	0.432971386	0.812197666	25.22253464	0.363540804138384	0.231463045655205
MRPL50	0.091194021	0.588234853	0.434066431	0.810212726	22.55039588	0.362443799499202	0.230449247055828
PBLD	-0.427525958	0.588856455	0.434732522	-0.8099092	17.98655844	0.361777869363292	0.229990559880415
NSRP1	0.193660194	0.588856455	0.434681905	0.809098523	20.21461374	0.361828438305175	0.229990559880415
ADSS2	-0.053069811	0.588856455	0.434774846	-0.808930359	25.3052507	0.361735590067353	0.229990559880415
FER	-0.140357955	0.589105886	0.435042288	-0.808446594	19.05038925	0.361468525683475	0.22980663802695
GTPBP2	0.119495647	0.58974353	0.435596543	0.807444643	19.20651454	0.360915575569113	0.229336815004828
RPN2	-0.044613068	0.590372608	0.436144649	-0.806454624	26.42983761	0.360369451456015	0.228873801033292
STX5	-0.059081751	0.591324386	0.436931378	-0.805035015	23.54254756	0.359586765537804	0.228174210487019
UBE2V1	-0.053808107	0.591445644	0.437104584	-0.804722697	27.36523653	0.359414638956547	0.228085162440256
XPO6	-0.122652216	0.592313468	0.437875237	-0.80333407	21.12433751	0.358649614612272	0.227448392276187
PICALM	0.088882904	0.592313468	0.437913406	0.803265334	23.58707958	0.358611759391785	0.227448392276187
CHMP2B	-0.089469678	0.592699628	0.438282691	-0.802600528	21.3847723	0.358245680501922	0.227165345340024
ARVCF	-0.378127162	0.592866343	0.438573589	-0.803018131	19.79622951	0.357957525182258	0.227043203836642
ERP44	-0.055364676	0.592866343	0.438535234	-0.802146097	25.93592207	0.357995507618251	0.227043203836642
TSPAN1	0.154828312	0.59298496	0.438745163	0.801768476	17.29341261	0.357787658432646	0.226956321596683
ERP29	-0.053022942	0.593038191	0.438915801	-0.801461617	26.56112849	0.357618784241412	0.226917337653474
AKAP1	0.121124625	0.593038191	0.438952215	0.801396145	21.97678248	0.357582755136843	0.226917337653474
ELP4	-0.164999499	0.593495464	0.439374575	-0.800636991	18.39964098	0.357165077722005	0.226582595946623
QSOX1	-0.116510552	0.59446652	0.440202149	-0.799150877	21.23931438	0.356347841617829	0.225872599562857
TSG101	-0.044100246	0.59446652	0.440318875	-0.798941414	24.68439337	0.356232697387061	0.225872599562857
ITSN2	-0.090315678	0.59446652	0.440345571	-0.798893513	24.46977011	0.356206367436885	0.225872599562857
NOCT	-0.252717416	0.594774959	0.440658123	-0.798332839	16.96427815	0.355898219774107	0.225647324274242
MGAT2	0.150719961	0.594984717	0.440897638	0.797903359	21.32384585	0.35566222779267	0.225494189578695
UGGT1	0.039619634	0.595143671	0.441099557	0.79754141	26.77090534	0.355463378386979	0.225378180505753
PTCD1	0.132639422	0.595265577	0.441313749	0.797157579	18.10409556	0.355252542025238	0.225289231090441
ATAD1	0.092816886	0.595265577	0.441358206	0.797077927	23.39581556	0.355208794334629	0.225289231090441
GEMIN6	-0.093435774	0.5955221	0.441632589	-0.796586444	21.01728952	0.354938886590769	0.225102117086397
SON	0.088034585	0.596461114	0.442413269	0.795226159	24.99273969	0.354171856009276	0.224417864693913
VHL	0.163326761	0.596572887	0.442580508	0.794890022	20.3061351	0.354007717056865	0.224336488308618
UTP18	0.174415045	0.596931215	0.442930725	0.794263859	20.44133916	0.353664192744963	0.224075710188917
AHSA1	-0.056396746	0.597362378	0.443335099	-0.793541268	27.51687386	0.353267884088449	0.223762132822458
NCOR2	-0.172435554	0.597557227	0.443564178	-0.793132105	21.2574531	0.353043534491122	0.223620496772802
NDUFB2	0.097236233	0.598202998	0.444206639	0.791985326	19.98843508	0.35241495488363	0.22315141475573
FAM118B	-0.217870685	0.598202998	0.444212659	-0.791974586	19.15652389	0.352409069255556	0.22315141475573
ATXN2	0.09406863	0.598490227	0.444510553	0.79144322	22.74821006	0.352117924108247	0.222942936977914
RPS2	-0.046078778	0.598610773	0.444869608	-0.790803065	28.14897811	0.351767262781383	0.222855471571415
DNAJC3	-0.102553202	0.598610773	0.444879248	-0.790785883	23.77949159	0.351757852038615	0.222855471571415
POLR2B	0.047225432	0.598610773	0.44495642	0.790648339	25.45204745	0.351682522682765	0.222855471571415
CUL4B	-0.042906078	0.598610773	0.445039848	-0.790499663	23.89633131	0.351601101397204	0.222855471571415
SKP2	0.237036789	0.598610773	0.445085428	0.790418443	18.14017797	0.351556624191498	0.222855471571415
SF3A1	0.058787621	0.598610773	0.445107813	0.790378557	26.18573992	0.35153478245752	0.222855471571415
MYO5A	-0.561575647	0.599307717	0.445795478	-0.791577598	19.16652108	0.350864341171186	0.222350130064337
RASSF1	-0.146618815	0.599307717	0.445761583	-0.789214215	16.95277151	0.350897362975656	0.222350130064337
UBAP2L	0.04168714	0.599541037	0.446053785	0.788694171	25.9604087	0.350612771062811	0.222181085237859
LIN52	-0.174873148	0.599612874	0.446198361	-0.788436944	16.77382874	0.350472029323277	0.222129051195443
UAP1L1	-0.169093746	0.599612874	0.446352941	-0.788161978	20.47891396	0.350321599333352	0.222129051195443
NME7	-0.110089318	0.599612874	0.44636152	-0.788146719	22.51145382	0.350313252179759	0.222129051195443
SENP3	-0.175708612	0.599887579	0.446650817	-0.78763229	19.28959979	0.35003186727628	0.221930130273924
NDUFAF2	-0.084859159	0.59995176	0.446783414	-0.787396577	21.72896451	0.349902957628895	0.221883668296451
BET1L	0.363081151	0.600383968	0.447190151	0.787123644	18.19339516	0.349507769999662	0.221570913201076
PPDPF	0.125313138	0.600523125	0.44737951	0.786337476	17.6784183	0.349323910489079	0.221470264087017
VRK1	0.055162462	0.600523125	0.447530462	0.786069421	24.8750948	0.349177398273761	0.221470264087017
SLC9A3R2	-0.091217455	0.600523125	0.447589051	-0.785965396	23.80306104	0.349120545799724	0.221470264087017
KLHL22	-0.186227865	0.600523125	0.447633367	-0.785886718	17.99624595	0.34907754822976	0.221470264087017
SP140L	-0.071674737	0.600799533	0.447924334	-0.785370268	22.67810725	0.348795343371667	0.22127041357979
ETV6	-0.195426167	0.600819493	0.448194016	-0.784988801	21.20188348	0.348533946184555	0.221255985516199
HERC5	-0.164641294	0.600819493	0.448112728	-0.785035993	19.11473394	0.348612720399249	0.221255985516199
CCDC97	-0.092905909	0.600819493	0.4481311	-0.7850034	20.65918522	0.348594915293153	0.221255985516199
RPL15	0.046489698	0.601757139	0.448978538	0.783500918	27.74313329	0.347774418575615	0.22057874873068
PPP2R5C	-0.224515021	0.601811186	0.449103937	-0.783502318	20.91552271	0.347653137745389	0.220539744191608
DNASE1L1	0.127224865	0.602293909	0.449549313	0.78248998	18.23691312	0.347222661685777	0.220191528828531
INPP5B	-0.118424361	0.602611179	0.449871308	-0.781920036	18.96825902	0.346911704488644	0.219962816019813
IMMT	0.061356193	0.60273677	0.450050271	0.781603377	26.66887579	0.346738972450202	0.219872313557815
PPP1R14B	-0.049459633	0.603357126	0.45059877	-0.780633364	25.65706856	0.346209998104735	0.219425553629309
DPY19L4	-0.483283455	0.60376625	0.450989661	-0.781860575	18.47565404	0.34583341426864	0.219131167312301
LSR	0.046740839	0.604125536	0.451343434	0.779317645	24.77404399	0.345492871135578	0.218872806532576
PARN	-0.082449617	0.604434996	0.451660078	-0.778794282	25.31191117	0.345188294806169	0.218650398519492
ATG2A	-0.174378733	0.604505457	0.45182868	-0.778461031	20.16980488	0.345026205530703	0.218599774316376
ADD3	-0.086849499	0.604505457	0.451883638	-0.778364051	22.90598013	0.344973383508273	0.218599774316376
EXOSC6	-0.101930962	0.605541998	0.452744081	-0.776846661	21.87880216	0.344147218773908	0.217855730527326
IFT22	-0.122317197	0.605748281	0.452983942	-0.776423996	21.19909199	0.343917193184517	0.217707809634986
FAU	-0.111766138	0.605828865	0.453181037	-0.7764385	25.32789556	0.343728271135565	0.217650038346221
SNX6	-0.040565607	0.605828865	0.453215487	-0.77601612	24.8832758	0.343695258111988	0.217650038346221
DUS2	-0.138498455	0.606170936	0.453557077	-0.775414638	20.41058579	0.343368052228218	0.217404890530947
NFATC2	0.321760597	0.606648643	0.454000271	0.774954867	19.19991362	0.342943887905518	0.217062769528965
SMG6	-0.195717359	0.606685143	0.454113349	-0.774435759	18.60898707	0.342835731501745	0.217036640282788
CREB1	0.066139267	0.607809868	0.455041145	0.772804805	22.84795968	0.341949332488887	0.216232253280166
LETM1	0.062518778	0.607953271	0.455234447	0.772465272	25.08879257	0.341764882869583	0.216129800541011
MRPL43	-0.131234563	0.609285979	0.456318507	-0.770646891	22.7964905	0.340731917102892	0.215178815824314
MLH3	0.683691688	0.609333516	0.456440246	0.773039918	16.98328108	0.340616069238224	0.215144933128556
PARG	-0.254106952	0.609378243	0.456559894	-0.770172702	18.61988891	0.340502241289702	0.21511305571512
STK11IP	-0.339379644	0.610656044	0.457603575	-0.768626999	18.01307717	0.339510591302646	0.214203340091393
SERPINB1	-0.057118904	0.611387924	0.458277359	-0.767132467	23.84384047	0.338871598361268	0.21368314361444
FAF1	0.070502234	0.611387924	0.458348728	0.767007662	22.35237297	0.338803969557373	0.21368314361444
COG8	-0.115493785	0.611387924	0.458411302	-0.766898247	19.88939598	0.338744683501996	0.21368314361444
SNX33	-0.235687095	0.611705387	0.458756948	-0.766294029	17.46675712	0.338417345180814	0.213457694859281
METTL26	-0.198569558	0.611705387	0.458822276	-0.766179863	20.3589585	0.338355505092853	0.213457694859281
TXNL4A	0.645263801	0.612183103	0.459267137	0.768063282	19.62955416	0.337934629544352	0.213118661630439
ERLEC1	-0.090643583	0.612214143	0.459376968	-0.765210908	21.81343997	0.337830783022702	0.21309664181495
NLRP2	0.178201594	0.612737096	0.459855985	0.764374741	19.38391873	0.337378156823892	0.212725826048964
EIF3H	0.04207606	0.612771815	0.460014585	0.764098013	25.23372533	0.337228398569289	0.212701218687914
CPNE4	0.251240889	0.612771815	0.460055289	0.764061517	18.92942478	0.337189972090817	0.212701218687914
F8A1	-0.188878876	0.613025452	0.460332372	-0.763855974	21.96526904	0.33692848309729	0.212521493779002
HDDC2	0.088544702	0.613117358	0.460524497	0.763208719	22.47154009	0.336747263124121	0.212456388363216
TRIAP1	0.146481301	0.613117358	0.46057473	0.763121144	19.61075825	0.336699893819943	0.212456388363216
GNAI2	0.051511695	0.613780246	0.461159459	0.762102206	26.30835245	0.336148878971617	0.211987093081206
WDR83OS	0.136229307	0.613918616	0.461350207	0.761769988	19.76341892	0.335969280192183	0.211889197205311
APOL2	-0.100243858	0.613932154	0.461447167	-0.76160115	19.84481199	0.33587801596819	0.211879620343302
RAB8A	-0.05484794	0.614081173	0.461681562	-0.761193089	24.33715571	0.335657469355187	0.21177421736714
PHACTR2	0.10753132	0.614081173	0.46173279	0.761103922	17.00787319	0.33560928288788	0.21177421736714
OBSL1	-0.084495381	0.615529118	0.462908525	-0.759059184	22.87555142	0.334504821104495	0.210751397667497
RMDN3	-0.093831631	0.615998012	0.463348236	-0.758295319	22.08864355	0.334092486029993	0.210420689424573
DDX55	0.171158405	0.616059447	0.463481535	0.758063843	20.58064972	0.333967563369212	0.210377378325204
WDR54	-0.124575029	0.617118985	0.464417945	-0.756438933	20.57025785	0.333091007572766	0.209631092778755
RCC1	0.06648157	0.617118985	0.464453135	0.75637791	25.28010936	0.333058101342495	0.209631092778755
RABEPK	-0.09728102	0.617458412	0.464795879	-0.755783706	20.32677609	0.332737731167412	0.209392288347083
HYPK	0.091725642	0.617506357	0.464991573	0.755444561	23.52460209	0.332554917718136	0.209358567143907
BAG1	-0.086354132	0.617506357	0.465069982	-0.755308701	20.70561212	0.332481691175379	0.209358567143907
COMMD8	0.081629677	0.617506357	0.465093847	0.755267354	22.27133512	0.332459405987566	0.209358567143907
HSPA14	-0.056428605	0.618052906	0.465592867	-0.754403063	22.77101329	0.331993681808058	0.208974347240614
MANBAL	0.139387236	0.618195995	0.46580277	0.754039689	19.32786919	0.331797933164717	0.208873812852517
MRFAP1	0.079196203	0.618195995	0.465875438	0.753913914	22.09735122	0.331730185929236	0.208873812852517
LARP1	0.053907199	0.618258159	0.466009684	0.753681592	25.03666521	0.33160505827982	0.208830143651991
RNF181	0.11558801	0.618613556	0.466365012	0.753066872	22.10870721	0.331274039006563	0.208580567308122
IFIT3	0.113312159	0.618843377	0.466775422	0.752357229	18.68376084	0.330892019744904	0.208419252614073
CETN3	-0.104889003	0.618843377	0.466830122	-0.752262676	18.53207176	0.330841129069843	0.208419252614073
LPCAT4	0.12470731	0.618843377	0.466875759	0.752183795	19.18609893	0.33079867480734	0.208419252614073
MCTS1	0.049878328	0.618843377	0.466888197	0.752162298	25.31806842	0.330787104956669	0.208419252614073
KNSTRN	-0.123086273	0.619374519	0.467398968	-0.7512798	22.13512712	0.330312250849226	0.20804666543923
TSC22D4	-0.114811689	0.619374519	0.467512125	-0.751084372	19.68279252	0.330207121150164	0.20804666543923
OGDH	-0.065511138	0.619374519	0.467551588	-0.751016224	25.2883709	0.330170463619963	0.20804666543923
HLA-A	-0.092519756	0.619380996	0.467716446	-0.750731574	22.32807241	0.33001735901714	0.208042123904883
TMPO	-0.05125685	0.619380996	0.467731592	-0.750705426	25.4948916	0.330003295543903	0.208042123904883
PPP2R1B	0.075330728	0.620436769	0.468678357	0.749071958	23.81752869	0.329125101210952	0.207302472462846
SIN3B	0.149558575	0.620436769	0.468704283	0.749027256	20.41344198	0.329101077896971	0.207302472462846
NPR3	-0.083536919	0.620588437	0.468906587	-0.748678498	21.85051732	0.328913666434409	0.207196320588587
RPL26	0.029074319	0.621128232	0.469402252	0.747824406	27.24669021	0.328454831165149	0.206818730417691
UBE2J2	-0.478935806	0.621495299	0.46976751	-0.749161045	18.16581896	0.328117023138768	0.206562152020053
RAD9A	0.154526079	0.621928301	0.470182719	0.746480707	17.89706201	0.32773333688879	0.206259680059806
RIOX1	0.143212952	0.622603709	0.470781346	0.745451022	21.18709905	0.327180753750788	0.205788296449142
NKRF	-0.078430952	0.622936724	0.471158833	-0.744802136	23.73707137	0.326832662579986	0.205556065400666
HLA-C	0.05311289	0.622936724	0.471209275	0.744715453	23.29027705	0.326786169745411	0.205556065400666
ABCF1	-0.043465461	0.623181082	0.47148221	-0.744246521	26.04887773	0.326534689447527	0.20538573907701
CRIP1	-0.088778226	0.624624347	0.472662444	-0.742518124	26.84293857	0.325448903750663	0.204381091572883
TMEM38B	0.122201606	0.624631642	0.472756264	0.7420598	18.84771183	0.325362708061745	0.204376019468729
CCM2	-0.130291958	0.624652064	0.472860023	-0.741881875	16.69350772	0.325267400986458	0.204361820673263
ALDH1A2	-0.107736111	0.624720622	0.47300596	-0.741631665	19.94477566	0.325133387002559	0.204314157775788
ATP13A1	-0.06035721	0.624720622	0.473088546	-0.741490093	24.01700382	0.3250575665767	0.204314157775788
URGCP	-0.149069379	0.624759853	0.473206573	-0.741287793	17.68267912	0.32494923150437	0.204286885950152
TBPL1	-0.11114399	0.624779067	0.473309446	-0.741111491	20.15890488	0.324854828080622	0.204273529768856
ERCC3	0.070055927	0.624781014	0.473399242	0.740957622	22.75137962	0.324772441792405	0.20427217637838
GPR155	-0.082248496	0.625000163	0.473904015	-0.740125682	25.02168354	0.324309611864097	0.204119869391939
GLMN	-0.16706812	0.625000163	0.47400434	-0.740008828	21.58146924	0.324217681892534	0.204119869391939
PLEKHA2	-0.111710712	0.625000163	0.47398865	-0.739948091	19.98361395	0.324232057695928	0.204119869391939
ACSL3	-0.044657604	0.625000163	0.474037942	-0.739863699	24.94760221	0.324186896001516	0.204119869391939
CKAP2	0.224382094	0.625000163	0.474215789	0.739694067	20.48691697	0.324023990295788	0.204119869391939
ODC1	-0.211394497	0.625000163	0.474097667	-0.739761454	16.99515111	0.324132181807218	0.204119869391939
MMADHC	-0.098251856	0.625000163	0.474215276	-0.739560137	19.37713711	0.324024460109732	0.204119869391939
MRI1	0.112341903	0.625000163	0.474272105	0.73946287	22.02813879	0.323972418255225	0.204119869391939
ST6GAL1	-0.136376951	0.625127369	0.474457004	-0.739146457	17.60372229	0.323803137865988	0.204031486626754
WASHC2C	-0.170531797	0.625537306	0.474993462	-0.738228861	17.32108327	0.323312368136952	0.203746784600764
BEX4	0.155011001	0.625537306	0.475002032	0.738214208	17.84866351	0.323304532513029	0.203746784600764
RALGAPB	0.125777299	0.625537306	0.475097015	0.738051811	22.05517249	0.323217698212874	0.203746784600764
RNF185	-0.112028163	0.625537306	0.475121847	-0.738009359	19.33212437	0.323194999441026	0.203746784600764
RTN4R	-0.270601085	0.625807097	0.475461621	-0.737542897	18.78772503	0.322884533323014	0.203559516021303
SMARCE1	-0.072033923	0.625807097	0.475512654	-0.737341412	23.29755133	0.322837921441075	0.203559516021303
JMJD6	-0.112471956	0.625807097	0.475592162	-0.737205564	21.68749947	0.322765311387658	0.203559516021303
TMEM245	-0.087393297	0.626613882	0.476293871	-0.736007222	21.27506233	0.322125006999864	0.202999987990516
HOMER1	0.173613734	0.627631193	0.477155861	0.73453666	20.00854152	0.321339737279006	0.202295480299999
MED13L	-0.12777534	0.627796426	0.477370226	-0.734171207	18.072391	0.321144671812601	0.202181161036258
PLCB1	0.330611818	0.627803282	0.477464187	0.734302898	17.44305048	0.321059197842685	0.202176418246101
TRAF7	-0.142784571	0.628043093	0.477735352	-0.733548967	18.10048003	0.320812620114073	0.202010556246833
UTP3	-0.145487105	0.628499182	0.478171134	-0.732806706	21.25031912	0.320416644704771	0.201695283217669
DPM1	0.044322393	0.628515633	0.478272498	0.732634113	24.90444348	0.320324591551704	0.201683915684945
HSD17B8	0.157914465	0.629078291	0.478789584	0.731754026	19.67977503	0.319855306178176	0.201295301719435
OGN	0.190585883	0.62917328	0.479032175	0.731341335	17.00700105	0.319635315488004	0.20122972946096
PFDN1	-0.066782018	0.62917328	0.479039764	-0.731328427	24.75922107	0.319628435293127	0.20122972946096
RNF13	0.148380473	0.629450393	0.479339733	0.73081831	18.58129307	0.31935657036675	0.201038490965626
RAB3IP	0.73832639	0.630072521	0.48007375	0.732021403	18.51413983	0.318692040212508	0.200609460613883
RPTOR	-0.140351661	0.630072521	0.480011766	-0.729676188	20.66149381	0.318748117111399	0.200609460613883
GCA	-0.06531566	0.630072521	0.480080702	-0.729559087	23.41489615	0.318685751192586	0.200609460613883
KIF1B	-0.060681227	0.630152124	0.480230435	-0.729304773	28.20931436	0.318550319635708	0.200554595564503
IMP3	-0.104143564	0.630655913	0.480703517	-0.728501588	19.69290912	0.318122700404939	0.200207527988842
PSMB9	0.156927765	0.630738226	0.480859981	0.728236056	18.37246419	0.317981365063991	0.200150847716381
CHMP4B	0.052295541	0.630738226	0.480944585	0.728092498	25.14073535	0.317904960663887	0.200150847716381
A1CF	-0.215993282	0.630828608	0.481102678	-0.727824284	17.27282904	0.317762225642883	0.200088619695047
CAMK1	-0.188573233	0.630902997	0.481248597	-0.727652962	20.86436569	0.317630523594708	0.200037409545244
SMIM20	-0.117227571	0.631709639	0.481953198	-0.72638226	20.65348828	0.316995133622606	0.199482496332522
ORAI1	0.518286491	0.632121925	0.482418663	0.727555271	17.17788	0.316575899290101	0.199199146009239
MTIF3	0.232157635	0.632121925	0.482446462	0.725546667	19.02338112	0.316550874129603	0.199199146009239
RPS13	0.048096232	0.632176253	0.482577293	0.725325127	27.3713459	0.316433117066286	0.199161821980718
AFTPH	-0.116337806	0.632751301	0.483105708	-0.724430722	18.54547686	0.315957831198519	0.198766953215872
RHBDD2	-0.121551862	0.633052667	0.483425291	-0.723890082	18.91174971	0.315670632673874	0.198560157224368
GLIPR2	0.068949171	0.633229237	0.483649642	0.723510677	21.39349896	0.315469129357569	0.198439041417651
CAD	-0.041734256	0.633456989	0.483913142	-0.723065205	26.74312156	0.31523258326319	0.198282867874625
OTUB1	0.050729754	0.633561598	0.484082617	0.72277877	26.26634013	0.315080512229019	0.198211154464851
TYW3	-0.154987912	0.63389733	0.484428749	-0.722193954	17.81977061	0.31477009104185	0.197981077489278
ATOX1	-0.12844136	0.634076096	0.484654997	-0.721895829	22.85948486	0.314567305142009	0.197858618948311
BAG2	-0.06183894	0.634119174	0.484777564	-0.721604862	24.46373613	0.314457487968152	0.19782911475737
SLC5A3	-0.315534005	0.63564881	0.486215413	-0.719823665	19.93988053	0.313171278164933	0.196782761716748
C1orf122	-0.099950542	0.63564881	0.486108133	-0.719360138	19.95379033	0.313267112750857	0.196782761716748
TASP1	0.179744925	0.63564881	0.486216527	0.71917744	19.88730658	0.313170283125521	0.196782761716748
SPRYD7	-0.094933554	0.635691736	0.48638528	-0.718893054	19.59326286	0.31301957705668	0.196753434366188
TRNT1	-0.064634025	0.635691736	0.486429088	-0.718819238	22.99823111	0.312980462558988	0.196753434366188
GART	-0.039485894	0.636229326	0.486930389	-0.717974841	28.26524483	0.312533120580066	0.19638631663946
NIPA1	-0.108655879	0.63633226	0.487099122	-0.717690745	19.26295941	0.312382653246745	0.196316058871523
NUP37	-0.073741441	0.636718281	0.487484621	-0.717041906	22.88493579	0.312039080724808	0.196052680804529
ESCO2	-0.312236302	0.637044301	0.487914337	-0.716599096	18.73520019	0.31165642027981	0.195830365135844
SPC24	-0.059935958	0.637044301	0.487836656	-0.716449664	22.63939169	0.311725569950089	0.195830365135844
ZNF512B	0.328626487	0.637688352	0.488497764	0.717708613	23.40139888	0.311137419836066	0.195391515752788
DYRK1B	-0.11161585	0.638063388	0.488875257	-0.714703909	19.28915593	0.310801942732674	0.195136174427513
ENGASE	0.130338667	0.638189417	0.489111745	0.714306719	20.9530626	0.310591908375923	0.195050401923471
MCRIP1	-0.053755069	0.638189417	0.489187766	-0.714179065	22.69197561	0.310524412684667	0.195050401923471
ELOA	0.147156734	0.638189417	0.489300231	0.713990235	20.35434934	0.31042457920838	0.195050401923471
HCCS	0.091448515	0.638189417	0.489332683	0.713935752	22.73844895	0.310395776325644	0.195050401923471
DDX51	-0.19795691	0.638829499	0.489913773	-0.713042839	20.59959636	0.309880351003317	0.194615037810438
POLR3F	-0.104880569	0.639149224	0.490284855	-0.712338172	17.3907582	0.309551521992483	0.194397734026542
CNEP1R1	-0.119240679	0.639149224	0.490339672	-0.712246255	17.57871791	0.309502967790577	0.194397734026542
SMURF2	-0.073083281	0.639697887	0.490851022	-0.711389136	23.15541939	0.309050300424723	0.194025083807615
NCOA7	0.091420541	0.640446034	0.491515623	0.710275953	21.89643559	0.308462673406905	0.193517459398493
PKP3	-0.053782028	0.641256424	0.492228213	-0.709083406	25.12360537	0.30783349750224	0.192968271168584
MIB1	0.281089631	0.641388471	0.492427055	0.708939263	17.74371989	0.307658094013627	0.192878850809328
BCAR3	-0.069812214	0.641388471	0.49251091	-0.708610592	21.22568715	0.30758414465811	0.192878850809328
RBBP8NL	0.19784287	0.642031424	0.493095381	0.707633581	18.9670415	0.30706906564085	0.19244371502178
SUGP1	-0.13780293	0.642364303	0.493441846	-0.707054756	21.08646839	0.306764023236488	0.192218601354646
CPNE1	0.067850139	0.643180245	0.494159546	0.705856508	26.08604083	0.306132810670252	0.191667303219876
CCNC	-0.159123772	0.643416224	0.494431806	-0.705402229	17.85256629	0.305893599557605	0.191507992385184
MAP4K3	-0.145748708	0.643484992	0.494575615	-0.705162336	18.47437898	0.305767300291772	0.191461577691362
CRACDL	0.142886276	0.644506514	0.495487043	0.70364294	17.07267483	0.304967697843038	0.190772688892488
NSMAF	-0.110779417	0.644506514	0.495542964	-0.703549773	20.09552247	0.304918685842237	0.190772688892488
AASDHPPT	0.073801234	0.644714001	0.495841305	0.703052825	22.42973351	0.304657298087785	0.190632898284294
PTCD3	0.070697652	0.644714001	0.495884772	0.702980436	22.74924988	0.304619228143483	0.190632898284294
CISD2	-0.044035296	0.644879266	0.49616281	-0.702517495	23.1473527	0.304375791488806	0.190521586167859
GXYLT1	-0.099103345	0.644879266	0.496194211	-0.702465221	20.07882022	0.304348306862322	0.190521586167859
CRAT	0.191980557	0.64498205	0.496364472	0.702181818	18.9440251	0.304199311312184	0.190452371712679
PSMB2	-0.05855183	0.645160731	0.496593184	-0.701801218	25.90505539	0.303999245658425	0.190332074682056
MRPL39	0.088964222	0.645253916	0.496789005	0.701475435	22.52154596	0.303828024588057	0.190269351073857
SRRM1	0.057764254	0.645253916	0.496936052	0.701230847	24.26677663	0.303699494667841	0.190269351073857
WDR3	-0.076214256	0.645253916	0.496938554	-0.701226684	24.03210371	0.303697308064446	0.190269351073857
DIO2	0.112895342	0.645791897	0.497444169	0.700386016	19.85110533	0.303255655533056	0.189907408545033
PXK	0.188691082	0.645884494	0.497606798	0.700115726	20.0216219	0.303113695210884	0.189845141608067
ANKRD27	-0.115848135	0.646194311	0.497936837	-0.699567367	18.99530716	0.302825743750547	0.189636869766507
PCGF6	-0.098183313	0.646482653	0.498250414	-0.699046564	19.05974335	0.302552331768788	0.189443124004704
SRSF4	-0.196002775	0.646639668	0.49846716	-0.698686697	18.33841245	0.302363448587205	0.18933765718644
BMS1	-0.079850542	0.646639668	0.498554248	-0.698542129	22.35647137	0.302287578926568	0.18933765718644
ZFP64	0.172441188	0.646750278	0.498811128	0.698115793	19.3050568	0.302063866390194	0.189263375933661
ZFYVE16	-0.069115051	0.646750278	0.49882238	-0.698097122	22.38176221	0.302054069843724	0.189263375933661
APEX2	-0.178837239	0.647119481	0.499261187	-0.697369164	16.93034813	0.301672195064297	0.189015525902638
DHX38	0.136021842	0.647119481	0.499363215	0.69719996	21.68285039	0.301583452595226	0.189015525902638
LAS1L	-0.072534257	0.647119481	0.499381573	-0.697169517	24.51426635	0.301567486998819	0.189015525902638
ZFAND5	0.196377451	0.647245274	0.499570144	0.696856851	19.78105266	0.301403524428204	0.188931111975693
HCK	-0.700844171	0.647909397	0.500174331	-0.698119429	20.31763672	0.300878600072743	0.188485721188102
CNOT6	0.181375024	0.648531613	0.500815129	0.694794345	18.82067415	0.300322560105188	0.188068849160736
RBM25	-0.044464416	0.648531613	0.500838027	-0.694756439	25.26283319	0.300302703980363	0.188068849160736
PEF1	0.095900255	0.648567717	0.500957592	0.694558529	22.652069	0.300199037286298	0.188044672495748
TTC4	-0.05162235	0.648732459	0.501219952	-0.694124357	23.20220588	0.299971649427615	0.187934371821708
POLG2	-0.166049022	0.648732459	0.501268253	-0.69404444	20.55716402	0.299929799842389	0.187934371821708
SAFB2	0.074834854	0.649073546	0.501623562	0.693456701	22.904442	0.299622072244619	0.187706090854
FAM107B	-0.226146603	0.64976743	0.502343522	-0.692344892	19.64684714	0.298999193838001	0.187242061728774
CDC42	-0.058592998	0.64976743	0.502262921	-0.692399726	26.59550966	0.299068881962849	0.187242061728774
TRIR	-0.168944651	0.649891393	0.50253123	-0.692167122	21.81009541	0.298836943668226	0.187159214682964
PIK3C2B	-0.158801636	0.650136967	0.502813026	-0.691490948	19.77293847	0.298593479898882	0.186995139132539
GLRX5	0.071161568	0.650641133	0.503294922	0.690695342	22.16550066	0.298177451400008	0.186658484444507
ERBIN	-0.06292465	0.651124242	0.50378512	-0.689886497	23.01481427	0.297754664145024	0.18633613513868
SRSF9	0.07742771	0.651124242	0.503852714	0.689775001	24.39542598	0.297696397771406	0.18633613513868
SLTM	-0.083107374	0.651379371	0.504142219	-0.689297567	23.78042639	0.297446931383582	0.186165999536468
PTOV1	-0.443676314	0.651498289	0.504510549	-0.690266087	17.38186739	0.297129748506174	0.186086720517527
WASHC5	-0.089128889	0.651498289	0.504399832	-0.688872863	22.75472505	0.297225066749006	0.186086720517527
QSER1	0.0877601	0.651498289	0.504463782	0.688767456	21.72563376	0.297170008499765	0.186086720517527
IDH3G	0.051199033	0.652605062	0.505459872	0.687126637	22.63084222	0.296313316948792	0.185349561884121
FKBP9	-0.0572688	0.652981433	0.505843689	-0.686494906	24.05052025	0.295983663974963	0.185099167362422
EMC2	-0.051080631	0.653580255	0.506399969	-0.685579823	23.64414754	0.29550632957666	0.184701076540013
MRPL10	0.129659675	0.653633324	0.506533486	0.685419579	22.28125313	0.295391838942769	0.184665814400386
FAHD2A	-0.148887479	0.653829779	0.506778157	-0.685218103	22.7380326	0.295182112215595	0.184535303148651
CREBBP	0.127012865	0.654217984	0.507171533	0.684311585	20.48813308	0.294845130930686	0.184277521591944
MFSD10	0.06752709	0.654224835	0.507309268	0.684085308	22.42510851	0.294727203512496	0.184272973664511
ZNF592	-0.125471045	0.654224835	0.50736181	-0.683998999	19.02354401	0.294682225980007	0.184272973664511
MSI2	0.42544519	0.654229183	0.507932894	0.685257027	20.835795	0.294193661122764	0.184270087338539
MED10	-0.273647716	0.654229183	0.508073529	-0.68341012	20.34458413	0.294073431558324	0.184270087338539
PSMC5	-0.03530748	0.654229183	0.507557916	-0.683676911	26.56478596	0.294514394470684	0.184270087338539
RPL9	-0.056378252	0.654229183	0.50770355	-0.683437767	26.62968138	0.294389799880759	0.184270087338539
RNGTT	-0.071353069	0.654229183	0.507809368	-0.68326403	21.2829586	0.294299291581283	0.184270087338539
WBP4	-0.13479582	0.654229183	0.508070294	-0.68283572	18.617468	0.294076196802017	0.184270087338539
TSEN54	0.09889569	0.654229183	0.508072137	0.682832695	18.57124073	0.294074621423004	0.184270087338539
ABCD3	-0.057810432	0.654229183	0.508105051	-0.682778676	23.89804356	0.294046487808608	0.184270087338539
ZNF598	-0.078292134	0.654279823	0.508321981	-0.682422701	23.07780816	0.293861110008877	0.184236472479988
CMTM6	-0.070790647	0.654279823	0.508329362	-0.682410589	22.39368372	0.293854803957952	0.184236472479988
ATP2C1	-0.080458658	0.654306659	0.508442706	-0.682224633	22.56911072	0.293757978571988	0.184218659783803
EVL	-0.143354677	0.654747494	0.508877823	-0.68151099	18.21769105	0.293386475356987	0.183926155131145
PRAG1	-0.314451513	0.654863098	0.509060245	-0.681469642	17.07657247	0.293230817814909	0.18384948168375
KIF1C	-0.102125394	0.654886426	0.509170956	-0.681030423	21.00937269	0.293136377227098	0.183834011211742
CHTF8	0.089815433	0.655725459	0.509915995	0.67980973	19.34345353	0.29250136490782	0.183277954218844
SGPP1	-0.148557837	0.656001139	0.510246118	-0.679269186	19.61688974	0.2922202907522	0.183095406567959
CEP131	-0.113397494	0.656001139	0.510315842	-0.679155046	22.60054861	0.292160949429105	0.183095406567959
NCBP1	-0.0548548	0.656027673	0.510429221	-0.678969462	24.57257612	0.292064471128987	0.183077840536362
HNRNPA0	0.050768619	0.656176756	0.510637976	0.678627826	25.88980936	0.291886889974486	0.182979157856905
IQSEC2	0.121554396	0.656285986	0.510815753	0.678336951	20.38785077	0.29173571803454	0.18290686934943
GNL1	0.03733739	0.656586379	0.511142379	0.67780269	25.43373836	0.291458110038998	0.182708131028696
MAPK13	0.088877782	0.656613914	0.511256636	0.677615848	20.57026541	0.291361041900048	0.182689918576834
TOP1	-0.04328645	0.656691929	0.511410212	-0.677364747	26.88982307	0.291230604094257	0.182638321328217
TAF4	0.11086174	0.657032705	0.511768477	0.676779147	19.20732758	0.290926468520304	0.182413012103051
SHCBP1	-0.116580297	0.657487271	0.512215486	-0.676048831	21.5643184	0.290547295483601	0.182112650728657
C17orf107	-0.116858418	0.657629596	0.512419329	-0.675715922	16.92123763	0.290374496570376	0.182018650014455
DISC1	-0.255403415	0.657895865	0.512825495	-0.675168632	18.25810032	0.290030392103548	0.181842843217234
CSNK1D	0.06458407	0.657895865	0.512883974	0.674957369	22.36200027	0.289980871049483	0.181842843217234
NAP1L4	-0.042747982	0.657895865	0.512905809	-0.674921733	25.85458338	0.289962382232045	0.181842843217234
RIC8A	0.05103378	0.658211148	0.513244656	0.674368822	23.96895545	0.28967556388975	0.181634766414352
RPS15	-0.133538816	0.659258289	0.514154365	-0.67405555	24.70894305	0.288906472827733	0.180944401019808
TAF7	0.113075929	0.659318414	0.51429446	0.672657176	20.72809183	0.288788153890826	0.180904794744825
OCRL	-0.084259067	0.659642174	0.514640254	-0.672093829	22.29947011	0.288496247262182	0.18069158566858
MRPS34	0.096299432	0.660185553	0.515157514	0.671251558	23.24881029	0.288059961246457	0.180333983672823
MED9	0.389004742	0.66028802	0.515330812	0.672612158	19.70680899	0.287913889983086	0.180266582319739
DYNC1LI2	-0.051430584	0.660398289	0.515510228	-0.670677506	25.01454122	0.287762713659039	0.180194060604309
TOE1	-0.087396996	0.660419614	0.515674061	-0.670410942	20.98221403	0.287624713557192	0.180180036975759
EDC3	-0.07307451	0.660419614	0.515713591	-0.670346632	22.41473967	0.28759142314336	0.180180036975759
HDGFL2	-0.063725573	0.660515858	0.51588212	-0.670072492	25.9126157	0.287449524113321	0.180116751161915
ARGLU1	-0.148142104	0.661289817	0.516580086	-0.66975546	23.66657393	0.286862339755829	0.179608164812666
DAZAP1	-0.075382086	0.661516089	0.516850356	-0.668498515	23.3559685	0.286635180253787	0.179459588696514
NMI	-0.088512151	0.661539171	0.517003995	-0.668248917	20.52458123	0.286506101007118	0.179444435307937
ATP5F1B	0.033177868	0.661539171	0.517055425	0.668165375	28.67518297	0.286462900849002	0.179444435307937
COL1A1	-0.133826057	0.662030429	0.517532976	-0.66738988	20.31935644	0.286061972753043	0.179122048561689
LCN2	-0.182795654	0.662146055	0.517716968	-0.667091208	19.42830644	0.285907600928889	0.179046204088541
ECSIT	-0.105314009	0.662775684	0.518417092	-0.665955272	20.18008969	0.285320688389552	0.178633433412536
NEDD4L	-0.091132245	0.662775684	0.518439462	-0.665918991	18.73402175	0.285301948733571	0.178633433412536
COA3	-0.059579496	0.662775684	0.518490336	-0.665836487	22.45461488	0.285259333895936	0.178633433412536
SNX12	0.053689804	0.662990056	0.518751761	0.665412595	24.2006465	0.285040415983399	0.17849298540626
NUDT16	0.092636051	0.663292986	0.519172361	0.66473087	23.30743167	0.284688435977895	0.178294595129789
TBC1D2	0.045598625	0.663292986	0.519176317	0.66472446	22.9281543	0.284685126744673	0.178294595129789
STEEP1	0.276532561	0.663563128	0.519481567	0.66479523	20.26765696	0.284429858101437	0.178117754279732
RDH14	-0.065662752	0.663857667	0.519929296	-0.663504813	22.7075112	0.284055711066735	0.177925024641946
NDUFAF4	0.088454146	0.663857667	0.51993153	0.663501196	23.37153844	0.28405384502111	0.177925024641946
ZNF532	-0.102829633	0.663857667	0.519993686	-0.663400565	17.21219792	0.284001929734445	0.177925024641946
UVRAG	-0.175460714	0.664512366	0.5206415	-0.662352162	19.8998741	0.283461217512472	0.177496932801621
PHB2	-0.05471514	0.664512366	0.52069438	-0.662266617	27.86795638	0.283417109760759	0.177496932801621
PRKD2	-0.070839697	0.6646067	0.520862248	-0.661995085	21.49920528	0.283277119010838	0.177435284847314
CXXC1	0.26717646	0.664761634	0.521077645	0.661892591	19.11457764	0.283097558307808	0.177334053337818
IKBKE	0.172673761	0.665005635	0.521362913	0.661185545	17.22275074	0.282859865481285	0.177174674638193
PDRG1	0.083436219	0.665394474	0.521761825	0.660540859	22.5042998	0.282527699475631	0.176920810201901
THOC5	-0.121671886	0.666705586	0.522884166	-0.658839891	22.83203161	0.281594509294736	0.176065906118155
BMP1	-0.072513931	0.666874126	0.52311062	-0.658363177	20.58552164	0.281406462995734	0.175956132414024
RECQL4	0.447776025	0.667202302	0.523556684	0.659264428	17.58125101	0.281036291605525	0.175742463952793
PLEKHN1	0.166114367	0.667202302	0.523532605	0.657682536	17.00869254	0.281056265789086	0.175742463952793
SMG5	0.113839527	0.667527638	0.523966315	0.656983317	20.88120098	0.280696632252643	0.175530748266903
MOB1A	-0.09565022	0.667527638	0.524026156	-0.656886868	20.02452996	0.280647035300682	0.175530748266903
UBA5	-0.103834204	0.667527638	0.524139113	-0.656704828	22.38130118	0.280553430592659	0.175530748266903
MANF	-0.055490009	0.667527638	0.52418943	-0.656623745	25.31106505	0.280511740617491	0.175530748266903
HELLS	0.090966234	0.668066145	0.524706744	0.655790387	21.61851191	0.280083353824982	0.175180536047864
RAB35	0.087410888	0.668335865	0.525013062	0.655297153	22.60413138	0.279829891481748	0.175005232646083
ABCB7	-0.076256172	0.668556334	0.525280761	-0.65486624	22.98999078	0.279608505430564	0.174861992269529
EIF4EBP1	0.206077247	0.668897944	0.525643719	0.655400538	22.30613485	0.279308520672706	0.174640138941711
MAGI1	-0.09568834	0.668928308	0.525762142	-0.654091686	19.15832021	0.27921068888851	0.174620424995104
TTI1	-0.051714683	0.669021175	0.525929708	-0.653822165	23.07372112	0.279072296659321	0.17456013628282
APEH	0.036825273	0.669069518	0.526062292	0.653608944	25.64551005	0.278962827195878	0.174528755602485
ATP6AP1	-0.046003932	0.669096398	0.526178013	-0.65342287	22.9788439	0.278867303404014	0.174511308086396
GAS2L1	0.191575522	0.669153195	0.526317272	0.653198978	18.35533442	0.278752377633855	0.174474444075627
COPS8	-0.060604183	0.669741746	0.526874868	-0.652302853	23.20161687	0.278292516836646	0.174092629998578
KIAA1522	0.059031667	0.670025508	0.527192815	0.651792118	24.16524367	0.278030517281869	0.173908663309963
GNG2	-0.409625647	0.670875933	0.528051625	-0.651975874	18.73382167	0.277323616563491	0.17335778772284
DIS3L	-0.105021432	0.670875933	0.528000926	-0.65049481	17.71605281	0.277365315806457	0.17335778772284
PDHB	-0.050407227	0.671066519	0.528296501	-0.650020592	25.19630414	0.277122265711744	0.173234428560067
PARP14	-0.043330399	0.671377368	0.528636124	-0.649475894	24.38380736	0.27684316296401	0.173033302823453
HACD3	-0.048648182	0.671736505	0.529013863	-0.648870299	25.9173942	0.276532946971401	0.172801049662794
RBM10	-0.101894879	0.672062041	0.529408265	-0.648308707	23.29685486	0.276209282876238	0.172590633463658
COX7A2	-0.071360307	0.672062041	0.529460242	-0.648154983	22.48138629	0.276166646185932	0.172590633463658
ADSS1	-0.164945035	0.672490733	0.529913512	-0.64742898	19.59588642	0.27579500648638	0.172313695912459
DAPK3	-0.055765999	0.672490733	0.530052589	-0.647206292	23.1130055	0.275681039871883	0.172313695912459
FIGNL1	-0.118385077	0.672490733	0.530083168	-0.647157335	19.90997211	0.275655985927842	0.172313695912459
FAM171A2	-0.237403673	0.672811838	0.530636089	-0.646436393	19.50742659	0.275203216621745	0.172106375811738
XPOT	0.057434961	0.672811838	0.530471865	0.646535156	24.39670168	0.27533764512602	0.172106375811738
STK39	-0.163240372	0.672811838	0.530680672	-0.646271129	21.25116849	0.275166729586753	0.172106375811738
SEC61A1	0.040043504	0.672811838	0.530716717	0.646143364	25.99716045	0.27513723235081	0.172106375811738
CAB39L	-0.100856428	0.673751097	0.531554284	-0.644803937	20.81852792	0.274452377353618	0.171500514687344
CDCA2	-0.079690343	0.673751097	0.531648095	-0.644653992	19.82539526	0.27437573794695	0.171500514687344
YBX3	0.060501616	0.674821828	0.532588389	0.643151881	23.44269144	0.273608305880923	0.17081087802922
MADD	0.105794592	0.675106036	0.532908129	0.642641447	18.95558343	0.273347654964723	0.170628009046028
GTF2IRD2B	0.136587229	0.675118656	0.533013528	0.642473226	17.99487012	0.273261768344545	0.17061989069892
DMXL1	0.419544468	0.675510879	0.533463912	0.643284045	17.8285782	0.272894954588849	0.17036765233903
PLPP6	-0.402924589	0.675510879	0.533582151	-0.643094732	19.143886	0.272798706550013	0.17036765233903
PTBP1	0.044604091	0.675510879	0.533609668	0.641522121	28.30857904	0.27277631042394	0.17036765233903
PARP12	-0.161994637	0.676029566	0.534114962	-0.640716431	18.76389996	0.272365256101214	0.170034309872176
USP7	-0.040011398	0.67606502	0.534238544	-0.640519446	25.82297369	0.272264781903113	0.170011534133372
MASTL	-0.164315994	0.676308505	0.534574751	-0.639983679	19.54596243	0.271991557663901	0.169855151017148
IVD	0.06931014	0.676308505	0.53462216	0.639908145	22.73851543	0.271953043772036	0.169855151017148
MRPS5	0.088464948	0.677049303	0.535303471	0.638823075	22.1613642	0.271399940567139	0.169379704666102
NEK4	0.101224832	0.677354131	0.535640233	0.638287033	17.66988569	0.271126809715183	0.169184216206398
RYR1	0.111802447	0.677632349	0.536051827	0.637632138	20.4081376	0.270793219463944	0.169005869712691
PTPN20	0.111802447	0.677632349	0.536051827	0.637632138	20.4081376	0.270793219463944	0.169005869712691
ADCK1	0.175768486	0.67811136	0.536526616	0.636877048	18.63709587	0.270408728692976	0.168698980082525
MTM1	-0.510153162	0.679013157	0.537612715	-0.637104599	18.0058634	0.269530468397244	0.16812181046598
GMPPA	0.072883116	0.679013157	0.537390798	0.635503656	23.22711365	0.269709774471585	0.16812181046598
PGP	-0.088819475	0.679013157	0.537595844	-0.635177974	23.0463024	0.269544097347913	0.16812181046598
SEMA4B	-0.097610222	0.679013157	0.537685982	-0.635034827	17.28793358	0.269471285857651	0.16812181046598
ATR	0.054522209	0.679013157	0.537720061	0.63498071	23.2004238	0.269443760772126	0.16812181046598
DENND2A	0.242035527	0.680105208	0.538681012	0.633528177	17.19052651	0.268668332657051	0.16742389947083
HOOK1	0.042825752	0.680221448	0.538869239	0.633156972	23.13462184	0.268516607114412	0.167349678487985
NONO	-0.044344316	0.68030832	0.539034228	-0.632895316	27.31768596	0.26838365678068	0.167294217694446
PTPN3	-0.187175842	0.680836261	0.539548782	-0.632079582	18.28120837	0.267969283519239	0.166957321999795
C3orf38	-0.170356557	0.680859402	0.539663368	-0.631965643	20.84203449	0.267877060562538	0.166942560979576
C3orf33	-0.189995103	0.681466011	0.540240513	-0.630983657	17.52586275	0.267412850891599	0.166555800288966
S100A13	-0.06406095	0.681676886	0.54050405	-0.630645487	27.04185324	0.267201047527392	0.166421431618149
CAPRIN1	0.039809985	0.682065575	0.540928686	0.629894159	26.92167026	0.26685998686785	0.166173869490731
OTUD7B	0.07345647	0.682065575	0.54115257	0.629539881	21.26341356	0.266680274694416	0.166173869490731
UHRF1BP1L	-0.108482046	0.682065575	0.541157683	-0.629531791	18.5540382	0.266676171346638	0.166173869490731
TBCB	-0.061777676	0.682065575	0.541197918	-0.629468131	25.72632004	0.266643882811389	0.166173869490731
TM7SF2	0.08028544	0.682326758	0.541501614	0.628987714	20.99859375	0.266400244578367	0.166007597174024
UBA52	-0.512249485	0.682350249	0.541616716	-0.630728448	21.54513278	0.266307940418683	0.165992645633663
UBE2F	-0.182821827	0.682425227	0.5417727	-0.62855901	18.85829601	0.266182882909476	0.16594492711546
UCKL1	-0.049177505	0.682753063	0.542155421	-0.62795397	22.5403597	0.26587619536794	0.16573634283083
LONP2	-0.130936918	0.682753063	0.542225998	-0.627842421	17.32043528	0.26581966322684	0.16573634283083
ETNK1	-0.27633045	0.683135084	0.542625959	-0.628713741	21.46975204	0.265499433610207	0.165493409883558
PITPNM1	0.224601092	0.683173411	0.542822181	0.626960269	16.96251211	0.265342414348548	0.16546904466198
METTL1	-0.084977703	0.683173411	0.542849554	-0.626857236	22.79964505	0.265320514648164	0.16546904466198
PRAF2	-0.107116964	0.683328532	0.543166007	-0.62658286	23.99880741	0.265067417362072	0.165370445175954
RBM4B	0.187175614	0.683328532	0.54310528	0.626453386	19.60671367	0.265115975031497	0.165370445175954
ADA	-0.125864407	0.683416085	0.543362049	-0.626047999	20.40682332	0.264910698059197	0.165314803786403
TPI1	0.036125207	0.683416085	0.543428821	0.625942597	30.15857055	0.264857332297701	0.165314803786403
SRSF2	-0.054056808	0.683482025	0.543577873	-0.625707338	26.58639136	0.264738230066078	0.165272902524049
ICMT	-0.068291099	0.683535793	0.543717262	-0.625487365	21.93441774	0.264626878746789	0.165238738893689
WDR89	-0.09301751	0.683750284	0.544041491	-0.624975813	18.29225483	0.264367977828998	0.165102480271519
FILIP1L	-0.094395648	0.683750284	0.544081191	-0.624913189	21.08840068	0.264336287485208	0.165102480271519
APLP2	0.095549878	0.684867231	0.545066795	0.623359272	21.38791692	0.263550274012502	0.164393613081004
GPR180	-0.082590405	0.685223583	0.545447271	-0.622759832	19.59526678	0.263247226781562	0.164167698551655
RRP12	-0.046138961	0.685307941	0.545611299	-0.622501479	24.95628999	0.263116644505279	0.164114235769794
MTERF2	-0.155625587	0.685643262	0.54597519	-0.621928484	17.31383997	0.262827091893991	0.163901787562226
NCK2	-0.084510885	0.685923062	0.546294958	-0.621425146	19.92172326	0.262572807764536	0.163724595113569
UBR2	0.254786421	0.686368965	0.546747118	0.622192719	21.7953718	0.262213497526714	0.163442361863839
GATAD2B	-0.038705547	0.686505563	0.546952976	-0.620389895	24.62904384	0.262050010305671	0.163355939169522
GBF1	-0.031448031	0.686989965	0.547444569	-0.619616934	25.06278702	0.261659848352957	0.163049606720589
TOMM70	0.031846515	0.686989965	0.547533139	0.619477712	26.29969986	0.261589590370415	0.163049606720589
SERPINB8	0.081377701	0.687037616	0.547668238	0.619265374	20.58831161	0.261482445233931	0.163019484230107
LRATD2	-0.072248137	0.687543714	0.548168864	-0.61847879	23.28956144	0.261085636029303	0.162699684195235
CEPT1	-0.16478189	0.6877786	0.548482247	-0.617986607	19.56670636	0.260837424889112	0.162551341230637
SLC41A1	0.200825711	0.6877786	0.548550588	0.617879295	18.46676399	0.260783315078941	0.162551341230637
FAM89A	-0.104137288	0.688083909	0.548891362	-0.617344309	18.44854078	0.26051360373333	0.162358598110908
ANO10	-0.082060606	0.68841515	0.549252913	-0.616776909	21.71659514	0.260227631091164	0.162149580690494
MRPL28	0.098330018	0.688784798	0.549645206	0.616161499	21.76519453	0.259917555590113	0.161916446655404
LENG8	0.06699181	0.688943736	0.549869428	0.615809861	22.42358641	0.259740425835474	0.161816244191758
RAB5B	-0.04936758	0.689133832	0.550118568	-0.615419239	24.99070815	0.259543696181214	0.161696428520605
VPS18	0.047328552	0.689226304	0.550289817	0.615150797	22.85453134	0.259408523644644	0.161638156261648
EXOG	0.079373301	0.689747651	0.550803574	0.614345738	19.35698617	0.259003250398697	0.16130976987665
CAPN7	-0.136587131	0.689834442	0.550970398	-0.614084414	17.73635077	0.258871733871634	0.161255126006423
SMAP1	0.142201053	0.690598956	0.55167864	0.61299953	21.26845003	0.258313830814267	0.160774082522594
YTHDC2	-0.17723229	0.69061691	0.551986977	-0.612557377	20.52067156	0.258071168437026	0.160762792001944
GIT2	-0.081255757	0.69061691	0.551918512	-0.612600065	20.99749436	0.258125038939597	0.160762792001944
GPX8	-0.043208069	0.69061691	0.551988543	-0.612490482	23.29948054	0.258069936335142	0.160762792001944
PHF21A	-0.212295823	0.69061691	0.552179938	-0.61224866	18.4170588	0.257919376353352	0.160762792001944
TRAPPC13	0.146047581	0.69061691	0.55218112	0.61218918	18.90408605	0.257918446700728	0.160762792001944
CLDN6	0.112283649	0.691866764	0.553278242	0.61047377	21.10473581	0.257056408342031	0.159977531599269
NKTR	0.137960936	0.691945167	0.553438755	0.610222957	18.54608201	0.256930432305065	0.159928319723669
STK24	0.067927263	0.691986102	0.553569317	0.610018975	23.96747567	0.256827989770374	0.159902627920874
PSPH	0.045456921	0.692014394	0.553689776	0.609830802	24.57026723	0.256733495754416	0.159884872060932
VPS35	0.027245191	0.69249343	0.554170951	0.609079363	26.51462639	0.256356243171348	0.159584342593162
ZMYM4	-0.172614957	0.692991858	0.554765746	-0.608539967	21.93796094	0.25589036227511	0.159271867908315
NOP58	0.06162654	0.692991858	0.55468077	0.608283588	24.60256127	0.255956890237358	0.159271867908315
MMGT1	-0.071038857	0.69320927	0.555238062	-0.607414176	22.52998658	0.255520770308999	0.159135638279343
RILPL1	0.228055135	0.69320927	0.555382444	0.607286944	18.64769549	0.255407852699608	0.159135638279343
EPHX1	-0.041825658	0.69320927	0.55528891	-0.607334873	27.18034041	0.255480999990244	0.159135638279343
MRPS22	0.046591294	0.69320927	0.555453601	0.607078051	24.33548455	0.255352213359076	0.159135638279343
ZZZ3	0.082120557	0.69320927	0.555469323	0.607053535	19.84727053	0.255339920917004	0.159135638279343
MTAP	-0.039646317	0.69320927	0.555559631	-0.606912727	26.29197996	0.255269319217531	0.159135638279343
VPS29	-0.031974573	0.69320927	0.555625751	-0.606809641	24.54176915	0.255217634680203	0.159135638279343
MFSD5	-0.089437715	0.693245119	0.555752484	-0.606612073	18.28318151	0.255118587495221	0.159113179519778
TRMT1L	-0.083107551	0.694095425	0.556532266	-0.605396994	22.22260728	0.254509651563717	0.158580818158947
LRRC42	0.232776717	0.694385921	0.556961509	0.604941936	19.69675684	0.254174817405296	0.158399093266468
FZD6	-0.084015347	0.694385921	0.556943668	-0.604756315	21.46556245	0.254188729267835	0.158399093266468
MRPL48	-0.079450637	0.694885304	0.557467648	-0.603940695	21.79291085	0.253780331334092	0.158086873036617
PDLIM7	-0.038461418	0.694885304	0.557558522	-0.603799284	24.94508602	0.25370954182637	0.158086873036617
CA8	-0.039581234	0.695530495	0.558222277	-0.602766793	26.37813758	0.253192836093312	0.157683823946717
SCAF11	-0.097364425	0.695530495	0.558272851	-0.60268815	22.46981647	0.253153491525491	0.157683823946717
CNBP	0.062827954	0.695555714	0.558391419	0.602600568	26.87981184	0.253061264291743	0.157668077298566
IGLV2-11	0.153951195	0.695588514	0.558516081	0.602309986	18.79363436	0.252964318002229	0.157647597956852
STAM2	-0.063553511	0.695621917	0.558641237	-0.602115435	21.26667034	0.252867009307153	0.157626743112382
FBXL18	0.088417351	0.695908565	0.558969814	0.601604784	20.61579517	0.252611644648824	0.157447818327019
CEP350	0.05554017	0.695956568	0.559106754	0.601392011	22.85147897	0.252505261439746	0.157417862209103
CEP170	0.071611565	0.696054821	0.559284083	0.601116524	22.82586877	0.252367540342114	0.15735655418226
MRPL20	-0.115716288	0.696420533	0.559676383	-0.600507245	20.55441436	0.252063018891342	0.157128432791442
MTMR3	-0.084488239	0.696652509	0.55996129	-0.600064904	21.13863847	0.251841994637496	0.156983794434905
GPC1	-0.092931012	0.696814452	0.560189962	-0.599709962	20.15585423	0.251664677531493	0.156882850596884
FAM50A	-0.033598044	0.697553689	0.560882865	-0.598634932	25.1413807	0.251127827506293	0.156422360184693
PFKP	-0.024149531	0.697616799	0.561032226	-0.598403294	26.13091968	0.251012191913162	0.156383069897223
SNTB2	0.133278615	0.697712436	0.561248568	0.59806784	19.95587205	0.250844754069674	0.156323536103493
NUDCD3	-0.101150554	0.697712436	0.5613064	-0.59797818	20.47254319	0.250800005938464	0.156323536103493
TERF2	-0.140111496	0.697939673	0.561587874	-0.597541866	18.4052859	0.250582278213975	0.156182114361757
UTP4	-0.07279135	0.698322541	0.56199466	-0.596911515	21.10967388	0.250267811020888	0.155943939236487
MTG1	-0.139897595	0.698459255	0.56220342	-0.59658812	20.43469658	0.25010651681714	0.155858923615352
GRPEL2	-0.129002129	0.698928922	0.562680267	-0.595849672	17.28055078	0.249738315134406	0.155566987849084
SLC4A11	-0.081243101	0.699379708	0.563142044	-0.595134889	17.49691813	0.249382047165195	0.1552869725865
ATP5ME	-0.042385909	0.699477052	0.563435575	-0.594680699	24.40317928	0.2491557353793	0.155226528996673
CCDC47	0.049972949	0.699477052	0.563495565	0.59458789	24.73534907	0.249109497725429	0.155226528996673
MICAL1	0.164856851	0.699477052	0.563517066	0.594554629	19.69778833	0.249092926898449	0.155226528996673
SNRPD1	0.051282094	0.700055162	0.564081768	0.593681279	25.36017242	0.24865793712083	0.154867737688118
CASQ1	0.086903446	0.70015324	0.564259771	0.593406084	19.17000756	0.248520911728018	0.154806897124377
CDYL	0.242909414	0.700403572	0.564659538	0.592995198	18.53734533	0.248213331535138	0.154651647717184
AP3S2	-0.14419602	0.700403572	0.564638483	-0.592820749	18.38307191	0.248229525790592	0.154651647717184
NUDT12	0.09140975	0.700842241	0.565112263	0.59208878	22.34466245	0.247865268360487	0.154379730355451
LRCH4	-0.079510379	0.700961703	0.565307678	-0.591786968	17.62604382	0.247715115918995	0.154305709037784
PEX13	-0.333332924	0.701734992	0.566081359	-0.59140893	18.0590851	0.24712114615185	0.153826866846402
GEMIN8	0.077971292	0.701734992	0.566129715	0.590517988	21.12734141	0.247084049281024	0.153826866846402
OTUB2	-0.125578739	0.701986719	0.566432031	-0.590112412	22.03363043	0.246852195831668	0.153671104279846
PTTG1IP	0.11942672	0.702213061	0.566713934	0.589822039	22.98126149	0.246636109072082	0.15353109701895
PPP1R13L	0.038577314	0.702817148	0.567300807	0.588711896	23.20077837	0.246186598639779	0.153157650718402
HLTF	0.05488348	0.70291487	0.567525768	0.588365188	24.31659316	0.246014414934576	0.153097269187803
ARHGAP8	-0.052170917	0.70291487	0.567578419	-0.588284053	23.28032993	0.245974126053529	0.153097269187803
ZNF609	-0.067299501	0.704551733	0.568999725	-0.586095373	21.17966644	0.244887943501258	0.152087112516926
LPIN2	0.257269517	0.705357415	0.569750108	0.585143885	19.00989475	0.244315583824112	0.151590763819066
NMNAT1	-0.05346691	0.705761197	0.57017603	-0.584286208	22.26279469	0.243991044230251	0.151342222983751
TUBB	0.028800853	0.705993015	0.570465026	0.58384204	32.13917205	0.243770976102565	0.151199595778172
KCTD5	0.085177836	0.705993015	0.570562915	0.583691617	19.05881316	0.243696459693079	0.151199595778172
AAGAB	-0.10965074	0.706813086	0.57132559	-0.582579813	22.50146585	0.243116323205518	0.150695418524384
QDPR	0.045851203	0.708198639	0.572545662	0.580647808	22.91493992	0.24218987149666	0.149844912194341
SAT2	-0.080484541	0.708954035	0.573256585	-0.57955782	19.86528971	0.241650947827439	0.149381921365559
POLE	-0.057927419	0.709041686	0.573427691	-0.579295589	21.55383619	0.241521338668706	0.149328231012171
USP5	-0.04764427	0.709078252	0.573557501	-0.579096674	26.12284012	0.241423036149493	0.149305834582076
BCL9L	-0.105610519	0.709975938	0.574383983	-0.577830779	19.90091809	0.240797679127356	0.148756369831493
NAA20	-0.051347476	0.710165391	0.574637645	-0.577442449	22.80546124	0.240605926411874	0.148640496303573
CDC42EP3	-0.58096007	0.710256554	0.574904301	-0.578719154	19.08488827	0.240404442278395	0.148584750068382
DPP8	-0.223313021	0.710256554	0.575012621	-0.577006178	18.87849051	0.240322622839932	0.148584750068382
GRB7	-0.133445933	0.710256554	0.574924826	-0.577002915	17.3588989	0.240388937549853	0.148584750068382
MRPS33	0.116885585	0.710737638	0.575502571	0.576119029	17.06015013	0.239952731862827	0.14829068534146
NPR1	0.127215057	0.710962744	0.575885853	0.575730855	22.59010451	0.239663590057522	0.148153156652999
FBXL14	-0.20690892	0.710962744	0.575850814	-0.575645106	18.78838426	0.239690014924928	0.148153156652999
ELOF1	0.111787406	0.711406745	0.576402252	0.57474356	20.40189871	0.239274331068904	0.147882021491546
NFKBIA	0.147185913	0.711406745	0.57644663	0.574675742	18.10100935	0.239240895428157	0.147882021491546
CRIPT	0.107715934	0.711734344	0.576812694	0.574116441	21.179017	0.23896519060227	0.14768207723923
MED19	0.097934234	0.711759797	0.576933938	0.573931237	19.15546098	0.238873913022085	0.147666546304286
BBS4	-0.160555762	0.711894314	0.577202432	-0.573521176	19.04016293	0.238671847706827	0.147584475820248
EIF4H	-0.043339609	0.711894314	0.577309384	-0.573357862	24.9387879	0.238591383110592	0.147584475820248
WBP11	0.05640988	0.711894314	0.57734488	0.573303664	24.02635773	0.238564681235554	0.147584475820248
PAXIP1	-0.174709802	0.712160285	0.577812334	-0.572590076	19.33463755	0.238213191929398	0.147422249260858
RELCH	-0.153181768	0.712160285	0.577833344	-0.572558011	20.01512108	0.238197400710274	0.147422249260858
TBRG4	-0.062357517	0.712160285	0.577862601	-0.57251336	21.74150558	0.23817541196191	0.147422249260858
HSF1	-0.098212883	0.712189661	0.577987114	-0.572323347	21.82372843	0.238081843899674	0.147404335356009
AKTIP	0.164108983	0.712380901	0.578243022	0.571954539	20.14958761	0.237889599413686	0.147287732529258
GINS3	0.143792036	0.712426177	0.578380482	0.57172319	20.59557638	0.237786371146999	0.147260131435365
PPME1	0.057550109	0.712547426	0.578711238	0.571218728	24.13671706	0.237538083985167	0.147186224421716
RPL35	-0.038754793	0.712547426	0.578776334	-0.571119464	26.77072736	0.237489235368028	0.147186224421716
ILRUN	0.117998916	0.712547426	0.578946056	0.570860682	18.15634561	0.237361900301829	0.147186224421716
RBBP5	-0.094420886	0.712547426	0.578961056	-0.570837814	22.56039497	0.237350648246873	0.147186224421716
DDX56	0.084496475	0.712547426	0.578982557	0.570805034	21.11878523	0.237334520059712	0.147186224421716
DHX35	0.257705031	0.712779037	0.579271513	0.570584452	18.62858864	0.237117828399105	0.147045081486754
PIP4P1	0.214841675	0.713581355	0.580081219	0.569602602	20.92343255	0.236511195240389	0.146556506062429
TPRN	0.210410126	0.713581355	0.580427922	0.568954191	20.58485291	0.236251703610518	0.146556506062429
DCTN6	0.122002683	0.713581355	0.580374863	0.568827726	22.3803	0.236291405842851	0.146556506062429
NIBAN2	-0.029088387	0.713581355	0.580244607	-0.568882069	26.17860841	0.236388887340852	0.146556506062429
EML3	-0.102103723	0.713581355	0.580382402	-0.568672248	19.11488356	0.236285764446156	0.146556506062429
DAP	-0.11654287	0.714146086	0.580988228	-0.567750066	19.25359682	0.235832667207665	0.146212939688614
CDCA5	0.134998924	0.715997828	0.582595914	0.565305334	18.75877531	0.234632565594853	0.145088295134945
TNFAIP3	0.290259649	0.716126854	0.582802134	0.565431984	16.89402085	0.234478866677738	0.145010040384255
PADI2	-0.51399276	0.716592244	0.583524764	-0.565522238	17.79791577	0.233940708358396	0.144727896708884
AMBRA1	-0.17862894	0.716592244	0.583288837	-0.564309647	20.03824802	0.234116335031826	0.144727896708884
GALNT2	-0.041136795	0.716592244	0.583541383	-0.563869271	24.67317581	0.233928339667874	0.144727896708884
MAL2	-0.061914099	0.716592244	0.583586078	-0.563801415	22.63798654	0.233895077162232	0.144727896708884
ATP11A	0.063506999	0.717296003	0.584260612	0.562777664	22.23744912	0.233393390718042	0.144301589183914
CCDC117	-0.111071953	0.717966655	0.584908373	-0.561795134	20.22910145	0.232912161639465	0.143895725515056
TMEM126A	-0.090735688	0.718105396	0.585122915	-0.561469841	21.60461189	0.232752893406664	0.143811809877454
RBM22	-0.103033394	0.718306715	0.585388495	-0.56106725	21.85210224	0.232555817274817	0.143690073600371
DNPH1	-0.060637382	0.718448751	0.585605809	-0.560737896	22.80198636	0.232394623882498	0.143604205889836
MMUT	-0.056691945	0.718955465	0.586120465	-0.55995816	24.0999328	0.232013114514292	0.143298010735029
TMUB2	0.065539494	0.719519315	0.58668185	0.559108034	20.91746399	0.231597347213656	0.142957543234914
HPS6	0.08736675	0.719549902	0.586808508	0.55891629	20.5197322	0.23150359804848	0.142939081627698
GALC	-0.171479399	0.719599517	0.586950695	-0.558701065	17.54124714	0.231398378801393	0.142909136827744
GTPBP4	-0.03727878	0.720448546	0.587745061	-0.557499146	24.6365425	0.230811011695934	0.142397030792016
PAF1	0.064910998	0.720669739	0.588027387	0.557072177	23.24955914	0.230602446464689	0.142263713629796
NFYB	-0.254747716	0.721338885	0.588675344	-0.556420112	18.85572191	0.230124153739365	0.141860655795869
GMFB	0.035268107	0.721835805	0.589182915	0.55532576	26.35347609	0.229749855225203	0.14156157956626
HIRIP3	0.124264156	0.721907636	0.589343596	0.555083055	20.65237969	0.229631431292558	0.141518364399259
USP36	0.298344783	0.722160845	0.589652394	0.555150589	17.85375757	0.229403933876745	0.141366062380286
LCOR	0.08189631	0.722173414	0.589764746	0.554447082	18.60288817	0.229321191559166	0.141358503676601
PEDS1	0.057726694	0.722196113	0.589885374	0.554264966	22.51457336	0.229232371876011	0.141344853360305
PRKCD	0.046539979	0.72241494	0.590177361	0.553824227	22.73158101	0.229017453903069	0.14121328111583
AFAP1	-0.038518905	0.72241494	0.59037786	-0.55352165	23.74478933	0.228869937533457	0.14121328111583
DGCR2	-0.127850559	0.72241494	0.590398188	-0.553490975	17.26420771	0.228854984082726	0.14121328111583
STIP1	0.029570206	0.72241494	0.590472602	0.553378692	28.98955612	0.228800248899347	0.14121328111583
LENG1	-0.180919381	0.723026057	0.591074312	-0.552657307	20.61878743	0.228357914613336	0.14084605096633
FIGN	0.086910026	0.723598239	0.5916631	0.551583341	17.08669993	0.227925515336979	0.140502498740794
MTA3	0.061810775	0.723598239	0.591746651	0.551457411	21.01846991	0.227864191288758	0.140502498740794
NCKAP1	0.048872282	0.724477878	0.592620921	0.550140247	25.51855189	0.227223020904437	0.13997487121311
PYURF	0.084064	0.724477878	0.592670834	0.55006508	18.56472447	0.227186444356264	0.13997487121311
SYNCRIP	0.024429727	0.724824336	0.593056723	0.549484051	28.18947947	0.226903766487719	0.139767233635489
DMAC2L	-0.07078945	0.725064761	0.593355938	-0.549033662	21.72978072	0.226684707082119	0.1396232015823
RPL23A	-0.041969285	0.725354969	0.593695967	-0.54852198	26.96269909	0.226435901243378	0.139449409497045
RPSA	-0.03392018	0.725443769	0.593871199	-0.548258347	28.16479068	0.226307736212576	0.139396245196538
PIK3C3	-0.147372055	0.725532419	0.594046334	-0.548120956	21.27494756	0.226179679908116	0.139343177191443
PHIP	-0.094510762	0.725915527	0.59446263	-0.547411909	22.67865325	0.225875441457236	0.139113914137683
TMEM70	-0.080198218	0.726283921	0.594866983	-0.546760977	21.85155074	0.225580135124177	0.138893570458282
TLR7	0.049388672	0.726726309	0.595332056	0.546062088	21.77826694	0.225240731980259	0.138629117160941
TUFT1	0.156313157	0.727095543	0.595737315	0.545636122	21.20252578	0.2249451962902	0.138408517516001
NR2C2	-0.105107515	0.727477457	0.59615307	-0.544828994	19.34082839	0.224642215224291	0.138180460008302
GPATCH4	-0.052265209	0.727655099	0.596401507	-0.544456036	22.35060276	0.224461267833132	0.138074423014738
BLOC1S2	0.154224239	0.727934116	0.596820272	0.543869029	20.25276459	0.224156433745485	0.137907926116173
MRRF	-0.04422096	0.727934116	0.596918354	-0.543680392	22.26898303	0.224085067249433	0.137907926116173
RWDD1	-0.049969533	0.727934116	0.596938904	-0.54364956	21.47158976	0.224070116129365	0.137907926116173
MVB12A	0.113680051	0.728010697	0.597158069	0.543320765	19.27562827	0.223910694987955	0.13786223934913
SRP14	0.03499084	0.728010697	0.597207531	0.54324657	25.18524797	0.223874724304144	0.13786223934913
BORCS5	0.325290605	0.728529985	0.597839492	0.543246668	18.44926247	0.223415399783218	0.137552568736752
XYLB	-0.103565968	0.728529985	0.597829568	-0.542313757	18.10866179	0.223422609032972	0.137552568736752
ULBP2	-0.120008723	0.728617278	0.598014125	-0.54203709	19.12295199	0.223288557922777	0.13750053436903
TYW5	0.071784102	0.729136434	0.598543295	0.54124406	19.37113325	0.22290442988658	0.13719120009161
BUD23	-0.105720029	0.729442856	0.598897951	-0.540712764	17.4573127	0.222647172758028	0.137008724738225
CZIB	-0.035261051	0.729562035	0.599098934	-0.540411751	24.55322773	0.222501453165985	0.136937773938137
MOB4	0.081340903	0.730052521	0.599722051	0.539478837	21.93049431	0.222049982425255	0.136645895002849
ID3	-0.157439244	0.730052521	0.599806199	-0.539352891	16.71841432	0.221989050117703	0.136645895002849
UMPS	-0.031554554	0.730052521	0.599811316	-0.539345232	27.33873481	0.221985345128678	0.136645895002849
PECR	0.163066773	0.730316396	0.600131356	0.5389139	19.9727031	0.221753681379188	0.136488949101953
NUDCD1	0.03113191	0.730399737	0.600303092	0.538609366	25.3515371	0.22162941970413	0.136439391853097
ANXA7	-0.02791358	0.730545064	0.600525805	-0.538276211	25.94804257	0.221468325932488	0.136352989253441
ZNF787	-0.066309095	0.730677294	0.600737792	-0.53795916	20.7130994	0.221315046027027	0.13627438826683
DDHD2	0.057308008	0.731162	0.60123966	0.53720879	20.84168707	0.220952379463945	0.135986387869353
NUMB	-0.054198164	0.731574111	0.601681959	-0.536547749	23.56143232	0.22063301032023	0.13574167176968
NCOA3	-0.240682751	0.731612617	0.602002929	-0.536390274	19.22794808	0.220401395709878	0.135718813520621
SDCBP2	-0.064684007	0.731612617	0.601909071	-0.536208414	23.81811267	0.220469111641882	0.135718813520621
PRCC	-0.11787451	0.731612617	0.602023896	-0.536036874	21.42002498	0.220386270046207	0.135718813520621
DERA	-0.075845733	0.731810888	0.602290499	-0.535638657	21.18249527	0.220193987675207	0.135601133298247
VPS50	-0.132765198	0.733040863	0.60340641	-0.533972826	20.53869884	0.219390080616379	0.134871815153186
CARS2	-0.082026659	0.733574548	0.603949416	-0.533162795	20.15695168	0.218999434345806	0.13455574529729
HSP90AB1	0.017663732	0.733974518	0.604382466	0.532517056	29.76820615	0.218688143654495	0.134319017582692
LOXL2	0.139900396	0.734348449	0.604794185	0.531903345	19.35926505	0.218392393159219	0.134097818054968
TNRC6A	-0.273472426	0.734556396	0.605069284	-0.531919997	18.36002079	0.218194893221751	0.133974855379013
TMEM192	-0.129184743	0.734652854	0.605252592	-0.531220289	20.50849777	0.218063342011985	0.13391782990467
CDC123	-0.183777264	0.735020371	0.605763184	-0.530860915	21.23257641	0.217697124980567	0.133700624330373
OSGEP	0.046345764	0.735020371	0.605734162	0.530503002	23.08177969	0.217717932445804	0.133700624330373
PPHLN1	-0.181017319	0.735172274	0.606198598	-0.531258981	23.27389322	0.217385072391966	0.133610880125566
SOGA1	0.057952181	0.735172274	0.606081351	0.529986051	23.3058878	0.217469078937352	0.133610880125566
DPP3	-0.029120423	0.735172274	0.606325626	-0.529622426	26.57357998	0.217294076173405	0.133610880125566
PSMA1	0.022350564	0.735172274	0.606343553	0.529595742	26.95196726	0.217281235742869	0.133610880125566
AGAP3	-0.120101757	0.735172274	0.60650015	-0.529362675	17.97263409	0.217169087387409	0.133610880125566
SEL1L3	-0.168264923	0.735172274	0.60651193	-0.529345144	18.55937966	0.217160652205137	0.133610880125566
BAZ1A	0.043933975	0.736076533	0.607460194	0.527934488	27.38266201	0.216482175495161	0.133077027875024
NOP56	0.047858567	0.736076533	0.607466045	0.527925788	24.3555744	0.216477992431314	0.133077027875024
PSMD10	0.056811413	0.737250933	0.608551229	0.526312821	24.57696276	0.215702856159425	0.132384669170881
LRRC49	0.156128517	0.737250933	0.608643688	0.526175461	18.21095095	0.215636877517847	0.132384669170881
EXOSC10	-0.062574816	0.737669792	0.60909376	-0.525506973	22.90827329	0.2153158497047	0.132138000784977
MAX	0.070278319	0.737923882	0.609487783	0.524921937	20.60439871	0.215034995261123	0.131988434020167
EXPH5	-0.144160214	0.737923882	0.609512192	-0.524885702	17.70749221	0.215017602817763	0.131988434020167
DTWD1	-0.700393768	0.738345915	0.609965158	-0.52567637	18.60190319	0.214694971744153	0.13174012357116
MRPL13	-0.125907207	0.738441226	0.610148285	-0.525067793	24.10124416	0.214564605102197	0.131684065334637
HNRNPCL1	-0.170351465	0.739194	0.61087477	-0.522883074	19.1371209	0.21404781147963	0.131241566919804
DECR1	-0.043602649	0.739536658	0.611262488	-0.522289258	24.805551	0.213772255207237	0.131040293644731
EBP	-0.052977923	0.739833421	0.611679214	-0.521671624	23.06721344	0.213476277387567	0.130866053896487
PEAK1	-0.120861297	0.739833421	0.611804219	-0.521486394	19.45915988	0.213387532447611	0.130866053896487
UBE2G2	-0.061128319	0.739833421	0.611841873	-0.521430602	21.92062113	0.213360804254658	0.130866053896487
RPS16	-0.029031959	0.739833421	0.611926116	-0.521305787	28.28162693	0.213301011433754	0.130866053896487
SLC30A9	0.065103741	0.740630277	0.612751548	0.520083276	17.87408396	0.212715582912263	0.130398537945155
RBM34	-0.048600787	0.740630277	0.612913443	-0.519843598	23.52466155	0.212600853184201	0.130398537945155
TTC28	-0.142711663	0.740630277	0.612934267	-0.519812771	17.49474704	0.212586098091512	0.130398537945155
NDST1	-0.122116763	0.740630277	0.613003996	-0.519709552	20.46016788	0.212536694429231	0.130398537945155
POLDIP2	-0.049059796	0.740638837	0.61311578	-0.519544091	23.24269296	0.212457506122428	0.130393518518597
CNOT2	0.091468523	0.740970342	0.613494953	0.518982959	20.91572218	0.212189005705137	0.130199174697478
FARS2	-0.078338186	0.741063476	0.613676822	-0.518713874	19.22320444	0.212060279302987	0.130144590811686
KCTD10	0.070075162	0.741147992	0.613851581	0.518455347	18.82630901	0.211936621276517	0.130095063691886
CIB1	0.087283424	0.742832054	0.615442534	0.516103487	20.9961101	0.210812492418821	0.129109364255132
ASCC2	0.040229124	0.742832054	0.615540639	0.515958559	25.14350656	0.210743268953917	0.129109364255132
GMFG	0.09423322	0.742832054	0.615659943	0.515782333	17.01150295	0.2106591022149	0.129109364255132
AGMAT	0.040841538	0.742832054	0.615666431	0.515772749	22.72227004	0.21065452551995	0.129109364255132
PPIG	0.052219822	0.74316112	0.616044219	0.515214821	22.70497655	0.210388113519901	0.128917019427688
SNAPC1	0.0865204	0.743415928	0.616360534	0.514747811	17.3484178	0.210165177245555	0.128768138198051
DBT	0.042587894	0.743741941	0.616735966	0.514193673	23.57975881	0.209900724218614	0.128577727143316
MTIF2	0.169572296	0.744191488	0.617213947	0.513532821	19.27843786	0.209564268874762	0.128315301710039
WDR53	-0.111544551	0.744461918	0.617543474	-0.513002359	17.92764777	0.209332463406414	0.128157513123979
BABAM1	-0.162700583	0.744483786	0.617666856	-0.513965963	23.03145154	0.209245702276519	0.128144756242777
WNT1	-0.070452192	0.744663771	0.61792145	-0.512494473	23.92234371	0.209066728794246	0.128039774715139
NSD3	-0.082502098	0.744742458	0.618092023	-0.512193527	20.74635889	0.208946861309384	0.12799388618686
POLA2	-0.205695589	0.744755043	0.618207748	-0.512324481	20.1426183	0.208865556224251	0.127986547341308
FRMD8	-0.103967253	0.74486882	0.618407489	-0.511728535	20.87821087	0.208725259691799	0.12792020479056
NDUFAF5	-0.180318677	0.744899192	0.618538006	-0.511612198	19.46416507	0.208633610038142	0.127902496809317
TARBP1	0.097191132	0.746087673	0.619789533	0.50969281	17.90976914	0.207755762396068	0.127210135445738
SMIM11	-0.102050882	0.746087673	0.619833941	-0.509627434	19.57211398	0.207724646255135	0.127210135445738
ATAD3B	0.043374386	0.746087673	0.619841286	0.509616623	22.263041	0.207719499918578	0.127210135445738
PIGO	0.068007707	0.746291772	0.620116346	0.509211748	20.00049652	0.207526820686532	0.127091346527395
TM2D2	-0.073860321	0.746301396	0.620229843	-0.509044712	18.91999528	0.20744734106804	0.127085746005855
GLMP	-0.397623533	0.747157348	0.62106709	-0.509211085	20.30197215	0.206861483168025	0.126587928074733
IDH3B	0.043154107	0.747157348	0.62115244	0.507687466	22.94906825	0.206801804450707	0.126587928074733
RCOR3	0.056515646	0.747971409	0.622033394	0.50639241	20.65306423	0.206186299488236	0.126115002604584
DRG2	-0.029488465	0.747971409	0.622040684	-0.506381696	23.75241111	0.206181209748278	0.126115002604584
PPM1B	-0.066391183	0.748336758	0.622450309	-0.505779834	22.2408988	0.205895313129379	0.125902921883083
CUL7	-0.119727001	0.748439251	0.62267884	-0.505444136	19.94525225	0.205735892311968	0.125843444520892
MEIS1	0.145354848	0.748439251	0.622852964	0.505236886	20.49603834	0.205614464512827	0.125843444520892
ATXN2L	-0.034601441	0.748439251	0.622778619	-0.505297588	25.25291371	0.205666305881874	0.125843444520892
HSPB11	-0.037132521	0.749332625	0.62370236	-0.503941396	22.75069161	0.20502261263792	0.125325358354761
TAPT1	-0.036230401	0.750152599	0.624490904	-0.502784473	22.24233852	0.204473882944572	0.124850381725048
RBBP9	-0.034113375	0.750422153	0.624821386	-0.502299815	24.20582935	0.204244114113408	0.124694353755261
CDC23	0.098052929	0.750544665	0.625029492	0.501997702	22.0023653	0.20409948999884	0.124623457736712
DNAJB12	-0.046205759	0.750955713	0.625488897	-0.501321279	22.68270212	0.203780395026404	0.124385674403091
MICU1	-0.047648811	0.750955713	0.625584113	-0.501181738	21.61435158	0.203714288918865	0.124385674403091
DEUP1	-0.076750248	0.751043093	0.625854719	-0.50078522	19.16697871	0.203526468801099	0.124335143534864
GLT8D1	-0.150073077	0.751043093	0.625869244	-0.500763938	19.12415682	0.20351638969814	0.124335143534864
KLF16	0.079023887	0.751112724	0.626033449	0.500523371	18.43074446	0.203402461792707	0.12429488092196
POLR3GL	-0.069064407	0.751500382	0.626462787	-0.499894522	17.32011265	0.203104721765687	0.124070794317991
RBP4	-0.313346455	0.751579018	0.626634584	-0.501009411	20.86700526	0.202985640054558	0.124025352698726
GALNT18	-0.088360723	0.751790593	0.626980173	-0.499136988	19.60689991	0.202746192650688	0.123903112825121
DNAJB6	-0.041417318	0.751790593	0.627023536	-0.49907351	23.97989109	0.202716157154794	0.123903112825121
SETD7	0.18497026	0.752292058	0.627758359	0.498158641	19.82491878	0.202207495670549	0.123613523033905
UBL4A	-0.038212037	0.752292058	0.627786112	-0.497957572	23.34657033	0.202188296072228	0.123613523033905
MOCS1	0.037718625	0.752292058	0.627797391	0.497941071	22.80006424	0.202180493472959	0.123613523033905
PTK2	0.025224936	0.752292058	0.627867163	0.497839001	25.02291344	0.202132229636051	0.123613523033905
MAN1A2	0.042876049	0.752368933	0.62803768	0.497589576	23.78993989	0.202014299375588	0.123569145744237
SMC6	-0.067511451	0.752442239	0.628205239	-0.497344509	18.61254911	0.201898446066608	0.123526832938606
UBE2K	-0.041232304	0.752452574	0.628320237	-0.497176336	25.28560568	0.201818952259402	0.123520867826053
RBPJ	0.108084751	0.753184222	0.629037657	0.496127511	18.34415776	0.20132335497162	0.123098786332095
NFU1	0.062177354	0.75352147	0.629425837	0.495560258	21.69995478	0.201055433910524	0.122904368870667
NOM1	0.066808481	0.753541657	0.629630678	0.495260989	20.48152086	0.200914119655456	0.122892734185232
PMVK	0.044384507	0.753541657	0.629738734	0.495103139	24.02303559	0.200839593270736	0.122892734185232
CDC7	-0.102666597	0.753541657	0.629871906	-0.494908619	17.34307309	0.200747761933142	0.122892734185232
CDIPT	-0.053877496	0.753541657	0.629941215	-0.494807389	20.98573784	0.200699976248464	0.122892734185232
RAB9A	-0.044011375	0.753541657	0.629975312	-0.49475759	22.17663624	0.200676469708728	0.122892734185232
RABGAP1L	0.044916786	0.753657273	0.630178508	0.49446085	21.68049136	0.20053641235873	0.122826105434483
SFT2D2	0.390292386	0.753733715	0.630486287	0.49535638	21.11736391	0.200324354840297	0.122782058018679
SORCS2	-0.179267488	0.753733715	0.630541935	-0.493977205	18.66110315	0.200286024818934	0.122782058018679
PRRC1	0.094166534	0.753733715	0.630562076	0.493942863	22.27928935	0.200272152648067	0.122782058018679
CNTN2	-0.072445996	0.75483214	0.631587706	-0.492404177	18.90347573	0.199566332223472	0.122149616287339
GCC1	-0.12436812	0.755822785	0.63252345	-0.491039717	18.85922752	0.198923368939789	0.121580019999561
STAT3	-0.031602976	0.756044949	0.632816248	-0.490612971	24.40189977	0.198722378552491	0.121452383702017
VIM	-0.045489194	0.756710633	0.633480403	-0.489645336	25.82250182	0.19826681566705	0.121070163454421
NTHL1	0.324265339	0.757009283	0.633956633	0.490277521	21.93305345	0.197940449835888	0.120898794831557
PSMF1	-0.056190568	0.757009283	0.633909506	-0.489020416	22.58050839	0.197972735572415	0.120898794831557
CCDC12	-0.123971123	0.757009283	0.634158469	-0.488729212	21.37213977	0.197802203297145	0.120898794831557
NACA	-0.032359914	0.757009283	0.634132281	-0.488696061	27.09015262	0.197820138149849	0.120898794831557
VASN	-0.213717381	0.757062009	0.634309659	-0.488594026	18.22297244	0.197698675298955	0.120868547100181
MAPK1	0.023644609	0.757643752	0.634904179	0.487572616	26.50324605	0.197291814348444	0.120534953878694
KDM5A	-0.132196772	0.757650692	0.635017098	-0.487408325	18.40214594	0.197214581059075	0.120530975769072
PSMD13	-0.029247257	0.758443467	0.63578877	-0.486285959	26.60993398	0.196687147339938	0.120076785193602
DNAJC9	-0.032788353	0.758816226	0.636208515	-0.485675731	24.60588418	0.19640052260249	0.119863391032031
AKAP8L	-0.081549621	0.759908988	0.637232134	-0.484188392	21.81920794	0.195702331949685	0.119238418740587
COPS2	-0.02986239	0.759985457	0.637403692	-0.483939227	25.21766935	0.195585425313834	0.119194718252209
PHF20L1	-0.364394537	0.760205751	0.637695918	-0.484749946	18.71969363	0.19538636299667	0.119068849257885
DLGAP4	0.043290906	0.760279904	0.637865597	0.483268529	23.41785522	0.195270820699473	0.119026488794126
KRI1	-0.051682046	0.760413865	0.638110409	-0.48291315	21.89416805	0.195104171010908	0.11894997302951
KIF20A	0.088646455	0.760413865	0.638192977	0.482793305	20.58816362	0.195047979313503	0.11894997302951
RPP30	-0.055680039	0.76062006	0.638473553	-0.482386114	23.1331881	0.194857087475026	0.118832225029584
DTNB	0.146755735	0.760926053	0.638927535	0.481727444	19.54452987	0.194548395259815	0.118657546034242
PABPC4	-0.032798214	0.760926053	0.638971257	-0.481664021	25.78853893	0.19451867737689	0.118657546034242
CRY2	-0.112977489	0.760926053	0.639053107	-0.481545295	18.0264588	0.194463049324102	0.118657546034242
SDCBP	0.054841914	0.761829429	0.639919489	0.480289019	22.99981161	0.193874663020048	0.118142254823607
PLK1	0.082754969	0.762566582	0.640688166	0.479175096	21.17920199	0.193353297684998	0.117722230757862
TSR1	0.040680772	0.762566582	0.640754278	0.479079319	23.41908003	0.193308485564177	0.117722230757862
MT-CO1	0.116876794	0.762688039	0.640964149	0.47877531	18.2146202	0.19316626116277	0.117653064463561
WDR17	-0.105449806	0.762775437	0.641313258	-0.47832474	21.98122114	0.192929781731406	0.117603300611764
PSMD12	0.022622354	0.762775437	0.641269066	0.478333707	25.4715185	0.192959709388123	0.117603300611764
MCU	0.032177283	0.762775437	0.641361083	0.478200461	24.56385426	0.192897396061961	0.117603300611764
C1orf198	-0.101605335	0.762887907	0.641563494	-0.477976504	22.22746798	0.192760356078969	0.117539269315921
KIF18A	-0.071888545	0.764003647	0.642609796	-0.476393138	20.16868767	0.192052658310928	0.1169045682984
U2SURP	-0.033424542	0.76419642	0.642879968	-0.476002322	26.07842868	0.191870106549291	0.116795001164604
CSNK2A1	0.039637776	0.764646364	0.643366576	0.47529862	25.33420785	0.19154150519317	0.11653937226142
ZC3HAV1	0.034991471	0.764707118	0.643525795	0.475068421	23.86130848	0.191434040210045	0.116504867318936
COX7A2L	0.081373672	0.764896664	0.643793432	0.474681533	20.66107731	0.1912534583132	0.116397233193999
DHRS7	0.025105349	0.765103755	0.644075892	0.474273299	26.03569113	0.191062956343724	0.116279666586847
MGMT	-0.054122598	0.765155349	0.644227489	-0.474054234	22.68931691	0.190960747901445	0.116250381363908
RBMX2	0.09539403	0.765661797	0.644912748	0.473064301	18.43537151	0.190499038272247	0.115963021661451
FXN	-0.043764486	0.765661797	0.644978368	-0.472969532	21.54265764	0.190454850970585	0.115963021661451
UBE2L3	-0.029403073	0.765661797	0.645077223	-0.472826771	26.18638514	0.190388292317776	0.115963021661451
S100A1	0.04446939	0.765661797	0.64508684	0.472812884	22.9327451	0.190381817776821	0.115963021661451
NFX1	0.295247522	0.765947046	0.645435446	0.473330745	19.7825883	0.19014718770885	0.115801254420857
NCOA6	0.193688153	0.767566717	0.647017294	0.470175258	18.94598126	0.189084111003026	0.11488386527662
EEF1E1	-0.032093932	0.767566717	0.647002389	-0.470048624	24.20799286	0.18909411573377	0.11488386527662
TIMM23	-0.178241445	0.767797652	0.647360862	-0.470216589	21.55871988	0.18885356061963	0.114753220331407
DCAF11	-0.105370505	0.767797652	0.647429035	-0.469433467	19.15757779	0.188807827859727	0.114753220331407
HSBP1	-0.145216276	0.767807911	0.647546225	-0.46941233	20.87538666	0.18872922408706	0.114747417503914
LDLR	-0.281479075	0.767823145	0.647667615	-0.470170895	20.32886748	0.188647818213088	0.114738800795999
HAS1	0.035909115	0.767842069	0.647792121	0.468910104	25.08595242	0.188564338553431	0.114728097175573
AARSD1	0.035308765	0.768822667	0.648835327	0.467407156	22.49413704	0.187865512213231	0.114173820958783
BORCS6	0.114569557	0.768822667	0.648836772	0.467405075	16.89262775	0.187864545011229	0.114173820958783
CIAO2B	-0.05008859	0.768998255	0.649093664	-0.467035143	23.40234212	0.187692630128262	0.114074645692367
MGME1	-0.044256669	0.769100772	0.649324202	-0.466703219	21.20711442	0.187538409541896	0.114016752713195
REPS1	-0.051861143	0.769100772	0.649397641	-0.466597496	22.82345338	0.187489293324036	0.114016752713195
PTBP2	-0.166777346	0.770683767	0.650843204	-0.464594906	19.46121506	0.186523625624523	0.113123788511812
PEX3	-0.073662792	0.771045466	0.651257656	-0.46392163	20.07511995	0.186247158219851	0.112920012285314
EPS15L1	-0.028920533	0.771111484	0.651426413	-0.463679027	24.07152516	0.186134636333637	0.112882828971224
CEP95	0.079572125	0.771111484	0.65153143	0.46352807	20.66138167	0.186064628997713	0.112882828971224
IPO11	-0.032051872	0.771708207	0.652216484	-0.462543619	25.70024625	0.185608229112134	0.112546881069393
LBH	-0.053966175	0.771708207	0.652253798	-0.46249001	21.49042434	0.185583383372793	0.112546881069393
COX7B	0.054550066	0.77196595	0.652683355	0.461872978	21.15682461	0.185297462719722	0.112401855173634
DPM3	-0.045036926	0.77196595	0.6526899	-0.461863579	23.10094551	0.185293107708812	0.112401855173634
QKI	0.316476363	0.772287569	0.653070998	0.462305236	18.45657217	0.185039602241743	0.11222095565516
SART1	-0.053484684	0.772731173	0.653555359	-0.460620975	24.47870496	0.18471761988151	0.111971567386387
MSTO1	0.364125336	0.773358592	0.65452331	0.460448436	19.63606379	0.184074882002293	0.111619085104093
NAA38	0.062001841	0.773358592	0.654372117	0.45944899	20.16705983	0.184175214365811	0.111619085104093
MRPS9	-0.031592231	0.773358592	0.654384287	-0.459431533	23.35394129	0.184167137440528	0.111619085104093
SMPD2	0.173443265	0.773358592	0.654503949	0.459325347	18.6158011	0.184087728756105	0.111619085104093
SLC39A9	0.411709698	0.774281555	0.655413904	0.459166827	18.42997702	0.183484349700018	0.111101086412734
FUBP3	-0.028018821	0.77474719	0.655917574	-0.457233218	25.86818427	0.183150732889735	0.110839990267392
LYRM4	-0.10230399	0.775065834	0.656296911	-0.456689717	17.62360544	0.182899639836954	0.110661407005155
CIAO1	-0.063903118	0.775553408	0.656871673	-0.455866491	23.35796632	0.182519466287284	0.110388289402893
CWC22	-0.099541532	0.775553408	0.656929039	-0.455784344	20.73379821	0.182481540082743	0.110388289402893
UBA7	0.247074186	0.775632475	0.657105658	0.456734532	22.06658367	0.182364793306213	0.110344015712413
NAP1L1	0.020483418	0.775902393	0.657444013	0.455047061	26.68565022	0.182141225165867	0.110192908700168
COG4	-0.191271954	0.776457977	0.658024536	-0.455157091	21.62865551	0.181757912387958	0.109882043928818
PNN	0.037412329	0.776617251	0.658269301	0.453866055	25.36733022	0.18159639816203	0.109792966698938
SYNC	-0.173333742	0.776902519	0.658620923	-0.45342741	18.06420381	0.181364476783677	0.109633470409224
PELP1	-0.038506233	0.776945292	0.658767015	-0.453154141	25.38025397	0.181268154435673	0.109609560631513
CCDC43	-0.025589233	0.777033038	0.658951257	-0.452890669	23.79059096	0.181146709228216	0.109560515412652
DCAF10	-0.059768161	0.777214184	0.659214745	-0.452513932	17.76986193	0.180973087111126	0.109459282214405
XRN1	0.061814915	0.777400262	0.659482467	0.45213121	22.53174287	0.18079674611666	0.109355317338487
PDCD2L	-0.097169404	0.77759741	0.659922017	-0.451643278	22.72262168	0.180507382015056	0.109245194615451
MACF1	-0.023793568	0.77759741	0.659770528	-0.451719493	25.27765698	0.180607088325146	0.109245194615451
CMC1	-0.093885555	0.77759741	0.660083861	-0.451271747	21.51928633	0.180400885585528	0.109245194615451
TCEA1	0.029587954	0.77759741	0.660089405	0.451263826	26.15722225	0.180397237990671	0.109245194615451
DTNBP1	-0.2036071	0.777815948	0.660714735	-0.450623135	19.29655034	0.179986007619058	0.109123156512046
MME	0.197931496	0.777815948	0.660572249	0.450713928	18.79630352	0.180079675209124	0.109123156512046
ARHGEF12	0.157232844	0.777815948	0.660564123	0.450622722	18.16051355	0.180085017696145	0.109123156512046
LTBR	0.107612534	0.777815948	0.660652961	0.450458764	17.18979617	0.180026614192725	0.109123156512046
ATP6AP2	-0.060115195	0.777930509	0.660922019	-0.450074513	22.56400665	0.179849779116253	0.109059195948283
FBXO30	0.096860725	0.778402672	0.661463079	0.449302023	17.82567052	0.179494391890782	0.108795681947228
SLIRP	0.022505272	0.778402672	0.661543238	0.449187601	25.82380417	0.179441765367431	0.108795681947228
EIF1	0.039808103	0.778411222	0.66169282	0.4489741	25.30281304	0.179343577841364	0.10879091166886
NAGK	0.023538889	0.778411222	0.661850408	0.448749195	25.38714992	0.179240159082249	0.10879091166886
MELTF	0.09177326	0.778411222	0.66188062	0.448706081	19.71123301	0.179220334956937	0.10879091166886
STK4	0.045698605	0.778513691	0.662077801	0.448424709	22.59075869	0.179090973461121	0.108733745493461
PRUNE1	0.039068316	0.778634727	0.662290805	0.448120802	22.79664857	0.178951274494833	0.108666230712711
DOCK1	-0.068948437	0.77888061	0.662610052	-0.447665393	18.17024849	0.178741980022096	0.108529107657234
CCDC85C	0.103162557	0.779034174	0.662941877	0.447192148	20.65525177	0.178524546413778	0.108443490653378
SLC35C1	0.07105289	0.779034174	0.662960946	0.447164955	18.21622701	0.178512054455344	0.108443490653378
TRIM27	-0.075317202	0.779581291	0.663536747	-0.446344016	18.44669643	0.178135020685892	0.108138591967139
HIP1R	-0.103095604	0.78042634	0.66436633	-0.446060403	24.4406095	0.177592385651314	0.107668081251369
MRPS18B	0.056160797	0.780741746	0.664745199	0.44462213	22.30251029	0.177344790597128	0.10749259843379
KIFAP3	-0.086503295	0.781849191	0.665798633	-0.443122272	20.87185817	0.176657100860286	0.106877008874616
ALDOC	-0.076420657	0.783392174	0.667225286	-0.441092726	22.49786632	0.175727503494147	0.106020771319672
MRPS12	-0.098771423	0.783392174	0.667334074	-0.440978288	21.76802918	0.17565669955748	0.106020771319672
DNAAF2	-0.06515565	0.783457404	0.667500392	-0.440701585	20.22255407	0.175548474917115	0.105984610823516
NDUFB3	0.042178659	0.78366749	0.667993248	0.440001034	22.50330741	0.175227927301643	0.105868169317902
VLDLR	-0.05111261	0.78366749	0.668016684	-0.439967727	21.04200186	0.175212690700125	0.105868169317902
GOSR1	0.049372613	0.78366749	0.668102485	0.439845793	21.0462615	0.175156912889645	0.105868169317902
SNX17	-0.060408017	0.78366749	0.668122509	-0.439817337	19.32070177	0.175143896649498	0.105868169317902
CHDH	-0.070992179	0.783826978	0.668408978	-0.439410288	19.35025574	0.174957725341076	0.105779792918517
LRSAM1	0.036187244	0.783826978	0.66848009	0.439309254	22.35547312	0.174911523229075	0.105779792918517
GINS4	-0.074555335	0.78446335	0.669137964	-0.438374805	22.06514666	0.174484329427122	0.105427341770573
PDE4DIP	-0.047742033	0.78446335	0.669244602	-0.438223374	23.99866686	0.174415123063806	0.105427341770573
UFM1	0.035123785	0.78539409	0.670149665	0.436938575	24.1401519	0.173828195172319	0.104912371069223
PRR36	-0.059974652	0.78571828	0.670537356	-0.436388455	20.83054173	0.173577022357129	0.104733142730404
DNAJC17	0.059913326	0.785745704	0.670671835	0.436197668	21.68984881	0.173489931561421	0.104717984773245
CDK18	-0.368288367	0.785759774	0.670905998	-0.436999598	19.57848427	0.17333832544913	0.104710208124107
RMDN1	0.069635582	0.785759774	0.670797324	0.436059298	23.20121314	0.173408678585856	0.104710208124107
MAGT1	0.035643158	0.786216217	0.671406866	0.435155167	23.30385834	0.173014221844834	0.104458002386985
NDUFC2	-0.100823141	0.786990224	0.672179097	-0.434193543	22.43715789	0.172514997071399	0.104030662417587
NUDC	-0.020400774	0.787313029	0.672566106	-0.433512032	26.62722594	0.172265022760411	0.103852561493348
LPIN1	-0.12999415	0.788630714	0.67390839	-0.431650125	20.19819149	0.1713991367311	0.103126312907019
ELL	-0.086533983	0.788630714	0.673979844	-0.431509856	18.33074233	0.171353091254693	0.103126312907019
BORCS7	0.055921201	0.788630714	0.674105383	0.431332154	20.66719973	0.171272204832931	0.103126312907019
CNTROB	-0.095922598	0.788630714	0.674137677	-0.431286443	16.99704834	0.171251399821702	0.103126312907019
AKT1	0.027171057	0.789532533	0.675020181	0.430037681	24.36071737	0.170683242923164	0.102629970011251
LAMTOR1	-0.062999593	0.790131799	0.675686336	-0.429095533	22.89374595	0.170254863463366	0.102300459590328
PHAX	-0.046162818	0.790131799	0.675843276	-0.42887363	22.82400217	0.170154002667286	0.102300459590328
RPL3	-0.022490346	0.790131799	0.675989667	-0.428666664	28.54660225	0.170059942518688	0.102300459590328
RTKN	0.07738414	0.790131799	0.67609396	0.428519227	21.82847642	0.169992943889925	0.102300459590328
ITPA	-0.049728365	0.790131799	0.676261235	-0.428282776	24.0014658	0.169885506716468	0.102300459590328
HECTD4	-0.059393151	0.790131799	0.676296707	-0.428232637	20.85177484	0.169862727220836	0.102300459590328
PAXX	-0.050062011	0.790131799	0.676411619	-0.428070222	23.88903216	0.169788940955659	0.102300459590328
RB1CC1	-0.044486454	0.790131799	0.676426092	-0.428049767	21.38640446	0.169779648571235	0.102300459590328
RSF1	0.046486301	0.790355943	0.676729707	0.427659346	25.73036272	0.16958475849068	0.102177276726687
VAMP7	-0.059916493	0.790400726	0.676879785	-0.427408645	21.64549574	0.169488455904288	0.102152669511459
RNF213	0.053086566	0.790460011	0.677042296	0.427179043	22.39389589	0.169384199341997	0.102120095929525
CEBPZ	0.032319241	0.790575936	0.677253347	0.426880899	23.55207053	0.16924883999721	0.10205640909432
CTDP1	0.081505817	0.790799111	0.677558061	0.426450511	20.08484025	0.16905348349193	0.101933827582962
SLC25A19	0.092779527	0.790799111	0.67766811	0.426295095	20.75339107	0.168982951097313	0.101933827582962
LNPK	0.096801187	0.790997682	0.678010189	0.425812067	20.8685704	0.168763779594254	0.101824789190167
SLC1A5	-0.045292083	0.790997682	0.678061909	-0.425739046	25.07763984	0.168730651988948	0.101824789190167
B3GLCT	-0.061839045	0.79143323	0.67854715	-0.425054072	19.65250367	0.168419969266785	0.101585718913738
DCP2	-0.238492714	0.791564465	0.678771564	-0.425336177	18.91758484	0.168276360014596	0.101513710424221
LRRC8D	-0.061469414	0.791661576	0.679058805	-0.424332042	19.81964177	0.168092615143387	0.10146043341842
INTS7	-0.10722029	0.791661576	0.679218373	-0.424106914	20.26553121	0.167990574848034	0.10146043341842
ATL3	0.018943037	0.791661576	0.679226456	0.42409551	25.85384011	0.167985406581761	0.10146043341842
C11orf54	-0.050587043	0.791661576	0.679302483	-0.423988255	22.74009486	0.16793679796451	0.10146043341842
RSL24D1	-0.105958969	0.791678696	0.679429088	-0.42380966	20.46461314	0.167855863872428	0.101451041727118
ELF2	-0.094637031	0.792019659	0.679833668	-0.423239034	17.71305724	0.167597331273192	0.101264038499826
INIP	0.084998419	0.792035602	0.679959318	0.423061845	21.16697133	0.167517070377058	0.101255296434955
ARAF	-0.352960366	0.792281921	0.680394779	-0.423536207	20.86735285	0.16723902759943	0.101120254081643
DEGS1	0.151118769	0.792281921	0.680394738	0.422576366	20.2438531	0.16723905376964	0.101120254081643
MT-ND4	0.16144563	0.793040544	0.681158375	0.421746109	21.08187647	0.166751899259273	0.100704608917751
PPP1CC	0.048216414	0.793917886	0.682024172	0.420152063	21.59632961	0.166200232997208	0.100224413821323
MTX2	0.093392015	0.794319337	0.68248133	0.419635618	22.75518602	0.165909224710476	0.10000486480781
CWC15	0.088796273	0.794320092	0.682594267	0.419387027	22.07586023	0.165837363611907	0.100004452011391
MFSD1	-0.073183599	0.795159367	0.683427898	-0.41817611	19.95700291	0.165307296973952	0.0995458206863874
SLC66A3	-0.073506117	0.795496418	0.683830042	-0.417610355	18.14902909	0.165051823708729	0.0993617715753338
AKAP8	-0.071462743	0.795637736	0.684063997	-0.417281283	21.78583818	0.164903266344478	0.099284627071081
TMED3	-0.118561704	0.795798651	0.684314842	-0.416965891	20.57966038	0.164744040554911	0.0991968013843436
PIGT	0.026820638	0.796810361	0.685297461	0.415547133	24.61979861	0.16412087722351	0.0986450273756834
DDX24	0.029643626	0.796846431	0.685441127	0.415345236	24.72670536	0.164029841118141	0.0986253681842646
MRPL49	-0.033760529	0.796961539	0.685652803	-0.415047799	22.3624389	0.163895744222997	0.0985626369515805
PNMA1	0.061087152	0.796974345	0.685776482	0.414874028	19.90565067	0.163817412648835	0.0985556585339526
RFC1	-0.061418011	0.797242078	0.686119561	-0.41439207	22.23334312	0.163600198931479	0.0984097875418601
RAPGEF3	0.052777296	0.797392459	0.686361702	0.414051969	20.24348957	0.163446957493409	0.0983278758095336
NR2F2	-0.07692923	0.797443528	0.686623158	-0.413684799	16.90979992	0.163281553048333	0.0983000623101084
DPAGT1	-0.054986222	0.797443528	0.686641322	-0.413659294	19.04747853	0.163270064329175	0.0983000623101084
ELP3	0.047812788	0.797443528	0.686743847	0.413515333	23.32140451	0.16320522302632	0.0983000623101084
ZMPSTE24	-0.021057658	0.797783881	0.68714973	-0.4129455	25.00223092	0.16294861981443	0.0981147427359735
BANF1	0.045460533	0.798180513	0.687604191	0.412321378	25.07533131	0.16266148491892	0.0978988794082699
PSMB1	-0.028027869	0.798599109	0.688077689	-0.411643247	26.2228624	0.162362523974965	0.0976711786853818
SHMT1	0.028997363	0.798847641	0.688404753	0.411184438	25.2916161	0.162156139805043	0.0975360429419872
GDAP2	0.053860693	0.798959407	0.688691284	0.410782567	21.70736287	0.161975413362375	0.0974752854716727
MECP2	0.117583676	0.798959407	0.688726952	0.410732545	19.63733485	0.161952921405786	0.0974752854716727
FBXO4	0.072018763	0.799675386	0.689457193	0.409708695	19.25350773	0.16149269311541	0.0970862713566157
GRIPAP1	0.087023957	0.799925112	0.689785579	0.409248424	21.26865735	0.161285889449914	0.0969506692174509
FOXK2	-0.054239607	0.80073906	0.690600651	-0.408106407	21.15764546	0.160773016595348	0.0965089861191367
TMED8	0.071896088	0.800742409	0.690716734	0.407943806	21.31028191	0.160700022210409	0.0965071697356842
CDC42BPA	-0.089277636	0.801037523	0.691084535	-0.407428695	20.57473316	0.160468825507823	0.0963471397832268
PPP3R1	0.038029465	0.802408914	0.692381116	0.405613732	25.58802451	0.159654785581212	0.0956042553621293
MIER3	-0.304023451	0.802954891	0.692965735	-0.405685176	17.7079613	0.159288239368465	0.0953088521560156
DDX19A	-0.02925662	0.803140852	0.693239757	-0.404412588	24.84012234	0.159116538643346	0.0952082830126602
SERPINE2	-0.26428753	0.803243751	0.693442125	-0.404936269	18.71195039	0.158989779496236	0.0951526444465646
VAPB	-0.042802919	0.803904112	0.694125858	-0.403228821	26.63417718	0.15856177669325	0.0947957498992657
DDX11L8	0.300395795	0.804482301	0.694819787	0.403085943	17.70778276	0.158127822259263	0.0944835061486543
GADD45GIP1	0.04734014	0.804482301	0.694852539	0.40215817	20.87638487	0.158107351227916	0.0944835061486543
DLG5	0.042794288	0.804969247	0.695386919	0.401411673	21.46379417	0.157773483137302	0.0942207110772519
PRMT6	0.09754906	0.805703504	0.696135117	0.400366888	19.11679077	0.157306457411977	0.0938247476075891
CCDC127	-0.091602157	0.805742066	0.696284253	-0.400158691	17.06770243	0.157213426614652	0.0938039622157321
NDUFB6	0.047353844	0.805742066	0.696505215	0.399850255	22.29444722	0.157075627499538	0.0938039622157321
REEP5	-0.023712257	0.805742066	0.696510141	-0.39984338	24.03486966	0.157072555983336	0.0938039622157321
TAX1BP1	-0.102364889	0.805764138	0.696643125	-0.399657771	19.80389252	0.156989644477522	0.0937920655841443
H3-3A	0.07770082	0.806167845	0.697220084	0.399669071	26.47218067	0.156630111170843	0.0935745282092171
FNBP1	-0.098625765	0.806167845	0.697212081	-0.398983067	22.27046438	0.156635096223291	0.0935745282092171
SUCLG1	0.037554303	0.806339547	0.697482569	0.398486483	24.4083016	0.156466641504842	0.0934820396640067
ATN1	-0.070220381	0.807550356	0.698644073	-0.396866782	17.80127757	0.155744020964394	0.0928303870760308
TMEM254	0.085071454	0.808055807	0.699195589	0.396098093	18.29236073	0.15540132018916	0.0925586443798692
DNAJC21	-0.064257608	0.808600459	0.699781172	-0.395282195	20.82044206	0.155037746629486	0.0922660164761133
EEF1B2	-0.045884821	0.808645316	0.699934304	-0.395186667	27.40659673	0.154942721056063	0.092241924717296
ZNFX1	0.123755971	0.808730984	0.70012278	0.39480636	18.97777602	0.154825791413406	0.0921959179349406
COA1	0.185199501	0.808747618	0.700251507	0.394839596	18.31799275	0.154745947865222	0.0921869854465562
NPTN	0.026200285	0.809199153	0.700756858	0.393923389	23.69733718	0.154432643297276	0.0919445804830652
CDS2	-0.219690424	0.809771369	0.701366862	-0.393521234	18.14793564	0.15405475740308	0.0916375825998697
POLR2C	-0.051891138	0.809863898	0.701561488	-0.392803394	21.65166987	0.153934259448388	0.091587960521395
CSPG4	-0.462439622	0.810151295	0.701924977	-0.393286738	16.37661921	0.153709303562601	0.0914338694572318
KATNB1	0.162642039	0.810203568	0.7020848	0.392191911	19.14474676	0.153610429255003	0.0914058485884964
USP28	-0.076017346	0.810556431	0.702617467	-0.391334337	18.61354297	0.15328105789238	0.091216744148254
MED22	0.081442758	0.810556431	0.702625618	0.391323002	20.76696558	0.153276019711642	0.091216744148254
DHTKD1	-0.051906276	0.810556431	0.702734322	-0.391171827	21.12747051	0.153208834720649	0.091216744148254
TRAPPC10	0.054324493	0.811264721	0.703559309	0.39002483	20.50046636	0.152699286309215	0.090837409524625
TMEM50A	-0.056883987	0.811264721	0.703577759	-0.389999184	20.44946254	0.152687897606048	0.090837409524625
STAU2	0.067950511	0.811767361	0.704163053	0.389185779	21.87207208	0.152326765830978	0.0905684144902279
GLO1	0.017465632	0.811767361	0.704243186	0.389074437	28.17437381	0.152277346396738	0.0905684144902279
DRP2	0.043172532	0.812048774	0.704602117	0.388575777	21.08022918	0.152056056300906	0.0904178849916903
PRMT5	0.024866639	0.812164912	0.704817698	0.388276322	25.79842388	0.151923199307643	0.090355777286208
ADD2	0.049109637	0.812434018	0.705166083	0.387792472	18.5313107	0.151708584518174	0.0902119002347612
C1orf52	-0.203831141	0.813108345	0.70586632	-0.387170135	18.98989295	0.151277539718008	0.0898515817114633
HLCS	0.149878952	0.813328024	0.706171999	0.386651183	20.48138434	0.15108950699507	0.0897342634076076
MLST8	0.293642688	0.813365612	0.706345402	0.387072678	18.43624091	0.15098287755975	0.0897141929276753
UQCC2	0.044248608	0.813365612	0.706434594	0.38603154	21.27844549	0.150928041571711	0.0897141929276753
GRPEL1	-0.033229973	0.813722216	0.706932968	-0.385340054	24.91142275	0.150621764432043	0.0895238268647754
ZC3H7A	0.070393587	0.813722216	0.707020654	0.385218413	21.15137128	0.150567899092478	0.0895238268647754
GNAS	-0.040067353	0.813722216	0.707089407	-0.385123039	25.14100925	0.150525668930398	0.0895238268647754
PPP2R5A	0.055403007	0.814097338	0.707530454	0.384511313	19.90585224	0.150254862207196	0.0893236653454915
SIGIRR	0.08359513	0.814861178	0.708309497	0.383431168	21.13880011	0.149776935150581	0.088916372565335
ASCC1	0.030193907	0.815037803	0.708578243	0.383058663	22.74912172	0.14961218687457	0.0888222473906333
SHKBP1	0.088525004	0.81552862	0.709120235	0.382307588	17.80559984	0.149280121699985	0.0885607933116635
ARHGAP10	0.085192189	0.815623369	0.70931792	0.3820337	18.17757766	0.149159068124391	0.0885103394383401
GOLIM4	-0.163284254	0.815949325	0.709799321	-0.381570372	19.68112131	0.148864420437981	0.0883368125160679
TTPAL	0.043915542	0.815949325	0.709832081	0.381321485	21.41170145	0.148844376520652	0.0883368125160679
STK10	-0.22414488	0.816050702	0.710035634	-0.381560449	18.04904359	0.148719855138348	0.0882828572819746
ACAT1	0.052108646	0.816273121	0.710619153	0.380343851	24.71144937	0.148363091344137	0.0881645041174772
DSEL	-0.065348149	0.816273121	0.710462058	-0.380449127	19.0739515	0.148459110475745	0.0881645041174772
CINP	-0.05781825	0.816273121	0.710580137	-0.380285652	18.24709316	0.148386936604446	0.0881645041174772
MRPS18C	0.056756287	0.816273121	0.710748703	0.380052298	20.66785716	0.148283924153112	0.0881645041174772
PHLDB1	-0.118186689	0.816273121	0.71080611	-0.379985213	19.61808546	0.148248847709899	0.0881645041174772
LZIC	0.027379461	0.81644593	0.711072006	0.379604798	24.88566475	0.148086418644276	0.0880725715889047
MAP7D1	-0.043820439	0.816688896	0.711495061	-0.379019349	22.69858948	0.147828110320232	0.0879433491974784
HAUS7	0.067039864	0.816688896	0.711514513	0.378992433	18.2001189	0.147816237039241	0.0879433491974784
PCDH1	-0.044029478	0.816974363	0.711878707	-0.378488557	19.65967536	0.147593997048533	0.087791571597726
GRAMD1A	-0.186595004	0.817193887	0.712532074	-0.378346469	20.9797445	0.147195581498127	0.0876748907572817
SCRN1	-0.03245389	0.817193887	0.712244238	-0.377982935	24.93666163	0.147371055482556	0.0876748907572817
CSTF3	-0.032266454	0.817193887	0.712393542	-0.377776439	23.3683866	0.147280026163421	0.0876748907572817
CAMSAP3	-0.038902411	0.817193887	0.712499817	-0.377629465	21.28649217	0.147215242864576	0.0876748907572817
NOL3	0.072312015	0.81744798	0.712869181	0.377118718	21.68598888	0.146990160446157	0.087539875019698
OXCT1	0.023066638	0.817492942	0.713023954	0.376904733	24.23575875	0.146895879804135	0.0875159882257014
PLEKHF2	-0.036192738	0.817525215	0.71316767	-0.376706053	22.429231	0.146808352903931	0.0874988434793189
LYAR	0.056606437	0.818438004	0.714195334	0.375318507	23.57939188	0.146182991478258	0.0870142124529309
TBCA	0.026021205	0.818438004	0.714155865	0.37534035	27.13226487	0.146206992814796	0.0870142124529309
IFT122	0.080357829	0.818860396	0.714679684	0.374645916	21.7575978	0.145888563291444	0.0867901329340482
UNC13B	0.212487832	0.818908111	0.715184381	0.374355413	17.73671835	0.145581978719385	0.0867648273293533
ASPM	0.206802694	0.818908111	0.715044178	0.37443495	17.19351259	0.145667125095547	0.0867648273293533
NAV1	-0.113852655	0.818908111	0.715000106	-0.374174189	19.15279477	0.145693893814008	0.0867648273293533
POLR3H	-0.05619124	0.818908111	0.715177116	-0.373929753	20.52398717	0.145586390400512	0.0867648273293533
SYNRG	-0.086779189	0.819015704	0.715394124	-0.373630113	20.16491299	0.145454631317125	0.0867077708950666
APH1A	0.079666536	0.819016147	0.71551029	0.373469731	19.34877895	0.145384116120719	0.0867075359882113
EIF2B1	0.018024728	0.819017347	0.715627117	0.373308445	24.79241438	0.145313211228845	0.0867068996723116
TMEM102	-0.063860445	0.819063039	0.715782825	-0.373093497	19.97402943	0.145218726590349	0.0866826715774734
CCDC124	-0.029692482	0.819137548	0.715963735	-0.372843783	23.0406382	0.145108975022111	0.0866431662228407
CUL2	0.026368671	0.81986409	0.716852085	0.371617935	24.84846587	0.144570447254552	0.0862581352444417
SIPA1L2	-0.081327148	0.81986409	0.71692711	-0.371514434	20.62295315	0.144524996820276	0.0862581352444417
SDE2	0.032918765	0.81986409	0.71694646	0.371487741	23.19268653	0.144513275287219	0.0862581352444417
RGPD5	-0.085031514	0.820050819	0.717225674	-0.371102593	19.16298017	0.144344172711416	0.0861592333145712
DENND3	-0.102208326	0.820375807	0.717625883	-0.370550648	17.10027776	0.144101905748025	0.0859871555212773
ARIH2	0.046232114	0.820728702	0.718050599	0.369965036	22.2206746	0.143844951172438	0.0858003784419225
ELP1	-0.027558669	0.821324275	0.718687767	-0.369086745	23.70302458	0.143459747336951	0.0854853410071556
NOTCH2	0.072347247	0.821493643	0.718952099	0.368722471	21.22519449	0.143300044016253	0.0853957929358013
COMMD9	-0.036442244	0.821676308	0.719228117	-0.36834215	23.55827523	0.143133342938816	0.0852992351794775
EDEM2	-0.259687417	0.821699193	0.719828937	-0.368267482	18.44250517	0.142770698768381	0.0852871395516518
ATP5MF	-0.150152229	0.821699193	0.719539112	-0.368034954	19.81059888	0.14294559413306	0.0852871395516518
ABCB9	0.081757652	0.821699193	0.719657269	0.36778281	21.8877048	0.142874283596304	0.0852871395516518
APOO	0.039055535	0.821699193	0.719729108	0.367651985	21.45838541	0.142830932788196	0.0852871395516518
NCK1	-0.048234449	0.821699193	0.719741021	-0.367635577	22.68496758	0.14282374437899	0.0852871395516518
SRPRB	0.031795985	0.821777746	0.72001392	0.367259713	24.03267372	0.142659107289912	0.0852456237461624
DNAAF10	-0.085202985	0.821853861	0.720225524	-0.367041828	21.97109833	0.142531491773488	0.0852054002260343
XIAP	0.166102912	0.821853861	0.720777686	0.366571951	20.28910277	0.142198666808507	0.0852054002260343
SLC39A10	0.052730031	0.821853861	0.72044207	0.366670136	23.07326381	0.142400934615157	0.0852054002260343
NELFE	0.029059993	0.821853861	0.720585147	0.366473144	22.72554448	0.142314693979229	0.0852054002260343
PWWP2A	0.065983206	0.821853861	0.720596808	0.366457089	20.10316974	0.142307665986773	0.0852054002260343
ATAD3A	0.029534742	0.821853861	0.720744319	0.366254011	26.0537258	0.142218772091576	0.0852054002260343
ANOS1	0.101551445	0.822056035	0.721071204	0.365804044	17.13018759	0.142021847655842	0.085098578005132
HMBS	0.090069182	0.822319044	0.721532176	0.365276327	22.18019531	0.141744297214049	0.0849596518442778
TSFM	-0.02316358	0.822319044	0.721534395	-0.365166584	24.65590524	0.141742961586886	0.0849596518442778
CHERP	0.026032832	0.822431488	0.721749318	0.364870853	24.49327971	0.141613617823379	0.0849002704270366
TMF1	0.047584487	0.822588007	0.722002959	0.364521892	22.41316432	0.141461022548451	0.0848176266183464
HPS3	0.045780849	0.822807352	0.722311797	0.364097054	21.17059207	0.141275292061812	0.0847018364246081
ZC2HC1A	-0.145474821	0.82299604	0.722593781	-0.363942256	20.28984098	0.141105780505342	0.0846022544721602
AXIN1	-0.054925469	0.823048005	0.722870959	-0.36332805	16.69309225	0.14093922247864	0.0845748334407144
CLN3	0.096892947	0.823048005	0.722872103	0.363326477	19.16857623	0.140938535174097	0.0845748334407144
TOP2B	-0.082885791	0.823138587	0.723068021	-0.363163015	22.65698428	0.140820845505744	0.0845270390254389
U2AF2	0.029334444	0.823232357	0.723266765	0.362783845	25.88975468	0.140701490811533	0.0844775680435068
DDX41	0.070341363	0.823433561	0.723563904	0.362481055	23.13788127	0.140523106661076	0.0843714362697006
PROSER2	0.047070506	0.823433561	0.723676343	0.362220826	22.56173145	0.140455624240724	0.0843714362697006
TRIM44	-0.057449107	0.82355818	0.72414245	-0.361580251	22.43194837	0.140175992969119	0.0843057148179212
DOP1B	0.047284149	0.82355818	0.724181479	0.36152662	21.51432219	0.140152586493539	0.0843057148179212
UCHL3	0.034249189	0.82355818	0.724241472	0.361444184	23.5657594	0.140116609945598	0.0843057148179212
STXBP3	0.030780795	0.82355818	0.724251546	0.361430342	22.7712018	0.140110569070625	0.0843057148179212
RPIA	0.085737484	0.824612545	0.725345581	0.359927511	20.83713918	0.139455030445622	0.0837500624732575
ACOT11	-0.076954114	0.824612545	0.725411912	-0.359836424	19.56881672	0.139415317140761	0.0837500624732575
NIPSNAP3A	-0.039397751	0.824687183	0.725594152	-0.359586182	22.65593286	0.139306226174484	0.0837107550374869
NPEPL1	0.109018182	0.825573179	0.726490393	0.358428078	20.67295522	0.138770124373082	0.0832444247303196
PREB	0.033228656	0.826512351	0.727467514	0.357015184	21.96042168	0.138186395889204	0.0827506521577878
WTAP	-0.037479755	0.826512351	0.727550524	-0.356901319	22.9111842	0.138136842159916	0.0827506521577878
TAF12	0.049229491	0.828282901	0.729226167	0.354603916	18.81778573	0.137137755842879	0.0818213040859571
SYNJ1	-0.055877473	0.828300491	0.729363159	-0.354416181	17.18073368	0.137056177198665	0.0818120811998968
FAF2	0.023491764	0.828300491	0.729475835	0.354261779	24.697337	0.136989090199563	0.0818120811998968
GRK2	-0.043871101	0.828359862	0.729712375	-0.353937674	20.97030397	0.136848288599132	0.0817809529150321
IL1RL2	-0.084650817	0.828359862	0.729833208	-0.353772125	17.34725998	0.136776379772354	0.0817809529150321
PAPOLG	0.10320577	0.828359862	0.729879421	0.353708813	17.78198363	0.136748881139403	0.0817809529150321
GBE1	0.035061849	0.82897522	0.730538807	0.352805615	24.11462016	0.136356708931178	0.0814584513292293
SC5D	-0.137214456	0.828987481	0.730709408	-0.352642768	18.70354627	0.136255301008166	0.0814520279221894
FMNL2	-0.052896177	0.828987481	0.730783988	-0.352469856	20.01550998	0.136210976918058	0.0814520279221894
COMMD1	0.033227962	0.828993877	0.730906816	0.352301668	21.72449277	0.136137988126444	0.0814486771637591
MED30	0.076916025	0.829457139	0.731483488	0.351512172	20.4142412	0.135795472889897	0.0812060506000955
MAPK3	-0.035738071	0.829457139	0.731549773	-0.35142144	23.69451535	0.135756120114372	0.0812060506000955
BAZ2A	0.048695834	0.829684303	0.731918644	0.350916575	20.93379291	0.135537190014664	0.0810871263543306
FSTL1	-0.039988911	0.829684303	0.731984695	-0.350826183	24.61777357	0.135497999469661	0.0810871263543306
FAM83G	-0.061220485	0.829867306	0.732263461	-0.35044472	21.77655784	0.135332636055667	0.0809913448276063
EED	-0.066357215	0.832026492	0.734286315	-0.347678289	19.96673662	0.134134565725684	0.0798628454084998
PPP2R2A	-0.02757677	0.832188085	0.734546565	-0.347322582	23.48229643	0.133980667836227	0.0797785065865658
NDC80	-0.024190673	0.834272333	0.736504201	-0.344648415	23.92457672	0.132824771610332	0.0786921586991289
CACYBP	0.017790416	0.834499267	0.736822508	0.344213853	26.64598557	0.13263711604832	0.0785740404562684
TJAP1	0.041041531	0.834857183	0.737256549	0.3436214	20.8766599	0.132381360950556	0.0783878118695975
NUP54	-0.031960469	0.834937592	0.737445586	-0.343363411	22.86835887	0.132270019514918	0.0783459849510502
ARHGAP5	0.032665308	0.835324	0.737904959	0.34273658	25.41884115	0.131999571022309	0.0781450405409519
TBC1D22B	0.048196854	0.836348435	0.738928148	0.341340924	19.50116941	0.131397789540518	0.0776127514226435
SRFBP1	0.050069778	0.836448549	0.739134843	0.341059073	19.4919891	0.131276324489206	0.0775607678786402
LZTFL1	-0.033907574	0.836743011	0.739575033	-0.340458925	22.90859708	0.131017758428698	0.0774079064536753
HNRNPK	0.018851106	0.836743011	0.739655722	0.340348929	28.64611849	0.130970378684372	0.0774079064536753
RNF214	-0.059887241	0.836743011	0.7397499	-0.340220551	21.62213846	0.130915084875611	0.0774079064536753
LUC7L3	-0.057127141	0.837056599	0.740145466	-0.339779038	23.77254614	0.130682916927705	0.0772451754567616
BRD7	-0.146627887	0.837329081	0.740504768	-0.339410104	19.87132292	0.130472140776232	0.0771038251914361
RBBP7	-0.015661269	0.837381806	0.740824644	-0.338755942	25.07319453	0.130284579005397	0.0770764793650685
SMARCB1	-0.036773076	0.837381806	0.740894336	-0.338660996	23.02626195	0.13024372530579	0.0770764793650685
RBM45	0.062690632	0.837381806	0.74090652	0.338644396	17.66674267	0.130236583396071	0.0770764793650685
SNX7	0.068349805	0.837411922	0.741051545	0.338446832	21.31749653	0.130151582937655	0.0770608604713507
RPL7L1	-0.043388567	0.837840265	0.741549038	-0.337769213	22.64566276	0.129860124165452	0.0768387721114496
PWP2	0.028094206	0.837903332	0.741723305	0.337531889	23.37351046	0.129758075209732	0.076806082563774
FHL1	0.139282651	0.838376662	0.742260819	0.336896646	19.26496025	0.129443463522748	0.0765608197039672
TTC3	-0.06378856	0.838541502	0.742525299	-0.336439965	17.31402135	0.129288744665404	0.0764754379552756
KIR2DL1	-0.11155264	0.83915307	0.743185466	-0.335637664	20.88663738	0.128902792149129	0.076158812242937
BTC	-0.083966861	0.839321583	0.743515615	-0.335092232	17.96561205	0.128709906177503	0.0760716089406481
CLN6	0.030956858	0.839321583	0.743572548	0.335014772	22.59595915	0.12867665234849	0.0760716089406481
STYX	0.042271523	0.839321583	0.743690653	0.334854089	18.3727337	0.128607676864045	0.0760716089406481
UFD1	-0.043664518	0.839333668	0.743820012	-0.334706507	24.42269866	0.12853214140558	0.0760653557819835
SRPRA	-0.017182891	0.84062255	0.745081056	-0.33296314	24.8027617	0.127796478582357	0.0753989640698028
BIRC6	-0.049006735	0.840981821	0.745518377	-0.332368648	23.11964981	0.127541646736369	0.0752133919841533
CHCHD3	-0.0553855	0.841317127	0.745967741	-0.331786017	23.08393506	0.127279952967831	0.0750402699030267
ALG10	-0.047282698	0.841317127	0.746053483	-0.331641399	20.34633277	0.127230037756292	0.0750402699030267
CLPTM1L	0.0425195	0.841873094	0.746665506	0.330809845	22.31435981	0.126873911481286	0.0747533701741799
DCAF8	-0.054733666	0.842360611	0.747216968	-0.330060786	20.64159387	0.126553274592339	0.0745019490700674
PDHX	0.032995462	0.842402751	0.747373433	0.329848294	23.62263809	0.126462344145691	0.0744802235626353
YWHAZ	0.027197974	0.842924788	0.747996316	0.329030348	30.53328941	0.12610054109919	0.0742111746205705
TLCD3A	0.04789564	0.842924788	0.748074897	0.328895846	17.08333042	0.126054918545374	0.0742111746205705
MTO1	-0.169795074	0.843158757	0.748401729	-0.328671984	17.37822311	0.125865217839195	0.0740906450696002
GEMIN7	-0.117526576	0.843223669	0.748578547	-0.328239928	18.23357521	0.125762623191437	0.0740572114628588
RPL26L1	-0.113452525	0.843264429	0.748733938	-0.328030937	19.51238159	0.125672481080481	0.074036218912592
PDK3	-0.07593618	0.843412742	0.748984853	-0.327660783	17.66065758	0.125526965110993	0.0739598420945879
ZNF281	-0.125413206	0.843688798	0.749349268	-0.327208885	18.15930387	0.125315712594581	0.0738177171593381
ARHGEF11	-0.036116817	0.843772612	0.749662266	-0.326769288	25.54509144	0.125134348671571	0.0737745754821175
LIN7C	-0.023467614	0.843772612	0.749628249	-0.326787841	24.10679813	0.125154055853395	0.0737745754821175
MAU2	-0.066431631	0.844046041	0.750024515	-0.326250332	19.8874073	0.124924541201334	0.0736338628448681
STOM	0.146338408	0.844056332	0.750152977	0.326244043	19.40546049	0.12485016288521	0.0736285677578109
ZNF317	0.146256297	0.844974074	0.751088066	0.32490071	18.44376648	0.12430913844786	0.0731566161289724
RAD21	0.05492671	0.844990568	0.751222177	0.32471885	23.81735094	0.124231599646952	0.0731481387289053
RBM28	0.030791636	0.845909738	0.752158927	0.323356878	23.36814472	0.12369038570261	0.0726759754714564
LITAF	-0.136751042	0.846018225	0.752374987	-0.323156069	18.49062682	0.123565651171162	0.0726202812497719
HEG1	-0.043779417	0.846448117	0.752924131	-0.322320262	22.59772874	0.12324878362411	0.0723996568003558
LGALS8	-0.071541821	0.846448117	0.752996607	-0.322222099	19.52775303	0.123206980724262	0.0723996568003558
PARK7	0.021412451	0.846930306	0.753740083	0.321215308	29.26478858	0.122778388850744	0.0721523263457451
UBL5	-0.040346129	0.846930306	0.753903288	-0.320994348	23.86045706	0.122684362594191	0.0721523263457451
REXO2	-0.024315946	0.846930306	0.754005826	-0.320855534	23.27775481	0.122625298440735	0.0721523263457451
BABAM2	-0.037001873	0.846930306	0.754046983	-0.320799816	22.12567606	0.122601593358407	0.0721523263457451
NSUN4	0.066549051	0.846930306	0.75417681	0.32062407	20.19421863	0.122526825740891	0.0721523263457451
TFAP2B	-0.118154927	0.846930306	0.754368734	-0.320455293	19.76447759	0.122416319916356	0.0721523263457451
PRKDC	0.021509088	0.846930306	0.754202385	0.320589451	29.71455137	0.122512098566965	0.0721523263457451
TJP2	0.0182827	0.846930306	0.754383356	0.320344493	24.70493071	0.122407902027219	0.0721523263457451
TBC1D2B	-0.07083322	0.847124998	0.754676525	-0.319947709	18.28526147	0.122239158981074	0.0720525023772556
EIF3A	-0.016653238	0.847297297	0.754949797	-0.319577903	27.50777668	0.122081927325498	0.0719641790526438
CCT7	0.012240199	0.847364152	0.755129151	0.319335217	27.99157531	0.121978763907484	0.0719299129074856
MSLN	-0.370639081	0.847386916	0.755269226	-0.319913189	21.25918498	0.121898210590354	0.0719182459673983
TNPO1	-0.013252235	0.847625963	0.75560211	-0.318695349	26.18356297	0.121706837992029	0.0717957492064709
SMAD2	0.042673891	0.847735884	0.755822273	0.318397537	20.05070533	0.121580314193986	0.0717394331062866
DAB2IP	0.034877791	0.847735884	0.755956369	0.318216163	23.35560754	0.121503269643441	0.0717394331062866
SCML2	0.046795568	0.847735884	0.756059611	0.318076527	18.65522466	0.121443961499132	0.0717394331062866
MRPL34	-0.032121091	0.847836453	0.756269157	-0.317793136	21.87153098	0.121323611117637	0.0716879147359421
PREP	0.030482106	0.847916292	0.756460238	0.317575815	28.23746554	0.121213894965346	0.0716470200509492
NABP2	0.071614844	0.848209436	0.756899643	0.316940631	20.3907223	0.12096169960246	0.0714969004922762
SF3B3	-0.015215031	0.848209436	0.757022349	-0.316774744	26.35406499	0.120891298962143	0.0714969004922762
GALE	-0.027802003	0.848209436	0.757081479	-0.316694809	21.74806233	0.120857378127583	0.0714969004922762
SMIM12	0.044032527	0.850493986	0.759240815	0.3137772	20.69300879	0.119620453303599	0.070328753017019
EIF3F	-0.037063741	0.850663233	0.759512154	-0.313471509	25.66896429	0.119465272001459	0.0702423376785655
NFIA	-0.266782312	0.851116016	0.760113482	-0.313347754	19.15932646	0.11912156439393	0.0700112370077174
PDLIM5	-0.023461714	0.851116016	0.760250642	-0.312413749	24.90611086	0.119043204440075	0.0700112370077174
TEP1	-0.043930927	0.851116016	0.760277369	-0.312377672	17.66077298	0.119027936863898	0.0700112370077174
YIF1A	0.032998569	0.851470375	0.760752624	0.311736215	21.81746166	0.118756540991806	0.0698304577399534
TGFBI	-0.057948855	0.851470375	0.76083464	-0.311625531	18.04036507	0.118709722650059	0.0698304577399534
ELP5	0.093351688	0.851707611	0.761167023	0.31117701	17.68153362	0.118520035465633	0.0697094718098603
SPICE1	-0.078271243	0.851864212	0.761427398	-0.310825703	18.86155145	0.118371500274293	0.0696296266874724
AAMP	-0.03070417	0.851927373	0.761604284	-0.310587066	24.64335817	0.118270621723992	0.0695974273574304
HS1BP3	-0.125045246	0.852986685	0.762671867	-0.309551055	21.22170448	0.117662273320217	0.0690577480542347
INTS2	0.053588068	0.853075984	0.762872304	0.308876939	19.93401144	0.117548151834619	0.0690122842343181
SH3GLB1	0.029082789	0.853504628	0.763537931	0.307979624	23.23710397	0.117169383211609	0.0687941196465961
XYLT2	0.087285271	0.853504628	0.763632875	0.30787915	20.70103286	0.117115383154535	0.0687941196465961
DARS1	0.01469998	0.853504628	0.763707846	0.307750608	27.5076598	0.117072747623142	0.0687941196465961
UBE2W	0.045443648	0.853504628	0.763738238	0.307709647	18.12515282	0.117055465078071	0.0687941196465961
NFKB1	0.028707738	0.853512466	0.763865907	0.307537586	22.36683901	0.116982873048885	0.0687901314028215
CDK11A	0.069084931	0.853849147	0.764287927	0.306968892	17.6303994	0.116743000651441	0.0686188511054977
PGAM5	0.026666504	0.853904319	0.764458023	0.30673971	23.9818077	0.116646357053466	0.0685907898008177
ANK2	0.11615301	0.854888337	0.765538649	0.305370075	19.66022625	0.11603287861207	0.0680906078352279
TP53BP2	0.058099651	0.854888337	0.765580664	0.305252982	22.39479801	0.116009043914791	0.0680906078352279
SSH3	-0.034957064	0.855038327	0.765835856	-0.304883896	21.80543524	0.11586430409123	0.0680144176325962
TRANK1	0.052935162	0.855040033	0.765958254	0.304744493	22.91929571	0.11579489949467	0.0680135511151273
MED17	-0.126782964	0.855050521	0.766136807	-0.304998507	21.46108306	0.115693672638775	0.0680082240515801
BTBD10	0.070170717	0.855050521	0.766209394	0.304380969	16.66081154	0.11565252771531	0.0680082240515801
BCAT2	0.024189869	0.855926824	0.767115643	0.303161152	23.87679252	0.115139161043193	0.0675633629997797
COL1A2	-0.055695555	0.855989205	0.767292557	-0.302923082	18.11590225	0.115039014583715	0.0675317122369751
SDC1	-0.054728305	0.856238326	0.767636905	-0.302459751	21.54273046	0.114844154243269	0.0674053366537879
PEX19	-0.026383703	0.856383694	0.767888291	-0.302121547	23.83135046	0.114701954618166	0.0673316104962824
SNRPC	-0.044178463	0.8568528	0.768430049	-0.30143144	23.9335844	0.114395660650889	0.0670937797554213
SCAF4	-0.06917396	0.856869516	0.768566169	-0.301209745	21.01926476	0.114318736369178	0.0670853073599907
BAIAP2	-0.014547384	0.857932177	0.769712833	-0.299668002	25.53333145	0.113671272626403	0.066547043525292
FBXO28	0.050260449	0.857932177	0.769761878	0.299602075	18.9468189	0.113643600885231	0.066547043525292
FST	0.160880929	0.858211599	0.770317599	0.299110996	18.48247436	0.113330179950978	0.0664056201370051
CCP110	-0.067040638	0.858211599	0.770278673	-0.298907486	17.38096096	0.113352126449634	0.0664056201370051
GFM2	-0.038009185	0.858211599	0.770376542	-0.298775965	22.09231032	0.113296949968494	0.0664056201370051
NLN	0.017996981	0.858435491	0.770698869	0.298342844	23.88071498	0.113115278340343	0.0662923352792611
ANKRD40	0.037871544	0.858715276	0.771071449	0.297842272	21.41846955	0.1129053775019	0.0661508112092381
PDLIM1	-0.018201225	0.858856875	0.771350787	-0.297467025	25.34210261	0.112748073035613	0.0660792035455408
MRPL1	0.016952959	0.858856875	0.771448403	0.297335905	23.50492056	0.112693115669188	0.0660792035455408
MAVS	-0.023927641	0.858856875	0.771615994	-0.297110804	23.25607011	0.112598778910535	0.0660792035455408
NDUFAF7	0.053675247	0.858856875	0.771684238	0.297019146	20.95540045	0.112560370320907	0.0660792035455408
RBL2	0.054113616	0.858971541	0.772085974	0.296479634	16.72167195	0.112334337028433	0.066021224750136
COQ7	0.049466756	0.858971541	0.772105473	0.29645345	18.22015958	0.112323369077381	0.066021224750136
HNRNPM	-0.012837571	0.858971541	0.772216888	-0.296303843	28.78039313	0.112260704803383	0.066021224750136
SPC25	0.05907285	0.858971541	0.772357812	0.296114621	20.31496885	0.112181456430692	0.066021224750136
RACGAP1	0.021307955	0.858971541	0.772394398	0.296065499	23.747555	0.112160884719818	0.066021224750136
EP300	0.2014636	0.859111903	0.772642059	0.296434633	20.85041185	0.112021654598592	0.0659502637704264
PLOD3	0.025718603	0.859378901	0.773003668	0.295247565	23.7965629	0.111818445294637	0.0658153130814354
RRP8	-0.110706551	0.860334285	0.773984647	-0.294067559	20.38294901	0.11126765403198	0.0653327697767002
SLC37A3	-0.044894332	0.860462176	0.774221338	-0.293613499	19.35261421	0.111134863438206	0.0652682155345848
DVL3	-0.041130017	0.860720815	0.774575729	-0.29313808	21.88069833	0.110936115569035	0.0651376942687603
SDC2	0.04253831	0.861222062	0.775148554	0.29236978	22.48040842	0.110615058784089	0.0648848533467682
MRPS6	0.046266228	0.861713356	0.77571256	0.291622488	22.98891178	0.110299176591741	0.0646371757185228
NTN1	0.0364985	0.862049435	0.776145345	0.291033279	22.77161833	0.110056942890295	0.06446782845358
RPL7A	0.014572493	0.862049435	0.776292467	0.290836064	28.3021336	0.109974628130291	0.06446782845358
DPY19L1	0.038287751	0.862049435	0.776416491	0.290669822	19.92090562	0.109905248819171	0.06446782845358
BBS2	-0.043469013	0.862049435	0.776502544	-0.290554481	16.79595555	0.109857117085001	0.06446782845358
PARD3	0.035461061	0.86206715	0.776718452	0.290265108	22.86438637	0.109736377468625	0.0644589038520605
MINK1	-0.042535449	0.86206715	0.776868215	-0.290064403	18.90852023	0.109652647032369	0.0644589038520605
ABHD16A	0.039928329	0.86206715	0.77692986	0.289981792	19.63843702	0.109618186848923	0.0644589038520605
FMC1	-0.029043215	0.86206715	0.777005958	-0.289879816	21.82977462	0.109575651061888	0.0644589038520605
SLC12A9	0.097950968	0.862240795	0.777284358	0.289530701	19.22155353	0.109420071909383	0.0643714333213079
NEB	-0.083931679	0.862429106	0.777623583	-0.289052282	17.26327767	0.109230577027948	0.064276594965911
SEC23A	0.023982412	0.862429106	0.777757829	0.288872439	25.0148081	0.109155608538917	0.064276594965911
MEN1	0.083970146	0.862429106	0.778080664	0.288439993	19.83691405	0.108975377156665	0.064276594965911
ITGA1	-0.043911826	0.862429106	0.778095247	-0.28842046	19.39775437	0.108967237567323	0.064276594965911
TMEM181	0.064805034	0.862429106	0.778202109	0.28827733	17.98133888	0.108907596552295	0.064276594965911
CEP55	0.041810742	0.862429106	0.778285946	0.288165042	20.02129788	0.108860811809685	0.064276594965911
COMMD2	0.03007845	0.862429106	0.778310112	0.288132677	22.61125344	0.108847327051842	0.064276594965911
PSME3IP1	0.043673075	0.862429106	0.778429438	0.287972866	21.69137818	0.108780748639996	0.064276594965911
CHAF1A	0.038540573	0.862520508	0.77864659	0.28768206	20.79980195	0.108659614007839	0.0642305699876161
SAR1B	0.028547018	0.862520508	0.778755794	0.287535826	22.75377714	0.108598709138081	0.0642305699876161
SKA3	-0.144568689	0.862779009	0.779111155	-0.287239251	17.03997346	0.10840057755289	0.0641004296176683
PCNX3	0.050700364	0.863069953	0.779562836	0.286455329	16.96761679	0.108148873126559	0.063954002696516
RPP14	-0.050600515	0.863069953	0.779617896	-0.286381625	20.7804919	0.108118200281913	0.063954002696516
PXDN	-0.026448106	0.863834981	0.780431066	-0.285293313	25.11863603	0.107665451317701	0.0635692131761492
GPBP1	0.088144293	0.86383992	0.780557643	0.285123941	18.633218	0.1075950194274	0.0635667300927348
UTP15	-0.042656944	0.863987241	0.780812897	-0.284782413	21.77697179	0.107453021865859	0.0634926709519044
GRB2	0.025081891	0.864524709	0.781420835	0.28396914	24.91934894	0.107115013376273	0.0632225896323945
DPF2	-0.024127426	0.864779079	0.781893095	-0.283337511	22.43116215	0.106852622164467	0.0630948255126082
CANT1	-0.061664744	0.864779079	0.781895249	-0.28333463	20.28961572	0.106851425748958	0.0630948255126082
PSMB7	-0.028151906	0.866248259	0.783346072	-0.281394975	25.67736513	0.106046329953045	0.0623576252314532
ADO	-0.021432609	0.866370187	0.783578803	-0.281083934	24.93768649	0.105917320845559	0.0622965008012024
USP6NL	-0.061916341	0.866750105	0.784147212	-0.280324392	17.55996582	0.105602397318591	0.0621060970601808
POLR2D	0.066887932	0.866750105	0.784167469	0.280297327	20.44052096	0.105591178264881	0.0621060970601808
BAHD1	-0.066024696	0.867601431	0.785060328	-0.279104596	18.61531023	0.105096968591303	0.0616797403428477
NCOR1	0.087606441	0.86765598	0.785232341	0.279379966	22.86306515	0.105001821618399	0.061652435656464
KIF4A	-0.020854694	0.867793954	0.785479882	-0.27854428	24.00833409	0.104864933791768	0.0615833799657196
G6PD	0.015553308	0.868537401	0.786478988	0.277210351	26.65377982	0.104312875733068	0.0612114752040061
PRDX1	0.015859157	0.868537401	0.786507181	0.277172718	30.47211527	0.104297307809369	0.0612114752040061
CSK	-0.047084674	0.868537401	0.786629923	-0.27700888	21.82487113	0.104229537272052	0.0612114752040061
TRMT10C	-0.012542116	0.868537401	0.786643926	-0.27699019	25.37888299	0.104221806353961	0.0612114752040061
RBIS	-0.045210704	0.8688672	0.787162427	-0.276298182	19.85046142	0.10393564391615	0.0610465972159139
AKAP10	-0.041239712	0.8688672	0.787188279	-0.276263683	20.02134201	0.1039213810446	0.0610465972159139
CDH2	-0.035742806	0.869098136	0.787520364	-0.275820552	19.53423467	0.103738207241875	0.0609311815295529
CPQ	-0.048385953	0.8694981	0.788005699	-0.27517303	18.52474061	0.103470641602701	0.0607313626669239
ARRB1	0.115433577	0.869930149	0.788520231	0.27456269	19.13153805	0.103187159533621	0.0605156176362468
RAN	0.010661541	0.870172149	0.788862594	0.274030086	28.20971652	0.102998636669436	0.0603948209849017
ZFYVE1	-0.076043535	0.870932459	0.789674977	-0.272946869	20.17570892	0.102551623571082	0.0600155233171942
ACTR8	-0.093503984	0.87103625	0.789892217	-0.272732685	20.27747146	0.102432165362274	0.0599637705407044
OCIAD2	0.025663089	0.872244373	0.791111097	0.271032818	24.93573148	0.101762523549013	0.0593618235799745
TFIP11	0.030738911	0.872287968	0.791273946	0.270815842	22.58086991	0.101673133899325	0.0593401179715458
NFIX	-0.063079273	0.872326636	0.791432336	-0.270604819	18.18592567	0.101586209491429	0.0593208663855617
SCAF1	-0.069290225	0.873351186	0.792485336	-0.269202244	19.19602464	0.101008765139489	0.0588110856494875
TMEM97	0.03799681	0.873463953	0.792794182	0.268790976	19.79149544	0.100839545624909	0.0587550132182205
CLASRP	0.047458608	0.873463953	0.792834612	0.268737142	18.71025405	0.100817398542346	0.0587550132182205
PIAS3	-0.067171456	0.873943246	0.793393204	-0.26799344	17.38351897	0.100511523899604	0.0585167695959509
KRTCAP2	-0.038069639	0.874353681	0.793889411	-0.267332931	20.91988369	0.100239990693148	0.0583128572556592
DICER1	0.052024615	0.874441302	0.794092582	0.267062523	20.93763069	0.100128860913272	0.0582693377840223
MIEF1	0.049515913	0.874494519	0.794360593	0.26670585	19.4164525	0.0999823086556094	0.0582429081698844
FARP1	-0.033290019	0.874494519	0.794388151	-0.266669177	21.35400045	0.0999672423496517	0.0582429081698844
TP53RK	-0.019853077	0.874550248	0.794562403	-0.266437302	23.35068958	0.0998719886840502	0.0582152327236673
NARS2	0.207837312	0.876142357	0.796132749	0.264965103	20.18045518	0.0990145109666218	0.0574253232422074
TMA7	-0.023393359	0.87677284	0.7968296	-0.26342177	24.96170817	0.0986345414544687	0.0571129118944023
SAMHD1	-0.019165511	0.87720982	0.797350741	-0.262728982	23.5684739	0.098350597834246	0.0568965152207561
UBXN8	-0.055683765	0.878293488	0.798459912	-0.261254939	17.04031832	0.097746883450648	0.056360337259428
CRTC1	0.20241589	0.87919387	0.799527024	0.260442213	19.25156268	0.09716685252346	0.0559153486037366
DUSP11	-0.043086401	0.87919387	0.79946387	-0.259921248	18.20579616	0.0972011584520644	0.0559153486037366
ATP6V0A2	0.099714726	0.879209344	0.799665383	0.259782525	20.38967906	0.0970917039045588	0.0559077049953087
CCDC9	0.122691649	0.879289556	0.799895267	0.259507933	19.03388002	0.0969668729350483	0.055868085261675
MDC1	0.033191888	0.879289556	0.799986936	0.259226588	23.77254419	0.0969171050948529	0.055868085261675
PI4KA	-0.032648856	0.879747358	0.800668786	-0.258321256	22.05307682	0.0965471020937987	0.0556420287357307
TMEM209	-0.043779874	0.879747358	0.800882402	-0.258037672	20.86981074	0.0964312490991626	0.0556420287357307
PCYT1A	-0.020368132	0.879747358	0.80089249	-0.258024281	23.63836905	0.096425778714085	0.0556420287357307
DHPS	0.053279228	0.879747358	0.801018204	0.257878366	21.99298787	0.0963576139945228	0.0556420287357307
DDX27	0.026618507	0.879747358	0.801025266	0.257848028	24.81817014	0.0963537851500643	0.0556420287357307
MBD1	0.04409667	0.879944914	0.801329536	0.257444159	17.94559899	0.0961888494149424	0.0555445145482873
UBXN7	-0.020234573	0.880010107	0.801525722	-0.257183776	23.58217849	0.0960825360129968	0.0555123399076472
DGKA	0.065682502	0.880010107	0.801637706	0.257035158	19.98502804	0.0960218634296642	0.0555123399076472
TCP11L2	-0.062910606	0.880161621	0.801900148	-0.256686885	17.46919186	0.0958797063696946	0.0554375725502958
KIAA0319	0.032867511	0.880649857	0.802469463	0.25593149	21.28776644	0.0955714851572664	0.055196731087425
ATG14	0.045716814	0.881036389	0.802946225	0.25529902	18.3637525	0.0953135393636433	0.0550061537723622
SRSF11	0.014715422	0.881095072	0.803124261	0.255062867	24.07096032	0.0952172546073131	0.0549772277771627
INTS6	-0.068064329	0.881341622	0.803473582	-0.25459956	19.03369996	0.0950283981542006	0.0548557195203541
SUGT1	0.016101533	0.881792633	0.804009398	0.253889018	23.87196386	0.0947388747892519	0.0546335338390375
MRTFB	-0.049787923	0.88197053	0.80429628	-0.253508643	19.75119092	0.0945839399748282	0.0545459260611568
NCEH1	-0.040821283	0.882076501	0.804517612	-0.253215208	20.88015996	0.0944644441557616	0.0544937476103691
ORC1	-0.079709668	0.882084136	0.804649269	-0.253040672	17.80175739	0.0943933789239245	0.0544899884987555
IFT20	-0.036895097	0.882294015	0.805078131	-0.252472192	19.70047045	0.0941619702959733	0.0543866667794907
SIPA1L1	0.035628715	0.882294015	0.805090171	0.252456235	22.922012	0.0941554754400558	0.0543866667794907
DTNA	-0.059481818	0.882558769	0.805456518	-0.251970693	21.0054554	0.0939578996921529	0.0542563655972429
EFCAB14	0.159208014	0.882888272	0.806131658	0.251524423	18.7880877	0.0935940231161994	0.0540942521687357
NFS1	-0.053589971	0.882888272	0.806042641	-0.251212222	21.79741364	0.093641982684788	0.0540942521687357
POP4	-0.028449289	0.882888272	0.806011317	-0.251235509	22.07218575	0.0936588603336848	0.0540942521687357
ARMC8	0.061155646	0.88321566	0.806680291	0.250898072	25.17390573	0.0932985537109431	0.0539332392171265
PRR5	-0.082118491	0.88321566	0.806618336	-0.250431295	17.06604648	0.0933319098598783	0.0539332392171265
COA6	0.065161281	0.883355294	0.806932698	0.250167262	22.41584926	0.0931626859794176	0.0538645838645916
MAP2K4	-0.024087006	0.883781245	0.807446733	-0.249334067	21.77676421	0.0928861183184788	0.0536552189758451
UBQLN4	-0.019816351	0.884006604	0.807777592	-0.248895928	23.84325066	0.0927081984620556	0.0535444905637986
RASL11A	-0.034169989	0.884430368	0.80828984	-0.248217688	18.85351727	0.0924328801395507	0.0533363538043147
EXOC8	0.059611557	0.884930654	0.808933831	0.247478403	22.56076313	0.0920870012639275	0.0530907606751997
EIF4B	-0.017013584	0.884930654	0.808997249	-0.247281248	26.64856027	0.0920529552062086	0.0530907606751997
TAF5L	0.094901974	0.884971471	0.809202306	0.247058197	19.0369079	0.0919428882817961	0.0530707295134529
HELZ	-0.041037633	0.884971471	0.809284768	-0.246900709	20.46665706	0.0918986336291973	0.0530707295134529
PHKB	-0.057052099	0.885304251	0.809740584	-0.246297502	20.36612998	0.0916540934451305	0.0529074504065951
MRPL18	0.026480656	0.885304251	0.809839385	0.246166768	21.89449488	0.0916011059669188	0.0529074504065951
PARS2	0.099957252	0.885957839	0.810659427	0.245148713	19.49440084	0.09116156260744	0.0525869448458161
UQCC3	0.038369368	0.885957839	0.810693056	0.245037358	19.76998612	0.0911435469207992	0.0525869448458161
DFFA	-0.018001894	0.885957839	0.810812984	-0.244878719	26.26986511	0.0910793053238691	0.0525869448458161
GPRC5A	-0.05837404	0.886385885	0.811330026	-0.244261464	22.50253588	0.090802451194816	0.052377168359576
RPL8	-0.0190912	0.886849469	0.811893136	-0.243450218	27.94956726	0.0905011302412466	0.0521500896728904
AURKA	-0.022991325	0.886849469	0.812044653	-0.24324988	22.87482195	0.0904200889628784	0.0521500896728904
AUP1	-0.01963906	0.886849469	0.812130458	-0.243136432	22.88304439	0.0903742014993875	0.0521500896728904
TMEM167A	-0.021699208	0.887125071	0.812508246	-0.242636976	23.01748953	0.0901722227501646	0.0520151470048129
KLHL13	0.03805067	0.887297327	0.812861153	0.242170473	21.63160236	0.0899836310795847	0.051930826799439
HGFAC	0.064338574	0.887297327	0.812916876	0.242096819	18.07172846	0.0899538604823778	0.051930826799439
TTC24	-0.037636591	0.8873642	0.813103583	-0.241850041	19.86249414	0.0898541251810902	0.0518980965300775
MED24	0.044765926	0.887555617	0.813404448	0.241452409	21.55452442	0.0896934570401431	0.0518044231749564
ALDH9A1	-0.013159215	0.887673726	0.813665214	-0.241107806	25.60720135	0.0895542506638182	0.0517466344872681
SRGAP2	-0.023656516	0.887673726	0.813892173	-0.240807905	23.15660496	0.089433128001423	0.0517466344872681
HK1	0.019786331	0.887673726	0.813902355	0.240794452	25.91633695	0.0894276948999613	0.0517466344872681
H2AZ2	0.038475359	0.887673726	0.814092717	0.240542928	22.70055819	0.0893261305058636	0.0517466344872681
SEPTIN8	0.032600988	0.887673726	0.814205609	0.240393773	22.9038737	0.0892659101249337	0.0517466344872681
EFL1	-0.028650049	0.887673726	0.814265593	-0.240314523	23.69458065	0.0892339160433899	0.0517466344872681
MLF2	-0.039004772	0.887811026	0.814517042	-0.239982331	20.70711724	0.0890998245916504	0.0516794656395301
CCNYL1	-0.025091606	0.888141344	0.814945641	-0.239416171	23.51383878	0.0888713588687052	0.0515179125610232
FAM120A	-0.011600347	0.888917777	0.815882242	-0.238179249	25.15336584	0.0883725193590228	0.0511384084860716
SYT9	0.066391135	0.888917777	0.815909405	0.238143383	19.73620046	0.088358060722671	0.0511384084860716
RGL2	0.033592006	0.889039375	0.816146693	0.237830074	18.75157463	0.0882317747820415	0.0510790039718138
TRAPPC4	-0.024792183	0.889289304	0.816501842	-0.237361192	22.194853	0.0880428311728326	0.0509569311654041
OMA1	-0.033744251	0.889784297	0.817082103	-0.236595229	20.28215742	0.087734301988601	0.0507152629916904
CUEDC1	-0.047761078	0.890446082	0.817867484	-0.23555874	19.22799369	0.0873170577341731	0.0503923726620613
RAI14	-0.017980957	0.890446082	0.817941566	-0.235460985	25.3818356	0.0872777213534013	0.0503923726620613
PFKFB2	0.020547218	0.89056438	0.818176125	0.235151492	23.85464354	0.087153197695184	0.0503346793808685
GEMIN2	-0.019833762	0.89081142	0.818529012	-0.234685915	22.25694558	0.0869659228150048	0.0502142240457313
CYTH2	0.264796745	0.891054638	0.818878456	0.234763498	17.73542752	0.0867805546568596	0.0500956649256658
SHFL	-0.059043496	0.89122585	0.819161787	-0.233851208	18.17186012	0.0866303152575468	0.0500122252790277
NHSL1	0.035973085	0.891267659	0.819326206	0.233634347	19.08910094	0.0865431540882678	0.0499918522253189
MAPKAPK2	0.041096031	0.89162677	0.819782374	0.23303275	22.40070699	0.0863014236101861	0.0498169008369887
FBXO22	-0.036038712	0.891664083	0.819942728	-0.232821295	18.77511345	0.0862164814970378	0.0497987267629409
HSCB	0.018036534	0.891777596	0.820173175	0.23251743	25.08810305	0.0860944390719303	0.0497434425670276
HNRNPUL1	0.013794282	0.892117686	0.82061207	0.231938772	25.27795525	0.0858620994872565	0.0495778507706591
WDR26	0.025024414	0.892767784	0.821336265	0.230984146	23.30683181	0.0854790010595995	0.0492614898709526
THUMPD1	-0.023573314	0.892781739	0.821475309	-0.230800885	21.20144215	0.0854054855779196	0.0492547013955651
GALK2	-0.049345321	0.893397876	0.822168528	-0.229887346	20.09888243	0.0850391517073764	0.0489550843721006
IFT172	0.017384192	0.893656678	0.822533027	0.229407085	24.34637355	0.0848466548905896	0.0488292949483366
RNF31	0.029189696	0.893845734	0.822833393	0.229011367	20.99513033	0.0846880916718259	0.0487374282439051
PI4K2A	-0.016317531	0.893986919	0.823089737	-0.228673677	24.50267276	0.0845528134397627	0.0486688358435458
COX16	-0.042841911	0.894029341	0.823255178	-0.228455752	20.11572845	0.0844655290402814	0.0486482279319436
VDAC2	-0.022946593	0.894317073	0.823772978	-0.227815988	27.7540645	0.0841924581892227	0.0485084782503752
SRP54	0.014993529	0.894317073	0.823755831	0.227796342	25.29967237	0.0842014982101811	0.0485084782503752
IRF9	-0.081601062	0.894727996	0.824277968	-0.227126951	17.83949443	0.0839263081920852	0.0483089733886835
PSMA3	-0.016249224	0.894878287	0.824542928	-0.226759876	26.21061263	0.0837867288512426	0.0482360293531678
PLEKHG5	0.082725108	0.89496963	0.824801004	0.226439492	18.76127428	0.0836508190734797	0.0481917018317978
YTHDF3	0.015525421	0.89496963	0.824880123	0.226315931	24.41169163	0.0836091613923949	0.0481917018317978
MSMO1	-0.049341718	0.896163528	0.826107205	-0.22470078	17.03202989	0.0829635900660333	0.0476127349494862
ACSF3	0.112447634	0.89679679	0.82694451	0.223745409	18.90397392	0.0825236316921132	0.047305954926667
THOC7	-0.027959007	0.89679679	0.82683632	-0.223741381	21.75155738	0.0825804546026365	0.047305954926667
RPL6	0.013384961	0.897350279	0.827581739	0.222760759	28.83799843	0.0821891008229177	0.0470379978229568
IKBKG	-0.034577051	0.897706274	0.828036957	-0.222162018	22.79099929	0.0819502793226258	0.0468657395552674
SMAD4	-0.035678332	0.897942581	0.828381861	-0.22170843	21.51234082	0.0817694193800516	0.046751433435291
PLAA	0.016091329	0.89900568	0.829489691	0.220251839	25.57363915	0.0811890070713686	0.0462375643458986
ARHGEF7	0.12747194	0.899168825	0.82976733	0.220292884	20.25301398	0.0810436684224909	0.0461587588982099
PI4KB	-0.024067391	0.899282014	0.829998907	-0.219582483	21.85082463	0.0809224795325782	0.0461040925630384
C5orf22	0.027116279	0.899946607	0.830778916	0.218557383	22.42459071	0.0805145337799899	0.0457832560863734
TOMM40	0.046754526	0.899946607	0.830993955	0.218333658	22.63316708	0.0804021354453618	0.0457832560863734
GAK	-0.034616459	0.899946607	0.830933785	-0.218360381	22.9508058	0.0804335826597726	0.0457832560863734
NT5DC2	-0.028311603	0.900176202	0.83133321	-0.217829071	21.9607468	0.0802248700073592	0.045672472709134
COL5A2	-0.055284721	0.901689161	0.832857928	-0.215826319	19.01568258	0.0794290758416325	0.0449431508486254
ANP32E	-0.017328406	0.901834945	0.833160439	-0.215429075	25.42248579	0.0792713598619516	0.0448729403239343
MED21	0.029663283	0.901834945	0.833458258	0.215038028	20.42774709	0.0791161460149985	0.0448729403239343
DNAL1	-0.043927541	0.901834945	0.833479879	-0.215009641	19.34527006	0.0791048799928405	0.0448729403239343
SMYD4	0.079363578	0.901834945	0.833630012	0.214870346	19.93938177	0.0790266584742953	0.0448729403239343
TRIQK	0.036146832	0.901834945	0.833534434	0.214938013	21.32845316	0.07907645439951	0.0448729403239343
HAT1	0.026286929	0.902310727	0.834197364	0.214082977	24.39067537	0.0787311868254344	0.0446438795499781
MED18	-0.058900765	0.902632592	0.834622531	-0.213509639	19.55846831	0.0785098954967109	0.0444889891515617
PEMT	-0.046429898	0.902847039	0.835025206	-0.212981158	19.86140885	0.0783004147421594	0.044385821940368
DCAF13	0.025187819	0.902847039	0.835076078	0.212914396	22.77094621	0.0782739571505128	0.044385821940368
HMG20A	-0.150933693	0.902943377	0.835292827	-0.213114256	21.67387443	0.0781612480418787	0.0443394831609985
TMEM161A	0.07379969	0.903103654	0.835568761	0.212284784	18.73346173	0.0780178051432932	0.044262400542812
SZRD1	0.020315916	0.903520841	0.836082474	0.211593874	22.52526736	0.0777508801728999	0.0440618253643577
LTF	0.034038165	0.903645269	0.836325357	0.21127524	17.12156413	0.0776247354067317	0.0440020207967747
NAXD	-0.035159053	0.903852068	0.836644521	-0.210856569	20.10982608	0.0774590286985278	0.0439026439809791
PPFIA1	0.064688172	0.903989921	0.837055288	0.210747068	23.57947432	0.077245855650326	0.0438364116468547
SCAI	-0.039697579	0.903989921	0.836972873	-0.210425889	20.73581279	0.0772886176307858	0.0438364116468547
RPS5	0.012461113	0.903989921	0.837177502	0.210157508	27.85769335	0.0771824512465625	0.0438364116468547
PPP4R3B	0.023844444	0.903989921	0.837283286	0.210018776	19.64782559	0.0771275781699709	0.0438364116468547
USE1	-0.040722193	0.904062635	0.837634157	-0.209558646	18.57458659	0.0769456213314106	0.0438014798204878
FDX2	0.068898337	0.904062635	0.837734036	0.20944433	19.59822633	0.0768938394021718	0.0438014798204878
FUBP1	0.009528149	0.904062635	0.837708638	0.209460978	27.76882741	0.0769070063238736	0.0438014798204878
ARMCX5	0.05221511	0.904118472	0.837944551	0.209151638	18.2460369	0.0767847188297087	0.0437746576167828
SMG7	-0.026227529	0.904118472	0.838041394	-0.20902466	22.89488242	0.0767345294105393	0.0437746576167828
COMMD3	0.016020867	0.904292586	0.838358949	0.208608311	22.79519228	0.0765699954596532	0.0436910297830321
PALLD	-0.014213726	0.904292586	0.83845845	-0.208477864	25.19900161	0.076518454086907	0.0436910297830321
CTSH	0.038706765	0.905235091	0.839511211	0.207097907	17.83948502	0.0759734998321545	0.0432386191756847
HGH1	-0.013710721	0.905235091	0.839590805	-0.206993592	23.07150358	0.0759323263540822	0.0432386191756847
TRAPPC12	0.026127933	0.905235091	0.839716238	0.206829207	21.12286847	0.0758674485700261	0.0432386191756847
RNF20	0.012580224	0.905694426	0.840318372	0.206040169	23.74600313	0.0755561413109887	0.0430183050682051
FHOD1	0.031671114	0.905694426	0.84039839	0.205935324	19.95596627	0.0755147882684477	0.0430183050682051
PHF12	-0.049875647	0.905722993	0.840552933	-0.205732838	16.67678264	0.0754349320924984	0.0430046069660058
PURA	0.030627303	0.906008368	0.840945851	0.205218068	21.64496798	0.0752319677799815	0.0428677911096752
RPAIN	0.04081907	0.906905931	0.84190716	0.203958884	18.40165492	0.0747357970071501	0.0424377578862347
UBE2Q2	0.029275823	0.907414093	0.842507176	0.203173122	17.65005355	0.0744263913659059	0.0421944800131314
MIOS	-0.035450763	0.907691156	0.842892734	-0.202668279	21.35793793	0.0742276899019019	0.0420618960397883
CTDSPL2	0.069400871	0.907904888	0.843219552	0.202256431	19.39440575	0.0740593318904662	0.0419596457303743
TRAPPC5	0.031780178	0.908390988	0.843799432	0.201481285	21.68613991	0.0737607712975234	0.0417271829962096
ATG9A	-0.020257109	0.909037182	0.844528182	-0.200527473	22.66572313	0.0733858533956682	0.0414183526337254
DDX59	-0.041156237	0.909163879	0.84477441	-0.200205246	19.33983803	0.073259250307561	0.0413578270854316
FRA10AC1	-0.026524019	0.909558035	0.845269229	-0.199557769	20.99013244	0.0730049406999007	0.04116958524684
NRF1	-0.052711679	0.909667626	0.845499667	-0.199256268	19.92989967	0.0728865591130649	0.0411172610435879
PDCL	-0.107073732	0.909729337	0.845685626	-0.199277966	19.76898879	0.0727910509884141	0.0410877999118744
C2orf76	0.032565988	0.90975282	0.845836061	0.198816171	18.30725526	0.0727138032758256	0.0410765895383295
IGF2BP2	-0.010954501	0.910525274	0.846682959	-0.197708379	26.1957192	0.0722791810890315	0.0407079947274955
NIP7	0.044613267	0.910828391	0.84709358	0.19722405	22.33608117	0.0720686097015538	0.0405634406584906
TRIO	-0.013873924	0.91090123	0.847362351	-0.196819885	23.56173886	0.0719308359642272	0.0405287114918573
ABRACL	-0.025977902	0.91090123	0.847547624	-0.196593171	24.33396542	0.07183588927909	0.0405287114918573
SRSF10	-0.022060762	0.91090123	0.847542602	-0.196584184	22.87692178	0.0718384626251629	0.0405287114918573
ARFGEF3	-0.028861157	0.911202533	0.847956782	-0.196042638	16.93853672	0.0716262819617075	0.0403850816567945
NTAN1	0.039999874	0.911389414	0.848384576	0.195483356	18.20501673	0.0714072357459754	0.0402960201556827
SOD2	0.013368332	0.911389414	0.848393023	0.195472314	24.8728772	0.071402911684306	0.0402960201556827
VPS26C	-0.023583331	0.911389414	0.848517201	-0.195309981	22.5647401	0.0713393493113444	0.0402960201556827
MYO19	-0.083406778	0.911718187	0.84904181	-0.194676204	17.70370932	0.0710709229419122	0.0401393817859362
DDX20	0.027912232	0.911718187	0.84908106	0.194572942	22.05359573	0.0710508465873458	0.0401393817859362
RALB	0.021234766	0.912387598	0.849833458	0.193589634	23.16429844	0.0706661747071587	0.0398206266798815
RAB9B	-0.028767725	0.91294406	0.850538057	-0.192668979	18.65637591	0.0703062492761929	0.0395558327369109
RTRAF	0.00836797	0.91294406	0.850669853	0.19249679	26.179823	0.0702389579412362	0.0395558327369109
CEND1	-0.061744167	0.91294406	0.850738937	-0.192412202	19.23827058	0.0702036897562113	0.0395558327369109
RUNX1	0.045714421	0.913078114	0.850992933	0.192074715	19.07762883	0.0700740464628238	0.0394920669038223
ACTR5	0.088657146	0.913129079	0.851169515	0.191993686	20.06262292	0.0699839392129915	0.0394678266989203
SLC39A8	0.031229812	0.913235391	0.85152632	0.191377975	19.42880361	0.0698019237975563	0.0394172664566788
NPHP4	-0.047731587	0.913235391	0.851526808	-0.191377338	18.58140344	0.0698016749084245	0.0394172664566788
SFT2D3	0.055592196	0.913352837	0.851882333	0.19092806	20.47409682	0.0696203883998527	0.039361417909086
HNRNPH3	0.019545871	0.913352837	0.851894546	0.190897037	25.41792501	0.0696141621872858	0.039361417909086
GATD1	-0.03277238	0.913385605	0.852054228	-0.190688492	21.60113418	0.0695327641866881	0.0393458371765002
CGN	0.012375532	0.913397865	0.852194785	0.190504931	25.6110332	0.0694611277894648	0.0393400078590845
RIOK1	0.019955085	0.913430076	0.85246694	0.19014953	21.05829378	0.0693224546275193	0.0393246927226733
DDX49	0.030421583	0.913430076	0.852483088	0.190128444	21.66235739	0.0693142280083471	0.0393246927226733
NUDT3	0.04908791	0.914277297	0.853403024	0.188977648	21.76243302	0.0688458225685904	0.0389220643402072
PARD3B	0.084977781	0.914890102	0.85423369	0.187933377	19.28097207	0.0684233044936374	0.0386310709187357
DHX34	-0.03738558	0.914890102	0.854175393	-0.187919091	16.68769708	0.0684529438413479	0.0386310709187357
PSME1	-0.012775681	0.91492368	0.85441998	-0.187599858	27.35877506	0.0683286045310004	0.0386151318759124
SPECC1L	-0.015274346	0.91492368	0.854523714	-0.187464471	24.33243387	0.0682758806127118	0.0386151318759124
DFFB	-0.030433792	0.91494543	0.854673367	-0.187269161	19.49122943	0.0681998291462206	0.0386048077440604
FAM83C	-0.027601545	0.915280964	0.855116184	-0.186691292	20.34608238	0.0679748739945409	0.0384455699942375
TLR6	0.039237506	0.91535298	0.855312864	0.186482063	22.50610906	0.0678749960847532	0.0384114002449795
ACY1	0.01382711	0.915431195	0.855515356	0.186170436	24.15913697	0.0677721907211145	0.0383742922741038
FAM169A	-0.102667078	0.915471831	0.855843543	-0.18593098	18.45426853	0.0676056215637473	0.0383550143655321
GALNT10	-0.051840146	0.915471831	0.855707634	-0.185919564	16.84680283	0.0676745935345049	0.0383550143655321
ATP5F1A	-0.008406729	0.915471831	0.856009777	-0.185525372	28.9647323	0.0675212749573084	0.0383550143655321
DCAF16	-0.047034534	0.915471831	0.856112613	-0.185391213	19.81507515	0.0674691044960662	0.0383550143655321
TMCO1	-0.010602397	0.915471831	0.856419073	-0.184991431	23.38722048	0.0673136692542744	0.0383550143655321
BCL7A	-0.032035084	0.915471831	0.856423781	-0.184985291	22.06564098	0.0673112818100134	0.0383550143655321
GABARAPL2	-0.017531993	0.915471831	0.856459228	-0.184939051	24.03373795	0.0672933069262399	0.0383550143655321
DUSP3	-0.024744204	0.915776648	0.856873853	-0.184398224	21.77754176	0.0670831092068692	0.0382104350319998
AJUBA	0.125301006	0.915951522	0.85716696	0.184341349	17.54166626	0.0669345774414846	0.0381275113594779
USP40	0.029192892	0.916126594	0.857460303	0.183633371	16.76390957	0.0667859769261459	0.0380445096543615
OSM	0.022990648	0.916244244	0.857729276	0.183282612	20.49239128	0.0666497663380351	0.0379887406530147
MARCHF3	-0.066345817	0.916244244	0.857829464	-0.183166386	18.41530876	0.0665990410616713	0.0379887406530147
ZNF608	-0.09582204	0.916511174	0.858392395	-0.182535423	17.87650994	0.0663141386937428	0.0378622358005553
PLEC	-0.01708795	0.916511174	0.858566321	-0.18223747	29.74955378	0.0662261516016666	0.0378622358005553
TUBA4A	0.012016668	0.916511174	0.858585552	0.182166137	27.47955516	0.0662164239621803	0.0378622358005553
RRP9	0.024138062	0.916511174	0.858597618	0.182150406	21.8603721	0.0662103207143611	0.0378622358005553
RAPGEF6	0.106099386	0.916628512	0.858837118	0.182061796	17.61194008	0.0660891940981238	0.0378066380232814
GIPC1	0.013184436	0.916706725	0.859084927	0.181515127	24.51438834	0.0659639007737548	0.0377695826352125
SLC25A30	-0.024137363	0.916706725	0.859169577	-0.181404782	19.00401483	0.0659211096414316	0.0377695826352125
DHRS11	0.042695858	0.917147395	0.859712239	0.180697453	17.8389774	0.0656468905325029	0.0375608631400937
GDF15	0.027184749	0.917198261	0.860125716	0.180158573	20.06545066	0.0654380676228427	0.0375367773599138
CPSF7	0.01279841	0.917198261	0.860140517	0.180139284	24.53189661	0.0654305943695711	0.0375367773599138
P4HB	-0.009427909	0.917198261	0.860148893	-0.18012837	30.00476497	0.0654263652549126	0.0375367773599138
CTR9	-0.111752919	0.917511929	0.860832156	-0.179640976	24.00846183	0.065081518498637	0.0373882805742969
FDX1	-0.030685808	0.917511929	0.860736411	-0.179362767	21.60421744	0.0651298250558195	0.0373882805742969
BRMS1L	0.037235643	0.917511929	0.860741365	0.179356312	19.46488462	0.0651273254651848	0.0373882805742969
BACH1	-0.023323157	0.91769672	0.86113526	-0.178843088	20.2406624	0.0649286278053763	0.0373008205332597
NSA2	-0.024483654	0.917797651	0.861396456	-0.17850279	21.45370324	0.0647969193656291	0.0372530581678832
PARP10	0.078197332	0.917797651	0.861605842	0.178277306	17.09455431	0.064691365026043	0.0372530581678832
KIN	0.03569537	0.917797651	0.861619197	0.178212612	18.37932942	0.0646846334585754	0.0372530581678832
BAG5	0.011829325	0.918075157	0.862009951	0.177703593	23.97909927	0.064487720672451	0.0371217644040802
MARS1	0.008919692	0.918075157	0.862214829	0.177436725	26.12710103	0.064384512104387	0.0371217644040802
C8orf33	0.028250538	0.918075157	0.862269061	0.177366086	22.17192621	0.0643571965017457	0.0371217644040802
PRPF6	-0.012626896	0.918111672	0.86253472	-0.177020075	25.63495991	0.06422341405072	0.0371044913654566
HEATR3	0.021850373	0.918111672	0.862638908	0.176884378	21.96754074	0.0641709575642526	0.0371044913654566
FBXO21	0.063418832	0.918111672	0.862692718	0.176828186	18.93028607	0.06414386783179	0.0371044913654566
MAPK14	0.016729808	0.918414	0.863106626	0.176275263	22.41527006	0.0639355493334811	0.0369615046538492
DNASE2	0.022949259	0.918667135	0.863474383	0.175796376	22.20534814	0.0637505422734427	0.0368418200821905
PDS5B	-0.013006657	0.918740142	0.863716999	-0.17548047	24.02862839	0.0636285328750489	0.036807307823908
PFKL	-0.009463567	0.918740142	0.863819025	-0.175347629	26.14019771	0.0635772351559315	0.036807307823908
VPS13C	-0.01750532	0.918740142	0.86393263	-0.175199716	24.16270865	0.0635201227526009	0.036807307823908
FBXO2	0.019309456	0.919016824	0.864322721	0.174691852	23.11036709	0.0633240702751483	0.0366765381204348
SLC25A10	0.01452608	0.919470241	0.864879132	0.173967538	24.64427888	0.0630445815215468	0.0364623223026112
MRPS36	0.025982794	0.920273324	0.865764627	0.172815041	21.93570432	0.062600162358086	0.0360831667026696
DEK	0.01167591	0.920355308	0.865971859	0.172545358	25.61285608	0.0624962207766377	0.036044478617296
RPAP2	0.10340827	0.920851636	0.866792291	0.171774053	19.53371151	0.062084959824588	0.0358103359886929
PAK2	0.009584249	0.920851636	0.86666218	0.171647102	26.58875637	0.0621501550637897	0.0358103359886929
NFKBIB	0.037182249	0.920851636	0.866829381	0.17142956	19.49661368	0.0620663767823979	0.0358103359886929
CASP2	-0.028936582	0.920876258	0.867014129	-0.171189199	19.63021286	0.0619738251342433	0.0357987238512334
ZNF546	0.027843212	0.920876258	0.867112914	0.171060682	20.26631723	0.0619243457369703	0.0357987238512334
MAPK7	0.049424624	0.921130153	0.867612413	0.170455988	21.18287764	0.0616742431276004	0.0356790009257076
B4GAT1	0.029465984	0.921130153	0.867536074	0.170510194	18.49065239	0.0617124572709129	0.0356790009257076
DKK3	-0.037418259	0.921553254	0.868141205	-0.169723077	18.44954182	0.0614096301636431	0.0354795630492727
VPS16	0.038587191	0.922142703	0.868942535	0.168725547	22.37805419	0.0610089434104878	0.0352018660072918
MRPL47	-0.024652941	0.922142703	0.868957203	-0.168661859	23.00151749	0.0610016124565536	0.0352018660072918
TDRD3	0.030695844	0.922222151	0.869264559	0.168262191	19.25919916	0.0608480267414405	0.0351644506033442
GDI2	-0.006793215	0.922222151	0.869292805	-0.168225463	28.5059797	0.0608339149471553	0.0351644506033442
TM9SF2	0.014648951	0.922473641	0.869695197	0.167702263	23.97581797	0.060632928364062	0.0350460346342677
PI15	-0.026065253	0.922473641	0.869790668	-0.167578136	19.45589441	0.0605852561991336	0.0350460346342677
SLC7A6OS	0.035759065	0.922610953	0.870131236	0.16713537	18.15402811	0.06041524074653	0.03498139386473
DEPTOR	0.02915931	0.922610953	0.870180984	0.167070698	18.02126882	0.0603904115444555	0.03498139386473
STAT2	0.030919873	0.922994255	0.870796435	0.16627066	21.83905206	0.0600833576086617	0.0348010021480461
METTL15	-0.046511862	0.922994255	0.870803457	-0.166261533	19.60675886	0.0600798555231759	0.0348010021480461
PTPN6	0.037709107	0.923103769	0.871037272	0.166001477	22.22045304	0.0599632609767223	0.0347494758202687
FAM89B	0.026233094	0.923115441	0.87117878	0.165773701	18.76029609	0.0598927115823348	0.0347439845057321
GTF2H1	0.017901491	0.923139064	0.871331571	0.165575121	21.43672052	0.0598165498673511	0.0347328708282637
MARK2	-0.01074447	0.923194285	0.871514198	-0.165337772	23.6934282	0.0597255333241233	0.034706892663914
RAB6D	-0.025122892	0.92350174	0.872000142	-0.164706271	20.82616366	0.059483444345172	0.0345622819544527
DENND6A	-0.03263851	0.92350174	0.872065539	-0.16462129	17.39385854	0.0594508749797453	0.0345622819544527
UBAP2	0.019372914	0.92373025	0.872500193	0.164056511	22.87424722	0.0592344683013604	0.0344548340181857
SOS1	0.034143889	0.92373025	0.872542483	0.164001563	18.12426027	0.0592134185999452	0.0344548340181857
PPP1R7	0.014349934	0.923811227	0.872749566	0.163732507	23.65711182	0.0591103584792399	0.0344167641131564
IFIT2	-0.029107684	0.923875702	0.872941079	-0.163483692	18.14201044	0.0590150689275835	0.0343864547178875
C1D	-0.028890024	0.924029433	0.873216958	-0.163125288	19.85925963	0.0588778388191613	0.0343141950289165
RAD23B	-0.007256807	0.924031054	0.873349113	-0.162953608	26.664238	0.0588121164988685	0.0343134331584473
PTTG1	0.061576334	0.924468069	0.874266194	0.161781862	17.98595677	0.0583563145237747	0.0341080847174517
SLC27A3	0.027043759	0.924468069	0.874267215	0.161773707	22.9392032	0.0583558073391092	0.0341080847174517
ABR	-0.04884094	0.924468069	0.874274925	-0.161751053	18.46637359	0.0583519773937177	0.0341080847174517
EEF2K	-0.045951559	0.924468069	0.8742849	-0.161738097	18.8529437	0.0583470223588426	0.0341080847174517
RETSAT	-0.011442531	0.924968984	0.874967885	-0.16085112	23.22612862	0.0580078871185401	0.0338728297512237
SLX9	0.015500467	0.924968984	0.875042137	0.160754698	22.25963825	0.0579710333480083	0.0338728297512237
HARS2	-0.016762435	0.924968984	0.875150892	-0.160613476	22.53583948	0.0579170602197218	0.0338728297512237
MYL6B	-0.063689435	0.925152171	0.875575504	-0.160158575	20.44842174	0.0577063972028312	0.0337868277039508
AGPAT1	-0.0245853	0.925152171	0.875585777	-0.160048794	20.35891448	0.0577013017187532	0.0337868277039508
TRA2B	0.011882354	0.925246955	0.875860578	0.159692004	24.68748455	0.0575650205719626	0.0337423354993985
ARRDC1	0.020711103	0.925246955	0.875937073	0.15959269	19.99145552	0.0575270922685477	0.0337423354993985
CHPF2	0.041952895	0.925375384	0.876189471	0.159265012	17.71667065	0.0574019699595718	0.033682057391942
ENO3	-0.019118999	0.925617412	0.876549483	-0.158816751	25.33734105	0.057223562071893	0.0335684843670309
XRCC3	0.042024691	0.926991212	0.878107114	0.15677602	16.77453035	0.0564525043880225	0.0329243830054466
HOOK2	0.039237357	0.926991212	0.878112541	0.156768978	19.01276051	0.0564498203090161	0.0329243830054466
WDTC1	0.029873621	0.927106348	0.878383846	0.156416925	17.64019261	0.056315659753695	0.0328704452509169
PDF	0.028003409	0.927106348	0.878483722	0.156287328	17.75714017	0.0562662814209039	0.0328704452509169
GLIS3	-0.021179085	0.927372994	0.878867479	-0.155789401	18.25696196	0.056076605560955	0.0327455553321166
CHD8	-0.008418506	0.927405165	0.879064407	-0.155533902	24.34578928	0.0559793040161442	0.0327304897160903
IPO13	0.026345904	0.927405165	0.879366863	0.155141511	18.82917491	0.0558299038372974	0.0327304897160903
DERL1	0.012073103	0.927405165	0.879550339	0.15490349	23.38214827	0.0557392996695058	0.0327304897160903
TLK2	0.023789484	0.927405165	0.879711633	0.154694253	21.30775997	0.0556596650323964	0.0327304897160903
TMEM33	0.00789991	0.927405165	0.879736154	0.154662445	25.44553255	0.0556475597172286	0.0327304897160903
SH3BGRL2	0.023797535	0.927405165	0.879811969	0.154564098	20.26344571	0.0556101341580916	0.0327304897160903
SELENBP1	0.016203282	0.927405165	0.879815672	0.154559295	23.11729058	0.0556083062799326	0.0327304897160903
SYNGR2	-0.006673253	0.92746013	0.879998924	-0.154321588	25.23569784	0.0555178588738634	0.0327047509238781
DYNLRB1	0.013285495	0.927624559	0.880286071	0.153949132	24.76066723	0.055376170046139	0.0326277618699817
EME1	0.058453562	0.928034591	0.880806367	0.153292718	17.67066502	0.0551195546823399	0.0324358358496219
MAPRE2	-0.026280325	0.928662914	0.881533993	-0.152330733	18.80010873	0.0547609361296271	0.032141897584035
RAB28	-0.02650524	0.929092057	0.882103043	-0.151592889	16.70042126	0.0544806797294057	0.0319412527809562
INPP5A	0.065675701	0.929092057	0.882204036	0.151501788	17.97533351	0.0544309596969002	0.0319412527809562
MRPL45	-0.01015333	0.929206751	0.882444297	-0.151150454	23.23992288	0.054312699276158	0.0318876435646599
MTMR6	0.027268184	0.929287237	0.882652099	0.150881055	20.6678663	0.0542104416741937	0.0318500274885057
SMTN	-0.084066558	0.929512823	0.883245175	-0.150246358	17.57439384	0.053918726354593	0.0317446145852205
TACO1	-0.015975954	0.929512823	0.883254948	-0.150099575	21.60284672	0.053913920965772	0.0317446145852205
MTHFSD	-0.028202213	0.929512823	0.883344785	-0.149983127	19.04112543	0.0538697505601327	0.0317446145852205
EMC4	0.015915739	0.929512823	0.883391958	0.149921982	21.67170192	0.0538465586797568	0.0317446145852205
WFS1	0.014691475	0.929865533	0.883858615	0.149317134	21.51211469	0.0536172006386864	0.0315798498313929
KLHDC10	-0.027202545	0.931030632	0.885097682	-0.147711433	18.8242085	0.0530087966326324	0.0310360299856606
CDC73	0.010987997	0.931230599	0.885419425	0.147294556	25.46708731	0.0528509543723383	0.0309427621201744
AURKAIP1	-0.032883103	0.931841857	0.88613234	-0.14637094	19.21956558	0.0525014132825474	0.0306577855642819
DHX15	-0.007846499	0.932008939	0.886422978	-0.145994445	27.24951067	0.0523589946178312	0.0305799222600137
EXOC3	0.01115201	0.932325873	0.886856206	0.145433277	23.73183217	0.0521467905438794	0.0304322634942518
ZBTB11	-0.027818777	0.932669777	0.887315182	-0.144838811	17.43181966	0.0519220876206771	0.0302720962453928
CPT2	-0.009645809	0.93278691	0.887599834	-0.144470158	24.78618321	0.0517827876623037	0.0302175570904822
CHD1	0.02248603	0.93278691	0.887810647	0.144197148	21.10957646	0.0516796510366911	0.0302175570904822
ANKFY1	0.012529577	0.93278691	0.887822204	0.144182182	24.03614509	0.0516739976818046	0.0302175570904822
PPIB	0.0064993	0.93349875	0.888631691	0.143133977	28.50816046	0.05127820270779	0.0298862592558411
FANCI	0.023384732	0.933813087	0.889062926	0.142575641	22.17891921	0.0510674994938789	0.0297400439069717
SDHD	0.023312162	0.935015221	0.890339628	0.140922927	19.62409649	0.0504442962422787	0.0291813192424514
MARCHF6	-0.024964513	0.935427564	0.890864504	-0.140243588	18.7743641	0.0501883449417106	0.0289898369967622
POLR2G	-0.018520189	0.935581676	0.891195283	-0.139815501	19.73343995	0.0500271208378649	0.0289182927307954
NUDCD2	0.018873283	0.935581676	0.891337648	0.139631265	22.48792115	0.0499577495146513	0.0289182927307954
CRCP	0.0341895	0.935581676	0.891408043	0.139540167	18.93168811	0.049923451678203	0.0289182927307954
PPIF	0.013799483	0.935672343	0.891763085	0.139080729	23.85931331	0.049750509461878	0.0288762073939874
RALGAPA1	-0.05291798	0.935672343	0.891928266	-0.138883588	18.00969965	0.0496700726789334	0.0288762073939874
HDAC1	0.016853185	0.935672343	0.891893877	0.138911488	24.20219919	0.0496868175691105	0.0288762073939874
CCDC134	-0.015044509	0.935672343	0.892023506	-0.138743756	21.9306243	0.0496237012386904	0.0288762073939874
TWF1	0.01017267	0.935734719	0.89221525	0.138495657	26.59948459	0.0495303579446065	0.0288472563943216
AHCYL2	0.023065688	0.935930375	0.892534113	0.138083101	16.88073224	0.0493751759949979	0.0287564577554698
SNX8	-0.028577608	0.936011508	0.893205338	-0.137405794	24.67954789	0.0490486901493937	0.0287188116997431
RBM15	0.010760311	0.936011508	0.892929076	0.137572119	23.20675943	0.049183035092502	0.0287188116997431
PUF60	-0.005940865	0.936011508	0.893109845	-0.137338261	26.54886949	0.0490951232574975	0.0287188116997431
SGPP2	-0.032522991	0.936011508	0.893133663	-0.137307449	16.72575936	0.0490835413808674	0.0287188116997431
VANGL1	-0.014536932	0.936011508	0.893273069	-0.13712711	21.31704146	0.0490157592172843	0.0287188116997431
CD63	0.010225187	0.936475799	0.893848543	0.13638271	23.63732142	0.0487360634320182	0.0285034414564567
MRPL35	-0.017814539	0.936505272	0.894294408	-0.135806021	21.12143223	0.0485194848714747	0.0284897734472446
PAK1IP1	-0.024289516	0.936505272	0.894329906	-0.135760111	21.65278777	0.0485022463877977	0.0284897734472446
LZTR1	-0.022891098	0.936505272	0.894392221	-0.135679515	20.88070088	0.0484719867289695	0.0284897734472446
ATG4B	0.016571721	0.936505272	0.894406223	0.135661406	22.36612682	0.0484651877613652	0.0284897734472446
RC3H2	0.021712541	0.936833395	0.894943718	0.134966282	18.51784752	0.0482042761149366	0.0283376365034522
SNRNP70	-0.012150339	0.936833395	0.894984462	-0.134913592	25.39658258	0.0481845044899391	0.0283376365034522
EIF2AK3	-0.028758024	0.937015692	0.895291074	-0.134517095	20.22174264	0.0480357453762613	0.0282531360151615
ENC1	0.064286207	0.937567742	0.896021227	0.13365284	18.90699734	0.0476817016550971	0.027997343425387
ASTE1	-0.042377008	0.937567742	0.896083617	-0.133492322	18.61134601	0.047651462762738	0.027997343425387
NT5C3B	-0.016315932	0.937857188	0.896492834	-0.132963256	20.80902382	0.0474531775649278	0.0278632886844094
ARL6	-0.015352199	0.938147563	0.896903021	-0.132432976	21.24977478	0.0472545131671507	0.0277288452496339
CDKN2AIPNL	0.016455573	0.938914208	0.897768689	0.131313994	20.91572162	0.0468355453273807	0.0273740889845646
COLGALT1	-0.009955231	0.93925163	0.898224099	-0.130725392	23.90696717	0.0466152971665149	0.0272180425787739
MAP3K2	0.047988005	0.939664332	0.898884441	0.129905962	19.62926938	0.0462961368116531	0.0270272578840055
RAB39B	0.03571272	0.939664332	0.898817745	0.1299582	19.08674982	0.0463283620656511	0.0270272578840055
PPP1R10	0.012181736	0.939683605	0.899035714	0.12967653	24.15413855	0.0462230556693862	0.0270183503715803
AP3B1	-0.007915418	0.939716749	0.899200265	-0.129463897	24.54898055	0.0461435737856672	0.027003032447138
SELENOH	0.021876865	0.939751626	0.899399852	0.129207365	22.63816152	0.0460471882330409	0.0269869141778992
PHLDB2	-0.060695469	0.939751626	0.899895811	-0.128637248	18.87197593	0.0458077698130063	0.0269869141778992
TGFBRAP1	0.035503178	0.939751626	0.89988811	0.128575132	19.14262133	0.0458114863722734	0.0269869141778992
ADPRS	-0.008819832	0.939751626	0.899967885	-0.128472062	23.63819496	0.0457729879119379	0.0269869141778992
H1-10	0.011090834	0.939751626	0.900089855	0.128314478	25.7907929	0.0457141332464883	0.0269869141778992
ANXA13	-0.020844745	0.939751626	0.900153862	-0.128231783	20.90493199	0.0456832508868918	0.0269869141778992
PPIL2	0.01953158	0.939751626	0.900181907	0.12819555	21.51418518	0.045669720312256	0.0269869141778992
OXR1	-0.022673439	0.939751626	0.900425499	-0.127880848	20.52342411	0.0455522147841452	0.0269869141778992
GON4L	0.015132588	0.939751626	0.900429251	0.127876001	21.44134401	0.0455504051180451	0.0269869141778992
ANAPC2	-0.011446205	0.940015915	0.90091695	-0.127245973	22.01801724	0.0453152421165218	0.0268647934873557
ATG5	0.019856672	0.940015915	0.900948248	0.127205543	21.92711582	0.0453001549183107	0.0268647934873557
SNCA	0.020320201	0.940037019	0.901101361	0.127007758	21.71562321	0.045226354362726	0.0268550433887487
CD276	0.025740797	0.940422986	0.901657158	0.126300295	22.29386748	0.0449585652215158	0.0266767643078803
RETREG1	0.01883907	0.940422986	0.901737223	0.126186436	16.74155018	0.0449200026219172	0.0266767643078803
VMP1	-0.0091719	0.941221154	0.90263561	-0.125026175	23.17134284	0.0444875370673285	0.0263083205926701
TMX2	0.009060713	0.941418135	0.902957597	0.124610376	23.52147359	0.0443326437300201	0.02621743992089
RPS9	-0.005962398	0.941650776	0.903313848	-0.124150357	28.56826149	0.0441613318866014	0.0261101313646409
ERI1	0.025188113	0.941735274	0.903528033	0.123873799	20.96273287	0.044058368406487	0.0260711621738513
CCDC88A	-0.018058903	0.941784071	0.903707983	-0.123641453	17.64247257	0.0439718813161625	0.0260486593332041
TSEN34	-0.017594644	0.942515982	0.90454354	-0.122562703	21.99505688	0.0435705236337527	0.0257112768404062
SYNGR1	-0.012615297	0.942545553	0.904814823	-0.122212494	20.40937707	0.0434402932568121	0.0256976512670369
CHD1L	-0.009626025	0.942545553	0.904838401	-0.122182057	22.53164233	0.0434289763976934	0.0256976512670369
DCUN1D5	0.062014726	0.943198283	0.905731685	0.121121335	19.21610839	0.0430004391690605	0.0253969985027724
AP3M1	0.009732421	0.943198283	0.905667614	0.121111704	23.21793912	0.043031162027104	0.0253969985027724
MAPK8	0.035900771	0.943272362	0.906003798	0.120677798	19.06402334	0.0428699817415258	0.0253628902583354
NUSAP1	-0.01308583	0.943272362	0.906069508	-0.12059299	23.32792187	0.042838484681971	0.0253628902583354
TCOF1	-0.011087321	0.943447831	0.906371424	-0.120203339	26.16297711	0.0426937953277459	0.0252821096328377
ACP1	-0.009729369	0.943586559	0.906638089	-0.119859199	25.56536672	0.0425660396397349	0.0252182540875299
ARHGAP17	0.036185613	0.943898627	0.907071369	0.119323286	20.72220528	0.042358541006623	0.0250746456368583
SACS	-0.024344744	0.943941625	0.907246127	-0.119074563	19.42312338	0.0422748771104521	0.0250548624013686
DEF6	-0.086671784	0.944113193	0.907616286	-0.118823084	18.43609561	0.0420977198645865	0.0249759335109933
NAA35	-0.008270271	0.944113193	0.907677951	-0.11851737	23.04289518	0.0420682141583588	0.0249759335109933
HEXA	-0.011541041	0.944260463	0.907953021	-0.11816246	24.27129257	0.041936622016681	0.0249081942176852
NCAPH2	-0.029556303	0.944291598	0.908116446	-0.117951608	20.1760354	0.0418584591741396	0.0248938745079197
ATP6V1B2	-0.006825669	0.944474663	0.908426012	-0.117552221	26.7438942	0.041710438624117	0.0248096882099958
USF3	-0.048144925	0.944583727	0.908797971	-0.117146274	20.51876909	0.0415326512462688	0.0247595405875849
PSIP1	0.007366714	0.944583727	0.908702174	0.117195946	25.87198789	0.0415784329301227	0.0247595405875849
IGF2	-0.022385244	0.944921836	0.909256847	-0.116480416	20.3014111	0.0413134198821354	0.0246041148747164
USHBP1	0.044997821	0.945415813	0.909865827	0.115715546	18.3096953	0.0410226460192736	0.0243771379742841
MTX3	0.044050258	0.945437944	0.910020775	0.115525136	20.07769167	0.0409486929922326	0.0243669718034273
MRPL51	0.040789914	0.945443853	0.910160113	0.115336867	19.80616576	0.0408822010023029	0.0243642574654949
PAXBP1	0.008053718	0.946070833	0.910897434	0.114364429	23.39875466	0.0405305213316447	0.0240763464423857
NUP153	0.01086788	0.9462186	0.911354339	0.113775224	24.04807703	0.0403127343854581	0.0240085191938489
PPCS	-0.009536859	0.9462186	0.911374277	-0.113749513	24.47385218	0.0403032332855088	0.0240085191938489
ARAP2	-0.019680621	0.9462186	0.911440986	-0.113663492	20.50412187	0.0402714458068824	0.0240085191938489
STXBP1	-0.029475106	0.946267086	0.911621458	-0.113430779	18.5501478	0.0401854608267716	0.0239862657074316
DRAP1	-0.022177059	0.946818772	0.912325019	-0.112532292	22.34636073	0.0398504151672745	0.0237331401650127
TXNDC15	-0.01993409	0.946818772	0.91250042	-0.112297475	18.10371976	0.0397669269770872	0.0237331401650127
UNC119	-0.034379049	0.946818772	0.912628553	-0.112133942	19.588054	0.0397059477742316	0.0237331401650127
FAM114A1	-0.009956147	0.946818772	0.912734562	-0.111995607	22.13554243	0.0396555039766052	0.0237331401650127
SNX3	-0.008023804	0.946818772	0.912954357	-0.111712246	25.28830073	0.0395509344027663	0.0237331401650127
MYO1D	-0.016525651	0.946818772	0.912956014	-0.11171011	20.32510277	0.0395501461647806	0.0237331401650127
ERH	0.009542016	0.947502017	0.913748764	0.110688171	26.5215811	0.0391731974905457	0.0234198568521986
OPHN1	0.016123732	0.947637212	0.914013104	0.110376148	24.8127113	0.0390475778393683	0.0233578936553189
GPSM1	-0.01465687	0.9476662	0.914175028	-0.110138724	16.69331705	0.0389706462603468	0.0233446088921905
TMEM41B	-0.011677795	0.947690227	0.914332174	-0.109936175	23.98429362	0.0388959977812525	0.0233335979885224
VTI1A	0.049765819	0.94794188	0.914708972	0.109519508	19.79291321	0.0387170610800579	0.0232182892115789
ACAD10	0.020569307	0.948140731	0.915034884	0.109030494	17.68899133	0.0385623489500308	0.0231271962477634
MLLT1	-0.021070449	0.949246251	0.916235991	-0.107482683	20.61183429	0.0379926525449857	0.0226211094088424
DHRS3	-0.037553893	0.949734757	0.916971206	-0.106602481	21.33170673	0.0376443014855373	0.022397668032691
SPARC	0.022753396	0.949734757	0.916976024	0.106529177	17.80937287	0.0376420195978368	0.022397668032691
R3HDM4	-0.029240874	0.950644964	0.917989221	-0.105223878	18.450903	0.0371624182407008	0.0219816481148303
ACYP2	0.039190945	0.951221981	0.918680884	0.104343455	18.05224938	0.0368353203719886	0.0217181225223464
MIF4GD	-0.059186391	0.952162827	0.919858745	-0.102939487	18.51905602	0.0362788584990276	0.0212887776440202
RPS10	-0.012286788	0.952162827	0.919824453	-0.102886765	26.96341582	0.0362950491414071	0.0212887776440202
MAP2K7	-0.018731845	0.952230195	0.920058437	-0.102558714	19.86652925	0.0361845878059017	0.0212580512652411
ZNF217	-0.061187237	0.95288641	0.920827184	-0.101708236	18.38349163	0.0358218682586597	0.020958866885697
HNRNPL	0.008065471	0.953204301	0.921269127	0.100999705	27.17375461	0.0356134824009256	0.0208140067196724
GTF2F1	-0.006956102	0.95353068	0.921737864	-0.100396182	23.32445789	0.035392571793481	0.020665328899728
PCCB	-0.017818598	0.95353068	0.922055628	-0.099987069	21.14995896	0.0352428769890329	0.020665328899728
EPHA2	0.004414631	0.95353068	0.922123093	0.099900211	26.27532812	0.0352111016769105	0.020665328899728
INTS3	0.008449778	0.95353068	0.922198553	0.099803061	24.42001724	0.0351755635573056	0.020665328899728
VPS45	-0.007159776	0.95353068	0.92225854	-0.099725833	24.04467823	0.0351473145693579	0.020665328899728
CRYBG3	0.023446908	0.954459071	0.923380229	0.098281867	18.88220338	0.0346194286024274	0.0202426902351779
RPS18	-0.006131412	0.954459071	0.923442664	-0.098201501	28.0558719	0.0345900644700131	0.0202426902351779
S100A12	0.029530157	0.954459071	0.923561259	0.098048847	19.21937198	0.0345342929001635	0.0202426902351779
SIPA1L3	-0.017754264	0.954808022	0.924258157	-0.097151855	21.98716449	0.0342067078909588	0.0200839408428088
RAP2A	-0.017182064	0.954808022	0.924285222	-0.097117019	17.56880723	0.0341939906560948	0.0200839408428088
CORO2A	-0.010497619	0.954808022	0.924379755	-0.096995351	21.4879763	0.0341495746469159	0.0200839408428088
C1orf50	0.016875341	0.954808022	0.924478858	0.096867803	19.91647139	0.0341030163154366	0.0200839408428088
ARL2BP	-0.019526139	0.954808022	0.924573784	-0.096745631	17.88295392	0.0340584250073375	0.0200839408428088
CPSF6	-0.006932662	0.955124637	0.925303774	-0.095806178	24.70561599	0.0337156664891538	0.0199399523644722
TOMM20	-0.013724364	0.955124637	0.925341812	-0.095757228	21.81321376	0.0336978135910842	0.0199399523644722
TTC21B	-0.036818829	0.955124637	0.92542045	-0.095679738	19.14535467	0.0336609076629813	0.0199399523644722
NELFA	0.006569402	0.955124637	0.925395399	0.095688269	23.19136424	0.0336726641119794	0.0199399523644722
VPS51	0.013716753	0.955153146	0.925583096	0.095446731	21.98976825	0.0335845855396249	0.0199269895362431
STAT5B	0.051849937	0.955193182	0.925811267	0.095250948	19.001231	0.0334775382149571	0.0199087861208464
MRPS14	0.038331454	0.955193182	0.926026978	0.09492	20.04907248	0.0333763608063336	0.0199087861208464
TRIT1	0.018132504	0.955193182	0.925933756	0.094995502	20.02793388	0.0334200828998779	0.0199087861208464
WDR55	-0.029356324	0.955533111	0.926491604	-0.094302152	21.28331464	0.0331585119662297	0.0197542592364494
USP4	-0.11482519	0.956055858	0.927133614	-0.093656857	19.92866697	0.032857672930627	0.0195167331292451
PACC1	-0.013786009	0.956205256	0.927613336	-0.092834507	17.71094861	0.0326330162764205	0.0194488734351224
SAMM50	-0.010670696	0.956205256	0.927655805	-0.092786994	25.25307756	0.0326131333904849	0.0194488734351224
CHEK1	-0.027252769	0.956205256	0.927684008	-0.092750707	20.21993026	0.0325999299792411	0.0194488734351224
PPP1R12C	0.029313321	0.95684347	0.928735637	0.091396182	19.41981577	0.032107889591936	0.0191591026363036
APOB	0.010731306	0.95684347	0.928762194	0.091356625	22.24580384	0.0320954712102138	0.0191591026363036
DNAJC11	0.008517297	0.95684347	0.928927925	0.091143447	25.43880175	0.0320179813659873	0.0191591026363036
SARNP	-0.006714499	0.95684347	0.928976923	-0.091080423	24.69314602	0.0319950743144748	0.0191591026363036
BIRC3	0.018322968	0.95684347	0.928979495	0.091077114	18.47788739	0.0319938719123123	0.0191591026363036
KDM3B	-0.006844167	0.956869626	0.929140156	-0.090870465	23.71095504	0.0319187699823656	0.0191472310485582
NOB1	-0.007904376	0.957071947	0.929471908	-0.090443762	23.62133835	0.0317637316424332	0.01905541330925
FLYWCH2	0.009544978	0.957222353	0.929753292	0.090081858	23.33774683	0.0316322752492766	0.0189871683210268
CELF1	-0.009414222	0.957281427	0.929945994	-0.08983402	23.54772117	0.0315422720792144	0.0189603671075739
KLHL26	0.017740599	0.957520993	0.930346708	0.089318674	16.94484682	0.0313551747675646	0.018851695642249
REXO4	-0.016758214	0.957520993	0.930529033	-0.089084198	21.72025463	0.0312700721033493	0.018851695642249
SLC27A2	0.020845402	0.957520993	0.930676662	0.088894347	16.89194534	0.0312011764832944	0.018851695642249
IQGAP3	0.010171646	0.957520993	0.930720151	0.088838422	22.72314763	0.0311808830857823	0.018851695642249
RGS20	0.021734716	0.959625392	0.932901303	0.086033877	20.64832538	0.0301643003368784	0.0178982689789192
TAF9	-0.010016021	0.95987296	0.933303704	-0.085516548	20.12751674	0.0299770105848251	0.0177862423999122
PES1	-0.003880837	0.95987296	0.933413358	-0.085375581	25.2843765	0.0299259882546147	0.0177862423999122
TMEM43	-0.005404684	0.959872998	0.933549085	-0.085201096	24.72170422	0.0298628423809844	0.0177862252068141
ATP2A3	-0.013115792	0.960162207	0.933966094	-0.084665029	16.86172874	0.0296688897827399	0.0176553923205841
MCCC2	-0.004150437	0.960819036	0.934740826	-0.083669175	24.51657153	0.0293087885295903	0.0173584011631638
DDX1	-0.003643391	0.962072484	0.936096255	-0.081927099	27.3751495	0.0286794922169543	0.0167922063246157
MYCBP	0.004828447	0.962832853	0.936972203	0.080801425	24.08148394	0.0282732930639634	0.0164490995008789
MTRR	-0.006735192	0.963054519	0.937553494	-0.080054473	21.73577347	0.0280039433482715	0.0163491265507985
TSPO	-0.009808374	0.963054519	0.937668974	-0.079906088	22.83225829	0.0279504538794863	0.0163491265507985
PTPRG	-0.011177392	0.963054519	0.937683772	-0.079887073	21.00460352	0.0279436000331825	0.0163491265507985
SERPINB6	-0.005781645	0.963054519	0.937732475	-0.079824494	25.21299767	0.0279210435002627	0.0163491265507985
VPS28	-0.010293656	0.963130905	0.937943003	-0.079553985	23.52045435	0.0278235520630258	0.0163146812498439
IRAK4	0.010486541	0.963612372	0.938548098	0.078776531	19.23225715	0.0275434660786099	0.0160976326495795
PAIP2B	-0.021187589	0.963659129	0.938729864	-0.078542999	16.85978838	0.0274593656175783	0.0160765600533379
METAP1D	-0.015476585	0.963854589	0.939056521	-0.078123325	19.31374699	0.0273082671378584	0.015988480576724
MRPS24	0.008344426	0.964021141	0.939355064	0.077739783	20.99955591	0.0271702190341969	0.0159134419073696
ADRM1	-0.006683131	0.964024368	0.939494486	-0.077560671	23.34694911	0.0271057644796883	0.0159119881364015
NDUFS6	-0.014963718	0.964530096	0.94016593	-0.07670716	22.57261209	0.0267954909493973	0.0156842166226815
TARBP2	-0.008765536	0.964530096	0.940319821	-0.076500433	21.5743267	0.0267244093022981	0.0156842166226815
ARPC4	-0.003670511	0.964530096	0.940396391	-0.076402075	25.7387094	0.0266890462546618	0.0156842166226815
TTC37	-0.007081143	0.964935832	0.940928381	-0.075718728	22.59216946	0.026443431748305	0.0155015661742339
SEC11C	0.01687408	0.965116406	0.941240894	0.075317319	18.82745217	0.0262992123367218	0.0154203017499245
VBP1	-0.006341261	0.965468186	0.941720453	-0.074701374	24.96314382	0.0260779971404758	0.0152620324721443
STXBP4	-0.067493724	0.965469495	0.941858211	-0.07468753	18.91577938	0.0260144717454518	0.015261443647883
DDX52	-0.009250262	0.965646301	0.942167199	-0.0741276	22.9349361	0.0258720195429866	0.0151819187736719
TTC39C	0.008816131	0.966067018	0.942714253	0.073425034	22.72461382	0.0256199267231205	0.0149927446631714
DCTN1	0.003840615	0.966261077	0.943040215	0.073006429	26.85434622	0.0254697868170804	0.0149055143906674
MPC1	0.007398715	0.966481425	0.943391892	0.072554816	20.86397886	0.0253078606266653	0.0148064883478148
VPS39	-0.011472561	0.966492522	0.943539349	-0.07236546	20.95545962	0.0252399834723134	0.0148015018699854
BIN1	-0.019576588	0.966757811	0.944114769	-0.071632047	20.85316992	0.0249752085475702	0.0146823103223973
DNAJC1	-0.009869206	0.966757811	0.944184243	-0.071537361	18.99926324	0.0249432515591297	0.0146823103223973
IFI35	0.015530007	0.966757811	0.944208328	0.071506433	20.21247228	0.0249321733725727	0.0146823103223973
PTPN11	-0.007965132	0.967193016	0.944770108	-0.070790519	25.45656293	0.0246738560126845	0.0144868481311684
ARMC7	0.020014197	0.967666737	0.945643678	0.069663514	19.66072654	0.0242724765259597	0.0142741873219769
DNAJC2	-0.008923821	0.967666737	0.945797684	-0.069465792	23.31996555	0.0242017537877649	0.0142741873219769
BHLHE41	-0.023050556	0.967666737	0.945859914	-0.069387878	18.5074467	0.0241731797523293	0.0142741873219769
ERICH5	-0.009942253	0.967666737	0.945892848	-0.069343618	19.77328821	0.0241580582684275	0.0142741873219769
MRPL3	0.005820832	0.967666737	0.946046331	0.069146573	24.59043952	0.024087594248387	0.0142741873219769
NHP2	0.008178608	0.967666737	0.946053599	0.069137243	23.27224157	0.0240842577942765	0.0142741873219769
TCP1	-0.002792299	0.968503531	0.947008612	-0.067911243	28.19277863	0.023646071548921	0.0138987915777871
TTC5	-0.009000015	0.968655567	0.947294206	-0.067544633	22.34097887	0.0235151189915729	0.0138306212390117
MPDU1	0.009998832	0.968729272	0.947503227	0.067276323	20.82521743	0.0234193022401998	0.0137975770299731
CASKIN2	-0.006942182	0.96892116	0.947827881	-0.066859593	21.96397612	0.0232705203819675	0.0137115595539211
SMAD3	0.008472258	0.968926441	0.947970017	0.06667715	22.56119712	0.0232053985874338	0.0137091924852643
AGGF1	-0.009118909	0.969014803	0.94819345	-0.066390359	17.11437784	0.023103049057857	0.0136695884682124
AP1S2	0.012207532	0.96956951	0.948873299	0.065517765	18.50053863	0.02279177410454	0.013421050198164
AAR2	-0.006268606	0.969796856	0.949232886	-0.065056254	22.95686633	0.0226272241410379	0.0133192281644668
PSMD7	0.003887731	0.970416592	0.949976661	0.064101703	25.79373137	0.022287064314755	0.0130417865928009
RAB21	0.004297356	0.970557611	0.950251911	0.063748467	24.15523803	0.022161248337939	0.01297868037165
ARL1	-0.008238224	0.971087871	0.950908353	-0.062906072	22.92912066	0.0218613376412791	0.0127414702322769
TASOR	-0.005025294	0.971284368	0.951238069	-0.062482974	22.81647994	0.0217107773698161	0.0126536008101464
AP2M1	0.006435507	0.971357272	0.951461237	0.062196608	24.45828327	0.0216089003879134	0.0126210041600267
NT5DC1	-0.006531731	0.971357272	0.951584096	-0.062038959	23.27717879	0.0215528250176623	0.0126210041600267
YY1AP1	0.011696134	0.972943084	0.953275165	0.0598692	19.74294869	0.020781721195775	0.0119125646933269
TMEM19	-0.010003713	0.973723843	0.954177789	-0.058711197	18.68419665	0.0203706970068202	0.0115641955513079
SPG11	0.042205048	0.974025225	0.954748503	0.058088406	18.33144949	0.0201110139070919	0.0114297957533668
CERS6	0.004908627	0.974025225	0.954667625	0.058082808	21.62569967	0.0201478051215509	0.0114297957533668
WDR62	-0.022617451	0.974139569	0.954998291	-0.05767283	18.86263295	0.0199974055994303	0.0113788154990796
TANC1	-0.006313684	0.974331167	0.955323859	-0.057240993	20.97015141	0.0198493757111172	0.011293404973918
MICB	0.075817535	0.974696805	0.955957935	0.056550826	17.01426341	0.019561217555816	0.0111304575253249
RETREG2	-0.015136771	0.974696805	0.955937416	-0.056460601	21.16428567	0.0195705394974901	0.0111304575253249
DDX54	-0.004410399	0.974959085	0.956352996	-0.055920908	23.67260254	0.0193817772650404	0.0110136094620487
DIAPH3	0.007698947	0.974999556	0.956530523	0.055693203	19.18467692	0.0193011670282493	0.0109955820725338
ULBP3	0.015103069	0.975016111	0.956684596	0.055495583	18.75623758	0.0192312187477967	0.0109882080341917
CYP2U1	0.018348884	0.97527859	0.957080007	0.054988426	17.28161537	0.0190517559052316	0.0108713096167933
ZNF644	-0.015691951	0.975337609	0.957373301	-0.054612255	19.59633186	0.0189186881869022	0.0108450290742156
PLEKHA1	0.011355559	0.975337609	0.957413678	0.054560469	19.7472406	0.0189003723026908	0.0108450290742156
GET3	0.00283322	0.975419613	0.957632063	0.054280381	24.93711191	0.0188013215084346	0.0108085161916146
LGALSL	-0.005531149	0.976095313	0.958433424	-0.053252639	20.91414229	0.018438049289436	0.0105077726110873
IAH1	0.004926152	0.976518925	0.959167728	0.052310952	22.19148402	0.0181054418642742	0.0103193356393865
SCAP	-0.007416772	0.976518925	0.959256018	-0.052197731	20.39677047	0.0180654675260559	0.0103193356393865
NDUFAF1	-0.006076149	0.976518925	0.959263501	-0.052188134	20.66334254	0.0180620796787332	0.0103193356393865
ZFR	0.004759461	0.976861536	0.95973815	0.051579465	24.5239873	0.0178472414625835	0.0101669904396306
SLC25A32	-0.006005658	0.977322341	0.960329035	-0.050821769	20.81881999	0.0175799402920357	0.00996217340598495
DNAJC7	-0.003682667	0.977469703	0.960612012	-0.050458916	24.80049035	0.0174519870155034	0.00989669482604097
GTF3C3	-0.004543107	0.977478534	0.96075887	-0.050270609	22.7820931	0.0173855973145403	0.00989277118806724
NMT1	0.004067926	0.977657631	0.961073108	0.049867683	25.46491216	0.0172435746692906	0.00981320553894734
CAPNS2	0.011494019	0.977899333	0.96155408	0.049250985	17.86443419	0.0170262850239438	0.00970585009256364
ESPN	-0.058129468	0.977899333	0.961863664	-0.048960611	18.17877483	0.0168864811519393	0.00970585009256364
PSMA7	-0.002071865	0.977899333	0.961771355	-0.048972404	27.04438879	0.0169281619167048	0.00970585009256364
MNAT1	0.004157077	0.977899333	0.961843949	0.048879327	22.79742662	0.0168953828328945	0.00970585009256364
TCEAL3	-0.00925646	0.978519885	0.962612367	-0.047894129	21.53590189	0.0165485630977248	0.0094303443973706
ALDH1A3	0.041229936	0.978625911	0.963033723	0.047457198	21.27598699	0.0163585047172283	0.0093832896435782
MPHOSPH8	0.012942164	0.978625911	0.962925344	0.047492871	18.82208158	0.0164073826009907	0.0093832896435782
ADGRV1	-0.00777313	0.978625911	0.963131693	-0.047228324	18.14694874	0.016314325925443	0.0093832896435782
RNASEH2B	-0.004967304	0.978665624	0.963309123	-0.047000853	21.24697215	0.0162343267170563	0.00936566617108695
PHRF1	0.011827852	0.978867628	0.963646333	0.046568548	18.23031105	0.0160823268944537	0.00927603374952357
MLXIP	0.007126514	0.978905801	0.96412596	0.04595368	19.25612488	0.0158662231932789	0.00925909785386351
LANCL1	0.003305241	0.978905801	0.9641524	0.045919784	24.03662069	0.0158543133504466	0.00925909785386351
YES1	-0.002781739	0.978905801	0.964164876	-0.04590379	26.12048637	0.0158486936756932	0.00925909785386351
DCPS	-0.004517929	0.978905801	0.964237436	-0.045810773	22.78797427	0.0158160112759411	0.00925909785386351
AP5Z1	-0.011720576	0.979062756	0.964630956	-0.045306309	19.34754453	0.0156388052336849	0.00918946988122888
DCUN1D1	-0.007064501	0.979062756	0.964668845	-0.045266369	23.82268236	0.0156217472485875	0.00918946988122888
MPP2	-0.005755503	0.97985432	0.965587287	-0.044080414	23.01789055	0.0152084608291978	0.00883848831065025
ADCK5	0.003713033	0.979997493	0.96586691	0.043721986	23.41348786	0.0150827123367403	0.00877503530511611
UBTD2	0.005674555	0.980101869	0.966223864	0.043264442	19.66733231	0.0149222404206759	0.00872878262857864
MED12	-0.009963958	0.980101869	0.966246881	-0.043238236	21.65432649	0.0149118949537483	0.00872878262857864
CYB5R4	0.027282319	0.98043844	0.966717291	0.042696863	17.23925217	0.01470051341422	0.00857966972451476
WDR46	0.021352082	0.980675058	0.967283914	0.041959432	20.12255751	0.0144460345145955	0.00847487018861597
GNL2	0.003890487	0.980675058	0.967232548	0.041971565	23.51194226	0.0144690976115511	0.00847487018861597
CCDC174	0.005653832	0.980675058	0.96736649	0.041799891	19.48780354	0.0144089608385605	0.00847487018861597
ARG2	0.007374345	0.981335286	0.968156483	0.040787381	19.84656575	0.0140544420604524	0.00818258489165234
GTF2H2	0.039752817	0.981692123	0.968786077	0.040067617	18.42676685	0.0137721113240479	0.00802469372718327
ANXA1	0.002780684	0.981692123	0.968689577	0.040104157	29.43834589	0.0138153732018958	0.00802469372718327
MCEMP1	-0.007932453	0.98207021	0.969298022	-0.039324385	19.59724217	0.013542673505716	0.00785746259432266
WIPF2	0.005480299	0.982102164	0.969468393	0.039106045	19.98185265	0.0134663453985296	0.00784333201590739
FHIP2A	-0.003455393	0.982118055	0.969622915	-0.03890802	21.78852347	0.0133971294190676	0.00783630492847054
PSMC1	0.001526877	0.982133698	0.969777196	0.038710303	27.12150037	0.0133280323959997	0.00782938761904705
KNTC1	-0.001859499	0.982507442	0.970402133	-0.037909444	24.16180244	0.0130482575360508	0.00766415137768194
ECHS1	-0.002355765	0.982507442	0.970424017	-0.037881399	26.32705459	0.0130384636650826	0.00766415137768194
TUBGCP6	-0.005878709	0.982664957	0.970718507	-0.037504019	19.3862317	0.0129066903600568	0.00759453112909884
SNX15	0.011385234	0.982772225	0.970963399	0.037193232	20.3063012	0.0127971407530923	0.00754712600116322
ZNF652	-0.005850658	0.98306692	0.971502325	-0.036499606	16.72140602	0.0125561557091167	0.00741691757222979
KLC1	0.002086757	0.98306692	0.97153249	0.036460952	26.7520861	0.0125426711405989	0.00741691757222979
RABL3	0.006585209	0.983068125	0.971711459	0.036234092	22.48398003	0.0124626757808897	0.00741638523356666
OCLN	-0.0068429	0.983068125	0.97181162	-0.036106027	22.58949855	0.0124179123611902	0.00741638523356666
MKLN1	-0.003747205	0.983284387	0.972272975	-0.035512106	21.03219243	0.0122117855959506	0.00732085669221826
PYGM	-0.010151206	0.983284387	0.9723817	-0.035372791	18.42480669	0.0121632230740785	0.00732085669221826
POLR2H	-0.002695705	0.983284387	0.972557503	-0.035147526	24.10626749	0.0120847113417918	0.00732085669221826
MRPS2	-0.002636449	0.983284387	0.972581404	-0.035116901	23.56587837	0.0120740385077076	0.00732085669221826
KYAT3	-0.00238919	0.983312882	0.972748593	-0.034902676	24.20149323	0.0119993886946418	0.00730827127734173
PTDSS1	0.00501147	0.984107605	0.973673894	0.033717085	19.6685841	0.0115864740768183	0.00695741203337793
SLC1A4	0.008307931	0.984187924	0.973892489	0.033439554	21.15415218	0.0114889835845825	0.00692196806879295
SNF8	-0.005746029	0.985036391	0.974871328	-0.032182887	21.88465394	0.0110527024832879	0.00654772471198244
RECQL5	0.013616762	0.985503209	0.975491133	0.031396874	17.98692048	0.0107766738929104	0.00634195723058221
TMEM30B	0.016377789	0.985503209	0.975620764	0.031280107	20.96812069	0.0107189652313488	0.00634195723058221
RICTOR	0.005870886	0.985503209	0.975751269	0.031055525	22.02091408	0.0106608752305834	0.00634195723058221
FBXO3	-0.004026402	0.985615774	0.97600205	-0.030734237	20.40058214	0.0105492701378647	0.00629235458474478
HINT2	-0.002550507	0.985668673	0.976193769	-0.030488618	23.92190125	0.0104639687523855	0.00626904618413451
VAT1	-0.002129041	0.985677096	0.976341449	-0.030299422	24.43102489	0.0103982730265225	0.00626533495043966
GOLPH3	0.003143166	0.985678201	0.976503528	0.030091779	24.35957087	0.0103261833150266	0.00626484808193528
CPPED1	0.003215231	0.985678201	0.97662122	0.029941004	21.08706707	0.0102738436103781	0.00626484808193528
KIF21A	-0.002755425	0.986954069	0.978263476	-0.027837168	22.43895292	0.00954416079285628	0.00570305811456047
SLC26A2	0.005967095	0.986954069	0.978374053	0.027695517	20.11450617	0.00949507353958142	0.00570305811456047
FNDC3A	-0.010305567	0.986954069	0.97843377	-0.027623883	19.26571517	0.0094685663238201	0.00570305811456047
LRRTM2	-0.004504522	0.986954069	0.978531334	-0.027494037	19.46982165	0.00942526304081221	0.00570305811456047
ARL2	0.007254859	0.986954069	0.978582957	0.027434961	21.93457102	0.00940235218256794	0.00570305811456047
APOBEC3D	0.004793634	0.987263423	0.97902925	0.026856209	17.68718067	0.0092043327894758	0.00556695281025765
SNAP23	-0.002105636	0.987661254	0.979563381	-0.026172002	23.46062892	0.00896745846656395	0.00539198329128895
GPRC5C	0.012981156	0.987713229	0.979754555	0.025983568	21.94592082	0.00888270875645171	0.0053691294416555
UBQLN1	-0.002148321	0.988207817	0.980384854	-0.025119743	23.46610821	0.00860340679881849	0.00515171504229338
KANSL1	-0.006135252	0.988481276	0.981034919	-0.024287069	17.16504281	0.00831553404806757	0.00503155276092604
CHAMP1	0.002984517	0.988481276	0.981068103	0.024244564	22.36821453	0.00830084406703468	0.00503155276092604
RBMX	0.001812011	0.988481276	0.981075351	0.02423528	26.46094606	0.00829763556930897	0.00503155276092604
DUT	0.001780273	0.988482253	0.981216056	0.024055053	24.11778038	0.0082353538868199	0.00503112351101566
TRIM41	0.006412611	0.988769854	0.981641318	0.023510345	17.93038021	0.00804717012441386	0.00490478299254713
TRUB1	0.003055885	0.988903464	0.981913759	0.023161385	21.59598342	0.00792665440770247	0.00484610182889159
COMMD7	-0.006769724	0.989418779	0.982565299	-0.022332605	21.29233273	0.00763857779424912	0.00461985105827476
RGCC	-0.013000293	0.989761686	0.98315721	-0.021615686	20.84770475	0.0073770315305519	0.00446936188153752
MRPL44	0.001778166	0.989761686	0.983250504	0.021449242	23.60299471	0.00733582230508291	0.00446936188153752
CLPX	-0.001047658	0.989761686	0.983325577	-0.021353089	24.84312105	0.007302664381552	0.00446936188153752
GCDH	-0.001830274	0.989943359	0.983694935	-0.020880017	22.29449562	0.00713956476753825	0.00438965346049618
BRI3BP	0.004599627	0.989943359	0.983785951	0.02076588	21.98176779	0.00709938369449775	0.00438965346049618
THG1L	0.00632236	0.98995019	0.983987267	0.020510875	20.98823047	0.00701052139326899	0.00438665666745406
LSM14A	-0.001649302	0.98995019	0.984072623	-0.020396282	23.45809326	0.00697285014148555	0.00438665666745406
BTF3	0.002148709	0.990095354	0.984356888	0.02003373	25.6796174	0.00684741540169268	0.00432297740060586
UST	0.01798656	0.990765809	0.985213474	0.018976349	18.75623287	0.00646965728377227	0.00402898918636635
DEDD2	-0.002648706	0.990765809	0.985303571	-0.018819744	19.58856076	0.00642994320967931	0.00402898918636635
ATP5MG	0.001797753	0.991463943	0.986138013	0.017751061	23.54425287	0.00606229997779175	0.0037230753476103
RHOBTB3	0.001837	0.991899954	0.986711899	0.017016088	20.71493717	0.00580963450277972	0.00353212987896897
USF2	0.002611438	0.99291392	0.987860923	0.01554457	20.85690742	0.0053041936970116	0.00308840073870611
NUMBL	-0.002348184	0.993056144	0.988142804	-0.01518358	18.07313705	0.00518028769216853	0.00302619728496887
OSBPL11	-0.000860085	0.99316808	0.988394584	-0.01486114	23.82389637	0.00506964302042194	0.00297724693325087
BUD13	-0.011950256	0.993179809	0.988568449	-0.01467034	18.33077029	0.00499325453057125	0.00297211808345923
TBC1D22A	-0.002810897	0.993179809	0.988687054	-0.014486594	19.71127758	0.00494115251643116	0.00297211808345923
SRCAP	-0.002133614	0.993581677	0.989227559	-0.01379441	18.58153438	0.00470379308418728	0.00279642607567312
OSBPL9	-0.001130744	0.993872607	0.989949469	-0.012869927	23.18421838	0.00438697297269711	0.00266927920689755
VAC14	-0.001097436	0.993872607	0.989966857	-0.01284766	22.67635938	0.00437934485998109	0.00266927920689755
ZBTB8OS	-0.004122225	0.993872607	0.9900792	-0.012710857	21.37760277	0.00433006323356603	0.00266927920689755
TCEAL8	-0.003045682	0.993872607	0.990064791	-0.012722246	19.12221711	0.00433638373269975	0.00266927920689755
SS18	-0.003149738	0.99403107	0.990377577	-0.012321694	19.87778844	0.00419920101318114	0.00260004083541322
CHML	0.00217507	0.994836268	0.991320449	0.011114272	19.95506055	0.00378593508439905	0.00224839036515436
SPR	-0.003028057	0.994955207	0.991579617	-0.010788721	22.21432506	0.00367240920898381	0.00219647080263379
CHMP3	-0.000842721	0.994974114	0.991901696	-0.010369948	22.57913267	0.00353136716059187	0.0021882180414096
ATP6V0D1	-0.000973481	0.994974114	0.992004658	-0.010238099	23.17359234	0.00348628859285027	0.0021882180414096
NEGR1	0.00222668	0.994974114	0.992254351	0.009918354	17.5280131	0.00337698805078354	0.0021882180414096
SLC12A7	0.000933155	0.994974114	0.992397276	0.009735331	23.48968515	0.00331443647942574	0.0021882180414096
ORMDL1	0.000869282	0.994974114	0.992482071	0.009626747	21.53249645	0.00327732994126662	0.0021882180414096
PKD1L1	-0.002505458	0.994974114	0.992626441	-0.009441875	17.37721404	0.00321416050334028	0.0021882180414096
TRPS1	0.001449899	0.994974114	0.992678161	0.009375645	22.91475856	0.00319153252918812	0.0021882180414096
NNT	0.00069155	0.994974114	0.992723678	0.009317358	25.0871942	0.0031716193997168	0.0021882180414096
UBE3C	-0.000882085	0.995172895	0.993182873	-0.00872934	23.29217421	0.00297077826943173	0.00210146114224198
IMPDH1	0.001302338	0.995172895	0.99320337	0.008703093	20.57350376	0.00296181552713799	0.00210146114224198
KIAA2013	-0.001658433	0.995209109	0.993380198	-0.0084769	22.09202316	0.0028845014628461	0.00208565760268243
RPL23	0.000613289	0.995459522	0.993770871	0.007976389	27.07256596	0.00271373726382634	0.00197639483239824
FAM210A	-0.001110833	0.996980198	0.995429904	-0.00585197	20.00181933	0.00198931662885562	0.00131346755066682
SP1	-0.000603697	0.997428664	0.996142757	-0.004939158	20.19981206	0.00167841846923343	0.00111815522919176
MRPS27	-0.00050058	0.997428664	0.996159671	-0.0049175	23.96561448	0.00167104443127226	0.00111815522919176
TSPAN14	0.000927712	0.997507825	0.996379741	0.0046357	20.61756475	0.0015751113857872	0.00108368878307723
PRDX6	-0.00020302	0.997540709	0.996553603	-0.00441307	29.07946089	0.00149933634029308	0.00106937199879774
PHYH	-0.000661599	0.997951038	0.99717427	-0.00361831	19.18859266	0.001228936086018	0.00089076577479865
SALL1	0.001510498	0.997951038	0.997245673	0.003527786	18.66379121	0.00119783939646331	0.00089076577479865
USP37	-0.000951017	0.998800935	0.99827143	-0.002213977	17.73244085	0.000751357987268694	0.000521059767675715
PTPRJ	0.000105456	0.998800935	0.998497794	0.001923552	25.22629053	0.000652890287204894	0.000521059767675715
DES	-0.000327297	0.998800935	0.998518549	-0.001896976	18.7101537	0.000643863038125221	0.000521059767675715
IGF2BP3	0.000104926	0.999025572	0.998884347	0.001428575	25.71557221	0.000484792421991237	0.000423395020911566
TRIM3	-2.16442e-05	0.999919194	0.999919194	-0.000103471	19.00177659	3.50950178677975e-05	3.50950178677975e-05
