id	logFC	adj.P.Val	P.Value	t	AveExpr	-log10(padj)	-log10(pvalue)
NPR3	-4.104938759	5.0317e-10	1.40237e-13	-35.41926705	24.80585522	9.298285260295	12.8531373873976
PCDH20	-5.170609811	1.11426e-09	7.7e-13	-30.71814286	20.51664314	8.95301345961977	12.1135092748275
IGFBP7	-3.950775594	1.11426e-09	1.06431e-12	-29.89639631	27.26851811	8.95301345961977	11.9729318573036
HTRA1	-3.231900226	1.11426e-09	1.2422e-12	-29.51160854	24.58426655	8.95301345961977	11.9058084750905
B4GALNT1	-6.012473212	3.41144e-09	4.75396e-12	-26.36688095	20.64445178	8.46706226263647	11.3229444767627
HP	6.757480854	5.64952e-09	1.22294e-11	24.35031962	23.00637501	8.2479884495623	10.9125948498387
NELL2	-3.217692464	5.64952e-09	1.25065e-11	-24.30435305	23.45659713	8.2479884495623	10.9028642125576
IGFBP3	-3.23795526	5.64952e-09	1.25965e-11	-24.28966979	26.90969965	8.2479884495623	10.8997501089968
VIT	3.554908479	6.85919e-09	1.72053e-11	23.65898543	25.36962575	8.16372716699008	10.7643377504067
LTBP1	-2.959442726	1.49141e-08	4.4076e-11	-21.85001358	23.69672125	7.82640294926316	10.3557978256071
COL15A1	-4.500552869	1.49141e-08	4.57232e-11	-21.78221056	20.93202482	7.82640294926316	10.3398633825263
MAMDC2	-2.761681963	2.65502e-08	8.87966e-11	-20.58966407	25.81220394	7.57593220307331	10.0516036629321
MMP10	3.195345927	3.27151e-08	1.25012e-10	19.99955284	25.00598368	7.48525174785892	9.90304829672278
COCH	-1.975171895	3.27151e-08	1.27651e-10	-19.96403755	25.91509476	7.48525174785892	9.89397577864445
CACHD1	1.863261903	3.54532e-08	1.48216e-10	19.71182712	25.98359485	7.45034455936325	9.82910491149408
GNS	-2.052557006	4.19855e-08	1.92223e-10	-19.27999932	27.94079419	7.3769006704894	9.71619464905318
LNPEP	-1.609813731	4.19855e-08	1.98928e-10	-19.22371782	26.81097106	7.3769006704894	9.70130408369483
CHI3L1	-3.429067769	5.44139e-08	2.72979e-10	-18.71152323	23.56417899	7.26429014584965	9.56387076151204
MPHOSPH8	-4.79638192	5.55427e-08	3.12232e-10	-18.49796902	19.27492853	7.25537301247557	9.50552258906592
TRIM56	-6.793024838	5.55427e-08	3.19123e-10	-18.46348692	18.47318344	7.25537301247557	9.49604189397911
APLP2	1.508299164	5.55427e-08	3.29028e-10	18.4153012	29.24554101	7.25537301247557	9.48276714239025
AREG	5.084433721	5.55427e-08	3.40563e-10	18.36113012	19.82106888	7.25537301247557	9.4678025371388
COL5A2	-3.817152669	5.80244e-08	3.71951e-10	-18.22805688	27.57149468	7.23638934166113	9.42951426934195
TRIM2	-2.677254959	6.03055e-08	4.05738e-10	-18.08811954	22.98478684	7.21964307740009	9.39175431589076
LPL	-3.506162263	6.03055e-08	4.20188e-10	-18.03401385	17.81569764	7.21964307740009	9.37655635461498
OLFML2A	-2.497710818	6.53397e-08	4.74629e-10	-17.84683563	25.33976354	7.18482286387104	9.32364572976132
IGSF10	4.153543358	6.53397e-08	4.91687e-10	17.7929274	19.6297463	7.18482286387104	9.30831127412371
NRCAM	2.128728491	7.26158e-08	5.98456e-10	17.49565881	26.39577509	7.13896887370422	9.22296777451347
PLAU	1.557506909	7.26158e-08	6.0815e-10	17.47155702	29.61611485	7.13896887370422	9.21598928892179
FGFBP1	2.419606133	7.26158e-08	6.23072e-10	17.43525583	24.81777527	7.13896887370422	9.20546176490432
SIN3A	-2.810398845	7.26158e-08	6.27394e-10	-17.42491577	23.06255186	7.13896887370422	9.20245963893657
PLEKHG3	-3.132144242	8.14607e-08	7.26517e-10	-17.20685825	17.28032108	7.08905186229776	9.13875421905376
PTPRS	1.624872015	1.18962e-07	1.09957e-09	16.60439418	27.90381857	6.92459174302626	8.95877711769378
PVR	1.468182892	1.18962e-07	1.12729e-09	16.56882461	26.41684195	6.92459174302626	8.94796434553475
SDC4	2.673903262	1.26754e-07	1.23645e-09	16.43740018	30.4007002	6.8970383266651	8.90782344110062
SORL1	1.797474536	1.31336e-07	1.34458e-09	16.31901803	27.07705312	6.88161621482154	8.87141335296099
KCTD12	-2.348881429	1.31336e-07	1.35436e-09	-16.30882081	23.28503469	6.88161621482154	8.86826588126933
LEFTY1	-7.508164005	1.34715e-07	1.42675e-09	-16.23972503	20.12816811	6.87058404455513	8.845652118779
PDGFD	-2.574484981	1.51073e-07	1.6421e-09	-16.03991952	23.79980728	6.8208131465067	8.78460039890611
UNC5C	2.799596208	1.64677e-07	1.83586e-09	15.88609432	23.08729261	6.78336705335365	8.7361604405344
MAN1A1	-3.126815161	1.65732e-07	1.89382e-09	-15.84347499	20.94345981	6.78059362868593	8.72266130132094
ATF6	3.442896756	1.68097e-07	2.02116e-09	15.7545674	20.98856477	6.77444003727482	8.69439930530377
FLRT3	-3.181195268	1.68097e-07	2.04105e-09	-15.74122845	20.47640796	6.77444003727482	8.69014635615697
SH2D4A	-2.688856217	1.68097e-07	2.13001e-09	-15.68323843	21.90440925	6.77444003727482	8.67161835762482
ECT2	-4.615911259	1.68097e-07	2.16949e-09	-15.65833457	16.47830066	6.77444003727482	8.66364234735769
NRP2	1.559758805	1.68097e-07	2.19789e-09	15.6407229	24.44912917	6.77444003727482	8.65799404693912
CKB	-1.771318284	1.68097e-07	2.20193e-09	-15.63823407	26.27474105	6.77444003727482	8.65719649149367
LDLR	1.341035876	1.81522e-07	2.42838e-09	15.50625811	25.78728039	6.74107073206264	8.61468335260909
MMP1	3.879967139	1.86171e-07	2.54246e-09	15.44471307	23.13388245	6.73008796847205	8.59474587101719
PLCB1	-3.19307119	2.03513e-07	2.83603e-09	-15.29911944	18.84248159	6.69140784369705	8.54728917942496
TNKS1BP1	-3.278666154	2.10713e-07	3.02891e-09	-15.21205052	23.00152674	6.67630866964059	8.51871363095373
AXL	5.216893486	2.10713e-07	3.05381e-09	15.20125152	20.55393516	6.67630866964059	8.51515798709573
SLC39A10	1.905998526	2.27307e-07	3.35766e-09	15.07660587	25.36292656	6.64338718981589	8.47396328306387
SERPINA5	-3.182034335	2.31789e-07	3.48846e-09	-15.02665178	23.21992492	6.6349071781768	8.45736625244086
CTHRC1	-1.475255738	2.39218e-07	3.66695e-09	-14.96165002	24.42453202	6.62120614489032	8.43569501173892
MKI67	-3.152316949	2.76168e-07	4.31031e-09	-14.75281675	23.50123282	6.55882664519456	8.36549149400449
DPYSL2	-2.291448817	2.94101e-07	4.67217e-09	-14.64966118	23.18248612	6.5315034988056	8.33048136351579
PLD3	-1.259761213	3.03769e-07	4.97157e-09	-14.57062446	26.49855124	6.51745654849785	8.30350644131418
UBR4	-1.78339463	3.03769e-07	4.99509e-09	-14.56463374	24.77948278	6.51745654849785	8.30145668238269
VCAN	-1.710263989	3.64201e-07	6.09032e-09	-14.31501873	27.28721926	6.43865886608123	8.21535988789535
USP9X	-1.971333181	3.69648e-07	6.35474e-09	-14.26200898	24.0325879	6.43221163923331	8.19690221361905
SIRPA	2.054062813	3.69648e-07	6.50189e-09	14.23352904	24.19653798	6.43221163923331	8.18696038224025
MAP1B	-1.755051891	3.69648e-07	6.73618e-09	-14.18958692	25.0933282	6.43221163923331	8.17158631640712
CALD1	-2.484955308	3.69648e-07	6.75504e-09	-14.18612219	27.5901266	6.43221163923331	8.17037207495759
MAP4	-2.202079246	3.69648e-07	6.91358e-09	-14.15739791	25.44858366	6.43221163923331	8.16029700738297
SEMA4C	2.668222624	3.69648e-07	6.91382e-09	14.15735503	23.46214457	6.43221163923331	8.16028193142137
COPS7A	2.072001782	3.69648e-07	6.99281e-09	14.1433087	22.20227482	6.43221163923331	8.15534827171294
DLEC1	-2.349382686	3.69648e-07	7.02955e-09	-14.1368336	21.62127664	6.43221163923331	8.15307247565899
SULF2	-1.606087689	3.69648e-07	7.10862e-09	-14.12302075	26.16642311	6.43221163923331	8.14821470089541
CEMIP2	-2.264076839	4.22578e-07	8.36038e-09	-13.92407798	24.41730168	6.37409311667156	8.07777398235135
PTX3	2.024470335	4.22578e-07	8.36205e-09	13.92383486	25.69924449	6.37409311667156	8.07768723995958
CLDN3	1.823659955	4.269e-07	8.63765e-09	13.88436284	23.49897415	6.36967384519605	8.06360439766618
LAP3	-1.830276587	4.269e-07	8.68553e-09	-13.87764392	24.31165665	6.36967384519605	8.06120367531101
TUBA1A	-1.500030436	4.38477e-07	9.04327e-09	-13.82867204	27.74935232	6.35805318230947	8.0436745024708
PODXL	-1.825935264	4.49052e-07	9.38654e-09	-13.78360775	24.43884663	6.34770336499792	8.02749446479705
ASS1	-1.4813242	4.61239e-07	9.76984e-09	-13.7353393	25.57503712	6.33607397811476	8.01011254863395
VIM	-2.339681356	4.72473e-07	1.024e-08	-13.67885332	24.43557477	6.32562300469133	7.98970004336019
ANGPTL2	1.562309836	4.72473e-07	1.02711e-08	13.67520602	25.77478397	6.32562300469133	7.9883830424448
PRSS23	-2.994371656	4.87583e-07	1.07355e-08	-13.62226032	22.3034619	6.31195144483975	7.96917772373038
ACP2	-1.70153835	4.92088e-07	1.09719e-08	-13.59625144	23.1315277	6.30795722549087	7.95971815929264
LAMP1	-1.375845786	4.95234e-07	1.118e-08	-13.5738414	26.34860355	6.30518954673128	7.9515581964496
CCN2	-1.504072371	4.98427e-07	1.14491e-08	-13.54552828	25.06996382	6.30239843979711	7.94122865134995
LMNA	-1.504324677	4.98427e-07	1.15299e-08	-13.5371638	30.33229772	6.30239843979711	7.93817445936935
MTMR2	-3.059916285	5.82106e-07	1.37457e-08	-13.32963911	16.84537844	6.23499792424465	7.86183313880367
SEMA3F	-1.386010015	5.82106e-07	1.37901e-08	-13.32585688	25.64718672	6.23499792424465	7.86043258449197
EPHA7	-2.696468323	6.26534e-07	1.50969e-08	-13.22009716	20.19823815	6.20305535625527	7.82111222165455
S100A2	-2.944174213	6.26534e-07	1.52253e-08	-13.21023751	22.71336974	6.20305535625527	7.81743414125266
PLXDC2	1.182839043	6.26534e-07	1.55358e-08	13.18677527	28.36661207	6.20305535625527	7.8086663782867
HUWE1	-1.421554364	6.26534e-07	1.55411e-08	-13.18637716	26.93407842	6.20305535625527	7.80851824505743
SDC1	2.36413283	6.51835e-07	1.63504e-08	13.12753499	24.77311181	6.18586232398936	7.78647161819221
MAN2B1	4.422462875	6.76226e-07	1.71507e-08	13.07235484	19.96620055	6.1699081351978	7.76571814967758
PLCB4	-2.081800972	7.02434e-07	1.80718e-08	-13.01217509	23.48179431	6.15339447538353	7.74299858838346
DCAF1	-1.742844403	7.02434e-07	1.82069e-08	-13.00362791	22.30829606	6.15339447538353	7.73976399311241
PALLD	-3.213408914	7.62836e-07	2.01215e-08	-12.88935452	21.24546632	6.11756881977859	7.69633964700375
WDR62	-2.7568715	7.62836e-07	2.01977e-08	-12.8850497	17.86688399	6.11756881977859	7.69469808274048
ALDH1A1	-1.563088522	7.81398e-07	2.0907e-08	-12.84582183	25.99081403	6.10712770469311	7.67970828076044
LAMA4	2.862368209	8.68111e-07	2.3469e-08	12.71518955	21.52296323	6.06142474071589	7.62950541503431
ARID4B	-2.478032382	9.20211e-07	2.5134e-08	-12.63828261	22.25047298	6.03611257957943	7.59973838925514
NID2	-1.232518571	9.50301e-07	2.62207e-08	-12.59099087	26.17004692	6.02213881372777	7.58135571836373
PRSS12	-1.780894812	9.61482e-07	2.67972e-08	-12.56675166	23.63534632	6.01705884181952	7.57191058239201
NUP133	-2.71468297	9.62901e-07	2.73124e-08	-12.5455575	17.02773106	6.01641836226684	7.56364013578263
NOL4L	-4.625228081	9.62901e-07	2.73734e-08	-12.54307767	18.50588327	6.01641836226684	7.56267125631543
DKK3	1.482784763	1.04728e-06	3.00641e-08	12.43921406	27.52858535	5.9799371901476	7.52195179267942
SERPINE2	1.726109904	1.08682e-06	3.15019e-08	12.38773969	25.53485049	5.96384237815835	7.50166325146021
FXR1	-1.273354295	1.08813e-06	3.18928e-08	-12.37418389	23.79025515	5.96331921593384	7.49630735058558
PFDN5	-2.357135061	1.08813e-06	3.21466e-08	-12.3654773	23.60454234	5.96331921593384	7.49286495366736
EPB41L2	-1.880760007	1.09531e-06	3.28138e-08	-12.34293738	25.87606932	5.96046294727538	7.48394347325705
SEMA3B	-1.431100438	1.09531e-06	3.29692e-08	-12.33775847	24.21528505	5.96046294727538	7.48189159091571
ARSB	-2.083993362	1.13001e-06	3.43285e-08	-12.29354416	22.23365956	5.94691771321959	7.4643451728619
FAT3	-1.179750242	1.1991e-06	3.67618e-08	-12.21891562	24.95507227	5.92114459702023	7.43460323202671
DAG1	1.314818764	1.252e-06	3.88525e-08	12.1589236	28.27434903	5.90239567112559	7.41058103088436
PCDH17	-5.043611579	1.252e-06	3.90814e-08	-12.15256713	19.68556378	5.90239567112559	7.40802988708775
LRBA	-1.60466189	1.26196e-06	3.97439e-08	-12.13439431	24.13258978	5.8989544105868	7.40072951857058
ADAMTSL3	-1.212033784	1.29604e-06	4.13622e-08	-12.09134074	23.58909639	5.8873815945216	7.38339636975816
ANGPTL1	-4.107714891	1.29604e-06	4.15398e-08	-12.08672515	20.86517783	5.8873815945216	7.38153559877602
NPNT	-2.529518624	1.3011e-06	4.20646e-08	-12.07321428	21.82470216	5.88568932313158	7.37608323651465
TSPAN14	1.382647266	1.32765e-06	4.3293e-08	12.04228404	24.17917848	5.87691640019595	7.36358231859195
FAM83G	-2.326106243	1.40338e-06	4.65654e-08	-11.96428865	16.5939298	5.85282471702733	7.33193666207346
ASAH1	-1.149623718	1.40338e-06	4.67177e-08	-11.96080453	28.31385562	5.85282471702733	7.33051854650131
SNX2	-1.827683057	1.40338e-06	4.71981e-08	-11.94989008	23.71886818	5.85282471702733	7.32607548391092
UBR7	-2.034423288	1.40338e-06	4.73269e-08	-11.9469847	20.27506603	5.85282471702733	7.32489194169693
SMPDL3A	-2.994631956	1.4375e-06	4.88782e-08	-11.91264414	22.70545438	5.84239214663833	7.31088479590096
FBLN5	-2.860762979	1.4539e-06	4.9841e-08	-11.89191494	20.83703997	5.83746546345064	7.30241325266259
FH	-1.24672756	1.45693e-06	5.03511e-08	-11.88110497	25.25586383	5.83656131394315	7.29799103715184
NCSTN	-1.12614269	1.51988e-06	5.29501e-08	-11.82780544	24.80538051	5.81819069981518	7.27613321535995
RIF1	-1.580669383	1.52264e-06	5.34707e-08	-11.8174677	23.57540245	5.8174027654063	7.27188413039101
CPM	-1.982562284	1.55086e-06	5.48938e-08	-11.7897531	23.20022218	5.80942740526294	7.26047670432663
ECPAS	-2.602335534	1.5601e-06	5.56556e-08	-11.77523311	20.47511577	5.80684756314792	7.25449113093862
TUBB2B	-2.209663172	1.59198e-06	5.74324e-08	-11.74218084	20.90983216	5.79806239259345	7.24084303492938
MUC16	0.998458657	1.59198e-06	5.76804e-08	11.73765585	29.70807913	5.79806239259345	7.23897173654816
RPL24	-1.848817039	1.63765e-06	5.97916e-08	-11.69995802	22.27442083	5.78577891045754	7.22335982487265
COL4A2	-1.500652473	1.67524e-06	6.20462e-08	-11.6612494	27.90478422	5.77592296581573	7.2072848115797
GPNMB	-1.67383072	1.67524e-06	6.22179e-08	-11.65836369	24.17956077	5.77592296581573	7.20608465143695
CADM1	-1.108024029	1.67524e-06	6.31203e-08	-11.64333734	25.7697317	5.77592296581573	7.19983094566627
DCBLD2	1.084938721	1.67524e-06	6.34754e-08	11.63748716	26.9935735	5.77592296581573	7.19739455367211
CAP1	-1.076187235	1.67524e-06	6.34984e-08	-11.6371092	26.74488756	5.77592296581573	7.19723721769898
DGCR2	-3.160831721	1.76911e-06	6.75497e-08	-11.57278513	18.38635814	5.75224516262008	7.17037657541521
EIF4B	-2.178597536	1.81419e-06	6.98e-08	-11.53882475	24.59290338	5.74131723126133	7.15614457737684
THBS3	-2.588681835	1.81419e-06	7.02821e-08	-11.53170199	21.8556345	5.74131723126133	7.15315527044387
SUB1	-1.65656506	1.81509e-06	7.0823e-08	-11.52377385	27.80403833	5.74110183589822	7.14982568085593
CTSS	-3.348163355	1.82527e-06	7.17288e-08	-11.510641	19.4519708	5.73867288417355	7.14430643471228
BANK1	-2.53227687	1.91184e-06	7.56638e-08	-11.4555899	17.09533747	5.71854845621508	7.12111185128555
RPL27A	-1.624144727	1.95453e-06	7.82868e-08	-11.42057839	23.19471421	5.70895765921256	7.1063114585095
RPS3	-1.08817738	1.95453e-06	7.84426e-08	-11.41853773	25.8548328	5.70895765921256	7.10544801996423
PXDN	1.114784598	2.03082e-06	8.20706e-08	11.37223435	30.08676782	5.69232856821067	7.08581239153427
FUCA1	1.116028941	2.0623e-06	8.43797e-08	11.34389567	26.26799166	5.68564815822434	7.07376202302354
GBA	-1.183433834	2.0623e-06	8.44924e-08	-11.34253464	25.16226527	5.68564815822434	7.07318235361247
PRKDC	-1.421263777	2.16832e-06	8.944e-08	-11.28460642	25.69502917	5.66387662435744	7.04846820945765
RPL21	-1.441980763	2.25555e-06	9.3667e-08	-11.23778223	22.59787769	5.64674754121827	7.02841338928537
HNRNPA0	-2.127310174	2.2913e-06	9.57903e-08	-11.21511294	19.85693596	5.63991804489403	7.01867846659745
AP3B1	-2.641989519	2.34533e-06	9.97107e-08	-11.17464103	22.20044061	5.62979604118096	7.00125823485169
LUC7L2	-2.214537448	2.34533e-06	1.00002e-07	-11.17169838	24.02190719	5.62979604118096	6.99999131419722
PGM2L1	-1.067569355	2.34533e-06	1.00633e-07	-11.1653657	26.25552428	5.62979604118096	6.99725958023648
PAPOLA	-2.03802267	2.34533e-06	1.00663e-07	-11.16506425	22.824083	5.62979604118096	6.99713013072379
KRI1	-2.650054512	2.41137e-06	1.04472e-07	-11.12772637	18.197422	5.61773614647463	6.981000091131
RPS16	-1.228824284	2.41137e-06	1.04842e-07	-11.12417835	24.58164941	5.61773614647463	6.979464702904
FRAS1	-1.126360717	2.57703e-06	1.12763e-07	-11.0512824	26.96289136	5.58888052566383	6.94783337847165
SEPTIN8	-1.797740178	2.6951e-06	1.19091e-07	-10.99689116	21.19556564	5.56942511595313	6.92412105798008
PAICS	-1.065680661	2.6951e-06	1.19432e-07	-10.99405623	24.32123798	5.56942511595313	6.92287929497003
XPOT	-1.388946478	2.73424e-06	1.21928e-07	-10.97350945	23.67750283	5.56316336756591	6.91389654992613
SLC16A7	1.902911002	2.79122e-06	1.25247e-07	10.94688776	21.73501074	5.55420593168745	6.90223266784834
LAMP2	-1.359807242	3.01068e-06	1.35934e-07	-10.86605167	26.37804033	5.52133540244792	6.86667190334416
TCOF1	-1.567871965	3.06878e-06	1.39412e-07	-10.84120674	27.78238237	5.51303424490501	6.85569984238232
RAB3GAP2	-2.706245073	3.13698e-06	1.43821e-07	-10.81065778	17.90179736	5.50348825016337	6.84217769588466
ZCCHC8	-3.451311897	3.13698e-06	1.44259e-07	-10.80767565	17.40578717	5.50348825016337	6.84085708265467
L1CAM	0.98476564	3.15591e-06	1.46009e-07	10.7958658	31.46484509	5.50087539046284	6.83562037346303
TMPO	-2.743320733	3.21432e-06	1.49627e-07	-10.77192518	20.72482987	5.49291088945313	6.82499003151847
ARHGEF17	-2.845160186	3.21432e-06	1.50503e-07	-10.7662228	18.0934865	5.49291088945313	6.82245484312356
EXOSC9	-1.699375652	3.23148e-06	1.52207e-07	-10.75522904	21.27229647	5.4905985276313	6.81756537390273
SBNO1	-2.975783358	3.29268e-06	1.56008e-07	-10.73118408	19.25961268	5.48245047426444	6.80685313070469
IL6ST	-1.241713966	3.29702e-06	1.57132e-07	-10.72418873	23.61738503	5.48187841838208	6.80373536169321
FAM83D	-3.919751669	3.3008e-06	1.58232e-07	-10.71739941	19.20921401	5.48138078937092	6.80070568254469
PTPRF	1.022592023	3.37808e-06	1.62879e-07	10.68926732	28.14696586	5.47133006964152	6.7881349056978
ISYNA1	-1.638722509	3.42161e-06	1.65931e-07	-10.67125229	23.15031782	5.46576949348001	6.78007246948354
CHGA	1.2076467	3.52613e-06	1.72072e-07	10.63606134	24.94445413	5.45270168034019	6.76428979344242
CTTN	1.357519624	3.52613e-06	1.72965e-07	10.63105679	27.97096891	5.45270168034019	6.76204176880576
C1QTNF5	-2.260648478	3.65887e-06	1.80496e-07	-10.58992461	17.68102558	5.43665302076363	6.74353241811941
LDHB	-1.010529119	3.67784e-06	1.82457e-07	-10.57951732	30.08731502	5.4344071681454	6.73883947018338
UBAP2L	-2.421921742	3.79006e-06	1.90291e-07	-10.53910282	21.60123121	5.42135391471197	6.72058175161192
C1QL1	-2.230204426	3.79006e-06	1.90367e-07	-10.5387231	21.05147634	5.42135391471197	6.72040833410295
CNN3	-2.3675581	3.79006e-06	1.91201e-07	-10.53452706	21.66426351	5.42135391471197	6.7185098406512
SRSF11	-3.429588975	3.79006e-06	1.92249e-07	-10.52928196	20.6442921	5.42135391471197	6.71613591054142
SETDB1	-3.484356197	3.79404e-06	1.93509e-07	-10.52302162	18.67320116	5.42089809472103	6.71329883137147
RABGAP1	-1.875095234	3.84671e-06	1.97267e-07	-10.50459441	23.32452283	5.41491055352866	6.7049455600422
MXRA5	-2.480721201	3.92469e-06	2.03421e-07	-10.47522319	22.96998164	5.40619464123881	6.69160421506447
SF3B4	-1.959299181	3.92469e-06	2.03454e-07	-10.47506968	21.41077727	5.40619464123881	6.69153376729582
TRA2B	-2.302056383	3.94144e-06	2.05421e-07	-10.46588516	24.14918778	5.40434508025605	6.68735516094356
EMILIN2	-4.213889108	4.06338e-06	2.12908e-07	-10.55695345	21.49460715	5.3911125613344	6.67180801967685
TRPS1	-2.623775301	4.45347e-06	2.35287e-07	-10.33699328	18.67370416	5.35130146888512	6.6284020676571
AEBP1	-1.306881127	4.45347e-06	2.3583e-07	-10.33481453	24.22487302	5.35130146888512	6.62740094900462
CPSF2	-1.435513554	4.49101e-06	2.3907e-07	-10.32193202	22.45230764	5.34765597790545	6.62147491845509
ARSJ	1.933386139	4.49921e-06	2.41035e-07	10.31420934	20.38558273	5.34686373572691	6.61791989019187
MYLK	-1.437599629	4.49921e-06	2.42015e-07	-10.31038694	23.22107857	5.34686373572691	6.61615771577435
ERCC3	-2.132035267	4.63766e-06	2.50754e-07	-10.27698619	16.75310771	5.33370109389044	6.60075213043487
SEMA4B	0.895029068	4.77305e-06	2.59405e-07	10.2451345	27.13770514	5.32120401616584	6.58602165719765
LAMA1	-0.920421558	4.84658e-06	2.64752e-07	-10.22601272	29.58171635	5.31456461419216	6.57716075044358
EPHA2	0.987543254	4.91142e-06	2.69662e-07	10.20881317	25.60513174	5.30879292559492	6.56918024877532
CTSV	1.016120926	5.06434e-06	2.7947e-07	10.17544557	30.35296434	5.2954771451773	6.55366480507176
YBX3	-2.084680283	5.07312e-06	2.81369e-07	-10.16913227	22.02127835	5.29472486472351	6.55072375292318
CD44	0.87914462	5.07475e-06	2.82874e-07	10.16416047	27.54368172	5.29458534775855	6.54840696832754
OSBPL9	-3.442866046	5.14942e-06	2.88471e-07	-10.14591435	19.43266137	5.28824168454807	6.53989783995372
ENPP5	-1.644526076	5.28598e-06	2.97594e-07	-10.11697266	21.12236232	5.27687448439501	6.52637582915156
MFGE8	1.3456732	5.30793e-06	3.00309e-07	10.10854252	29.351683	5.27507481316521	6.52243165217742
SPON2	3.882732011	5.34675e-06	3.03996e-07	10.0972274	17.01049269	5.27191012189531	6.51713213082992
SHTN1	-2.231873334	5.51611e-06	3.15162e-07	-10.063832	19.74860996	5.25836708188765	6.50146615217611
NCR3LG1	-2.210138464	5.55392e-06	3.18871e-07	-10.053022	20.79580819	5.25540038022292	6.49638497624989
LINGO1	-1.650230008	5.57296e-06	3.21517e-07	-10.04539005	21.57301669	5.25391407408746	6.49279605909745
RBM12	-1.818985473	5.67696e-06	3.29099e-07	-10.0238914	17.01009031	5.24588416581342	6.48267343735054
NCKAP1	-1.114179097	5.68853e-06	3.31355e-07	-10.01759638	25.14588625	5.24499994720228	6.47970647171231
CP	1.046196631	6.14129e-06	3.5944e-07	9.942882064	31.62925292	5.2117403941622	6.44437359441503
ITGA3	1.202829251	6.18059e-06	3.64261e-07	9.930690466	26.48714376	5.2089700651193	6.43858732447995
GPX3	-1.469970283	6.18059e-06	3.65186e-07	-9.928370934	24.5153492	5.2089700651193	6.4374858802048
CNTN1	-1.513705626	6.36033e-06	3.77992e-07	-9.89688969	23.96555361	5.19652035078853	6.42251739167765
HSPB1	-1.032801512	6.36033e-06	3.80008e-07	-9.892036671	27.91860045	5.19652035078853	6.42020726043771
TGFBRAP1	-1.555586119	6.36033e-06	3.81123e-07	-9.88936552	22.47823325	5.19652035078853	6.4189348416459
CILP	-1.587076406	6.37058e-06	3.83513e-07	-9.883667598	26.76931799	5.19582102616816	6.41621991011767
COPS6	-2.137075606	6.413e-06	3.87854e-07	-9.873415818	19.63088599	5.19293876008276	6.41133172524862
SERPINA1	1.829903906	6.42803e-06	3.90555e-07	9.867098801	28.65928243	5.19192210502567	6.40831779785701
DYNC1I2	-1.103912827	6.56148e-06	4.02232e-07	-9.840318601	25.18429125	5.18299819060328	6.39552338159956
IMPDH2	-1.451171729	6.56148e-06	4.03298e-07	-9.837915584	21.96578917	5.18299819060328	6.39437393170207
RPL22	-1.629845842	6.56148e-06	4.04845e-07	-9.834438924	25.23322948	5.18299819060328	6.39271122006773
TBC1D8B	-2.212757762	6.56148e-06	4.05978e-07	-9.831903638	20.3724936	5.18299819060328	6.39149750025895
PTPRK	1.050908896	6.65126e-06	4.13869e-07	9.814445745	28.41324157	5.17709607511604	6.38313710230941
ARHGAP29	-2.059097418	6.65126e-06	4.1524e-07	-9.811449222	22.6840947	5.17709607511604	6.3817008176294
DCTN1	-1.951898184	6.66145e-06	4.17733e-07	-9.806027648	22.21756705	5.17643122751779	6.37910121505855
ZBTB48	-1.378181628	6.87516e-06	4.33051e-07	-9.773459961	22.03598194	5.16271719039828	6.363460954191
XRCC5	-1.208138081	7.09849e-06	4.49096e-07	-9.740644547	25.24384615	5.14883402514183	6.34766081308617
PCDH1	1.119840429	7.13075e-06	4.53125e-07	9.732603245	26.15561881	5.14686478940039	6.34378197608493
ADAMTS1	-1.388905378	7.31352e-06	4.66777e-07	-9.705910679	23.93711444	5.13587354662199	6.33089055155377
PLOD2	1.103890513	7.55745e-06	4.85296e-07	9.671013796	26.40021963	5.12162471742781	6.31399328829544
RPL6	-1.56980787	7.55745e-06	4.89118e-07	-9.663988837	25.4390182	5.12162471742781	6.31058635444138
PDGFRL	2.571739478	7.55745e-06	4.90047e-07	9.662290733	22.58173084	5.12162471742781	6.30976226515153
ROR1	-1.939058534	7.55745e-06	4.90771e-07	-9.660969345	21.58146982	5.12162471742781	6.30912110795008
RUVBL1	-1.30059637	7.55993e-06	4.93039e-07	-9.656842992	25.21412986	5.12148222576261	6.30711872612868
CD63	1.019256168	7.6181e-06	4.98956e-07	9.646175798	25.79232336	5.11815333081354	6.30193775056846
CNTN4	-3.590574054	7.6529e-06	5.03368e-07	-9.775938001	22.28714167	5.11617396153425	6.29811439678359
PTK7	0.808948222	7.76009e-06	5.12581e-07	9.622116828	29.07766412	5.11013324185048	6.29023749598261
IARS1	-1.25447666	7.81227e-06	5.19829e-07	-9.609598532	24.36559833	5.10722275546562	6.28413949592262
ENAH	-1.42547731	7.81227e-06	5.20383e-07	-9.608648814	24.99313672	5.10722275546562	6.2836768995178
EIF3C	-1.059692431	7.96827e-06	5.32995e-07	-9.587328348	25.94378857	5.09863595852971	6.27327686504959
ANOS1	-1.369841368	8.16903e-06	5.487e-07	-9.561521857	25.76943673	5.08782950903151	6.26066503980392
NEK5	1.596241599	8.21096e-06	5.53805e-07	9.553304076	22.91733043	5.08560606354694	6.25664312756732
LTBP2	1.033806639	8.51108e-06	5.76419e-07	9.517852213	23.77682861	5.07001532730903	6.23926171234944
FGF18	1.46888855	8.61466e-06	5.85835e-07	9.503528986	25.93230864	5.06476185844087	6.23222468548338
TPD52L2	-1.49483281	8.7159e-06	5.95149e-07	-9.489601709	23.04919891	5.05968776118133	6.22537429178939
SH3GLB2	-2.00627852	8.82481e-06	6.05045e-07	-9.475057192	16.60593415	5.05429463629026	6.21821232365347
NAAA	-2.021247589	9.02236e-06	6.21105e-07	-9.451989767	22.69208598	5.04467984816557	6.20683497459655
BCAT1	-2.957519998	9.08698e-06	6.28086e-07	-9.442161491	20.55757604	5.04158042780741	6.2019808868865
TIMP1	0.996391534	9.13921e-06	6.34243e-07	9.433589176	26.40932527	5.03909134337655	6.19774431729212
FN1	1.388900795	9.1805e-06	6.39667e-07	9.426111956	33.43923946	5.03713366505937	6.19404605367134
FCHO2	-2.446966324	9.39795e-06	6.57438e-07	-9.402080735	21.16224463	5.02696686988785	6.18214519725263
ANK3	-2.039236518	9.44094e-06	6.65404e-07	-9.391532802	17.9059072	5.02498476242979	6.17691459274777
MON2	-1.861085564	9.44094e-06	6.67537e-07	-9.38873138	21.97525837	5.02498476242979	6.17552465737838
RABL6	-1.574317895	9.44094e-06	6.68861e-07	-9.386998148	23.97598385	5.02498476242979	6.17466412618607
FOXK1	-2.33262095	9.44094e-06	6.7097e-07	-9.384243627	18.52528296	5.02498476242979	6.173296897306
FBXW7	1.460502969	9.53941e-06	6.80627e-07	9.371749427	22.19906364	5.02047848500953	6.16709082673826
CBX5	-1.327808921	9.55655e-06	6.84513e-07	-9.366774481	23.74917323	5.01969886362168	6.16461829950274
ENO3	-1.322436419	9.56485e-06	6.87773e-07	-9.362625004	24.86555364	5.01932183637198	6.16255487733804
CDK1	-1.079205066	9.63798e-06	6.95718e-07	-9.352599906	23.46994468	5.01601397924861	6.15756676019051
SEMA3A	1.145309939	9.64112e-06	6.98632e-07	9.348953518	23.91949341	5.0158725115779	6.15575152590544
DDX21	-1.383874705	9.78433e-06	7.11736e-07	-9.332755225	24.14240118	5.00946890810156	6.14768106676274
RUVBL2	-1.228675111	9.94923e-06	7.26504e-07	-9.314878898	25.5386424	5.00221052927348	6.13876199021228
FBLN1	1.062931028	1.01219e-05	7.41937e-07	9.296610384	28.97670296	4.99473795764793	6.12963297034625
GLT8D1	-1.369714775	1.01258e-05	7.46451e-07	-9.291343283	20.9838646	4.99457065484313	6.12699869581312
SART3	-1.804877669	1.01258e-05	7.47868e-07	-9.289697451	21.21686759	4.99457065484313	6.12617504910139
TMPO	-2.32988987	1.01451e-05	7.52114e-07	-9.412603342	25.68703186	4.99374366777956	6.12371632720278
GARS1	-0.97296474	1.02704e-05	7.64271e-07	-9.27088049	24.59903283	4.9884126416598	6.116752619257
IDS	0.981896232	1.0318e-05	7.72349e-07	9.261772958	24.8965145	4.98640447646271	6.11218641142014
SMC4	-1.565111708	1.0318e-05	7.73564e-07	-9.260411833	24.41781082	4.98640447646271	6.1115037495832
DCXR	-2.331064246	1.04602e-05	7.87141e-07	-9.245356024	19.18546954	4.98046001163834	6.10394746581491
PUF60	-1.095501134	1.05026e-05	7.93258e-07	-9.238664075	23.76979042	4.97870317465629	6.10058553934941
HNRNPD	-0.892304971	1.06021e-05	8.03728e-07	-9.227336268	26.88975926	4.97460810378405	6.09489090160659
DLG1	-1.070890895	1.0713e-05	8.15121e-07	-9.215188594	24.50982179	4.97008889508756	6.0887779179695
DOCK11	-2.157230048	1.07597e-05	8.21669e-07	-9.208289461	19.52437743	4.96819983742064	6.08530309781755
SERPINB5	-3.432201705	1.07894e-05	8.28097e-07	-9.201572921	17.87059633	4.96700270582074	6.08191878870138
PPP1R18	-2.050233527	1.07894e-05	8.29957e-07	-9.199640268	16.77321459	4.96700270582074	6.08094440780041
DEK	-1.450226924	1.07899e-05	8.32999e-07	-9.196489354	23.88907207	4.96698258030777	6.07935551995545
LIF	2.120723444	1.11148e-05	8.61177e-07	9.167871655	23.41049117	4.95409834760087	6.06490757767167
MSH2	-2.27222359	1.12229e-05	8.72682e-07	-9.156474612	21.1230462	4.94989490678201	6.05914398172927
EEF1A1	-1.365798299	1.16807e-05	9.11534e-07	-9.119145074	29.47343029	4.93253113008082	6.04022712762667
FAT4	-1.947758907	1.1852e-05	9.28257e-07	-9.10359952	18.54184643	4.92620835719199	6.03233176706823
RPS4X	-1.408543803	1.1852e-05	9.31512e-07	-9.100608642	24.58708948	4.92620835719199	6.03081154602784
DSC2	1.012276766	1.19623e-05	9.45382e-07	9.08798872	26.42430485	4.92218531020757	6.02439267088766
HNRNPK	-1.244180415	1.19623e-05	9.50006e-07	-9.083824849	24.05235799	4.92218531020757	6.0222736518073
POFUT1	-1.535545331	1.19623e-05	9.50184e-07	-9.083665633	22.48737734	4.92218531020757	6.02219228687221
POLR2B	-2.453267251	1.20957e-05	9.64432e-07	-9.070974555	18.25269291	4.91736899316895	6.01572838809875
CFB	-1.06785066	1.20957e-05	9.67522e-07	-9.068248315	27.80020473	4.91736899316895	6.01433915099125
PYGB	-1.190294908	1.2128e-05	9.73487e-07	-9.063012784	23.88110665	4.91621081171202	6.0116698436981
RPL26	-1.574774527	1.22914e-05	9.90029e-07	-9.048671473	21.71730971	4.91039864781763	6.00435208383122
CA2	2.513650327	1.22938e-05	9.93647e-07	9.425807649	26.74616731	4.91031385641794	6.00276787433547
CR2	-2.590554857	1.23547e-05	1.00201e-06	-9.038446032	19.99104304	4.90816779578407	5.99912794421413
LSM14B	-1.950731744	1.31221e-05	1.07043e-06	-8.982436954	18.77447312	4.8819966569245	5.97044172781627
NBEA	1.834284226	1.31221e-05	1.07156e-06	8.981544871	23.57852216	4.8819966569245	5.96998350643328
ACACA	-1.813092912	1.33869e-05	1.1e-06	-8.959413755	19.56138209	4.87331998077473	5.95860731484177
KDM2A	-1.516319465	1.33869e-05	1.10065e-06	-8.958911725	20.76336799	4.87331998077473	5.9583507620765
CPSF1	-1.391794769	1.36418e-05	1.12541e-06	-8.940146158	22.72864383	4.86512832187224	5.94868923017587
PGD	-0.948968993	1.37062e-05	1.13454e-06	-8.933340584	27.43329345	4.86308293527489	5.94518018777108
RANBP2	-2.955270662	1.37068e-05	1.13841e-06	-8.930472853	21.21152761	4.8630639240985	5.94370129798549
SCAMP3	-1.751144832	1.39676e-05	1.16622e-06	-8.91016722	23.32785901	4.85487821065742	5.93321951495137
SNRNP200	-1.116917308	1.39676e-05	1.16786e-06	-8.90898195	23.80463823	4.85487821065742	5.93260921618909
EPCAM	1.538793496	1.44776e-05	1.21453e-06	8.876088136	24.03608752	4.83930342661575	5.9155917532561
MCAM	-2.474313161	1.48194e-05	1.24798e-06	-8.969553752	24.41476844	4.82916937948517	5.90379237455683
TOP2A	-1.662668875	1.48194e-05	1.25262e-06	-8.850230037	24.14915694	4.82916937948517	5.90218065840168
RPL27	-1.467459829	1.48194e-05	1.2556e-06	-8.848243886	25.81091078	4.82916937948517	5.901148692972
MYOF	-1.855082288	1.48378e-05	1.26129e-06	-8.844463976	19.56508928	4.8286304871088	5.89918504751118
NPR1	-1.693709845	1.49987e-05	1.28217e-06	-8.830746639	20.6352604	4.82394638143053	5.89205438888333
USP47	-2.393288773	1.49987e-05	1.28333e-06	-8.829990584	21.3830693	4.82394638143053	5.89166165325024
NISCH	-1.398001429	1.51595e-05	1.30131e-06	-8.818377448	22.92958645	4.81931512263681	5.88561923283727
ADGRL2	1.226630939	1.5313e-05	1.31876e-06	8.807271861	25.62550015	4.81493971747861	5.87983423414242
NCAM1	0.914363518	1.5365e-05	1.32752e-06	8.801758639	29.17922022	4.8134674354076	5.87695892725274
WNK1	-1.956679806	1.5825e-05	1.37167e-06	-8.774534433	22.38233644	4.80065628131061	5.86275035977902
MRC2	1.100387381	1.60743e-05	1.39971e-06	8.757732899	23.41773992	4.79386793055034	5.85396193464026
PCYT1A	-3.091986652	1.60743e-05	1.40527e-06	-8.754441545	20.66465311	4.79386793055034	5.85224022505098
NUP210L	2.646107825	1.60743e-05	1.41318e-06	8.749788769	18.10740357	4.79386793055034	5.84980251753715
LRRC75B	2.646107825	1.60743e-05	1.41318e-06	8.749788769	18.10740357	4.79386793055034	5.84980251753715
FUS	-1.838422288	1.60743e-05	1.41949e-06	-8.746092624	25.76024917	4.79386793055034	5.84786766263803
MAGOH	-1.053541009	1.60743e-05	1.42017e-06	-8.745696879	23.9519664	4.79386793055034	5.8476596657276
NLGN1	-1.83521323	1.64703e-05	1.45974e-06	-8.72293416	19.35447631	4.78329849025599	5.83572449121604
TMEM59	-2.196086794	1.6549e-05	1.47133e-06	-8.716394484	17.60203908	4.78122824403951	5.83228990979746
LSM14A	-2.45168928	1.65745e-05	1.47822e-06	-8.712533813	18.49944457	4.78055956401014	5.83026092610641
S100A11	2.026469426	1.67943e-05	1.5025e-06	8.700315097	25.23641475	4.77483809319016	5.82318551932522
CPQ	-1.015013071	1.6948e-05	1.52098e-06	-8.688984882	25.20160265	4.77088154467105	5.81787649662862
RPUSD2	-2.045269256	1.69821e-05	1.53146e-06	-8.683318792	19.95407301	4.77000860608148	5.81489434198907
KIF5B	-1.383851947	1.69821e-05	1.5335e-06	-8.682219987	23.92466257	4.77000860608148	5.8143162196815
TJP2	-1.255613446	1.69887e-05	1.54016e-06	-8.678650556	24.36332125	4.76983985270407	5.81243416000274
TBC1D4	2.212569072	1.69887e-05	1.54356e-06	8.676829398	22.91603366	4.76983985270407	5.8114764843144
HERC1	-2.382055415	1.72345e-05	1.57071e-06	-8.662473071	17.63305057	4.76360131164047	5.80390399129719
GAS6	-1.644975696	1.73209e-05	1.58341e-06	-8.65584567	21.54557259	4.76142954563976	5.80040661660794
KLK5	1.017546021	1.74545e-05	1.60049e-06	8.6470237	25.34751205	4.75809258743136	5.79574703502087
PAWR	-2.325594424	1.74992e-05	1.61175e-06	-8.64125834	19.07252464	4.75698180522954	5.79270232111686
THSD4	2.96732153	1.74992e-05	1.6175e-06	8.638336649	21.03347094	4.75698180522954	5.79115571065926
DHFR	-2.452471708	1.74992e-05	1.61921e-06	-8.637466126	19.12324612	4.75698180522954	5.79069682269392
NOG	1.543388555	1.75626e-05	1.62998e-06	8.632025519	21.39643557	4.75541118990674	5.78781772439538
HSPA4L	-1.615311098	1.75634e-05	1.63494e-06	-8.629527083	22.10616548	4.75539140766079	5.78649818070831
AARS1	-1.188737991	1.78523e-05	1.66782e-06	-8.613199261	24.58471235	4.74830582364364	5.77785082253822
RIC1	-1.592004742	1.78523e-05	1.67179e-06	-8.61125085	16.75023384	4.74830582364364	5.7768182768785
MDC1	-1.423020356	1.80332e-05	1.70254e-06	-8.596323321	23.87474625	4.74392720067474	5.76890267584677
XDH	1.090183178	1.80332e-05	1.70337e-06	8.595922192	23.15681481	4.74392720067474	5.76869100588068
TACC3	-2.042633147	1.80332e-05	1.70381e-06	-8.595713197	19.80749159	4.74392720067474	5.76857883712346
SF3A1	-1.404401908	1.81314e-05	1.71813e-06	-8.588863787	24.63058301	4.74156866094583	5.76494397895258
RPS6	-1.698244679	1.85096e-05	1.75955e-06	-8.569398794	23.46067163	4.73260296642645	5.75459838758664
TENM3	0.712512001	1.85096e-05	1.7643e-06	8.56719903	27.90918974	4.73260296642645	5.7534275658783
OXSR1	-2.082100308	1.87187e-05	1.78944e-06	-8.555652086	18.19273805	4.72772431598418	5.74728285894247
NECTIN1	0.970851561	1.87317e-05	1.7959e-06	8.552711753	25.42741573	4.72742280633454	5.74571784954917
TLR3	-1.989748965	1.92376e-05	1.84977e-06	-8.528641675	16.15490241	4.71584910962517	5.73288226832163
ITGB1	0.872706462	1.95678e-05	1.88698e-06	8.512449195	27.12677773	4.70845799915388	5.72423270287464
PPIL4	-2.736207556	2.01453e-05	1.94954e-06	-8.485974563	21.42567504	4.69582626079611	5.71006784967781
PAFAH1B1	-0.84367903	2.01453e-05	1.95798e-06	-8.482474567	25.98700411	4.69582626079611	5.70819174865852
FBN1	-1.266243507	2.01453e-05	1.96268e-06	-8.480533579	25.10041429	4.69582626079611	5.70715050303012
EFEMP1	-1.191463872	2.01453e-05	1.96512e-06	-8.479523868	24.11538792	4.69582626079611	5.70661092429793
HECTD4	-3.848439259	2.01578e-05	1.97727e-06	-8.475713688	17.97313364	4.69555686805967	5.70393402289485
FSCN1	-1.101888248	2.01578e-05	1.97758e-06	-8.474405369	25.18003992	4.69555686805967	5.70386593875024
ACOT7	-0.920224238	2.02549e-05	1.99275e-06	-8.468218126	26.70686107	4.69346989662038	5.70054718219802
THBS4	-1.86641056	2.02761e-05	2.00048e-06	-8.465083976	23.11063536	4.69301557553992	5.69886578616604
PML	-2.053904668	2.04697e-05	2.02529e-06	-8.455116616	19.22608881	4.68888852222754	5.69351278164324
MAP1A	-2.953535643	2.04926e-05	2.03744e-06	-8.450280691	18.84115406	4.6884029369615	5.69091517181625
ATP1B1	-1.643930093	2.04926e-05	2.0396e-06	-8.449425465	22.26577116	4.6884029369615	5.69045499670456
CD2AP	-1.165115162	2.04926e-05	2.04469e-06	-8.447409671	25.19604495	4.6884029369615	5.68937252701838
DBN1	-1.457732099	2.06846e-05	2.06961e-06	-8.437626225	24.13705206	4.68435287309926	5.68411148585011
TBC1D17	-1.921139316	2.07838e-05	2.08533e-06	-8.431520919	20.27288212	4.68227504541434	5.68082520887316
DDX42	-1.514973543	2.12983e-05	2.14289e-06	-8.409572261	23.2898227	4.67165505994546	5.66900012182757
RPSA	-1.024446735	2.16282e-05	2.18211e-06	-8.394976115	23.5370596	4.66497962307576	5.66112336044388
GALNT5	-2.427540568	2.17509e-05	2.20055e-06	-8.388210918	17.65065152	4.662522768275	5.65746875912676
ICAM1	-0.813509721	2.17983e-05	2.21293e-06	-8.383703205	25.10933927	4.66157737471685	5.65503232357593
TRAPPC3	-1.914228942	2.17983e-05	2.22316e-06	-8.379995181	18.31844869	4.66157737471685	5.65302928016355
PODXL2	1.203696848	2.17983e-05	2.22357e-06	8.379847197	24.82446195	4.66157737471685	5.65294919401572
AKAP12	-1.215712627	2.20876e-05	2.25924e-06	-8.367073372	27.27093726	4.6558514712441	5.64603763134647
ADNP	-1.880322986	2.24815e-05	2.3058e-06	-8.350718553	21.67074112	4.64817471534542	5.63717836515201
AIFM1	0.783935619	2.25747e-05	2.32165e-06	8.345231067	25.80836494	4.64637801240805	5.63420325166277
TINAGL1	1.32455289	2.27923e-05	2.35038e-06	8.335385731	26.85337421	4.64221184739937	5.62886191706377
NIFK	-1.875210448	2.30765e-05	2.38611e-06	-8.323319125	18.70802849	4.63683005972566	5.62230953916868
MICA	1.059472713	2.30866e-05	2.39904e-06	8.319000589	22.71249613	4.63664002160703	5.61996251083398
CCN1	-1.002700969	2.30866e-05	2.40462e-06	-8.317147083	24.06517057	4.63664002160703	5.61895354504581
MAGED2	-1.891134233	2.30866e-05	2.41604e-06	-8.313360696	18.24469496	4.63664002160703	5.61689587980444
EIF4A3	-1.137384052	2.30866e-05	2.41814e-06	-8.31266726	21.51685459	4.63664002160703	5.6165185589478
SLC39A6	1.481592214	2.30866e-05	2.42227e-06	8.311305188	21.50263149	4.63664002160703	5.61577744956016
HNRNPU	-0.906542192	2.30866e-05	2.42577e-06	-8.31015389	26.92946432	4.63664002160703	5.61515037925928
GBF1	-3.060114259	2.32321e-05	2.44753e-06	-8.303025903	20.19866341	4.63391153160351	5.61127197623387
CPNE1	-1.13599375	2.34892e-05	2.48116e-06	-8.292142523	22.96627353	4.62913177426122	5.60534522892546
PHAX	-1.680290031	2.36575e-05	2.50553e-06	-8.284354332	20.64067325	4.62603115123684	5.60110039285906
ACP7	2.365855418	2.43075e-05	2.58114e-06	8.26069499	19.40420086	4.61425970557609	5.58818843885849
RSF1	-1.050859704	2.45505e-05	2.6138e-06	-8.250705696	26.41853852	4.60993965852962	5.58272764637268
OR11A1	-1.511516476	2.46088e-05	2.62686e-06	-8.246747478	19.77845367	4.60890956330185	5.58056307256896
EDC4	-1.174986215	2.46959e-05	2.64304e-06	-8.241872548	22.87473033	4.60737514209156	5.57789626416764
CSRP1	-1.712913772	2.49939e-05	2.6819e-06	-8.230297212	22.59109342	4.60216597211173	5.57155741972001
TRHDE	-0.812529068	2.50591e-05	2.69588e-06	-8.226174063	29.71061604	4.6010345307901	5.56929944318186
NDST1	-1.180336618	2.51266e-05	2.71014e-06	-8.221993163	24.7677233	4.599866273888	5.5670082738278
MCM4	-1.780476775	2.51967e-05	2.72472e-06	-8.217743395	21.06698193	4.59865633483898	5.56467812043425
NCOA7	-2.877552467	2.52224e-05	2.73453e-06	-8.214898122	18.59072295	4.59821359115051	5.5631173077024
PBXIP1	-4.572327355	2.52368e-05	2.74313e-06	-8.347896036	18.40012365	4.59796571402566	5.56175361020633
RPL13	-1.286495675	2.53164e-05	2.75884e-06	-8.207893138	21.96847328	4.59659805107537	5.55927348586805
ARHGEF10	-2.15740953	2.56073e-05	2.80462e-06	-8.194878363	19.80099566	4.59163621055607	5.55212597329651
WASHC5	-1.640955213	2.56073e-05	2.80482e-06	-8.19482386	21.28272955	4.59163621055607	5.55209500446667
RPA1	-1.522112414	2.56427e-05	2.81584e-06	-8.191725194	24.06730602	4.59103624852273	5.5503920260538
HMGXB4	-1.616618288	2.58702e-05	2.84911e-06	-8.18244585	18.27817183	4.58720021378208	5.54529078295751
BUB1B	-3.65175314	2.58702e-05	2.85524e-06	-8.181849491	17.17189483	4.58720021378208	5.54435738083497
DHX15	-1.261999658	2.60232e-05	2.88511e-06	-8.172537568	24.55995434	4.58463930051493	5.53983762393553
EEF1A2	-1.752495683	2.60232e-05	2.88663e-06	-8.172123606	24.69409481	4.58463930051493	5.53960887917996
EPRS1	-0.924523931	2.62289e-05	2.91675e-06	-8.163937329	25.67114801	4.58121992267489	5.53510079346084
MACROH2A1	-0.998177139	2.66375e-05	2.96962e-06	-8.149789383	24.78065305	4.57450653727774	5.52729912053518
NCAPD2	-1.751067064	2.67277e-05	2.98713e-06	-8.145161345	22.04725326	4.57303841199862	5.52474587647384
AP3D1	-1.2601593	2.73519e-05	3.06451e-06	-8.125053365	23.15294396	4.56301250001226	5.51363895713526
PRDX1	-0.735288685	2.76061e-05	3.10068e-06	-8.11584067	28.16407894	4.55899494316568	5.50854305201654
SDK1	-1.885829811	2.76093e-05	3.10874e-06	-8.113802885	22.07947266	4.55894460422604	5.50741559873103
CCN3	-1.820399187	2.7683e-05	3.12606e-06	-8.109446151	22.17728847	4.55778684727718	5.50500269061023
SCRIB	-1.985325646	2.7683e-05	3.13246e-06	-8.107840029	21.06747472	4.55778684727718	5.504114466029
SPOCK1	1.151223744	2.778e-05	3.15296e-06	8.102727046	28.07938476	4.5562677585984	5.50128153889037
TP53BP1	-1.278312024	2.778e-05	3.15893e-06	-8.101242889	24.3517213	4.5562677585984	5.50045999769427
SFPQ	-0.890110373	2.77926e-05	3.17439e-06	-8.097417377	25.93085709	4.55607082303787	5.49833971764325
TACC2	-2.278511266	2.77926e-05	3.17586e-06	-8.09705518	20.90683443	4.55607082303787	5.4981386506302
HEATR5B	-1.866384117	2.82951e-05	3.2552e-06	-8.077736454	16.27459731	4.54828876685071	5.48742232315477
PSAT1	-0.80373184	2.82951e-05	3.25629e-06	-8.077474927	27.42484889	4.54828876685071	5.48727692448574
ROS1	-2.96095791	2.82951e-05	3.26033e-06	-8.076503349	20.50864744	4.54828876685071	5.48673843983214
ARPC1A	-0.811947847	2.82951e-05	3.26482e-06	-8.07542717	25.94626188	4.54828876685071	5.48614075777686
SNAP91	1.752532797	2.84483e-05	3.29042e-06	8.069319934	21.56666403	4.5459436808569	5.48274866373981
AFDN	-1.734222014	2.8776e-05	3.33635e-06	-8.058490712	23.360823	4.54096957518955	5.47672839595533
SRSF6	-1.381537173	2.87817e-05	3.34503e-06	-8.05646166	27.30868202	4.54088355790411	5.47559998289585
CHERP	-1.836307119	2.89404e-05	3.37155e-06	-8.050298845	19.25288923	4.53849547057039	5.47217039536356
PUS7	-1.386958524	2.92864e-05	3.4208e-06	-8.038987709	17.27988722	4.53333401023114	5.46587231647132
SPINT1	0.978003845	2.92864e-05	3.42818e-06	8.037308229	28.0057941	4.53333401023114	5.46493638308652
AMIGO2	0.844523483	2.94325e-05	3.45582e-06	8.031050076	25.52837093	4.53117284730942	5.46144888628648
SMOC1	-1.357713675	2.94325e-05	3.46168e-06	-8.029730842	23.59957726	4.53117284730942	5.46071308107572
DBR1	-1.805825022	2.95028e-05	3.47817e-06	-8.026028847	21.34602603	4.53013676480681	5.4586491951172
GBA3	-1.600941023	2.9583e-05	3.50181e-06	-8.020754882	24.07404479	4.52895778647905	5.45570742141365
NPM1	-0.91906403	2.9583e-05	3.50412e-06	-8.020242303	29.94606747	4.52895778647905	5.45542102965993
CSPG4	0.845095014	2.96679e-05	3.52646e-06	8.015298524	25.91264054	4.5277131935109	5.45266103791545
TPM1	-1.523403649	2.96679e-05	3.53071e-06	-8.014361116	25.74154271	4.5277131935109	5.45213795238082
PTPRD	-2.542112488	2.98366e-05	3.5591e-06	-8.008131941	20.93674254	4.52525066797442	5.44865980945666
FGFRL1	1.283016794	3.02625e-05	3.62542e-06	7.993789268	24.70890318	4.51909519755021	5.44064167375054
CDHR1	1.423004906	3.02625e-05	3.62747e-06	7.993349095	16.90869441	4.51909519755021	5.44039617058928
GDA	-0.88234022	3.02625e-05	3.63521e-06	-7.991694198	25.87233942	4.51909519755021	5.43947049561461
EFNB2	-0.899017873	3.031e-05	3.64937e-06	-7.988677428	25.20218299	4.51841406363238	5.43778210243088
SSRP1	-1.061989886	3.05149e-05	3.68253e-06	-7.981658147	27.41392487	4.51548804892611	5.43385370645916
TEX10	-2.026664829	3.07858e-05	3.72381e-06	-7.973016076	22.52148789	4.51164955634662	5.4290124861377
MCM6	-1.744922743	3.11467e-05	3.77615e-06	-7.96220341	21.35333635	4.50658796016725	5.42295076255236
MAP9	-1.9820152	3.12675e-05	3.80021e-06	-7.957287849	17.12431076	4.504906841482	5.42019240356181
EPHB2	0.899196832	3.12675e-05	3.80822e-06	7.955658107	25.78121284	4.504906841482	5.41927797046977
EPS8L2	-1.297717166	3.12913e-05	3.81984e-06	-7.95330053	21.75746114	4.50457639367393	5.41795482781404
FYCO1	-1.471101506	3.13134e-05	3.83126e-06	-7.950990949	16.70244858	4.50426977425242	5.4166583745808
AOC3	-1.19254183	3.15993e-05	3.88204e-06	-7.940810517	22.16068152	4.50032253793554	5.41093999401469
KLC1	-1.388353159	3.15993e-05	3.88387e-06	-7.940447302	22.09776089	4.50032253793554	5.41073531512539
PANK4	-2.579784772	3.21207e-05	3.9569e-06	-7.926059254	19.07281637	4.49321499879732	5.40264492521969
USP15	-2.093821738	3.21445e-05	3.98294e-06	-7.920997902	19.54721161	4.49289332519662	5.39979623586162
ERAP2	-1.159707363	3.21445e-05	3.99122e-06	-7.919396866	24.41134101	4.49289332519662	5.39889433281415
HSPA2	-1.427161204	3.21445e-05	3.99474e-06	-7.918716613	21.89520269	4.49289332519662	5.39851148174169
VTCN1	1.580016327	3.21445e-05	3.99567e-06	7.91853651	22.63030545	4.49289332519662	5.39841038708697
GTF2E1	-2.689533327	3.21525e-05	4.00562e-06	-7.916618757	20.87890131	4.49278525309767	5.39733025317796
BIRC6	-1.70696656	3.23487e-05	4.03908e-06	-7.910205115	20.10940729	4.49014316767444	5.39371754489526
PSIP1	-1.193014351	3.24181e-05	4.06078e-06	-7.906076588	24.78858642	4.48921244240842	5.39139053855087
CCDC80	0.859250981	3.24181e-05	4.07339e-06	7.903688181	26.00253036	4.48921244240842	5.39004400711522
ZFYVE16	1.237553873	3.24181e-05	4.07485e-06	7.90341201	26.65407187	4.48921244240842	5.38988837351819
SP100	-1.3746165	3.29373e-05	4.14929e-06	-7.889476419	16.4122902	4.48231200453363	5.38202621062815
NAP1L1	-1.350523942	3.35923e-05	4.24117e-06	-7.872640116	24.92895074	4.47376025983467	5.37251431924455
COL1A1	-2.708185124	3.39853e-05	4.30026e-06	-7.862016944	21.28934445	4.46870889205717	5.36650528554793
NBEAL2	-2.453438401	3.4209e-05	4.3381e-06	-7.855294852	17.79648391	4.46585962095757	5.36270044103837
PPIB	0.98696942	3.47197e-05	4.41253e-06	7.842254294	28.50543582	4.45942403605624	5.3553123289038
FBXO2	-1.467149871	3.53193e-05	4.49859e-06	-7.827467679	21.98746006	4.45198791237504	5.34692358648581
SAP30BP	-1.634892366	3.5364e-05	4.51414e-06	-7.824827829	23.07388845	4.45143861810245	5.34542497598829
CHAF1B	-3.601616599	3.54266e-05	4.532e-06	-7.822808066	18.54745393	4.45067052624693	5.34371009880864
RPL35A	-1.282563341	3.59805e-05	4.61288e-06	-7.808288829	23.85709732	4.4439328058117	5.33602784303225
SAFB	-1.034134478	3.62941e-05	4.6632e-06	-7.800005511	26.01796312	4.44016396850934	5.33131595768861
MIER1	-1.725555057	3.67483e-05	4.73181e-06	-7.788864851	21.77645548	4.43476274685723	5.32497270225379
IGFBP2	-1.195864611	3.70501e-05	4.79012e-06	-7.779529791	25.52420821	4.4312106155014	5.31965360669294
ANKRD28	-1.752503344	3.70501e-05	4.79132e-06	-7.779338972	16.42254236	4.4312106155014	5.31954482275629
MCM3	-2.859125473	3.79447e-05	4.91758e-06	-7.759541106	20.83509966	4.42084887646147	5.30824856617712
C1RL	1.211426834	3.8212e-05	4.96288e-06	7.752570903	23.48078681	4.41780023092628	5.30426622570292
PAPLN	-2.21161463	3.86867e-05	5.04841e-06	-7.739592881	19.70943946	4.41243831429307	5.2968453816746
CHD1	-1.662794629	3.86867e-05	5.04975e-06	-7.739390276	19.47624288	4.41243831429307	5.29673012214035
SARS2	-2.337645842	3.86867e-05	5.06765e-06	-7.736704681	17.19142092	4.41243831429307	5.29519338753714
RPL34	-1.147298316	3.86867e-05	5.06766e-06	-7.736703572	21.92705169	4.41243831429307	5.29519253054415
HS6ST1	-1.322186514	3.94457e-05	5.18637e-06	-7.719145817	22.08100383	4.4040003325827	5.28513650352765
RPL18A	-1.784044848	3.94457e-05	5.18907e-06	-7.718750548	21.47653922	4.4040003325827	5.28491047067939
LARS1	-1.826666108	3.95665e-05	5.21599e-06	-7.714831025	20.66858181	4.40267236514753	5.28266324989672
RPL18	-1.455120365	3.96711e-05	5.24083e-06	-7.711233301	23.40432992	4.40152575724436	5.28059992754399
EIF2AK2	-1.39183483	3.97012e-05	5.25587e-06	-7.709063952	19.04044063	4.40119636614615	5.27935538526351
BCLAF1	-1.517227804	4.03739e-05	5.35618e-06	-7.694760931	24.63343841	4.39389929699367	5.271144836497
FAT2	-0.664100835	4.04841e-05	5.39041e-06	-7.68994581	30.42927364	4.39271551105937	5.26837820068234
IGF1	-2.318982861	4.04841e-05	5.39337e-06	-7.689530384	18.72387721	4.39271551105937	5.26813978489516
RPL35	-1.087868299	4.06772e-05	5.43294e-06	-7.684006873	23.93688046	4.3906489492203	5.26496509117699
OGFR	-2.914171421	4.06772e-05	5.44177e-06	-7.682781575	20.96901804	4.3906489492203	5.26425981791123
CCDC194	1.677988419	4.11185e-05	5.51226e-06	7.673065239	19.90712987	4.38596273675609	5.2586703059948
SLITRK2	1.489466048	4.15478e-05	5.5814e-06	7.663663145	19.16313102	4.38145196762369	5.25325685195606
CHD4	-0.922547684	4.18699e-05	5.64526e-06	-7.655088661	25.63726495	4.37809807635501	5.24831605126514
MAN2A1	-0.827354202	4.18699e-05	5.648e-06	-7.654722352	25.69906323	4.37809807635501	5.24810531195625
HSPH1	-0.979541748	4.1978e-05	5.67428e-06	-7.651226083	26.77599249	4.37697825678875	5.24608923754711
EPDR1	-3.650268746	4.20275e-05	5.69268e-06	-7.649743154	18.95148021	4.37646644317316	5.24468322829809
ANAPC1	-1.437405915	4.22185e-05	5.73033e-06	-7.643826045	18.03396906	4.37449720099746	5.24182036702873
SCUBE3	-1.655625818	4.23923e-05	5.76573e-06	-7.639191782	20.02672513	4.3727130200864	5.23914569879408
CREB1	-1.718811719	4.30006e-05	5.86045e-06	-7.626939551	20.3539235	4.36652548453969	5.23206903500351
AFAP1	-4.092313053	4.36356e-05	5.95957e-06	-7.69966044	18.45006055	4.36015904800257	5.22478507471684
CA8	-1.66060652	4.36356e-05	5.99019e-06	-7.610496274	22.67075619	4.36015904800257	5.2225594022112
PDCD4	-1.818736187	4.36356e-05	5.99365e-06	-7.610063609	19.29179276	4.36015904800257	5.22230862133477
PAK2	-1.164222046	4.36356e-05	5.99565e-06	-7.609813795	21.4439266	4.36015904800257	5.22216372730895
COL4A1	-1.098910473	4.38952e-05	6.04354e-06	-7.603845203	25.22897977	4.35758296785552	5.21870859910872
CPSF7	-2.156357283	4.39796e-05	6.06741e-06	-7.600889255	21.25988373	4.35674872492027	5.21699665698915
TCERG1	-1.644378282	4.40678e-05	6.09186e-06	-7.597874435	22.25073126	4.35587863026406	5.2152500859542
CYBRD1	1.496323047	4.44138e-05	6.15208e-06	7.59050422	17.38877554	4.35248206743814	5.21097802572082
GIGYF2	-1.944938501	4.49209e-05	6.23641e-06	-7.580311797	17.9709164	4.34755155113903	5.20506534074357
LMNB1	-0.796719538	4.49209e-05	6.24737e-06	-7.578997894	27.07286131	4.34755155113903	5.20430277223554
SLC34A2	-0.904045116	4.50136e-05	6.27279e-06	-7.575959052	26.72113912	4.3466562526111	5.20253925149787
CSDE1	-1.285670897	4.5141e-05	6.30313e-06	-7.572350158	25.00531	4.34542882430851	5.2004437356
ADAMTS12	-2.433814427	4.55942e-05	6.37913e-06	-7.563391612	16.61528737	4.3410904000593	5.19523854729187
BCHE	-0.821239373	4.56995e-05	6.41727e-06	-7.55893783	26.71881455	4.34008855153691	5.19264968783312
DNAJB6	-2.627939665	4.56995e-05	6.41933e-06	-7.558698347	21.19661781	4.34008855153691	5.19251029786375
CD151	1.171723833	4.58071e-05	6.44721e-06	7.555461988	24.60653786	4.33906720208692	5.19062818361922
RPL15	-1.189806344	4.59689e-05	6.48279e-06	-7.551353631	24.12890884	4.3375358884543	5.18823804647027
PLCG2	-2.169717705	4.59793e-05	6.49707e-06	-7.549711063	18.78586881	4.33743764482079	5.18728245408272
CGNL1	-1.585047876	4.60171e-05	6.51524e-06	-7.547627555	17.64845628	4.33708075406551	5.18606958167728
BOD1L1	-1.62812797	4.61504e-05	6.56341e-06	-7.542132217	23.07800326	4.33582453045519	5.18287046559285
PSPC1	-1.635961808	4.61504e-05	6.57147e-06	-7.541216482	19.63742093	4.33582453045519	5.18233747039784
TJP1	-1.259991429	4.61504e-05	6.5727e-06	-7.541076994	25.74020273	4.33582453045519	5.18225618991922
RPS9	-1.350830092	4.64451e-05	6.62762e-06	-7.534873457	24.18238837	4.33306009771367	5.17864240016733
CCDC6	-1.545044066	4.67894e-05	6.6898e-06	-7.527916791	23.76481651	4.32985252391147	5.17458686581884
ACBD3	-1.169996565	4.69219e-05	6.72392e-06	-7.524127434	23.39784394	4.32862441039264	5.17237746236006
ACP3	-1.654251129	4.69219e-05	6.74202e-06	-7.522126826	18.73618163	4.32862441039264	5.17120996349159
C1QTNF3	1.898551553	4.69219e-05	6.74797e-06	7.522392324	24.27946278	4.32862441039264	5.17082685685698
PCDHGC3	0.795949964	4.69474e-05	6.76471e-06	7.519624925	23.57028482	4.32838845445047	5.16975081667158
OTUD7B	-2.73160539	4.69559e-05	6.77903e-06	-7.518051623	17.35435853	4.32830983094935	5.16883244415434
RTF1	-1.123907434	4.77609e-05	6.90856e-06	-7.503975595	23.41770993	4.32092749801455	5.16061246626198
EPS15	-1.691142063	4.84412e-05	7.03076e-06	-7.490951733	20.82577338	4.31478510692198	5.15299772676307
UBE2O	-1.363770547	4.84412e-05	7.03396e-06	-7.490613972	23.9380635	4.31478510692198	5.15280010571323
SRSF2	-1.838660185	4.84727e-05	7.07797e-06	-7.56831831	26.25323516	4.31450278876821	5.15009128245325
NCAPH	-2.028620475	4.84727e-05	7.07188e-06	-7.48662376	17.22569342	4.31450278876821	5.15046511730776
PPM1G	-0.778846504	4.84727e-05	7.07907e-06	-7.485868967	25.75848394	4.31450278876821	5.15002379321382
KPNA2	-1.30317546	5.0287e-05	7.35805e-06	-7.457225574	22.70031698	4.2985442725578	5.13323726534285
PRMT6	-1.761877532	5.06029e-05	7.41837e-06	-7.451184161	18.59708812	4.29582459347823	5.12969150951496
NEMF	-2.395506641	5.15139e-05	7.56629e-06	-7.436589927	18.74759781	4.28807556942901	5.12111701712917
PCDH7	0.741857344	5.19298e-05	7.64184e-06	7.429252028	24.23226187	4.28458335002315	5.11680205953488
TRIM28	-1.498800803	5.39665e-05	7.9566e-06	-7.399493931	23.70806237	4.26787574721136	5.09927247455917
EPHB3	1.049401529	5.46744e-05	8.07621e-06	7.388514427	24.25788228	4.26221597423672	5.09279239692807
DNMT1	-2.18945641	5.48225e-05	8.14732e-06	-7.382067722	22.14129381	4.26104116377192	5.08898522569194
SNX1	-1.683767394	5.48225e-05	8.14959e-06	-7.381863133	19.8762812	4.26104116377192	5.08886423975285
CRYAB	-0.963484818	5.48225e-05	8.15652e-06	-7.381237978	26.37878031	4.26104116377192	5.08849509457466
TRMT6	-1.548181194	5.48225e-05	8.15921e-06	-7.380996119	19.67313901	4.26104116377192	5.08835188894832
FAM171A2	1.533963359	5.5637e-05	8.30009e-06	7.368419946	21.5718898	4.25463629562053	5.08091719843218
USP7	-1.494279358	5.5637e-05	8.32464e-06	-7.366251601	21.76412033	4.25463629562053	5.07963453852963
CDH2	-1.3773151	5.5637e-05	8.33141e-06	-7.365654749	24.18843453	4.25463629562053	5.07928149278297
FLOT1	1.117094254	5.5637e-05	8.34245e-06	7.364683174	23.88973559	4.25463629562053	5.07870638758467
UCHL1	-0.999933396	5.57847e-05	8.38015e-06	-7.361374432	24.54863115	4.25348489813603	5.07674820767172
SMC2	-1.842710217	5.65562e-05	8.5118e-06	-7.350821985	24.18539696	4.24751977839207	5.06997858945655
UBE4B	0.766138128	5.75461e-05	8.67682e-06	7.335877709	25.10242239	4.23998410393466	5.06163941186219
ADD1	-2.009486322	5.77361e-05	8.72156e-06	-7.332113153	20.80461378	4.2385525555035	5.059405827132
LAMC2	-0.768744387	5.93775e-05	8.98606e-06	-7.310271517	27.70043467	4.22637809166859	5.04643068594532
GNPTG	-1.043941178	5.99584e-05	9.09068e-06	-7.301820533	24.00881544	4.22214996489051	5.04140362951707
DHX8	-1.381417923	5.99713e-05	9.10936e-06	-7.300323034	21.57658035	4.22205653684327	5.04051213435874
HNRNPF	-1.665519428	6.0745e-05	9.2438e-06	-7.289637643	23.43350012	4.2164894636025	5.0341494595404
OSBP	-1.178486908	6.11908e-05	9.33015e-06	-7.282861109	23.22672396	4.21331386886064	5.03011137408323
RPS11	-1.314943209	6.11908e-05	9.34576e-06	-7.281643539	22.95644283	4.21331386886064	5.02938537589184
DCTN2	-1.20725253	6.20813e-05	9.49907e-06	-7.269797096	22.36892835	4.20703919740523	5.02231891193631
CBX3	-1.15168068	6.24176e-05	9.56792e-06	-7.264543237	22.72819254	4.20469293427362	5.01918246459561
CTPS1	-1.398125925	6.24859e-05	9.5958e-06	-7.262426826	21.45219135	4.20421797054449	5.01791881237173
PTPN11	-1.252034302	6.26457e-05	9.6378e-06	-7.25925126	22.99338939	4.20310873361416	5.01602209025701
TNR	-3.014382192	6.34945e-05	9.80637e-06	-7.24750609	16.63611312	4.19726389239465	5.00849172459924
ZNF622	-1.206786706	6.34945e-05	9.81796e-06	-7.24579528	21.25649185	4.19726389239465	5.00797874162041
ELAVL1	-1.075874625	6.34945e-05	9.82148e-06	-7.245535344	22.90939945	4.19726389239465	5.00782306339408
TSC2	-1.889645901	6.38808e-05	9.91205e-06	-7.238871837	16.42969147	4.19462965368869	5.0038365158865
AHCY	-0.67293181	6.38808e-05	9.91684e-06	-7.238521516	27.15426676	4.19462965368869	5.00362669369184
DCAF8	-1.837017132	6.46422e-05	1.00646e-05	-7.22779132	20.9235349	4.1894838714228	4.99720348071023
CRABP2	-1.39923368	6.46422e-05	1.00806e-05	-7.226641571	22.30949411	4.1894838714228	4.99651361779782
FRYL	-1.108320688	6.46422e-05	1.01046e-05	-7.224917054	22.20279833	4.1894838714228	4.99548087375987
NARS1	-0.902212583	6.46422e-05	1.01071e-05	-7.224740677	23.99070683	4.1894838714228	4.9953734373532
RPS23	-1.601389157	6.5793e-05	1.03054e-05	-7.210669918	21.48324576	4.18182031038438	4.98693514659012
ELP1	-1.545835014	6.63082e-05	1.04045e-05	-7.203740116	20.56216113	4.17843276127028	4.98277878546278
ELP2	-1.107626012	6.6318e-05	1.04246e-05	-7.202349253	21.82992235	4.17836857959381	4.98194060025114
CD109	0.833118293	6.64692e-05	1.04669e-05	7.199421301	25.81049512	4.17737954821061	4.98018192503024
PNN	-1.135597012	6.66654e-05	1.05413e-05	-7.194301047	25.4766775	4.17609951072923	4.97710582669353
CCT8	-0.781721724	6.66654e-05	1.0556e-05	-7.19328991	26.65818523	4.17609951072923	4.97650061845199
CKAP5	-1.316397841	6.66654e-05	1.05665e-05	-7.192570475	23.02585194	4.17609951072923	4.97606884262663
OGA	-1.638297022	6.66654e-05	1.05721e-05	-7.192191607	20.5130731	4.17609951072923	4.97583873759076
DNAJC13	-0.890998402	6.75427e-05	1.073e-05	-7.181481351	22.69273371	4.17042158255664	4.96940027803405
PARD6B	-1.961853029	6.7575e-05	1.07545e-05	-7.179836328	19.92323202	4.17021394562924	4.96840977609834
AS3MT	-1.087491839	6.7575e-05	1.07728e-05	-7.178608188	23.04435022	4.17021394562924	4.96767140287613
VPS18	-1.530450968	6.83272e-05	1.09118e-05	-7.169362723	17.71295649	4.16540637599127	4.96210360270339
ABI2	-3.823823426	6.85315e-05	1.09761e-05	-7.362863283	20.79187591	4.16410976235168	4.95955194489075
RB1	-2.714802041	6.85315e-05	1.09826e-05	-7.1646978	17.80731414	4.16410976235168	4.95929483365786
SNX27	-1.165464481	6.91289e-05	1.1111e-05	-7.15632606	22.31031558	4.16034035368795	4.95424685240586
CLU	0.762462566	6.91289e-05	1.11169e-05	7.155942557	30.96758875	4.16034035368795	4.95401630093645
DSP	-0.916571071	6.9709e-05	1.12296e-05	-7.148679851	26.02816508	4.15671114732513	4.94963571309621
INTS3	-1.143451702	6.99123e-05	1.12818e-05	-7.145340458	22.23569272	4.15544641005984	4.94762160357059
PARP1	-1.067293376	7.00698e-05	1.13268e-05	-7.142480019	26.13233172	4.15446912210997	4.94589276786261
RPS25	-1.356005829	7.03455e-05	1.14097e-05	-7.13723627	23.92314679	4.15276367914859	4.94272577451758
IDUA	-0.939257841	7.03455e-05	1.14304e-05	-7.135930214	25.06682364	4.15276367914859	4.94193857146359
YIF1B	-1.400507229	7.03455e-05	1.14375e-05	-7.135483552	18.78009415	4.15276367914859	4.9416688929255
HDAC2	-0.983472978	7.03455e-05	1.14498e-05	-7.134714129	24.26599814	4.15276367914859	4.94120209932016
EIF3G	-1.116402102	7.0592e-05	1.15096e-05	-7.130970284	23.50985674	4.15124451357592	4.93893976940334
IFITM3	-1.204795255	7.07684e-05	1.1558e-05	-7.127950097	21.86582282	4.15016062323078	4.93711730986964
CRIP2	-1.188478976	7.16443e-05	1.17211e-05	-7.11789303	22.13982103	4.14481835623689	4.93103162880319
RAN	-1.070122437	7.16763e-05	1.17463e-05	-7.116350676	24.34906167	4.14462442146894	4.93009891148891
GOT1	-0.706189695	7.18842e-05	1.18088e-05	-7.112539279	26.85824268	4.14336655616607	4.92779423277234
PEAK1	-2.356758032	7.18842e-05	1.18204e-05	-7.111836591	16.14234221	4.14336655616607	4.92736782676666
EEF1D	-0.852047573	7.40638e-05	1.21995e-05	-7.089218002	24.88969982	4.13039400931744	4.91365796864417
PSME3IP1	-1.534887595	7.4726e-05	1.23409e-05	-7.080967617	18.57140664	4.12652826442417	4.90865316681973
WASHC2C	-1.992663736	7.4726e-05	1.23502e-05	-7.080431019	21.97316656	4.12652826442417	4.90832600935224
ENPP4	-1.401867278	7.6397e-05	1.26477e-05	-7.063420389	20.87056213	4.11692369520738	4.89798844430053
PWP2	-1.333097886	7.66244e-05	1.27067e-05	-7.060096991	20.11358485	4.11563291316142	4.89596722347239
TGS1	-1.121566501	7.84012e-05	1.30362e-05	-7.041830749	22.13455424	4.10567729000191	4.88484898525583
DHX9	-0.91725866	7.84012e-05	1.3045e-05	-7.041350044	25.4576532	4.10567729000191	4.88455591656376
PRKAB1	-2.050463486	7.84586e-05	1.30764e-05	-7.039635275	16.1149718	4.10535944560362	4.88351180305528
SRPK2	-1.371171732	7.89601e-05	1.3182e-05	-7.033906055	17.68845456	4.10259231032043	4.88001869269585
PTBP1	-0.950151017	7.92288e-05	1.3249e-05	-7.030298791	24.62334074	4.10111692185109	4.87781689990613
TUBA4A	-1.248680786	7.98058e-05	1.33677e-05	-7.023947442	24.01617959	4.09796554453323	4.87394330950953
UPF1	-1.223191779	8.02168e-05	1.34589e-05	-7.019110569	23.18101785	4.09573466683781	4.87099043368201
LARP7	-2.247237964	8.0462e-05	1.35225e-05	-7.015759528	20.16535782	4.09440917660979	4.8689430098859
CD82	0.894029402	8.14173e-05	1.37057e-05	7.006192375	27.5317678	4.08928330400211	4.86309877855762
PRPF8	-1.034107867	8.15423e-05	1.37495e-05	-7.003927411	24.34432959	4.08861704290568	4.86171309464748
NOP2	-1.861010482	8.1683e-05	1.3796e-05	-7.001529394	21.34225386	4.08786832014348	4.86024681430465
CHRD	-3.08739284	8.19073e-05	1.38567e-05	-6.99920436	17.91739445	4.08667738995589	4.85834018548417
PATJ	-3.047851397	8.26749e-05	1.40096e-05	-6.990622975	19.12402692	4.08262632171785	4.85357426444818
MAP2	-2.411006402	8.33431e-05	1.4146e-05	-6.983748627	20.06582387	4.07913034971681	4.84936634625357
FIP1L1	-2.608680221	8.44725e-05	1.43613e-05	-6.973047021	16.89690487	4.07328465249501	4.84280624552043
SMC1A	-0.870404008	8.53026e-05	1.45262e-05	-6.964962748	25.96841057	4.06903773145329	4.83784798066902
NUP93	-0.916267268	8.67561e-05	1.47979e-05	-6.951853846	22.54206461	4.06169997932438	4.82979991184302
RCOR1	-1.720984315	8.87095e-05	1.51558e-05	-6.93497144	22.44092563	4.05202986859384	4.81942113442565
STARD9	-0.955289234	8.88826e-05	1.52101e-05	-6.932444661	23.63882167	4.05118324986897	4.81786793063435
FJX1	-0.984679756	8.92758e-05	1.53126e-05	-6.927706663	21.70927386	4.04926624940705	4.81495106209179
SEPTIN5	-1.427722443	8.92758e-05	1.53375e-05	-6.926559794	17.71757097	4.04926624940705	4.81424542426494
FSTL1	-1.128596375	8.92758e-05	1.53751e-05	-6.924833798	31.66886903	4.04926624940705	4.81318205088217
FLNB	-0.655741654	8.92758e-05	1.53769e-05	-6.924749876	29.3380019	4.04926624940705	4.81313120995682
PRKAR2B	-3.734248555	9.0028e-05	1.55316e-05	-6.988089993	18.31718517	4.04562239773521	4.80878380277895
SEPTIN11	-0.896048355	9.03534e-05	1.56129e-05	-6.914015315	24.71346729	4.04405550028671	4.80651642192013
UCHL5	-3.417465203	9.05902e-05	1.56791e-05	-6.922933342	18.79029986	4.04291878152986	4.80467886998395
ECH1	-1.683368444	9.28488e-05	1.60959e-05	-6.892572916	21.5142069	4.03222370481323	4.79328473478415
SMG5	-1.521720248	9.34106e-05	1.62193e-05	-6.887202887	17.41151365	4.02960383832772	4.78996789320115
NOP56	-0.871041738	9.40193e-05	1.63642e-05	-6.880954147	23.01907822	4.02678298657969	4.78610522128039
SORD	-1.018062878	9.40193e-05	1.63774e-05	-6.880387533	24.07159453	4.02678298657969	4.78575504367931
TASP1	-1.137496087	9.48389e-05	1.65466e-05	-6.873169984	15.85674812	4.02301349187964	4.78129123167281
ATXN2L	-1.626928669	9.49438e-05	1.65913e-05	-6.871274351	19.15868173	4.02253339020766	4.78011958379438
TRAF6	-1.861606029	9.51536e-05	1.66545e-05	-6.868607015	16.42606035	4.02157477615721	4.77846840112954
HNRNPA2B1	-1.199246687	9.63496e-05	1.68907e-05	-6.858731328	27.89857269	4.01615008399922	4.77235235162273
PLTP	0.649312602	9.70475e-05	1.70401e-05	6.852560067	28.55469047	4.01301564780977	4.76852786090026
FNDC1	-2.623612496	0.000100894	1.77678e-05	-6.823302703	19.11670418	3.9961346597727	4.75036634298869
EIF2B4	-2.611569141	0.000100894	1.77717e-05	-6.823146653	19.17334723	3.9961346597727	4.75027102659503
MCTP1	-0.928421951	0.000101339	1.78784e-05	-6.818965368	22.31329199	3.99422338558536	4.74767135031993
ADSS2	-1.12817994	0.000102009	1.8025e-05	-6.813262551	23.96269075	3.99136150982723	4.74412472660853
TP53	-2.280137448	0.000102486	1.81401e-05	-6.808821519	18.19807778	3.9893354569303	4.74136032315638
CAD	-1.07743429	0.000102486	1.81665e-05	-6.80780678	24.11235351	3.9893354569303	4.74072873681434
CYP2D7	-1.203003221	0.000103217	1.83248e-05	-6.801755347	20.21316409	3.98624876784289	4.73696075662519
RPS8	-0.918136929	0.000103237	1.83571e-05	-6.800527536	23.14825178	3.98616462425967	4.73619592626521
CSE1L	-0.654563146	0.00010329	1.8407e-05	-6.798635544	28.9589867	3.98594172257566	4.73501698768354
XRCC6	-1.016330655	0.00010329	1.84241e-05	-6.797984568	25.30552854	3.98594172257566	4.73461371782876
CHRDL1	0.842744532	0.000103422	1.84764e-05	6.796009772	23.07662049	3.98538706798954	4.73338264417867
MACF1	-1.647780911	0.000105005	1.87885e-05	-6.784340581	20.7706865	3.97879002073283	4.72610789088013
RPL14	-1.38616542	0.000108023	1.93587e-05	-6.763545627	22.31773303	3.96648376572031	4.71312381034285
RGMB	-1.207039051	0.000108442	1.9464e-05	-6.759775246	17.53868784	3.96480248130776	4.71076790407724
GDF15	-1.485177488	0.000108471	1.94993e-05	-6.758517019	19.65266984	3.96468635604049	4.70998097897563
GPRC5A	1.987589257	0.000109014	1.96274e-05	6.843329362	24.24986078	3.9625177246987	4.7071372266577
NCAPG	-1.506109607	0.000109348	1.9718e-05	-6.750774189	21.85952736	3.96118915589939	4.70513713772203
KDM1A	-1.375762035	0.0001102	1.99024e-05	-6.744314681	22.40487433	3.95781840548423	4.70109454952452
SRSF9	-1.372065556	0.000110564	1.99988e-05	-6.740960564	18.30920178	3.95638625771858	4.69899606278669
RSRC1	-1.702129651	0.000111081	2.0127e-05	-6.736532058	19.23406364	3.95436021919431	4.69622095340447
LIMA1	-1.713522564	0.000111081	2.01544e-05	-6.735587587	22.58111625	3.95436021919431	4.69563012634089
UBA2	-0.974160685	0.000112657	2.04928e-05	-6.724053083	24.2893811	3.9482418179932	4.68839869843283
TPST1	-1.090173077	0.000112657	2.0503e-05	-6.723706651	16.36387837	3.9482418179932	4.68818258830414
RBM15B	-0.986316256	0.00011293	2.05843e-05	-6.7209683	23.79217054	3.94719067185944	4.68646389725073
DARS1	-0.797969147	0.000113828	2.07796e-05	-6.714434221	24.91330489	3.94375089479727	4.68236281671459
S100A1	-1.289563569	0.000114393	2.09147e-05	-6.709949323	19.23469939	3.9416005503191	4.67954836054924
SPAG9	-1.178761696	0.000114464	2.09847e-05	-6.707638425	22.79179788	3.94133108153112	4.6780972351385
HNRNPA3	-1.189805512	0.000114464	2.09914e-05	-6.707419539	24.96378267	3.94133108153112	4.67795859562442
RBM10	-2.182324817	0.000114481	2.10264e-05	-6.706267616	21.84002146	3.9412665856373	4.67723507795418
TAF15	-2.555600303	0.000114597	2.10797e-05	-6.792474249	22.36110915	3.94082675148293	4.67613557416498
RBMX	-1.337274109	0.000115334	2.12474e-05	-6.699040292	22.51676687	3.93804264556141	4.67269420607188
PDAP1	-1.621229258	0.000115468	2.13043e-05	-6.697194635	22.76589371	3.93753835645548	4.67153273093697
PCDH18	-2.012552816	0.000116563	2.15389e-05	-6.689633469	18.27137156	3.93343928358982	4.6667764800598
HMCN1	1.091742696	0.000117109	2.16723e-05	6.685370264	25.10692989	3.93140972747127	4.66409499618812
CPVL	0.819896543	0.000117821	2.18369e-05	6.680149838	26.40600144	3.92877729553112	4.66080901470593
ZC3H13	-1.195058444	0.000120346	2.23553e-05	-6.663981432	22.2424011	3.91956834001128	4.65061949768276
AFF4	-1.897158035	0.000120346	2.2372e-05	-6.663466942	19.89040884	3.91956834001128	4.65029518934379
FBL	-1.571846129	0.000120408	2.2417e-05	-6.662083575	22.41611771	3.91934465726064	4.64942250818272
LRRC4B	-0.857010758	0.000120442	2.2457e-05	-6.660857025	22.47318331	3.91922204142105	4.6486482610072
SCPEP1	-0.718541904	0.000121981	2.2778e-05	-6.651090142	24.73649298	3.91370781061841	4.6424844113849
NUFIP2	-2.217707634	0.000121989	2.28134e-05	-6.650021038	16.71691992	3.91367932878985	4.64180998472773
TBC1D13	-1.360000741	0.000123139	2.30884e-05	-6.641782936	17.34249853	3.90960437759402	4.63660616215634
RCC2	-0.853527139	0.000123139	2.30971e-05	-6.64152567	26.64871236	3.90960437759402	4.63644254534858
THRAP3	-1.299121146	0.000123875	2.32697e-05	-6.636410539	25.6260202	3.90701633250667	4.6332092157328
VPS41	-1.795795159	0.00012396	2.33203e-05	-6.634918565	17.49854127	3.90671843243275	4.6322658669702
KIF1B	-1.776576861	0.000124122	2.33854e-05	-6.63300418	20.90581986	3.90615123516678	4.63105519721979
WDR82	-0.967038472	0.000125812	2.37387e-05	-6.622711048	22.87211173	3.90027793372989	4.62454306795452
PBK	-1.21201426	0.000125892	2.37889e-05	-6.621260379	20.34508161	3.90000186692347	4.62362563929838
ELAC2	-1.532691998	0.000126989	2.40316e-05	-6.614301546	18.25635381	3.89623389673067	4.61921731333931
WDR26	-0.93908281	0.000127466	2.41574e-05	-6.610721717	23.13839115	3.89460564253619	4.61694980955485
IRS2	-2.907831903	0.000127671	2.42394e-05	-6.608399166	19.01246399	3.89390773993524	4.61547813450221
MGAT2	-1.26499892	0.000127671	2.42674e-05	-6.60760977	21.42976582	3.89390773993524	4.61497675132113
MNAT1	-2.014938422	0.000128993	2.45548e-05	-6.599546929	17.49364388	3.88943385670741	4.60986359886694
EPB41L1	-1.74906052	0.00013219	2.52311e-05	-6.580960002	20.86593279	3.87880139741531	4.59806381513775
ADSL	-0.922591459	0.00013219	2.52369e-05	-6.580802699	22.19878505	3.87880139741531	4.59796399315129
EIF5	-1.433844325	0.000133498	2.55284e-05	-6.572955958	23.20746467	3.87452524063252	4.59297640387754
UNC119	-1.205405702	0.000133498	2.5561e-05	-6.572085895	17.83803183	3.87452524063252	4.59242215966909
DHX16	-1.326785895	0.000134834	2.58656e-05	-6.563998114	17.28212028	3.87020058146157	4.58727744288154
HEXIM1	-1.598900664	0.000134834	2.5892e-05	-6.563302842	23.50405782	3.87020058146157	4.58683440165411
SMG1	-1.531922817	0.000135399	2.60382e-05	-6.559460234	17.93490832	3.8683845431552	4.58438904149736
ASNS	-1.119952774	0.00013541	2.60781e-05	-6.558417695	22.96649949	3.86834926191046	4.58372405364467
AHCYL1	-2.080986878	0.000135828	2.62085e-05	-6.555014821	19.10893953	3.86701069403172	4.58155783446601
RSL1D1	-1.151754714	0.000135828	2.62344e-05	-6.554340902	23.482474	3.86701069403172	4.5811288639859
SF3A3	-0.925242142	0.000135887	2.62835e-05	-6.553065804	23.14197446	3.86682208924483	4.58031680313524
COL23A1	1.092864752	0.000138022	2.6735e-05	6.541461573	21.71238911	3.86005168376475	4.57291981156364
RPL23A	-1.514605241	0.000139224	2.70067e-05	-6.53457761	20.05089845	3.8562858928208	4.56852847983875
NASP	-0.840998072	0.000141975	2.75798e-05	-6.520295517	27.41939831	3.8477881226445	4.55940888751518
ATF6B	0.845311509	0.000142569	2.7735e-05	6.516483924	24.48747642	3.84597489659169	4.55697182978515
TXNRD1	-0.718198103	0.000144308	2.81136e-05	-6.507275163	26.13181094	3.84070959226375	4.55108353859645
SUPT16H	-0.628140383	0.000144881	2.82655e-05	-6.503616078	27.42331225	3.8389885650892	4.54874332772304
NOS1	-2.016345322	0.000146218	2.8567e-05	-6.496417628	16.63986668	3.83499916076062	4.54413536521247
CC2D1B	-2.016618346	0.00014635	2.86338e-05	-6.494835707	16.99128546	3.83460727323019	4.54312101280553
NOL6	-1.229740254	0.000148586	2.91126e-05	-6.483595899	18.22327855	3.8280221085376	4.53591900667972
ARFGEF1	-1.32499327	0.000150207	2.9472e-05	-6.475286861	23.4651015	3.82330982771444	4.53059039148325
TMF1	-2.1994122	0.000150527	2.95797e-05	-6.472818178	20.34588915	3.82238559376245	4.52900623497081
RPL4	-1.438329909	0.000150527	2.96188e-05	-6.471923032	23.30285077	3.82238559376245	4.528432540816
COPA	-0.999452222	0.000150528	2.96609e-05	-6.470962644	23.69722563	3.82238270861201	4.52781567532033
CSTF2	-1.315101448	0.000153846	3.03575e-05	-6.455265756	18.41670785	3.81291379093755	4.51773399631114
RARS1	-0.680902883	0.000154861	3.06316e-05	-6.449194989	25.23622917	3.81005794064862	4.51383031781886
ADGRL3	1.686407307	0.000154861	3.06441e-05	6.448919995	20.30227028	3.81005794064862	4.5136531291095
KLRG2	-1.257146061	0.000155638	3.08413e-05	-6.444588788	22.18225455	3.80788435866079	4.51086732417078
BPTF	-1.217838832	0.000155713	3.08996e-05	-6.443313547	21.82677734	3.80767512800618	4.51004714254659
HCFC1	-1.183119681	0.000156105	3.10209e-05	-6.44067027	23.33020794	3.8065831863826	4.50834560628503
DPYSL5	-1.848097005	0.000156921	3.12428e-05	-6.435861313	18.20762541	3.80431893293418	4.50525005129739
SF3B1	-0.722481163	0.000156921	3.12705e-05	-6.435264809	25.0869021	3.80431893293418	4.50486517454521
PALD1	-2.284234349	0.00015861	3.16513e-05	-6.427102544	18.99113093	3.79966943487523	4.49960844769301
FASN	-0.971289851	0.000159545	3.18823e-05	-6.422203157	27.31665376	3.79711680166436	4.49645035599368
CYP20A1	-1.706078183	0.000159686	3.1955e-05	-6.420669245	17.5321004	3.79673315768285	4.49546117811543
MGAT3	0.878633138	0.000160324	3.21274e-05	6.417045218	22.08885378	3.79500146025736	4.49312441952605
ANP32E	-1.325984603	0.000161708	3.24497e-05	-6.41032742	25.68750262	3.79126849419433	4.48878931393131
ADAR	-2.415076081	0.000162044	3.25623e-05	-6.407995343	20.04294409	3.79036704494731	4.4872849268163
RALBP1	-1.56607174	0.000163092	3.28185e-05	-6.402725989	19.93252662	3.78756734148006	4.48388127266166
UCK2	-1.421513228	0.000163605	3.29672e-05	-6.399684651	17.61617359	3.78620342780878	4.48191793718163
YBX1	-1.366297478	0.000166137	3.35237e-05	-6.406491941	27.67403997	3.77953363602324	4.47464805445394
ARFGAP3	-1.670252702	0.000166776	3.36992e-05	-6.384932554	18.67148363	3.77786644660894	4.47238040891232
PSMB6	-0.82170988	0.000167365	3.38649e-05	-6.381639228	26.47423697	3.77633535814759	4.47025020248822
TTI1	-1.479891459	0.000167657	3.39707e-05	-6.379547088	16.7074169	3.77557830923243	4.4688955039688
NCBP3	-2.040517154	0.000169851	3.44625e-05	-6.369905229	18.54946267	3.76993189187194	4.46265322088617
LZIC	-1.524545069	0.000174164	3.53862e-05	-6.352185892	18.67725455	3.75904160947237	4.45116607222089
MANEA	-0.98328415	0.000174299	3.54833e-05	-6.350352413	29.05525312	3.75870510454651	4.4499759969253
CIRBP	-2.103606073	0.000174299	3.55107e-05	-6.350479861	21.95665189	3.75870510454651	4.44964076664119
NOLC1	-0.995063905	0.000174642	3.57253e-05	-6.345804502	26.72251115	3.75785130373049	4.44702411557275
PACS1	-2.552365726	0.000174642	3.57253e-05	-6.345804297	19.87003187	3.75785130373049	4.44702411557275
RNF2	-1.265912793	0.000174642	3.57266e-05	-6.345780224	18.83406429	3.75785130373049	4.44700831241492
PSMD13	-1.257083498	0.000175732	3.6034e-05	-6.34005067	22.22821517	3.7551491482485	4.44328752579014
PRDX6	-0.657639382	0.000175732	3.60693e-05	-6.339396185	25.53275218	3.7551491482485	4.44286228599013
GBP1	-0.884456011	0.000175732	3.60967e-05	-6.338888959	23.83370968	3.7551491482485	4.44253249995859
PWP1	-1.248768561	0.000177952	3.66022e-05	-6.32959472	22.83957658	3.74969712660319	4.43649281025735
EVA1A	1.03104263	0.000177991	3.66599e-05	6.328542649	21.86001917	3.74960195695602	4.43580872403031
TCP1	-0.782575182	0.000179102	3.69385e-05	-6.323486243	24.41761029	3.74689956443509	4.4325207443844
ACSS2	-1.005627548	0.000179156	3.69997e-05	-6.322382325	23.1364442	3.74676864257319	4.43180179725389
MGAT5B	-1.580719367	0.000181634	3.75619e-05	-6.312319286	19.69042433	3.74080285278478	4.42525244785838
YY1	-2.105501577	0.000181724	3.76757e-05	-6.310302615	20.2157609	3.74058771232181	4.42393866991411
PA2G4	-0.541280952	0.000181724	3.76892e-05	-6.310062649	27.0286692	3.74058771232181	4.42378308089141
UGDH	1.174265366	0.000181724	3.77452e-05	6.309073293	22.87027259	3.74058771232181	4.42313826909588
RPL13A	-1.530786855	0.000181724	3.77833e-05	-6.308400929	18.90550953	3.74058771232181	4.42270011340196
FDPS	-0.760179081	0.00018305	3.81099e-05	-6.302663658	24.56780816	3.73743026678245	4.41896219081076
PSMD7	-0.946758073	0.000183244	3.82014e-05	-6.301067155	24.861745	3.7369702366571	4.41792072082826
CDKN2AIP	-1.84250148	0.000183413	3.82878e-05	-6.299562178	20.2056209	3.73656988552436	4.41693958730364
EXOC6	-1.44938517	0.000183633	3.83848e-05	-6.297876062	19.55399952	3.73604927068338	4.41584071789737
IL6	1.51438927	0.000183751	3.84606e-05	6.296561871	18.8339912	3.73577028874281	4.41498394488546
PSMA5	-0.853837091	0.000190477	3.99217e-05	-6.271758553	23.58297386	3.72015745765833	4.39879097327396
PRPF19	-0.792270928	0.000190735	4.00288e-05	-6.269978888	25.90759682	3.71956960631347	4.39762742916019
UQCC3	-1.440806482	0.000191991	4.03459e-05	-6.264738189	19.00321766	3.71671912932743	4.39420059223922
NUDT5	-0.727384459	0.000194634	4.09556e-05	-6.254781659	25.0227443	3.71078129190633	4.38768670726571
NCBP2	-1.723655633	0.000195293	4.11488e-05	-6.251660322	17.42923626	3.70931332310158	4.38564282536003
TGOLN2	1.011440821	0.000195519	4.12507e-05	6.250018984	25.36328214	3.70881103267113	4.38456867733083
REPS1	-2.321763911	0.000196834	4.16141e-05	-6.244205324	20.83996018	3.70589988183449	4.38075949353999
AOC1	-1.034148629	0.000196834	4.1638e-05	-6.243824537	24.19630951	3.70589988183449	4.38051013914767
RPL7	-1.118373207	0.00020243	4.28782e-05	-6.224387645	23.12348971	3.69372512489065	4.36776345434317
KIAA1217	-2.615674061	0.000202801	4.30132e-05	-6.222309239	18.9824973	3.69292990785245	4.36639824657296
CIP2A	-1.634496495	0.000203903	4.33039e-05	-6.217854527	21.90192277	3.69057638445305	4.36347298881507
ANXA6	-3.342115205	0.000206058	4.3819e-05	-6.265170984	19.46996788	3.68601051975424	4.35833753776202
CA12	-2.038684094	0.000206634	4.39989e-05	-6.207330381	20.04343087	3.68479821719441	4.35655818101158
RO60	-0.836872862	0.000209267	4.46751e-05	-6.197260275	22.8137919	3.67929925158416	4.34993446670369
LMAN1	1.411286597	0.000209267	4.46762e-05	6.197243935	23.31322465	3.67929925158416	4.34992377354243
IGF2BP3	-2.028384174	0.000209596	4.4805e-05	-6.195344291	19.41534337	3.67861700983003	4.34867351834019
TAOK1	-2.2421021	0.000210318	4.50179e-05	-6.192216237	18.92244367	3.67712355676616	4.34661476788023
POLR2A	-1.405546573	0.000210396	4.50933e-05	-6.191112764	16.14749731	3.67696252114587	4.34588798116386
ALDH9A1	-1.064681553	0.000210856	4.52506e-05	-6.188815692	22.48307532	3.67601403643324	4.34437565789609
RNF20	-1.646458879	0.000214318	4.60533e-05	-6.177224828	21.66544179	3.66894135218548	4.33673924450207
PCDH9	-1.606167441	0.000214341	4.61179e-05	-6.176302191	20.5297323	3.66889474743395	4.33613047672808
ZC3H4	-1.646914179	0.000217328	4.68211e-05	-6.166337335	18.66878458	3.66288431665181	4.3295583873434
PSMD4	-1.749700566	0.000217678	4.6995e-05	-6.163897803	20.91392692	3.66218546145686	4.32794834606261
RBMXL1	-1.149112087	0.000217678	4.70179e-05	-6.163578021	19.79237022	3.66218546145686	4.32773677203751
EGF	-1.393379601	0.000218985	4.73612e-05	-6.158791739	17.13982962	3.65958563237602	4.32457730234139
ATXN2	-2.66937826	0.000219377	4.75071e-05	-6.156768532	18.34510674	3.65880890682826	4.32324147963
ROBO1	0.706545099	0.000221358	4.79979e-05	6.150013276	26.23633261	3.6549047777598	4.31877776342364
USP19	-1.188446	0.000221836	4.81634e-05	-6.147750239	17.83444009	3.65396797427039	4.31728286250774
RPLP0	-0.627886279	0.000223983	4.87054e-05	-6.140400109	24.30444104	3.64978494276568	4.31242288559869
ARL6IP5	-0.760569605	0.000223983	4.87545e-05	-6.13973937	22.96913482	3.64978494276568	4.31198529309417
GYG1	-0.988500334	0.000224145	4.88521e-05	-6.138425539	24.09746233	3.64947094449227	4.31111676257347
RAD50	0.857141272	0.000225558	4.9223e-05	6.133461428	24.33125115	3.64674176491191	4.30783192082945
PSMC1	-1.350108438	0.000226132	4.94479e-05	-6.130471435	23.6053318	3.64563797617715	4.30585214770235
CUSTOS	-3.027897095	0.000226132	4.94743e-05	-6.130853896	19.29355811	3.64563797617715	4.30562034180652
PTPRG	0.651203572	0.000226903	4.97061e-05	6.127054675	26.19240026	3.64415976204881	4.30359031078827
TMEM106B	-1.247058543	0.000230012	5.04637e-05	-6.117139708	20.31370209	3.63824950573095	4.29702091016658
OSBPL10	-1.508036803	0.000230012	5.05154e-05	-6.116468328	18.56952946	3.63824950573095	4.29657620375355
TBC1D15	-1.563763436	0.000230319	5.0647e-05	-6.114763332	18.46903409	3.63767023374748	4.29544627433198
ABCF1	-0.782274692	0.000231027	5.08672e-05	-6.111921566	25.86557191	3.63633726138153	4.29356216757833
YIPF6	-1.598869212	0.000231211	5.09721e-05	-6.110572682	21.17086357	3.63599150794329	4.29266747354049
SERPINA3	-0.704751583	0.000233354	5.15967e-05	-6.102599928	27.30994038	3.63198475032612	4.28737807390807
ITM2B	-1.354238737	0.000233354	5.16522e-05	-6.101896509	19.4436445	3.63198475032612	4.28691117603183
PCOLCE2	-0.859590081	0.000233354	5.16551e-05	-6.101860485	21.7868616	3.63198475032612	4.28688679335998
RANGAP1	-0.907340081	0.000233354	5.17048e-05	-6.101231426	22.51824506	3.63198475032612	4.28646913743318
POLE	1.767905729	0.000233546	5.18124e-05	6.099870838	19.33394732	3.63162756658131	4.28556629031053
HTT	-1.483580846	0.000234103	5.20011e-05	-6.097492981	21.42143378	3.63059302083948	4.28398746946371
RPS2	-1.136001818	0.000236653	5.26335e-05	-6.089590207	22.47187853	3.62588798570185	4.27873774949353
NMD3	-0.879370394	0.000237106	5.28003e-05	-6.087521994	21.77031659	3.62505745600105	4.27736360989091
PDGFB	-1.167658714	0.000238785	5.32408e-05	-6.082094272	19.17291806	3.62199295820362	4.27375542740895
UBTF	-0.878001273	0.000239531	5.34739e-05	-6.079240854	26.21505143	3.62063827240514	4.27185814044215
ZYX	-1.358503391	0.00024146	5.39719e-05	-6.073190204	20.99694643	3.61715480370374	4.26783229297812
PYGL	-0.935552532	0.000241886	5.41344e-05	-6.071227357	25.4124825	3.61638926722596	4.26652667237208
SLC9A3R1	-1.509781521	0.000241947	5.42157e-05	-6.070249205	23.25293916	3.61627975851722	4.26587493050926
UBR1	-1.175478063	0.000242093	5.43777e-05	-6.068302156	21.99071431	3.61601776778802	4.26457916560532
DRAXIN	-1.441348322	0.000242093	5.43968e-05	-6.068072906	17.62295402	3.61601776778802	4.26442664778745
PES1	-1.919349562	0.000242093	5.44507e-05	-6.067426941	22.04614882	3.61601776778802	4.26399653272761
IL4I1	-1.633047832	0.000243284	5.48824e-05	-6.062277471	19.74532892	3.61388645227018	4.26056690524653
MPP2	-1.055727957	0.000243284	5.49443e-05	-6.061542781	16.33492531	3.61388645227018	4.26007735523225
MAGI1	-1.703127465	0.000243284	5.49687e-05	-6.061252916	17.66609554	3.61388645227018	4.25988453390024
PSMD8	-1.109055952	0.000243284	5.50099e-05	-6.060764343	20.50191893	3.61388645227018	4.25955914453374
PHF6	-1.506796165	0.000243284	5.50576e-05	-6.060199037	21.32861974	3.61388645227018	4.25918272373589
PTGFRN	-0.739798974	0.000244355	5.5368e-05	-6.056535015	28.07565429	3.611978769997	4.2567411637673
ERCC6L	-2.0019088	0.000246035	5.58376e-05	-6.051032854	17.59831998	3.60900310742651	4.25307325673798
RPL3	-1.115060363	0.000246035	5.58859e-05	-6.050470018	25.5354981	3.60900310742651	4.25269775069346
LEO1	-0.74751526	0.00024729	5.62398e-05	-6.046358901	24.51001595	3.60679344543663	4.2499562324237
GET3	-1.203099619	0.000248497	5.65836e-05	-6.042392945	19.96088471	3.60467884995403	4.24730942502328
BOP1	-1.55124548	0.000250449	5.70979e-05	-6.036505542	21.61624485	3.60128069803455	4.24337986434931
KDM3B	-0.969485726	0.000252587	5.76558e-05	-6.030182659	21.866243	3.59758900521992	4.23915699745352
UBR2	-1.403035416	0.000253404	5.79129e-05	-6.027290732	17.86394728	3.59618653402946	4.23722468713944
RANBP9	-2.276131537	0.000254554	5.82476e-05	-6.023545517	17.50902529	3.59422007417456	4.2347219643488
NSFL1C	-1.481469615	0.000254554	5.83448e-05	-6.022461985	23.6769629	3.59422007417456	4.23399784453618
HSP90B1	-0.783685186	0.000254554	5.83885e-05	-6.021975615	30.16481044	3.59422007417456	4.23367268162644
COL26A1	-0.867322343	0.000257878	5.92227e-05	-6.012763988	25.73107412	3.58858570666448	4.22751179673782
GALNT18	-1.112166407	0.000258079	5.9341e-05	-6.011469158	22.61031627	3.58824733274852	4.22664513933326
GPC1	0.649991566	0.000258109	5.94196e-05	6.010609713	25.45799721	3.5881968517824	4.2260702760998
HAUS4	-1.390784727	0.000261072	6.02215e-05	-6.001914102	20.33949933	3.58323970380924	4.22024843126083
CACYBP	-0.899769775	0.000261072	6.02475e-05	-6.001634598	25.52351036	3.58323970380924	4.2200609696449
PSMB5	-0.592782138	0.000261484	6.04154e-05	-5.999829959	27.0153511	3.58255488012099	4.21885234478053
RBBP7	-1.082514131	0.000263238	6.08939e-05	-5.99471651	22.86585612	3.57965141749316	4.21542621030679
TPR	-0.962845353	0.000263746	6.10868e-05	-5.992667715	26.12291493	3.57881411820079	4.21405262456093
MORF4L2	-0.927829527	0.000263746	6.11585e-05	-5.991907186	21.69786423	3.57881411820079	4.21354317482465
NRP1	-0.699714228	0.000264475	6.14166e-05	-5.989179152	23.59462484	3.57761537419661	4.21171422960753
SWAP70	-0.780872625	0.000264475	6.14926e-05	-5.988378209	24.35766157	3.57761537419661	4.21117714394053
SIPA1L1	-1.821591616	0.000264475	6.15487e-05	-5.987787846	18.0269664	3.57761537419661	4.21078111558057
ATM	-1.834135348	0.000272149	6.34105e-05	-5.968505571	16.72504573	3.5651932571407	4.19783882233133
ALCAM	-0.550286929	0.000272901	6.36617e-05	-5.965949405	26.36131766	3.56399487292781	4.19612176831066
IGFBP5	-0.968503031	0.000273756	6.39375e-05	-5.963155368	24.2450528	3.56263635347297	4.19424434894376
MTREX	-1.716918575	0.000273785	6.40206e-05	-5.962316414	20.60221481	3.56259034946602	4.19368025997214
LRRC37A	-1.278578433	0.000274629	6.42944e-05	-5.959559199	17.4413506	3.56125360448099	4.19182685219258
TXNL1	-1.051643318	0.000274657	6.44091e-05	-5.958408652	24.70116048	3.56120932792741	4.19105276927701
OSMR	-0.592842864	0.000274657	6.44542e-05	-5.957956467	24.52396717	3.56120932792741	4.19074877765281
MAPT	-2.221503701	0.000275516	6.47324e-05	-5.955174441	17.8023333	3.55985317536051	4.18887829090522
DNAJA1	-0.975859223	0.000276841	6.51623e-05	-5.95090182	23.16975372	3.55776959067786	4.18600359502529
FSTL3	-1.084067703	0.000276841	6.5198e-05	-5.950547843	20.79338772	3.55776959067786	4.18576572638903
MAPRE1	-0.879334073	0.000280564	6.61531e-05	-5.94116551	23.87287493	3.55196805534745	4.17944979952865
RPL7A	-1.165212872	0.000282956	6.68545e-05	-5.934365099	23.30869466	3.54828109254235	4.17486935490321
INSR	-1.081098977	0.000282956	6.68747e-05	-5.93417109	19.55328911	3.54828109254235	4.17473815321201
SRSF1	-1.013135619	0.000283762	6.71444e-05	-5.93157748	28.60091739	3.5470457635483	4.17299020266042
APPL1	-1.098764515	0.00029037	6.87889e-05	-5.915997112	20.32924439	3.53704825542195	4.1624816352771
PSMA7	-0.643859901	0.000290456	6.88903e-05	-5.915048979	27.02178479	3.53691964779861	4.16184192400005
GMDS	-0.981252996	0.000291527	6.92255e-05	-5.911926645	23.52281377	3.53532121652078	4.15973389876106
POLE3	-0.863227933	0.000291565	6.93472e-05	-5.910797276	22.13221055	3.53526461073529	4.15897106954525
PSMC4	-1.340625215	0.000291565	6.9397e-05	-5.910335357	22.37063168	3.53526461073529	4.15865930348761
GOLGA5	-1.536117403	0.000291582	6.95556e-05	-5.908867217	19.39896326	3.53523928948287	4.15766789872452
COPS5	-1.088773288	0.000291582	6.95635e-05	-5.908794001	22.00106769	3.53523928948287	4.15761857513904
UBA6	-1.435958941	0.000296292	7.077e-05	-5.897743055	20.2524084	3.52828007448269	4.15015080439474
PSMA4	-0.575724237	0.000296958	7.10117e-05	-5.895553125	26.973587	3.52730497040698	4.14867009033982
MTA2	-1.20440771	0.000297014	7.1108e-05	-5.894682533	20.2272198	3.52722307937151	4.14808153625467
DENND2C	2.038480963	0.000297794	7.13776e-05	5.892252109	18.30317679	3.52608405672871	4.14643805884995
ECHDC1	-1.624691516	0.000302224	7.25236e-05	-5.882030514	18.14940761	3.51967105073922	4.13952064609156
ANKZF1	-1.999968384	0.000303521	7.29895e-05	-5.877923346	18.62356281	3.51781125559825	4.13673961138699
PRMT1	-0.903277303	0.000303521	7.30041e-05	-5.877794417	24.67943865	3.51781125559825	4.13665274868264
SF3B3	-0.756948849	0.000303643	7.31182e-05	-5.8767938	27.04917575	3.51763672638537	4.13597450846254
WARS1	-0.827899128	0.000305568	7.36668e-05	-5.872002075	24.03222169	3.51489212833943	4.1327281949819
DLG3	-1.661089383	0.000306638	7.40102e-05	-5.869021076	19.46408045	3.51337402636457	4.13070842218191
RPL8	-0.904574599	0.000307165	7.4223e-05	-5.867182076	23.71490734	3.51262827162502	4.12946149599754
DRAP1	-1.382723852	0.000307617	7.4418e-05	-5.865500998	19.8708198	3.51198966756312	4.12832200591668
ATRX	-1.189247684	0.000308596	7.47632e-05	-5.862536751	22.89009192	3.51060970753141	4.12631211830712
RBM19	-2.588565845	0.000308596	7.48268e-05	-5.862532314	17.19411686	3.51060970753141	4.12594282716849
ACIN1	-1.236376519	0.000309162	7.50501e-05	-5.860623587	25.82855206	3.50981389187046	4.12464872474757
SYNPO	-3.044896846	0.000311046	7.55942e-05	-5.96979026	16.2802285	3.50717537924045	4.12151152466579
LTB4R	1.162264282	0.000313654	7.63154e-05	5.849386342	20.7987952	3.5035491695746	4.11738781512293
HADH	-1.451093209	0.000313784	7.64346e-05	-5.848387886	22.38227719	3.50336920507307	4.11671000284469
GNPDA1	-0.670407863	0.000314283	7.66438e-05	-5.84664026	24.59722136	3.50267910993332	4.11552297107305
HNRNPUL2	-0.726164785	0.000315918	7.71796e-05	-5.842186246	24.37202262	3.50042562867552	4.11249747658404
NEPRO	-2.001271712	0.000315918	7.72185e-05	-5.841864091	18.44858057	3.50042562867552	4.11227863897265
PSMA6	-0.654038064	0.00031687	7.75777e-05	-5.838897654	27.92265844	3.49911887614954	4.1102631003755
CCT4	-0.714524049	0.00031687	7.76278e-05	-5.838485148	24.17874057	3.49911887614954	4.10998272172527
ACAT2	-1.303533725	0.00031847	7.81085e-05	-5.834541027	21.14469584	3.49693147211387	4.10730170232976
ARHGDIB	1.396777044	0.000319035	7.83362e-05	5.832682578	20.01907761	3.49616166969186	4.10603749940876
CELSR1	-1.281350173	0.000319216	7.84695e-05	-5.831596452	22.61332791	3.49591534871992	4.10529911466403
REEP4	-1.498811113	0.000319475	7.86973e-05	-5.829745491	21.25642625	3.49556312118899	4.10404016745308
NCBP1	-0.999207869	0.000319475	7.87112e-05	-5.829632985	22.74127311	3.49556312118899	4.10396346647043
SMARCA5	-0.959228947	0.000322303	7.94977e-05	-5.823286245	24.51848639	3.49173565205086	4.09964543601973
SYNCRIP	-0.59802552	0.000324453	8.01184e-05	-5.818324014	26.11793524	3.48884820585591	4.09626773234538
FKBP5	-1.788160592	0.000325425	8.04493e-05	-5.815695447	20.34744933	3.48754908647909	4.09447773040224
HIRIP3	-1.817795868	0.00032562	8.05882e-05	-5.814595625	20.51077098	3.48728892803688	4.09372854442387
MED24	-1.473988229	0.000326569	8.09141e-05	-5.8120224	17.98035782	3.4860250436285	4.0919757921254
CDC5L	-1.56561187	0.000326928	8.10941e-05	-5.810606116	19.18102492	3.4855478823418	4.09101074172784
DDX5	-0.981935808	0.000327535	8.13361e-05	-5.808707172	22.6279363	3.48474228500138	4.08971665550022
FAM50A	-0.983954565	0.000328508	8.16692e-05	-5.806103072	22.83099277	3.48345404980724	4.08794169857199
CPSF6	-1.818655663	0.000329065	8.18993e-05	-5.804310366	21.9219099	3.48271830766371	4.08671981017409
ALS2CL	-1.350198399	0.000330777	8.24176e-05	-5.800291805	20.40349708	3.48046469597666	4.08398003627991
LRRFIP2	-1.529642219	0.00033151	8.26927e-05	-5.798170216	21.77353955	3.47950336656746	4.08253282768628
CYRIA	2.386881582	0.000332363	8.30094e-05	5.795736964	18.60112917	3.47838732962386	4.08087272525071
RPAP3	-2.442698562	0.000332363	8.31565e-05	-5.794609971	19.97648472	3.47838732962386	4.08010379811251
HSPG2	0.545750487	0.000332363	8.31834e-05	5.794404039	29.89742925	3.47838732962386	4.07996333245556
NIPBL	-1.099559777	0.000333745	8.36223e-05	-5.791054871	23.07840373	3.47658523196048	4.07767789151448
F11	-1.162792212	0.000335237	8.42206e-05	-5.786519936	20.73195006	3.47464805445394	4.07458166892667
SMNDC1	-1.477882495	0.000335237	8.42611e-05	-5.786213892	18.47102592	3.47464805445394	4.07437287560542
MTOR	-1.318219048	0.000335237	8.42763e-05	-5.786098945	20.21339277	3.47464805445394	4.07429453956674
ST6GAL1	-0.985041896	0.000344187	8.66226e-05	-5.76864769	22.8666317	3.4632055370732	4.06236878494805
DDI2	-2.145849264	0.000344187	8.67183e-05	-5.767946805	20.72796299	3.4632055370732	4.06188924450329
SRSF3	-2.457223515	0.000344701	8.69438e-05	-5.92548404	22.41844949	3.46255745667371	4.06076138228452
RALY	-0.842609316	0.000345468	8.72335e-05	-5.764185777	23.60446157	3.46159217424361	4.05931670232421
PPA1	-0.607843284	0.000346757	8.76556e-05	-5.761122562	26.20057958	3.45997476304289	4.05722033317647
DRG1	-1.724053452	0.000350806	8.8777e-05	-5.753058144	19.69915427	3.4549329872997	4.05169953497476
EIF3D	-0.76311587	0.000353516	8.96948e-05	-5.746537726	24.1963267	3.45159092541882	4.04723273417739
GLA	0.809013547	0.000353516	8.97425e-05	5.746201135	24.20123377	3.45159092541882	4.04700183628409
CASTOR1	-1.295365849	0.000353516	8.97585e-05	-5.74608828	17.87103062	3.45159092541882	4.04692441374351
PDLIM5	-2.176030779	0.00035913	9.12838e-05	-5.735414312	19.08376654	3.44474831447777	4.03960628922217
RPL5	-0.809822889	0.000359817	9.15607e-05	-5.733496399	26.28078526	3.44391832172482	4.03829089571598
RRP9	-1.03623501	0.000359817	9.16591e-05	-5.732816568	23.03297254	3.44391832172482	4.03782441140448
AKR1C1	-1.185708933	0.000364567	9.29706e-05	-5.723827149	19.6619303	3.43822264551792	4.03165436624609
AKTIP	-1.275553994	0.000364627	9.30877e-05	-5.72303112	16.82555962	3.43815117573355	4.03110770006086
CAND1	-0.707073854	0.000366053	9.35537e-05	-5.719873829	26.41809355	3.43645602952054	4.02893903170425
LYAR	-1.319206067	0.000367094	9.39536e-05	-5.717176871	20.68648969	3.43522271380216	4.02708657447584
ADCY4	-0.837157159	0.000367094	9.40454e-05	-5.716559676	22.47452964	3.43522271380216	4.02666244204315
ENG	-1.058480889	0.000367094	9.41266e-05	-5.716013794	19.42235885	3.43522271380216	4.02628762842455
GPC4	0.992935055	0.000370095	9.50178e-05	5.710059232	23.83534425	3.43168678220313	4.02219502926223
WRAP73	-1.373226182	0.000370095	9.51025e-05	-5.709496363	16.70911616	3.43168678220313	4.02180806642816
COPB1	-0.720836684	0.000371402	9.55417e-05	-5.70658638	24.90009392	3.43015576191389	4.0198070354616
TRIP10	-0.944603985	0.000374742	9.65056e-05	-5.700248962	23.07354531	3.42626762970834	4.01544748480611
HDLBP	-1.375083268	0.000374762	9.6681e-05	-5.699103005	21.06795312	3.42624445200778	4.01465886620568
BMS1	-1.43539532	0.000374762	9.67194e-05	-5.698852044	17.258288	3.42624445200778	4.01448640629014
STRIP1	-1.44781131	0.000378509	9.7792e-05	-5.691894265	19.19874371	3.42192378960151	4.00969667177644
TUBB4B	-0.896349805	0.000383469	9.91804e-05	-5.683005945	23.84137192	3.41626973907644	4.00357414450788
P4HA2	-1.199013875	0.000385816	9.98949e-05	-5.678483562	19.84254453	3.41361976588958	4.00045668352973
BRMS1L	-1.345663815	0.000388439	0.000100682	-5.673537621	18.47612491	3.41067717259903	3.99704816598485
WDR3	-1.510185839	0.000392259	0.000101814	-5.666499555	21.43371594	3.4064270831636	3.99219249994914
BRD4	-0.769877366	0.000392259	0.00010192	-5.665848981	23.43112044	3.4064270831636	3.99174058500872
RBM28	-1.165830898	0.000392259	0.000102019	-5.665237708	18.97031815	3.4064270831636	3.99131893778004
HSP90AB1	-0.777870571	0.000392259	0.00010211	-5.664677772	30.42713683	3.4064270831636	3.99093172380778
SYNGR2	-0.782822246	0.0003932	0.000102464	-5.662496758	23.88840431	3.4053864908399	3.98942869409681
IK	-2.188701265	0.000397571	0.000103714	-5.654871925	19.76310923	3.40058530183837	3.98416261571934
CLUH	-1.597506695	0.000401181	0.000104768	-5.648520718	20.77767903	3.39665964342468	3.97977134660417
EGFL6	-1.424921221	0.000401231	0.000104893	-5.647771613	15.85348594	3.39660551979711	3.97925349333942
GYS1	-1.434667361	0.000402906	0.000105443	-5.644485831	19.85365913	3.39479626513213	3.97698224629226
SLK	-1.315793791	0.000405966	0.000106357	-5.639065928	22.59487088	3.39151033743438	3.97323392126357
FUT11	-2.327374964	0.000406958	0.00010673	-5.636867302	18.85841837	3.39045040971693	3.97171349057372
PHF10	-1.864384385	0.000407843	0.000107076	-5.634837171	17.38042913	3.389506987292	3.97030786096638
PSMC2	-0.876863199	0.000408079	0.00010734	-5.633290921	23.09871717	3.38925575371676	3.96923840904898
S100A16	1.529928741	0.000408079	0.000107366	5.633137563	19.75504873	3.38925575371676	3.96913322655213
HSPA6	-2.129663934	0.000408079	0.000107479	-5.632478964	18.01530009	3.38925575371676	3.96867638295809
BMP7	-0.95924889	0.000410091	0.000108123	-5.628729879	22.53645482	3.38711976178598	3.96608191279415
GGH	-0.819750894	0.00041249	0.000108912	-5.624169778	28.37293733	3.38458657559275	3.96292426673948
IGSF8	0.885468484	0.00041249	0.000108986	5.623749263	25.40138449	3.38458657559275	3.96262928658458
ALKBH5	-1.368457203	0.000412739	0.000109166	-5.622709573	18.33657875	3.38432449239094	3.96191260258
MISP	0.996492261	0.000416219	0.000110203	5.616786831	23.45954176	3.38067809854339	3.95780658274638
FBN2	-0.926562647	0.000418487	0.00011092	-5.612724867	23.72524075	3.37831802850932	3.95499013909418
CDK11A	-0.816107705	0.000424771	0.000112704	-5.60273525	25.57264611	3.37184514110242	3.94806067004884
RBM34	-1.344234652	0.000426043	0.00011316	-5.600208533	16.34185527	3.37054656587314	3.94630706121505
CERT1	-2.467869517	0.000427204	0.000113588	-5.598336545	20.439706	3.3693646895708	3.94466754722587
FLRT2	0.91926401	0.000427263	0.000113723	5.597107798	22.58895893	3.36930471446475	3.9441516921907
ANXA3	-0.832598973	0.000430458	0.000114693	-5.591795728	25.72558972	3.36606921647066	3.94046308736589
TNFRSF21	1.016802577	0.000438941	0.000117075	5.578949383	22.49289451	3.35759385127594	3.93153583354588
COL5A3	1.290436193	0.000438964	0.000117278	5.577867997	17.64650891	3.3575710953443	3.93078344887936
IGSF3	-0.643528309	0.000438964	0.000117326	-5.57761281	23.8992419	3.3575710953443	3.93060573549492
GTF2I	-1.001241704	0.000439492	0.00011759	-5.576210879	21.54622983	3.3570490259087	3.929629609633
DPF2	-1.18439701	0.00044006	0.000117864	-5.574755024	17.35768195	3.3564881055765	3.92861882415679
RPS14	-1.12991951	0.000440186	0.000118021	-5.573927939	22.26790364	3.35636377418484	3.9280407098746
COL6A2	0.592699369	0.000442926	0.000118918	5.569200346	25.93928512	3.35366882564184	3.92475240350568
PGAP6	1.116310583	0.000442926	0.000119003	5.568758314	16.80780954	3.35366882564184	3.92444209014509
USP5	-0.775633897	0.000443507	0.000119323	-5.567082977	23.87589521	3.35309952118201	3.92327583620951
RCOR3	-1.739675452	0.000443507	0.000119406	-5.566648297	18.74516578	3.35309952118201	3.92297384991166
ZNF512B	-1.139252553	0.0004445	0.000119797	-5.564607564	17.29065144	3.35212823469377	3.92155405757074
WAPL	-3.290180503	0.000446543	0.000120632	-5.740044352	16.33442179	3.35013671423669	3.91853747179806
SON	-1.068638274	0.000446543	0.000120493	-5.560996746	24.15268571	3.35013671423669	3.91903818254702
LAD1	-1.616617024	0.000446543	0.000120721	-5.560296581	22.88584684	3.35013671423669	3.9182171757119
LIPA	-0.801790848	0.000447754	0.000121173	-5.557487301	23.68158995	3.34896052570189	3.91659413971853
RBM39	-1.483129115	0.000452853	0.000122679	-5.549790526	20.63483076	3.34404275085568	3.91122977276334
NIPSNAP3A	-0.999543356	0.000453311	0.00012293	-5.548520242	20.4568284	3.3436037422664	3.91034211837847
DNAJB11	0.718949058	0.000454004	0.000123359	5.546347109	27.37501102	3.34294032077665	3.9088291598528
GEMIN4	-1.789783319	0.000454004	0.000123371	-5.546290912	17.73313625	3.34294032077665	3.90878691502009
PRKAR2A	-0.678078798	0.000457017	0.000124317	-5.541533776	25.33826856	3.34006764485602	3.90546947874881
ANAPC4	-1.904890588	0.00046235	0.000125896	-5.533678763	18.73410716	3.3350291380352	3.8999880681886
MMP7	-1.603575281	0.000463356	0.000126299	-5.531691282	19.36961264	3.33408520892425	3.89860008805275
ESYT1	-1.944798332	0.000466492	0.000127284	-5.526861139	19.14954035	3.3311557996895	3.8952261851007
MARS1	-0.984451183	0.000467912	0.000127802	-5.52433844	20.66958902	3.32983581681475	3.89346234976003
SRRM2	-0.912366046	0.000468055	0.000127972	-5.523514252	26.59621117	3.3297031110433	3.8928850426624
TBC1D9B	-1.076858126	0.000472726	0.000129381	-5.516712094	21.41387098	3.32539051077937	3.88812949647267
SVEP1	-2.507848319	0.000477774	0.000130895	-5.509485369	19.21054224	3.32077748782968	3.88307694255453
NCAPD3	-1.403306183	0.000478562	0.000131244	-5.507832159	17.11340577	3.32006178931119	3.88192054183784
EIF4G2	-1.078995776	0.000479087	0.000131522	-5.506522159	21.37592057	3.3195856135394	3.88100159561942
U2AF1	-1.468781476	0.000479808	0.000131854	-5.504958807	21.58508673	3.31893251517	3.87990669065949
CCT7	-0.579818825	0.00048103	0.000132323	-5.502752185	24.09288148	3.31782783749692	3.87836466144422
EML4	-0.664309395	0.00048129	0.000132529	-5.501789411	25.16643768	3.31759316177981	3.87768907899581
DBNL	-1.413376572	0.000482379	0.000132964	-5.499759254	22.4415141	3.31661160713374	3.87626592833887
IPO11	-0.921843177	0.000484461	0.000133672	-5.496462856	23.20397478	3.31474117870924	3.87395955398705
BANF1	-0.99942191	0.000493321	0.000136255	-5.484606849	17.39248972	3.30687039682247	3.86564755193156
XRN1	-1.619001293	0.000493407	0.000136416	-5.483875377	18.88671376	3.30679469343605	3.86513468903296
NF2	-1.144074166	0.000498429	0.000137943	-5.47698209	18.93595743	3.30239669714027	3.86030033315875
SEZ6L2	0.700412959	0.000501149	0.000138836	5.472990984	23.94802214	3.30003313190285	3.8574979072662
ACTR1A	-0.999412744	0.000502265	0.000139557	-5.4697852	22.86898166	3.29906708430604	3.85524837497521
BOC	-0.619610014	0.000502265	0.000139573	-5.469714277	26.77536438	3.29906708430604	3.85519858662055
ACE	1.23566574	0.000502265	0.000139673	5.469271025	16.59789865	3.29906708430604	3.85488753865534
UBE2N	-1.029863419	0.000502265	0.000139747	-5.468942829	21.82233299	3.29906708430604	3.85465750650007
RAI14	-1.463235135	0.000502265	0.000139845	-5.468511659	22.62092679	3.29906708430604	3.85435305672348
APEH	-0.674146285	0.000510654	0.000142323	-5.457653674	26.4558635	3.29187326187412	3.84672491041518
CCDC43	-1.434175842	0.00051274	0.000143047	-5.454518034	19.5244484	3.2901028009492	3.84452124584269
USP48	-2.448433274	0.000514383	0.000143649	-5.452383584	18.41816387	3.2887133929769	3.84269739296471
PSMD14	-0.933205013	0.000516871	0.000144488	-5.448330203	20.97198524	3.28661783404103	3.8401682203828
RRM1	-2.783656095	0.000517846	0.000144905	-5.487712236	19.89600111	3.28579937402698	3.83891662878041
PSMD5	-0.929530483	0.000517969	0.000145083	-5.445790746	22.16205539	3.28569623162892	3.83838347273611
SSC5D	1.927071754	0.00051864	0.000145416	5.444377893	18.43906751	3.28513399140515	3.83738780579186
DNAJA2	-1.416041444	0.000522517	0.000146648	-5.439169238	21.09611602	3.28189957529138	3.83372385559435
SRM	-1.089692236	0.000524326	0.000147302	-5.436425671	21.38383423	3.28039860618755	3.83179135646309
CLASRP	-1.513041546	0.000525606	0.000147808	-5.434310359	17.11725851	3.27933968577701	3.83030205943355
NSUN2	-1.124505579	0.000528689	0.000149046	-5.429168634	20.39993019	3.27679972551128	3.82667967478894
TSPAN4	1.17199008	0.000528689	0.000149078	5.429036209	23.20228527	3.27679972551128	3.82658644228518
MPDZ	-2.042622564	0.000528689	0.000149117	-5.428874699	17.72088185	3.27679972551128	3.82647284222555
SYNGR1	-1.616648393	0.000529024	0.000149359	-5.427876113	19.59475132	3.27652462507042	3.82576860277146
RBM15	-1.369999058	0.000532281	0.000150427	-5.423485946	18.7351122	3.27385903587952	3.82267420564193
TBC1D8	-1.097138872	0.000536528	0.000151777	-5.417984675	16.86095978	3.27040760840785	3.81879403562028
STK3	-1.983106317	0.000537461	0.000152288	-5.415915743	18.84766594	3.26965304415524	3.81733431688134
CHEK2	-1.294301491	0.000537461	0.00015234	-5.415703246	20.4343074	3.26965304415524	3.81718604874263
VLDLR	0.747501404	0.000538147	0.000152754	5.414032931	23.82719452	3.26909907643655	3.81600740854739
RPL11	-0.852330718	0.000538147	0.000152835	-5.413708332	21.81348832	3.26909907643655	3.81577717870366
PSMC5	-0.978290887	0.000539089	0.000153253	-5.412027809	22.38888635	3.2683395297704	3.81459101520633
SLIT2	-0.635008005	0.000540537	0.000153815	-5.409774899	24.16908137	3.26717457304119	3.81300131018104
LRP4	0.766877883	0.000541649	0.000154282	5.407907963	23.9797885	3.26628205431733	3.81168473989069
USP24	-0.881381177	0.000542489	0.000154673	-5.406352792	22.17945595	3.26560906353977	3.81058549091863
NUDCD1	-0.76615929	0.000547351	0.000156212	-5.400264733	25.9848688	3.26173408413108	3.80628560724741
DDX3X	-1.128700311	0.000549622	0.000157013	-5.397119325	19.40473619	3.25993589187395	3.80406438838992
TAF5	-0.981061602	0.000553377	0.00015824	-5.392336528	16.34066515	3.25697889539504	3.8006837257469
NACA2	-1.077410176	0.000559846	0.000160246	-5.384600761	18.69150792	3.25193142040109	3.79521280236833
EIF2B3	-0.995182899	0.000569259	0.000163099	-5.373771035	18.65807434	3.24469009445118	3.78754870171762
CCT2	-0.68359623	0.000571789	0.000163983	-5.370454624	24.80033488	3.24276420379659	3.78520117261617
PSMD6	-0.956981179	0.000573379	0.000164599	-5.368156592	23.32506529	3.24155821712921	3.78357280761586
RECQL	-0.937297508	0.000574223	0.000165001	-5.36665937	23.5604846	3.24091941620553	3.7825134237063
CCT6A	-0.646813683	0.000577381	0.000166248	-5.362045192	24.53363776	3.23853751164152	3.77924357065156
TUBB	-0.839518916	0.000577381	0.000166279	-5.361932037	27.53637014	3.23853751164152	3.779162596
ARFGEF2	-1.622474429	0.000577381	0.000166391	-5.361517965	21.50509995	3.23853751164152	3.77887016816575
CLDN1	0.983279907	0.000579376	0.000167128	5.358811978	21.05847326	3.23703949892074	3.77695078393788
PPM1F	-1.090819554	0.000579528	0.000167333	-5.358059336	20.10248965	3.23692557617713	3.77641840270395
LOXL2	-0.615395278	0.000587524	0.000169806	-5.349078018	28.34766292	3.23097438802699	3.77004696826843
RNMT	-1.216236872	0.000587827	0.000170057	-5.348172308	22.3774428	3.23075046984267	3.76940548664332
EIF3I	-0.827313113	0.000589035	0.000170571	-5.346327189	24.89191828	3.22985889900702	3.76809480441444
BTF3L4	-1.054037101	0.000592369	0.000171701	-5.342284788	21.98235517	3.22740767716165	3.76522717546682
PRRT3	-1.639493587	0.000592941	0.000172032	-5.341107112	19.80718088	3.2269885185231	3.76439076163433
GMPS	-0.711247603	0.000595696	0.00017306	-5.337464111	25.4489995	3.2249753161069	3.76180330062099
NOB1	-1.565786431	0.000595696	0.000173164	-5.337098045	16.04954187	3.2249753161069	3.76154239076219
INHBB	0.735122645	0.000599105	0.000174321	5.333023904	25.25108973	3.22249705586724	3.75865029140547
SMARCA4	-0.939793543	0.000603311	0.000175713	-5.32816315	23.36057786	3.21945875624211	3.75519610635099
HDAC7	-1.324453456	0.000605518	0.000176815	-5.324346706	19.71128792	3.21787294222451	3.75248089463461
ITGB8	-1.319157891	0.000605518	0.00017685	-5.324226057	21.23403152	3.21787294222451	3.75239493584923
MYO1E	-1.36235552	0.000605518	0.000176862	-5.324181508	17.83841237	3.21787294222451	3.75236546818183
IL13RA1	1.122020451	0.000608378	0.000177867	5.320721416	20.16325829	3.21582649917419	3.74990461991673
COL5A1	1.096402473	0.00060929	0.000178304	5.319225174	17.08832881	3.21517594969509	3.74883891392817
LMNB2	-0.52988539	0.000610155	0.000178727	-5.317777514	26.37756561	3.21455982549129	3.74780983437037
XRCC1	-3.673310655	0.000611877	0.000179402	-5.495338294	19.98349124	3.21333587130215	3.74617271968589
CNDP2	-0.707743215	0.000613518	0.000180054	-5.313262811	24.76981457	3.21217269098751	3.74459722609147
CD46	-0.71768994	0.000614319	0.00018046	-5.311887128	24.23555137	3.21160605237122	3.74361904696836
SERPINB6	-0.739786229	0.000615883	0.000181092	-5.309756877	24.01065336	3.21050178342085	3.74210073484661
FLT1	1.235347496	0.000615924	0.000181275	5.309138592	18.62816077	3.21047287292794	3.74166208620065
SREK1IP1	-1.290526802	0.000616922	0.000181741	-5.307574119	19.7442026	3.20976974214338	3.74054708664288
TCEA1	-0.856779147	0.000626232	0.000184802	-5.297391152	22.78400428	3.20326474401974	3.73329333298462
PQBP1	-1.974192835	0.000626232	0.000184833	-5.297289966	20.32157177	3.20326474401974	3.73322048745337
RPS26	-0.893199543	0.000626673	0.000185137	-5.2962859	22.28872321	3.2029590163318	3.73250677795146
XRCC4	-1.720797409	0.000629133	0.00018604	-5.293323899	21.07887363	3.20125753410918	3.73039366916052
SEMA5B	0.614577902	0.000629452	0.000186466	5.291930747	24.58298507	3.20103738220416	3.72940034540227
NOL9	-1.200214229	0.000629452	0.000186485	-5.291868494	17.60285137	3.20103738220416	3.72935609511115
PSMD1	-0.972631454	0.000633214	0.000187776	-5.287666718	24.15894509	3.1984494917005	3.72635991650885
GSN	-0.529748944	0.000633366	0.000187998	-5.286948505	28.60523034	3.19834525389229	3.72584677091496
TIMP3	-1.89971318	0.000637368	0.000189363	-5.282542878	20.32836548	3.19560974470961	3.7227048746759
EFL1	-1.301847341	0.000641026	0.000190666	-5.278370229	17.08570526	3.19312435514962	3.71972674444147
PUS1	-1.807483043	0.000641026	0.000190807	-5.27792011	18.10469152	3.19312435514962	3.71940569668848
PTGES3	-1.389739652	0.000641278	0.000191061	-5.277112213	21.61777322	3.19295365894833	3.71882795351717
TPM3	-0.731965668	0.000641733	0.000191375	-5.276111281	26.66644313	3.19264562729849	3.71811479629368
DKC1	-1.17173748	0.000642205	0.000191695	-5.27509645	23.77705353	3.19232631748027	3.71738921472094
TSC1	-0.961736346	0.000646172	0.000193059	-5.270783609	16.56407843	3.18965186480948	3.71430994768288
RANBP3	-0.699883429	0.000648869	0.000194046	-5.267685341	24.16176786	3.18784297395426	3.71209530523436
COLGALT1	-1.183758324	0.000655492	0.000196283	-5.260719472	21.26774576	3.18343260432028	3.70711731286002
CSPG5	0.840995594	0.000655492	0.000196392	5.260382561	23.0171274	3.18343260432028	3.7068762071123
WDR36	-0.9824387	0.000658992	0.000197624	-5.256583432	21.33212162	3.18111985760166	3.70416031463383
MSRB3	-1.418891374	0.000667172	0.000200263	-5.248530139	16.85097718	3.17576218854037	3.69839928225989
STAT3	-1.48514105	0.000685001	0.000205806	-5.231974281	18.35166514	3.16430879450149	3.68654196811145
GOT2	-0.523481716	0.000687666	0.000206798	-5.229060242	25.45280718	3.16262244777869	3.68445366573846
FXR2	-1.630536445	0.000689295	0.00020748	-5.227065026	17.17243573	3.16159487177462	3.68302376067845
RPL30	-1.743099491	0.000694026	0.000209098	-5.222361837	19.31055555	3.15862425945146	3.67965012114272
SND1	-0.766694536	0.000696088	0.000209914	-5.220003996	23.88271359	3.15733585306396	3.67795859562442
ESF1	-1.469163995	0.000696088	0.000210107	-5.219446649	20.83438813	3.15733585306396	3.67755947824264
CTH	-1.183810365	0.000706704	0.000213508	-5.209729337	17.87897609	3.15076245053753	3.6705858476143
LGI2	-0.705667607	0.000706738	0.000213715	-5.20914279	22.20922728	3.15074155684343	3.67016499496925
RACK1	-1.046346305	0.000709363	0.000214721	-5.20671654	27.22234977	3.14913146784448	3.66812547890738
ITGA1	-2.222842763	0.000709363	0.000214904	-5.205787136	18.77465017	3.14913146784448	3.66775550092661
STAU1	-0.767264657	0.000709829	0.000215244	-5.204833678	23.8730246	3.14884626156394	3.66706894581256
LRIG3	-0.741763879	0.000712463	0.000216241	-5.202039612	22.29788138	3.14723768474131	3.66506195892292
HDGF	-0.739742027	0.000716396	0.000217634	-5.198157354	28.96528266	3.14484684770125	3.66227325576195
FGFR2	-0.905159028	0.000722057	0.000219587	-5.192759853	22.1125304	3.14142851737723	3.65839337458344
SERPINH1	-0.868395805	0.000722057	0.000219757	-5.192294539	25.68331832	3.14142851737723	3.65805728229308
AHNAK	-1.144594877	0.000728931	0.000222052	-5.222842859	28.01000464	3.13731357968957	3.65354531082603
FUBP3	-0.948737548	0.000731203	0.000222948	-5.183590427	17.37314447	3.13596203543509	3.65179641922314
IARS2	-1.019000994	0.000732304	0.000223487	-5.182131276	22.71025923	3.13530859364796	3.65074773424331
DDB2	-1.209245933	0.000740778	0.00022628	-5.174639612	20.60504194	3.13031192403195	3.64535382993163
QSOX1	-0.488742401	0.00074395	0.000227456	-5.171513189	29.64693323	3.12845625189201	3.64310260254683
PRKAA1	-1.515435775	0.000745567	0.000228159	-5.169654611	20.57207862	3.12751332280412	3.64176239529699
PPM1A	-1.446957855	0.000748011	0.000229115	-5.167133428	22.0830687	3.12609201549894	3.63994647692157
HEG1	0.641427703	0.000749538	0.000229792	5.165356117	26.1009947	3.12520634444083	3.63866509495292
PRPF38B	-1.271391117	0.000752074	0.000230779	-5.162773236	21.67523109	3.12373942508586	3.63680371284325
BCL7C	-1.102017192	0.000753795	0.000231517	-5.160849743	20.76675245	3.12274674759696	3.63541711378156
QSER1	-1.136797909	0.000755631	0.000232449	-5.15842795	19.7154559	3.12169023331668	3.63367231781996
WDHD1	-1.100881182	0.000755631	0.000232502	-5.158292196	23.87511434	3.12169023331668	3.63357330692358
DCHS1	0.750486437	0.000759073	0.000233773	5.155010196	22.89791811	3.11971645602459	3.63120564983859
TRHR	-1.564396184	0.000759747	0.000234192	-5.153931012	18.21607543	3.11933100613584	3.63042794451215
CFDP1	-0.88008127	0.000761658	0.000234993	-5.151874806	22.54775716	3.1182399919859	3.62894507435231
COL18A1	0.804379594	0.000766185	0.000236603	5.147765301	28.46511542	3.11566635467739	3.6259797530505
AHSA1	-0.784951534	0.000768489	0.000237529	-5.14541578	25.69936479	3.11436234452532	3.62428335963445
ARCN1	-0.627556564	0.000769832	0.000238159	-5.143823627	24.52118576	3.11360404032564	3.62313300190598
BTF3	-1.509800692	0.000771607	0.000238923	-5.141896685	21.39066687	3.11260384110127	3.62174204073869
ITGA5	1.401063748	0.00077325	0.000239647	5.140075861	19.56506015	3.11168007132478	3.62042800331563
YBX2	-1.324307595	0.000776272	0.0002408	-5.137190704	16.06511253	3.10998607848272	3.61834351741421
DENND4C	-3.111194815	0.000778254	0.000241632	-5.27784072	17.4627304	3.10887863849194	3.61684555141207
FNBP4	-1.13659332	0.000778863	0.000242195	-5.133717626	22.90523015	3.10853892689293	3.6158348269024
WDR61	-0.994044645	0.000778863	0.000242255	-5.133569202	23.95034507	3.10853892689293	3.6157272506033
CTSL	-0.631790964	0.000779555	0.000242763	-5.132309477	24.09064793	3.10815323858436	3.61481750425376
NECAP1	-1.15350626	0.000779555	0.000242905	-5.131959628	18.22150165	3.10815323858436	3.61456354550751
IGSF9	0.597579817	0.000780329	0.000243639	5.130146651	24.96129607	3.10772225274621	3.61325319169965
ISG15	-0.921880538	0.000780329	0.000243726	-5.12993254	20.54095455	3.10772225274621	3.61309813903757
NAA25	-0.73275596	0.000780329	0.000243799	-5.129753009	23.74282564	3.10772225274621	3.61296808007684
GPATCH4	-2.718034062	0.000780608	0.00024434	-5.270715039	21.25722832	3.10756700219895	3.61200543045897
VASN	0.821774429	0.000780608	0.000244237	5.12867381	26.16840104	3.10756700219895	3.61218854318142
AKT1	1.165172836	0.000780608	0.000244538	5.127933142	22.28471543	3.10756700219895	3.61165364407415
EIF2B2	-1.08466985	0.000781508	0.000245038	-5.126706347	18.82735477	3.1070665719147	3.6107665608983
PPWD1	-1.756865433	0.000785989	0.000246662	-5.122739255	19.80687847	3.10458353191572	3.6078977514485
FNTB	-1.201520323	0.0007901	0.000248172	-5.119074367	17.54863191	3.10231793820358	3.60524721933792
LIMCH1	-2.317661626	0.00079153	0.000248842	-5.11745637	18.97946766	3.10153262017301	3.60407631679138
METTL5	-1.067103839	0.000796259	0.000250551	-5.113349719	17.16401401	3.09894564586131	3.60110385956044
TGFBI	0.506817594	0.000796887	0.00025097	5.112346161	24.58207286	3.09860325797123	3.60037818932826
OSBPL8	-1.295940481	0.000807943	0.00025477	-5.103335228	18.47855979	3.09261927741683	3.59385171292036
FAM133A	-1.195615921	0.000807943	0.000254908	-5.103010302	21.11866016	3.09261927741683	3.59361653447449
RCC1	-0.648407826	0.000807943	0.000255128	-5.102492893	24.94921406	3.09261927741683	3.59324187546241
DNPEP	-0.592054782	0.000817167	0.000258269	-5.095160759	23.84831542	3.08768917998291	3.58792771901792
RPS20	-0.881364265	0.000820188	0.00025972	-5.091805053	22.31575933	3.08608658907427	3.58549460579928
SCAMP1	-1.23554118	0.000820188	0.000259882	-5.091430877	20.88726202	3.08608658907427	3.58522379965016
POFUT2	-0.622320364	0.000820188	0.000259909	-5.091368452	24.02560701	3.08608658907427	3.58517868170459
NAP1L4	-0.859546286	0.000826035	0.000261992	-5.086588254	22.71431826	3.08300155076093	3.58171196978293
DDX6	-0.902368721	0.00082734	0.000262637	-5.08511719	22.55836588	3.08231597801842	3.58064409102684
COPS4	-1.51587124	0.000829669	0.000263607	-5.082909604	20.18349323	3.08109513671408	3.57904306137314
ARHGEF40	-1.169984116	0.000829957	0.000264224	-5.081511075	17.93610564	3.08094440780041	3.57802773708418
RABEP1	-1.169984116	0.000829957	0.000264224	-5.081511075	17.93610564	3.08094440780041	3.57802773708418
SPTBN1	-0.744453064	0.000829957	0.000264393	-5.081129197	27.28728853	3.08094440780041	3.57775004730144
PLS1	-0.922396666	0.000832913	0.000265566	-5.078478823	22.93081694	3.07940035944934	3.57582752778888
ALOX15B	-0.676137526	0.000835609	0.000266659	-5.07602299	25.26637158	3.07799689105974	3.57404375387356
ARSK	-1.318412833	0.000842066	0.000268954	-5.070897492	19.39289498	3.07465386774919	3.57032199231908
EEF1G	-0.519693648	0.000851182	0.000272103	-5.06393989	27.21570535	3.06997756900501	3.56526666999436
CEP170	-3.590056406	0.000862613	0.000275998	-5.215678194	19.17721874	3.0641840011104	3.55909406500765
LAMB3	-0.810020976	0.000862966	0.000276351	-5.054687125	25.22351422	3.06400631471731	3.55853895954721
PKM	-0.517843399	0.000864341	0.000277032	-5.05321703	30.59727464	3.06331488576027	3.55747006262962
NACA	-0.968802049	0.000868822	0.000278711	-5.04961115	26.70769386	3.06106919056642	3.5548458904721
ECHS1	0.851507125	0.000877221	0.00028165	5.043352724	20.8980688	3.05689098019224	3.55029024442863
SMAP	-3.008030655	0.000878682	0.000282363	-5.123258627	19.12109054	3.05616827012855	3.54919221253735
HDGFL3	-0.785601493	0.000884977	0.000284633	-5.037068675	23.61242453	3.05306801619809	3.54571474976449
MERTK	0.81760892	0.000888446	0.000285996	5.034220053	22.76583956	3.05136896359837	3.54364004096213
PALS1	-2.592855932	0.000889846	0.000286943	-5.066617968	18.40792103	3.05068514744188	3.5422043654403
GAR1	-0.928364783	0.000889846	0.000286834	-5.032475935	19.3952504	3.05068514744188	3.54236937065695
HSD17B10	-0.929962472	0.000907069	0.00029275	-5.020316312	20.00343013	3.04235967525582	3.5335030962556
TTYH3	1.366095986	0.000917915	0.000296506	5.013106104	23.28751774	3.03719753311259	3.52796651396742
DDB1	-0.505891812	0.000918519	0.000296957	-5.011822496	28.86748724	3.03691185567847	3.52730643288724
PSMB3	-0.63106144	0.000920175	0.000297749	-5.010238087	24.62715822	3.03612957014701	3.52614968843531
NQO1	-0.734224932	0.000920219	0.00029802	-5.009697715	22.12764652	3.03610880398801	3.52575458962113
TMEM132A	0.557657448	0.000924206	0.000299568	5.006614709	26.16721062	3.03423121634271	3.52350458004353
PROS1	-0.680199144	0.000937404	0.000304339	-4.99722218	26.47073218	3.0280731976323	3.51664239072594
COPB2	-0.59589301	0.000937404	0.000304369	-4.997163202	26.11405991	3.0280731976323	3.51659958256679
IPO9	-0.653639519	0.000938722	0.000305058	-4.995818632	25.59588635	3.02746300383795	3.51561758135739
GMPR2	-0.739045533	0.000940521	0.000305905	-4.994171382	23.35016213	3.0266315030564	3.51441342443846
FILIP1L	-1.077837158	0.000940739	0.000306238	-4.993525241	20.58375856	3.02653085115557	3.51394092021399
POMK	-0.976413977	0.000944267	0.00030765	-4.990793023	20.69743988	3.02490518766037	3.51194308057595
TRIM25	-1.206822223	0.000957663	0.000312281	-4.981921304	21.67303611	3.01878729153608	3.50545443858817
PHGDH	-0.751265222	0.000961583	0.000313828	-4.978989857	22.46039381	3.01701322324426	3.50330831089885
LTBP4	-0.881398467	0.000962319	0.000314336	-4.978029166	21.88735221	3.01668093942287	3.50260587763332
CRISPLD1	-1.482823589	0.00096408	0.00031518	-4.976438345	22.16952869	3.01588692655672	3.50144134881325
PSMB4	-0.444032745	0.000964184	0.000315483	-4.975868815	26.85755178	3.01584007962481	3.50102403802082
STRN3	-1.271063116	0.000965962	0.000316334	-4.974271094	19.82467807	3.01503995796848	3.49985412702572
INPP5J	-1.272155399	0.000970795	0.000318187	-4.970806631	16.76161892	3.01287246913244	3.49731756806969
HS3ST3A1	-1.198973597	0.000977091	0.000320523	-4.966469867	20.12009595	3.01006498699009	3.49414080104473
EIF2S3	-0.934290483	0.000984423	0.000323202	-4.961535792	23.58653421	3.00681824802044	3.49052596043991
VIRMA	-0.680352468	0.000999949	0.000328578	-4.951764425	23.12390415	3.0000221495834	3.48336151819388
CEP97	0.906152522	0.001001212	0.000329273	4.950514571	21.61067794	2.99947395380757	3.48244387946652
RBM12B	-3.884013188	0.001002574	0.00033	-5.122586061	18.60337319	2.99888356224335	3.48148606012211
UFC1	-1.153295932	0.001007776	0.000331993	-4.945644759	17.60506706	2.99663598850027	3.47887107320386
MMRN1	-1.01349717	0.00101089	0.000333301	-4.943318537	19.43873579	2.99529609959405	3.47716338332768
OLFM2	-1.117400553	0.001012885	0.000334241	-4.941652254	22.21205349	2.99443986036583	3.4759402780165
MAPRE3	-1.016762648	0.001018633	0.000336421	-4.93780569	17.70511707	2.99198225837214	3.47311690259034
CBS	-0.734978734	0.00101904	0.000336869	-4.937019099	23.98380226	2.99180876845841	3.47253895265315
EFTUD2	-0.737910924	0.00101904	0.000337124	-4.936572219	25.36561424	2.99180876845841	3.47221032877079
TDRD6	-1.07556814	0.001019602	0.000337594	-4.935747784	21.93454307	2.99156932131172	3.4716052806188
GRIK1	0.925093029	0.001021067	0.000338364	4.934401645	20.62685257	2.99094575960202	3.47061584963135
PPP1CA	-0.935296884	0.001023634	0.000339619	-4.932211949	21.46392319	2.98985529745547	3.46900802112439
HAS1	-0.897725868	0.001023634	0.000339785	-4.93192345	22.01234531	2.98985529745547	3.46879579721806
TGFB2	-0.9538003	0.001025146	0.000340573	-4.930554631	25.83594129	2.98921427853118	3.46778978507514
RACGAP1	-1.301623586	0.001030545	0.000342653	-4.926954769	16.64561998	2.9869330394743	3.46514546148925
SF3B2	-1.049987595	0.001043555	0.00034727	-4.919412221	25.65772167	2.98148465674032	3.45933273294956
CNKSR1	-1.006679352	0.001044668	0.00034802	-4.917775732	17.83151334	2.98102170828689	3.45839579731763
DNM1L	-0.852874738	0.001044668	0.000348223	-4.917431576	21.26124323	2.98102170828689	3.45814254728187
NUDT21	-0.724345626	0.001047639	0.000349596	-4.915108388	21.37234938	2.97978834265466	3.45643354511048
MANBA	-0.509921566	0.001047639	0.000349797	-4.914768662	27.65045422	2.97978834265466	3.45618391952582
U2SURP	-0.788236062	0.001064598	0.000356009	-4.904382186	24.26283317	2.97281435404696	3.44853902281103
IDE	-0.869956633	0.001064598	0.000356213	-4.904043094	22.69173493	2.97281435404696	3.44829023499843
TM9SF3	-0.988806172	0.001064598	0.00035635	-4.903817319	20.52558547	2.97281435404696	3.44812323686703
EEF1E1	-0.938894482	0.001067165	0.000357506	-4.901906401	18.32053681	2.9717684268272	3.44671666506563
CYB561	-1.179242354	0.001073253	0.000359895	-4.897979087	18.52231015	2.9692978888894	3.44382418693279
MGAT4B	-2.377862922	0.001073253	0.000360144	-4.897931009	19.70246038	2.9692978888894	3.44352381617425
KARS1	-0.681198434	0.001083758	0.000363971	-4.891342188	23.47712044	2.96506768366288	3.43893321811388
CAP2	-1.116638854	0.001085203	0.000364759	-4.890068182	18.0656324	2.96448901431917	3.43799398359595
RPL9	-1.373019653	0.001095998	0.000368693	-4.883749921	20.88304402	2.96019023836055	3.4333351078244
MCM7	-1.932602645	0.001109846	0.00037366	-4.875871307	19.02855762	2.95473727886213	3.42752339053425
NFKB2	-2.279290042	0.0011129	0.000374999	-4.893165044	17.20489829	2.95354385758741	3.42596989039244
COIL	-1.311988507	0.001114531	0.000375859	-4.872419102	20.42233089	2.95290784737961	3.42497504604702
CHST3	0.742017384	0.00111916	0.000377732	4.869494826	22.16600956	2.95110782039768	3.42281622185837
DDX23	-0.948246604	0.001120636	0.000378543	-4.868234142	23.29385788	2.95053543010135	3.42188478035936
LLGL1	-1.530317416	0.001133491	0.000383201	-4.8610432	20.84056406	2.94558192385317	3.41657336625864
NCL	-0.679222763	0.001135857	0.000384317	-4.859333199	32.76620033	2.94467634117789	3.41531040439098
CLINT1	-2.729289084	0.001147113	0.000388446	-4.895715754	18.91568421	2.94039379843769	3.4106693463149
DLD	-0.589983204	0.00114885	0.000389354	-4.85168361	25.5284193	2.93973667142041	3.40965535925214
GLUL	-0.992808323	0.001169738	0.000396759	-4.84062248	22.1735989	2.93191140141299	3.40147321301418
IDH1	-0.548376165	0.001173024	0.0003982	-4.838494493	26.83256857	2.93069310215477	3.39989874430861
BRD3	-1.149058176	0.001177981	0.000400212	-4.835538843	22.4033622	2.92886171435512	3.39770989357175
GPX4	-1.709938588	0.001180534	0.000401408	-4.833788294	18.64964092	2.92792150049568	3.39641397633973
TMOD3	-1.28823573	0.001180985	0.000402328	-4.832445969	20.15613353	2.92775561843949	3.395419741671
DYNC1H1	-0.695700125	0.001180985	0.000402396	-4.83234642	26.11735851	2.92775561843949	3.39534634501615
FLNC	0.868556036	0.001180985	0.000402549	4.832123811	25.27221537	2.92775561843949	3.39518124788148
SELENOF	-1.297000251	0.001187412	0.000405185	-4.828296042	17.15705634	2.92539856640251	3.39234664065087
FZD7	-1.276824529	0.001187412	0.000405401	-4.827983566	19.30194246	2.92539856640251	3.39211518437033
OXR1	-1.671836007	0.001194758	0.000408477	-4.823553058	18.41762104	2.92272005279777	3.38883239214086
DSTN	-1.08125978	0.001194758	0.000408575	-4.823411894	20.38353479	2.92272005279777	3.38872821062137
MARK3	-1.866990339	0.001198626	0.000410232	-4.821040576	18.0866125	2.92131630603711	3.38697046566103
ARL6IP4	-0.866445889	0.001200952	0.000411578	-4.81912092	22.97194281	2.92047435025881	3.38554784754895
PSMD3	-0.798755001	0.001200952	0.000411698	-4.818951443	23.79145746	2.92047435025881	3.38542124276951
RNASET2	0.753814925	0.001202155	0.000412445	4.817888877	24.65641876	2.92003953291162	3.38463395690572
CZIB	-1.50258254	0.001205556	0.000413948	-4.81575834	16.65925807	2.91881261114624	3.38305421137053
HLCS	-1.365044372	0.001215213	0.000417603	-4.810611145	16.20293604	2.91534759316266	3.37923639008538
NPEPPS	-0.481853056	0.001220046	0.000419603	-4.80781343	27.40022763	2.91362379459611	3.37716141542894
COL9A3	-2.115077169	0.001220101	0.000419962	-4.807656706	16.93745446	2.91360421692599	3.37679000469003
POLR3C	-1.242768398	0.001227272	0.000423365	-4.802589985	16.2961536	2.91105917402299	3.37328504838359
UBR5	-2.095264206	0.001227272	0.000423601	-4.802264918	18.35656812	2.91105917402299	3.37304302331911
AGMAT	-1.154671601	0.001227272	0.000423714	-4.802108555	18.23224727	2.91105917402299	3.3729271861706
RPS13	-0.801080418	0.001227272	0.000423799	-4.80199107	21.32499871	2.91105917402299	3.37284007238925
UBA3	-1.676064853	0.001235977	0.000427149	-4.79738502	20.34068232	2.90798961085402	3.36942060602814
SPECC1L	-1.269706434	0.001241827	0.000429517	-4.794152144	22.2929567	2.90593890188774	3.36701964240298
SRSF10	-1.98645409	0.001254456	0.000434235	-4.915123898	22.88140971	2.90154456694588	3.36227517467647
DDX17	-2.112144492	0.001264979	0.00043823	-4.782415953	19.20269071	2.89791668417972	3.35829789517219
GPHN	-1.061408653	0.00128256	0.000444678	-4.773885838	21.24254836	2.8919223088209	3.35195435630539
JAG1	-0.727105171	0.001285326	0.000446157	-4.771947618	25.15134972	2.89098670731715	3.35051228874203
EPS8L1	-1.194782602	0.001285326	0.000446353	-4.771690953	20.2232272	2.89098670731715	3.35032154192727
SRSF5	-1.140677437	0.001288116	0.000447681	-4.770295191	24.29182985	2.89004502525924	3.3490313370891
TEAD1	1.724241264	0.001296463	0.000450944	4.765720603	20.41324095	2.8872398731292	3.34587738717089
CCAR2	1.11575633	0.001300177	0.000452789	4.763337969	23.55299567	2.88599752085417	3.34410413238809
QPRT	-0.574855778	0.001300177	0.00045296	-4.763117542	24.0116431	2.88599752085417	3.34394014797897
HP1BP3	-1.12991151	0.001306578	0.000455554	-4.759787088	23.21551406	2.88386465868183	3.34146013567889
RPS27	-1.118716299	0.001306669	0.00045595	-4.759280453	20.5906513	2.88383441217404	3.34108277995548
RBBP5	-0.594439282	0.001311155	0.000457881	-4.756816774	24.33828549	2.88234596455276	3.3392473773641
KPNA4	-0.872009705	0.001315912	0.000459909	-4.754240639	22.1051552	2.88077315266148	3.33732809159558
ASH2L	-0.747643733	0.001316358	0.00046077	-4.753150192	22.27209538	2.88062598284927	3.33651580488561
ST3GAL2	-1.040388197	0.001316358	0.000461075	-4.752764487	17.8804302	2.88062598284927	3.3362284250727
ERP29	-0.656450537	0.001316358	0.000461165	-4.752650632	21.8804413	2.88062598284927	3.33614366079552
HAPLN3	-0.937189654	0.001317588	0.000461964	-4.751642742	24.43780313	2.88022036917946	3.33539186689089
MYH14	-0.73130317	0.001344465	0.000471762	-4.739417636	23.97891011	2.87145049913404	3.32627704406711
ROBO2	1.484166343	0.001347893	0.00047334	4.737472704	20.07662363	2.87034458209889	3.32482679355599
HMGB2	-0.609317865	0.001360199	0.000478041	-4.731721692	27.70362074	2.86639754877718	3.32053485378505
G6PD	1.065104571	0.00136178	0.000478976	4.730584689	23.46271959	2.86589304844628	3.31968624718814
CAPZA2	-0.81292222	0.001362847	0.000479731	-4.72966812	24.85455888	2.86555289749286	3.31900221671455
KIFAP3	-1.654090222	0.001370386	0.000482767	-4.725999077	19.98728559	2.86315708681561	3.31626242417477
ARRB2	-1.003835564	0.001375437	0.00048493	-4.72339947	16.97668939	2.86155929708015	3.31432094759939
METAP1	-1.133169184	0.001379844	0.000486868	-4.721080138	19.12751249	2.86017001053268	3.31258876905674
HECTD1	-3.372477155	0.00138228	0.000488509	-4.87422745	16.90900106	2.8594039756753	3.31112743068762
NAT10	-0.811747959	0.00138228	0.000488303	-4.719369542	16.12499967	2.8594039756753	3.31131060752123
CWC22	-1.392236123	0.00138228	0.000488883	-4.718678663	19.10228046	2.8594039756753	3.31079506425909
UEVLD	-0.987263094	0.001400874	0.00049585	-4.710456351	19.46880084	2.85360092507508	3.30464968243057
ZZZ3	-0.964888533	0.001404946	0.000497683	-4.708313053	18.38782863	2.85234036782489	3.30304719375926
RPP30	-0.998126434	0.001410209	0.000500234	-4.705343434	19.51883651	2.85071651796853	3.30082679339207
STRN	-1.032010215	0.001410209	0.000500333	-4.705228797	18.77250397	2.85071651796853	3.30074085181325
SRP72	-1.532486731	0.001423666	0.000505653	-4.699088923	20.90021097	2.84659188666188	3.29614741178025
NDNF	2.242737857	0.001423666	0.000505901	4.699130083	18.88134514	2.84659188666188	3.29593446213314
VAMP3	-1.11101408	0.001428953	0.000508178	-4.696197517	18.49458052	2.84498205544719	3.29398414031952
SVIL	-1.009462395	0.001433649	0.000510564	-4.69347982	22.10280397	2.84355716388595	3.29194981066874
RPS18	-0.878489668	0.001433649	0.000510647	-4.693385357	23.22732192	2.84355716388595	3.29187921518538
AATF	-0.838705067	0.001440132	0.000513358	-4.690314462	19.3233877	2.84159769940177	3.28957966568869
INTS13	-2.175865424	0.001446477	0.000516039	-4.687617879	20.18839608	2.83968846754832	3.28731747503026
UGGT1	-0.650383761	0.001446477	0.000516426	-4.68685854	25.42780628	2.83968846754832	3.28699190085124
TSNAX	1.240362212	0.001447243	0.000517103	4.68609921	21.3393679	2.83945854234414	3.28642294263855
ELFN2	0.821621537	0.001467896	0.000525099	4.677205121	19.72083827	2.83330471296634	3.27975880878378
RAB21	-0.893963955	0.001467896	0.000525301	-4.676982343	16.3996095	2.83330471296634	3.27959177244253
PPP4R3A	-0.992745816	0.001469756	0.000526376	-4.675797738	23.01369569	2.83275475821044	3.27870392050577
ERH	-1.030877867	0.001471907	0.000527556	-4.674499902	20.71686076	2.83211962930746	3.2777314332812
TTC13	-1.43332152	0.001496432	0.000536764	-4.664480025	19.60935791	2.82494301333481	3.27021661937713
CDC27	-1.085879217	0.001518282	0.000545024	-4.655642159	16.36081214	2.81864755672148	3.26358437324983
PCBP2	-1.031341095	0.001520054	0.000546084	-4.654518702	22.06478966	2.81814098344638	3.26274054789864
BAG2	-1.47183795	0.00152425	0.000548016	-4.652475691	19.16916914	2.81694379630604	3.26120676156988
SART1	-1.81964726	0.001529714	0.000550407	-4.649958332	20.37507837	2.81538975861526	3.25931605144035
ADAM17	0.661431674	0.001537533	0.000553649	4.646562816	24.62190053	2.81317555421004	3.25676548017
BCAM	0.553089574	0.00153755	0.000554084	4.646109233	28.65282417	2.8131707523844	3.25642439055844
ATR	-1.729070989	0.0015473	0.000558029	-4.64200864	19.30914937	2.81042547446275	3.25334323078875
PARP9	-0.980212691	0.001554473	0.000561049	-4.638889933	16.99804101	2.80841681691628	3.25099920737074
LMBRD1	-1.75673294	0.001554881	0.000561629	-4.638292333	19.88238529	2.80830284330657	3.25055047528209
HSP90AA1	-0.597007484	0.001571923	0.000568223	-4.631550679	33.30341409	2.80356873151171	3.2454811912908
MYO18A	-1.44453932	0.001578888	0.000571305	-4.62842722	19.11497414	2.80164867601269	3.24313197502416
SFRP1	0.666206538	0.001578888	0.000571752	4.627976307	24.48338543	2.80164867601269	3.24279230754772
ARPC4	-0.602752054	0.001578888	0.000572061	-4.627664412	24.08016966	2.80164867601269	3.24255765905505
ATIC	-1.119319763	0.001580204	0.000572978	-4.627054432	24.55252754	2.80128684320045	3.24186205283545
OPA1	-0.597572553	0.001588315	0.000576362	-4.623341253	22.91923426	2.79906336261717	3.23930466029097
SUMO1	-0.992082042	0.001599409	0.000580833	-4.618882173	20.41471979	2.79604046450274	3.23594871718612
GPRC5C	-0.567494322	0.00160443	0.000583104	-4.616631517	24.34491817	2.79467922607667	3.23425397937819
LTA4H	-0.493371286	0.001609418	0.000585365	-4.614399	26.50883741	2.7933311457598	3.23257324835471
CAT	-0.472285873	0.001610414	0.000586177	-4.613600454	26.16455728	2.79306246260008	3.23197122610408
SCAF11	-2.968452627	0.001611094	0.000586873	-4.729627551	20.30997586	2.79287911973576	3.23145587041613
CPNE8	0.837417175	0.001611935	0.000587628	4.612173913	24.0777931	2.79265247475827	3.23089751860715
CUL3	-1.028833847	0.001614237	0.000588918	-4.610910297	18.19709513	2.79203270242932	3.22994517147213
PCCA	-1.335209185	0.001636028	0.000597323	-4.60274191	16.72935499	2.78620926781541	3.22379076236531
ZRANB2	-0.727377025	0.001639754	0.000599141	-4.600991411	26.05211746	2.78522130101089	3.22247096005494
B3GALT5	-1.190442704	0.001640341	0.000599813	-4.600345998	16.91426415	2.78506585986446	3.2219841258271
VPS45	-1.366510785	0.001646812	0.000602638	-4.597639078	19.29606786	2.78335597704327	3.21994348688439
FAM169A	-3.157171625	0.001671246	0.000612455	-4.724690008	17.82312321	2.77695961917948	3.21292581548528
GPALPP1	-1.831305457	0.001671246	0.000612511	-4.588282779	19.7541436	2.77695961917948	3.2128861074591
SLC37A3	-1.792163118	0.001690635	0.000620134	-4.581164913	17.17790465	2.77195014438111	3.20751445699753
CPNE3	-0.872042292	0.001690635	0.000620995	-4.580367071	21.49705992	2.77195014438111	3.20691189657246
VAPB	1.102426598	0.001690635	0.00062103	4.580334221	19.54563101	2.77195014438111	3.20688741992042
HNRNPR	-0.729155258	0.001697016	0.000623847	-4.577731193	23.18826719	2.7703140629982	3.20492190904068
AP1G1	-0.951087194	0.00169778	0.000624601	-4.577036612	21.89216159	2.77011858675175	3.2043973247902
HK1	-0.487395669	0.001704553	0.000627568	-4.57431164	24.78288974	2.76838949062184	3.20233920940909
CHD8	-1.995626619	0.001708994	0.00062968	-4.572380502	18.35699076	2.76725946201388	3.20088010061183
SYMPK	-1.230530918	0.001730083	0.000637932	-4.564897128	19.83622486	2.76193306127737	3.19522561218587
PLBD2	-0.692045193	0.001736169	0.00064066	-4.562445549	25.1525411	2.76040800254943	3.19337239060401
GSPT1	-0.877572232	0.001736934	0.000641426	-4.561758866	23.38022098	2.76021668355657	3.19285344006134
GALNT7	-0.695163226	0.001739343	0.000642801	-4.5605294	25.8903232	2.75961476629027	3.19192345627997
ABHD14B	1.349077807	0.0017544	0.000648854	4.555146512	17.47267012	2.75587138133053	3.18785301371965
PLCH1	-1.133373248	0.001758238	0.000650764	-4.553459275	21.63359071	2.75492233797062	3.18657648006491
OCLN	-2.627770604	0.001761658	0.00065252	-4.644255635	17.1358622	2.75407839962954	3.18540617248543
CMTM6	1.676204977	0.001773269	0.000657343	4.547685762	17.17661472	2.75122537813052	3.18220795747787
CORO1C	-0.665616436	0.001773269	0.00065781	-4.547278093	25.6752601	2.75122537813052	3.1818995286767
STOM	-3.335481473	0.001786723	0.000663298	-4.675670154	18.7299118	2.74794277200257	3.1782913122
IPO4	-0.715752939	0.001804227	0.0006703	-4.536489024	23.65381763	2.74370882231216	3.17373078060627
NEK9	-0.946842366	0.001818437	0.000676085	-4.531561881	17.39419394	2.7403017405407	3.16999869945731
BGN	0.39118451	0.001844478	0.000686281	4.522985054	28.26679239	2.73412652045105	3.16349802458212
YARS1	-0.877178974	0.001859547	0.000692406	-4.517896321	21.96341951	2.73059284038503	3.15963917742922
TOR1B	-0.742249544	0.001886614	0.000703011	-4.509195985	22.51063724	2.72431694711547	3.15303787952936
ATP5F1A	-1.321667476	0.001905065	0.000710417	-4.503200171	17.84439118	2.72009020179428	3.1484866546086
ABRAXAS2	-1.107830436	0.001910198	0.000712864	-4.501233779	20.77527154	2.71892161398231	3.14699331682877
GALC	-0.581649183	0.00192428	0.00071876	-4.496523475	23.64947322	2.71573173395757	3.14341609998634
MYORG	-1.617618588	0.00192428	0.000719192	-4.496180242	17.34536402	2.71573173395757	3.14315515216356
EIF3J	-1.021540042	0.001929705	0.000721757	-4.494144864	23.72908955	2.71450907786501	3.14160899539787
WDR55	-1.360612919	0.001929916	0.000722374	-4.493656536	20.48202399	2.71446159333958	3.14123789372962
IRF3	-1.567867657	0.001953945	0.000731912	-4.48616021	16.78529026	2.70908766504543	3.13554113234577
LIPG	-2.146694068	0.001954759	0.000733307	-4.589110281	21.82851605	2.70890677863737	3.1347141692975
PFKM	-0.99800922	0.001954759	0.000732839	-4.485437737	23.74307059	2.70890677863737	3.13499142657533
CNOT3	-2.078160523	0.001971946	0.000740304	-4.584844879	22.05604434	2.70510498200288	3.13058990403772
PAFAH1B2	-0.819641165	0.002000698	0.000751656	-4.470961985	20.68200012	2.69881846200443	3.12398087148663
CAST	-0.659834301	0.002002405	0.000752855	-4.470052123	27.16535248	2.6984480789663	3.12328866093577
RPL28	-0.840859178	0.002003569	0.000753851	-4.46929752	21.48794874	2.69819569650393	3.12271448473022
XPNPEP1	-0.51070287	0.002009184	0.000756524	-4.46727847	23.42909016	2.69698028897326	3.12117728984538
ACTN1	-0.519783227	0.002038072	0.000767969	-4.458714276	27.35781606	2.69078047751784	3.1146563104381
PNPO	-0.526269036	0.002046874	0.000771856	-4.455835856	22.54059261	2.68890889050258	3.11246371551752
RBBP4	-0.585894461	0.002047628	0.000773394	-4.454701439	26.30375783	2.68874894038261	3.11159920151172
PCK2	-1.985097641	0.002047628	0.000773797	-4.454692495	17.97608079	2.68874894038261	3.11137295836506
PHF14	-0.93330152	0.002047628	0.000773853	-4.454363412	21.86755547	2.68874894038261	3.11134152943604
HSPA13	0.538741868	0.002050696	0.000775584	4.453089925	27.55175729	2.68809871569594	3.11037115882926
PPP6R2	-0.791588369	0.002053347	0.000777159	-4.451933597	17.24526047	2.68753765196847	3.10949011921925
GALNT6	-0.572879961	0.002070509	0.000784231	-4.446771658	23.41523599	2.68392287738481	3.10555599439638
XRN2	-0.951253577	0.002082948	0.000789523	-4.442940987	21.50651684	2.68132157191253	3.1026352138158
CCT5	-0.451591337	0.002089931	0.000792753	-4.440616208	24.78010925	2.67986805207742	3.10086210580547
WASHC2A	-0.825964446	0.00209981	0.000797085	-4.437513061	17.1061486	2.67782000035401	3.09849536359434
WIPI2	-1.032552089	0.002102663	0.000798754	-4.436322069	17.98307117	2.67723032739372	3.09758695396834
NUP43	-1.566850848	0.002119831	0.000806244	-4.431009936	20.09661499	2.67369876109627	3.09353350432764
PHKB	-1.777808171	0.002119831	0.00080654	-4.430801415	20.2486967	2.67369876109627	3.09337408909524
NTN1	0.537882021	0.002119831	0.000807048	4.430442533	26.85263289	2.67369876109627	3.09310063440408
UBP1	-1.966994985	0.002122837	0.000809336	-4.428831716	19.78829502	2.67308335143845	3.09187114136499
TM9SF4	-0.538594262	0.002122837	0.000809376	-4.428803751	23.98682205	2.67308335143845	3.09184967765893
PPFIBP1	-1.266290078	0.002126083	0.000811206	-4.427518777	22.17443793	2.672419785091	3.09086884578533
MPRIP	-0.671557982	0.00212947	0.000813677	-4.425788724	22.02062805	2.67172847389323	3.08954795992212
CHST7	-0.736187182	0.00212947	0.000813686	-4.425782698	23.82068116	2.67172847389323	3.08954315626081
RPS3A	-0.690037973	0.002142535	0.000819275	-4.421889268	24.35151882	2.66907207480373	3.0865702973409
YLPM1	-2.401635205	0.002146612	0.000824423	-4.543018993	21.91200116	2.66824644717382	3.08384990064616
ANAPC2	-1.241052731	0.002146612	0.000822523	-4.419639201	21.23569657	2.66824644717382	3.08485194914282
SEC13	-0.983306812	0.002146612	0.000822759	-4.41947617	22.14043698	2.66824644717382	3.08472735834509
FAM184A	-1.446747287	0.002146612	0.000823671	-4.418845776	19.71452772	2.66824644717382	3.0842462244882
ST6GAL2	-1.467220434	0.002146612	0.00082419	-4.418488158	20.57323961	2.66824644717382	3.08397265912854
ZNF326	-1.178408287	0.002146612	0.000824255	-4.418442988	21.02511214	2.66824644717382	3.08393840971005
OFD1	0.947087809	0.002153661	0.00082786	4.415962375	22.95877465	2.66682265638432	3.08204310085793
ITGA6	0.932942694	0.002153661	0.000828331	4.415638675	21.12929725	2.66682265638432	3.08179608501677
PGF	-1.173044207	0.002154937	0.000829598	-4.41477006	19.59369436	2.66656542200084	3.08113230361758
NAE1	-0.803161471	0.002154937	0.000830023	-4.414478845	22.20955364	2.66656542200084	3.0809098731243
CHKB	-0.802701729	0.002156434	0.000831201	-4.413672935	17.54227836	2.66626382936799	3.08029394296024
DNAJB1	-1.267694068	0.002157768	0.000832608	-4.412711734	17.85726261	2.66599525183855	3.07955942057011
USP39	-0.721355672	0.002157768	0.000833491	-4.412109018	22.47141747	2.66599525183855	3.07909908530381
ZNF207	-0.7098694	0.002157768	0.000833933	-4.411808161	20.80056992	2.66599525183855	3.07886884012862
UAP1	-1.401172654	0.002157768	0.000834121	-4.411679983	19.2176615	2.66599525183855	3.07877094478118
PFKL	-1.223174017	0.002171845	0.000840167	-4.411905314	23.68962692	2.66317117265903	3.07563438064063
SEMA5A	0.661200443	0.002180076	0.000843959	4.405017898	23.20351003	2.66152836611774	3.07367865113058
MCM5	-1.574604047	0.002215707	0.00085837	-4.395403502	20.54652483	2.65448767025062	3.06632546935307
FSD1	-1.163442256	0.002219614	0.000860503	-4.393995265	22.09106156	2.65372254457892	3.0652476112386
C1S	0.620727407	0.002224258	0.000862923	4.392401226	24.39660525	2.65281483872773	3.06402795534741
EIF2B5	-0.87247252	0.002242285	0.000870541	-4.387413595	18.75468871	2.649309188324	3.06021077003264
NEO1	0.473319889	0.002265881	0.000880334	4.381068794	27.41154974	2.6447629022398	3.05535252462647
EPHX1	-0.677306154	0.002266645	0.000881263	-4.380471002	24.65755352	2.64461649337758	3.05489446343417
GSK3B	-1.091987342	0.002271148	0.000883646	-4.378939399	19.83583285	2.6437545639357	3.05372168412454
BICD2	-1.601126207	0.002279168	0.000888006	-4.376149031	18.08408686	2.64222366131201	3.05158409980914
RSRC2	-1.146671042	0.002279168	0.000888037	-4.376129192	19.68609385	2.64222366131201	3.05156893899497
NAGK	-0.754293334	0.002292234	0.000893767	-4.372483955	23.95090235	2.63974105000244	3.0487756845632
RPS5	-0.91484406	0.002334566	0.000910923	-4.361712124	22.02743501	2.6317938437162	3.04051833223494
AGRN	0.357350613	0.002337105	0.000912565	4.360692026	31.06626871	2.63132177545706	3.03973619192798
JMJD6	-1.187940002	0.00234482	0.000916231	-4.35842196	21.38561342	2.62989049026538	3.03799501827792
ADH5	-0.688625734	0.002346026	0.00091755	-4.357607582	25.69208676	2.62966717909433	3.03737026044652
NME2	-0.41555757	0.002346026	0.00091801	-4.357323888	25.54232473	2.62966717909433	3.03715258794782
MYEF2	-2.078546508	0.002359958	0.00092412	-4.356677295	18.10790312	2.62709572606826	3.03427163056127
NBEAL1	-1.293338696	0.002371134	0.000929157	-4.350492557	17.66364805	2.62504390202513	3.03191089690757
FAU	-1.041547331	0.002376184	0.000931798	-4.348886349	20.27432698	2.62411993276043	3.03067822605124
UPK3BL2	-1.126398798	0.002380048	0.000933977	-4.34756501	20.05367952	2.6234142841515	3.02966381851945
EIF4A2	-0.587511235	0.002383127	0.000935849	-4.346432017	23.96311104	2.62285281290763	3.0287942193784
YWHAQ	0.600856647	0.002387751	0.000938646	4.344744001	27.21941382	2.62201096437864	3.0274981662362
ANKRD50	0.83500804	0.002387751	0.000938996	4.344533036	21.15475149	2.62201096437864	3.02733625776757
TRIL	-1.073130587	0.002408874	0.000947974	-4.339151202	17.63012186	2.61818591587373	3.02320357385537
BSG	0.459564865	0.002414843	0.000951101	4.337289146	26.11520019	2.61711109946737	3.02177336170235
ASAP1	0.653222698	0.002414843	0.000951669	4.336951747	21.18852212	2.61711109946737	3.021514077319
EXOSC7	-0.764242937	0.002415139	0.000952459	-4.336482723	19.59565676	2.61705786897219	3.02115371009538
PDIA5	0.953789833	0.002423573	0.00095646	4.334112678	19.63347737	2.61554389443938	3.01933318783483
PRPF4B	-0.657988265	0.00243302	0.000960867	-4.331514765	23.85789745	2.61385432105112	3.01733672176274
LONP1	-1.011187785	0.002476153	0.000978591	-4.321188247	17.24886889	2.60622252402881	3.00939878271905
GTF3C3	-0.836390502	0.002497124	0.000987575	-4.316028248	18.07567611	2.60255989129757	3.00542991256298
TUBB6	-2.624657177	0.002522241	0.000998211	-4.386743645	19.78822619	2.59821341896452	3.00077764864243
INTS1	-0.976960977	0.002524037	0.000999626	-4.309182505	19.20553017	2.59790428303406	3.00016245651749
PEPD	-0.485038009	0.002525338	0.001000845	-4.308494827	25.53512092	2.59768048617467	2.99963317612406
LPIN1	-1.008690404	0.002525521	0.001001621	-4.308057195	16.7323655	2.59764901592764	2.99929657861396
HMG20A	-1.217351648	0.002534269	0.001005797	-4.305709807	16.2562694	2.59614728881516	2.99748966408732
NBN	-1.08318501	0.002539694	0.001008658	-4.304107376	16.35137692	2.59521860704823	2.99625606259398
EVPL	-1.552335402	0.002545212	0.001011559	-4.302487563	20.35827185	2.59427603784761	2.99500878157616
PPP6R3	-0.637466845	0.002555449	0.001016339	-4.299828259	24.18688576	2.59253278199092	2.99296140890935
INTS14	-0.980644779	0.002558617	0.001018312	-4.298734644	17.96641631	2.59199471889409	2.99211913838593
ARMH3	-1.093925598	0.002571559	0.00102418	-4.29549488	18.45393519	2.58980350708838	2.98962370924215
H1-3	-0.664563706	0.002574302	0.00102599	-4.294499471	27.53091796	2.58934050590094	2.98885687213452
SPTB	1.342437996	0.002591412	0.001033531	4.290371583	16.57639175	2.58646353448538	2.98567649249869
CPD	0.568115888	0.002592258	0.001034591	4.289793899	25.86557068	2.58632177656678	2.9852313038772
MACROH2A2	-0.528310382	0.002621113	0.001046838	-4.283163203	23.40490745	2.58151425558198	2.98012052094735
PRRC2C	-0.810855641	0.002638814	0.001055079	-4.278746699	22.41470236	2.57859122047357	2.97671502095437
HNRNPH2	-1.202407532	0.002638814	0.001055379	-4.278586798	18.50396795	2.57859122047357	2.97659155169277
EIF3B	-0.537445272	0.002671343	0.001069133	-4.271296702	26.66298502	2.57327034505857	2.97096826525595
GTF3C5	-1.078153938	0.002675632	0.001071595	-4.270001843	18.01989989	2.57257361861703	2.96996932145192
IWS1	-1.467930271	0.002679298	0.00107381	-4.268839843	21.62855288	2.57197898009911	2.9690725559282
GTF3C4	-0.889131421	0.002686105	0.001077287	-4.267020589	20.11914654	2.57087701473904	2.96766858090645
IQGAP1	-0.568566425	0.002697693	0.001082686	-4.264207508	24.27557674	2.56900747497253	2.96549747896116
GDF11	0.760355477	0.002700275	0.001084475	4.263278745	19.15649871	2.56859200439627	2.96478045516403
XYLB	-1.182360519	0.002702102	0.001085962	-4.262507987	16.63086631	2.5682982610871	2.96418537132088
PTPRB	-1.44061938	0.002710383	0.001090045	-4.260396873	17.57072318	2.5669693353124	2.96255557284077
EPM2AIP1	-1.288563895	0.002711044	0.001091067	-4.259870053	18.29559305	2.56686343380198	2.9621485795337
HMGCS1	-0.695342656	0.002723249	0.001096738	-4.256954491	23.52050914	2.56491264717197	2.9598971087464
CFI	0.691504712	0.002746005	0.001106668	4.251886689	25.74145166	2.56129867632343	2.95598264776958
DOCK7	-1.285020617	0.002753072	0.001111027	-4.24967658	17.44393945	2.56018243052683	2.95427538677603
LSM6	-1.660899667	0.002753072	0.00111105	-4.249664939	20.54681844	2.56018243052683	2.95426639629272
NAMPT	-0.759277084	0.002759771	0.001114523	-4.247910847	24.83500175	2.5591269532835	2.95291096471626
TET1	-1.00726843	0.00277354	0.001120857	-4.244726459	20.85391597	2.556965566344	2.95044979157309
MYO6	-0.95137189	0.002773914	0.001121781	-4.244263345	19.49400165	2.55690700753974	2.95009192006285
ZC3H15	-1.191582686	0.002788633	0.00112851	-4.240903097	21.0899705	2.55460863760288	2.94749458818075
PCBP1	-0.813583836	0.002796465	0.001132459	-4.238940905	20.89540116	2.55339061184512	2.94597751240218
PPAT	-0.925567026	0.00280287	0.001135834	-4.237269542	23.07070284	2.55239704479837	2.94468513530797
CHD3	-1.472747371	0.00282727	0.00114651	-4.232016356	21.23858049	2.54863271506517	2.9406221529481
TOP1	-0.479100118	0.002828823	0.001147928	-4.23132226	27.14110135	2.54839422558229	2.94008535077368
WDR48	-0.753283761	0.002845932	0.001155664	-4.227552092	21.63535603	2.54577548105341	2.9371684151861
NONO	-0.720344272	0.002848304	0.001157421	-4.226699321	24.27696335	2.54541366023297	2.93650864215445
CRYZL1	-0.906644846	0.002854034	0.001160545	-4.225186822	20.45259826	2.54454085745668	2.93533801516258
NSD3	-1.822395163	0.002860117	0.001163816	-4.2236075	18.35057626	2.54361620064191	2.93411567647416
GBE1	-0.808872067	0.002864862	0.001166545	-4.222293259	23.62683735	2.54289629309692	2.93309850344139
MET	0.689075898	0.002865614	0.00116765	4.221761926	26.93421795	2.54278230973768	2.93268731633976
PAXX	-0.687400132	0.002876282	0.001172798	-4.219293767	21.13335759	2.54116853656455	2.9307767833149
DDX24	-0.791884967	0.00290572	0.001185612	-4.213199345	18.27547981	2.53674623735859	2.92605741369386
LRP1B	-0.746331732	0.002908019	0.00118736	-4.212373103	22.73012346	2.53640276027235	2.92541758575516
ASCC1	-0.943388241	0.002910356	0.001189125	-4.211539978	19.95413278	2.53605388407967	2.92477249024519
MAK16	-1.532805876	0.002917387	0.001192811	-4.210056919	21.4604254	2.53500595661142	2.9234283645104
BMP2K	-1.620182627	0.002927164	0.001197625	-4.207547247	16.61301756	2.53355294469988	2.92167914682606
NT5C2	-0.947310073	0.002953181	0.001209092	-4.202206203	22.08363002	2.52970993437855	2.91754065234667
INF2	-0.834027465	0.003006883	0.001231917	-4.191730149	16.55234684	2.52188347028423	2.90941855163286
TBCD	-0.782485248	0.003008281	0.001233328	-4.191089057	22.68702211	2.52168159924742	2.90892140868692
AGFG1	-3.254125102	0.003017069	0.001238224	-4.307854094	18.06223394	2.52041475744961	2.90720078248549
PHRF1	-1.041441756	0.003017069	0.001238613	-4.188694968	18.36980546	2.52041475744961	2.90706436611667
EIF3H	-0.662529816	0.003017205	0.00123951	-4.188289777	22.5890108	2.52039518125882	2.90674996512262
MED1	-1.711178973	0.003029773	0.001245517	-4.185583172	20.58902316	2.51858990896979	2.90465034042309
TM9SF2	-0.960553521	0.003043289	0.001251922	-4.182712486	19.55165527	2.51665680375566	2.90242272865342
API5	-0.448801753	0.003058727	0.001259125	-4.179501812	26.62752745	2.51445928329136	2.89993115304108
PPA2	-0.976759102	0.003063064	0.001261764	-4.178330349	21.40897699	2.5138439289014	2.89902186781955
SEH1L	-0.96825165	0.003072087	0.001266907	-4.176054645	22.08708385	2.51256648945924	2.89725526425564
SMARCC2	-0.843324472	0.003072087	0.001267193	-4.175928188	22.12784987	2.51256648945924	2.89715723479954
CDC42BPB	-1.35375412	0.003090878	0.001275805	-4.172139468	21.0040442	2.50991813662949	2.89421570014123
UBE3C	-0.806892284	0.003114685	0.0012865	-4.16747124	18.230395	2.50658586864502	2.89059020945363
MEX3D	-0.81523361	0.003122801	0.001290723	-4.165639145	17.15872476	2.50545569023523	2.88916695097852
C1QBP	-0.532459699	0.003126842	0.001293265	-4.164539432	22.94923032	2.50489406319639	2.88831247570299
STIP1	-0.592870489	0.003129641	0.001295295	-4.163662551	26.33417305	2.5045054773612	2.88763131090171
KNTC1	-2.540485704	0.003142128	0.001302214	-4.226631032	19.49418908	2.50277612720139	2.8853176398983
CRELD2	0.797394745	0.003142128	0.001302147	4.160713654	18.18881005	2.50277612720139	2.88533998528767
GNAI3	0.566609886	0.003143542	0.001303676	4.160057578	22.91383673	2.50258073278592	2.88483032953665
RPP14	-1.013742843	0.003143988	0.001304857	-4.159551548	17.6790836	2.50251912024832	2.8844370802903
DTX3L	-0.902157721	0.003143988	0.001305673	-4.159202229	16.4346503	2.50251912024832	2.88416557656594
MLLT1	-1.492429984	0.003143988	0.00130649	-4.158852587	20.67718999	2.50251912024832	2.88389391005563
CMSS1	-0.696225181	0.003163843	0.001315623	-4.154960468	17.51559429	2.49978507571968	2.88086854269488
NOP14	-1.490225294	0.003171045	0.001319501	-4.153315921	19.72260789	2.49879759489722	2.87959027630841
PIK3R3	-0.839191903	0.003204597	0.001334355	-4.147063469	16.81162343	2.49422657821405	2.87472861267548
CD9	0.500078231	0.003276531	0.00136578	4.134070177	26.34400668	2.4845857187302	2.86461925122607
SNRPD3	-0.448231921	0.003276531	0.001366134	-4.133925648	25.28793829	2.4845857187302	2.86450669991776
SLC16A3	1.28661706	0.00328508	0.001371228	4.135564988	22.87271262	2.48345404980724	2.8628903271877
RPTOR	0.475636052	0.00328508	0.00137153	4.131726328	23.47483459	2.48345404980724	2.86279468846633
H2BC18	-0.525286436	0.003298257	0.001377951	-4.129121078	25.83407242	2.48171550717141	2.86076622568527
EXOC4	-0.895755526	0.00334214	0.001397216	-4.121378421	18.6189437	2.47597536175741	2.85473644975073
PPP2R5D	0.863692005	0.003346113	0.001399809	4.12034459	18.03221578	2.47545939677237	2.85393121853958
RPL17	-0.758141425	0.003360689	0.001406844	-4.117550302	21.38924772	2.47357167552017	2.85175405728829
PTPA	-0.631100073	0.003371352	0.001412247	-4.115413721	22.51974089	2.47219590079355	2.85008933915126
PDCL3	-0.978510669	0.003392987	0.001422255	-4.111478392	21.96062883	2.4694178043216	2.84702253077616
ARPC2	-0.517674583	0.003398339	0.001426261	-4.109911336	26.92000992	2.46873330042698	2.84580099307618
NSF	-1.587848631	0.003398339	0.001426393	-4.109859778	18.6180646	2.46873330042698	2.84576080112044
SUPT6H	-0.80118696	0.003407784	0.001431307	-4.107943776	23.78992117	2.46752794048427	2.84426720474046
SEPTIN9	-0.976529947	0.003421438	0.001437996	-4.105346828	23.05137037	2.46579132546216	2.84224232200623
ACAA2	-1.138583163	0.003433147	0.001443874	-4.103074979	20.64857605	2.46430760061676	2.8404707039217
EML3	-1.745445268	0.003451063	0.001452371	-4.099807614	19.78200675	2.46204711248405	2.83792243138247
LCN2	-0.608478922	0.003451539	0.001453533	-4.099362255	26.5154275	2.46198721502112	2.83757510386245
ARGLU1	-1.209136326	0.003456626	0.001456638	-4.098410488	23.11216378	2.46134760770752	2.83664836458973
FHL1	-2.163040265	0.0035655	0.001503512	-4.101572068	18.42294988	2.44787955921614	2.8228931013094
FKBP4	-0.514527071	0.003570685	0.001506694	-4.079374374	26.60659318	2.44724846086739	2.82197494118605
SPPL2A	-0.919198829	0.00358436	0.001513463	-4.076881661	17.16743835	2.44558837787101	2.82002819188101
PLXNA1	0.555635704	0.003591788	0.001517601	4.075363714	22.02491432	2.44468930484083	2.81884239594758
PSMD12	-1.11031749	0.003594661	0.001519816	-4.074552529	20.99879415	2.4443420601549	2.81820898772742
PLCG1	-0.954132704	0.003602563	0.001524161	-4.072965575	21.32727959	2.44338841570117	2.81696915522838
NDRG3	-1.11435576	0.003676481	0.001556459	-4.061312817	18.67952016	2.43456767411397	2.80786231494824
EHMT2	-1.156334209	0.003688687	0.001562655	-4.059106103	21.32908548	2.4331281948518	2.80613689410801
TPP2	-0.624167969	0.00369058	0.001564485	-4.05845587	24.90580445	2.43290537611593	2.80562859643499
PLXNB1	-0.537992752	0.00369087	0.001565637	-4.058047187	23.04789995	2.43287125127601	2.80530892374124
RCN2	-0.929928191	0.003703829	0.001572166	-4.055735869	22.16152592	2.43134907222518	2.80350160010461
SHMT2	-2.136191615	0.003704239	0.001573373	-4.156880039	21.96986575	2.43130100011305	2.80316830685001
ERP44	-0.58231462	0.003716222	0.001579498	-4.0531523	23.16715243	2.4298983499811	2.80148091967305
NXPE3	-1.175581524	0.003722166	0.00158514	-4.051172411	19.23852927	2.4292042622433	2.7999323747444
COTL1	-0.904748571	0.003722166	0.00158527	-4.051126929	20.24879148	2.4292042622433	2.79989675898324
SEC31A	-0.715396972	0.003722166	0.001585723	-4.050968364	22.02864771	2.4292042622433	2.79977267457079
ARPC5	-0.600884707	0.003722166	0.001586174	-4.050810581	23.18334992	2.4292042622433	2.79964917320069
PSMB2	-0.652209804	0.003780023	0.001611883	-4.041886765	23.69234751	2.42250555763825	2.79266648504859
CEP44	0.717188388	0.003780969	0.00161334	4.041385397	25.12705045	2.42239688338439	2.79227409847366
FAM20B	-0.59842452	0.003786975	0.001616958	-4.040142428	23.19949198	2.42170756189736	2.79130126061625
GART	-0.496476815	0.00382751	0.001635332	-4.033874462	24.88229137	2.41708366596239	2.78639406494196
CDK5RAP3	-1.897253256	0.003853904	0.001648758	-4.049737624	16.8948634	2.41409910773701	2.78284308418406
GIPC1	-1.040980518	0.003853904	0.001648427	-4.029451627	17.40213835	2.41409910773701	2.78293028067076
TXNDC5	-0.600043974	0.003867908	0.001655827	-4.02696842	23.78503947	2.41252386436347	2.78098504005727
ANLN	-3.751855624	0.003871749	0.001658861	-4.159488908	20.06774948	2.41209280514678	2.78019000304258
EFCC1	-0.751592764	0.003871749	0.00165963	-4.025696718	21.29165511	2.41209280514678	2.77998872332686
NAA10	-1.099880862	0.003891944	0.001669371	-4.022452742	20.70478249	2.40983341729011	2.77744713525155
TMEM50A	-0.931741849	0.003895485	0.001671975	-4.021588769	19.17720164	2.4094384636112	2.77677022058314
NMT1	-1.828646131	0.003909038	0.001678882	-4.084265714	21.83480886	2.40793010774373	2.7749798271197
RBM5	-1.623116142	0.003918085	0.001683859	-4.017663721	19.440066	2.40692614653665	2.77369427749533
MYBBP1A	-1.311920808	0.003918656	0.001685197	-4.017223834	20.943473	2.40686285947648	2.77334932267871
RPS19	-0.939519881	0.00393036	0.001691326	-4.015212458	19.98023344	2.40556766874594	2.77177267486495
AK2	0.507160468	0.003955216	0.001703124	4.011361513	23.59867035	2.40282979407615	2.76875373104193
ARHGAP1	-0.69232848	0.003979612	0.001714738	-4.007597605	22.291674	2.4001592682462	2.76580222771836
IPO7	-0.455672177	0.003982479	0.001717083	-4.006840747	26.1832516	2.39984650559793	2.76520871149559
TNFRSF10A	0.808619198	0.00401698	0.001733078	4.001707026	16.32350073	2.39610033055642	2.76118189071524
RTN3	-0.515779065	0.00402116	0.001736188	-4.000714603	25.12920197	2.39564864618715	2.7604032498151
PYM1	-0.868226918	0.00402116	0.001737123	-4.000416474	19.15322113	2.39564864618715	2.76016942949185
RARRES2	0.973842425	0.004077161	0.00176272	3.992321268	19.03105862	2.38964213867514	2.75381666791192
SORCS2	0.539453261	0.004077161	0.001763588	3.992048849	22.84283449	2.38964213867514	2.75360286491008
GINM1	-0.640708556	0.004087629	0.001769681	-3.99014067	22.01553184	2.38852852837346	2.75210501184468
SLC2A9	1.141102135	0.004087629	0.001770394	3.98991765	19.24762261	2.38852852837346	2.75193007093536
HSD17B4	-0.785613472	0.004095853	0.001775537	-3.988313126	19.31000918	2.38765563856408	2.750670273107
TWF2	-0.976340902	0.004095853	0.001776239	-3.988094319	22.5424459	2.38765563856408	2.7504985985812
NPLOC4	-1.034282379	0.004111492	0.001784168	-3.985630929	22.39230933	2.38600055043929	2.74856425419881
IPO13	-0.905647313	0.004124321	0.001790884	-3.983552906	17.94693099	2.38464754050215	2.74693254357108
MPZL1	-1.380221958	0.004127456	0.001793396	-3.982777762	20.63411425	2.38431754775846	2.74632380322872
DIAPH1	-1.317330135	0.004139194	0.00179965	-3.980852851	18.41348443	2.38308421816193	2.74481194925706
ANKRD29	-0.904149761	0.004145442	0.001803521	-3.979664593	17.35779081	2.38242915680803	2.74387879643904
ISG20	-0.691245821	0.004186734	0.001822653	-3.973831272	16.32500389	2.37812463070225	2.73929600525045
PPP1R9A	-1.376964179	0.004191546	0.001825916	-3.972842737	19.7529973	2.37762576332692	2.73851920575879
CAPZB	-0.46060384	0.004201992	0.001831638	-3.971113562	26.32617137	2.37654477876471	2.73716035497885
FST	-0.454613641	0.004207242	0.001835099	-3.970070348	25.39730071	2.37600250670373	2.73634050144244
OGFOD1	-1.578751952	0.004247641	0.001853904	-3.964437298	18.92619415	2.3718521958596	2.73191275851391
TBC1D10A	-1.066842527	0.004294611	0.001875601	-3.958010575	17.24977787	2.3670761678524	2.72685954438362
DHX36	-0.776112221	0.004335095	0.00189449	-3.952477735	22.65904724	2.36300138088126	2.72250768279135
RTRAF	-2.045346514	0.004339999	0.001897842	-3.970967459	18.32175302	2.36251037055535	2.72173994648427
COL25A1	-1.127319428	0.004366785	0.001910773	-3.947753577	18.70010819	2.35983819017442	2.71879090410307
SCEL	-0.790650024	0.004376226	0.001916123	-3.946210318	18.60985586	2.35890025796839	2.7175766160786
PGM3	-0.465817703	0.004422334	0.001937545	-3.94007591	25.5356357	2.35434846011118	2.71274820209921
SELENBP1	0.590400132	0.004440171	0.001946597	3.937504648	25.17772722	2.35260030400107	2.71072395027352
PSMB9	-1.228711465	0.004442489	0.001948851	-3.936866182	20.98884706	2.3523736388733	2.71022136373074
DROSHA	-1.08926799	0.00446182	0.001958575	-3.934121047	16.63856163	2.35048795412918	2.70805979329534
ACTR3	-0.621385504	0.004504694	0.001979603	-3.928232311	25.25128935	2.34633470493465	2.70342189670648
AHNAK2	-0.766789393	0.004504694	0.001979906	-3.928147841	21.1689905	2.34633470493465	2.70335542824876
PPCS	-0.763009347	0.004519463	0.001988041	-3.925887359	21.35558429	2.34491316474427	2.70157466325352
SEMA3D	-1.49144839	0.004519463	0.001988917	-3.925644564	19.64032443	2.34491316474427	2.70138334015064
RABGAP1L	-0.91609327	0.004527504	0.001993717	-3.924315703	20.72025976	2.34414115731934	2.70033648798069
TYRO3	0.925483413	0.004536958	0.001999145	3.922817205	20.21953011	2.34323524111147	2.69915570492336
PLOD1	-0.522829251	0.004553363	0.002007642	-3.920479457	28.16107956	2.34166772579267	2.6973137274264
LRP1	-0.330511768	0.004578039	0.002019798	-3.917152916	27.13930817	2.33932051192084	2.69469206217318
PABPC4	-0.772345676	0.004599618	0.0020306	-3.914214159	22.88005586	2.33727823514037	2.69237561815188
AMPD2	-1.173023123	0.004656564	0.002057038	-3.907088908	18.33620264	2.33193442370748	2.68675768543805
PROM2	1.888101645	0.004661723	0.00206109	3.924937359	20.53975668	2.33145353586596	2.68590304381032
SSB	-0.671009883	0.004661723	0.002061916	-3.905784752	27.89556653	2.33145353586596	2.68572903133163
CLSTN1	0.386038073	0.004669582	0.002066694	3.904510287	32.23448635	2.3307219937847	2.68472382136463
CNOT7	-0.846736615	0.004680679	0.002072909	-3.902856724	16.61758257	2.32969114167728	2.6834197628677
ATP6V1H	-0.790640791	0.004685858	0.002076509	-3.901901444	22.79836088	2.32921087637731	2.68266618223199
F11R	0.605045863	0.004702243	0.00208508	3.899633739	23.57989504	2.32769493139309	2.68087727743266
INPPL1	-1.638834413	0.00471589	0.002095075	-3.897211245	20.87791508	2.32643633354942	2.67880042544082
ZDHHC5	-0.897702978	0.00471589	0.002095057	-3.897006153	17.4296779	2.32643633354942	2.67880415673171
ENTPD3	-0.67200159	0.00471589	0.002095075	-3.897001501	17.62988892	2.32643633354942	2.67880042544082
SEMA6D	1.672274181	0.004718871	0.002097714	3.915127692	21.17712359	2.3261618948236	2.67825372333438
GLG1	-0.872795453	0.004722143	0.002101349	-3.895355795	20.40713926	2.32586086537873	2.67750181233135
RPS7	-0.529759555	0.004722143	0.002101801	-3.895237256	22.82275271	2.32586086537873	2.67740840566893
RAB25	-3.2170519	0.004729397	0.002106804	-4.004591255	19.82080977	2.32519422845178	2.67637586575775
KIAA1549	-0.696576618	0.004729397	0.002107666	-3.893703684	20.09002023	2.32519422845178	2.67619821027622
GCLC	-1.260285716	0.004739572	0.002113522	-3.892177012	20.64818533	2.32426087487248	2.67499322716835
NPTN	-0.671158679	0.00477233	0.002129459	-3.888043513	21.70763617	2.32126953310232	2.67173071729259
RPL38	-1.357489501	0.004773727	0.002131413	-3.887538951	18.00948554	2.32114242106108	2.671332389684
FKBP9	-0.499318238	0.004775181	0.00213358	-3.886979888	23.9301702	2.3210101621302	2.67089106833915
SMARCE1	-1.16312939	0.004775181	0.002134724	-3.886684969	19.57230417	2.3210101621302	2.67065826725507
RPF2	-1.232733017	0.004790096	0.002142727	-3.884626622	18.22525133	2.31965578264964	2.6690331579111
HDAC1	-1.901819835	0.004791157	0.002144537	-3.928139	21.15399303	2.31955959764186	2.66866645641618
NPTX2	-4.786787914	0.004795373	0.002147761	-4.005691655	20.80402906	2.31917760631575	2.66801404799861
HNRNPUL1	-0.511022464	0.004812548	0.002156794	-3.881027577	23.1277208	2.3176249258406	2.66619133330989
ETF1	-0.702067566	0.004819349	0.002162249	-3.879638554	23.55878858	2.3170116225085	2.66509429507318
LGALS3	-0.631909497	0.004819349	0.002162529	-3.879567407	24.34126127	2.3170116225085	2.66503805983747
AGO2	-0.931789929	0.004883016	0.002193691	-3.87170129	19.01378589	2.31131185267669	2.65882454651785
EPS15L1	-1.490661687	0.004883016	0.002193819	-3.871669149	20.02987277	2.31131185267669	2.65879920654429
GNL3	-1.542962557	0.004886939	0.002196943	-3.870886837	17.29022463	2.3109630819108	2.6581812107657
UTP25	-1.084851721	0.004902913	0.002205491	-3.868752517	22.15523452	2.30954581304694	2.65649471011786
HERC4	-0.748186484	0.004910444	0.002210247	-3.867568568	22.67788935	2.30887923740207	2.65555919023211
FTH1	-0.697558787	0.004922298	0.002216955	-3.865903424	24.44419178	2.30783209728947	2.65424312215391
GALNS	0.656063402	0.004935753	0.00222564	3.86375498	22.13477669	2.3066465818397	2.65254508198576
ICOSLG	0.467994412	0.004935753	0.00222608	3.863646206	24.89583081	2.3066465818397	2.65245923221414
HNRNPL	-0.69159511	0.004935753	0.002227142	-3.863384321	23.11581296	2.3066465818397	2.65225209196893
CNOT1	-0.980146536	0.004946664	0.002233444	-3.861831792	23.4886238	2.30568758789773	2.65102493228813
ENPP2	-1.065820079	0.004951341	0.002236935	-3.860973555	18.49217962	2.30527716267709	2.65034663528265
SNIP1	-1.640195095	0.004967959	0.002245844	-3.858790043	18.22134767	2.3038219969996	2.64862041383241
ARFGAP2	-0.95121979	0.004967959	0.002247212	-3.858455572	18.89551641	2.3038219969996	2.64835595468941
ENO1	-0.412356956	0.004985444	0.002256562	-3.856174881	32.245407	2.30229615768067	2.64655272955444
TRRAP	-1.403755022	0.004985444	0.002258646	-3.855667833	17.2176734	2.30229615768067	2.64615183118406
DSC1	1.029683445	0.004985444	0.00225929	3.855511347	19.02204024	2.30229615768067	2.64602801993564
SLC7A6	-0.806868604	0.005040712	0.002286386	-3.848964608	17.28090381	2.29750811517519	2.64085044781717
EIPR1	-1.193552015	0.005040712	0.002287146	-3.848782245	18.8351351	2.29750811517519	2.64070611131344
BUB3	-0.658540054	0.005052221	0.002293776	-3.847192981	23.79975192	2.29651766029777	2.6394489956387
U2AF2	-0.545977321	0.005061865	0.002299565	-3.845809188	25.12755543	2.29568944166233	2.638354310055
PSD3	-0.81373857	0.005092579	0.002314938	-3.842151905	18.52178191	2.29306222516571	2.63546063601469
PTPRJ	-0.370999966	0.005102886	0.002321045	-3.840705821	26.82320848	2.29218413382806	2.63431643943972
NCKIPSD	-0.630086197	0.005130715	0.002335133	-3.837385072	20.57438069	2.28982210878351	2.63168837868625
TIPRL	-0.672648848	0.005131069	0.002336724	-3.837011222	22.91152809	2.28979214513457	2.63139258087077
EIF2S1	-0.677243723	0.005138332	0.002341464	-3.835899398	22.90657683	2.28917783835114	2.63051251510656
EIF4A1	-0.405017475	0.005180043	0.002361915	-3.831128438	25.93157532	2.28566663512249	2.62673573572132
NOP58	-0.422078706	0.005188387	0.002367165	-3.829910406	24.75379889	2.28496763750389	2.62577146911273
PPP2R1A	-0.754293821	0.00521025	0.002378592	-3.827269088	21.71384829	2.28314143773394	2.62368004612778
SET	-0.734696608	0.005239193	0.002393466	-3.824050904	28.18119834	2.28073560283261	2.6209727374393
NIBAN2	-0.509355297	0.005239193	0.002394726	-3.823561956	22.88167342	2.28073560283261	2.6207441705565
VPS4B	-1.566075034	0.005254421	0.002403151	-3.821636309	19.32911381	2.27947513317691	2.61921893980516
VAT1	-1.331336195	0.00525808	0.00240629	-3.820920603	19.55237694	2.2791728105282	2.61865203376669
TSPAN6	1.050541875	0.005281366	0.002418418	3.818164288	17.22139942	2.27725373475113	2.61646863341559
CCDC91	-0.951173281	0.005287	0.002422472	-3.817246285	17.80465518	2.27679068959489	2.61574123401539
ATP6V1D	-0.612473763	0.005317386	0.002437876	-3.813771715	20.28110603	2.27430181221069	2.61298838808815
IL27RA	0.979383423	0.005319482	0.002440364	3.813212737	19.89407011	2.27413065633175	2.61254539030015
B4GALNT4	-1.023660556	0.005319482	0.002441803	-3.812889737	17.96558166	2.27413065633175	2.61228937702672
WDR18	-0.989909284	0.005387565	0.002474556	-3.805588502	20.64532067	2.26860747711501	2.60650271351749
GPRC5B	-1.118500035	0.005414959	0.002488647	-3.802477763	20.67984551	2.26640482733805	2.6040367011513
PCDH19	-0.472784965	0.005613165	0.002581305	-3.782463032	23.16306641	2.25079219142788	2.58816067736581
TLE1	-1.97143874	0.005672155	0.002610014	-3.793865269	20.065996	2.24625190992567	2.58335716311902
LMCD1	-1.00908551	0.005690681	0.002621203	-3.774070824	21.29279071	2.24483575876396	2.58149934366008
PRSS22	0.756586649	0.005690681	0.00262171	3.773965029	20.98791855	2.24483575876396	2.58141534939849
CLIC1	-0.796827507	0.005743094	0.002647457	-3.768619703	23.05269271	2.24085407535261	2.57717108497473
SNRPB	-0.40805825	0.005761009	0.002657322	-3.766585895	24.44620828	2.23950144630666	2.57555581692953
CLIP1	-0.341878257	0.005784961	0.002669982	-3.763986969	26.18435384	2.23769956455007	2.57349166647326
CARS1	0.518714807	0.005813294	0.002684679	3.760985719	28.54572849	2.23557771259343	2.57110763430808
ANP32B	-0.546555537	0.005828008	0.002693098	-3.759273991	27.20570229	2.23447986075355	2.56974784262086
SIPA1L3	-0.998896589	0.005828167	0.002694796	-3.758929477	18.27082616	2.23446801247182	2.5694741059606
EPB41	-1.008693502	0.005839457	0.002701879	-3.757494589	19.06457021	2.23362753522795	2.56833410417001
POLR1F	-0.668943934	0.005839457	0.002703271	-3.757213036	19.70303467	2.23362753522795	2.56811041456577
KPNA3	-0.838039398	0.005876795	0.002722194	-3.75340056	19.8302661	2.23085945849806	2.5650809275797
EIF2S2	-0.649780892	0.005882052	0.002726269	-3.752583138	24.87538355	2.23047114045234	2.56443129470388
LSR	0.457254396	0.0058921	0.002732568	3.751322014	29.084353	2.22972989097407	2.5634290218184
MAPK1	-0.572283764	0.005912769	0.002743801	-3.749080309	22.81245938	2.22820908768193	2.56164738995358
FARP1	-1.655202597	0.005913856	0.002745954	-3.7486518	18.34659265	2.22812925457601	2.56130674230447
NUP50	-0.941664241	0.005967003	0.002772982	-3.743300807	22.93669329	2.2242437438078	2.55705294950834
CDK7	-0.615311169	0.005967003	0.002773958	-3.743108652	17.76190231	2.2242437438078	2.55690011878773
WBP11	-1.057433338	0.005981442	0.002782337	-3.741461159	19.10754756	2.22319410411382	2.5555902688887
POLR2H	-0.830894815	0.006043786	0.002813022	-3.735471343	19.56785617	2.21869092167658	2.55082687130396
HMGN1	0.835698028	0.006053946	0.002819438	3.734416538	25.61696472	2.21796145718298	2.54983745119229
ACAA1	0.899334844	0.006132403	0.002857686	3.726871139	18.98793858	2.21236931257089	2.54398549281554
CDV3	-0.7333834	0.00613611	0.002861124	-3.726214949	23.11972941	2.21210686353678	2.54346331963313
IGSF1	1.183169813	0.006154577	0.002871999	3.724144324	20.86642401	2.210801790479	2.54181571564651
SELENOH	-0.614189562	0.006154577	0.002873165	-3.723922756	16.06986469	2.210801790479	2.54163943264645
EML1	-0.676570854	0.006166605	0.002880499	-3.722531549	22.72134293	2.20995386928318	2.540532271208
RBBP6	-0.712871174	0.006168052	0.002882894	-3.72207802	23.46695594	2.20985197360531	2.54017132572188
ADAMTS5	-2.004828191	0.006173461	0.002887142	-3.738175699	19.80619199	2.20947129110665	2.5395318554335
FAIM	-0.915785979	0.006184769	0.002894155	-3.719950639	16.61057801	2.20867651655205	2.53847821342359
LARP1	-1.348529173	0.006222589	0.002913587	-3.716299442	20.13485092	2.20602888307896	2.53557200930343
ME2	-1.077740902	0.006271309	0.002938147	-3.71172029	18.03211693	2.20264180013539	2.53192647958328
ZNF609	-0.954777228	0.0062907	0.002948985	-3.709712036	19.13624962	2.20130102558454	2.53032743647967
NAF1	-0.909941739	0.006385853	0.002995371	-3.701201352	20.2065115	2.19478108298161	2.52354937919314
ATP6AP2	-0.68442698	0.006468614	0.003035994	-3.693858093	21.19934461	2.1891887636333	2.5176990910669
ADAM10	0.354919311	0.00650776	0.003058472	3.689837985	27.0586014	2.18656847180734	2.51449549106978
ATP9A	-0.97358217	0.00650776	0.003059379	-3.689676376	17.53431806	2.18656847180734	2.51436671869596
CWF19L1	-1.396587581	0.00650776	0.003059808	-3.689600043	18.58269044	2.18656847180734	2.5143058242232
METTL3	-0.773594957	0.006528799	0.00307152	-3.68751829	17.63696732	2.18516670167193	2.51264665245532
PIR	-0.584872523	0.006540503	0.003078849	-3.686219704	16.93176616	2.18438885080048	2.51161161024421
AP3M1	-1.685726203	0.006578193	0.003098424	-3.682949728	19.0569868	2.18189338874248	2.50885915201888
CACNA2D1	-2.129416427	0.006607165	0.003115622	-3.718335493	19.8086998	2.17998484746825	2.50645523818569
RPRD1A	-0.626742364	0.006607165	0.003115753	-3.679728637	16.50445967	2.17998484746825	2.50643697814608
NUSAP1	-1.619449836	0.006614304	0.003120963	-3.679001079	17.54724693	2.17951584835663	2.50571138000211
RAB5C	-1.010845822	0.00666165	0.00314516	-3.674612323	21.35240475	2.17641818867602	2.50235725630787
CDH1	0.339269456	0.006678278	0.003154872	3.672933365	27.33885488	2.17533550631294	2.50101825633153
TTC1	-1.117095743	0.00671881	0.003175892	-3.669317571	19.92936644	2.1727076400709	2.49813427469631
FOXRED2	1.233812411	0.006821588	0.003226375	3.660732626	19.94755405	2.16611451400071	2.49128515617652
ACO2	-0.62451444	0.006828411	0.003231506	-3.659867908	23.1520672	2.16568034671662	2.49059503337755
SLC38A10	1.551275197	0.006896508	0.003266965	3.691858612	21.97333274	2.16137075567072	2.48585551822989
TXN	-0.551994237	0.006896508	0.003267576	-3.653827412	22.58167148	2.16137075567072	2.48577430244772
SEPTIN2	-0.686570906	0.006909634	0.003275721	-3.652472919	23.1388054	2.16054495638703	2.48469309510465
TSPAN15	0.622493498	0.006943541	0.003293731	3.649490026	22.50371115	2.1584189957457	2.48231187267873
HEATR1	-1.182118221	0.006953218	0.003300259	-3.64841286	19.98496486	2.15781415423111	2.48145197592303
MED23	-1.043774688	0.006956035	0.003303535	-3.647873172	19.09022034	2.15763824146682	2.48102108760658
MFAP1	-1.052424683	0.007008773	0.003330535	-3.643445821	21.78061875	2.15435800570969	2.47748599805967
EEA1	-1.318845557	0.007073018	0.003363035	-3.654112622	22.40264922	2.1503952366877	2.47326861284363
PARVA	2.920486098	0.007102773	0.003380786	3.727188565	18.20924096	2.148572064875	2.47098231872271
SNX33	-0.786693094	0.007102773	0.003381142	-3.635245347	21.50333049	2.148572064875	2.47093658950592
DYNC1LI2	-0.61697806	0.007125228	0.003393817	-3.633211128	21.34279218	2.14720123411839	2.46931157923487
SPP1	1.410368385	0.007129431	0.003397806	3.632572466	18.87939384	2.14694512981448	2.46880142109225
PIWIL3	-1.799558666	0.007154652	0.00341182	-3.636817466	18.57402041	2.1454114853361	2.46701388930663
KIF23	-0.755490655	0.007179055	0.003425739	-3.628122061	22.23114545	2.14393271944793	2.46524572811238
TJP3	-0.900441124	0.007179055	0.003429293	-3.627558416	20.0969903	2.14393271944793	2.4647954070265
CEP76	-1.101807986	0.007179055	0.003429459	-3.627532081	18.66726076	2.14393271944793	2.46477438486853
ENTPD2	-1.024776418	0.007183114	0.003433401	-3.626907836	18.99345394	2.1436872410179	2.46427547070274
ACVR2A	-0.86542427	0.007223608	0.003454769	-3.623535905	18.18606717	2.14124582970121	2.46158098602617
KANK1	-1.39827286	0.007224273	0.003457101	-3.62316929	18.38507701	2.14120585071319	2.46128793225918
SMOC2	-1.226571991	0.007252349	0.003473592	-3.620583271	19.72627703	2.1395213048072	2.45922119410841
ACTL6A	-0.509624257	0.007252349	0.003474579	-3.62042902	23.99872523	2.1395213048072	2.45909780950647
SNRPD1	-0.440483958	0.007280184	0.003489943	-3.618031671	25.37168648	2.13785764415196	2.45718166616048
SEMA6B	0.472358043	0.007406492	0.003552556	3.608372418	22.85280386	2.13038744192363	2.44945906743306
AGTRAP	-0.677350317	0.007415576	0.003558981	-3.607391211	22.85680853	2.1298551097865	2.44867433051742
SCRN1	-0.503606626	0.007427334	0.003566694	-3.606215517	23.12063294	2.12916704584401	2.44773414880912
DDX39B	-0.408311011	0.007427979	0.003572115	-3.605390788	25.99324452	2.12912933274553	2.44707456796337
NXN	-0.588856408	0.007427979	0.003572397	-3.605347828	21.58322464	2.12912933274553	2.44704028401397
RPL19	-1.451044374	0.007427979	0.003573214	-3.605223688	19.81692767	2.12912933274553	2.44694097309619
SRPK1	-0.511526926	0.007436922	0.003579725	-3.604235087	22.84597448	2.12860677346038	2.44615033524714
METAP2	-0.705707386	0.007436922	0.003581661	-3.603941445	21.09383958	2.12860677346038	2.4459155220036
ARHGEF16	-0.809950094	0.007451725	0.003590868	-3.602547543	19.19496748	2.12774318077341	2.44480055920845
HDGFL1	-0.623173546	0.007469269	0.003601403	-3.60095683	21.13305851	2.12672189949662	2.44352827799462
CHST11	2.441895614	0.00748112	0.003609202	3.678087785	20.59510715	2.1260333789527	2.44258881064475
UBE2Q1	-0.946991665	0.007493186	0.003618262	-3.598421264	20.35085174	2.12533348697069	2.44149998887628
SETD2	-1.190569018	0.007493186	0.003619201	-3.598280467	19.51990524	2.12533348697069	2.44138729675729
MUC5B	-1.096625751	0.007539896	0.003643863	-3.594593886	16.17084896	2.12263464444025	2.43843795976229
RYBP	-0.735470797	0.007544781	0.003648326	-3.593929365	20.60405177	2.12235336183563	2.43790636177032
RPRD2	-1.032716445	0.007594963	0.003674709	-3.59001857	17.83847375	2.11947433752667	2.43477704697383
WASHC4	-3.379258617	0.007640343	0.003700679	-3.686936879	19.42843305	2.11688714408615	2.43171858433875
FAT1	-0.346453136	0.007640343	0.003700924	-3.586160902	28.6319541	2.11688714408615	2.43168983322954
HNRNPDL	-0.725812452	0.00764168	0.003703702	-3.585753804	21.8903413	2.11681115261254	2.4313639639345
HNRNPA1	-0.700868122	0.007657518	0.003713512	-3.584489809	29.70659469	2.11591197365407	2.43021516834853
SRGAP2	-0.714461941	0.007673385	0.003723345	-3.582883629	17.80717033	2.11501301121138	2.42906672079089
ABCF2	-1.424870086	0.00771603	0.003746189	-3.57956526	17.82036238	2.11260609248368	2.42641031569904
ACLY	-0.617391798	0.00775296	0.003766279	-3.5766638	26.33171701	2.11053245668883	2.42408751127836
SFSWAP	-0.966373945	0.007787964	0.003785454	-3.573909244	16.90189607	2.10857606468122	2.42188202689819
CACTIN	-1.583473642	0.007803876	0.003795364	-3.572661316	16.96517458	2.10768963996225	2.42074656611618
SYPL1	-0.954269182	0.007805253	0.003798208	-3.572084944	21.49003304	2.10761301512262	2.42042125582366
TTC27	0.718599641	0.007917209	0.003854895	3.564051609	16.20480743	2.10142789032003	2.4139874468067
SPOCK2	0.465905841	0.007927367	0.00386205	3.563046201	30.82658696	2.10087103553873	2.41318210793013
KIF3B	-3.20223573	0.007942429	0.003871602	-3.66076715	19.05889007	2.10004665878549	2.41210929446486
REEP5	-1.700944509	0.007973128	0.003890897	-3.639731377	23.24915112	2.09837126371958	2.40995026570711
GTF2F1	-0.869174868	0.007973128	0.003891011	-3.558996112	22.79734914	2.09837126371958	2.40993754143153
PLAT	0.868503364	0.008001745	0.003907207	3.556744554	23.14082278	2.09681529285423	2.40813357966942
CPSF3	-1.846548626	0.008058815	0.00393732	-3.572886103	20.37679741	2.09372881387685	2.40479928711818
VPS35	-0.727765415	0.008081887	0.003950844	-3.550724971	23.89084017	2.09248722610564	2.40331011819927
DNAH2	-0.73485239	0.008178397	0.004000303	-3.543983868	21.17560624	2.08733181152141	2.39790711211097
ZMPSTE24	-0.729452381	0.008185094	0.00400586	-3.54323182	18.37190642	2.08697632865926	2.39730423284821
SMC3	-0.480772572	0.008216425	0.004023483	-3.540853628	25.82075022	2.08531710466138	2.395397829312
EIF6	-0.657896925	0.008237137	0.004035922	-3.539181508	23.26279502	2.08422371077372	2.3940572357198
SNRPA	-0.600821477	0.008245491	0.004042313	-3.538324412	24.8601858	2.08378347801321	2.39337006169901
WRAP53	-1.055609513	0.00825516	0.004049354	-3.537381721	17.58164559	2.08327450490346	2.39261425496132
DNAJC21	-2.635449618	0.008276758	0.004062255	-3.608443659	19.49570343	2.08213974273532	2.39123281810086
ADGRG1	-0.462278559	0.008321132	0.004086353	-3.532455411	26.93650698	2.07981758862369	2.38866411951213
TRA2A	-1.017872089	0.008341773	0.004098815	-3.530806451	22.03296619	2.07874163254206	2.387341683121
ANTXR1	1.02897669	0.008348114	0.004104257	3.530087898	20.04642503	2.07841162893662	2.38676545243151
FABP5	-0.76548817	0.008367213	0.004117521	-3.528340679	21.56559359	2.07741917525389	2.38536417718289
EIF2B1	-0.638726876	0.008367213	0.004118311	-3.528236836	21.41062379	2.07741917525389	2.38528086012597
ADAMTS14	-1.940778104	0.008370868	0.004122443	-3.553045302	20.04451802	2.07722950639561	2.38484534052434
SHCBP1	-0.877994676	0.008409856	0.004143987	-3.524871521	16.80212487	2.0752114404614	2.38258161567526
WDR13	-0.975278626	0.008451176	0.004166703	-3.52191188	19.23261651	2.0730828537989	2.38020745468024
DDX18	-0.931504836	0.00854209	0.004213907	-3.515813849	16.85445621	2.06843585713099	2.37531505340578
TCTN3	0.970539066	0.008558935	0.004224602	3.514441874	17.44056325	2.06758027181797	2.3742141996955
GMFB	-0.928508895	0.00857329	0.004234077	-3.513229375	19.3347821	2.0668524855851	2.37324124826015
SCLY	-0.747116173	0.008705158	0.004301629	-3.504664161	17.96667132	2.06022334196131	2.36636704866746
SRSF4	-0.939212903	0.008716727	0.004309775	-3.503640548	21.5760772	2.05964655551143	2.36554540241679
NT5E	1.650315118	0.008737582	0.004322522	3.558808558	21.84409541	2.05860873548313	2.36426278765397
WDR75	-0.807615126	0.008743215	0.004327745	-3.501389412	18.77393172	2.05832884196325	2.36373833670821
TTC39B	-0.742139508	0.008792988	0.004354833	-3.49801409	19.54762299	2.05586351953351	2.36102849474796
UQCC2	3.015108589	0.008822341	0.004374288	3.58100373	19.25156108	2.05441615993822	2.35909262671831
DPP3	-0.471866688	0.008822341	0.004374	-3.495638596	27.63135529	2.05441615993822	2.35912122129838
SDC2	0.730847917	0.008849999	0.004390468	3.493767068	26.27470725	2.053056778375	2.35748918386164
RRM2B	-0.868106781	0.008937505	0.00443637	-3.4879813	20.32937155	2.04878370222898	2.35297224019257
LDHA	-0.327385034	0.008955303	0.004447701	-3.486602013	29.03904882	2.04791971534239	2.35186441621349
CSTF1	-0.574587409	0.008995917	0.004470379	-3.483852006	23.6822978	2.04595456019597	2.34965565569779
EXOC2	-0.761300808	0.00914525	0.004547136	-3.474648578	19.54316165	2.03880441789271	2.34226205631474
RHEB	-0.785262435	0.009222674	0.004588203	-3.469789241	20.83854145	2.0351431423872	2.33835737546356
PLIN3	-0.788637211	0.009270876	0.004614767	-3.466669458	18.37520023	2.0328792276687	2.33585022165189
IGF2R	-0.35870066	0.009295051	0.004629391	-3.464959741	25.99599499	2.03174822300259	2.33447613700264
NLN	-0.787934618	0.009359026	0.004663862	-3.460951351	21.54825231	2.02876934622297	2.33125430849029
SFTPD	3.154059887	0.00936435	0.004669126	3.552614106	20.32356453	2.02852236257174	2.33076440613637
DRG2	-0.897463471	0.009400902	0.004689971	-3.457935407	16.47603792	2.02683047460998	2.3288298426962
GNAI2	1.486444144	0.009416409	0.004700331	3.456743298	19.96282722	2.02611468625368	2.32787155772133
ICAM5	-1.189478819	0.009416928	0.004703215	-3.456411965	20.63083833	2.02609075009874	2.32760516771801
UFL1	-1.030563305	0.009537237	0.00476596	-3.449253447	16.03190205	2.02057742502905	2.32184960694386
LSG1	-2.552843205	0.00961799	0.004809394	-3.516994509	20.04170099	2.01691567880589	2.31790964276053
ORM1	-0.786016135	0.00961799	0.004813588	-3.443883383	18.32537642	2.01691567880589	2.31753108418639
HNRNPC	-0.555047327	0.00961799	0.004814356	-3.443797168	28.14306702	2.01691567880589	2.31746179874751
ESPL1	-0.866303233	0.009641024	0.004828573	-3.442204916	22.10286363	2.01587683602131	2.31618119839818
CBX1	-0.815014274	0.009663655	0.004842601	-3.440793643	24.74916323	2.01485858309699	2.31492131262532
FTSJ3	-1.020133173	0.009721632	0.004874363	-3.437108672	19.76940933	2.01226082261492	2.31208213148559
SRRM1	-0.583184347	0.009750934	0.004891773	-3.435183847	25.4930525	2.01095378310981	2.31053370436158
DIABLO	-0.65237432	0.009779809	0.004908984	-3.43328772	19.62922842	2.00966962691547	2.30900838340696
CNPY3	1.005200217	0.009839002	0.004941439	3.429730669	20.24154123	2.00704895114935	2.30614656144992
CMTM7	0.772901792	0.009904486	0.004977087	3.425850822	21.72445566	2.00416805754652	2.30302476767677
PFKP	-0.52121305	0.009944499	0.004999966	-3.423375597	21.58593483	2.00241709157586	2.3010329488765
CCAR1	-0.791456282	0.009950453	0.005005732	-3.422753527	21.89553055	2.00215714730232	2.30053240563407
NFAT5	-1.429222395	0.009969534	0.00501811	-3.421573785	16.7074741	2.00132514118267	2.29945982291989
AVL9	-1.227114025	0.009980559	0.005026441	-3.42052559	18.84816949	2.00084513368091	2.29873941079627
KIAA1522	-0.725265583	0.009986284	0.005032108	-3.419917551	21.8171746	2.0005960872015	2.29825004655708
DDAH1	-0.556967036	0.009988823	0.005036171	-3.419482009	23.32145352	2.00048568241663	2.29789953211946
LSM7	-0.719911058	0.010055267	0.005072473	-3.415606427	20.45209012	1.99760639298498	2.29478025597174
UPF2	-0.569942173	0.010084441	0.005090001	-3.413745267	21.08169085	1.99634817056414	2.29328213234017
PRKAG1	-1.304765295	0.010086783	0.005093994	-3.413322134	18.92026782	1.99624732217922	2.2929415709092
AP2A2	-0.890724778	0.010121563	0.005114379	-3.411167393	21.30346409	1.99475241735183	2.29120709181423
GLB1	-0.407860921	0.010122417	0.005117632	-3.41082436	24.28232115	1.99471577559583	2.29093094668553
RNF149	-0.660844066	0.010146836	0.005132806	-3.409227203	18.4140575	1.99366935892875	2.28964515006257
HEBP1	-0.743291307	0.010173035	0.005148894	-3.407539012	17.81877622	1.99254946132347	2.28828604887755
ANKRD17	-2.250607735	0.010237139	0.005184192	-3.459953443	19.69494992	1.98982139981734	2.28531892245451
CDCP1	0.434466738	0.010299013	0.005218396	3.400306768	24.13474636	1.98720439366304	2.28246296738044
HNRNPH3	-0.929973567	0.010330623	0.005237292	-3.398357448	20.75874234	1.98587348706666	2.28089321176713
POMGNT1	-1.617539222	0.010423243	0.005287152	-3.406705779	20.53459758	1.98199713728596	2.27677820391069
COPG1	-0.990790733	0.010436461	0.005296766	-3.392268195	22.1981776	1.98144674546543	2.27598921285891
SORBS2	-1.783865943	0.010540561	0.005352537	-3.400014576	18.62421007	1.97713627406459	2.27144032191483
COL4A5	-1.131570876	0.010648808	0.005410473	-3.380816907	20.27888818	1.9726990033046	2.26676476588966
NAGLU	-0.487405937	0.010672978	0.005425728	-3.379299227	24.8194221	1.97171438577549	2.26554198187188
GNB4	0.515876292	0.01069596	0.005440392	3.377844367	23.48932894	1.97078022988704	2.26436980667987
EIF3F	-1.424629047	0.010813434	0.005503158	-3.37166188	17.7920579	1.96603636613729	2.25938801807325
CDON	0.611315128	0.010948277	0.005574833	3.364688601	21.50448803	1.9606542231317	2.25376813783402
CREG1	-0.726231042	0.011017582	0.005613194	-3.360993754	24.21291116	1.95791370850445	2.2507899476835
TBC1D31	-0.990828766	0.011063418	0.005640121	-3.358415415	16.67395885	1.95611067870828	2.24871157880591
RNF150	0.629403315	0.011063418	0.005642713	3.358167864	19.56858317	1.95611067870828	2.24851203827967
ATG9A	-1.712292428	0.011172584	0.005701505	-3.365650969	19.80460624	1.95184637145397	2.24401049048154
PTPRU	-0.998852129	0.01117412	0.005705404	-3.352215855	19.43058747	1.95178666901863	2.24371359773857
GSDME	-1.407432221	0.011205807	0.005724706	-3.35039658	19.27862933	1.95055686175037	2.24224681219441
ALPL	-1.389446454	0.011213357	0.005731688	-3.349740029	18.47368264	1.95026435098036	2.24171745811527
STAG2	-0.578857074	0.011263492	0.005760454	-3.347043616	23.07725045	1.94832694507802	2.23954328707596
RFX2	0.965398137	0.011283949	0.005774061	3.345772918	18.84283589	1.94753888539053	2.23851863233208
RRP12	-1.718227585	0.011406088	0.005839739	-3.352625855	20.22800461	1.94286328207873	2.23360656271513
CYP11B2	-0.796720364	0.011441748	0.005861186	-3.337707697	22.18585173	1.94150762163019	2.23201449641536
CCDC88A	-1.137408034	0.011474916	0.005882264	-3.335774675	16.46518217	1.94025048495149	2.23045548796048
PPP2R2A	-0.613733735	0.011474916	0.005884572	-3.335563437	22.35481363	1.94025048495149	2.23028511902238
PREPL	1.204688647	0.011483586	0.005894595	3.334647136	17.89109502	1.93992247284189	2.22954602861935
APCS	1.227422799	0.011483586	0.005897498	3.334382023	19.17608607	1.93992247284189	2.22933219772327
CTSH	-0.429112431	0.011483586	0.00589862	-3.334279584	22.97696232	1.93992247284189	2.22924958098272
CSF1	-0.407995495	0.011513884	0.005917392	-3.332568807	23.51359165	1.93877815028593	2.22786965975833
RBM8A	-0.633148784	0.011519811	0.005923649	-3.331999794	25.22801557	1.9385546461151	2.22741068308117
DDX46	-0.739946975	0.011527222	0.005930672	-3.331361796	22.74672125	1.93827534278644	2.22689609426528
FAM78B	0.747899638	0.011593257	0.005967878	3.327994854	19.28096359	1.93579453656314	2.22418006362995
NOC2L	-1.735098108	0.011628348	0.005989182	-3.33889186	20.1230299	1.93448197963482	2.22263248932108
PPP4R2	-0.71502466	0.011653928	0.006005605	-3.324602304	23.58230017	1.93352766938464	2.22144323556722
OS9	-0.462896904	0.011720426	0.00604314	-3.321248403	23.60269351	1.93105660281562	2.2187373444371
ZMYND8	-0.76131887	0.011732783	0.006052782	-3.320390315	19.22659333	1.93059896161101	2.21804496757134
YIPF4	-0.766358733	0.011746704	0.006063237	-3.319461337	19.0892205	1.93008397470426	2.21729545571678
STAT1	-0.682497126	0.011817493	0.00610307	-3.315936942	21.48547798	1.92747464627593	2.2144516488146
HMGB3	-0.569127852	0.011824411	0.006109938	-3.315331591	25.57811457	1.92722048321769	2.21396319669599
MOV10	-1.619647227	0.011824596	0.00611333	-3.315207312	18.77993127	1.92721368847328	2.21372216018751
GNL1	-0.990061243	0.011906371	0.006158925	-3.311033807	22.30790567	1.9242205890493	2.2104950844768
SEMA4F	0.684339398	0.011941095	0.006180215	3.309176761	17.92343522	1.9229558465188	2.20899641622357
RSU1	-0.984944238	0.01202328	0.006226102	-3.305196122	17.72474107	1.91997703885739	2.20578376870421
BPGM	-0.797993546	0.012052607	0.006244794	-3.303583167	17.66300465	1.91891900427115	2.2044818833329
IGF2BP2	-0.870692477	0.012052607	0.006248007	-3.303306351	19.09873503	1.91891900427115	2.20425849256551
EPHA3	-5.477626095	0.012060852	0.006255643	-3.384891156	19.81013875	1.91862201177888	2.20372804376438
CAPZA1	-0.582053786	0.0121313	0.006295563	-3.299226577	25.0680889	1.91609265728884	2.20096542570543
NPTXR	-0.688860422	0.012225082	0.006347639	-3.294794623	20.89240287	1.91274821915501	2.19738778021052
PRTG	0.727979843	0.012343451	0.00641254	3.28932237	20.61653003	1.90856340264264	2.19296991283918
CTBP2	-0.572865812	0.012379686	0.006434815	-3.287457084	23.60170316	1.90729037067913	2.19146393448362
LAMC1	0.306299673	0.012411989	0.006455064	3.285767062	30.85879223	1.9061586179768	2.19009944747827
HBS1L	-3.231998193	0.012419505	0.00646682	-3.365935045	15.85106211	1.90589571334242	2.18930922720731
ATG13	-0.918296546	0.012419505	0.006468237	-3.28467056	19.30229054	1.90589571334242	2.18921407566939
PUM3	-1.152238017	0.012419505	0.006469358	-3.284577394	19.87967317	1.90589571334242	2.18913881529597
SUOX	-0.622171587	0.012611225	0.00657274	-3.276050787	21.61730135	1.89924272588521	2.18225354690701
CYFIP1	-0.442062862	0.012614309	0.006577863	-3.275631789	23.84022768	1.89913653473867	2.18191517599833
FN3KRP	-0.721610291	0.012628202	0.006588627	-3.274752492	17.97329846	1.89865847977446	2.18120507834214
GSTM3	-0.689893971	0.012664406	0.006611046	-3.272925817	21.51595443	1.89741517515665	2.17972982098506
EIF3A	-0.591636172	0.012676046	0.006620655	-3.272144752	26.63154701	1.89701619347117	2.17909904246153
CHAMP1	-0.713028432	0.012692393	0.006632731	-3.27116486	18.00525471	1.8964564891174	2.17830761578539
UTP4	-3.168767563	0.012694098	0.006637159	-3.351100832	19.08448415	1.89639815320223	2.1780177782604
SNRPD2	-0.405425081	0.012731257	0.006660137	-3.268947637	24.41934246	1.89512871486848	2.1765168372363
SARS1	-0.462334654	0.012757488	0.006677415	-3.267554519	24.70227372	1.89423483150337	2.17539163161298
YTHDC1	-0.403664577	0.012838827	0.006723566	-3.263851091	23.98851672	1.89147465311281	2.17240032763712
FAHD2A	-2.420563263	0.012841206	0.006728391	-3.327065134	18.31953667	1.89139418697202	2.17208877877252
SLC44A1	0.606340258	0.012858156	0.006740856	3.262470328	21.78583849	1.89082130951805	2.17128495027901
USP10	-1.007927566	0.012872418	0.00675192	-3.261588559	21.50355194	1.89033986603877	2.1705727120821
UGP2	-0.442878743	0.012958659	0.006800768	-3.257713136	25.34954415	1.88743993820561	2.1674420403337
FBXO17	-0.66250895	0.01298259	0.006816945	-3.256435863	20.75303043	1.88663865803636	2.16641020993184
HSPD1	-0.571950691	0.012983126	0.006821087	-3.256109331	27.11493359	1.8866207280981	2.16614641119617
HS6ST2	0.72771836	0.012983126	0.006825056	3.255796645	20.80759238	1.8866207280981	2.16589378085992
KIRREL1	-0.425026961	0.012983126	0.006828082	-3.255558342	23.15735416	1.8866207280981	2.16570127198412
TMED8	-1.227476152	0.013014971	0.006848458	-3.25395658	20.83867352	1.88555679525002	2.16440720332193
BRD2	-0.937616102	0.013016263	0.006852765	-3.30381935	27.5712953	1.88551368484879	2.1641341610694
CAMK1D	-1.08614448	0.013048785	0.006873524	-3.251992638	17.56932899	1.88442992452194	2.16282054658506
P4HA1	-0.703225182	0.013072847	0.006889842	-3.250717998	22.142549	1.88362982162031	2.16179073735434
EPHA1	0.546566617	0.013083452	0.006899078	3.249997943	22.36203716	1.88327765457764	2.16120894495367
TMEM165	-0.713528145	0.013098356	0.006910587	-3.249101973	18.87136895	1.8827832100643	2.16048506115932
EML2	-0.323090249	0.0131809	0.00695781	-3.245441507	25.29459813	1.88005493483388	2.15752743489832
PDCD6	0.672900234	0.013186918	0.006964663	3.24491244	21.88074966	1.87985669436988	2.15709989299181
CPPED1	-2.730073515	0.013201303	0.00697594	-3.32272169	17.6391482	1.87938320078037	2.15639726342253
NOC4L	-1.52746365	0.013246499	0.007003514	-3.242056751	19.13173384	1.87789888896416	2.15468399885949
PSMD11	-0.580275692	0.013247476	0.007007723	-3.241599714	23.1546409	1.87786685860941	2.15442307321398
NUP37	-0.910764415	0.013283901	0.007030693	-3.23984095	21.15943038	1.87667436969771	2.15300186541507
ERO1A	-0.570661326	0.01329605	0.007040829	-3.239066707	22.19227529	1.87627736038583	2.15237620322588
ATP6V0A2	-2.282905351	0.013307551	0.007053196	-3.300510403	16.99581366	1.87590186075723	2.15161404745616
PLOD3	-0.428902773	0.013307551	0.007054337	-3.238036655	26.24880507	1.87590186075723	2.15154379704385
DNAJC8	-0.707188436	0.013355388	0.007083418	-3.235825807	22.03083595	1.87434349035985	2.14975712926796
TGFBR3	-0.545458588	0.013396955	0.007109198	-3.233873556	16.56323661	1.87299390140933	2.14817938996223
PHF5A	-0.780085511	0.013419983	0.007125158	-3.232668498	19.05826829	1.87224803431687	2.14720550075562
HMBS	-0.878928224	0.013508856	0.007176109	-3.228839653	19.12575923	1.86938142773029	2.14411097328907
PGRMC1	0.552579025	0.013512741	0.007181939	3.228403292	21.11554228	1.86925654731898	2.14375828788662
TK1	-0.927634436	0.013601369	0.007232835	-3.22460891	20.2605664	1.86641737698099	2.14069144218988
NUDT12	-1.117035426	0.013724809	0.007302302	-3.219473312	16.26122101	1.8624936906537	2.13654020997553
RBM6	-3.07908313	0.01375228	0.007320751	-3.295248704	17.34000294	1.8616252938823	2.13544436451183
ARHGDIA	0.407320347	0.013844115	0.007373496	3.214260861	26.32895013	1.85873480177476	2.13232655101244
H2BC21	-0.315492883	0.013984259	0.007452036	-3.208569143	29.15249085	1.85436054114351	2.12772505573989
APOB	-2.325960942	0.014081384	0.007508267	-3.280857955	22.41335908	1.85135465811834	2.12446029191578
TM4SF1	2.762600446	0.014081384	0.007511641	3.280602376	21.15074191	1.85135465811834	2.12426517625907
APMAP	-1.469372186	0.014145966	0.007550035	-3.217290726	21.22128502	1.84936739008435	2.1220510350898
RPL10	-1.210900253	0.014247646	0.007610675	-3.197254693	20.65181009	1.84625688398252	2.11857682341668
SH3GLB1	-1.027717698	0.014247646	0.007612246	-3.197143865	16.65782337	1.84625688398252	2.1184871853461
AP2M1	-0.893869799	0.01426168	0.007623719	-3.196334985	21.91213532	1.84582931236955	2.11783311958359
EEF1B2	-0.41107771	0.014311089	0.007654371	-3.194179911	23.38744127	1.84432731741451	2.11609049176556
ANK2	0.70429547	0.014311089	0.007661371	3.193688994	23.77601695	1.84432731741451	2.115693506548
MTDH	-0.52173627	0.014311089	0.007662096	-3.193638173	26.97007524	1.84432731741451	2.11565241095264
CCT3	-0.475269433	0.0143965	0.007711837	-3.190162999	23.62884662	1.84174307842159	2.11284215840355
FUBP1	-0.646991743	0.014428419	0.007732957	-3.188694272	20.26923099	1.84078125429755	2.11165440475983
NUDT16	0.575288042	0.014451599	0.007749408	3.187553014	16.27182714	1.84008409765089	2.11073147325542
NECAP2	-1.427784196	0.014492486	0.007777211	-3.1857583	18.16586944	1.8388571104932	2.10917611823755
SEMA7A	0.324303314	0.014492486	0.007779411	3.185477894	24.38902391	1.8388571104932	2.10905328336163
PGGHG	-0.881201109	0.01452675	0.007801852	-3.183931061	18.4224628	1.83783153745309	2.10780229244937
LASP1	-1.132823359	0.014722846	0.007911273	-3.176580001	21.86117199	1.83200823058105	2.10175362871559
BZW2	-0.578351552	0.014756897	0.007933683	-3.174933571	20.92317237	1.83100495399347	2.10052515628198
LGSN	-0.893671496	0.014806603	0.007964533	-3.172849769	19.90232191	1.82954456791883	2.09883968395186
USP25	-0.7657415	0.014978348	0.008063774	-3.166201062	17.81001932	1.82453608343546	2.09346165251664
PLSCR3	0.784890874	0.014978348	0.008065264	3.166101878	19.42853167	1.82453608343546	2.0933814122965
CTSA	-0.518450161	0.015005717	0.008084184	-3.164843937	23.26369684	1.82374324837615	2.09236381028844
AGA	1.296099273	0.015114037	0.008150965	3.171732402	21.54978105	1.82061951893999	2.08879097170596
VAC14	-1.010063862	0.015114037	0.008147878	-3.160630614	20.6752323	1.82061951893999	2.08895548241162
TPT1	0.660540182	0.015116833	0.008156686	3.160050607	23.31408258	1.82053918467406	2.08848625598291
SAFB2	-0.64812611	0.015129566	0.008167773	-3.159321393	22.13608882	1.82017352977645	2.08789634073228
HDGFL2	-0.366945611	0.015166084	0.008191714	-3.157750109	25.77675605	1.8191265429271	2.08662521876937
FOCAD	-0.636876127	0.015172102	0.008199607	-3.157233136	20.90384523	1.81895424625607	2.08620696247257
HCLS1	-0.854199436	0.015172102	0.008203422	-3.156983427	18.09593608	1.81895424625607	2.08600494692064
ARL3	-0.656727972	0.015234447	0.008241377	-3.154505406	18.44062592	1.81717330574766	2.08400021869866
NUDT3	-0.800128765	0.015288961	0.008275129	-3.152311453	19.55941585	1.81562202716444	2.08222522733454
ILF2	-0.385990847	0.015357051	0.008316263	-3.149649755	25.93753364	1.8136921734574	2.08007178465531
SLC9A3R2	-0.771746152	0.015364047	0.008324333	-3.149129076	20.72482252	1.81349437295899	2.07965055494169
PRMT5	-0.630554876	0.015375206	0.008334665	-3.148463281	22.24375944	1.81317905675164	2.07911185133391
IMPA1	-0.537602234	0.015404075	0.008354607	-3.14718046	24.28025206	1.81236437553315	2.07807397446546
LUC7L	-2.086715785	0.015685923	0.008515426	-3.182818872	18.58535625	1.80448992121151	2.06979362076991
LTBP3	-0.362459874	0.015685923	0.008516215	-3.136896927	23.81446658	1.80448992121151	2.06975338291538
ZC3H18	-0.552621687	0.015713068	0.008535331	-3.135693456	23.98840939	1.80373901003425	2.0687796322896
KIT	1.308699917	0.015739252	0.008553941	3.134524521	18.89984375	1.80301591111238	2.06783374957404
WBP4	-0.588237473	0.015749279	0.00856378	-3.133907514	21.45638296	1.80273932336573	2.06733449808162
FAM171A1	-0.480897653	0.015774532	0.008582452	-3.13273858	21.98616483	1.802043516574	2.06638861682076
HBA1	-0.870812098	0.015774532	0.008586305	-3.132497726	22.45589678	1.802043516574	2.06619368871188
TBCB	-0.994386128	0.015796442	0.008602633	-3.131478047	21.03377307	1.80144072277828	2.06536860429615
SCP2	-0.655164332	0.015877593	0.008651252	-3.12845337	19.28934517	1.7992153347836	2.0629210373508
SNW1	-0.63003418	0.015922754	0.008680297	-3.126654567	16.2194928	1.79798181451524	2.06146541500157
SEC23B	-0.93480793	0.016106348	0.008784873	-3.120227764	21.4218448	1.79300292160725	2.05626451257482
RALGAPB	-1.734493266	0.01628111	0.008884731	-3.130157286	18.60307331	1.78831598946883	2.05135571664699
COPZ1	-1.079170122	0.01647211	0.008993551	-3.107629546	19.10428504	1.78325076618158	2.04606879823238
PCDH12	-1.249325123	0.016568912	0.009051022	-3.104211486	18.8785199	1.78070600865428	2.04330237947978
TNPO3	-0.471085428	0.016589374	0.009066823	-3.103275513	23.85503038	1.78017000176799	2.04254486236355
NUCB2	-0.480558314	0.016654062	0.00910682	-3.100913688	24.54577758	1.77847982287649	2.04063324734634
VPS13C	-0.572345395	0.016701176	0.009137238	-3.099124421	17.5799574	1.77725294727583	2.03918506276027
MMP2	0.415145934	0.016724555	0.00915469	3.098100547	25.41496432	1.77664542893327	2.03835635737745
XP32	-0.702305353	0.016792797	0.009196724	-3.095642499	18.47128777	1.7748769619621	2.0363668467951
TRAP1	-1.032601708	0.017078728	0.009358248	-3.086419587	22.25247648	1.76754447809387	2.02880544988926
RPL23	0.499945175	0.017078728	0.009362836	3.086037699	30.27425443	1.76754447809387	2.02859258367672
ZNF324B	-0.927600906	0.01710465	0.009381815	-3.084951242	18.70771559	1.7668858080398	2.02771313515685
UNC45A	-0.756802395	0.017173603	0.009424421	-3.082520149	17.35944323	1.76513858085165	2.02574532167698
PRCP	-0.305048762	0.01738574	0.009545682	-3.075660929	25.72012289	1.75980681944279	2.0201930375945
GANAB	-0.382395447	0.017398539	0.009557559	-3.074993825	27.14527768	1.75948721900923	2.01965301234683
WDR6	-0.788890649	0.017400899	0.009563705	-3.074648943	17.91975915	1.75942831374881	2.01937382850441
PPT2	-0.759018695	0.017472728	0.009608053	-3.072166835	19.45695157	1.75763928374893	2.0173646099407
C6orf132	-1.977846322	0.01767659	0.009729206	-3.108772769	18.33264762	1.75260151121316	2.01192260103576
LUC7L3	-0.578081664	0.01767659	0.009730007	-3.065399903	23.94801551	1.75260151121316	2.01188684728969
PLAA	-0.594345408	0.017689303	0.009741935	-3.064742638	24.00998941	1.75228927897368	2.01135477244804
PGAM1	0.318562609	0.017720482	0.009764045	3.063526406	26.52053122	1.75152446940758	2.01037022769743
CHST10	-0.442756526	0.017809804	0.009818225	-3.060557689	21.68790092	1.74934085999699	2.007967019584
COL7A1	1.579078659	0.017912802	0.009879999	3.067610276	19.75365701	1.74683647456652	2.00524309936931
GRID2	-0.834727677	0.017966088	0.009914396	-3.055328307	19.26689051	1.74554647742461	2.0037337385295
MTA1	-1.602581909	0.018032566	0.009960693	-3.06320981	19.21616423	1.74394246959771	2.00171044514999
WDR5	-0.368088654	0.018032566	0.009961133	-3.052805278	23.42239583	1.74394246959771	2.00169126120851
DFFA	-0.782059264	0.018086264	0.009995837	-3.050939493	20.89671511	1.74265113417676	2.00018083443612
HRH1	0.73687166	0.0181301	0.010025117	3.04937033	16.24270594	1.74159980046442	1.99891055016335
GGT1	-0.770458786	0.01829194	0.010119705	-3.044332412	21.0665274	1.73774023183278	1.99483214745072
GAPVD1	-0.480006937	0.018320573	0.010140651	-3.043223122	23.65283048	1.73706094732502	1.99393416367798
ECE1	-0.640758566	0.01840435	0.010192153	-3.040505457	24.67120641	1.73507951624492	1.99173406552707
GALK2	-0.550970357	0.018451174	0.010223226	-3.038872415	17.19109483	1.73397599560244	1.99041203835756
PSMA1	-0.432880635	0.018496813	0.010253668	-3.037277331	25.85234176	1.73290309406979	1.98912074854007
FERMT2	-0.907350818	0.01866382	0.01035145	-3.032185706	21.07474429	1.7289994626725	1.98499881128034
UTP18	-0.903955894	0.018769243	0.010415151	-3.028894487	18.05535064	1.72655324296483	1.98233442922162
SUPT5H	-0.946945874	0.018802448	0.010438818	-3.074208597	26.50024234	1.72578560373208	1.98134867423982
RALB	1.132450733	0.018838375	0.010464014	3.026383567	21.05718096	1.72495656221036	1.98030168796871
ACO1	-0.586938794	0.018867521	0.010485462	-3.025285113	23.73330558	1.7242851579562	1.97941242932546
NAXE	-1.408523169	0.01887024	0.010492232	-3.026681886	20.2989545	1.72422257625198	1.97913211503118
ATP7A	-0.589106284	0.018913601	0.010521613	-3.023438712	16.41687528	1.72322577704902	1.97791767621833
ARHGEF7	-0.707410694	0.018958483	0.010551865	-3.021898481	16.67656595	1.72219641652785	1.97667077376667
QDPR	0.382557456	0.019077981	0.010623692	3.018259113	27.17025135	1.71946758806771	1.9737245287742
NRBP1	-0.633372612	0.019106662	0.010644988	-3.017184789	20.71146129	1.71881517906769	1.97285482380168
MICAL3	-1.083850381	0.019110088	0.010652223	-3.016820309	21.38849942	1.71873731305873	1.97255975035779
FKBP10	0.676949207	0.01912094	0.010664537	3.016200507	21.08933108	1.718490761287	1.97205799466462
GNPDA2	-1.0828556	0.01912094	0.01066893	-3.015979555	20.86499039	1.718490761287	1.97187913431473
GOLIM4	-0.557353098	0.019133586	0.010681319	-3.015356987	21.43991801	1.71820362725124	1.97137511443747
CLTB	-0.971484503	0.019167561	0.010705627	-3.014137476	18.72399559	1.71743314594463	1.970387892156
AP1M1	-0.702617061	0.019179326	0.010717544	-3.013540642	21.67229139	1.71716665887672	1.96990472485321
SERBP1	-1.125957509	0.019681192	0.011003476	-3.051023709	25.2152952	1.7059486018729	1.95847009946438
UMODL1	-0.877675684	0.01980434	0.011084182	-2.995495227	19.65476749	1.70323962632882	1.95529635180475
ACY1	-0.428153218	0.01980434	0.011086633	-2.995376604	23.12853147	1.70323962632882	1.95520032865183
ITSN2	0.416999449	0.01980434	0.011088885	2.995267642	21.687932	1.70323962632882	1.95511212045966
CTNNB1	-0.587682738	0.019871585	0.011132075	-2.99318214	23.31263969	1.70176749125452	1.95342387636095
ATG4B	-0.822652361	0.019902583	0.011154987	-2.992079062	17.71578524	1.70109055626115	1.95253093150579
CTSZ	0.53936755	0.019932056	0.011177061	2.99101847	27.36991987	1.70044790132956	1.95167237885395
TWF1	-0.449708969	0.019959679	0.011201234	-2.989859471	23.42601597	1.69984644750004	1.95073413002005
TMBIM6	-0.724591711	0.019959679	0.011203677	-2.989742435	17.97872371	1.69984644750004	1.95063942030007
SEPTIN7	-0.583963725	0.019987826	0.011225047	-2.988720107	23.1608107	1.69923443987628	1.94981183190166
FHL2	-0.609174215	0.020044929	0.011262703	-2.986923368	21.33544635	1.69799547770046	1.94835736817845
RAD23A	-0.63621238	0.02008425	0.011290394	-2.985605925	20.98555597	1.69714438135541	1.94729090226988
USP34	-1.463271435	0.020100881	0.011305345	-2.994716202	16.8047851	1.69678490750221	1.94671617995196
GFPT1	-0.609951638	0.020122244	0.011322968	-2.984060255	21.64896009	1.69632358909947	1.94603972004954
QSOX2	0.509190804	0.020165434	0.011352892	2.982644271	23.34243244	1.69539242668007	1.94489349356725
STRAP	-0.366829313	0.020183321	0.011373783	-2.981657922	25.27287969	1.69500737262293	1.94409506189373
RRBP1	-0.626169002	0.020183321	0.011374213	-2.981637645	24.31839823	1.69500737262293	1.94407864316153
BTD	0.414073633	0.020224954	0.011403312	2.980266838	23.20430115	1.69411245748177	1.94296899301261
TMEM87A	-0.703918916	0.020287765	0.01144438	-2.978338052	21.6885347	1.69276579434816	1.94140773028278
ZCCHC17	-0.798800424	0.0204455	0.011539057	-2.973917769	19.42307908	1.68940226419569	1.93782968133889
BCCIP	-0.534113388	0.020504668	0.011578165	-2.972102449	22.47113159	1.68814725817046	1.93636026561056
DIS3L2	-0.85345757	0.020593061	0.011633817	-2.969529698	17.34272818	1.68627909405203	1.93427777193831
SMU1	-0.494591876	0.020702955	0.01170167	-2.966409437	21.83891906	1.68396766185699	1.93175215363599
LTV1	-0.602494653	0.020776734	0.011749162	-2.964236222	18.02164928	1.68242272036187	1.92999310800964
CD14	0.65173768	0.020810466	0.011774037	2.963101435	18.76636461	1.68171819470607	1.92907460374802
COL9A2	-0.779498585	0.0208446	0.011799159	-2.961957825	22.57384555	1.68100643440478	1.92814894647993
GPI	-0.282947223	0.020914449	0.011844526	-2.959898716	28.52098601	1.67955357260435	1.92648231440119
SKIV2L	-1.990289339	0.020949246	0.011870072	-3.005630148	16.9642154	1.67883160343431	1.9255466467482
DNTTIP2	-1.005350587	0.021030498	0.011921971	-2.956401763	18.34890295	1.67715044314386	1.9236519389195
VCP	-0.326001686	0.021161686	0.012002238	-2.952801192	27.70066049	1.67444973402216	1.92073776558343
PGK1	-0.260451676	0.021183393	0.012020454	-2.951987448	28.9533051	1.67400447656287	1.92007912917427
EGFR	0.355447785	0.021217934	0.012045968	2.950849703	23.95729967	1.67329690582964	1.91915829486309
PNPT1	-0.674090894	0.021220891	0.012053561	-2.950511562	18.27093267	1.67323638536118	1.91888462992049
PPIA	-0.520299476	0.021225734	0.012062227	-2.950125878	25.23750511	1.67313728263228	1.9185725027661
PPIF	-0.795219147	0.021283233	0.012100835	-2.948411117	18.68588477	1.67196240046474	1.91718466080913
SNRPF	-0.681252751	0.021356447	0.012148414	-2.946305379	20.36113084	1.670470997741	1.9154804163873
CSTB	-0.854744701	0.021387352	0.012171955	-2.945266536	17.18216121	1.6698429827486	1.91463966190768
MKLN1	-3.028771591	0.021545762	0.012268114	-3.002721075	18.72381447	1.66663814179176	1.91122219704064
SMCHD1	-1.586020453	0.021552653	0.012278044	-2.95007402	18.73962382	1.66649926321349	1.91087081460102
DIDO1	-0.652473187	0.021655987	0.012342947	-2.937780335	16.61621793	1.66442201794266	1.90858113584283
ZDHHC3	-0.58031025	0.021659116	0.012350767	-2.937440442	16.95811382	1.66435927274101	1.90830607126874
CSNK1D	-0.6807486	0.022140199	0.012631267	-2.92538821	17.42444664	1.65481847992462	1.8985530846378
ABI3BP	-1.852138369	0.022245271	0.012697412	-2.961079672	17.9321663	1.65276229915003	1.89628478838689
FAM234A	-0.49170141	0.022312692	0.012742114	-2.920698735	21.33709283	1.65144802943755	1.89475851372977
ESRP1	-0.715183771	0.022352084	0.01277084	-2.919490113	16.85497808	1.65068197913129	1.89378053614559
TNFAIP2	-0.890510252	0.022390361	0.012798949	-2.918310002	22.03686152	1.64993890423052	1.89282569146468
FAH	-0.389882054	0.022431034	0.012828451	-2.917074235	22.15194926	1.6491507063482	1.89182578031763
MYADM	-0.674649223	0.022750936	0.013017746	-2.909211622	22.01936423	1.6430007312586	1.88546420659
TFRC	0.278741749	0.022854902	0.013083603	2.906502779	29.88859878	1.64102063659082	1.88327264228514
NPC1	-1.158050132	0.022918937	0.013127223	-2.904716073	20.22733182	1.63980552918894	1.88182713707372
ZFR	-0.794650093	0.022918937	0.013133036	-2.904478387	20.34654104	1.63980552918894	1.8816348652561
H4C1	-0.388914311	0.023015255	0.013194643	-2.901966038	26.71777572	1.6379842089308	1.87960235574537
LLGL2	-1.035541981	0.023044704	0.013217949	-2.901018662	17.25032387	1.63742886584244	1.87883592813977
ANXA1	-0.365550708	0.023073426	0.013240854	-2.900089186	25.98901717	1.63688791556012	1.87808400314959
PROM1	-1.000336372	0.023180642	0.013308841	-2.897339695	17.41569779	1.63487454019312	1.87585976339992
IMP4	-0.79687063	0.023240027	0.013349414	-2.895705538	17.19946271	1.63376337172301	1.87453779813103
RABGAP1L	-0.434950911	0.02346151	0.013483175	-2.890352665	22.88736537	1.62964403980941	1.87020782867471
CD70	0.751445373	0.02371676	0.013636476	2.884282386	19.83518514	1.62494464120286	1.86529784753076
ATG16L1	-0.82825808	0.023772792	0.013675318	-2.882755112	20.09180691	1.62391980947979	1.86406256597885
FARSB	-0.845039889	0.023846979	0.013724641	-2.880821935	18.57932728	1.62256663074254	1.86249900671453
DPP8	-2.047096427	0.024139837	0.013899918	-2.91762987	19.29840766	1.61726566672581	1.85698776177846
ROBO3	0.621927225	0.024186228	0.01393337	2.872716542	22.73273819	1.61643185741406	1.85594383006592
ASMTL	-1.487531883	0.024347485	0.014033055	-2.877792178	19.46629181	1.61354589305438	1.85284777264857
PHACTR4	-0.687310638	0.024363402	0.014049019	-2.868277409	17.14839919	1.61326206880317	1.8523540001547
PAK4	-1.110131444	0.024466074	0.014115043	-2.86575932	19.44375953	1.6114357150344	1.8503177944824
TPP1	0.400432709	0.024612297	0.014206261	2.862299496	27.91007811	1.60884785286067	1.84752021065379
EIF1AX	-0.431649195	0.024627558	0.014221934	-2.861707261	21.8162965	1.60857864945621	1.84704134112975
PGM2	-0.353446387	0.024710443	0.014276686	-2.859643429	26.42543964	1.60711946865171	1.84537259220582
SUMF2	-0.451562392	0.024768446	0.0143171	-2.858125039	24.09653539	1.60610124068087	1.84414494163314
NDRG1	-0.703678091	0.024787036	0.014334755	-2.857463093	22.3240915	1.60577540246998	1.84360972532352
SCARB2	-0.579336365	0.024937981	0.014428999	-2.853943052	20.51375715	1.60313871028221	1.84076379668582
VAMP7	-0.613836064	0.025029373	0.014488854	-2.851719278	17.88919087	1.60155002957878	1.83896596381514
NUP205	-0.704219247	0.025205207	0.014597664	-2.847699914	19.09848258	1.5985097315292	1.83571663689223
FLOT2	-0.918199949	0.025357312	0.014692824	-2.844209063	18.3798406	1.59589678570511	1.83289472362798
ITFG1	-0.536540809	0.025440108	0.014747888	-2.842199283	20.22915986	1.59448104932455	1.83127016921934
SERPING1	0.412625032	0.025455967	0.014764177	2.841606204	23.28895659	1.59421040069746	1.83079075691566
MAP7D1	-1.813313737	0.025621204	0.014867153	-2.87749515	17.23949791	1.59140046560343	1.82777218916256
RAE1	-0.909884334	0.025977413	0.01508109	-2.830194251	21.24628549	1.58540410098303	1.82156726828867
XPO5	-0.425789077	0.02621279	0.015225311	-2.825079329	21.42955592	1.58148675176921	1.81743382748298
GLCE	0.484593867	0.02621279	0.015232349	2.824830964	23.29253966	1.58148675176921	1.81723311839252
NUTF2	-0.978983093	0.026370701	0.015331461	-2.82134518	20.85067384	1.57887832540621	1.81441645740885
TES	-0.550950146	0.026485291	0.015405463	-2.818757031	20.76440561	1.57699525100854	1.81232524474571
SGSM2	0.90282853	0.026533792	0.015441069	2.817516125	20.45164782	1.57620067964478	1.81132263633641
LRRN1	0.415928553	0.026549934	0.015457863	2.816931834	21.63156051	1.57593655418596	1.81085054608764
HTATSF1	0.29010326	0.0266061	0.015497979	2.815538642	25.2187273	1.57501878093943	1.80972493191835
FLNA	-0.256751257	0.02661065	0.015508046	-2.815189587	31.33376318	1.57494451710718	1.80944291945767
NUP188	-1.971339197	0.026615893	0.015518519	-2.856250141	18.11458236	1.57485895806661	1.80914972771816
MAT2A	-0.612062526	0.026678588	0.01556251	-2.813305021	24.75796506	1.57383715976433	1.80792035649555
PAM	-0.271884989	0.026983821	0.015748576	-2.806915569	26.14949443	1.56889655274719	1.80275870938556
CS	-0.32703225	0.026983821	0.015755604	-2.806675728	24.47129349	1.56889655274719	1.80256494324599
CDH3	-0.369282068	0.026986943	0.015772385	-2.806103387	24.92939103	1.56884630823429	1.802102630449
ARFGAP1	1.31999195	0.026986943	0.015776089	2.80607113	18.9278204	1.56884630823429	1.80200065234582
PREP	-0.324720793	0.026986943	0.015779991	-2.805844184	26.66779711	1.56884630823429	1.80189324882314
LAMB2	-0.410561065	0.026996437	0.015793066	-2.805398878	27.70862591	1.56869355040943	1.80153354968628
MYO1C	-0.927180636	0.027059749	0.015839599	-2.80381703	20.00579106	1.56767623613531	1.80025581733565
NME1	-0.270179743	0.027059749	0.015845187	-2.803627381	28.57528844	1.56767623613531	1.80010263103418
RNF123	-0.423888628	0.027132066	0.015895096	-2.801936487	21.830919	1.5665171351644	1.79873684477693
FGFR1	0.815177464	0.027174444	0.015927496	2.800841583	21.25980593	1.56583933298968	1.79785249531377
RIOK1	-1.964207144	0.027235203	0.015970699	-2.842857876	16.70041782	1.56486938332636	1.79667607539568
RERE	-0.81579266	0.027424418	0.016089298	-2.795406517	17.1236008	1.56186258023713	1.79346290440173
THOP1	-0.34295968	0.027597267	0.016198879	-2.791756202	22.72371035	1.55913392465901	1.790515038603
MYL6	-0.512951729	0.027597267	0.016206087	-2.791516925	22.07803473	1.55913392465901	1.79032183397645
LANCL1	-0.907295471	0.027643162	0.016242737	-2.790302022	20.4499814	1.55841228110215	1.7893407876661
MMS19	-0.642396741	0.027643162	0.016248447	-2.790113003	17.58056778	1.55841228110215	1.78918814185811
CLP1	-0.622981905	0.027665039	0.016269017	-2.78943257	20.5589671	1.55806871321513	1.78863868703688
HIBADH	-0.61839586	0.027732746	0.016316563	-2.787863031	16.6375631	1.55700712596476	1.78737131784533
ALAD	-0.546888041	0.027850741	0.016393747	-2.785324691	18.84037003	1.55516324544788	1.78532177153998
TGFB1	0.849461295	0.027979647	0.016477423	2.782586157	21.04911502	1.55315776900499	1.78311070916758
H3-3A	-0.500270569	0.02812929	0.016573389	-2.779462274	26.38293594	1.55084122954733	1.78058867604015
ATP1A1	-0.423380177	0.028158476	0.016598433	-2.77864999	26.57896032	1.5503908538872	1.77993291024764
ASPH	-0.698123926	0.028229545	0.016648193	-2.777039607	21.94825295	1.54929612169657	1.77863289805657
CTNNA2	-0.62184465	0.028395328	0.016753877	-2.773635113	19.63714356	1.54675311033085	1.77588467729146
ENSA	-1.234053931	0.028410292	0.016770624	-2.773188857	17.73407809	1.54652430259044	1.77545077789988
CCNC	-1.165993761	0.028598143	0.016889483	-2.769297606	18.44806508	1.54366216655755	1.77238364431198
AGL	-0.335971462	0.028631766	0.01691732	-2.768411476	24.50898388	1.54315186397975	1.77166843570589
GRSF1	-0.76749661	0.028781211	0.017013642	-2.765356303	18.61994632	1.5408909366137	1.76920270983253
CDK2	-0.646889489	0.02879886	0.017032102	-2.764772746	18.39471173	1.54062470340426	1.76873175070639
GDI1	0.272404326	0.029283161	0.017326686	2.755543622	25.21741752	1.53338204473249	1.76128449496317
TENM4	-0.442614952	0.02940778	0.017408619	-2.753004251	16.47833536	1.53153775924472	1.75923567945521
VPS26C	-1.129394323	0.029411816	0.017419206	-2.752676987	17.11125075	1.53147815963334	1.75897164483223
MAU2	-0.512905021	0.029468397	0.017460929	-2.751389133	18.36882832	1.53064348793661	1.75793265359491
FZD2	1.05794766	0.029563883	0.017525747	2.749394421	20.96988893	1.52923852512422	1.75632346203097
PURB	-1.998529629	0.029589203	0.017549003	-2.787725111	19.11412366	1.52886673262117	1.75574755178493
PTS	-0.812360015	0.029671853	0.017606292	-2.746925842	18.0275267	1.52765533125153	1.75433209965473
LGALS1	-0.521429215	0.029820414	0.017708716	-2.743802719	19.26220721	1.52548633148438	1.75181292691441
B3GNT3	-0.533155199	0.029820414	0.017711065	-2.743731306	20.09596052	1.52548633148438	1.75175532307211
CBR1	-0.356570063	0.029825233	0.01772224	-2.743391682	24.06797273	1.52541615485899	1.75148138639044
TALDO1	0.36723618	0.030011823	0.017841477	2.739780976	25.63261131	1.52270762354234	1.7485691955654
AKR1A1	-0.371476309	0.0301477	0.017930656	-2.737095993	23.76749662	1.52074581504655	1.7464038213152
CANX	-0.466120448	0.030195813	0.017967687	-2.735984921	23.76077558	1.52005327283955	1.74550782649651
CAPN2	-0.560347727	0.030204843	0.017981478	-2.735571705	21.65625474	1.51992341732272	1.74517461400082
CTNND1	-0.634744687	0.030286086	0.018038285	-2.733872966	21.18006362	1.51875684876802	1.74380475562125
OGFOD3	1.258021714	0.030434314	0.018139709	2.730940932	19.70108659	1.516636482949	1.74136968423887
DPH7	-0.742778242	0.030434314	0.018143533	-2.730739497	17.80091555	1.516636482949	1.74127814103527
RPP38	-0.545583083	0.030732948	0.018330131	-2.725227853	20.95450817	1.51239577886743	1.73683443125307
POLR1G	-0.64685269	0.030756104	0.018352513	-2.724570431	22.05454479	1.51206867922379	1.73630445962397
PHKG2	-0.496554342	0.030942415	0.018472312	-2.721065119	17.54278259	1.50944579340836	1.73347874473282
ARSA	2.269549105	0.030979564	0.018503123	2.765827886	19.08464479	1.50892469870485	1.73275496418073
ETFA	-0.633287246	0.030981118	0.018512686	-2.719888805	17.72522255	1.50890291412782	1.73253056502075
ADD3	-0.83748391	0.031000414	0.018532856	-2.71930207	19.15596755	1.5086325062717	1.73205764870787
EIF1AD	-1.41803064	0.03103839	0.01856421	-2.726184011	18.01578672	1.50810081422603	1.73132352744729
LUZP1	-1.739125748	0.031100112	0.018609794	-2.7481016	18.76795545	1.50723804695727	1.73025843423938
PSMA3	-0.392544335	0.031217129	0.018688515	-2.714795208	26.07801399	1.50560704095303	1.72842520653599
ERGIC3	-1.107087716	0.031255802	0.018720378	-2.713877224	20.22185067	1.5050693529536	1.72768538627864
SNCAIP	-0.434244162	0.031441202	0.018844046	-2.7103288	24.22993769	1.50250085919788	1.72482584428088
NUP85	-0.724869243	0.031441202	0.018848948	-2.710188629	21.19892827	1.50250085919788	1.72471288368335
C1QTNF9	-0.647105916	0.031579533	0.018940679	-2.70757202	21.94586831	1.5005942966527	1.72260445613172
PTGR1	-0.431469877	0.031622676	0.018975368	-2.70658574	23.98393598	1.50000138162522	1.72180979283329
TP53I3	0.774226081	0.031624581	0.018985326	2.706302972	20.22418958	1.49997521982698	1.72158194112173
FANCI	-2.615321568	0.031630409	0.01899764	-2.756070105	16.50656173	1.49989519236203	1.72130034634382
UBFD1	-1.054940718	0.03191797	0.019179248	-2.700824754	16.44106776	1.49596473780481	1.71716842510346
HMGA2	-0.819019277	0.031955094	0.019210462	-2.700033531	22.93421447	1.49545990058073	1.71646219049292
AP1M2	-0.724401163	0.032124101	0.019329847	-2.696607848	22.5602805	1.49316901731675	1.7137715834944
SLTM	-0.483362794	0.032124101	0.01932997	-2.696604409	24.05015842	1.49316901731675	1.71376881999341
GPC3	-3.107982161	0.032276521	0.019446353	-2.742905208	18.70850881	1.49111328286967	1.71116183498029
CNN2	-2.122995123	0.032276521	0.019448673	-2.738149532	20.4620065	1.49111328286967	1.71111002562044
PELP1	-0.638862233	0.032276521	0.019437094	-2.701242587	26.7838935	1.49111328286967	1.71136866503236
ANXA11	-0.438388776	0.032344096	0.019498405	-2.691926181	23.38982003	1.49020498264988	1.71000091315183
TMEM33	-0.538198751	0.032632174	0.019681166	-2.686894768	22.17830767	1.48635399195676	1.70594917560156
GGCT	-0.891132769	0.032811395	0.019802956	-2.683567315	19.91193174	1.48397530487993	1.70326997748247
SLC38A2	0.616795303	0.032811395	0.019816236	2.683205684	21.9935763	1.48397530487993	1.70297883419334
ME1	-0.668301043	0.032811395	0.019816692	-2.683193276	19.80144976	1.48397530487993	1.70296884056967
AKAP2	-0.602680107	0.032988732	0.019932991	-2.68003669	18.01278388	1.48163437727025	1.70042752933097
CADM4	0.487203754	0.033070578	0.019991662	2.678451097	23.45512073	1.48055821452032	1.69915109945743
PDIA6	0.406387765	0.033105151	0.020021789	2.677638686	22.99208471	1.48010442686385	1.69849711975801
HLA-B	-0.545955762	0.033325438	0.020164305	-2.673811743	22.38455549	1.47722413389511	1.69541674215954
H1-10	-0.506606667	0.033348251	0.020187402	-2.673194009	23.4121057	1.47692693838813	1.6949195686078
PTMA	1.055929921	0.03392937	0.02054864	2.711807034	27.27062469	1.46942420425302	1.68721691636896
MCTS1	-0.428886551	0.033980891	0.020589314	-2.662554734	21.01643961	1.46876523784748	1.68635812307491
TAB1	0.482074677	0.03401038	0.02061666	2.661838242	22.21248681	1.46838851564207	1.6857816911893
RTN4	-0.490413708	0.034103474	0.020682597	-2.660114496	25.25373398	1.46720137871476	1.68439493018367
PNISR	-0.638884457	0.034173124	0.020734362	-2.658765023	21.49577737	1.46631531754466	1.68330932341269
NPEPL1	-0.780018204	0.034440512	0.020906197	-2.654308944	17.4601687	1.46293040085596	1.67972496154517
CUL1	-0.421767463	0.034447843	0.020920248	-2.653946154	23.20770236	1.46283796686305	1.67943317141121
HNRNPAB	-0.376105772	0.034479677	0.02094919	-2.653199639	24.34197936	1.46243681122826	1.67883276436026
PTPN14	-1.006114813	0.034554064	0.021004017	-2.651788239	16.10359035	1.4615008666985	1.67769763888035
PSMC3	-0.371449601	0.0346104	0.021047908	-2.650660978	22.67138601	1.46079338144008	1.67679106321101
POGLUT1	-0.639570611	0.034644847	0.021078512	-2.649876314	20.60925328	1.46036135227551	1.6761600506226
FGFR3	-0.815422554	0.034698133	0.021120602	-2.648798987	20.71070328	1.45969389263309	1.67529370727686
CTDP1	-0.59598279	0.034743335	0.0211578	-2.64784864	17.63010168	1.45912849611976	1.67452949247487
AIMP1	-0.591654311	0.035032598	0.021349358	-2.642980371	22.92616468	1.45552765442579	1.67061518018226
CUL2	-0.55103427	0.035032598	0.021353482	-2.64287604	21.21954336	1.45552765442579	1.67053129674739
DHX58	-0.809446812	0.035316648	0.021536462	-2.638266413	20.19603482	1.45202052321978	1.66682564087465
GLYATL2	-0.369249308	0.035569123	0.021700337	-2.634170535	23.58712124	1.44892684274101	1.66353352163055
YKT6	-1.014285655	0.035624085	0.021743798	-2.633089358	20.20252341	1.44825628163759	1.66266459519091
WDR1	-0.340981609	0.035635365	0.021760614	-2.632671582	29.45414456	1.44811878852483	1.66232885469767
SNRNP70	-0.427705023	0.035779886	0.021858838	-2.630237687	27.72465006	1.44636104749279	1.66037292855288
VCL	-0.282709052	0.035971054	0.021985653	-2.6271111	28.71795482	1.44404683658578	1.65786063079092
ASPSCR1	0.356131551	0.036042468	0.022039346	2.625792614	21.89939278	1.44318547845647	1.65680129697113
PPID	0.601571344	0.036105927	0.022088213	2.624595382	22.36559601	1.44242150025199	1.65583941838081
CASC3	-0.749014507	0.036173805	0.022144101	-2.623229303	19.31789765	1.44160580687038	1.65474194638687
ARIH2	-0.650137968	0.036173805	0.022149902	-2.623087702	20.40077033	1.44160580687038	1.65462819092865
OTUB1	-0.348174068	0.036216351	0.022186048	-2.622206211	23.93584559	1.4410953094167	1.65392005174043
SUN3	-0.521436916	0.036250493	0.022217066	-2.621450887	18.42221187	1.4406860827282	1.65331329481654
CSNK2A1	-0.602989396	0.036309318	0.02226822	-2.620207479	21.930798	1.43998190838863	1.65231449670972
GDI2	-0.24484931	0.036309318	0.022273358	-2.62008275	27.590256	1.43998190838863	1.65221430245715
CDC40	-0.509124458	0.036404953	0.02234217	-2.618414902	20.61417452	1.43883952530058	1.65087464799491
DTD1	-0.549919982	0.036508462	0.02241587	-2.616634137	22.96341186	1.43760646228397	1.64944440072561
HACD3	-0.806942871	0.036664901	0.022527248	-2.613953843	18.48190506	1.43574948331836	1.64729185982586
ST6GALNAC5	-1.182541512	0.036664901	0.02253236	-2.61383113	19.43456919	1.43574948331836	1.64719331864898
ATP6V1C1	-0.376663638	0.036849863	0.022656298	-2.610864402	22.60413777	1.433564122417	1.64481105164461
SMPDL3B	-0.373015594	0.036932274	0.02271726	-2.609410967	23.69145469	1.43259395107506	1.6436440514223
CSNK2A2	-0.719486869	0.037237805	0.022915572	-2.604709095	18.27421756	1.42901592662955	1.63986929777581
NKTR	-1.398255403	0.037287015	0.022956248	-2.610753765	19.23630666	1.42844238255227	1.63909909214734
EHBP1L1	-1.137496502	0.037307374	0.022979179	-2.603209429	19.51573266	1.42820531910299	1.63866549184178
NOL11	-0.859045715	0.037597588	0.023168413	-2.598771707	20.6826393	1.42484001549496	1.63510371368295
SNU13	-0.569362913	0.037951394	0.023397013	-2.593457805	19.46573086	1.42077226732083	1.63083958363346
LPAR2	1.043964906	0.038034876	0.02345908	2.59202377	18.23852627	1.41981799527865	1.6296890237106
THUMPD1	-0.601641334	0.038230731	0.023590535	-2.588998781	21.24675002	1.4175873978682	1.62726220981754
TSN	-0.397098229	0.038297997	0.023642716	-2.587802562	25.47227116	1.41682393920617	1.62630263455647
PSMA2	-0.30899897	0.038366817	0.023695894	-2.586586139	26.09019136	1.41604422938329	1.62532690156924
PGM5	1.192065011	0.038479152	0.023775998	2.584835532	19.38071789	1.41477450747047	1.62386124445169
THADA	-0.50924082	0.038717963	0.023934348	-2.581164149	17.43209755	1.41208749953334	1.62097839871719
POLR2G	-0.701834334	0.038807074	0.02400025	-2.57967497	19.78062177	1.41108910123213	1.6197842344111
FTO	-0.905279102	0.03909099	0.024187072	-2.575474945	17.62967579	1.40792333069099	1.61641670258514
PFAS	-0.509571983	0.03909099	0.024197628	-2.575238576	22.54843581	1.40792333069099	1.61622720414354
CPAMD8	0.381535923	0.039360954	0.024375708	2.571266106	23.68012813	1.40493438402335	1.61304276122829
ST13	-0.402721325	0.039514289	0.024481679	-2.568915594	24.38536079	1.40324582812827	1.61115880076544
GINS4	-0.744313067	0.039528759	0.024501661	-2.568473484	17.88299472	1.40308682005906	1.61080447324025
YWHAB	0.325804725	0.039912283	0.02475051	2.562996955	27.64552417	1.39889342967163	1.6064158477242
OR2D3	-1.322152879	0.040026215	0.024832317	-2.577751247	20.8420165	1.39765547615353	1.60498275634684
COL12A1	0.405865315	0.04027243	0.024996294	2.557640279	31.5482122	1.39499216468729	1.60212437591426
FBLN7	-0.785449706	0.040334958	0.025046345	-2.556555738	17.99218143	1.3943183909431	1.60125564153909
ANKRD36	-0.92397431	0.040810752	0.025353168	-2.549953109	20.68055756	1.38922540261851	1.59596776576039
KIF4A	-0.668101387	0.040837409	0.02538111	-2.549355684	17.04122787	1.38894182027511	1.59548938868995
KIFBP	-0.563891261	0.041137655	0.025579183	-2.545138975	18.86013203	1.38576046834344	1.59211333101679
MORC2	-0.563392014	0.041243972	0.025667854	-2.543261567	21.73835421	1.38463951665197	1.59061043966192
PPP1CB	-0.569256234	0.041243972	0.02566828	-2.543252563	19.80472525	1.38463951665197	1.59060323189481
TPD52	-0.748891486	0.041291697	0.02570949	-2.542382201	19.923225	1.38413726818873	1.58990653838563
BAIAP2	-0.461736866	0.041369924	0.025769727	-2.541112441	21.41816537	1.38331527693893	1.58889018226483
BPNT1	-0.614152415	0.041618065	0.025935896	-2.537624561	22.125314	1.38071811584371	1.58609874396366
DDR1	0.220322301	0.041641591	0.025962162	2.537075221	25.83904963	1.38047268575803	1.5856591444767
EDF1	-0.602349586	0.041668801	0.02599074	-2.536478154	21.93997327	1.38018899598082	1.58518135522998
KAZALD1	-2.443161418	0.041839096	0.026120283	-2.576321825	17.7072026	1.37841770766021	1.58302212201134
AGO1	-1.092462927	0.041839096	0.026117119	-2.533845394	18.60212272	1.37841770766021	1.58307473212171
CHST12	-0.57584066	0.041842664	0.026134172	-2.533491091	18.82291293	1.37838067300147	1.58279125495125
ENTPD6	0.43240109	0.041937517	0.026207875	2.531962383	21.53875057	1.37739728643913	1.58156819130779
ILF3	-0.39483082	0.041937517	0.026216792	-2.531777705	27.20642516	1.37739728643913	1.58142045154504
PSMD2	-0.395906218	0.042141498	0.026356054	-2.528901521	24.42697421	1.37529003062704	1.57911961131277
LRP6	-0.311234368	0.042154074	0.026375668	-2.528497618	23.75109326	1.37516044641959	1.57879653245102
ADAMTS15	-0.619368641	0.042158389	0.026390117	-2.528200249	21.47123812	1.37511599318873	1.5785586843407
ROCK2	-0.590590101	0.042332116	0.026510665	-2.525725581	19.81048807	1.37333002247435	1.57657937818135
ACP1	-0.506714886	0.042377175	0.026550694	-2.524906255	19.21259345	1.37286799813972	1.5759241225512
EPHB4	0.337592746	0.042526539	0.026656128	2.522753946	22.35432399	1.37133996067569	1.57420293483062
SERINC1	-0.64960922	0.042778623	0.02682606	-2.519302338	19.81296598	1.36877319903346	1.5714431083907
MSN	-0.327717771	0.043241459	0.027128351	-2.513214435	31.38774751	1.36409966104252	1.56657660407718
UCKL1	-0.530875625	0.043241569	0.027140472	-2.51297171	17.55498082	1.36409855626175	1.56638260379445
DYRK1B	-0.813882659	0.043393011	0.027247618	-2.510830605	19.38088722	1.36258021354179	1.56467145796247
PRMT3	-1.149672232	0.043417577	0.027275144	-2.510353243	19.55732648	1.36233441683028	1.56423294786188
RAB11B	-0.327996582	0.043850945	0.02755961	-2.50464231	23.42841077	1.35802104303082	1.55972693248453
ABCF3	-0.614305029	0.043904147	0.027609376	-2.50366149	16.09247889	1.35749445620081	1.55894340874716
VWA1	0.598272103	0.043904147	0.02761752	2.503501166	23.27789693	1.35749445620081	1.55881532281286
C11orf68	-0.581422356	0.043940365	0.027652548	-2.502812029	17.02997086	1.35713633984092	1.55826484514206
SP140L	-0.385997924	0.043951395	0.027685611	-2.502162351	21.43993898	1.35702733603532	1.55774588750331
S100A10	-0.477443154	0.043951395	0.027694164	-2.501994404	20.47689358	1.35702733603532	1.55761174030848
CAPS	-0.617942814	0.043951395	0.027696239	-2.501953677	21.24192566	1.35702733603532	1.55757920178189
CIAO1	-0.445403398	0.044042445	0.027765889	-2.500588026	21.51909892	1.35612857933395	1.55648841685687
HEXB	-0.319736456	0.044666593	0.028178305	-2.492569133	28.36073251	1.35001717261724	1.55008513440929
RANBP6	0.762590342	0.044666593	0.028184271	2.492453955	19.29183025	1.35001717261724	1.54999319393841
SLITRK5	0.822097399	0.044809868	0.028287166	2.490471455	21.45564586	1.34862633542095	1.5484105609281
PDGFC	-0.691733263	0.044825821	0.02830973	-2.490037643	22.03217394	1.34847174744332	1.54806427263664
PHKA2	-0.446746765	0.044856292	0.028341475	-2.48942787	20.34603122	1.34817662978329	1.54757755113544
GNA14	-0.578413044	0.045489109	0.028753985	-2.481563995	17.99651675	1.34209256965879	1.54130195815421
CRKL	-0.64934932	0.04556756	0.028816275	-2.480386049	20.12607714	1.3413442259031	1.54036215993776
TSPAN3	0.710867424	0.045934701	0.029061251	2.475777146	22.14882029	1.33785910620661	1.53668569455613
SPTBN2	-2.085955511	0.046107506	0.02918343	-2.51153148	18.2257787	1.33622836855767	1.53486366574861
APLP1	-0.84854352	0.046212458	0.029262738	-2.497409173	24.38371247	1.33524093112539	1.53368504107263
CCDC138	-1.047715853	0.046424235	0.029416567	-2.46915878	19.66225631	1.33325524403441	1.53140801209629
PRKAR1A	-0.654329575	0.046424235	0.029422717	-2.469044909	20.17473747	1.33325524403441	1.531317225435
DOCK4	-0.839147154	0.046428059	0.029438081	-2.468760545	15.80938942	1.33321947233662	1.53109050405853
MME	-0.436684397	0.046744459	0.029651725	-2.464820983	17.93024951	1.33026986218922	1.52795003632368
ATRN	0.342633048	0.046829804	0.029718914	2.463587704	27.13598763	1.32947765989669	1.52696706477771
SUPT4H1	-0.88979616	0.046846377	0.029742488	-2.463155643	17.50360766	1.3293239908968	1.52662270496416
HNRNPLL	-0.872589466	0.046847548	0.029756288	-2.462902863	16.49590691	1.3293131351484	1.5264212465692
ASL	-0.833239844	0.046850352	0.029771127	-2.462631184	17.65304462	1.32928714178616	1.52620472462043
FOXP3	0.550946199	0.046944547	0.029844067	2.461297658	19.54247644	1.32841484738824	1.52514199368922
NELFB	-0.612112541	0.047179231	0.030006411	-2.458340884	21.29007892	1.3262491421952	1.52278594646476
ATL3	-0.638245336	0.047238956	0.030057563	-2.457412461	21.08337678	1.32569970903586	1.52204623394727
PRDX2	-0.333525256	0.047375916	0.030157913	-2.455595513	24.31451724	1.32444237998114	1.52059871598345
PRPF40A	-0.499422896	0.047414912	0.030195951	-2.454908312	24.25671947	1.32408505113553	1.52005128804446
SGPL1	-0.412793735	0.047896281	0.030515858	-2.449161767	25.1494287	1.319698206917	1.51547441468242
ANP32A	-0.333935088	0.047990733	0.030589411	-2.447848767	29.41323107	1.31884261669762	1.51442888528772
UBE2Z	-0.505357686	0.04822985	0.030755267	-2.444899192	20.61490452	1.31668408877838	1.51208049832245
RBKS	0.599684275	0.048598513	0.031003901	2.440506172	21.8344786	1.31337701892237	1.50858365854683
RPS24	-0.666824423	0.048697795	0.031080811	-2.439154157	20.53843424	1.31249070287186	1.50750765756
SUGP2	-0.563525301	0.048870934	0.031204936	-2.436978955	20.21465229	1.31094936084558	1.50577670380174
NANS	-0.699113542	0.049150662	0.031397246	-2.433625308	17.60353819	1.30847062837079	1.50310844426618
AMY1A	0.912871769	0.049193538	0.031438345	2.432977221	21.60184511	1.30809194185169	1.50254032447378
ATP6V1A	-0.380381768	0.049319317	0.031532473	-2.431278962	25.20755271	1.30698294637446	1.50124196746532
PTPRZ1	-0.981345458	0.04938788	0.031590074	-2.430282474	19.13894586	1.30637961575103	1.50044935675538
PACSIN2	-0.470482577	0.049595964	0.031736994	-2.427748683	23.57032292	1.30455366390994	1.49843421025401
DPP9	-0.527855492	0.049918188	0.031957101	-2.423973812	22.23580955	1.30174118766625	1.49543262475252
GPS1	-0.582579107	0.049947293	0.031995537	-2.423317196	20.86695712	1.30148804431528	1.49491059641286
PDS5B	-0.671430086	0.049947293	0.032003575	-2.423179975	21.84088381	1.30148804431528	1.49480150555347
DERA	1.099911123	0.050325103	0.032259681	2.418890352	19.85885552	1.29821532757123	1.49133993144875
ACTN4	-0.294773239	0.050521024	0.032399352	-2.416464336	29.22066345	1.29652785540407	1.48946367576989
SH3PXD2B	-0.534673493	0.050545567	0.032429179	-2.41596144	19.07718425	1.29631692735013	1.48906404609369
ZNF384	-0.752754373	0.050582976	0.032467278	-2.415319713	18.20869927	1.29599562294818	1.48855412034021
PRDX3	-0.456762474	0.050713177	0.032573076	-2.413541499	19.29543615	1.29487918159668	1.48714122741155
PCDHA4	-1.152921579	0.050713177	0.032579144	-2.413504444	19.41041014	1.29487918159668	1.48706033073838
PPME1	-0.640856668	0.050713177	0.032593252	-2.413203027	20.5488346	1.29487918159668	1.48687230553071
SNRPA1	-0.582697429	0.050764051	0.032640096	-2.412417925	21.67655077	1.29444372824899	1.48624857258334
BROX	-0.613184309	0.05115549	0.03290604	-2.407981257	19.62021204	1.29110775102785	1.48272437870919
ERC1	-1.611564468	0.051389186	0.033070688	-2.442623767	23.80768523	1.28912826144517	1.48055676996397
SGSH	-0.485687029	0.051450856	0.033125698	-2.404342715	23.13146854	1.28860739538194	1.47983496182934
EIF5B	-0.396008318	0.051450856	0.033139055	-2.404122228	27.29060824	1.28860739538194	1.47965988016946
DNASE2	-0.279195534	0.051576508	0.033234361	-2.402551362	25.59185295	1.28754806521609	1.478412667028
GOLM2	-0.32780724	0.051991646	0.033516354	-2.397928743	22.17715383	1.28406643304918	1.47474323120534
GIT1	0.676632601	0.052381924	0.033782545	2.393599377	19.04769902	1.28081855388258	1.47130763606097
CSNK1A1	-2.421699711	0.052535691	0.033896356	-2.428611315	21.07862587	1.27954555110963	1.4698469877602
ATP13A3	-0.520940489	0.052626131	0.033969375	-2.390580307	16.21521805	1.27879855753574	1.46891244360828
AP1B1	-1.034855884	0.052628135	0.033985337	-2.395991459	21.1714147	1.27878201994206	1.46870841923842
UBE2V1	-0.393176757	0.052929275	0.034202582	-2.38683417	22.35264842	1.27630405472696	1.46594110721798
FBXW2	-0.593123117	0.052929275	0.034209306	-2.386726521	17.57573072	1.27630405472696	1.46585573620452
OSGEP	-0.4399864	0.052935401	0.034228019	-2.386427043	19.81146819	1.27625379267356	1.46561823560547
TPH1	-0.462800138	0.053091588	0.034343806	-2.384577514	18.08663707	1.27497428446628	1.46415157774803
EIF2A	-0.334443849	0.053094859	0.03436072	-2.384307846	25.6590376	1.27494752818446	1.4639377444697
ARPC1B	-0.345497547	0.053199766	0.034448767	-2.382906107	27.07200314	1.2740902779518	1.46282631786896
CHM	-0.46107629	0.053199766	0.034458266	-2.382755083	22.5920465	1.2740902779518	1.46270658079336
ZNF148	-0.481755046	0.053974828	0.034975328	-2.374594242	17.67034629	1.267808732945	1.45623820398632
KIAA0319L	-0.368104797	0.054013721	0.035015584	-2.373963749	22.7486269	1.26749590318349	1.45573862596707
SPIN1	-0.652134394	0.054141546	0.035113539	-2.37243248	18.58382526	1.26646934720454	1.45452539694549
URI1	-0.557710067	0.054513208	0.035369774	-2.368446238	18.72673525	1.26349825980494	1.45136771516027
PSPH	-0.450621967	0.054570231	0.035421981	-2.367637451	21.4251847	1.2630442078109	1.4507271542326
HIP1R	-0.382098828	0.054623106	0.035471526	-2.366870967	16.42424757	1.26262360847478	1.45012012759449
C2CD5	-0.848529833	0.054625736	0.035488459	-2.366609245	20.74666265	1.26260269851424	1.44991285842436
PSMB8	-0.293262118	0.054814054	0.03562608	-2.364486545	24.27291051	1.2611080766959	1.44823196120291
WASF2	-1.662103708	0.055041735	0.0357894	-2.389547367	20.25871129	1.25930788492788	1.44624558238321
AK1	-0.521582955	0.055438404	0.036062775	-2.357802568	20.7134641	1.25618928099312	1.44294085773514
TMBIM1	0.441264025	0.055445405	0.036082781	2.357498214	21.04277764	1.25613443988152	1.44269999755998
TUFM	-0.539213427	0.05554752	0.036164718	-2.356253432	17.273248	1.25533532600049	1.44171491703227
PACC1	-0.637818951	0.055566027	0.036192254	-2.355835713	19.02136732	1.2551906543872	1.44138436883213
PPFIA1	-1.40697678	0.056044169	0.036581785	-2.365342172	18.84058195	1.25146956599242	1.43673510704067
ST6GALNAC2	-0.635410662	0.056044169	0.036547652	-2.350471498	17.22263109	1.25146956599242	1.43714051901252
CCDC47	-0.591234994	0.056044169	0.036552609	-2.350397034	18.71866915	1.25146956599242	1.43708161914758
FREM2	0.418405919	0.056044169	0.036565424	2.350204582	22.49644357	1.25146956599242	1.43692938628205
PLCB3	-0.456841452	0.056044169	0.03657208	-2.350104632	22.45859194	1.25146956599242	1.43685033890085
URB1	-1.466844769	0.056142598	0.036668828	-2.371020705	17.35715811	1.25070749424954	1.43570297063026
ITGB4	1.226588741	0.056142598	0.036692975	2.353717797	19.73947983	1.25070749424954	1.43541707500599
HOMER2	-0.836350771	0.056142598	0.036688498	-2.348359472	16.6389231	1.25070749424954	1.43547006757532
TACSTD2	0.334411249	0.056162425	0.036721586	2.347864441	25.60118075	1.25055414836078	1.43507856994973
YARS2	-0.472468838	0.05616731	0.036740434	-2.34758264	16.31815018	1.25051637512922	1.43485571785351
CRLF1	-0.995203258	0.056201114	0.03677821	-2.352454553	21.53581842	1.25025507590322	1.43440941174938
RAC3	-0.355112906	0.056322886	0.036873595	-2.345595677	20.89640692	1.2493150999284	1.43328451868488
PPP2CB	-0.600774451	0.056672234	0.037122594	-2.341898625	21.1085049	1.24662966728175	1.43036168437869
RPS15A	0.331050383	0.056672234	0.037133897	2.341731355	24.75969713	1.24662966728175	1.43022947154447
ZNF638	1.538713107	0.057301799	0.037562383	2.357482486	18.76945707	1.24183174306737	1.4252468633995
PABPC1	-0.37679179	0.057302057	0.037592121	-2.334991414	25.85553433	1.2418297876711	1.42490317009333
UBA1	-0.284765307	0.057302057	0.037594493	-2.334956733	26.1954382	1.2418297876711	1.42487576770195
RABGGTA	-0.428746839	0.057333253	0.03763094	-2.334424064	20.27703453	1.24159341632981	1.42445493310947
ARPC5L	-0.398387298	0.057339698	0.03765115	-2.334128893	21.66019838	1.24154459875052	1.42422175436297
GEMIN5	-0.47152814	0.057339976	0.037667314	-2.333892934	22.23515374	1.24154249316613	1.42403534758459
FMR1	-0.838388335	0.057361726	0.037697589	-2.333451248	20.90824026	1.24137778933122	1.42368642479365
PCID2	0.394502572	0.057859652	0.038047535	2.328370318	21.11886069	1.23762418276778	1.41967347478239
BAZ1B	-0.875209276	0.057859652	0.038057689	-2.328223558	16.69703243	1.23762418276778	1.41955758717406
CALR	0.244788181	0.057859652	0.038073199	2.327999465	30.53335989	1.23762418276778	1.41938063120561
WDR12	-0.288547219	0.057959499	0.038155055	-2.326818199	24.58004262	1.23687537721183	1.41844791607941
SLPI	-0.433487397	0.058192042	0.038324358	-2.324382667	22.24931088	1.235136402838	1.41652511160451
FADS6	0.629368003	0.058319842	0.038424779	2.322942906	17.94314936	1.23418366127823	1.41538862166443
B4GALNT3	-1.182370665	0.058677222	0.038676597	-2.323065362	19.07415052	1.23153045547343	1.41255174475288
CWC27	-0.886114284	0.058699141	0.038707405	-2.318910055	18.97864167	1.23136825414744	1.41220594343065
SSBP1	-0.264059858	0.058716028	0.038734905	-2.318519161	23.94438141	1.23124333108973	1.41189750483283
ARMC5	-0.500997426	0.059402337	0.039204218	-2.311888701	20.36503885	1.22619646871849	1.40666720452097
FMOD	-0.939734717	0.059418438	0.039231405	-2.311506935	17.45641593	1.22607876917485	1.40636613814065
B4GALT5	0.285031874	0.059617829	0.03937967	2.309429388	25.41012775	1.22462384297107	1.40472792755238
PSMB7	-0.354651534	0.059940279	0.039609365	-2.306225521	25.01286154	1.22228123990425	1.40220211995891
RPS10	-0.571341837	0.060238744	0.039823384	-2.303256242	20.98271567	1.22012409191287	1.39986183848031
RNASE4	0.524408331	0.060588806	0.040071693	2.299830257	19.43671072	1.21760760589134	1.39716230855244
CYSTM1	0.615757068	0.060747642	0.040193674	2.298154685	18.67749287	1.2164705751167	1.39584229425585
EHD1	0.524608431	0.06114083	0.040470867	2.294365016	21.00407163	1.21366866992833	1.39285749169732
CENPF	-0.95358124	0.061208238	0.040542628	-2.313762749	22.6351645	1.21319012234514	1.39208810347461
TYMS	-0.531933501	0.061208238	0.040549605	-2.293293067	16.51091198	1.21319012234514	1.39201337196222
DNPH1	-0.521138133	0.061253863	0.040596902	-2.292650104	19.48575908	1.21286651714007	1.3915071067095
LRRFIP1	-0.41695314	0.061294814	0.040641127	-2.292049564	23.54366131	1.21257626849071	1.3910342573409
AAMP	-0.31099796	0.061296989	0.040659652	-2.291798179	25.0606403	1.21256085815372	1.39083634274487
MMP11	-0.786437464	0.061624678	0.040894191	-2.288625047	17.15123122	1.21024533697538	1.38833837893201
TLL2	-0.356865786	0.062033464	0.041182751	-2.28474477	23.7944965	1.20737396679439	1.3852846459595
TBC1D2	-0.510178	0.062429919	0.041463349	-2.280996345	18.17880199	1.20460722854582	1.38233562280462
PTPN23	-1.551995004	0.062492276	0.041522181	-2.304759141	17.78655938	1.20417365782194	1.38171984274659
DOCK1	-0.46041686	0.062737763	0.041702777	-2.27781696	18.36319875	1.20247097072078	1.37983502426796
STAMBP	-0.565866651	0.062755342	0.041731953	-2.277430729	20.97410579	1.20234929929114	1.37953129040748
VBP1	0.345420384	0.062939589	0.041872017	2.275580088	23.73056151	1.20107609738745	1.378076118381
SLC12A4	-0.785177638	0.063508308	0.042268071	-2.270378862	19.32894518	1.19716945766011	1.37398757173975
SETD3	-0.538235931	0.064883574	0.043201466	-2.258302159	19.73859238	1.18786523577396	1.36450151557148
RAB3GAP1	-1.640897455	0.065056167	0.043334515	-2.282047108	18.02103429	1.18671152820122	1.36316605969785
BLVRA	-0.453847341	0.065149404	0.043437912	-2.255282326	22.79576337	1.18608955294749	1.36213105884905
NDFIP1	-0.892798406	0.065149404	0.043449701	-2.255132169	18.67866381	1.18608955294749	1.36201320781133
DDX1	-0.280518441	0.065149404	0.043469197	-2.254883935	25.47870202	1.18608955294749	1.36181838239232
ADD2	0.491366052	0.065149404	0.043469251	2.254883241	18.02644099	1.18608955294749	1.36181784288644
BRCC3	-0.522332533	0.06547685	0.04370598	-2.251877478	16.66607578	1.1839122220598	1.35945913732425
NUP210	-0.881761282	0.065867	0.043984764	-2.248357512	20.54232712	1.18133211662705	1.35669773389151
AURKA	-0.796725099	0.066271717	0.044282286	-2.244624263	16.4446521	1.17867177734967	1.35376996747806
AIDA	-0.513096449	0.066271717	0.044291967	-2.244503189	18.30476406	1.17867177734967	1.35367503233035
CPA4	0.374955508	0.066662722	0.04457187	2.241013443	23.23581818	1.17611695702046	1.35093914483138
CDK5	-0.510696786	0.066731235	0.044636278	-2.240213372	20.92252626	1.17567083755411	1.35031202624461
PFDN6	0.409587352	0.066859033	0.044740395	2.23892234	22.04834355	1.17483990901478	1.34930018596216
SYNE2	-0.661813739	0.067218673	0.04501641	-2.23551359	18.14649438	1.17251006542301	1.3466291423732
HSP90AB4P	-0.71016104	0.067218673	0.045030599	-2.235338888	18.65335381	1.17251006542301	1.34649227598478
UBE4A	-0.394322099	0.067218673	0.04503726	-2.2352569	22.45650938	1.17251006542301	1.34642803918419
ATP6V1B2	-0.406397509	0.067483944	0.045233803	-2.232842742	23.57741031	1.170799543638	1.34453689771764
SERPINE1	-1.103570266	0.067725085	0.045421639	-2.235340057	20.59500221	1.1692504412227	1.34273719869812
RTCA	-0.433289633	0.067725085	0.045433188	-2.23040383	17.3977572	1.1692504412227	1.34262678811974
RIC8A	-2.025223024	0.067790098	0.045514589	-2.260367505	17.69325249	1.16883373825712	1.34184937462537
NEU1	-0.243941486	0.067790098	0.045502262	-2.229561277	25.42261126	1.16883373825712	1.34196701323959
UTP15	-0.35648948	0.068374537	0.04592604	-2.224418468	20.83442674	1.16510560148522	1.33794100026664
KLHL18	-0.561546968	0.06837524	0.04594557	-2.224182556	18.46078066	1.16510113626374	1.33775635625399
TOMM70	-0.572448471	0.068814358	0.046259819	-2.220399445	16.9778106	1.16232093749702	1.33479607081864
SORT1	0.242681577	0.068946008	0.046367535	2.219108302	25.46572458	1.16149087457532	1.33378599153903
LHFPL2	-0.470324532	0.06939609	0.046689566	-2.215265152	19.40282366	1.15866499841058	1.33078016300818
IRF2BPL	-0.430982734	0.069511729	0.046786741	-2.214110391	17.0196911	1.15794190893216	1.32987720518205
MSLN	0.513675331	0.070522451	0.04748669	2.20585913	24.21902257	1.15167260225364	1.32342810131362
RWDD1	-0.605145382	0.071130309	0.047915819	-2.200857139	20.67047346	1.14794530466215	1.31952108428416
DHX57	-0.629512258	0.071590903	0.048246044	-2.197036765	16.47282946	1.14514215964609	1.31653829142705
GOLGB1	-0.472455963	0.071980885	0.048528919	-2.193783789	24.12139109	1.14278281802968	1.31399938265059
PBDC1	-0.61856744	0.072832768	0.04912355	-2.187054576	23.05387098	1.13767318442604	1.30871025567591
CTSF	0.25179678	0.073294626	0.049455488	2.183252644	24.94871114	1.13492786688827	1.30578550839703
EEF2	-0.244365995	0.073719777	0.049762904	-2.179799774	28.1228861	1.13241598717809	1.30309428357497
EIF3L	-0.498366806	0.073769587	0.049817088	-2.183224285	26.59354787	1.13212264793817	1.30262166223694
LSM2	-0.526660045	0.074368848	0.050242499	-2.174453018	18.51764905	1.12860894583695	1.29892876746117
BMP1	-0.334098108	0.074468777	0.050330765	-2.173474237	26.67974641	1.12802577851211	1.29816646851497
RER1	-0.458976076	0.074888841	0.050635543	-2.17010696	20.28358364	1.12558289062059	1.29554452841907
HMGB1	-0.303467479	0.075150897	0.050833675	-2.167928176	29.02023199	1.1240658313136	1.29384849201818
UBE3A	-0.908412336	0.075176048	0.050889505	-2.167315684	19.87231159	1.12392050885505	1.29337177346968
IL1R2	0.409870203	0.075176048	0.050892592	2.167281839	22.09581262	1.12392050885505	1.29334542960164
RPLP2	-0.441037468	0.075432875	0.051087482	-2.16514883	23.98152188	1.12243933954853	1.29168550229825
KCTD21	0.809340726	0.07545255	0.051121836	2.164773633	16.52382657	1.12232607819171	1.29139355722935
NMI	-0.387355213	0.075575253	0.051226035	-2.163637073	22.9461785	1.12162039027889	1.29050925810495
WDSUB1	-0.387758799	0.075692286	0.051326458	-2.162543762	17.52218728	1.12094837833796	1.2896587050385
CLMN	-0.684623372	0.07616117	0.051665632	-2.158866003	21.05746746	1.11826639287147	1.28679825373369
ACTC1	-0.374929456	0.076408187	0.051854497	-2.156827926	26.93923152	1.11686010505742	1.28521357413326
ISM2	-0.811988437	0.076771663	0.052122567	-2.153947112	19.87598101	1.11479905176125	1.28297420373301
ADAMTS7	0.65485693	0.076802545	0.052164939	2.153493041	21.12912379	1.11462438854735	1.2826212961316
PITPNB	-0.532246797	0.076815728	0.05220305	-2.153084934	23.25193212	1.11454984918355	1.28230412229518
PAK1	-0.307706185	0.076815728	0.052216712	-2.152938703	24.64044927	1.11454984918355	1.28219047845742
PAIP1	-0.406862497	0.07713137	0.052452771	-2.150417697	21.92164709	1.11276895467201	1.28023156374838
NUP153	-0.450456996	0.07724685	0.052552832	-2.149352316	17.56360365	1.11211922135958	1.27940387547146
TNC	-0.55965318	0.0772854	0.052600598	-2.166801851	31.41287353	1.11190254098865	1.27900931845797
PSMC6	-0.519626927	0.077291827	0.052626515	-2.148569011	21.05070853	1.11186642686381	1.27879538860674
EIF4E	-0.429665476	0.077368604	0.052700354	-2.14778508	21.41440638	1.11143523926191	1.27818646752502
INTS2	-1.408792658	0.077728844	0.052967398	-2.162836195	18.16648824	1.10941779116695	1.27599136106474
S100A9	0.350528893	0.077895174	0.053102451	2.143534155	22.90160887	1.10848944823365	1.27488543313305
THOC3	-0.539171414	0.077975848	0.053179181	-2.142726421	20.6371238	1.10803989352217	1.27425835541964
PSMB1	-0.256676463	0.078301099	0.053422823	-2.140168841	26.40703771	1.10623214233176	1.27227316646573
MGAM2	-0.459675737	0.078463498	0.053555492	-2.138780787	19.1643137	1.10533233438856	1.27119598658759
CLN5	-0.275748794	0.078466522	0.053579426	-2.138530724	25.09967322	1.10531559690884	1.27100194332893
PACSIN3	-0.542979404	0.078480245	0.053610669	-2.138204448	20.43160427	1.10523964984342	1.27074877324111
GUSB	-0.347018682	0.078749286	0.053816401	-2.136060418	21.81362595	1.10375337515951	1.26908534927207
BAIAP2L1	-1.005004554	0.078852034	0.053908595	-2.135150029	19.633715	1.10318709949953	1.26834198688215
B3GLCT	-0.687084385	0.079240092	0.054195983	-2.132124771	19.35669937	1.10105502890496	1.26603290212555
SOD2	-0.365081858	0.079339253	0.054285916	-2.131196103	22.41111567	1.10051189283975	1.26531282965358
ADAMTS9	-0.739404305	0.079822918	0.054639099	-2.131818332	22.40140955	1.09787240022858	1.26249647079348
OR1L8	-0.393638743	0.079906498	0.05471858	-2.126748432	18.50257373	1.09741790240321	1.26186518150297
GPN1	-0.640182046	0.080002795	0.05480682	-2.125845408	17.19854369	1.09689484010964	1.26116539582084
CMAS	-0.474660246	0.08013315	0.054918455	-2.124704919	21.70869022	1.09618778499228	1.26028168910485
IRAK4	-0.445855237	0.080474475	0.055174807	-2.122094173	16.30679576	1.09434184788679	1.25825917731414
SEC23A	-0.34520531	0.080617103	0.055295064	-2.120873374	23.27813403	1.09357281240624	1.25731363493832
BPNT2	-0.429825146	0.081040268	0.055607899	-2.11770923	23.19374653	1.09129913143444	1.25486351330187
CRISPLD2	-1.017618796	0.081345868	0.055840265	-2.115416593	18.78102883	1.08966450235066	1.25305252935759
WDR43	0.347572913	0.081352177	0.055883314	2.114937359	21.01782701	1.08963082076724	1.25271784720287
MINPP1	0.304004714	0.081352177	0.055889943	2.114870797	23.91441017	1.08963082076724	1.25266633330408
GRWD1	-1.192867706	0.081665307	0.056127828	-2.132816641	21.49005855	1.08796240097529	1.25082176351462
LACTB2	0.794831084	0.082317106	0.056598746	2.107796414	17.8619591	1.08450990634965	1.24719319091974
UBQLN1	-0.835016748	0.083346845	0.057329992	-2.100584508	18.88530245	1.07911083524838	1.24161811882808
NUCKS1	-0.238592464	0.08354984	0.057492908	-2.098989492	29.14891721	1.07805437745442	1.24038572411775
MRTO4	-0.392476893	0.083806415	0.057692822	-2.097038025	24.17082505	1.0767227368295	1.23887821734185
SMARCA2	-1.556796426	0.083887597	0.057772088	-2.117863024	17.63459272	1.07630224599666	1.23828193589478
WDR45B	-0.80362497	0.083922349	0.057819411	-2.095805593	20.80724874	1.07612236867221	1.23792633675309
RNF130	-1.365265879	0.084005749	0.057900283	-2.114938511	16.53201778	1.07569099163406	1.23731931356034
RPL36	-0.837291207	0.084096223	0.05798608	-2.094186794	19.51819219	1.07522350916158	1.2366762496224
CST3	0.408740269	0.084137924	0.058038284	2.093680653	20.57190956	1.07500820787009	1.23628543669516
RPN2	0.398931198	0.084921518	0.058602474	2.08823756	18.60813004	1.07098225128028	1.23208404913774
GCN1	-1.691696833	0.085164957	0.058794203	-2.112685374	22.87222873	1.06973906852195	1.23066549244806
PABPN1	-0.440065504	0.085231016	0.058863561	-2.085735257	20.26761919	1.06940233450045	1.23015346843637
DMD	-0.714077279	0.085784211	0.059269526	-2.081864963	19.27671271	1.06659263880135	1.22716854595834
POLR1A	-1.380061929	0.086539606	0.059815559	-2.096192306	17.08776226	1.06278508640117	1.22318583425673
ITM2C	-0.82296436	0.086558342	0.059852633	-2.076348984	18.57914322	1.062691070943	1.22291673962318
HERC2	-0.753825297	0.087099862	0.060251354	-2.072606048	17.33050608	1.05998253308288	1.22003318895025
DCK	-0.773793821	0.087532393	0.060574953	-2.069585269	20.94332021	1.05783119843198	1.21770691415865
ABHD10	-0.340632945	0.087687529	0.060706751	-2.06835926	20.88291813	1.05706216799777	1.21676300976467
NLGN2	0.538031043	0.087939912	0.060905987	2.066510629	21.2293379	1.05581397330732	1.21534001453848
WDR11	-0.912432913	0.08869366	0.061452742	-2.061466336	19.5859232	1.05210742329593	1.21145873427628
SCCPDH	-0.468571357	0.08906462	0.06173459	-2.058882369	16.18805296	1.05029478070192	1.20947143180392
SYNRG	-1.014948127	0.089251214	0.061888802	-2.058002682	18.91937861	1.04938586787778	1.20838792399364
CD276	-1.093044194	0.089302495	0.061953936	-2.060809919	19.96439864	1.04913640729739	1.20793109721721
LBR	-0.496778945	0.089302495	0.06197414	-2.056694824	21.25653165	1.04913640729739	1.20778949111675
SCRN2	-1.21885751	0.089606071	0.062209789	-2.06415448	19.14650889	1.04766256497538	1.20614127167278
VPS26A	-0.304288894	0.089684374	0.062289147	-2.05383016	24.28753177	1.04728321890394	1.20558761640037
LFNG	2.084792556	0.089741736	0.062353999	2.078514386	18.48243775	1.04700553355569	1.20513568832914
PSMB10	-1.478087789	0.090449271	0.062870815	-2.067429139	18.8926227	1.04359492910216	1.2015509098151
PI16	0.441595393	0.09096685	0.063267717	2.04501637	18.27421117	1.04111684377778	1.19881783666762
VTA1	0.409091113	0.09096685	0.063281287	2.044895046	19.39991213	1.04111684377778	1.19872469684106
RAD1	-0.621561789	0.091145577	0.063431021	-2.04355789	17.63916899	1.04026440140396	1.19769829804448
RARRES1	0.298092144	0.091332846	0.063586803	2.042169847	28.11817774	1.03937300919937	1.19663300980742
SEC24C	-0.838741091	0.09181116	0.063945398	-2.038986679	20.23487527	1.03710452542363	1.19419070521382
HSP90AA2P	-0.747871276	0.092078612	0.064157338	-2.037113131	17.3938294	1.03584123591697	1.19275366398659
NEGR1	0.412150391	0.092236546	0.064293089	2.035916123	20.69537711	1.03509696851937	1.19183570779852
GSR	0.274269005	0.092272115	0.064354442	2.035375895	26.51919789	1.03492952466568	1.19142147098945
PPM1B	-0.36986083	0.092272115	0.064369315	-2.035245006	21.02210556	1.03492952466568	1.19132111248518
C7orf50	-0.451085957	0.092395953	0.064481457	-2.034259027	19.12365606	1.03434705073075	1.19056515792891
EPPK1	-0.39600942	0.092658577	0.064690562	-2.032424772	18.45137264	1.03311437373996	1.18915907590483
B4GALT4	-0.3766899	0.092812313	0.064823761	-2.031259225	22.64026241	1.03239440402653	1.18826577530686
CHID1	0.319267	0.09290265	0.064912749	2.030481785	22.85195768	1.03197189780439	1.18766999847555
CNTN6	-0.37447332	0.092939935	0.064964704	-2.030028341	16.72988557	1.03179763559237	1.18732253599474
H2AC20	-0.232140739	0.093994465	0.065728014	-2.023404974	26.19385984	1.02689771970596	1.18224948991454
CLNS1A	-0.433762786	0.094104713	0.065831335	-2.022513934	21.04447989	1.02638862547139	1.18156733771888
DPP7	-0.256536849	0.094161127	0.065897043	-2.02194794	24.34159484	1.02612835212987	1.18113407307816
ADAM15	-0.694224817	0.094325484	0.066038355	-2.020732495	17.76114145	1.02537095768286	1.18020375344862
NCDN	-0.42794868	0.094804418	0.066400084	-2.017632155	20.91292195	1.02317142354471	1.17783137122365
SBDS	-0.55296472	0.094892669	0.066488341	-2.016878089	19.65010032	1.02276733800292	1.17725450331774
SRSF7	-0.983644479	0.095042294	0.066619668	-2.039914292	27.07593343	1.02208308983428	1.17639753595177
STAT6	-0.602347036	0.095244336	0.066787834	-2.014326142	15.87286568	1.0211608415535	1.17530264093564
B4GALT3	-0.422500781	0.095340747	0.066882012	-2.013525857	22.33300514	1.02072144967448	1.17469067056673
TMED4	-0.693938587	0.095389214	0.066942598	-2.013011576	16.18258928	1.02050072975195	1.17429743695629
PLBD1	-0.87357792	0.097337645	0.068337104	-2.001922008	16.40712719	1.01171916534418	1.16534342974371
ADGRA3	0.354040583	0.097374088	0.068389828	2.000853248	18.46159808	1.01155659687699	1.16500848851357
TPM4	-0.360098566	0.09741275	0.068444131	-2.000401695	27.8016512	1.01138419617834	1.16466378615077
DCTN4	-1.176129238	0.097636101	0.068628274	-2.007450414	19.1958219	1.01038957202415	1.1634969234713
PKP2	-0.47341169	0.097873847	0.068822663	-1.997263231	19.07442541	1.00933334109734	1.1622685269515
ABR	-0.97644556	0.098292549	0.06914448	-1.99464811	19.51529696	1.00747940231873	1.16024248513138
TTC5	-2.071003872	0.098514143	0.069327818	-2.016597463	17.55578298	1.00650141634566	1.15909246842191
SAE1	0.236293613	0.099990797	0.070394859	1.984396511	26.16915349	1.00003996996042	1.15245905661723
PRDX4	-0.257831008	0.100226724	0.070588888	-1.982827044	23.77992954	0.999016464713286	1.15126365957291
USP8	-2.174269748	0.100606088	0.070898831	-2.003459824	20.81266745	0.997375737920189	1.14936092552828
RHBDF2	1.142049383	0.100606088	0.070912151	1.988222233	19.6159252	0.997375737920189	1.1492793408381
AP1S1	0.713999741	0.100666747	0.070982963	1.979651681	21.12895016	0.997113965189901	1.14884587611139
GLOD4	0.549409373	0.101776872	0.071794109	1.973166553	22.63126612	0.992350900819914	1.14391118993256
RAMAC	-0.378404505	0.103060662	0.072733064	-1.965743482	16.24511782	0.986907072218204	1.13826811667353
ERBB4	0.617640828	0.103060662	0.072757151	1.965554223	19.41857702	0.986907072218204	1.13812431523257
HSPE1	-0.230050746	0.104209501	0.073597234	-1.958989285	25.65470986	0.982092683687471	1.13313850741671
NAALAD2	-0.922060606	0.104427113	0.073780025	-1.957608752	18.51373091	0.981186728368744	1.13206120195063
RAB7A	-0.335791733	0.10456644	0.073907607	-1.956581289	23.95163501	0.980607677432717	1.13131085919515
GALNT16	-1.276265641	0.104725521	0.074078421	-1.969512795	19.61497992	0.97994747038558	1.13030828332255
SYCP2	-0.388914104	0.104725521	0.074075274	-1.955284332	19.20265572	0.97994747038558	1.13032673341567
PHF23	-0.44279271	0.105019964	0.074340604	-1.953237429	22.71988343	0.978728134921596	1.12877391468499
DNAJC5	0.37256637	0.105019964	0.074345237	1.953201749	21.73152037	0.978728134921596	1.12874684974966
NIT2	0.413195098	0.105112139	0.074439784	1.952474025	19.98985837	0.97834712606226	1.12819489572053
MATR3	-0.425421796	0.105250394	0.07456703	-1.951495967	22.66468396	0.97777626972787	1.1274531544861
CIAPIN1	-0.452037384	0.105322415	0.074647408	-1.950878939	16.67403437	0.977479191256539	1.12698526778947
FCGRT	-0.522963704	0.106048456	0.075191548	-1.946717836	18.05738499	0.974495650160728	1.12383097407931
LSM1	-0.562708114	0.106783322	0.075758418	-1.942412254	17.87066165	0.97149657248516	1.12056910292036
LAMB1	0.333171691	0.106783322	0.075772112	1.94230861	29.24407482	0.97149657248516	1.12049060746929
OR1M1	0.782247646	0.107739664	0.076480748	1.937006381	20.80225896	0.967624383191154	1.11644787320732
RANBP1	-0.284901561	0.10788187	0.076611763	-1.9359863	23.32889522	0.967051534191315	1.1157045435034
PLPP2	-0.359613566	0.108201137	0.076868645	-1.93406477	18.18707757	0.965768175548937	1.11425077437772
ALDOA	-0.216092901	0.109060455	0.077509521	-1.929296463	28.98011844	0.962332694769709	1.11064494699314
RAB2A	-0.270743548	0.10962385	0.07794048	-1.926110302	23.17486915	0.96009494953262	1.10823692391272
CLSTN2	-0.231941932	0.109796332	0.078093712	-1.924981319	27.75714746	0.959412168253578	1.10738393351887
LSM4	0.408277665	0.109809438	0.078133639	1.924687483	19.31630812	0.959360331150331	1.10716194836652
MIA3	-0.218871299	0.110265392	0.078488799	-1.922079748	23.94013432	0.957560774249364	1.10519231624302
CLTC	-0.194486318	0.110464113	0.078661039	-1.920818981	29.08147609	0.956778790372262	1.10424032147844
HAGH	-0.484328378	0.110488427	0.078709147	-1.920467291	20.06970515	0.956683209338656	1.10397479418744
UBLCP1	-0.679833616	0.110883005	0.079021138	-1.918228178	21.71673918	0.955135012915944	1.10225672024352
GNAS	-0.39589739	0.111074786	0.079200498	-1.916886542	21.94150709	0.954384514811005	1.10127208762803
LRP2	0.425840974	0.111074786	0.079219726	1.916746834	24.59150979	0.954384514811005	1.10116666403844
VMP1	0.755206011	0.111129539	0.079289749	1.916275121	15.94938419	0.954170487237519	1.10078295695109
RBP1	-0.401143484	0.111309547	0.079449206	-1.915081826	19.49591659	0.953467584707486	1.09991043868998
PRKACA	-0.516828573	0.111993679	0.079968731	-1.911328576	22.10965039	0.950806488516322	1.09707979561798
ATP2A2	0.332873954	0.112123302	0.080092537	1.910437446	17.07445655	0.950304120871946	1.0964079494678
PROCR	0.312760984	0.112387187	0.08031236	1.908858315	24.28982149	0.949283198841593	1.09521761204736
KTN1	-0.338894712	0.112390391	0.080345974	-1.908617193	26.72129223	0.949270817895659	1.09503588011271
SLC2A12	-0.619485497	0.112868841	0.080719466	-1.905944213	18.68111609	0.947425934509598	1.09302171983879
AQR	-1.114552507	0.113344993	0.081091582	-1.91410207	17.82069075	0.945597660014743	1.09102422693186
SUCO	0.551179808	0.113599579	0.081305384	1.901773673	19.79192314	0.944623278117215	1.08988069470027
CKMT1A	0.593670085	0.114707423	0.082130259	1.895948572	21.81805266	0.940408476923249	1.0854968076111
REXO2	-0.457121941	0.114860393	0.082271797	-1.894954431	21.29173036	0.93982970209421	1.08474901662767
SNX6	-1.06227982	0.115182421	0.082534561	-1.89995175	19.92672737	0.938613797347259	1.08336415437691
USP14	-0.265042139	0.115346905	0.082684571	-1.892064079	25.91307155	0.937994054020689	1.08257552254785
PLRG1	0.183977442	0.115734617	0.082994752	1.889900767	24.9203246	0.93653672122565	1.08094936846126
ENOPH1	-0.468545931	0.115975869	0.08320008	-1.888472787	20.13825235	0.935632364655369	1.07987625611863
CDK4	-0.371042697	0.116427909	0.083556819	-1.885999435	18.18553666	0.933942902230405	1.07801810192585
GLRX3	-0.354984655	0.116763576	0.08383026	-1.884110123	20.25941811	0.932692612782298	1.07659918687254
TRNT1	-0.317069305	0.116894074	0.08395653	-1.883239568	20.31630514	0.932207505042902	1.07594551950596
DPCD	-0.429220614	0.11727587	0.084263432	-1.881128633	22.18242565	0.930791336596129	1.07436085629025
NECTIN4	0.5048772	0.117560257	0.08450053	1.879502615	21.45713818	0.929739473181597	1.07314056708163
KRT18	-0.281236579	0.117841932	0.084735838	-1.877892984	29.41427467	0.928700145917115	1.07193287120621
GALNT10	0.345693547	0.117926009	0.084829161	1.87725573	22.65102619	0.92839039915046	1.07145482835225
GALNT3	0.230069876	0.118482869	0.085262756	1.874303298	23.84906725	0.926344438148369	1.06924063349691
UXS1	-0.389081383	0.118793905	0.085519693	-1.872560213	21.86737804	0.925205841280515	1.06793386683395
SERINC3	-0.891383545	0.119606359	0.086137913	-1.868420232	18.82392655	0.922245730003165	1.064805654788
MAFF	-0.831540776	0.119631006	0.086189005	-1.868076432	20.09008683	0.922156245184326	1.06454813292691
SNX18	-0.730735316	0.11966456	0.08624653	-1.867654963	19.84856928	0.922034451727097	1.06425836909142
SCARB1	0.36351274	0.120036586	0.086548118	1.865630653	20.68657991	0.920686364983654	1.06274237147549
TTYH2	-0.310378482	0.120427328	0.086863413	-1.863521196	21.73717411	0.919274949516069	1.06116311052587
UHRF1BP1L	-0.58944896	0.120643452	0.087052926	-1.862256616	16.21481814	0.918496244724442	1.06021662690968
RBM3	-0.644858807	0.120817254	0.087212009	-1.861197021	19.64677323	0.917871039374637	1.05942370906587
MUC1	0.282285007	0.121267997	0.087571176	1.858811185	21.42424507	0.916253795671774	1.05763881807945
CGN	-0.93438157	0.121359972	0.087686541	-1.877858877	24.48275265	0.915924532421119	1.05706706134315
RETREG2	0.369583656	0.121359972	0.08772844	1.85776933	19.60364922	0.915924532421119	1.05685959326101
PRG4	0.614004685	0.121359972	0.087739066	1.857698995	16.37713711	0.915924532421119	1.05680699305855
MBTPS1	-0.205999151	0.121479315	0.087859204	-1.856904322	25.15091786	0.91549766565531	1.05621273573919
OAT	-0.611959676	0.12189761	0.088215547	-1.854553024	19.50626325	0.914004809344597	1.05445486859499
PLXNA2	0.494152245	0.12189761	0.088229681	1.854459944	17.10871177	0.914004809344597	1.05438529098964
MYH11	-0.625112535	0.122153986	0.088449291	-1.861268462	23.60222687	0.913092357019968	1.05330564399814
CILP2	0.844824692	0.124036536	0.089846978	1.856262857	22.36326209	0.9064503709182	1.04649652578924
PRPF4	-1.009834528	0.124395397	0.090141592	-1.846033053	18.6865019	0.905195689536561	1.04507477607745
CHMP4A	-0.468421222	0.124630511	0.0903467	-1.840668192	19.28632298	0.904375624315413	1.04408770583646
ARRB1	-0.674121774	0.125396835	0.09093717	-1.836873735	18.23006895	0.90171342490388	1.04125856533333
TRIM26	0.267851426	0.125492778	0.091041723	1.836204185	23.38382035	0.901381266732722	1.04075953167933
MATN2	0.302919694	0.126111766	0.09152593	1.833112417	21.97283798	0.89924439264584	1.03845584953394
TXLNA	-1.198698241	0.126156742	0.091628893	-1.847749502	20.89372672	0.899089535196688	1.03796756026349
CDKN2A	-0.559439387	0.126156742	0.091606143	-1.832601671	18.69970398	0.899089535196688	1.03807540207944
PLXND1	-0.581774143	0.126289136	0.09176025	-1.831621547	19.2024747	0.898634007941785	1.03734541187365
TRIM44	-0.679069868	0.126412165	0.091884874	-1.83083003	19.84583922	0.89821113065683	1.03675597587185
GFUS	-0.273298143	0.127518621	0.09272466	-1.825521503	23.98257913	0.894426392429525	1.0328047504544
SFN	1.208040183	0.128158667	0.093225787	1.834395499	19.35496588	0.892252018406803	1.0304639416935
PPP3R1	0.485262344	0.128640652	0.093612247	1.819957876	17.1576376	0.890621767419593	1.02866733014455
SLC39A14	0.317263874	0.128786531	0.093754297	1.819071893	19.44307954	0.890129554819751	1.0280088183136
IL1RAP	-0.175353984	0.129029096	0.093966841	-1.817748502	24.65697776	0.889312345457292	1.02702537311623
SMS	0.20272075	0.129591498	0.094412535	1.814982174	23.9427564	0.887423489922244	1.02497034129592
AAR2	0.324559581	0.129637068	0.094481865	1.814552915	17.96080725	0.8872707999618	1.02465154266788
LRP5	0.618645191	0.130258526	0.094973934	1.811514419	19.57562504	0.885193840592216	1.02239557232461
GXYLT1	-0.282592478	0.130258526	0.095007403	-1.811308266	22.42890043	0.885193840592216	1.02224255306077
MAP4K4	0.512637961	0.130905911	0.095516074	1.808183139	21.99245736	0.883040742626302	1.01992353666672
ACADVL	-0.441955141	0.131145541	0.095727473	-1.806888785	16.4431066	0.882246471005886	1.01896340537849
SUSD2	0.243965845	0.131399789	0.095949679	1.805531033	24.51468829	0.88140533215987	1.01795647385985
HYDIN	-0.314481096	0.132282715	0.09663127	-1.801383897	27.40710708	0.878496900109876	1.01488231260214
ST8SIA4	-0.715266323	0.132660286	0.09697398	-1.79930863	18.11490762	0.877259070748724	1.0133447797372
RALGAPA1	-0.804101806	0.132660286	0.096981029	-1.799297658	18.42630549	0.877259070748724	1.01331321219151
FKBP3	-0.2901396	0.132910025	0.097200642	-1.797939715	24.28930633	0.876442260306479	1.01233086659495
BCAP31	0.384642529	0.133899391	0.097961511	1.793365411	22.44587136	0.873221398237737	1.0089445247529
RAP2B	0.509305558	0.134158326	0.09818834	1.792007913	21.0040544	0.872382369405388	1.00794008221629
SLC7A1	-1.042866053	0.134753863	0.098661761	-1.795746077	19.68752316	0.870458776007374	1.00585113714311
VARS1	-0.47198864	0.135272774	0.09907939	-1.786702441	22.54494509	0.868789603930001	1.00401667588969
HRG	0.451933232	0.135558178	0.099326212	1.785240407	20.81523267	0.867874277027517	1.00293612688472
RFX1	-0.910572508	0.136452904	0.100048527	-1.783746224	20.09624122	0.865017217210977	0.999789301035576
HEBP2	0.656822193	0.136452904	0.100057857	1.780925663	21.21078434	0.865017217210977	0.999748802902153
APEX1	0.17183654	0.136490681	0.100123599	1.78053935	26.06691259	0.864896999380999	0.999463547819826
SIAE	-0.320165327	0.137112665	0.100618073	-1.777641007	24.0856248	0.862922427883177	0.997324004377399
GDPD5	0.496391417	0.137126854	0.100666704	1.777356652	18.07442471	0.862877487573832	0.997114150699687
CYFIP2	-0.43228001	0.137308942	0.100838646	-1.77635225	17.49809245	0.862301179188571	0.99637299439857
ADPRS	-0.323781425	0.138220908	0.10154691	-1.772231059	22.75844326	0.859426258392847	0.993333287329253
SEC62	-0.368500354	0.138311131	0.101651743	-1.77162326	18.1091847	0.859142867342951	0.992885170210477
E2F2	0.440969881	0.138768556	0.102026603	1.769484887	24.13543415	0.857708930875003	0.99128657304491
WDFY1	-0.481073842	0.138806931	0.102093503	-1.769068181	19.37757905	0.857588847858817	0.991001894553908
NMU	-0.298890224	0.139146694	0.102382183	-1.767403848	17.73757199	0.856527107652708	0.989775614630015
VPS25	-0.411585257	0.13977373	0.102882503	-1.76452928	21.00119975	0.854574445100395	0.987658478460824
MAL2	-0.407685101	0.140526098	0.10347546	-1.761138639	20.83152925	0.852243012663894	0.985162634267452
RNPEP	-0.183131523	0.142002649	0.104602286	-1.754742909	25.29530715	0.847703553959535	0.980458824203571
STRBP	-0.361670249	0.142247274	0.104822127	-1.753502306	24.1583256	0.846956047590898	0.979547032050036
SLC4A1AP	-0.911804218	0.142277593	0.104884123	-1.756743366	20.3804776	0.846863490658455	0.979290248845106
SPON1	-0.209286195	0.143055198	0.105497228	-1.749707092	33.35014074	0.84449635721067	0.976758951552258
RNH1	-0.765348613	0.144147445	0.10634289	-1.745012954	20.41402355	0.841193051036683	0.973291541369988
CTNNA1	-1.393170513	0.144483485	0.106631067	-1.760380598	24.84829798	0.840181791545963	0.972116245018679
GPS2	-0.346321042	0.14516217	0.107172405	-1.740382666	19.21858068	0.838146548242343	0.96991702340235
CEACAM20	0.399122211	0.145229002	0.107262223	1.739886403	20.92464282	0.837946647059899	0.969553206565297
SREK1	-0.432123122	0.14577396	0.107705342	-1.737443492	18.61866457	0.836320048297399	0.967762755907336
CD200	0.250702228	0.146032618	0.107937153	1.736169094	23.32714251	0.835550128905652	0.96682904127077
FUT6	-0.432100116	0.146154655	0.108068088	-1.735450345	16.26786246	0.835187347883565	0.966302532240809
VPS29	0.588659689	0.146297798	0.108214703	1.734646443	19.67384898	0.834762210605011	0.965713728157755
CNP	-0.542189901	0.146355923	0.108298488	-1.734187479	16.88652966	0.834589697048674	0.965377606697307
GRHPR	-0.28967095	0.146479269	0.108430585	-1.733464515	21.21692978	0.834223836033356	0.964848199133421
FGD4	-0.70117603	0.146686684	0.108625005	-1.73240188	17.70502638	0.833609308977454	0.964070190552738
WDR59	0.47790718	0.147017351	0.10892447	1.730768417	18.30593255	0.832631406756102	0.962874544558473
PI4KB	-0.415038692	0.147017351	0.108951821	-1.730619428	16.20415169	0.832631406756102	0.962765506641751
NUDT14	-0.539400038	0.147165473	0.109102608	-1.729798645	20.03481	0.83219406937651	0.962164867867466
PSME1	-0.226126846	0.148603314	0.110209983	-1.7238016	26.9079653	0.827971505273529	0.957779064599971
BMP3	0.742253325	0.149115028	0.110631049	1.721563842	17.24581339	0.82647858559741	0.956122969622933
DNAAF10	-0.351773451	0.149742437	0.111138269	-1.718815603	21.24476289	0.824655103176458	0.954136371718379
FARSA	-0.589349892	0.150215025	0.111530888	-1.716717912	19.98262761	0.823286625599227	0.9526048399679
PAPSS1	-1.030490114	0.150832596	0.112031457	-1.72255009	18.21055774	0.821504794187815	0.950660015871459
NUMA1	-0.342393775	0.151073108	0.112252204	-1.712881111	25.75506336	0.820812836035687	0.949805123147435
RNF113A	0.349593579	0.151644687	0.11271917	1.710408903	17.15986851	0.819172800961645	0.94800221778503
S100A7	-0.846174987	0.15269955	0.113545819	-1.708551524	17.4185047	0.816162242791678	0.944828852801877
FLII	-0.607272659	0.152711633	0.113597366	-1.705784097	19.7221217	0.816127878757094	0.944631738562742
TMEM167A	-0.463496704	0.152872444	0.113759595	-1.704933234	17.67765266	0.815670791221239	0.944011962760391
HPRT1	-0.256084752	0.153022143	0.113913641	-1.704126282	24.27034783	0.81524572024843	0.943424266646927
RRAGC	-0.691139996	0.153110934	0.114059822	-1.703361424	19.90367046	0.814993794237678	0.942867310503658
ITGB5	0.339287065	0.153110934	0.114065085	1.703333902	20.79701307	0.814993794237678	0.942847271553166
ARF4	0.458229457	0.153416774	0.114335689	1.701948102	23.82062639	0.81412715370271	0.941818186783346
TCEAL4	-0.549287659	0.154610539	0.115268448	-1.69707068	19.96673826	0.810760905802267	0.938289554238155
PDS5A	-0.410256855	0.155058384	0.11564555	-1.695119877	18.3005306	0.809504746508262	0.936871074070423
ERVMER34-1	-0.301896998	0.155328398	0.115890224	-1.693857159	23.02598187	0.808749136884281	0.935953197702694
S100A4	0.455356715	0.155437125	0.116014666	1.693215839	20.01482593	0.808445245142336	0.935487105943228
JMJD8	1.100750844	0.157206527	0.117379121	1.698010196	20.42729944	0.80352942660935	0.930409147048369
ETV2	-0.6993857	0.157299259	0.1174922	-1.685647455	19.64339491	0.803273323231571	0.929990964110542
PURA	-0.566847604	0.15740469	0.11761482	-1.685050222	22.27467212	0.802982331628954	0.929537951740265
CTR9	-0.655770864	0.158017016	0.118116398	-1.682475394	20.73260395	0.801296143697491	0.927689805463952
ITGA2	-0.534622426	0.158151169	0.118260754	-1.684157413	23.18417284	0.800927593578337	0.927159356378724
ERBB3	0.190329027	0.158852977	0.118829819	1.678868011	22.72680427	0.799004641821676	0.92507456438712
OSBPL3	-0.627681697	0.159079314	0.119043466	-1.677791436	16.41906343	0.798386290496322	0.924294436949735
RALA	0.323777475	0.159668844	0.119529129	1.6753505	18.85826429	0.79677981898315	0.922526245156178
SRFBP1	-1.014537599	0.159935426	0.119779977	-1.683285333	20.07785929	0.796055328547376	0.92161577464448
CDC42BPA	-0.954014606	0.159935426	0.119817845	-1.683258593	16.68536646	0.796055328547376	0.921478495737349
WNT5A	-0.195794304	0.160427607	0.12023128	-1.671836925	23.75038876	0.79472089455499	0.919982529304134
SERPINB1	-0.306818837	0.160717468	0.120493308	-1.670530373	22.68369534	0.793936918235231	0.919037072420042
HSPA9	-0.265463514	0.161331125	0.120998344	-1.668019159	24.31059749	0.792281837745982	0.917220573456967
C3	-0.150499243	0.161696782	0.121317652	-1.666436211	35.03828925	0.791298623096378	0.916076003680459
RAD23B	-0.240617833	0.161936716	0.121542803	-1.665322249	24.7331655	0.790654672257197	0.915270752245772
RNPS1	-0.469248557	0.162305741	0.121865013	-1.663757502	23.14701284	0.789666118248171	0.914120960845896
TBC1D10B	-0.435305568	0.163138083	0.122561377	-1.660305324	17.06267943	0.787444645298522	0.911646368304306
ALK	-0.30731357	0.163138083	0.122580901	-1.660209521	23.08032846	0.787444645298522	0.91157719080011
VNN1	0.412723273	0.163549743	0.122935802	1.658470344	19.53263307	0.786350133983326	0.910321621208356
ATP6V1G1	0.354416473	0.163870193	0.123222347	1.657069364	19.61548645	0.785500034793509	0.909310523513378
NME7	0.42482094	0.164933919	0.124068185	1.652950534	17.98537765	0.782690021616157	0.90633957104243
GPRIN1	-0.6833866	0.165425777	0.124490111	-1.650905181	18.13688416	0.781396816811192	0.904865145826924
CSGALNACT2	0.281152429	0.165425777	0.124530386	1.65071026	16.34206943	0.781396816811192	0.904724665740972
GAREM2	-0.462414201	0.165535826	0.124659365	-1.650086403	19.12384088	0.781107999771589	0.904275089682897
VASP	-0.503337955	0.165741259	0.124860263	-1.649115815	17.26809198	0.780569366501876	0.903575754625549
MYO19	-0.795642249	0.166709681	0.125636282	-1.660196345	25.12947313	0.778039179519326	0.900884924317275
TMEM265	-0.332989523	0.167644611	0.12638759	-1.641781448	17.72607028	0.775610402572646	0.898295567344092
RPL12	-0.277341226	0.168037575	0.126730679	-1.640144606	24.44636203	0.774593594521083	0.897118238253298
SEMA4D	0.201173639	0.170288503	0.128475747	1.631878745	24.91515951	0.768814672367453	0.891178848505332
ITGB3	-0.286328857	0.170663714	0.128809846	-1.630307443	22.8971861	0.767858807442658	0.890050938994551
ADGRG6	-0.239912165	0.170663714	0.128853958	-1.630100251	23.15650045	0.767858807442658	0.889902236708274
COPS2	0.658105609	0.170899938	0.129079942	1.629039768	20.26978945	0.767258094834926	0.889141238411343
EZH2	-0.394432123	0.171011928	0.129212189	-1.628419919	17.02560558	0.766973596719452	0.888696516017791
CSTA	-1.608244606	0.171234781	0.129428296	-1.641846504	18.1166932	0.76640801733295	0.887970766532424
XXYLT1	-0.769156569	0.171598255	0.129750854	-1.628130039	17.09317549	0.765487132849343	0.886889775011166
COL6A1	0.149585246	0.172118658	0.130192319	1.623843244	28.5152207	0.764172048747202	0.885414637229545
PPP1R10	-0.362789191	0.172246471	0.130337003	-1.623170199	17.51824236	0.763849667190594	0.884932269496063
B3GALNT1	-0.426054727	0.17311338	0.131041232	-1.619903562	20.35950741	0.761669364039105	0.882592032492337
B4GAT1	-0.320562766	0.173467933	0.131357964	-1.61843937	23.2575745	0.760780796425205	0.881543591576779
GALT	-1.412546519	0.175669397	0.133085336	-1.624596209	18.33801086	0.755303889453119	0.875869794601402
ACOT1	-0.998748686	0.175669397	0.133122935	-1.61766978	18.98131495	0.755303889453119	0.875747115931259
TOR1A	-0.287029513	0.176288876	0.133641511	-1.607973236	19.94770126	0.753775091241442	0.874058622713251
DUT	0.523240136	0.177246951	0.134459695	1.604261208	19.70513899	0.751421226809293	0.871407878206739
ANXA5	-0.173266323	0.177246951	0.134466611	-1.604229915	26.65699117	0.751421226809293	0.871385540632686
C1R	0.186041493	0.177270956	0.134534229	1.603924036	25.66067985	0.751362413198763	0.871167205813391
IPO8	-0.218483464	0.178303122	0.135367254	-1.600166647	23.83300148	0.748841052475222	0.868486380902571
SDF2	0.445211391	0.178871724	0.135894578	1.597798521	22.68034377	0.74745830717627	0.866797870652758
CC2D1A	-0.46721782	0.178871724	0.13589864	-1.597780314	18.84939809	0.74745830717627	0.866784889429763
DNAJB9	-0.405302212	0.179799307	0.136653487	-1.594404389	19.05808574	0.745211986499653	0.864379281896407
RRM2	0.483646495	0.181040464	0.137647265	1.589984526	21.33574313	0.742224345971239	0.861232413454875
PRSS8	0.265617781	0.181330284	0.137918157	1.588784537	21.87374562	0.741529658255537	0.860378554956703
RAP1B	-0.351852996	0.182004575	0.138481742	-1.586294527	22.2221236	0.739917695134252	0.858607481988316
PM20D1	-0.230259513	0.182231551	0.13870523	-1.585309554	16.25206486	0.739376428466574	0.857907163170998
EXT2	0.247830737	0.182362963	0.13885608	1.584645499	24.71658399	0.739063360075604	0.857435099330072
THSD7B	-0.3081006	0.18331038	0.139628559	-1.581254746	18.95853738	0.736812942298629	0.85502574397938
GSTK1	-0.997585748	0.185399752	0.141271718	-1.5841218	16.33345658	0.731890851125198	0.849944773366792
COPS3	0.29425925	0.185792264	0.141622587	1.57257667	22.06751109	0.730972373076804	0.848867476680267
PCNP	-0.478931875	0.186227903	0.142006562	-1.570917766	19.89752956	0.729955247033307	0.84769158678212
PZP	-0.891036259	0.186695932	0.142415486	-1.579739866	21.90704169	0.728865144981827	0.846442783742175
H6PD	-0.282469527	0.187143672	0.14280919	-1.56746263	16.58807571	0.727824853358239	0.845243844115398
SDF4	-0.267308403	0.187560704	0.143179701	-1.565873327	28.95710916	0.726858145826868	0.844118548847824
POLB	-0.290983828	0.187628726	0.143283921	-1.565426918	17.99188404	0.726700670284064	0.843802542420306
LRATD2	-1.067369864	0.189796312	0.14499211	-1.567331263	19.69560584	0.721712230758097	0.838655630018075
EXTL2	-0.323635487	0.190858225	0.145856536	-1.5544955	23.13453491	0.719289119471007	0.836074104868382
GLMN	0.39338472	0.191010121	0.146025854	1.553781898	17.95838351	0.718943620302022	0.835570245205351
LRG1	1.027077137	0.19250127	0.147219478	1.556952674	18.53407698	0.715566400949389	0.83203472649109
ATP5F1B	-0.238934148	0.193156273	0.147774239	-1.54645461	28.10012212	0.714091183014649	0.830401268480186
CHORDC1	-0.236051626	0.19508596	0.149304918	-1.540100754	24.32039683	0.709773984905501	0.825925886681641
IMPA2	0.416436906	0.195323581	0.149541214	1.539124884	20.77837563	0.709245322098936	0.82523909800149
ZFP91	-0.39378735	0.196595679	0.150569935	-1.534891809	20.71675404	0.706426031809473	0.822261737080166
LSM8	-0.279324536	0.197401756	0.151242316	-1.532138444	22.24556714	0.70464898835474	0.820326680831329
M6PR	-0.254449225	0.197608143	0.151455517	-1.531267591	23.03947128	0.704195163052539	0.819714902198956
CARHSP1	-0.817889954	0.19803616	0.151838761	-1.531639063	19.14942213	0.703255503401849	0.818617348733026
ABCC1	-0.665966678	0.199264955	0.152836443	-1.525652325	19.91210806	0.700569074547921	0.815773078307942
CES3	0.400949998	0.199480672	0.153057494	1.524757506	20.76988375	0.700099177422793	0.815145401622542
LAMA5	-0.181908856	0.199781404	0.153343921	-1.523599696	30.96551354	0.699444939113262	0.814333436039402
UBXN1	-0.334076845	0.199848558	0.153451165	-1.523166665	18.43468165	0.699298981028606	0.814029810059459
ACSS1	0.593124975	0.200311821	0.153862703	1.521507352	19.43759839	0.698293420933147	0.812866642315058
MANF	-0.383287393	0.201118483	0.154538366	-1.518791323	20.07415399	0.696548015449753	0.810963684047345
WDR77	-0.257056062	0.202139225	0.155379036	-1.515426156	23.13490548	0.694349403713245	0.808607577322051
POR	0.631618953	0.203085328	0.156162881	1.512302462	20.05750758	0.692321451281584	0.806422187440826
DYNC2H1	-0.34941121	0.203993669	0.156918207	-1.509305079	21.19883565	0.690383310814447	0.804326662908388
FBXO3	0.263435825	0.204042216	0.157012419	1.508932082	18.77232896	0.690279968461053	0.804065995426029
SUCLG2	0.27986958	0.204574731	0.15747921	1.507086801	16.76496741	0.689148011215253	0.802776772529898
UBE2L3	-0.30231497	0.20511206	0.157950006	-1.505230417	18.72758677	0.68800880361276	0.801480353261416
SLC38A1	-0.39727341	0.206359449	0.158968093	-1.501232116	20.54117982	0.68537564040611	0.798690035582606
ADSS1	-0.375806153	0.207598238	0.16000007	-1.497201493	19.18287878	0.682776336903178	0.795879827340281
NUP98	-0.536530523	0.207598238	0.160038107	-1.497053356	17.43246752	0.682776336903178	0.79577659428577
OTUD6B	-0.359362149	0.207933374	0.160354416	-1.495822621	18.63415527	0.682075799361183	0.794919075535827
PLK1	1.159665759	0.207977273	0.160480752	1.504967083	18.60900693	0.681984120565897	0.794577049249597
PDIA3	-0.174286035	0.207977273	0.1605042	-1.495240547	29.29647665	0.681984120565897	0.794513598692389
TNIK	-0.406164807	0.209270378	0.161560465	-1.49114888	19.29385753	0.679292241234129	0.791664905522825
GALNT17	1.450276159	0.209872725	0.16208398	1.500872078	18.38723613	0.678043998538475	0.79025990767718
DPP4	0.369487124	0.210166988	0.162369814	1.488029072	23.59852516	0.677435499798571	0.789494706817457
EIF5A	0.226805903	0.210477714	0.162668534	1.486880933	24.6049537	0.676793881772301	0.788696447258502
EVA1B	-0.350559782	0.21048689	0.16273429	-1.486628438	17.42822282	0.676774948654748	0.788520926542427
CYTH2	1.48889836	0.210496551	0.162837668	1.497921902	17.27293593	0.676755015714011	0.788245125784064
RAB8A	0.275910967	0.210496551	0.162859093	1.486149449	20.17327086	0.676755015714011	0.78818798822298
PRSS2	-0.229551541	0.210808257	0.16315901	-1.484999656	25.25575275	0.676112382551958	0.787388938515776
PICALM	-0.378185101	0.212726241	0.164702758	-1.479109633	18.85527204	0.672178934081427	0.783299128370304
CCDC106	-0.50997271	0.214065931	0.165799672	-1.474952877	19.10290061	0.669452445998628	0.780416332945763
COPG2	-0.259739032	0.215099778	0.166683989	-1.471618701	25.74726685	0.667360037838594	0.778106114766484
ATP2B1	-0.549993757	0.215099778	0.166720313	-1.471482068	19.85256168	0.667360037838594	0.778011483037208
SAAL1	-0.374179336	0.2161798	0.167617671	-1.468114628	21.37421173	0.665184889283669	0.775680198037247
TMEM130	-0.281415229	0.216194869	0.16768961	-1.46784533	18.86256684	0.665154617466101	0.775493845321494
CMPK1	0.337740348	0.21624867	0.16779161	1.467463669	21.13877137	0.665046554907944	0.7752297587743
PTMS	-0.395584854	0.216979305	0.168418998	-1.46687236	24.71431196	0.663581686210935	0.773608920786485
HIBCH	-0.341564002	0.21778104	0.169102	-1.462577863	18.31795554	0.661979932577498	0.771851255892339
PFN1	-0.221569987	0.218300036	0.169565831	-1.460856135	23.3377245	0.660946192671071	0.7706616574047
BAG6	-0.433657419	0.219862363	0.170840654	-1.456144437	17.10490925	0.657849108703721	0.767408774706888
MAN1B1	-0.236541319	0.219863255	0.170902625	-1.455916155	23.48075561	0.65784734673825	0.76725126662824
BZW1	-0.235643187	0.220282637	0.17129001	-1.454490712	22.93734494	0.657019733227191	0.766267965279615
FAM83B	-0.284555969	0.220403519	0.171445435	-1.453919568	19.0619209	0.656781475745473	0.765874074157692
SLC2A1	0.197419988	0.221037906	0.172000511	1.451883372	25.82313075	0.655533242355718	0.764470262835762
ABCE1	-0.455183851	0.222135642	0.172916625	-1.448534865	21.78742686	0.653381752653538	0.762163249648799
YTHDF3	0.271595319	0.222241172	0.173060712	1.448009568	21.9819785	0.653175481326624	0.761801513858967
LRRN4	-0.320882756	0.222502828	0.173326478	-1.447041638	20.47663034	0.652664464786467	0.761135087771294
JUP	-0.64090134	0.222567855	0.1735598	-1.456077143	24.11931143	0.652537559696761	0.760550858997691
NIF3L1	0.386193341	0.222567855	0.173468209	1.446525961	20.61104842	0.652537559696761	0.760780105431892
MELTF	0.55911702	0.222567855	0.173597808	1.446073726	21.12337312	0.652537559696761	0.760455762912491
CES2	0.350188706	0.222567855	0.173625258	1.445954962	17.0030439	0.652537559696761	0.760387095910091
CAPN1	0.165638554	0.222590486	0.17370495	1.445665386	28.09482001	0.652493402292426	0.760187805461625
PAK1IP1	-0.19714815	0.22296585	0.174060019	-1.444376528	23.09804874	0.651761649473307	0.759300973407081
ERAP1	0.170842807	0.2232138	0.174315794	1.443449466	26.20417904	0.651278959023965	0.758663261563016
CD2BP2	-0.412675462	0.223405893	0.17452807	-1.442680933	19.96425236	0.650905375250728	0.758134713886916
CNOT9	-1.466671205	0.224117328	0.175270229	-1.450875041	17.48440583	0.649524563974294	0.756291845908693
GAA	-0.132113681	0.224117328	0.175236693	-1.440121099	26.77869724	0.649524563974294	0.756374951256265
SMYD5	-0.399819196	0.224117328	0.175271244	-1.43999651	20.17161175	0.649524563974294	0.756289330891595
ZZEF1	-0.473182003	0.225717415	0.176585503	-1.435272605	19.01140227	0.646434932075859	0.753044953224671
HSPBP1	-0.352866722	0.226523783	0.177279482	-1.432790106	20.02884948	0.644886194165823	0.751341525932205
CCDC25	-0.229607917	0.227637631	0.178214633	-1.429457762	22.63610821	0.642755942695505	0.749056639411128
H2AZ2	-0.256299014	0.228114964	0.178651909	-1.427904594	20.90407278	0.641846224721303	0.747992338746532
VRK1	-0.284403086	0.228642926	0.179129115	-1.426213229	18.34814411	0.640842230743785	0.746833819755711
FZD1	-0.314168343	0.228644007	0.179193687	-1.425984657	16.91622311	0.640840177449448	0.746677294614512
NUCB1	0.283630622	0.229101967	0.179616453	1.4245082	27.29661277	0.639971182073899	0.745653884150693
ATP6V0C	1.158731514	0.229755388	0.180192771	1.432538102	17.64032598	0.638734295170444	0.744262636097159
HNRNPH1	-0.591972099	0.230929666	0.181242084	-1.418787466	20.7671087	0.636520272572136	0.741740952758043
USO1	-0.159902228	0.230929666	0.181242458	-1.418767968	25.91531928	0.636520272572136	0.741740056575627
EPG5	-0.412595625	0.231027296	0.181383471	-1.418273774	17.49028531	0.636336704948364	0.741402291589916
WDR44	-0.464491001	0.231319163	0.181682195	-1.417227924	20.62210958	0.635788387806879	0.740687631812159
EIF3E	-0.239872867	0.231319163	0.181741561	-1.417020252	23.3945113	0.635788387806879	0.740545746060243
CACNA1A	0.424086377	0.232573347	0.182791761	1.413355823	22.30441048	0.633440057079905	0.738043383180275
ALDH7A1	0.247531822	0.232707673	0.182962192	1.412762803	22.18180464	0.63318929661606	0.737638645254163
RGSL1	-0.824390744	0.232998331	0.183255655	-1.418359371	20.68578518	0.632647189875639	0.736942614791055
GRIA4	-0.27627776	0.233389684	0.183628506	-1.410448767	23.05874162	0.631918344009961	0.736059899183075
CANT1	0.190255701	0.235010007	0.184968857	1.405815024	25.71505018	0.628913644569325	0.73290138711915
CD99L2	0.265700291	0.23504366	0.185076488	1.405444149	17.62593741	0.628851458852032	0.732648750239202
HLA-C	-0.284145217	0.23504366	0.185126361	-1.405272355	21.97568784	0.628851458852032	0.732531735640933
MGAT4A	-0.950303977	0.236098761	0.186023188	-1.408705649	19.29275677	0.626906292007571	0.730432917111247
RPS17	-0.435212467	0.236101227	0.186090934	-1.401957367	21.04740607	0.626901755920237	0.730274784363487
TAGLN2	-0.329805638	0.237825137	0.187515974	-1.397085969	22.80586913	0.623742244404287	0.726961729938635
GOLGA7	-0.33271646	0.2380235	0.187738714	-1.396327335	20.54777527	0.623380163042252	0.726446161353601
URB2	-1.28917767	0.238204867	0.187948154	-1.405744617	16.942815	0.623049369261094	0.725961935507768
CAPG	0.284259796	0.239649382	0.189154696	1.391522047	21.21732282	0.620423686615176	0.723182872338084
CCNK	-0.522435145	0.239986288	0.189487501	-1.390396981	19.12214766	0.619813571688636	0.722419431742108
PDCL2	0.248471471	0.240237324	0.189752669	1.38950174	25.2363061	0.619359518381945	0.721812106743048
H1-0	0.235687492	0.240921568	0.190360269	1.387454313	25.49040724	0.61812431895517	0.720423690166971
AP2B1	-0.266404042	0.242570928	0.19173109	-1.38285491	22.87037291	0.615161250319182	0.717307458740807
ENO2	-0.214789207	0.242991906	0.19213156	-1.381516394	23.15809489	0.61440819240202	0.716401291004682
PTGR2	-0.790024984	0.246976911	0.195351302	-1.378358563	21.52759448	0.607343645501437	0.70918368989335
POLR3A	-0.934505133	0.246983989	0.195425737	-1.37836055	16.43060856	0.607331199429924	0.709018241533159
RAB14	-0.461540592	0.247757414	0.19610676	-1.368353606	21.25160898	0.605973340632346	0.707507435500515
ADAMTS8	1.107717783	0.249508644	0.197688968	1.371668586	19.0581139	0.602914404042703	0.704017565741493
ALDH3A2	-0.624880694	0.249508644	0.197701526	-1.364628586	21.08834302	0.602914404042703	0.703989978481868
GALNT2	-0.199716226	0.249508644	0.197686774	-1.363183017	26.15625148	0.602914404042703	0.704022385673482
SLC44A2	0.154649576	0.24970099	0.197923528	1.362411182	24.24042935	0.60257973577967	0.703502576318045
PARK7	-0.259904238	0.251019256	0.199038401	-1.358786808	24.21009674	0.600292961970054	0.701063125934542
EIF3M	-0.319227131	0.251020744	0.199109543	-1.3585561	20.81283451	0.60029038755292	0.700907924438084
TGFBR2	-0.346532322	0.251236002	0.199350306	-1.357775823	18.81038086	0.59991812628195	0.70038309336497
CCDC9	-0.369030898	0.251564795	0.199681309	-1.356704359	17.32671955	0.599350135909644	0.699662584994398
KRT1	0.463209948	0.25174323	0.199893105	1.364567045	29.2574306	0.599042199873357	0.699202185932392
EFNA1	0.446168902	0.251877046	0.20006956	1.355449444	20.48211035	0.59881140872166	0.698818982976305
TLL1	0.266153233	0.252366417	0.200528611	1.353968271	23.2594238	0.597968438183716	0.697823654400655
NIT1	-1.045467027	0.252568071	0.200759236	-1.360908761	18.35019328	0.597621552691871	0.697324465717693
GTF2F2	-0.777243784	0.254157016	0.202150673	-1.351872222	19.46143401	0.594897897104192	0.694324808474755
SLC5A3	0.559306882	0.254157016	0.202204213	1.348585336	19.69404103	0.594897897104192	0.694209799963657
CASK	-0.571944125	0.254157016	0.20223475	-1.348487576	18.69795846	0.594897897104192	0.694144217505821
MAT2B	0.242508337	0.25525549	0.203213253	1.345361417	22.52341588	0.593024908394568	0.692047971993044
NSMAF	-0.4727533	0.25525549	0.203251097	-1.34524076	20.07559104	0.593024908394568	0.69196710172523
MVD	0.236440452	0.255740694	0.203708724	1.343783176	17.60008306	0.592200160618658	0.690990371569644
EXT1	0.180348528	0.255918692	0.203921834	1.343105319	25.35318859	0.591897992596636	0.69053627163207
TRIM16	-0.772571547	0.256546084	0.204493255	-1.347818061	21.11980734	0.590834610165373	0.689321012177863
RBM25	-0.269762689	0.258202307	0.205892761	-1.336863596	25.08039858	0.588039881694332	0.686358922507862
EMC7	0.389426473	0.258202307	0.205957359	1.336659854	18.37751131	0.588039881694332	0.686222685785765
PKP3	-0.449222845	0.259398752	0.20698401	-1.333428749	16.69212206	0.586032117692252	0.684063203514063
KREMEN1	-0.309218653	0.263251669	0.210131767	-1.323603068	21.21484229	0.579628866732438	0.677508287480195
PCSK5	-0.249649408	0.264054369	0.210846089	-1.321390069	23.26275281	0.578306642351233	0.67603445033549
ASPHD2	-0.693662706	0.264841704	0.211548585	-1.32729509	22.89640683	0.577013626517134	0.674589875219224
ARPC3	0.161604487	0.265144963	0.211864718	1.318244862	23.70000882	0.576516618826707	0.673941360673334
STON2	-0.499924019	0.265147961	0.211941012	-1.318009787	20.09185565	0.576511708277093	0.673784996277033
NUDC	-0.17269643	0.265527387	0.212334237	-1.316799284	25.5685515	0.57589067831295	0.672979974080018
RAB35	-0.32364811	0.265527387	0.212392308	-1.316620673	20.01243484	0.57589067831295	0.672861215715077
DCPS	-0.267264658	0.266342404	0.213118462	-1.314390565	21.06697871	0.574559684641967	0.671378926647008
XPO4	-0.48144633	0.266383131	0.213225294	-1.314062995	19.97143677	0.574493280798949	0.671161278102101
DCUN1D1	-0.23372263	0.267728971	0.214377183	-1.310539486	18.64482133	0.572304631186383	0.668821440175711
BLMH	-0.239276226	0.267897371	0.21458669	-1.309900281	22.2508465	0.572031548302188	0.668397219177246
POLR2E	-0.272853332	0.270249713	0.216546244	-1.303946111	18.1359435	0.568234758586798	0.664449344717425
NIBAN1	-0.32919383	0.271872822	0.217922586	-1.29979014	17.94765372	0.565634204863294	0.661697756138149
WDR54	-0.29566871	0.274906651	0.220431002	-1.292270165	20.5589514	0.560814752853304	0.656727325198304
DIP2B	0.187599878	0.275017189	0.220596285	1.291777101	24.23051921	0.560640161244084	0.656401805665482
ARMH4	-0.409216801	0.2754137	0.220991093	-1.290600532	19.14755993	0.560014460279468	0.655625230110835
ANXA2	-0.181882256	0.27548986	0.221128984	-1.290190002	28.25493354	0.559894381665518	0.655354329486949
BAG3	-0.445749103	0.275880661	0.221519561	-1.289028302	20.04156493	0.559278742128113	0.654587917931796
GRN	0.120023313	0.275980239	0.221676435	1.288562173	26.69686631	0.559122013588772	0.654280471492684
DOP1B	-0.432925944	0.276526914	0.222192612	-1.287030304	18.34209995	0.558262592992739	0.653270385633562
CNTFR	-0.304031183	0.27724105	0.222843698	-1.285102158	19.7069571	0.55714246501055	0.651999643213544
NCOR1	-0.282727546	0.27732372	0.222987439	-1.28467709	20.64240803	0.557012982839929	0.651719600299959
PTPN3	-0.388118134	0.277376525	0.223107205	-1.284323093	16.65325458	0.556930297027572	0.651486404430567
STK24	-0.275277389	0.278407115	0.224013752	-1.281648517	18.78445245	0.555319670046554	0.649725319905164
CFL1	-0.114251696	0.280960071	0.226146233	-1.2753913	24.63394041	0.551355396025613	0.645610642058849
NPC2	-0.668196852	0.281033056	0.226283305	-1.279264197	20.9702931	0.551242593995065	0.645347486760422
PRRC2B	-0.268948554	0.281265428	0.226548798	-1.274215412	18.95409729	0.550883646261912	0.644838237714997
CCDC168	0.282285132	0.282655134	0.227757335	1.270695345	23.5974076	0.548743121834428	0.642527627532886
QARS1	-0.317913235	0.282655134	0.22782571	-1.270496642	22.01514955	0.548743121834428	0.642397267609491
ATG5	-0.616353784	0.282819314	0.228036866	-1.271599349	16.10775782	0.548490935479078	0.641994936306123
DCAF5	0.349341036	0.283129084	0.228365543	1.268929513	18.70302325	0.548015516110212	0.641369424129633
GLO1	-0.168533894	0.284409408	0.229477491	-1.265710896	25.30926063	0.54605604164513	0.639259907137217
PCDHAC2	1.690532024	0.2856292	0.230620901	1.270523149	18.05855359	0.544197396508479	0.637101335473131
CPZ	-0.315081559	0.2856292	0.230616506	-1.262426871	20.44210296	0.544197396508479	0.637109612010198
GLI3	0.425384564	0.286071157	0.231057473	1.261158961	20.07592894	0.54352592753973	0.636279980704337
TOM1L1	-0.232526451	0.286124097	0.231179977	-1.260807069	17.7909522	0.543445564937011	0.636049783811131
SRRT	-0.311091001	0.286468765	0.231605353	-1.25958634	23.56649387	0.54292272422941	0.635251407157487
RTN4R	-0.321742105	0.286468765	0.231618141	-1.259549671	21.53448001	0.54292272422941	0.635227428417601
PALM	-0.199574623	0.286540985	0.231756393	-1.259153322	22.09623199	0.542813250533198	0.634968277005134
C5orf22	-0.524493503	0.286690725	0.231957406	-1.258577387	19.88560243	0.542586357093547	0.634591756649918
SNRPE	-0.232145952	0.287040632	0.232320512	-1.257538043	22.29642518	0.542056622414533	0.63391244385823
SNRPB2	-0.450391655	0.288228066	0.23336191	-1.25456436	20.72767591	0.540263732351083	0.631970029296566
PI4KA	-0.296605074	0.28824892	0.23350808	-1.254147825	16.48969657	0.540232311228126	0.631698087094867
NAA15	-0.284979851	0.28824892	0.233539467	-1.254058409	20.51374935	0.540232311228126	0.631639715303765
METRNL	-0.193631094	0.288805312	0.234070749	-1.252546354	22.59066093	0.539394823044671	0.63065285516974
SLC9A1	-0.31487118	0.289600169	0.234795678	-1.250487585	17.57536367	0.538201189036541	0.629309901623854
EPHA4	0.223073594	0.289669669	0.234938101	1.250083704	22.95503164	0.538096976924475	0.629046545963023
TGM3	-0.286571899	0.289669669	0.235013491	-1.249869995	17.19620748	0.538096976924475	0.628907206244512
NFASC	0.177242493	0.290618119	0.235863981	1.247462876	24.69005706	0.536677312486686	0.627338375550606
NELFCD	-0.245373728	0.290977924	0.236237094	-1.246409049	18.16502102	0.536139958947654	0.626651908353877
DNAJC9	-0.225505337	0.291265812	0.236552	-1.245520653	22.02194604	0.535710488702585	0.626073375726632
MRI1	-0.296169903	0.291563292	0.23687486	-1.2446108	16.60569102	0.535267154858036	0.625481029368572
FNTA	0.420992761	0.292362106	0.237605324	1.242555912	20.48367482	0.5340789183817	0.62414383238648
TELO2	-1.324168774	0.292748418	0.238048042	-1.249130172	17.64635072	0.533505443158167	0.62333538634697
FUCA2	0.150740177	0.292748418	0.238082465	1.241216369	28.65432935	0.533505443158167	0.623272589618943
MOCS1	0.841723651	0.293365189	0.238665827	1.245071856	18.63382636	0.532591421243062	0.622209760330416
SARNP	0.257790369	0.293816182	0.239114619	1.238325958	16.1603329	0.531924289009428	0.62139387115756
ZNF195	0.317004801	0.293983241	0.23933251	1.237717052	22.77752835	0.531677426556126	0.620998304501339
NHP2	-0.268566033	0.294856369	0.240178525	-1.235356997	20.0106561	0.53038948687318	0.619465826620618
SERPINB4	-0.21645535	0.294856369	0.240207683	-1.235275775	24.16622397	0.53038948687318	0.619413105879232
RIMBP3	0.691831872	0.295017307	0.240421016	1.240963751	22.07578136	0.530152505668876	0.619027571886005
TFG	-0.252299544	0.297309545	0.242371912	-1.229268898	22.58640306	0.526791147726489	0.615517711115521
ACTR2	0.335081287	0.297825431	0.242875477	1.227877346	22.8705118	0.526038221051892	0.614616333450259
G3BP2	-0.436014824	0.298558352	0.243556381	-1.230844773	24.15499337	0.524970775171273	0.613400487743673
MYCBP	-0.320250089	0.29924242	0.244197828	-1.224234015	20.10641915	0.523976841736476	0.61225820317496
CALM3	0.22388166	0.299999962	0.244899634	1.222306745	24.56597424	0.522878800290975	0.611011863923465
NOTCH3	0.376083201	0.300588212	0.245463618	1.220761123	19.46923103	0.52202805489926	0.610012868806748
ANKRD40	0.362048103	0.302096751	0.246779704	1.217165222	17.86926817	0.519853945466075	0.607690561021533
GJA1	0.251766839	0.302154245	0.246910882	1.216807638	18.57187452	0.519771299919164	0.607459769167269
RMDN3	-0.192571428	0.302623127	0.247445716	-1.215351267	21.41166203	0.519097885484393	0.606520060679521
PXT1	-0.551376419	0.302623127	0.247462724	-1.215317929	20.24232182	0.519097885484393	0.606490210792333
RNF213	-0.351182309	0.306222357	0.250491253	-1.207105171	16.58709042	0.513963105057477	0.601207434827306
ZNF350	0.233762067	0.309813598	0.253515252	1.199007687	29.63693922	0.508899524579513	0.595995907493637
LMAN2	0.193590147	0.312650931	0.255924132	1.19258894	24.56718174	0.504940273755868	0.591888761004941
ELOB	-0.223642394	0.313208301	0.256467666	-1.191150002	19.77863576	0.504166736298893	0.590967380505143
TTF1	0.786367156	0.315304507	0.258272003	1.190906791	19.03565799	0.50126982135092	0.587922669326521
PTPN2	0.23393264	0.315940206	0.258880771	1.184790288	16.75418469	0.500395103019041	0.586900206647909
SF3A2	-0.617218446	0.316185326	0.259169745	-1.18512719	18.83777945	0.500058289321916	0.58641569858256
IRX6	0.284301576	0.317704701	0.260503688	1.180539116	21.62253495	0.49797635897438	0.584186123931783
PTPRM	0.141616043	0.318074642	0.260895672	1.179515428	24.5549093	0.497470952956299	0.583533125354007
KIF5C	0.382834571	0.320091805	0.262639429	1.174975986	17.80617151	0.4947254445339	0.580640074470076
SETD1A	-0.304475245	0.320800439	0.263310282	-1.173235839	18.70054522	0.493765046076318	0.579532181802869
TRMT10A	-0.304746386	0.323497806	0.265614419	-1.167285198	18.38451074	0.490128660421322	0.575748352789859
SNRNP40	-0.22355852	0.32354544	0.265743705	-1.166952497	21.65392284	0.490064716678717	0.575537014353654
TOP2B	-0.138236654	0.323778271	0.266025179	-1.16622859	24.91449916	0.489752300429603	0.575077255913122
GCNT1	-0.309414242	0.324197092	0.26645965	-1.165112366	22.94123178	0.489190885027348	0.574368546896664
CAPN5	0.489978801	0.324206474	0.266557719	1.164872427	20.73218553	0.489178317080337	0.574208736622165
FAM98B	0.439374166	0.324209158	0.266650285	1.164623039	18.2277114	0.489174721712392	0.574057947800114
ADAMTSL2	-0.196031891	0.324252036	0.266775923	-1.1643007	19.77978722	0.489117288271518	0.573853368833771
IGFBPL1	-0.276968228	0.324718485	0.267250192	-1.163084958	17.28922981	0.4884929879216	0.57308197410979
KLC3	-0.265405565	0.324899851	0.267490011	-1.162470841	16.22489391	0.488250487823662	0.572692431394453
P3H1	-0.39727944	0.325163194	0.267797447	-1.1616842	19.93020359	0.48789861912759	0.57219356757456
EIF4G1	-0.1465323	0.325812283	0.268422829	-1.160086181	26.26016543	0.487032546980957	0.571180550771646
FURIN	0.186370228	0.327008242	0.269499268	1.15734233	23.20759129	0.48544130113173	0.569442410083894
B4GALT1	-0.120807239	0.329810189	0.271900373	-1.1512523	26.26779894	0.481735931595918	0.565590196635631
GTF2H4	0.236504974	0.330143946	0.27226754	1.150324704	16.03535438	0.481296662173796	0.565004132582878
CALCOCO2	-0.463298455	0.332279013	0.274120925	-1.145657064	19.00325488	0.478497088231148	0.562057811358809
KYAT3	0.161659588	0.334520972	0.276063712	1.140790295	23.65734068	0.475576649978772	0.55899067671424
YTHDC2	-0.24779769	0.334733343	0.276332264	-1.140119637	19.57075589	0.47530102513947	0.558568404771794
APH1A	0.22444977	0.337021761	0.278315351	1.135182681	19.26607425	0.472342056466626	0.555462838686701
COL1A2	-0.396964716	0.337155338	0.278519627	-1.134675665	19.51930286	0.472169959980838	0.555144195113398
HEXA	0.174316007	0.337386011	0.278804215	1.133969791	27.42057102	0.471872928479129	0.554700664801417
CASP6	-0.201449723	0.337870341	0.279298615	-1.132744823	18.72810156	0.471249929874621	0.553931217894945
KDR	0.697055194	0.338201368	0.279666516	1.135924311	17.86739729	0.470824640045049	0.553359527861354
SFT2D3	-0.47702433	0.338914386	0.280350584	-1.130143897	19.26997087	0.469909996143989	0.552298534883078
DNAH1	-0.421561517	0.3390066	0.280521348	-1.129722402	16.2014117	0.469791846588427	0.552034082836299
RAB1A	-0.15911824	0.339197711	0.280774025	-1.129099077	24.5049231	0.469547087144756	0.551643072186665
CSNK2B	-0.415012211	0.339300929	0.28095403	-1.128655289	19.97658075	0.469414951262571	0.551364734011475
INHBA	0.29351914	0.339714955	0.28139154	1.127577549	16.21172804	0.468885334110203	0.550688963712032
SCAI	-0.28671642	0.341011594	0.28256061	-1.124703998	18.59512615	0.467230855246134	0.548888380534052
ADAM9	-0.700255787	0.342164654	0.283611394	-1.128437043	23.33869627	0.465764855594439	0.547276325492052
NELFA	-0.216184594	0.343341635	0.284708943	-1.119447043	16.83600401	0.46427352906953	0.545598891003546
UROD	-0.266629511	0.343341635	0.284856303	-1.119087564	21.78378215	0.46427352906953	0.545374166490487
CD55	-0.222325853	0.343341635	0.284874037	-1.119044311	20.97154828	0.46427352906953	0.54534712991615
NRDC	-0.162104185	0.343768059	0.285323656	-1.117948415	23.84063786	0.463734477981926	0.544662219775239
CLDN7	0.258359839	0.345132915	0.286552663	1.11495955	18.15044054	0.462013620478988	0.542795551188673
DCBLD1	0.204305079	0.34750243	0.288616846	1.109961478	21.03081345	0.459042154147533	0.539678323584437
ADARB1	-0.404207942	0.347544452	0.28874861	-1.109643358	18.25744445	0.458989639926656	0.539480097734545
MAD2L1	-0.23014749	0.347579007	0.288874191	-1.109340267	18.92111071	0.45894646185335	0.539291257764597
CTSC	0.136177671	0.347703673	0.289074709	1.108856525	27.16502595	0.458790721582469	0.538989902871746
RPRD1B	-0.332844723	0.348603125	0.289919655	-1.106820917	19.35137055	0.457668724041365	0.537722340806832
LZTS1	-0.161730507	0.350475132	0.291574211	-1.102847838	25.34149791	0.455342792014942	0.535250890901683
RTCB	-0.219326095	0.352553956	0.293401927	-1.098478767	23.31030666	0.452774407750997	0.532537038131733
PSAP	-0.203624861	0.35276778	0.293728905	-1.097699314	28.7056835	0.452511087959749	0.532053313728091
MED16	-0.371051718	0.35276778	0.293776513	-1.097585881	17.55623153	0.452511087959749	0.53198292836276
GSTP1	-0.290612847	0.353414203	0.294413337	-1.096080298	23.93991468	0.451716001064174	0.53104252023702
XYLT2	0.118686305	0.356288721	0.296907267	1.090156675	24.90943594	0.448197925852731	0.527379172631719
KLK7	0.292899752	0.35696466	0.297570038	1.088591525	17.59039932	0.447374777520021	0.526410799558765
SEMA6A	-0.16286772	0.35703014	0.29772413	-1.08822801	22.7228712	0.447295119789307	0.526185965147822
GOLT1B	-0.226857792	0.357215006	0.297977846	-1.087629782	18.29265458	0.447070305421484	0.52581602356672
CD81	0.227492966	0.357550412	0.298357284	1.086735836	22.58569889	0.446662717191778	0.525263354962867
KPNA1	-0.230341318	0.358334298	0.299111266	-1.084962008	19.35269863	0.445711621308467	0.524167228996468
PTPN1	-0.365376594	0.358616065	0.299446413	-1.084174616	20.58169088	0.445370259155945	0.523680884862748
CHMP3	-0.213354049	0.35866084	0.299583761	-1.083852124	20.01381948	0.445316038713834	0.523481731357182
ZNF185	-0.35293469	0.359230189	0.300172968	-1.082469931	19.56391853	0.444627173215226	0.522628420610515
PDXK	0.124078721	0.359230189	0.30025957	1.082266947	23.09857391	0.444627173215226	0.522503141687064
PAF1	-0.125249597	0.359789531	0.300827367	-1.080937194	24.89999116	0.443951477719423	0.521682657453897
SERPINB8	0.22120964	0.360197642	0.301291538	1.07985153	20.57736538	0.443459134575176	0.521013065643314
HGD	0.281402118	0.360197642	0.301369376	1.079669593	17.59259117	0.443459134575176	0.5209008811187
TSC22D2	-0.327056693	0.360379103	0.301621641	-1.079080204	19.10240055	0.443240400031789	0.520537501563183
COL14A1	-0.12426362	0.360491836	0.301816465	-1.078625271	26.51705452	0.443104566229706	0.52025707183811
EHD4	0.687906591	0.360581752	0.301992242	1.082579497	20.8341712	0.442996255445656	0.520004213664927
RPL31	-0.376578091	0.361581972	0.302930716	-1.076027617	20.62627009	0.441793231006685	0.51865668865796
THAP12	0.214373513	0.361827888	0.303237586	1.075313469	20.71315825	0.441497962800289	0.518216969330483
EZR	0.206691844	0.36273754	0.304101037	1.073316925	30.43950448	0.440407496608166	0.516982098887075
TBL3	-0.322269733	0.363208392	0.304597005	-1.072156329	16.66365862	0.439844125577199	0.516274371250692
IST1	-0.295137612	0.365675879	0.306768226	-1.067135645	19.38473028	0.436903685991436	0.513189625125547
C18orf25	-0.231071516	0.367567817	0.308547116	-1.063041929	21.81163966	0.434662520983365	0.510678508595371
GRB2	-0.211410814	0.367567817	0.308560275	-1.063011714	18.6154806	0.434662520983365	0.510659987083001
SPTBN4	-0.554747306	0.368570881	0.309505035	-1.064927069	21.72804299	0.433478979264975	0.509332281522926
ATP2A1	-0.206407712	0.369663832	0.310525861	-1.058508918	22.06752434	0.432193038826981	0.507902225368543
ESD	-0.706066333	0.371532984	0.312199539	-1.059128589	20.8577237	0.430002624344027	0.50556774256093
S100A8	-0.269842493	0.371553418	0.312320265	-1.054416759	20.84068484	0.429978739171531	0.505399835519585
PRKCI	-0.285913581	0.373295825	0.313888937	-1.050853672	21.09452748	0.427946867265234	0.503223990717674
CXCL1	0.471347616	0.374116103	0.314727419	1.04896408	20.03342509	0.426993598154291	0.502065419776083
NIN	-0.476506887	0.374116103	0.314787212	-1.048828793	20.21443954	0.426993598154291	0.501982918849954
SLC52A2	0.189321797	0.375244504	0.315841249	1.046437586	21.06220771	0.42568565991068	0.500531151581584
SEZ6	-0.263002461	0.378556338	0.318734308	-1.039930564	16.15785845	0.421869478219971	0.496571187316466
KPNB1	-0.177428783	0.379533882	0.319663153	-1.037850678	25.69494796	0.420749447413288	0.49530742119164
OAF	-0.19959284	0.380019941	0.32017851	-1.036698604	21.13835281	0.420193613806763	0.494607820766559
ACAP2	-0.296755697	0.380019941	0.320284365	-1.036462135	18.96102642	0.420193613806763	0.494464261336044
FNBP1L	-0.44231234	0.382381189	0.322381019	-1.031790268	18.21220238	0.417503480711949	0.491630536303145
SRP14	-0.216642201	0.38369154	0.323592698	-1.029100534	21.25370895	0.416017776438436	0.490001286979686
ATP6V1E1	-0.277854356	0.383709652	0.323714915	-1.028829642	20.47564139	0.415997276231401	0.489837290239159
ANGPT1	-0.460587776	0.383864346	0.323952408	-1.028303461	19.51410288	0.415822224049674	0.489518787512988
EIF4E2	0.184715713	0.384593053	0.32467457	1.026705198	18.19123586	0.414998564795964	0.488551725975711
AZGP1	-0.286318125	0.38460089	0.324788377	-1.026453563	16.82945515	0.414989715101071	0.488399520979764
NHLRC3	-0.194969655	0.385114554	0.325329491	-1.025258006	21.67527719	0.414410068491126	0.48767656629688
CELSR2	0.109591947	0.386133939	0.326298245	1.023121244	27.21515219	0.413262024657635	0.486385262065222
TLR7	-0.236511373	0.387689302	0.327720639	-1.019992307	22.03028347	0.411516182862972	0.484496207010789
CSNK1G1	-0.499195655	0.388981994	0.328921786	-1.01816218	16.76582537	0.410070501726812	0.482907360247247
HMGN5	0.144752802	0.38912349	0.329149886	1.016858288	25.20832941	0.409912551592924	0.482606290988368
RANBP10	-0.222996626	0.389432424	0.329519744	-1.016048894	21.24351182	0.409567892112207	0.482118558449765
CTSB	0.078701793	0.390246064	0.330316972	1.0143065	33.17614619	0.408661468513338	0.481069111272004
KIR2DL1	0.235564172	0.390450407	0.330598756	1.013691377	19.71387423	0.408434120132401	0.480698784954989
GSTO1	-0.130985058	0.390575423	0.330813465	-1.013222933	24.47123403	0.408295088214819	0.480416821803327
EIF1	-0.185664502	0.392127702	0.332237517	-1.010121588	19.97182427	0.406572475728952	0.478551327615817
MORF4L1	-0.240469549	0.392192769	0.332401954	-1.009764098	16.79376922	0.406500417838935	0.478336431912826
KNL1	-0.177478571	0.393880941	0.333942537	-1.006421057	17.03673207	0.404635033201483	0.476328257771743
SLC26A2	0.298208253	0.394439218	0.334525791	1.005158333	19.09278144	0.404019910885408	0.475570393719198
PRPF3	-1.560072704	0.394651986	0.334816233	-1.009566546	17.94739418	0.403785707360907	0.475193494133316
CRIP1	0.216794786	0.394935274	0.335166642	1.00377276	19.97744673	0.403474075127964	0.474739211748903
SERPINI1	0.152639085	0.396204113	0.336353882	1.001210921	24.12155606	0.40208102035746	0.473203555579069
H2AC1	-0.236313048	0.39647557	0.33674295	-1.000372812	20.58759887	0.401783567844646	0.472701487834072
MVP	0.471595432	0.39647557	0.336805334	1.000247155	18.16656135	0.401783567844646	0.472621039178258
NLE1	0.143293239	0.396780572	0.337175018	0.999442902	22.3711616	0.401449600831764	0.472144610638842
PSEN1	0.593106638	0.399104926	0.339261434	0.997030366	19.46741458	0.398912911851619	0.469465506558642
KIF11	-1.426900932	0.39959679	0.339902287	-0.998521465	18.22387105	0.398378009161987	0.468645913298262
CX3CL1	-0.183183714	0.39959679	0.339861424	-0.993680408	24.43724579	0.398378009161987	0.468698127251871
ARF6	0.697129491	0.399880621	0.340366616	0.996296512	19.62582799	0.398069642119777	0.468053043176123
TXNDC16	-0.116964559	0.399880621	0.340335485	-0.992666945	24.18939561	0.398069642119777	0.468092766930481
PSME4	0.205417607	0.400147855	0.340705602	0.991876405	20.94952427	0.39777950680741	0.467620725552504
PCBD1	-0.175181334	0.401547966	0.342009639	-0.989096021	22.44413805	0.396262569625929	0.465961653869244
STC2	-1.064779841	0.402084826	0.342691025	-0.992516721	20.81329196	0.395682316125674	0.465097269494895
CXADR	-0.377147374	0.402084826	0.342672712	-0.987685192	20.55141444	0.395682316125674	0.465120478294601
CASP14	-0.527588694	0.402171692	0.342877147	-0.988006071	18.66736174	0.395588501717541	0.464861459949329
PXN	-1.115956806	0.403708849	0.344300189	-0.989068097	18.35156581	0.393931731070856	0.463062738893832
FBLN2	-0.127879518	0.404343772	0.344954372	-0.982845456	22.60610662	0.393249241824699	0.462238346373446
C6orf47	-0.21631633	0.408185343	0.348413193	-0.975552493	17.551644	0.389142593859302	0.457905408375571
MAN2B2	-0.145297297	0.408185343	0.34846318	-0.975447477	23.08592792	0.389142593859302	0.457843104417092
PNP	-0.112102952	0.408185343	0.34857299	-0.975216817	27.67692213	0.389142593859302	0.457706268254193
CARM1	-0.449448495	0.408719072	0.349252238	-0.973917731	17.34962654	0.388575096393851	0.456860802256196
PRPF38A	0.428277689	0.408719072	0.349256598	0.973790263	17.5378275	0.388575096393851	0.456855380638477
WDR89	-0.272682466	0.409574627	0.350172957	-0.971861926	20.53727629	0.387666955584972	0.455717396456932
DNAI7	-0.229508939	0.409574627	0.350215986	-0.971771853	20.95343713	0.387666955584972	0.455664033943226
MANSC1	0.116562131	0.412264043	0.352630532	0.966730048	23.51877756	0.384824542005976	0.452680087654787
CTSD	0.104892761	0.412940183	0.353323958	0.965286665	29.49329152	0.38411285409296	0.451826913161172
CAPNS1	-0.194429842	0.41560719	0.355721761	-0.960311089	21.09909603	0.381316947759917	0.448889566376925
MECP2	-0.751315081	0.416094861	0.356255132	-0.963274482	18.10762596	0.380807647949241	0.448238870749812
GAPDH	0.112939735	0.416371892	0.356608368	0.958477377	32.49184615	0.380518596071496	0.447808470096207
SEMA3C	0.124533784	0.416860102	0.357142685	0.957373847	24.45679986	0.38000966954251	0.44715824067221
CD58	0.202634617	0.419487892	0.359510944	0.95249672	23.66918513	0.377280570028309	0.444287884567701
CAB39	0.220960524	0.420770911	0.360727793	0.949999627	19.45246754	0.375954291736582	0.442820395298683
BCL2L13	-0.526039687	0.422266177	0.362127377	-0.948326597	18.43752698	0.374413703634379	0.441138641074767
TATDN1	-0.168922817	0.42239262	0.362353535	-0.94667273	22.0007094	0.374283678356052	0.440867497493199
NAB2	0.385038454	0.423635891	0.363538158	0.944255171	18.6659741	0.373007252995751	0.439449997627232
SF1	-0.327762178	0.424427024	0.364335349	-0.942631402	19.47535166	0.372196971612277	0.438498690051325
NHLRC2	-0.558407302	0.42455796	0.364566075	-0.946090254	21.89945845	0.372063012157622	0.438223747435825
STXBP2	0.459553182	0.42523424	0.365265309	0.940748052	19.23179914	0.371371773207147	0.437391572861446
CYRIB	-0.178196083	0.426636842	0.366589015	-0.938054501	24.04399586	0.369941643995745	0.43582055300272
LRPAP1	-0.290343735	0.430115876	0.369698262	-0.932447756	23.26046535	0.366414526913601	0.432152591097393
ALDOC	-0.10989772	0.432183036	0.371595503	-0.927957266	23.33699734	0.364332283996463	0.429929550421406
EXTL3	0.198590999	0.435943878	0.374950615	0.921243753	18.28256328	0.360569416795008	0.426025929726596
ADGRL1	0.132695047	0.436738847	0.375756082	0.919638274	23.6268867	0.359778176781672	0.425093981179745
HSPA5	-0.100762804	0.438339802	0.37725566	-0.916655644	29.63109891	0.358189092877514	0.423364235745009
ATRNL1	-0.198398386	0.43889137	0.377917797	-0.915341292	17.97287108	0.357642958681632	0.422602655696375
CGREF1	-0.280667247	0.43889137	0.378133515	-0.914913433	19.06981593	0.357642958681632	0.422354828232544
BMPER	-0.220035839	0.43889137	0.378182836	-0.914815633	16.56953341	0.357642958681632	0.422298185696272
TPK1	-0.22213844	0.43889137	0.378219653	-0.914742633	16.91817928	0.357642958681632	0.422255908151749
FNDC10	-0.19895109	0.442397668	0.381364545	-0.908525138	18.08255856	0.354187170983198	0.418659685245431
CCT6B	-0.180022486	0.44316449	0.382149089	-0.906979623	18.33056874	0.353435046147174	0.417767171386464
OBSL1	-0.439870627	0.444896394	0.383836477	-0.903671732	18.7247006	0.351741114306459	0.415853755481083
GPATCH1	-0.288034262	0.444896394	0.383890534	-0.903556881	18.07377154	0.351741114306459	0.415792596614688
B3GNT2	-0.121742726	0.445993256	0.384961292	-0.90145767	22.91824057	0.350671708337477	0.41458293676666
CARMIL1	-0.421600721	0.446047048	0.385132039	-0.901130376	18.52224998	0.350619330505009	0.414390351067936
PLPBP	0.157351192	0.446274734	0.38545301	0.900495008	21.0215489	0.350397700197317	0.41402855857691
SHPK	-0.196066329	0.447366975	0.386521076	-0.898406915	20.00182348	0.349336079033851	0.412826820139069
HSPA8	0.101859385	0.4485717	0.387686969	0.896132099	32.03226029	0.348168129151467	0.411518796327077
GNPNAT1	-0.182759078	0.450194575	0.389272496	-0.893046051	18.37258528	0.346599742702358	0.409746280220705
RAB10	0.298997927	0.450194575	0.389340515	0.892913853	21.28073416	0.346599742702358	0.409670400994382
BASP1	-0.42873983	0.450724061	0.390049668	-0.895536927	24.53623667	0.346089257370314	0.40888008742248
CSTF3	-0.298429307	0.450724061	0.390025585	-0.891583271	19.488817	0.346089257370314	0.408906903076407
YWHAH	-0.144997557	0.45474503	0.393656094	-0.884558485	24.72697019	0.342232038730383	0.404883021066653
PIK3R4	-0.527923032	0.45511679	0.394433471	-0.885563758	16.86122778	0.34187714236694	0.404026238624782
PDCD6IP	-0.099541909	0.45511679	0.394119127	-0.883665738	24.70698765	0.34187714236694	0.40437248787232
UBE2E2	0.250118667	0.45511679	0.394404277	0.883116311	20.85276076	0.34187714236694	0.404058384127815
EPN3	-0.150739439	0.45511679	0.394485289	-0.882960268	18.85710086	0.34187714236694	0.403969187702338
EWSR1	0.136656257	0.455213816	0.39469626	0.882554002	21.87673737	0.341784565326724	0.403736988803516
SPARC	-0.283398016	0.456142459	0.39575988	-0.880508045	20.98367609	0.340899500547549	0.402568234328092
CRTAP	-0.16969687	0.456142459	0.395819896	-0.880392711	18.70267589	0.340899500547549	0.402502379644923
MDH2	-0.085390381	0.456142459	0.395882837	-0.880271769	27.56081247	0.340899500547549	0.402433326127981
SRC	-0.384961861	0.45882091	0.398335322	-0.876104678	20.93382973	0.338356798070932	0.399751181239346
TARS1	-0.098478528	0.459580136	0.399122549	-0.874064209	26.24225867	0.337638750680055	0.39889373543413
PIGR	-1.625914242	0.460567652	0.40010852	-0.87602173	19.92040868	0.33670656800279	0.397822200559045
SDCBP	0.11798456	0.460640229	0.400316983	0.87178421	26.41661096	0.336638136563311	0.397595985046699
PRRC2A	-0.184933056	0.460640229	0.400428337	-0.871571888	21.07392235	0.336638136563311	0.397475196509216
HSPA4	-0.092630706	0.460962737	0.400837163	-0.870792706	29.64888007	0.336334180400724	0.39703202033037
DSG1	-0.3310556	0.461369502	0.401319459	-0.86987419	20.20454632	0.335951117120672	0.396509781877331
SH3KBP1	-0.223757147	0.463855058	0.403610784	-0.865520614	17.43875876	0.333617703377141	0.394037238448198
VAPA	0.331112568	0.467962156	0.407314887	0.860894214	23.39728752	0.329789266808185	0.390069716543515
WBP2	-0.181698424	0.473198761	0.412004718	-0.849712736	17.8794875	0.324956401177597	0.385097810691055
CARMIL2	-0.402641785	0.473842399	0.412697184	-0.848424667	18.54241655	0.324366081587304	0.384368494479583
RAPGEF3	-0.26247778	0.47534593	0.41413918	-0.845727511	19.85316221	0.322990220247988	0.382853680743976
ETNK1	0.229131905	0.475599688	0.414492816	0.845068567	18.75916704	0.322758438956464	0.382482992251453
MOB1B	-0.187041863	0.476716763	0.415599229	-0.843009362	20.13463766	0.321739576517677	0.38132526679666
ULBP2	0.208409862	0.476989702	0.415970116	0.842319902	20.24008331	0.321490997087459	0.38093786870615
MENT	-0.126713051	0.479714278	0.418479846	-0.837665157	22.14617921	0.319017355196117	0.378325452800355
SERPINB7	-0.101364936	0.479998733	0.418861771	-0.836958438	26.07557139	0.318759908982402	0.377929275354648
FRMPD1	0.081669459	0.481738091	0.420513852	0.833906311	24.08197255	0.31718901269101	0.376219693687521
SEC23IP	0.126900168	0.481974017	0.420855672	0.833275811	24.42217014	0.316976373748044	0.375866815329708
KHSRP	-0.268919656	0.481974017	0.420988453	-0.833030984	17.22553504	0.316976373748044	0.375729815962801
MYL12B	0.168772526	0.483773461	0.422695039	0.829888833	23.5424566	0.315357959986935	0.37397284927902
NT5DC1	-0.153287688	0.483935178	0.422971214	-0.82938113	21.53219562	0.315212807203229	0.373689188242818
CCDC124	-0.376469006	0.484191696	0.423330365	-0.828727288	17.71790537	0.314982663081611	0.373320578965217
NAGPA	0.132437694	0.485130153	0.42428607	0.826966983	20.67498773	0.314141731198428	0.372341226591722
XPO7	-0.103713583	0.488781356	0.427615573	-0.820875798	26.99060787	0.310885368110723	0.368946486941248
SMARCC1	0.487926191	0.490051456	0.428863315	0.820367159	18.19932267	0.309758316127434	0.367681101754551
APOE	-0.551674153	0.490502903	0.429395099	-0.819807734	19.41852245	0.309358417941219	0.367142916791719
HAT1	-0.246132008	0.491202543	0.430144479	-0.816270068	18.67491694	0.308739393479249	0.366385646993707
LY75	-0.158784317	0.491296423	0.430434831	-0.815742405	21.23706324	0.308656397837531	0.366092592594818
TSPAN9	-0.106538527	0.491296423	0.430500544	-0.815623016	23.13832466	0.308656397837531	0.366026295415788
CLTA	-0.122904256	0.491761778	0.431045371	-0.81463362	22.71114889	0.308245229661494	0.365477014438155
COPE	-0.273304421	0.492769457	0.432065973	-0.812782421	21.04227815	0.307356218594117	0.36444993484643
TBC1D22A	0.405489818	0.498180244	0.436964275	0.804147802	19.31377018	0.302613498983186	0.359554068303234
RPN1	0.147446374	0.498180244	0.437087906	0.803714805	21.19473027	0.302613498983186	0.359431210051479
CDC42	0.158514381	0.50164573	0.440268228	0.798007379	19.59709181	0.299602880109161	0.356282654313694
ZC3HAV1	-0.216363278	0.50317893	0.441754077	-0.795350012	17.51593767	0.298277552730347	0.354819433648177
LAPTM4B	-0.216661593	0.504832762	0.44334672	-0.79250805	18.39982527	0.296852468553702	0.35325650021643
SSC4D	-0.13388108	0.506131931	0.44462872	-0.790225188	19.15019564	0.295736262929001	0.352002488252687
GAS1	0.188414586	0.507706553	0.446153501	0.787515511	18.40092797	0.294387231093379	0.350515694723226
SCAF4	-0.203466438	0.514175433	0.451981414	-0.777213148	18.49703924	0.288888677532558	0.34487942351428
MESD	-0.114825234	0.515837087	0.453585844	-0.77439181	23.65187815	0.287487436722262	0.343340507837856
B2M	0.224502847	0.516716268	0.454502938	0.772781984	19.56147979	0.286747865159557	0.342463305064536
RAB11FIP1	0.248834044	0.51857672	0.456411996	0.769437515	18.92143631	0.285186983522073	0.340642949424421
NRXN3	0.123439752	0.51857672	0.456428451	0.769408725	22.58385094	0.285186983522073	0.34062729210835
WEE1	0.132269666	0.519839543	0.457684815	0.767212597	18.51535841	0.284130687794771	0.339433496292619
THOC2	-0.135848414	0.520380189	0.458305852	-0.766128433	22.10845142	0.283679245491991	0.338844597315366
CLDND1	0.16035918	0.521842769	0.459739407	0.76362937	21.55392048	0.282460330027823	0.337488268690096
SLBP	-0.49245184	0.522008477	0.460030881	-0.765047388	18.82648823	0.282322444345572	0.337213013975506
PGM1	-0.153046381	0.523988534	0.461921887	-0.759834165	25.77230365	0.28067821621286	0.335431459320617
ADAM23	-0.144424318	0.527240618	0.464935707	-0.754611822	19.73680067	0.277991139586734	0.332607098778047
PPP3CA	-0.121570095	0.527563253	0.465367251	-0.753865784	22.2693914	0.277725462509903	0.332204182309321
UBB	-0.077724597	0.528836364	0.466637661	-0.751672061	27.48791393	0.276678689412059	0.331020213453875
SCG3	0.215432569	0.529906188	0.467729347	0.749789941	19.811667	0.275801008965454	0.330005380058759
ARHGAP12	-0.768008003	0.529980327	0.467942496	-0.752351173	17.9463096	0.27574025121792	0.329807512747015
PLA2G15	0.123643747	0.53005585	0.468156908	0.749053552	23.51082018	0.275678368005019	0.329608563896744
TLN1	0.078646201	0.530302583	0.468522628	0.748424008	25.56789859	0.275476257512939	0.329269429369111
SLC3A2	0.131425941	0.531005132	0.469291325	0.747101782	27.20483924	0.274901281576703	0.328557473785485
LRIG1	-0.22577432	0.53165406	0.470013009	-0.745866695	22.49194313	0.274370865265046	0.327890121513798
G3BP1	-0.142676442	0.532576372	0.470976819	-0.744207304	24.19474466	0.273618105147628	0.327000467877758
ARR3	-0.146103625	0.533055384	0.471548994	-0.743226184	20.01062196	0.273227665802694	0.326473177330844
ZBED2	0.186807939	0.534010814	0.472543014	0.741523473	19.52416802	0.272449948190593	0.325558652990493
HMOX2	0.190150368	0.534333141	0.472977162	0.740780497	18.48252451	0.272187888689885	0.325159828938367
PPP1R12A	0.081280179	0.534585714	0.473349725	0.740143249	28.22617249	0.271982651291918	0.32481787085677
PDCD10	-0.176791238	0.535397097	0.474217384	-0.738660377	20.03597413	0.271323987949794	0.324022529571473
EIF4G3	-0.126469714	0.538022431	0.476692673	-0.734439198	16.2177763	0.269199617537239	0.321761523340682
DDRGK1	-0.138993718	0.5392676	0.477946201	-0.732306689	16.6776343	0.268195671986847	0.320620986073606
MOXD1	0.137640437	0.539415621	0.478227728	0.731828227	20.4125226	0.268076480916368	0.320365246772561
TBC1D23	-0.141903733	0.540539544	0.479374813	-0.729880528	21.9195116	0.267172529069059	0.319324788121461
CYCS	-0.202277253	0.540637428	0.479620796	-0.729463232	21.46641601	0.267093891653938	0.319101994480109
SEPHS1	-0.2541186	0.540637428	0.479762979	-0.729222087	19.03464353	0.267093891653938	0.318973267490177
TBL1XR1	-0.141899285	0.540711643	0.479979538	-0.728854885	25.13328218	0.267034278776119	0.318777276630885
EGFLAM	-0.304927608	0.541137169	0.480508088	-0.727959091	20.31313016	0.266692634729027	0.318299297809781
SAA2	-1.104788723	0.54142577	0.480915253	-0.730051742	16.96880056	0.266461077153526	0.317931448360418
GALM	-0.285869349	0.541688724	0.481299791	-0.726618432	19.04201787	0.266250204759018	0.317584326910978
ECI1	-0.325152374	0.543213974	0.4828064	-0.72438428	20.75181089	0.2650290665018	0.316226981602315
REST	0.532457247	0.549063133	0.488158136	0.717495568	16.74228853	0.260377716137989	0.311439468023652
DDAH2	-0.163375088	0.549223808	0.488454061	-0.714564276	21.10129038	0.260250645035215	0.311176275327748
PARD3	0.156100297	0.5519023	0.491036667	0.710239316	19.24354112	0.258137796050288	0.308886076754426
B3GAT3	-0.165930028	0.5519023	0.491143825	-0.710060164	19.35225261	0.258137796050288	0.308791311833608
LGALS3BP	0.081384416	0.552721707	0.492027072	0.708584396	31.4061254	0.257493479067223	0.308011001101016
PDGFRB	0.145808578	0.553048749	0.492472339	0.707841033	16.54717415	0.257236585714138	0.307618157769474
PPT1	0.075840515	0.554745194	0.494137581	0.705064544	23.81378234	0.255906451562509	0.306152115144657
HARS1	-0.096563824	0.557776791	0.496993422	-0.700316056	25.60736501	0.253539560615562	0.303649359371311
TPI1	0.114375994	0.559062979	0.498295264	0.698156893	27.32110698	0.25253926565287	0.302513240519974
SLC20A2	-0.215732857	0.559153113	0.498531441	-0.697765547	21.37993624	0.252469252890227	0.302307446736045
PCNA	-0.098505789	0.559228974	0.498754938	-0.697395313	23.87803475	0.252410335612983	0.302112791484573
POGLUT3	-0.209706012	0.560723446	0.500244077	-0.694931014	20.13291107	0.251251284002209	0.300818044803585
SETD7	0.220551369	0.561317278	0.500930302	0.693796895	18.73022848	0.250791589484282	0.300222696413203
IL1R1	-0.159051599	0.561541687	0.501287075	-0.693207626	19.88637176	0.25061799761794	0.299913492930419
MTCL1	-0.121320518	0.564722698	0.504284149	-0.688267319	16.31073029	0.248164756236836	0.297324682663835
LPIN2	-0.122706311	0.565131658	0.504806846	-0.687407509	16.54802073	0.247850363362865	0.296874763986065
UMPS	0.304634703	0.566403888	0.506101133	0.685280751	19.03736059	0.246873774154533	0.295762690442453
DYNLT1	0.404556216	0.568539793	0.508326548	0.68292173	18.1509751	0.245239132954239	0.293857208123728
CTNNBL1	-0.350926759	0.568539793	0.508197047	-0.682367051	20.38551188	0.245239132954239	0.293967862849859
MTMR1	-0.204664802	0.570642336	0.510365456	-0.678296379	17.7569948	0.243636011141738	0.292118728441056
SFT2D2	-0.129158569	0.57108674	0.510922084	-0.677387247	19.6828113	0.243297923553816	0.29164532504908
C1QTNF6	-0.170168001	0.571486844	0.511439313	-0.676542988	18.90150483	0.242993762895941	0.291205891947627
RPIA	-0.175412781	0.571578782	0.511680894	-0.676148835	20.31847109	0.242923901349491	0.291000799141396
RAD21	-0.233558365	0.572192453	0.51238973	-0.674992958	19.01151779	0.242457874671389	0.290399583550746
PPIC	-0.188241484	0.573210192	0.513460858	-0.673248089	22.2871101	0.241686096205593	0.289492657816521
YAP1	-0.292053021	0.574420609	0.5147052	-0.671227965	17.58196937	0.240769986916147	0.288441444106741
EPHB1	-0.304582347	0.576601922	0.516820452	-0.668082474	16.66798706	0.239123914301951	0.286660308451449
TIMP2	-0.094499721	0.578032638	0.518413813	-0.66520733	25.64580212	0.238047638909715	0.2853234353208
PRKCSH	0.093776477	0.578032638	0.518425036	0.66518916	28.33487363	0.238047638909715	0.285314033499147
PCDHGB7	-0.291376321	0.578153889	0.518694919	-0.664752323	18.17025712	0.237956548693408	0.285088006220933
NF1	-0.369232517	0.578719346	0.519363516	-0.664171684	19.17742214	0.237531999370318	0.284528561746365
PCYOX1	0.125197696	0.578827089	0.519621531	0.663253501	19.8844753	0.237451152176488	0.284312861831578
AFF2	-0.143454022	0.579336695	0.520240477	-0.662253203	16.60867383	0.237068962556875	0.283795860802455
ARL6IP1	-0.771628305	0.580225308	0.521202645	-0.663074021	21.93130287	0.236403332263721	0.282993388995543
SETDB2	-0.287103679	0.580225308	0.521362773	-0.660445313	16.81830224	0.236403332263721	0.28285998210108
GOLM1	0.107661569	0.580225308	0.521684488	0.65992218	28.39082574	0.236403332263721	0.282592076592096
MEGF8	0.099171346	0.580225308	0.521685296	0.659920876	24.97503458	0.236403332263721	0.282591403944782
GLB1L	-0.143049019	0.581420902	0.52292231	-0.65792698	17.97841356	0.235509359459143	0.281562828999949
SEC22B	-0.157437445	0.584928891	0.526240374	-0.652592163	17.7317913	0.232896927291142	0.278815835207425
CD59	0.186528016	0.584992385	0.526460538	0.652238868	21.20030059	0.232849787206716	0.278634176750369
HNRNPM	-0.46396019	0.586002383	0.527696126	-0.652572225	21.25598971	0.232100617904015	0.277616094117359
ATF7IP	0.148121377	0.586002383	0.527569822	0.650460108	17.09183678	0.232100617904015	0.277720054887833
RRAS2	0.157633252	0.586464679	0.528275876	0.649329058	18.9670207	0.2317581390085	0.277139221149697
HSPB11	-0.343299255	0.586807806	0.528748505	-0.648930768	18.5664766	0.231504117596006	0.276750847552917
GGT5	0.123992825	0.586960853	0.52905	0.648089961	24.33648864	0.231390862795004	0.276503281276829
ARRDC1	0.145465186	0.587873609	0.530036546	0.646512359	24.4383242	0.23071603585265	0.275694184778559
CASTOR2	-0.22809311	0.592830805	0.534671261	-0.639123304	18.68529021	0.22706923739391	0.271913158941639
PCDHB11	0.312120972	0.596162123	0.537841915	0.634435126	17.359865	0.224635620209872	0.269345355433884
PGA4	0.175799596	0.597894504	0.539571462	0.631350526	19.58759807	0.223375438708037	0.267951028280482
YIPF3	0.177682956	0.598068477	0.539896057	0.630837063	18.04200101	0.223249087783078	0.267689844281666
NLGN4X	0.128479503	0.598068477	0.540061835	0.630574892	18.82634493	0.223249087783078	0.267556512284706
RPP25L	-0.10918394	0.59896722	0.541040346	-0.629028347	16.3780573	0.222596944827158	0.266770347847532
MDK	-0.108252813	0.600747288	0.542815693	-0.626226413	25.97749071	0.221308181088845	0.265347605218664
KIF21A	-0.175466321	0.602680121	0.544730109	-0.62321076	21.43064416	0.219913133208356	0.263818619198747
RAP1A	0.194590578	0.604481898	0.546527112	0.620385461	18.24009959	0.218616700124009	0.262388288792169
RHOA	0.114139241	0.606275153	0.548317411	0.617575859	22.14195197	0.217330230109271	0.26096796352529
GM2A	0.573891813	0.606364599	0.548567304	0.619315695	21.1157711	0.217266161775317	0.260770081010638
RRP15	-0.28322462	0.607171707	0.549466704	-0.615778604	18.62583543	0.216688473904504	0.260058619359116
MAN1A2	-0.30761461	0.609345354	0.551603598	-0.614538111	27.61607635	0.21513649583108	0.258372909670862
SMPD1	-0.10509107	0.610847854	0.553181615	-0.609967906	22.30725892	0.214066947525811	0.257132262107071
CORO1A	0.143832341	0.610847854	0.553304215	0.609776631	20.8269846	0.214066947525811	0.257036021374012
NAGA	-0.074557646	0.611347788	0.553927441	-0.608804666	23.11248678	0.213711654834258	0.256547119815072
STMN1	0.173460293	0.612822646	0.555434572	0.606456679	20.16537025	0.212665194336427	0.255367091885823
ARF3	0.436788331	0.615005986	0.557646155	0.605073923	21.68185882	0.211120657112198	0.253641287936845
CHMP1A	-0.120231967	0.615005986	0.557970338	-0.602514066	17.09394672	0.211120657112198	0.253388887774472
MYG1	-0.090805147	0.615005986	0.557976806	-0.602504024	23.40814668	0.211120657112198	0.253383853455913
IFNAR1	-0.13334262	0.615005986	0.558099078	-0.602314165	20.53673975	0.211120657112198	0.253288694953046
SEMA4G	0.124253352	0.617014132	0.560093375	0.599220724	21.31224656	0.20970488883656	0.251739564303155
CLN3	-0.118384359	0.620249178	0.56343075	-0.594057412	17.33377591	0.207433802614481	0.249159454491015
SMARCAD1	-0.11821409	0.620249178	0.563437117	-0.594047577	17.77932351	0.207433802614481	0.249154546811868
TSG101	0.22473983	0.620249178	0.563548584	0.593875414	20.65688023	0.207433802614481	0.249068637109324
SDHA	0.114669035	0.624158797	0.56727476	0.588130843	21.66057413	0.204704904088111	0.246206539256696
PGP	0.133227117	0.62511317	0.568476512	0.586282482	21.6484722	0.20404135120426	0.245287474546205
AARSD1	-0.174080495	0.62511317	0.5684906	-0.586260827	16.80648593	0.20404135120426	0.245276711982193
CHMP1B	0.122199179	0.626693916	0.570102827	0.583784475	22.14996003	0.20294452144883	0.244046805430781
AK3	-0.160052166	0.628064017	0.571524251	-0.581604314	20.26519746	0.201996087452463	0.242965336831205
RBCK1	-0.091715633	0.628947184	0.572503206	-0.580104499	27.96366127	0.201385823013282	0.242222076945785
NCK1	-0.199213426	0.628955849	0.572686387	-0.579824007	16.92353464	0.201379839783117	0.242083140129289
FAM20C	0.178020176	0.629933307	0.573751964	0.578193324	20.1266081	0.200705428221185	0.24127581482653
BRMS1	0.126953974	0.630068621	0.574050814	0.577736274	16.8392342	0.200612148802409	0.241049662892875
KIAA1549L	-0.192041388	0.633585229	0.577431354	-0.572575034	18.95462196	0.198194956163779	0.238499638017669
PFN2	-0.10247805	0.635823931	0.579648851	-0.56919819	22.4560374	0.196663130234304	0.236835020672028
CRK	0.100213724	0.63656815	0.580504734	0.567896666	22.66758307	0.196155094626867	0.236194234251516
MAP1LC3A	-0.123184539	0.638740548	0.582663828	-0.564617873	18.25556412	0.194675513443243	0.234581942245544
TGM2	-0.132178258	0.640788359	0.584710448	-0.561515783	22.75577851	0.193285386543022	0.233059145827147
TKT	0.061260678	0.640879252	0.584972004	0.561119752	28.76227716	0.193223788156559	0.232864918190052
RFNG	-0.11968854	0.640994517	0.585255863	-0.560690053	18.25308819	0.193145685374831	0.232654226916612
NMNAT1	-0.460099746	0.641524116	0.586398367	-0.56061301	18.70845296	0.192787013102201	0.231807247786909
WDR4	-0.095257922	0.641524116	0.586136545	-0.559357597	18.8756047	0.192787013102201	0.232001199967892
SPTAN1	0.074967951	0.641524116	0.586420595	0.558928058	27.62709514	0.192787013102201	0.2317907857445
DCTN6	-0.136367151	0.641524116	0.586526583	-0.558767811	17.03965512	0.192787013102201	0.231712299680445
MUC4	-0.175364003	0.641524116	0.586633396	-0.558606332	16.90482585	0.192787013102201	0.231633217036212
SPATS2L	-0.102344484	0.643684203	0.588788059	-0.55535221	18.6259704	0.191327148994558	0.230041006352274
SHMT1	-0.081814677	0.646389281	0.591442589	-0.551351667	22.74757308	0.189505854029803	0.228087405711606
PSME3	-0.091528654	0.646409284	0.59164105	-0.551052948	22.21121595	0.189492414670018	0.227941700851628
PYCR3	-0.13724969	0.647193971	0.592539631	-0.549701078	16.30806265	0.188965537090511	0.227282597302639
PLS3	-0.076000119	0.649186387	0.594544723	-0.546688332	24.55963498	0.187630595612238	0.225815471202436
PRPS2	0.117068878	0.649296565	0.594826591	0.546265233	21.49458775	0.18755689468691	0.225609625108998
MAP2K2	0.36533573	0.649540253	0.595230867	0.547428421	22.17767521	0.187393929865647	0.225314555586868
GGT7	-0.084035293	0.650370575	0.596311713	-0.544037685	23.84772736	0.186839115944448	0.224526659979589
HOMER3	-0.104155316	0.650370575	0.596354289	-0.543973867	18.52958371	0.186839115944448	0.224495652938492
SNRPG	0.076508895	0.650650275	0.5967921	0.543317761	22.79882525	0.186652382321448	0.224176934444763
SKP1	0.192926225	0.653351441	0.599451768	0.539337251	21.42988726	0.184853146703896	0.22224575457368
THNSL1	-0.124479939	0.654842159	0.601133333	-0.536825246	21.28720473	0.183863368307644	0.221029189621469
SERINC5	-0.104560911	0.654842159	0.601184524	-0.53674883	21.66553166	0.183863368307644	0.220992207772273
RPL10A	-0.069655531	0.656787281	0.603153314	-0.533812427	26.15931348	0.182575266127654	0.219572281622459
ADK	-0.104022652	0.657062024	0.603588749	-0.533163644	20.56576767	0.182393632860998	0.219258864146209
PFDN4	0.12400628	0.661799174	0.608149889	0.526381879	19.75276471	0.179273779224316	0.215989368189553
KHDRBS1	-0.096335562	0.661799174	0.608309274	-0.526145361	22.24615557	0.179273779224316	0.215875562435115
MARCKSL1	0.151419492	0.662255836	0.609068381	0.525019318	22.39879669	0.178974205878706	0.215333945751666
TPBG	0.082553864	0.662255836	0.609098177	0.524975133	21.13168261	0.178974205878706	0.215312700318026
LOXL1	-0.090084509	0.662270217	0.609295983	-0.524681834	21.31618349	0.178964775201325	0.21517168510659
ITCH	0.105683767	0.663651832	0.610752048	0.52252431	21.56193202	0.178059702405784	0.214135068057174
MYH9	-0.133783964	0.663877944	0.611145164	-0.522808811	28.71988644	0.1779117596679	0.213855620467374
TIAL1	-0.220436394	0.664299732	0.611903738	-0.521076939	21.44337543	0.177635922766857	0.213316893775381
GSS	-0.065882108	0.664299732	0.611768022	-0.521020415	24.37736336	0.177635922766857	0.213413227959227
COL21A1	0.150991253	0.664821298	0.612569457	0.519834971	20.3856799	0.177295076083579	0.212844661115875
LRWD1	0.121134661	0.667314065	0.615052289	0.516167382	17.52666245	0.175669721414005	0.211087960876883
NECTIN2	0.100370865	0.66802119	0.615890217	0.514931273	23.22198152	0.175209761245843	0.210496694329392
ANKRD30B	-0.149715479	0.669504519	0.617444385	-0.51264077	19.28871039	0.174246487255198	0.209402154465635
F10	0.120505899	0.670138985	0.618216288	0.511504214	17.54658697	0.173835116465082	0.208859556866802
ACACB	-0.124804981	0.670849279	0.619058518	-0.510264907	19.43688896	0.173375042649585	0.208268296305743
STX4	0.11764413	0.671861074	0.620179453	0.508616782	18.11953988	0.172720520149617	0.207482626354962
MINK1	0.158796072	0.674784464	0.623066033	0.504379327	19.03085755	0.170834925011103	0.205465924050583
PTPN6	0.119435092	0.675921703	0.624304494	0.502564231	18.83875017	0.170103608680314	0.204603538827517
GOLGA4	-0.201690144	0.676048654	0.624610169	-0.502688965	22.29311756	0.170022047544526	0.20439094949321
UBXN7	-0.119251367	0.678371784	0.626945607	-0.498699246	18.7235279	0.168532224294892	0.202770136369374
GPC6	-0.203148332	0.678771168	0.627503892	-0.497883268	18.95042016	0.168276613385058	0.202383576191336
MMP9	-0.447967293	0.681360035	0.630277023	-0.495369596	18.36005561	0.166623343453762	0.200468524964182
GET4	0.123548336	0.681360035	0.630238627	0.493891302	17.99762178	0.166623343453762	0.200494982661763
DSG2	0.074502797	0.682241266	0.63128233	0.492369983	28.38309889	0.166062015426896	0.199776366685467
MARCKS	0.061599588	0.682859994	0.632045161	0.491258834	28.02900551	0.165668330090177	0.199251889324611
MCM2	-0.073885413	0.684847056	0.634075229	-0.488304939	21.62049128	0.16440640683114	0.197859212778572
CHMP5	0.092113295	0.685097498	0.634498045	0.487690281	18.00895805	0.164247618536343	0.197569711704848
CDC37	0.112740785	0.686590883	0.63607249	0.485403189	23.55659021	0.163301967716385	0.196493387161332
IPO5	0.066085947	0.686750046	0.636411344	0.484911311	24.06696857	0.163201302817418	0.1962620876793
IGHA1	-0.672078443	0.68812967	0.637881628	-0.484265181	19.05235675	0.162329716329625	0.195259906037535
BTN2A1	-0.12688629	0.691682919	0.641368192	-0.477730133	18.9058488	0.160092949022259	0.192892582264487
AKR1B1	-0.090795979	0.691755368	0.641628167	-0.47735422	23.06635037	0.160047462062351	0.192716579100197
YWHAG	0.059927656	0.692411507	0.64242974	0.476195637	25.64824915	0.159635723313863	0.192174362469524
PLXNB2	-0.042159874	0.696208611	0.646189049	-0.470770996	25.66688706	0.157260609482273	0.189640406267571
CORO1B	-0.074296163	0.696208611	0.646340826	-0.470552293	25.16614908	0.157260609482273	0.18953841107944
PDLIM1	-0.087096852	0.696887689	0.647259382	-0.469229213	17.69187088	0.156837207522852	0.188921645765553
MIF	-0.149929366	0.696887689	0.647359718	-0.469084744	19.80526976	0.156837207522852	0.188854328094705
NUP214	-0.187023646	0.703692942	0.653877444	-0.459722208	20.26500596	0.152616804899598	0.184503643697476
P3H2	-0.075886196	0.704534961	0.654856214	-0.458319948	21.66857629	0.152097451110118	0.183854047063807
OLA1	0.057610969	0.707553949	0.657859525	0.454023143	25.58623709	0.150240440807552	0.181866832876096
RELN	0.558846709	0.70853186	0.658966226	0.453802668	17.25306601	0.149640616395916	0.181136843733322
CNTN5	-0.152647525	0.710477645	0.660973908	-0.449576832	19.01470116	0.148449582487928	0.179815683986791
ETFB	-0.113845105	0.71216088	0.662738344	-0.447061999	17.68668904	0.147421886414019	0.178657901740469
GALNT14	0.154171838	0.712233782	0.663004691	0.446682639	18.18854853	0.147377431127584	0.178483398792501
KLK10	-0.094729634	0.712625419	0.663567872	-0.445880723	20.73709787	0.147138690637053	0.178114649397061
CALU	-0.086660084	0.714682587	0.665749405	-0.442779598	29.98054594	0.145886799208389	0.176689213030714
APIP	0.103288288	0.714682587	0.665881797	0.442589106	19.03222536	0.145886799208389	0.176602857116027
NOS1AP	-0.076295952	0.716554905	0.667825976	-0.439827409	21.08742461	0.14475052679495	0.175336692478324
CSNK1G3	-0.185251952	0.716724462	0.668183758	-0.439321845	16.73658402	0.144647772689216	0.175104085262846
SPINT2	0.081519207	0.72051644	0.671919734	0.43402388	19.78460229	0.142356105453979	0.172682603676673
XPO6	-0.098081147	0.720806229	0.672390872	-0.433356974	20.53521542	0.142181468964844	0.172378190929977
TCEAL3	0.10315122	0.721157875	0.67291989	0.432608381	21.42611578	0.141969649655352	0.172036634738562
MELK	0.137403566	0.721385936	0.673333752	0.432022921	17.10080179	0.141832328855932	0.171769615236554
SUSD5	-0.071538293	0.721601683	0.673736242	-0.431453698	23.19815881	0.141702462554861	0.171510090205187
FAS	0.219748152	0.723815508	0.676004952	0.428444729	19.85656417	0.140372116217216	0.170050122670202
DYNC1LI1	-0.110506849	0.724661138	0.676996693	-0.426850265	23.95630131	0.1398650283253	0.169413452755564
TAF2	-0.376588019	0.724777503	0.677307405	-0.427667166	16.61288483	0.139795295566608	0.169214176227304
SOD1	0.174550495	0.72495454	0.677726994	0.426013106	21.68060016	0.139689226044387	0.1689452159805
PSME2	-0.098995249	0.72495454	0.677876946	-0.425606312	24.31188292	0.139689226044387	0.168849135813581
UPF3B	-0.106783435	0.727925938	0.680858263	-0.421405783	18.14464499	0.137912805239359	0.16694328750524
GTF2H1	-0.191470279	0.730061814	0.683059507	-0.41831156	19.00586677	0.136640366807523	0.16554145966257
CCDC3	-0.117250349	0.732108807	0.685178756	-0.415332447	20.74849548	0.135424368712071	0.164196110818904
INPP1	-0.059169903	0.737245919	0.69019204	-0.408305672	27.45385598	0.132387622792015	0.161030053743475
ACYP1	-0.093845772	0.738760614	0.69181596	-0.406034163	17.02806196	0.131496266424032	0.160009423154299
NECTIN3	0.159422061	0.740005669	0.693188142	0.404729041	22.72813814	0.130764953233906	0.159148875138753
MAP2K1	-0.160769272	0.742722689	0.695940268	-0.401318355	24.96639959	0.129173308874236	0.157428033940043
INTS9	0.128207563	0.745214996	0.698483286	0.396731282	17.64042346	0.127718414357488	0.155843981654048
ZPR1	-0.128945858	0.74529131	0.698762532	-0.396342457	19.30473356	0.127673942557553	0.155670390154333
PLSCR1	-0.075833791	0.746076072	0.699706238	-0.395028905	21.4850887	0.12721688839132	0.155084254261503
SLC16A1	-0.074379204	0.746808484	0.700857491	-0.393427452	24.06254709	0.126790756960967	0.154370280413073
FAM3C	-0.081479201	0.746808484	0.700998072	-0.39323197	17.99253339	0.126790756960967	0.154283176499693
ATP2B4	-0.075522803	0.746808484	0.701017551	-0.393204886	23.38044756	0.126790756960967	0.154271108699485
SLC4A7	0.111325494	0.74895023	0.703236713	0.39012124	20.65353109	0.12554704151887	0.152898464673312
PPP4C	-0.099654291	0.749852339	0.704292749	-0.388655213	20.6496198	0.125024249503179	0.152246782835127
NELFE	0.099791878	0.751819297	0.706349736	0.385802193	20.83542304	0.123886531411427	0.150980212820227
GBP2	-0.113607841	0.752889756	0.707705824	-0.383923148	20.79500062	0.123268611934829	0.150147230393534
ADGRE5	0.08849364	0.752889756	0.707775124	0.383827162	21.09702347	0.123268611934829	0.150104705472711
CRLF3	0.104902367	0.754899495	0.709874832	0.380920701	20.92504807	0.122110865155456	0.14881822108923
YTHDF2	0.165964735	0.755291343	0.710453814	0.380121754	17.9614796	0.121885493071767	0.148464149934843
TSR1	-0.076579513	0.756901018	0.712178884	-0.377735337	17.00732675	0.120960910654578	0.147410907238894
FRY	0.086097813	0.757056811	0.712536469	0.37731933	26.23675599	0.120871528983356	0.147192902715752
TMED9	-0.172723811	0.757166928	0.712851138	-0.376808583	18.51138269	0.120808363673876	0.147001152749813
NOMO2	0.043372446	0.757932519	0.713783161	0.375519837	24.09158139	0.12036945918394	0.146433701786694
SPATA31A7	-0.071245418	0.76318413	0.718941571	-0.36840938	16.21820125	0.117370669128238	0.143306403669127
PPIG	-0.209162815	0.764591112	0.720480086	-0.367120545	21.61352266	0.116570754749884	0.142378018541642
CASP3	0.117961827	0.765651022	0.721772053	0.364516268	21.18405289	0.115969133440813	0.141599937824945
NT5C	0.070485616	0.765651022	0.721905632	0.364332687	18.89526452	0.115969133440813	0.14151956999303
ADA	0.103873441	0.768356853	0.724671012	0.360535094	18.52885982	0.114437030887557	0.139859110808443
IAH1	-0.074757626	0.769639489	0.726095226	-0.358581448	17.30248461	0.113712657427075	0.139006418674112
HYOU1	0.032060103	0.770258306	0.726893708	0.357486784	28.25583811	0.113363609816582	0.138529090384414
RRAS	-0.089617321	0.772843032	0.729548314	-0.353850788	20.7605692	0.111908704346387	0.136945941866753
DSC3	0.082968273	0.773087068	0.729994143	0.35324063	20.97512279	0.111771591434146	0.136680624363085
HLA-A	-0.058439943	0.773815996	0.730898108	-0.352003908	24.71935505	0.111362296968445	0.136143162327579
TNPO2	0.268583377	0.776245593	0.733409298	0.349350284	19.55286221	0.110000852440117	0.134653588451642
NFYC	0.108065645	0.777387445	0.734704801	0.34680223	21.73834791	0.109362477611686	0.133887122206807
RXYLT1	0.209005198	0.777731634	0.735341443	0.346548861	17.2591637	0.109170235888346	0.133510956999812
APAF1	0.132610752	0.777731634	0.73546361	0.345766557	16.71195619	0.109170235888346	0.133438810859187
CAV1	0.217128957	0.779353991	0.737432218	0.343657044	19.30700476	0.108265236270563	0.132277892233076
VANGL1	-0.103256609	0.779353991	0.737272585	-0.34329915	19.63264165	0.108265236270563	0.132371914753595
TNFRSF10B	-0.07898505	0.779653075	0.737932509	-0.342399584	17.06067664	0.108098603886077	0.13198335675314
MOGS	0.105308654	0.780028037	0.738504806	0.341619707	17.03694224	0.107889786930601	0.131646674065656
SLC12A7	0.132695512	0.780918829	0.739565825	0.340174429	20.67495211	0.107394105622612	0.131023165599445
PCM1	-0.113481375	0.782184617	0.740982584	-0.338247398	22.04164234	0.106690729444626	0.130191999526183
ZFAND2B	-0.060837891	0.782796405	0.741780317	-0.337160386	21.68126712	0.106351177511031	0.129724694776213
CCNE1	0.073110428	0.78416815	0.743486934	0.33483983	19.09221567	0.105590801107672	0.128726659343186
ITGAV	-0.038323015	0.78416815	0.743517293	-0.334798568	26.20706233	0.105590801107672	0.128708926042986
TBC1D1	0.278653485	0.784236758	0.743800916	0.335339547	21.46000265	0.105552805720535	0.128543291137707
THBS1	0.032305329	0.785630881	0.745469058	0.332147081	28.98288373	0.104781453957985	0.127570377990648
AKAP8L	0.070730774	0.785630881	0.745561079	0.332022132	19.71696613	0.104781453957985	0.127516771813847
ESYT2	-0.105494026	0.787312349	0.747376215	-0.329558612	16.88149793	0.103852936592406	0.126460727544208
LZTFL1	0.336349011	0.789926333	0.750077763	0.326794168	19.30027917	0.102413408283435	0.124893709553491
MAD1L1	0.078214192	0.790348447	0.75069886	0.32505463	19.64403949	0.102181395740282	0.124534243646183
PCBD2	0.075340671	0.792154045	0.752634655	0.322433845	18.33400225	0.101190355799201	0.123415788502514
PCMT1	-0.070005448	0.794856634	0.755564467	-0.318471817	18.80850138	0.099711196723982	0.121728474451482
IGFBP4	-0.071515129	0.794856634	0.755645479	-0.318362339	19.70012717	0.099711196723982	0.121681911676145
PDCD11	-0.058079799	0.795429002	0.756411303	-0.31732763	19.11564614	0.099398578324967	0.121241990147129
NID1	0.026700826	0.799407948	0.760417872	0.311920241	27.10338887	0.097231538143236	0.11894768452126
OXCT1	-0.046861696	0.800291062	0.761480961	-0.310487115	22.98098442	0.0967520334693497	0.118340950681199
LRP11	-0.153938905	0.8016896	0.763035112	-0.308415765	19.2618894	0.0959937502954746	0.117455476990082
VCPIP1	0.066011704	0.802302683	0.763842242	0.307306366	17.12778912	0.0956617554602912	0.11699632794722
PLEC	0.052077825	0.80416194	0.765836496	0.304622619	28.4907955	0.0946564853727864	0.115863941156601
SMTNL1	0.129717972	0.805274741	0.767463471	0.302460381	20.91648923	0.0940559231804673	0.114942286496602
RABGGTB	0.098688993	0.805274741	0.767451219	0.30245135	20.44289685	0.0940559231804673	0.114949219749671
ST3GAL1	-0.043806259	0.805274741	0.767569569	-0.302292269	21.91827346	0.0940559231804673	0.114882251598572
CRYZ	0.045014496	0.807647993	0.770195302	0.298764968	24.40634376	0.092777881808913	0.113399134793655
RRN3P2	-0.081226089	0.807647993	0.770281893	-0.298648714	18.12443583	0.092777881808913	0.113350310969915
IFI30	0.073638671	0.809368461	0.772148339	0.296143932	22.11388635	0.0918537229498065	0.112299258445927
RCN1	0.071891767	0.810547309	0.773498881	0.294456714	26.01768395	0.0912216317247443	0.11154031024629
RAB1B	0.103821314	0.810717128	0.773886891	0.29381258	20.40265804	0.0911306515574022	0.111322509865152
SLC12A2	0.131108175	0.812773769	0.776122752	0.291093531	21.51759759	0.0900303210079684	0.110069585055974
LAMA3	0.024883976	0.812773769	0.776303151	0.290575285	29.47314123	0.0900303210079684	0.10996865103981
HID1	0.044615074	0.814605844	0.778280053	0.287929073	23.38177744	0.0890524786008088	0.108864100198849
CTBS	-0.035871988	0.815994022	0.779925477	-0.285728221	24.5284555	0.088313022890652	0.107946892788857
MATN3	-0.061028315	0.815994022	0.780061175	-0.285546783	19.36799114	0.088313022890652	0.107871337151662
VPS37B	-0.077608051	0.817071541	0.781318968	-0.283865507	16.86237382	0.0877399159262314	0.107171632240099
LAMTOR3	0.076140579	0.819146486	0.783531422	0.280910239	16.34126501	0.0866384274547167	0.105943582312716
MRE11	-0.050631873	0.820188352	0.784756581	-0.279274878	21.76145225	0.0860864026881898	0.105265033601795
PAAF1	0.07623508	0.82055652	0.785337539	0.278499686	21.99468159	0.0858914993412702	0.104943642849587
MICB	-0.052973265	0.820704821	0.78570821	-0.278005182	17.82263964	0.0858130154282856	0.104738708813782
ATP6AP1	0.085726435	0.820851822	0.78607772	0.2775123	17.9451224	0.085735233496633	0.104534512868391
USP33	-0.199514267	0.821417287	0.786848165	-0.27704206	19.52337271	0.0854361615143756	0.104109063656753
OLFM3	-0.297472908	0.824163454	0.789868848	-0.273188137	21.17554289	0.0839866473678872	0.1024450141759
PSMG2	-0.115813083	0.824163454	0.789938161	-0.272367242	20.10997398	0.0839866473678872	0.102406905402775
SMARCA1	-0.049250952	0.825096026	0.791072637	-0.270856733	21.30936686	0.0834955046196975	0.101783637362053
DDT	0.089310529	0.825096026	0.791291925	0.270564837	18.26498779	0.0834955046196975	0.101663266151469
MTHFD1	0.039716107	0.825332268	0.791748514	0.269957147	23.34584054	0.0833711749556127	0.101412743064615
ANXA7	0.052656559	0.831064746	0.797479354	0.262338804	16.46064954	0.0803651401928253	0.0982805516061277
MYO10	0.102473054	0.833521094	0.800068742	0.258901975	17.73445648	0.0790834049638931	0.0968726967721851
GSTT1	0.076047786	0.834175752	0.800929617	0.257760089	19.22690911	0.0787424384720276	0.0964056465768619
AKAP9	-0.062994765	0.836717856	0.803603604	-0.254215544	20.07057221	0.0774209628422751	0.0949581241963084
NES	0.105928081	0.836946356	0.804094071	0.253670327	21.31893755	0.0773023771797271	0.0946931401491506
PFDN2	0.048835655	0.836946356	0.804289586	0.253306787	21.6551074	0.0773023771797271	0.094587554537561
ANPEP	0.03800984	0.839342446	0.806826114	0.249948458	23.05209676	0.0760608138254615	0.0932200537134089
DIP2A	0.085364903	0.840276849	0.807958509	0.248450165	19.08377628	0.0755776018144466	0.0926109409271621
GRPEL1	0.066256766	0.84031385	0.808228288	0.248093305	20.08721375	0.0755584783834564	0.0924659533151619
FRG1	-0.194360505	0.842056791	0.810139365	-0.24614983	17.78144011	0.074658617305347	0.091440264770489
GTF2A1	-0.059043718	0.844949854	0.813158262	-0.241577922	20.14516104	0.073169064751278	0.0898249210427063
MDN1	0.078148378	0.847128746	0.815491273	0.238498515	21.09329472	0.0720505808991724	0.0885806822119621
PLCD3	-0.142552649	0.849328893	0.817845965	-0.235693189	19.01897572	0.0709241015633811	0.087328484653677
EDA	-0.061119576	0.850382579	0.819097601	-0.2337432	19.76670611	0.0703856453822972	0.0866643460414799
TMEM30A	-0.06335045	0.852572683	0.821444751	-0.230651306	18.80407358	0.0692685865521511	0.0854216411671082
MAP7	0.080818582	0.853116171	0.822206165	0.229648809	19.68343594	0.0689918258207727	0.0850192711515787
CGAS	-0.131173887	0.85715328	0.826335897	-0.224429464	18.94276861	0.0669415086418216	0.082843380572382
EXOC8	-0.043043893	0.859815894	0.829142417	-0.220527672	17.85578952	0.0655945310581654	0.0813708667898497
STUB1	0.05808632	0.861844031	0.831338403	0.217644119	18.7543009	0.0645713218839368	0.0802221571550716
PCYOX1L	-0.062699391	0.863341953	0.833023925	-0.215432181	17.25774095	0.0638171545901694	0.0793425251883299
APRT	0.054621061	0.865203198	0.835060946	0.212760481	18.03965521	0.0628818839726753	0.078281826857017
GLUD1	0.06803911	0.867537496	0.83755571	0.209575326	22.91233839	0.0617117454085874	0.0769862962422585
CAPRIN1	0.025159426	0.867752817	0.838005438	0.208901455	24.37349727	0.0616039677970635	0.0767531631289958
CXCL16	-0.033359324	0.868605939	0.839071401	-0.207505244	17.29969562	0.061177205521671	0.0762010811964453
APP	0.027107972	0.871258069	0.841876178	0.203833588	31.58683956	0.0598531867350279	0.0747517792435057
ENTPD7	-0.058336462	0.871616498	0.842465444	-0.203062574	16.60877766	0.0596745580006416	0.074447903854723
CDH6	-0.02377138	0.871778696	0.842865189	-0.202539611	31.03780705	0.0595937482142875	0.0742418824990024
BID	-0.044432983	0.872963256	0.844253762	-0.200723481	18.15599668	0.0590040358503036	0.0735269954693341
S100A6	-0.045463632	0.873856553	0.845361231	-0.199355743	27.2147381	0.0585598526671036	0.0729576731723021
WIPI1	0.086512048	0.873883428	0.845630786	0.198923161	19.57910983	0.058546496373457	0.0728192145055738
DCAF7	-0.219283754	0.877460067	0.849448385	-0.194436044	18.17245291	0.0567726390515064	0.0708630050123626
FLT4	-0.040858503	0.877460067	0.849580901	-0.193762624	18.994222	0.0567726390515064	0.0707952593082069
RAB34	-0.065502392	0.878020233	0.850367979	-0.192735033	19.98027904	0.056495476145142	0.0703931017366769
JPT1	-0.137160295	0.878817924	0.851385481	-0.191801432	17.33193333	0.0561010939739778	0.0698737602844963
RPL37A	-0.055875376	0.885080361	0.857699113	-0.183174061	18.05921546	0.0530172956813592	0.0666650390530525
RTN1	-0.036734089	0.8867369	0.859551544	-0.180761091	18.62611161	0.0522052187564844	0.0657280752263966
S100A13	-0.027733514	0.886995585	0.86004951	-0.180112636	25.55364374	0.0520785418536282	0.0654765472437666
HSPA1B	-0.023138864	0.887190116	0.860485397	-0.179545088	29.25659618	0.0519833052161668	0.065256495535297
NADSYN1	0.040189615	0.888438944	0.861956401	0.177630224	17.75309803	0.0513724127602021	0.0645147008620428
HTRA2	-0.057890209	0.888438944	0.862191863	-0.177323779	19.4846818	0.0513724127602021	0.064396080149348
GREB1L	-0.042243658	0.888609804	0.862605337	-0.176785702	17.25435957	0.05128889951332	0.0641878591711944
P4HB	0.021429033	0.893692045	0.867787927	0.170045933	28.45263032	0.0488121078233555	0.0615863962369438
SLC7A5	0.023195247	0.896686098	0.870945109	0.165944242	24.2457045	0.0473595633833448	0.0600092153822427
CPE	-0.025981284	0.898996618	0.873487974	-0.162642842	26.37048218	0.046241942067328	0.0587430699156153
RPS12	-0.029280643	0.898996618	0.873690414	-0.162380096	20.11439309	0.046241942067328	0.0586424292759259
BDP1	0.03755523	0.899352624	0.874287055	0.161605793	17.0971579	0.0460699938831453	0.0583459518800375
PPP1R7	-0.066204665	0.899780875	0.874954146	-0.160740185	20.41822077	0.0458632420775838	0.0580147065902438
TMEM138	-0.042844835	0.899935434	0.875355258	-0.16021977	17.32009951	0.0457886479644363	0.0578156552329505
SLC1A5	0.024661416	0.90049838	0.876153803	0.159183852	25.61596599	0.0455170641411647	0.0574196496183607
HM13	-0.112082887	0.90057188	0.876476311	-0.159170116	22.41924666	0.0454816178344364	0.0572598173237633
CHMP4B	-0.037149395	0.902853929	0.878948933	-0.155559299	21.01403573	0.0443825076718004	0.0560363567357503
YWHAZ	0.020169721	0.903466505	0.879797092	0.154459897	30.66450602	0.0440879437818752	0.055617477833628
USP11	-0.093255304	0.904175064	0.880739088	-0.153487746	16.88760219	0.0437474744268431	0.0551527288458328
AHSG	-0.063581911	0.904276346	0.881089773	-0.152784684	18.69557696	0.043698829256153	0.0549798396784807
LRP8	-0.034228641	0.904329235	0.881472365	-0.152288964	18.15381989	0.0436734291345331	0.0547912986977712
GALNT1	-0.059285924	0.904329235	0.881645391	-0.15206479	19.72985746	0.0436734291345331	0.0547060585179689
MYH10	-0.066843427	0.905399861	0.883112733	-0.150545657	25.34194475	0.0431595765150957	0.053983853393252
PDK3	0.05262775	0.905399861	0.883193845	0.150058961	17.25161235	0.0431595765150957	0.0539439662134389
PEBP1	0.060365471	0.905462227	0.88350704	0.149653336	16.80277087	0.0431296623544883	0.0537899855788681
LGMN	0.016744246	0.905557848	0.883852726	0.149205661	28.96099927	0.0430838012696048	0.0536200942787787
SNED1	-0.047280709	0.90592036	0.884459036	-0.148420549	18.66611347	0.0429099797324424	0.0533222767747615
WDR83	0.109145519	0.907198389	0.885959631	0.146775184	18.77953829	0.0422977296692369	0.0525860664124526
MMP15	0.030913209	0.907353313	0.886363813	0.145954687	21.80171483	0.042223570703798	0.0523879829126016
DENR	0.076149577	0.91007492	0.889276106	0.142457524	21.88150934	0.0409228538291664	0.0509633766056899
CHST15	0.031064288	0.91086867	0.890397547	0.140735893	23.00887785	0.0405442355471535	0.0504160451309307
CD47	0.02123691	0.91086867	0.890559446	0.140526518	27.48578181	0.0405442355471535	0.0503370855122586
ATP1B3	-0.194306328	0.91148574	0.891416796	-0.13977108	23.52713333	0.0402501214003994	0.0499191872327936
CA11	0.031801966	0.914316886	0.894440432	0.135509414	20.26187923	0.0389032594195675	0.0484485773046871
VPS26B	-0.034605318	0.915081406	0.895443372	-0.13421348	18.03909212	0.0385402692078834	0.0479618738077413
YWHAE	0.017590019	0.916157499	0.89675171	0.132523294	27.84208415	0.0380298592286816	0.0473277865027279
HMGA1	0.021697021	0.916923018	0.897825323	0.131136646	24.37875952	0.0376671248111413	0.0468081495647173
MGAT5	0.015123906	0.916923018	0.89801212	0.130895412	25.32741884	0.0376671248111413	0.0467178018476175
RRP1B	0.102532569	0.917249494	0.898994224	0.129924187	17.47236584	0.0375125191501758	0.0462430985815498
TRIP11	0.058486624	0.917249494	0.899055568	0.1295486	17.7215485	0.0375125191501758	0.0462134649631408
JSRP1	0.038114132	0.917249494	0.899098794	0.12949222	20.06086033	0.0375125191501758	0.0461925848722264
ANKFY1	-0.030691639	0.918111471	0.90041394	-0.127794377	16.55830532	0.0371045864445227	0.045557789972924
CLSTN3	0.014638954	0.918111471	0.900455481	0.127740754	26.82210374	0.0371045864445227	0.0455377540648615
TRIM29	-0.034560811	0.920081369	0.902643929	-0.124916384	21.41920518	0.0361737633663378	0.0444835344785694
FLVCR1	-0.036314884	0.921238838	0.904036217	-0.123120086	21.40599846	0.0356277611403541	0.0438141707102708
YES1	0.031010696	0.921447095	0.904749612	0.122199848	21.73522544	0.0355295948010088	0.0434715944660135
ST14	-0.013068839	0.921447095	0.904754213	-0.122193914	24.44880017	0.0355295948010088	0.043469385917036
GATD3B	0.042476361	0.921933002	0.905488266	0.121247144	20.32412074	0.0353006385113655	0.0431171732289614
NDST2	-0.026791187	0.922387431	0.906416632	-0.120049921	18.08833349	0.0350866236280736	0.0426721341248524
ATP2B2	-0.036418722	0.922387431	0.906448741	-0.120008518	18.80589519	0.0350866236280736	0.0426567499030249
RDX	-0.023470552	0.9229678	0.907276319	-0.118941434	26.17849584	0.0348134501401253	0.0422604245816032
MEMO1	0.030204883	0.923028764	0.9075935	0.118613362	26.42637708	0.0347847650067716	0.0421086231046875
EFEMP2	0.027177084	0.923671831	0.908483247	0.117385477	20.88732327	0.0344823007506396	0.0416830769443227
HEATR5A	0.108521485	0.92411668	0.909178339	0.116782882	17.36614668	0.0342731908134768	0.0413509198067617
ALYREF	-0.025121957	0.925221977	0.910523635	-0.11475573	21.85733327	0.0337540598870735	0.0407087764842648
CLIC4	-0.017516473	0.929551969	0.915043911	-0.108932813	23.68689657	0.0317263248603393	0.0385580645702556
SLAIN2	-0.061419324	0.931539125	0.917259679	-0.106172784	19.18331944	0.0307988998501121	0.0375076968365419
PDIA4	0.010828201	0.931667848	0.917646091	0.10558257	29.15969628	0.0307388918214894	0.0373247810655353
BAG5	-0.044650519	0.931787965	0.918024096	-0.105096005	19.24066257	0.0306829032115195	0.0371459194278459
SLC15A2	-0.041590256	0.933572668	0.92004263	-0.102498219	18.08362727	0.0298518715198171	0.0361920492361445
GOLGA3	-0.069757998	0.935062575	0.92203216	-0.100127099	18.63119328	0.0291593248837734	0.0352539307175682
RPAP1	0.066038048	0.935062575	0.921979903	0.100165781	18.95154041	0.0291593248837734	0.0352785454445564
LRRC59	-0.015073232	0.935386509	0.922612278	-0.099192246	22.68780824	0.0290088981746898	0.0349807701567917
TMPRSS15	-0.02982477	0.935648887	0.923131845	-0.098523943	20.24706188	0.0288870946870985	0.0347362670490995
CTSO	0.034676144	0.93633931	0.924073996	0.097330308	22.10338276	0.0285667434015986	0.0342932508926771
BCAR1	-0.019584491	0.936696687	0.924687755	-0.096522906	16.41553399	0.0284010158222129	0.0340048933944036
PTPN12	0.019975234	0.936735661	0.924987304	0.096137708	18.63626487	0.0283829461084511	0.0338642281697049
TNPO1	0.01547103	0.938550583	0.927041044	0.09349716	23.79643276	0.0275423161957631	0.0329010373893632
WTAP	0.037816696	0.938698615	0.927448882	0.092972877	18.70265367	0.0274738229121364	0.0327100179685697
VPS52	-0.021613576	0.939729946	0.928729763	-0.09132646	20.66267853	0.0269969334348138	0.0321106363949577
TSKU	0.025080042	0.944514009	0.933721067	0.084913253	21.06799053	0.0247915962532353	0.0297828423512962
TEX2	-0.012977382	0.945584178	0.935042549	-0.083215958	17.31372982	0.0242998032402948	0.029168626159069
TBC1D20	0.068031709	0.945874317	0.935856696	0.082375905	17.26673967	0.0241665666210337	0.0287906479511865
SLC9C1	0.019195336	0.945874317	0.935757101	0.082298303	19.32179401	0.0241665666210337	0.0288368685540003
SDF2L1	0.012065865	0.947947619	0.938172239	0.079197244	16.91748096	0.0232156599275063	0.0277174221962455
CUL4B	0.053014158	0.949116697	0.939593787	0.077565699	21.81753277	0.0226803863637104	0.0270598636276556
PPP5C	-0.00924431	0.955974564	0.946649283	-0.06831895	22.45640017	0.0195536630182541	0.0238108897076527
CLDN16	0.019933434	0.958064204	0.949193252	0.065056133	21.46769897	0.0186053860064237	0.0226453579279192
RAB11FIP4	-0.029766192	0.958064204	0.949252577	-0.064980335	17.77915234	0.0186053860064237	0.0226182151780407
LRRC47	0.011813892	0.962129181	0.953548318	0.059472175	22.06553085	0.0167666131711584	0.0206572955816745
DCD	0.032459021	0.96257023	0.954394729	0.058532686	23.91316957	0.0165675741428229	0.0202719678839588
NEDD4L	-0.012701873	0.96257023	0.954521984	-0.058224047	20.56560311	0.0165675741428229	0.0202140647350156
SCYL2	0.022470657	0.964388489	0.956593821	0.055568753	16.26170024	0.0157479820291508	0.0192724287267251
NCAM2	0.016373142	0.965213688	0.957681362	0.054174984	22.97480492	0.0153765278524387	0.018778964557986
SLC16A5	0.026107881	0.965892497	0.958624075	0.052987231	17.64735328	0.0150712074952276	0.0183516682835605
SLC1A4	0.013335082	0.966435832	0.959432673	0.051930555	21.46242285	0.0148269763311937	0.0179854959368375
PPP4R3B	-0.012966336	0.971635679	0.964865642	-0.044970298	17.08012309	0.0124965460403114	0.0155331581593255
FEN1	0.009580824	0.972091683	0.965589398	0.04404327	21.26001474	0.0122927725806886	0.0152075113607639
OLFML2B	0.010706314	0.975463359	0.96922717	0.039384403	17.40737515	0.0107890392197191	0.0135744199413801
TMA7	-0.01032544	0.975463359	0.969577161	-0.038936223	20.39730565	0.0107890392197191	0.013417623137044
MDH1	0.004167149	0.975463359	0.969754125	0.038709615	27.1500247	0.0107890392197191	0.0133383643848508
XPO1	-0.003728836	0.977932821	0.972618396	-0.035042122	27.23828266	0.00969097800491373	0.0120575204909193
MGAT1	-0.011882335	0.977932821	0.972754247	-0.034868187	19.72067027	0.00969097800491373	0.0119968644104823
ITGAL	0.009879166	0.977955486	0.973049355	0.034490355	20.52158476	0.0096809127221493	0.0118651308924474
PPL	0.006001976	0.979013689	0.974375107	0.032793035	26.8482001	0.00921123565794556	0.0112738197754787
DCAF6	0.006353444	0.979015603	0.974670872	0.03241439	18.04295336	0.00921038660053689	0.0111420126146318
SPEN	0.006760977	0.979015603	0.974922728	0.032091962	22.47170759	0.00921038660053689	0.0110298049507959
IL10RB	-0.009206569	0.980363636	0.97653836	-0.030023706	18.83635344	0.0086128061280689	0.0103106922541454
LOX	-0.014889908	0.981679123	0.978122315	-0.02800697	19.41537099	0.00803044488430783	0.00960683293425941
HEPHL1	-0.006821638	0.985824993	0.982527919	-0.022357286	16.51159482	0.00620017564731851	0.00765510009210939
SLC7A8	0.003793783	0.986175328	0.983281349	0.021393034	19.91317578	0.00604586678915256	0.00732219851020265
EFHD2	-0.004349546	0.986175328	0.98342679	-0.021206899	22.31075246	0.00604586678915256	0.00725796506081065
QPCT	0.002690976	0.986297891	0.9838239	0.020698682	24.41174473	0.00599189552694094	0.00708263134769748
CLDN6	-0.002468491	0.989735472	0.987528704	-0.015957573	20.68247605	0.00448086439418653	0.0054502720988333
Immunoglobulin lambda-1 light chain OS=Homo sapiens OX=9606	-0.006233869	0.9932929	0.991355037	-0.011082011	21.38188687	0.00292266882892534	0.00377078245085144
MTAP	-0.001708625	0.994522224	0.992859144	-0.009136758	24.50736692	0.00238550750915455	0.00311236008731251
KBTBD3	-0.002879277	0.994619814	0.993233778	-0.008657399	16.97792909	0.00234289335922129	0.00294851933337719
MANEAL	-0.002123747	0.994920086	0.993810922	-0.007918923	17.88059354	0.00221180126736606	0.0026962346600509
CPOX	0.000924142	0.995905109	0.995072412	0.006304821	22.06889063	0.00178203968967351	0.00214531424146415
ZYG11B	-0.002762995	0.996010373	0.995500142	-0.005758529	17.85639335	0.00173613857107814	0.00195867368799099
RBPJ	-0.001063594	0.996010373	0.995732778	-0.005459877	18.59726012	0.00173613857107814	0.00185719632636548
PITHD1	-0.000536849	0.99867289	0.99867289	-0.001698019	18.57333522	0.00057673933284995	0.00057673933284995
