id	logFC	adj.P.Val	P.Value	t	AveExpr	-log10(pvalue)	-log10(padj)
VIT	6.221681941	7.73194e-11	2.15494e-14	41.40716512	25.36962575	13.6665648173973	10.1117115247638
CTHRC1	-2.424699108	1.9527e-08	1.08846e-11	-24.59065131	24.42453202	10.9631875262908	7.70936447373845
MUC16	1.860099721	4.86056e-08	4.36755e-11	21.86691477	29.70807913	10.3597621144847	7.31331369145805
CD70	-5.593854618	4.86056e-08	5.41868e-11	-21.47096374	19.83518514	10.2661064954792	7.31331369145805
LAMA3	-1.794789863	5.17077e-08	7.20564e-11	-20.95812861	29.47314123	10.142327439399	7.28644477956546
CSPG4	-2.148719569	5.99145e-08	1.00192e-10	-20.37951769	25.91264054	9.99916695406318	7.22246806061703
CDH6	2.307603073	7.82865e-08	1.52733e-10	19.66150134	31.03780705	9.81606711769465	7.10631312275678
GGH	2.76682177	1.03442e-07	2.3064e-10	18.9826879	28.37293733	9.63706537061985	6.98530309117709
PRKDC	-2.341900389	1.10111e-07	2.93816e-10	-18.59431344	25.69502917	9.53192455802667	6.9581692931929
FBN1	-2.766043854	1.10111e-07	3.06886e-10	-18.52528969	25.10041429	9.51302292343338	6.9581692931929
KDM2A	-3.083974901	1.21484e-07	3.72444e-10	-18.22113317	20.76336799	9.42893901773257	6.91548091687455
CTSS	-5.136283933	1.56506e-07	5.37347e-10	-17.6580155	19.4519708	9.2697451714396	6.80546900816902
GPRC5C	-2.160601121	1.56506e-07	5.6705e-10	-17.57673837	24.34491817	9.24637864522224	6.80546900816902
FBLN1	-1.977755336	1.75104e-07	6.83238e-10	-17.29784936	28.97670296	9.16542798726728	6.75670393296803
PVR	1.51650706	1.85059e-07	7.73659e-10	17.11417538	26.41684195	9.11145041793569	6.73268978895152
FN1	-2.461648959	2.27569e-07	1.02394e-09	-16.70657744	33.43923946	8.98972549104803	6.64288689889334
SLC39A10	2.102688753	2.27569e-07	1.07823e-09	16.63244182	25.36292656	8.96728858880009	6.64288689889334
EDA	4.29149566	2.43967e-07	1.25864e-09	16.41222001	19.76670611	8.90009847034538	6.61266891418235
PRCP	1.624131779	2.43967e-07	1.29191e-09	16.37534479	25.72012289	8.88876774010627	6.61266891418235
PLCB4	-2.584492056	2.71334e-07	1.51245e-09	-16.15421628	23.48179431	8.82031897375518	6.56649578276916
TACSTD2	-2.283691899	2.79832e-07	1.64967e-09	-16.03354858	25.60118075	8.78260292336952	6.55310262355121
WDR62	-3.404765862	2.79832e-07	1.80004e-09	-15.91317453	17.86688399	8.74471784401544	6.55310262355121
EEF1A2	-3.407127864	2.79832e-07	1.83346e-09	-15.88789651	24.69409481	8.73672856046137	6.55310262355121
LRP2	3.512083071	2.79832e-07	1.94329e-09	15.80818786	24.59150979	8.71146238416513	6.55310262355121
THBS1	-1.534024485	2.79832e-07	1.99539e-09	-15.77206531	28.98288373	8.69997220860146	6.55310262355121
CCN2	-1.748866526	2.79832e-07	2.02777e-09	-15.75012044	25.06996382	8.69298130643708	6.55310262355121
SERPINA3	1.794989344	3.13956e-07	2.36255e-09	15.54320999	27.30994038	8.62661899149836	6.50313121274262
GIT1	-4.364658599	3.2465e-07	2.55133e-09	-15.4400543	19.04769902	8.59323336424007	6.48858459279123
IFITM3	-2.603399055	3.2465e-07	2.62398e-09	-15.4025329	21.86582282	8.58103947948035	6.48858459279123
SERPINA5	3.239177616	3.33018e-07	2.84163e-09	15.29650185	23.21992492	8.54643247089105	6.47753229175073
MISP	2.710871667	3.33018e-07	2.87725e-09	15.27998649	23.45954176	8.54102240126454	6.47753229175073
OS9	2.098155085	3.83012e-07	3.41594e-09	15.05409557	23.60269351	8.46648976617324	6.41678761910673
ANPEP	-2.27295192	4.03317e-07	3.70944e-09	-14.94667772	23.05209676	8.43069164921698	6.39435347189124
CSPG5	2.359786508	4.37984e-07	4.28513e-09	14.76033868	23.0171274	8.3680359981454	6.35854175442428
IARS1	-1.92324061	4.37984e-07	4.37913e-09	-14.73249423	24.36559833	8.35861216203678	6.35854175442428
NUP93	-1.941178718	4.37984e-07	4.39449e-09	-14.728007	22.54206461	8.35709151946114	6.35854175442428
MED23	-4.157718794	4.9751e-07	5.1304e-09	-14.53075172	19.09022034	8.28984877309082	6.30319818546866
TFRC	1.38634223	5.01017e-07	5.44442e-09	14.45570157	29.88859878	8.26404837930878	6.30014753784346
MAN2B1	4.890347515	5.01017e-07	5.44583e-09	14.45537471	19.96620055	8.26393591995791	6.30014753784346
AGRN	1.168738425	5.70058e-07	6.35516e-09	14.26192692	31.06626871	8.19687351100417	6.24408095520736
ACACA	-2.871070432	5.87159e-07	6.74798e-09	-14.1874185	19.56138209	8.17082621326467	6.23124427784577
NAAA	-3.029022905	5.87159e-07	6.8731e-09	-14.16466427	22.69208598	8.16284733728805	6.23124427784577
APLP2	1.154725675	6.05111e-07	7.25189e-09	14.09841072	29.24554101	8.13954879210484	6.21816495218098
DCAF1	-1.878143784	6.22257e-07	7.77301e-09	-14.01311723	22.30829606	8.10941077357304	6.20603020915203
IDS	1.482629138	6.22257e-07	7.95383e-09	13.98495483	24.8965145	8.09942369557922	6.20603020915203
PROCR	-2.285538498	6.22257e-07	8.18988e-09	-13.94921168	24.28982149	8.08672246157531	6.20603020915203
DSC2	1.552673262	6.22257e-07	8.25501e-09	13.93954457	26.42430485	8.0832823963028	6.20603020915203
EPG5	-4.044683987	6.22257e-07	8.50374e-09	-13.903369	17.49028531	8.07039002674105	6.20603020915203
PLAU	-1.236031451	6.22257e-07	8.77381e-09	-13.86535998	29.61611485	8.0568117746319	6.20603020915203
SDC1	2.495551691	6.22257e-07	8.83243e-09	13.85727643	24.77311181	8.05391979581038	6.20603020915203
HEATR5B	-3.201371307	6.22257e-07	8.84479e-09	-13.85557961	16.27459731	8.05331247399495	6.20603020915203
BANK1	-3.055940456	6.26111e-07	9.07407e-09	-13.82455491	17.09533747	8.04219787478386	6.2033486661281
CFB	-1.614971702	6.72993e-07	9.94109e-09	-13.71443121	27.80020473	8.00256599437209	6.17198945297838
ICAM1	-1.323232237	7.04755e-07	1.06067e-08	-13.63669795	25.10933927	7.97441971456372	6.15196183427196
MTMR2	-3.119023367	7.21264e-07	1.10562e-08	-13.58712199	16.84537844	7.95639411377317	6.14190574393848
USP24	-2.207952194	7.34826e-07	1.14689e-08	-13.54348019	22.17945595	7.94047823395915	6.1338154856586
CNTN1	2.066910777	7.40167e-07	1.17585e-08	13.51384814	23.96555361	7.92964807649733	6.13067028162592
BOC	1.498529475	9.27187e-07	1.4988e-08	13.22852743	26.77536438	7.82425631557824	6.03283266620305
NRCAM	1.59774336	9.90853e-07	1.62933e-08	13.13158198	26.39577509	7.78799094597724	6.0039907713717
CAP1	-1.211545204	1.00066e-06	1.67334e-08	-13.10077223	26.74488756	7.77641580732119	5.99971346018968
LRBA	-1.729400462	1.00416e-06	1.70719e-08	-13.07766282	24.13258978	7.76771814182632	5.99819708242918
SCG3	3.746977128	1.01391e-06	1.76248e-08	13.04095187	19.811667	7.75387580252886	5.99400059356095
HEG1	1.617975976	1.01391e-06	1.78027e-08	13.02940622	26.1009947	7.74951412655755	5.99400059356095
NUP133	-2.803652618	1.06339e-06	1.8968e-08	-12.95671926	17.02773106	7.72197845902987	5.97330742805912
ATP9A	-3.412494553	1.06932e-06	1.93717e-08	-12.93265317	17.53431806	7.71283226527868	5.97089231028446
CILP	2.071889059	1.08096e-06	1.98839e-08	12.902884	26.76931799	7.70149842967895	5.9661903764451
CHST10	1.860953906	1.08653e-06	2.05776e-08	12.86385733	21.68790092	7.68660527911378	5.96395827794485
NID2	-1.259151276	1.08653e-06	2.0592e-08	-12.86306152	26.17004692	7.68630147043969	5.96395827794485
LAMA1	1.153394602	1.11773e-06	2.14949e-08	12.81437594	29.58171635	7.66766457099588	5.95166309239918
MME	-2.256933475	1.16679e-06	2.29772e-08	-12.73903309	17.93024951	7.63870289551887	5.933007301665
EPHB3	1.808569351	1.16679e-06	2.30887e-08	12.73358231	24.25788228	7.6366005191712	5.933007301665
WASHC5	-2.539233143	1.20592e-06	2.41991e-08	-12.68076555	21.28272955	7.61620078576759	5.91868150207229
RPL22	-2.086185073	1.29225e-06	2.62916e-08	-12.5879756	25.23322948	7.58018298369101	5.88865345916027
CEMIP2	-2.041175397	1.31518e-06	2.71246e-08	-12.55323358	24.41730168	7.56663665753323	5.88101480408906
PWP2	-2.358119202	1.37542e-06	2.87503e-08	-12.48861802	20.11358485	7.54135761922949	5.86156466486641
RPL21	-1.593635148	1.44471e-06	3.06015e-08	-12.41966967	22.59787769	7.514257285095	5.8402193211009
CSE1L	-1.194186067	1.44711e-06	3.10556e-08	-12.40344173	28.9589867	7.50786007568676	5.83949845535139
CHGA	1.397035435	1.564e-06	3.39999e-08	12.30405762	24.94445413	7.46852236029634	5.80576325127617
ADAMTSL3	-1.231245696	1.57425e-06	3.46615e-08	-12.28300023	23.58909639	7.46015264682617	5.8029262980259
PGRMC1	2.090288983	1.65874e-06	3.69842e-08	12.21236335	21.11554228	7.431983771023	5.78022168233876
AGL	-1.472076532	1.76778e-06	3.99082e-08	-12.12993967	24.50898388	7.39893785998086	5.75257178385408
FRYL	-1.842110786	1.95526e-06	4.46855e-08	-12.0083454	22.20279833	7.34983337824564	5.70879548427454
RER1	-2.517393375	2.11691e-06	4.93417e-08	-11.90260926	20.28358364	7.30678589157307	5.67429760553006
TSC2	-3.10585227	2.11691e-06	4.95597e-08	-11.8979257	16.42969147	7.30487133120515	5.67429760553006
C1QTNF3	2.997022408	2.14282e-06	5.07635e-08	11.8747254	24.27946278	7.29444844216668	5.66901430879484
SERPING1	1.720110274	2.17185e-06	5.20566e-08	11.84580588	23.28895659	7.28352420060363	5.66317017283174
CTSL	-1.45552509	2.19191e-06	5.31484e-08	-11.82385575	24.09064793	7.27450980511303	5.65917728198776
SEMA3B	-1.363448509	2.31434e-06	5.67621e-08	-11.75451977	24.21528505	7.24594154553414	5.63557283843659
EDC4	-1.671652444	2.35198e-06	5.83406e-08	-11.72570896	22.87473033	7.23402910871876	5.62856637559189
C1S	1.655125457	2.35639e-06	5.91069e-08	11.71202528	24.39660525	7.22836181764652	5.62775282898223
MGAT5B	-2.895849454	2.6859e-06	6.81206e-08	-11.56405542	19.69042433	7.16672153546661	5.57091016078743
UBR4	-1.401846018	2.97101e-06	7.61797e-08	-11.44860115	24.77948278	7.11816074194812	5.52709588641999
FGF18	1.764844789	3.02698e-06	7.84585e-08	11.4183296	25.93230864	7.10535999913728	5.51899044852421
FBL	-2.682080174	3.14664e-06	8.24371e-08	-11.36767903	22.41611771	7.0838772943813	5.5021529408989
WDR82	-1.655743778	3.17801e-06	8.4763e-08	-11.33927235	22.87211173	7.07179368079101	5.4978447405654
MTOR	-2.582277822	3.17801e-06	8.51631e-08	-11.33447055	20.21339277	7.06974853830476	5.4978447405654
SCAMP1	-2.748366841	3.17801e-06	8.59161e-08	-11.32549851	20.88726202	7.06592544517945	5.4978447405654
NMI	-2.024715447	3.19576e-06	8.72865e-08	-11.30938543	22.9461785	7.05905292042817	5.49542584343483
GLT8D1	-1.658537013	3.32963e-06	9.24941e-08	-11.25054428	20.9838646	7.03388596908977	5.47760402411714
VAC14	-3.594102714	3.32963e-06	9.28688e-08	-11.24644836	20.6752323	7.03213016613222	5.47760402411714
PTPRG	1.19431965	3.32963e-06	9.37271e-08	11.23713399	26.19240026	7.02813482022415	5.47760402411714
IL4I1	-3.01989371	3.38467e-06	9.62198e-08	-11.2105924	19.74532892	7.01673555014585	5.4704836679435
NID1	-0.956974371	3.45699e-06	9.92392e-08	-11.17941713	27.10338887	7.00331674537712	5.46130187673503
WDR26	-1.568955991	3.91589e-06	1.13504e-07	-11.04474635	23.13839115	6.94498883320815	5.40716951632344
SEMA3C	-1.427081371	4.17735e-06	1.22247e-07	-10.97092159	24.45679986	6.91276178986841	5.37909913577134
IPO7	-1.239530801	4.44765e-06	1.31396e-07	-10.89950795	26.1832516	6.88141785550964	5.35186939612234
ERCC3	-2.25793079	4.47666e-06	1.33501e-07	-10.88383664	16.75310771	6.8745154811694	5.34904588880419
SUCO	3.14319388	4.6129e-06	1.3885e-07	10.84517844	19.79192314	6.85745411591372	5.33602596007175
GOLM1	1.76718371	4.61599e-06	1.40707e-07	10.83212639	28.39082574	6.85168429641207	5.33573514069928
TM9SF4	1.315689875	4.61599e-06	1.42634e-07	10.81877894	23.98682205	6.84577693835273	5.33573514069928
HUWE1	-1.166191628	4.61599e-06	1.42802e-07	-10.81762544	26.93407842	6.84526571004667	5.33573514069928
C1QTNF5	-2.303358187	4.65528e-06	1.46887e-07	-10.78999667	17.68102558	6.83301663905042	5.33205419249191
DCBLD2	1.005601134	4.65528e-06	1.47416e-07	10.78648044	26.9935735	6.83145537716487	5.33205419249191
FGFR1	3.138423838	4.65528e-06	1.4791e-07	10.78320779	21.25980593	6.83000246293343	5.33205419249191
FOCAD	-2.171847688	4.69359e-06	1.50436e-07	-10.7666612	20.90384523	6.82264822271722	5.32849485008349
TGFBRAP1	-1.688565248	4.79695e-06	1.55437e-07	-10.73475697	22.47823325	6.80844559439501	5.31903480828775
CAST	1.582650229	4.79695e-06	1.57539e-07	10.72167513	27.16535248	6.80261191560061	5.31903480828775
AKTIP	-2.389352602	4.79695e-06	1.57759e-07	-10.72031397	16.82555962	6.80200585529243	5.31903480828775
LSR	1.301649656	4.94585e-06	1.64653e-07	10.67875356	29.084353	6.7834303519756	5.30575905925659
IPO11	-1.790245081	4.94585e-06	1.65413e-07	-10.67428369	23.20397478	6.78143036173388	5.30575905925659
PRSS2	1.643381167	5.12787e-06	1.7293e-07	10.63125282	25.25575275	6.76212965852326	5.2900629934343
ANGPTL2	1.21088803	5.24486e-06	1.78778e-07	10.59914166	25.77478397	6.74768592550908	5.28026609985154
DNAJC13	-1.314343068	5.24486e-06	1.79799e-07	-10.59365562	22.69273371	6.74521272804044	5.28026609985154
EIF2A	-1.473610638	5.70189e-06	1.97055e-07	-10.50562423	25.6590376	6.70541254103253	5.24398116528924
XPO1	-1.111607975	6.0178e-06	2.0965e-07	-10.44645175	27.23828266	6.67850513326041	5.22056225001896
PGM2L1	-0.996937556	6.09549e-06	2.14056e-07	-10.42665036	26.25552428	6.66947259436379	5.2149913768803
TBC1D15	-2.651779907	6.39914e-06	2.27406e-07	-10.36921964	18.46903409	6.64319808084215	5.19387838825842
UBE4A	-1.827040659	6.39914e-06	2.30415e-07	-10.35677495	22.45650938	6.63748925178884	5.19387838825842
MIA3	1.179292287	6.39914e-06	2.30534e-07	10.35628625	23.94013432	6.63726501420727	5.19387838825842
CCN1	-1.247122429	6.39914e-06	2.3341e-07	-10.34456034	24.06517057	6.63188054138497	5.19387838825842
ATRN	1.438136636	6.39914e-06	2.34431e-07	10.34043783	27.13598763	6.62998495989477	5.19387838825842
OSBPL10	-2.548475511	6.39914e-06	2.35435e-07	-10.33639877	18.56952946	6.62812897404584	5.19387838825842
WIPI2	-2.403167492	6.39914e-06	2.38264e-07	-10.32512073	17.98307117	6.62294157151182	5.19387838825842
SVIL	-2.220087221	6.39914e-06	2.38987e-07	-10.32226125	22.10280397	6.62162572240675	5.19387838825842
FLRT2	-1.689980604	6.57463e-06	2.47373e-07	-10.28975736	22.58895893	6.60664770402345	5.18212868291117
SPP1	3.979809309	6.782e-06	2.57932e-07	10.25047489	18.87939384	6.58849477433627	5.16864221455793
TM9SF3	-2.066157453	6.782e-06	2.58956e-07	-10.24675916	20.52558547	6.58677402194401	5.16864221455793
GAS6	-1.93409676	7.2113e-06	2.78946e-07	-10.17719782	21.54557259	6.5544798618585	5.14198643681538
SYNE2	-3.011267752	7.2113e-06	2.80614e-07	-10.1716383	18.14649438	6.55189066555615	5.14198643681538
ACOT7	-1.105056079	7.2113e-06	2.81377e-07	-10.16910393	26.70686107	6.55071140505805	5.14198643681538
SMU1	-1.692231847	7.31256e-06	2.87366e-07	-10.14948438	21.83891906	6.54156461715474	5.13593055748248
POFUT1	-1.701810586	7.80439e-06	3.14008e-07	-10.06722369	22.48737734	6.50305928724017	5.10766103622577
KDM1A	-2.053229537	7.80439e-06	3.14621e-07	-10.06542248	22.40487433	6.50221229290237	5.10766103622577
ICOSLG	1.2188858	7.80439e-06	3.15508e-07	10.06281994	24.89583081	6.50098962433805	5.10766103622577
SEMA6B	1.316605192	7.80439e-06	3.17285e-07	10.05762882	22.85280386	6.4985504591672	5.10766103622577
RABGAP1L	-1.51296304	7.80439e-06	3.18533e-07	-10.05400069	22.88736537	6.49684556811515	5.10766103622577
SORD	-1.487130401	7.80439e-06	3.19745e-07	-10.05049266	24.07159453	6.49519623805928	5.10766103622577
MANSC1	1.208765464	7.96776e-06	3.28659e-07	10.02512469	23.51877756	6.48325447049811	5.09866375594046
GPC1	1.083197885	7.98819e-06	3.31728e-07	10.01656032	25.45799721	6.47921786965544	5.09755161393526
ATP13A3	-2.177416047	8.14873e-06	3.40666e-07	-9.992097047	16.21521805	6.46767120881315	5.08891007186988
EPRS1	-1.126273893	8.51672e-06	3.58424e-07	-9.945474819	25.67114801	6.44560291776383	5.06972763060511
RPL15	-1.561427636	8.76853e-06	3.72631e-07	-9.909925517	24.12890884	6.4287210180149	5.05707320781968
CAPZB	-1.149075724	8.76853e-06	3.73909e-07	-9.90680016	26.32617137	6.42723408123975	5.05707320781968
WDFY1	-2.691990966	8.78305e-06	3.76976e-07	-9.899344228	19.37757905	6.42368629806834	5.05635464489648
EPS8L2	-1.612968181	8.8611e-06	3.82795e-07	-9.885374892	21.75746114	6.41703374353519	5.05251236228033
RPS8	-1.331115122	9.05904e-06	3.93871e-07	-9.859406314	23.14825178	6.40464599432064	5.04291782271974
OSMR	-0.979925664	9.11435e-06	3.98817e-07	-9.848063969	24.52396717	6.39922633770031	5.0402742980983
HTATSF1	1.01265427	9.2579e-06	4.07678e-07	9.828111637	25.2187273	6.38968272425154	5.03348751459693
FBXO2	-1.840070131	9.31255e-06	4.1268e-07	-9.817053977	21.98746006	6.38438657813036	5.03093138246746
RHEB	-2.219329648	9.3637e-06	4.17556e-07	-9.806410943	20.83854145	6.37928527141377	5.02855250894719
COL23A1	1.628136007	9.95589e-06	4.46739e-07	9.745386246	21.71238911	6.34994613227081	5.001919910442
CPQ	-1.137005656	1.00281e-05	4.52775e-07	-9.733298253	25.20160265	6.34411756075483	4.99878134391689
TTC39B	-2.060838276	1.01873e-05	4.62803e-07	-9.713593262	19.54762299	6.33460383451021	4.9919409043623
SORT1	1.059447795	1.04213e-05	4.76338e-07	9.687712692	25.46572458	6.32208477114005	4.98207810180322
RBM12	-1.753660814	1.06362e-05	4.89163e-07	-9.663906505	17.01009031	6.31054640017119	4.97321350491703
COPB1	-1.219406772	1.06362e-05	4.94844e-07	-9.653573722	24.90009392	6.30553169120213	4.97321350491703
TGOLN2	1.561360326	1.06362e-05	4.97856e-07	9.648148932	25.36328214	6.3028962545271	4.97321350491703
SEMA7A	-0.982218032	1.06362e-05	4.98015e-07	-9.64786264	24.38902391	6.30275757627819	4.97321350491703
VCAN	1.151947955	1.06443e-05	5.01361e-07	9.641877894	27.28721926	6.29984945207614	4.97288289374969
SPARC	3.098230062	1.07309e-05	5.10301e-07	9.626095961	20.98367609	6.29217358061142	4.96936385225191
COL5A1	1.983313964	1.07309e-05	5.12591e-07	9.622099386	17.08832881	6.29022902336569	4.96936385225191
EEF1A1	-1.440631157	1.07309e-05	5.14498e-07	-9.618788165	29.47343029	6.28861630912439	4.96936385225191
NXPE3	2.789752884	1.07309e-05	5.17402e-07	9.613769603	19.23852927	6.28617189686554	4.96936385225191
LGMN	1.07696031	1.08166e-05	5.27444e-07	9.596644121	28.96099927	6.27782364367392	4.96590923029095
IGSF10	2.239728128	1.08166e-05	5.28695e-07	9.594535689	19.6297463	6.27679479680631	4.96590923029095
MAP1B	-1.185803262	1.08166e-05	5.33063e-07	-9.587214228	25.0933282	6.27322146088807	4.96590923029095
CLU	1.021419373	1.08166e-05	5.33593e-07	9.586330778	30.96758875	6.27278987639532	4.96590923029095
CCT5	0.973462208	1.09268e-05	5.42075e-07	9.572309529	24.78010925	6.26594062151928	4.96150700601194
BGN	0.825406172	1.12233e-05	5.59913e-07	9.543577739	28.26679239	6.25187944898524	4.94987942818939
NCAPH	-2.583517566	1.12452e-05	5.65697e-07	-9.534471447	17.22569342	6.24741612440066	4.94903281607326
MYLK	-1.328858294	1.12452e-05	5.6824e-07	-9.530499958	23.22107857	6.245468198336	4.94903281607326
RAB3GAP2	-2.384937888	1.12452e-05	5.70407e-07	-9.527129523	17.90179736	6.24381515348803	4.94903281607326
WDR1	-1.229823125	1.15938e-05	5.91324e-07	-9.495293316	29.45414456	6.22817449398239	4.93577419574078
CD276	-5.10296102	1.16002e-05	5.96774e-07	-9.621049854	19.96439864	6.22419010628355	4.93553452300174
HTT	-2.307846907	1.16002e-05	5.98117e-07	-9.485212994	21.42143378	6.22321385366335	4.93553452300174
HEATR1	-3.069390568	1.1657e-05	6.06344e-07	-9.473167587	19.98496486	6.21728091557856	4.9334132035293
CALR	0.995916448	1.1657e-05	6.07544e-07	9.471425238	30.53335989	6.21642226379512	4.9334132035293
PODXL2	1.359792809	1.16594e-05	6.10916e-07	9.466549635	24.82446195	6.21401850046839	4.93332379806703
NUP205	-2.330731521	1.21597e-05	6.40521e-07	-9.424939722	19.09848258	6.19346662698938	4.91507713969748
PPM1F	-1.914172578	1.24116e-05	6.57247e-07	-9.402334432	20.10248965	6.18227138755164	4.90617222926834
TMPRSS15	2.831321435	1.30624e-05	6.95349e-07	9.353062988	20.24706188	6.15779716558088	4.88397702130004
KIFAP3	-3.261253625	1.35292e-05	7.23968e-07	-9.317920763	19.98728559	6.14028062956329	4.86872788306664
ATF6B	1.20806248	1.35366e-05	7.28141e-07	9.312921506	24.48747642	6.13778451410369	4.86849040408976
TENM3	0.773812302	1.36016e-05	7.35424e-07	9.30426995	27.90918974	6.1334622013675	4.86641000116659
CPVL	1.138699231	1.39538e-05	7.5836e-07	9.277611367	26.40600144	6.12012458210117	4.85530750606082
UBR1	-1.783873321	1.49604e-05	8.20907e-07	-9.209089183	21.99071431	6.08570604102255	4.82505679447488
HNRNPUL2	-1.143902989	1.49604e-05	8.26727e-07	-9.202999711	24.37202262	6.08263787855763	4.82505679447488
IPO4	-1.451663684	1.49604e-05	8.28899e-07	-9.200739552	23.65381763	6.08149838430489	4.82505679447488
ADGRL3	2.405785555	1.49604e-05	8.29741e-07	9.19986441	20.30227028	6.08105744958105	4.82505679447488
HECTD4	-4.171950177	1.51128e-05	8.42407e-07	-9.188206658	17.97313364	6.07447803302777	4.82065506498633
CCDC80	-0.992768195	1.60269e-05	8.98133e-07	-9.131825765	26.00253036	6.04665934608425	4.79515047284802
RABGAP1	-1.629346141	1.60269e-05	9.02293e-07	-9.127867238	23.32452283	6.04465241188111	4.79515047284802
CCDC194	-1.993994571	1.61311e-05	9.12659e-07	-9.118090598	19.90712987	6.03969145913756	4.79233601651424
LOXL2	-1.047877616	1.62377e-05	9.23212e-07	-9.108258254	28.34766292	6.03469855914944	4.78947548667418
CAPZA2	-1.563573366	1.63721e-05	9.35416e-07	-9.097036498	24.85455888	6.02899520589183	4.78589561136884
TPST1	1.471374118	1.6723e-05	9.60128e-07	9.074786517	16.36387837	6.01767086488956	4.77668581023587
C1R	1.050572547	1.69868e-05	9.8001e-07	9.057326596	25.66067985	6.00876949275377	4.76988842650087
NUCB1	1.800334073	1.72396e-05	9.99394e-07	9.042009039	27.29661277	6.00026326223255	4.7634728150663
ANAPC4	-3.105832952	1.75301e-05	1.02112e-06	-9.022398426	18.73410716	5.99092321748658	4.75621560647755
PKM	-0.923338044	1.77011e-05	1.03602e-06	-9.010112975	30.59727464	5.98463186060835	4.75199974442428
GALNS	1.529120845	1.77031e-05	1.04173e-06	9.005453228	22.13477669	5.98224482873775	4.75195067742293
OSBPL9	-3.054554498	1.77031e-05	1.0465e-06	-9.001584118	19.43266137	5.98026076732529	4.75195067742293
RPL3	-1.65826944	1.77031e-05	1.05094e-06	-8.997996754	25.5354981	5.97842207789444	4.75195067742293
RPL18A	-2.078708564	1.77115e-05	1.05637e-06	-8.993626415	21.47653922	5.97618394087997	4.75174465653231
ZNF622	-1.493366461	1.81168e-05	1.09083e-06	-8.966478995	21.25649185	5.96224292660197	4.74191851002958
CADM1	0.852976935	1.81168e-05	1.09501e-06	8.963251643	25.7697317	5.96058191468232	4.74191851002958
EML2	-0.892257349	1.81168e-05	1.09569e-06	-8.962724941	25.29459813	5.96031230199489	4.74191851002958
SLC38A10	3.882058774	1.81593e-05	1.10332e-06	9.238858548	21.97333274	5.95729850924734	4.74090089656365
FGFR2	1.559218472	1.83253e-05	1.11895e-06	8.94499953	22.1125304	5.95118931937804	4.7369489068763
ADH5	-1.413008564	1.83253e-05	1.12363e-06	-8.941485235	25.69208676	5.94937667400897	4.7369489068763
TLR7	-2.070356613	1.85206e-05	1.14076e-06	-8.928736861	22.03028347	5.94280571547594	4.73234494786638
MED24	-2.261136394	1.87229e-05	1.15844e-06	-8.915793973	17.98035782	5.93612645504942	4.72762688228308
GLCE	1.528258368	1.87982e-05	1.16834e-06	8.908638447	23.29253966	5.9324307542815	4.72588373411361
PLXNB2	0.79683551	1.89589e-05	1.18361e-06	8.897726961	25.66688706	5.92679137425957	4.7221868641387
CD63	0.935351894	1.9871e-05	1.24981e-06	8.852111068	25.79232336	5.90315600477067	4.70178027664691
USP9X	-1.223140342	1.9871e-05	1.25438e-06	-8.849056418	24.0325879	5.90157087905288	4.70178027664691
TBC1D31	-2.610177953	1.9871e-05	1.25717e-06	-8.847201629	16.67395885	5.90060599115264	4.70178027664691
VPS13C	-1.632938917	1.9891e-05	1.26501e-06	-8.842005052	17.5799574	5.89790604134377	4.70134338260885
VPS18	-1.886876308	1.9891e-05	1.26952e-06	-8.839029115	17.71295649	5.89636045286728	4.70134338260885
CHEK2	-2.110246836	2.00237e-05	1.28357e-06	-8.829836571	20.4343074	5.89158044192455	4.69845567005787
WDR36	-1.649442729	2.00428e-05	1.29038e-06	-8.82541915	21.33212162	5.88928237683186	4.69804160717578
CIP2A	-2.314156859	2.03366e-05	1.32494e-06	-8.803378129	21.90192277	5.87780378833768	4.69172165341255
RARRES1	-1.284729272	2.03366e-05	1.32805e-06	-8.801424088	28.11817774	5.87678557382695	4.69172165341255
ISG15	-1.581296393	2.03366e-05	1.33137e-06	-8.799343822	20.54095455	5.87570123330987	4.69172165341255
PRPF8	-1.299140455	2.03366e-05	1.33197e-06	-8.7989713	24.34432959	5.87550555668312	4.69172165341255
RAB2A	-1.234799693	2.06044e-05	1.35525e-06	-8.784550648	23.17486915	5.86798058404737	4.68604002760788
ANAPC1	-1.649950406	2.07771e-05	1.3724e-06	-8.774093496	18.03396906	5.86251929061586	4.68241506995924
CKAP5	-1.604189012	2.09173e-05	1.38749e-06	-8.765011739	23.02585194	5.85777013826689	4.67949437481323
MYADM	-2.026287657	2.14899e-05	1.4339e-06	-8.737725321	22.01936423	5.84348113525297	4.66776560542755
RSL1D1	-1.535067393	2.14899e-05	1.43745e-06	-8.735675127	23.482474	5.84240725279607	4.66776560542755
ZDHHC3	-1.717404089	2.2528e-05	1.51317e-06	-8.693233014	16.95811382	5.82011227758522	4.64727736253798
CALM3	1.591297995	2.25812e-05	1.52304e-06	8.687867823	24.56597424	5.817288690524	4.64625298271528
KLRG2	-1.693275631	2.26943e-05	1.53699e-06	-8.680347883	22.18225455	5.8133289581079	4.64408320841907
XDH	1.099612935	2.28793e-05	1.55589e-06	8.67027433	23.15681481	5.80802111048367	4.6405572670638
LRIG3	1.235046472	2.29851e-05	1.57263e-06	8.66146337	22.29788138	5.80337344384832	4.63855360244864
HNRNPA0	-1.642603747	2.29851e-05	1.5759e-06	-8.659755763	19.85693596	5.80247134447723	4.63855360244864
STRIP1	-2.198644221	2.33433e-05	1.60697e-06	-8.64370263	19.19874371	5.79399223086333	4.63183774852702
COL18A1	1.34807024	2.36787e-05	1.63957e-06	8.627206922	28.46511542	5.78527003677762	4.62564214478377
U2AF1	-2.301339242	2.36787e-05	1.64326e-06	-8.625365943	21.58508673	5.784293716156	4.62564214478377
NRP1	-1.001942958	2.50468e-05	1.74518e-06	-8.576095264	23.59462484	5.75815977273049	4.6012477520768
PLEKHG3	-1.560238637	2.50914e-05	1.75528e-06	-8.57138209	17.28032108	5.7556535955768	4.60047510611018
CASTOR1	-1.929417986	2.53842e-05	1.78284e-06	-8.558667873	17.87103062	5.74888763059641	4.59543651912407
SNX27	-1.393303716	2.53875e-05	1.79014e-06	-8.555332109	22.31031558	5.74711300318218	4.59538006358714
PRKAB1	-2.488916356	2.56112e-05	1.81314e-06	-8.544928253	16.1149718	5.74156866094583	4.59157007240354
MYO1E	-2.185672889	2.56112e-05	1.82019e-06	-8.541763884	17.83841237	5.7398832759464	4.59157007240354
ACP3	1.874888105	2.60293e-05	1.85716e-06	8.525396095	18.73618163	5.73115067885378	4.5845375111157
NUDCD1	-1.208256084	2.61199e-05	1.87787e-06	-8.51637878	25.9848688	5.72633447609378	4.58302849008959
ECT2	-2.510498185	2.61199e-05	1.87819e-06	-8.516242689	16.47830066	5.72626047608603	4.58302849008959
TNPO1	-1.408579099	2.61371e-05	1.88671e-06	-8.512564852	23.79643276	5.72429484868434	4.58274260052997
GOLIM4	1.563688659	2.77005e-05	2.01367e-06	8.459770914	21.43991801	5.69601170007922	4.55751239175573
MON2	-1.6768356	2.77005e-05	2.015e-06	-8.459234397	21.97525837	5.69572494952287	4.55751239175573
SH2D4A	1.449259306	2.77687e-05	2.03043e-06	8.453066064	21.90440925	5.69241197841613	4.55644445139997
LIPA	-1.219254886	2.77687e-05	2.03544e-06	-8.451073702	23.68158995	5.69134169507921	4.55644445139997
CHST3	1.287291229	2.77738e-05	2.04356e-06	8.447858648	22.16600956	5.68961260665003	4.55636469619039
WRAP73	-2.022144303	2.9088e-05	2.14836e-06	-8.407519237	16.70911616	5.66789294228658	4.53628613845813
FRMPD1	0.822952672	2.91431e-05	2.16056e-06	8.402962795	24.08197255	5.6654336685765	4.53546425348275
TSNAX	2.222433978	2.92603e-05	2.17832e-06	8.396374873	21.3393679	5.66187832107891	4.53372122545347
OSBPL8	-2.131497582	2.92603e-05	2.18555e-06	-8.393708552	18.47855979	5.66043925347279	4.53372122545347
PLCG2	-2.409444398	2.95109e-05	2.21249e-06	-8.38385979	18.78586881	5.65511868354749	4.53001754552974
SF3B4	-1.567462231	2.95367e-05	2.22266e-06	-8.380178099	21.41077727	5.65312696618857	4.52963802804398
XRN1	-2.471317021	2.9772e-05	2.24867e-06	-8.370836154	18.88671376	5.64807427408623	4.52619198968017
SLITRK2	1.62465053	3.00953e-05	2.28147e-06	8.359220008	19.16313102	5.64178523757294	4.5215013231252
RPL35A	-1.371643957	3.03087e-05	2.3061e-06	-8.350614618	23.85709732	5.63712186421107	4.51843269098092
CD200	-1.20396061	3.06892e-05	2.3436e-06	-8.337696955	23.32714251	5.63011651066452	4.51301443252334
PCDH17	-3.452926368	3.12691e-05	2.3966e-06	-8.319815834	19.68556378	5.6204044450189	4.50488461861823
ARPC1B	-1.205364207	3.13503e-05	2.41583e-06	-8.313430174	27.07200314	5.61693362992655	4.50375829892509
CPSF7	-2.35808549	3.13503e-05	2.4203e-06	-8.311955909	21.25988373	5.61613079919745	4.50375829892509
TRIM2	-1.228334442	3.17529e-05	2.46023e-06	-8.298895907	22.98478684	5.60902429002606	4.49821660434106
GLA	1.164308632	3.28176e-05	2.55187e-06	8.269764583	24.20123377	5.59314145366588	4.48389318272437
NOB1	-2.417512421	3.39372e-05	2.64839e-06	-8.240268635	16.04954187	5.57701806063101	4.46932399215129
CAPZA1	-1.452679788	3.40782e-05	2.66889e-06	-8.234152716	25.0680889	5.57366932556711	4.46752335259995
EIF3C	-0.909604017	3.41599e-05	2.68481e-06	-8.229437265	25.94378857	5.57108644324981	4.46648340933876
MYOF	-1.722852041	3.47076e-05	2.73753e-06	-8.214030671	19.56508928	5.56264111278632	4.4595754163716
RPS6	-1.626868944	3.47956e-05	2.75417e-06	-8.209234478	23.46067163	5.56000925660513	4.45847567032165
ARMH3	-2.07984349	3.65837e-05	2.90589e-06	-8.166878151	18.45393519	5.53672082957592	4.43671237298969
TRPS1	-2.069537723	3.70828e-05	2.95587e-06	-8.15344116	18.67370416	5.52931467025155	4.43082748114461
CDKN2AIP	-2.383548206	3.7143e-05	2.97103e-06	-8.149415506	20.2056209	5.52709296288207	4.43012302168326
ANK3	-1.765778334	3.78358e-05	3.03698e-06	-8.132144062	17.9059072	5.51755806811408	4.42209707887859
ARHGEF10	-2.132166584	3.93315e-05	3.16801e-06	-8.098993524	19.80099566	5.49921345620566	4.40525949042472
CHD8	-3.533445003	3.93545e-05	3.18082e-06	-8.095830595	18.35699076	5.4974609065665	4.40500560095599
AP3B1	-1.913405185	3.93613e-05	3.19234e-06	-8.092998072	22.20044061	5.49589086034753	4.4049305664017
COL1A2	2.82920757	3.95307e-05	3.2171e-06	8.086947914	19.51930286	5.49253543932395	4.40306549520811
UEVLD	-1.693416221	3.97225e-05	3.24715e-06	-8.079673227	19.46880084	5.48849764895712	4.4009634262885
OSBP	-1.30712418	3.97225e-05	3.25485e-06	-8.077818931	23.22672396	5.48746902112754	4.4009634262885
STARD9	-1.112414828	3.98483e-05	3.27627e-06	-8.072690403	23.63882167	5.48462031488529	4.39959020165476
SEMA5A	1.211227601	3.98821e-05	3.29016e-06	8.069382465	23.20351003	5.4827829818593	4.39922198189498
CYP2D7	-1.426432997	3.99702e-05	3.30857e-06	-8.065022684	20.21316409	5.4803596724781	4.3982636786431
FLRT3	1.629331909	3.99761e-05	3.3202e-06	8.062279628	20.47640796	5.47883575476577	4.39819957717879
ATG16L1	-2.314726365	4.01429e-05	3.34524e-06	-8.056413123	20.09180691	5.47557271887176	4.39639125644984
CPNE1	-1.10179976	4.07265e-05	3.40523e-06	-8.042544812	22.96627353	5.46785354913816	4.39012291120052
ELAC2	-1.862720645	4.08006e-05	3.42279e-06	-8.038533543	18.25635381	5.4656197455127	4.38933345027352
ASS1	-0.865856339	4.11918e-05	3.46709e-06	-8.028513006	25.57503712	5.46003488462106	4.38518922982102
LAMB3	-1.286146704	4.1199e-05	3.47918e-06	-8.025803499	25.22351422	5.45852310186911	4.385113325223
SEC13	-1.784039247	4.14574e-05	3.51256e-06	-8.018371116	22.14043698	5.4543762485968	4.38239793815774
BUB1B	-3.578062854	4.1464e-05	3.52467e-06	-8.016744457	17.17189483	5.45288153793156	4.38232880416852
BIRC6	-1.727014359	4.19534e-05	3.58218e-06	-8.003108052	20.10940729	5.445852595192	4.37723283718562
HTRA1	-0.876265698	4.19534e-05	3.58966e-06	-8.00148781	24.58426655	5.44494668432323	4.37723283718562
PRPF19	-1.008022318	4.31342e-05	3.70271e-06	-7.977420894	25.90759682	5.4314803010026	4.3651782523104
LGALS3BP	0.915147088	4.35288e-05	3.74871e-06	7.967851581	31.4061254	5.42611815527629	4.36122330528831
HNRNPU	-0.868452225	4.3664e-05	3.78208e-06	-7.960988139	26.92946432	5.42226928903114	4.35987648167418
YWHAE	1.056602933	4.3664e-05	3.7847e-06	7.960452053	27.84208415	5.42196853981204	4.35987648167418
UPF1	-1.386368769	4.38047e-05	3.8091e-06	-7.955478321	23.18101785	5.41917762569082	4.35847928962017
RPL9	-2.22965215	4.50847e-05	3.93298e-06	-7.930741187	20.88304402	5.40527826206005	4.34597081583653
AARS1	-1.094194039	4.50913e-05	3.94612e-06	-7.928165295	24.58471235	5.40382971215392	4.34590724363138
PDIA3	0.923605624	4.52015e-05	3.96836e-06	7.92382806	29.29647665	5.40138893658802	4.34484715300026
SFRP1	1.140006426	4.53207e-05	3.99146e-06	7.919349973	24.48338543	5.39886821860797	4.34370339086977
HSPA5	0.869910206	4.54258e-05	4.02073e-06	7.913714836	29.63109891	5.3956950896544	4.34269741553284
CST3	1.544762143	4.54258e-05	4.02604e-06	7.912698738	20.57190956	5.39512191457082	4.34269741553284
SEMA4B	0.690314565	4.58559e-05	4.08324e-06	7.901827796	27.13770514	5.38899509286358	4.338604778367
NBEAL1	-2.348736736	4.58559e-05	4.08971e-06	-7.900607722	17.66364805	5.38830748658068	4.338604778367
OLFML2B	2.142653837	4.68322e-05	4.18984e-06	7.881997816	17.40737515	5.37780256138785	4.32945544022308
NOP56	-0.995113092	4.79758e-05	4.30552e-06	-7.861078587	23.01907822	5.36597438904365	4.31897777463962
CELSR1	1.726165697	4.81442e-05	4.33405e-06	7.856011544	22.61332791	5.36310608272574	4.31745602545984
ARSJ	-1.470390171	4.86964e-05	4.40121e-06	-7.844223014	20.38558273	5.35642790895004	4.31250314387622
PRKAR2A	-0.959636483	4.86964e-05	4.41091e-06	-7.842536884	25.33826856	5.35547180345536	4.31250314387622
SYNGR2	-1.083460097	4.87314e-05	4.44208e-06	-7.837142242	23.88840431	5.35241362425542	4.31219111163244
PCDH20	1.318909335	4.87314e-05	4.45147e-06	7.835525569	20.51664314	5.35149654913909	4.31219111163244
PACS1	-3.150430087	4.87314e-05	4.46771e-06	-7.832738302	19.87003187	5.34991502478813	4.31219111163244
CCDC6	1.607581993	4.87314e-05	4.4684e-06	7.832620276	23.76481651	5.34984795685967	4.31219111163244
RPS4X	-1.211177029	4.9043e-05	4.51064e-06	-7.825420914	24.58708948	5.34576183312229	4.30942297153214
DHX16	-1.580138274	4.93146e-05	4.55817e-06	-7.817406476	17.28212028	5.3412094815503	4.30702448517034
CORO1B	-1.234170424	4.93146e-05	4.56311e-06	-7.81657764	25.16614908	5.34073906183939	4.30702448517034
CSF1	-0.956378435	4.9472e-05	4.59147e-06	-7.81184346	23.51359165	5.33804824895496	4.30564053209779
LAMA4	1.757643286	4.95864e-05	4.6159e-06	7.807789185	21.52296323	5.33574360841355	4.30463742058341
BTF3	-2.290262839	4.99519e-05	4.66385e-06	-7.799900321	21.39066687	5.33125542592054	4.30144798804216
ITGB1	-0.79933573	5.00069e-05	4.68292e-06	-7.796785157	27.12677773	5.32948326136277	4.30097006716045
AXL	2.670017461	5.09661e-05	4.78695e-06	7.780033675	20.55393516	5.3199411087281	4.29271859798441
TBC1D8	-1.573049323	5.16135e-05	4.86214e-06	-7.768166218	16.86095978	5.31317254027835	4.28723668967743
RCC1	-0.982653218	5.39161e-05	5.09408e-06	-7.732758397	24.94921406	5.2929342389394	4.26828152985805
GUSB	1.255524706	5.40719e-05	5.12387e-06	7.728335018	21.81362595	5.29040189746733	4.26702836974344
PCDH19	-0.964453117	5.47981e-05	5.20795e-06	-7.715998874	23.16306641	5.28333319395375	4.26123449943207
DHX15	-1.189233462	5.57081e-05	5.30997e-06	-7.701313609	24.55995434	5.2749079325666	4.25408165348791
AEBP1	-0.970891875	5.73002e-05	5.4777e-06	-7.677811888	24.22487302	5.26140175665896	4.24184386217319
GMPS	-1.022310875	5.75908e-05	5.52153e-06	-7.671797531	25.4489995	5.25794056384918	4.23964688859681
CDH2	1.430537035	5.90869e-05	5.68144e-06	7.650276906	24.18843453	5.24554157541692	4.2285087947252
RPL14	-1.566864917	5.93119e-05	5.7196e-06	-7.645236426	22.31773303	5.24263434251241	4.22685816353539
SELENOH	-1.260266378	5.94604e-05	5.75049e-06	-7.641182684	16.06986469	5.2402951474444	4.22577217355004
MAU2	-1.42354752	5.95242e-05	5.78739e-06	-7.636371295	18.36882832	5.23751725046159	4.22530643276341
GSPT1	-1.468992102	5.95242e-05	5.78984e-06	-7.636052623	23.38022098	5.23733343766759	4.22530643276341
FAM83G	-1.484140247	5.9544e-05	5.80836e-06	-7.633650597	16.5939298	5.23594647406274	4.22516199401618
INPP5J	-1.952470782	5.97378e-05	5.84391e-06	-7.629063803	16.76161892	5.23329648110262	4.22375077546228
TBCD	-1.422133086	6.05224e-05	5.93754e-06	-7.617123041	22.68702211	5.22639345160358	4.21808385847287
PALD1	-2.705989717	6.06198e-05	5.96399e-06	-7.613786827	18.99113093	5.22446309341295	4.217385500813
DARS1	-0.904162258	6.09177e-05	6.01027e-06	-7.607985882	24.91330489	5.22110601770171	4.21525650218703
RPS23	-1.688781438	6.10554e-05	6.04087e-06	-7.604176327	21.48324576	5.21890051022156	4.21427591916398
DYNC1H1	-1.09202393	6.24438e-05	6.19565e-06	-7.585219176	26.11735851	5.20791312405712	4.20451067593609
ROS1	-2.778787394	6.25982e-05	6.24232e-06	-7.579603077	20.50864744	5.20465397186549	4.20343815466987
EXOC4	-1.647286381	6.25982e-05	6.24586e-06	-7.579177968	18.6189437	5.20440775464134	4.20343815466987
RALGAPB	-4.265774347	6.27951e-05	6.28783e-06	-7.698239545	18.60307331	5.20149920854943	4.20207424361928
PPIF	-2.041969665	6.27951e-05	6.31493e-06	-7.570952092	18.68588477	5.19963145916759	4.20207424361928
ATP6V1H	-1.534025165	6.27951e-05	6.31801e-06	-7.570587139	22.79836088	5.19941969103907	4.20207424361928
ZNF350	1.474014012	6.33788e-05	6.41201e-06	7.560482996	29.63693922	5.19300580900326	4.1980559879023
LAP3	-0.997003221	6.33788e-05	6.41207e-06	-7.559543621	24.31165665	5.19300174513764	4.1980559879023
CPAMD8	-1.113702055	6.77805e-05	6.89425e-06	-7.505516972	23.68012813	5.16151297221152	4.16889523180375
KANK1	-2.896530468	6.77805e-05	6.89518e-06	-7.505416533	18.38507701	5.16145439199917	4.16889523180375
EPB41L1	-1.993572145	6.79286e-05	6.93673e-06	-7.500951739	20.86593279	5.15884520931943	4.16794733607231
CYFIP1	-1.012126616	6.79286e-05	6.9481e-06	-7.499734543	23.84022768	5.15813393962971	4.16794733607231
COL5A3	1.733061183	6.85362e-05	7.02935e-06	7.491099957	17.64650891	5.1530848320875	4.16407997876202
MATN2	1.237552424	6.85419e-05	7.04905e-06	7.489023539	21.97283798	5.15186940890339	4.16404386097883
SLC16A3	-2.331664667	6.89517e-05	7.12962e-06	-7.494654827	22.87271262	5.14693361689442	4.1614550218519
DNAAF10	-1.531363837	6.89517e-05	7.11164e-06	-7.482463649	21.24476289	5.14803023600447	4.1614550218519
NEU1	-0.817488048	6.9503e-05	7.21635e-06	-7.471626609	25.42261126	5.14168241125014	4.15799644929008
ENO3	-1.055209176	6.9503e-05	7.22536e-06	-7.470701561	24.86555364	5.14114050952387	4.15799644929008
RPL18	-1.408825305	6.9768e-05	7.27236e-06	-7.465898264	23.40432992	5.13832463059142	4.15634372651797
PLAA	-1.445084849	7.09409e-05	7.41439e-06	-7.451581341	24.00998941	5.12992457363512	4.14910330610154
RPL5	-1.051804585	7.12196e-05	7.46337e-06	-7.446711969	26.28078526	5.12706502749724	4.14740046984009
GMDS	-1.235145147	7.1524e-05	7.51521e-06	-7.441595123	23.52281377	5.12405887927309	4.14554820549079
NCKIPSD	-1.220879874	7.19238e-05	7.57778e-06	-7.435468709	20.57438069	5.12045800742378	4.14312737528714
TBC1D23	-1.445238032	7.19238e-05	7.5973e-06	-7.433568346	21.9195116	5.11934072396137	4.14312737528714
CPM	1.24944874	7.20695e-05	7.63278e-06	7.430128315	23.20022218	5.1173172551296	4.1422484909556
ETF1	-1.341434416	7.35895e-05	7.81427e-06	-7.412791777	23.55878858	5.10711158703441	4.13318414785502
GYG1	-1.192686438	7.37412e-05	7.88247e-06	-7.406387881	24.09746233	5.1033376734642	4.13228979934262
SEH1L	-1.716906536	7.37412e-05	7.89743e-06	-7.40499179	22.08708385	5.10251421483699	4.13228979934262
SORL1	0.815593888	7.37412e-05	7.90096e-06	7.404661985	27.07705312	5.10232013689023	4.13228979934262
SEMA3F	-0.770039442	7.37412e-05	7.91258e-06	-7.403579544	25.64718672	5.10168188602572	4.13228979934262
B4GALT5	-0.913235778	7.38591e-05	7.95805e-06	-7.399360331	25.41012775	5.09919333653219	4.13159598868904
RPS16	-0.817279633	7.38591e-05	7.9664e-06	-7.398587827	24.58164941	5.09873789106862	4.13159598868904
FUCA2	0.898265666	7.38611e-05	7.98958e-06	7.396449119	28.65432935	5.09747605028259	4.13158422876773
HMGN5	1.05266792	7.38611e-05	8.0078e-06	7.39477293	25.20832941	5.09648678217972	4.13158422876773
FYCO1	-1.367821129	7.38713e-05	8.02949e-06	-7.392782463	16.70244858	5.09531203843486	4.13152425812185
TEX10	-1.877461108	7.43608e-05	8.10342e-06	-7.386040049	22.52148789	5.0913316510404	4.12865594658012
LSM8	-1.345744628	7.46186e-05	8.15231e-06	-7.381618204	22.24556714	5.08871931419182	4.12715290348573
RPF2	-2.34161892	7.46961e-05	8.18159e-06	-7.37898237	18.22525133	5.08716228787835	4.12670207278561
ADSS1	-1.847642986	7.63319e-05	8.38489e-06	-7.360959407	19.18287878	5.07650263045877	4.11729392733089
CA8	-1.605806338	7.63319e-05	8.40331e-06	-7.359349135	22.67075619	5.07554961493992	4.11729392733089
TSPAN14	0.844663719	7.64177e-05	8.43406e-06	7.356670545	24.17917848	5.07396331373422	4.11680603773293
RPS9	-1.316942608	7.73586e-05	8.55947e-06	-7.345850499	24.18238837	5.06755312588377	4.11149139851368
DDX21	-1.08803042	7.79294e-05	8.65641e-06	-7.33760184	24.14240118	5.06266218193706	4.10829866750125
ARPC2	-0.923958343	7.79294e-05	8.68164e-06	-7.335470948	26.92000992	5.06139822693489	4.10829866750125
AOC3	-1.101554839	7.79294e-05	8.68779e-06	-7.334952981	22.16068152	5.06109068533159	4.10829866750125
L1CAM	0.668014458	7.89766e-05	8.82654e-06	7.323361163	31.46484509	5.05420950631934	4.10250156688996
NQO1	-1.073042476	7.89823e-05	8.84919e-06	-7.321487191	22.12764652	5.05309648010779	4.10247022356523
RAB11FIP4	3.347414266	8.0406e-05	9.03111e-06	7.3074884	17.77915234	5.04425886793138	4.09471154242486
PDIA6	1.108508584	8.05145e-05	9.06574e-06	7.303825871	22.99208471	5.04259674040467	4.0941258997202
ASAH1	-0.701769803	8.05295e-05	9.09734e-06	-7.301285891	28.31385562	5.04108557385419	4.0940449973923
ACSS2	-1.16113945	8.05295e-05	9.11232e-06	-7.300085952	23.1364442	5.04037103741513	4.0940449973923
ARL6IP5	-0.903841052	8.0749e-05	9.15965e-06	-7.296305894	22.96913482	5.03812112087066	4.09286284729
HAUS4	-1.688173471	8.16579e-05	9.29908e-06	-7.285291512	20.33949933	5.03156001603611	4.08800179304074
RTN3	-0.939139622	8.16579e-05	9.30827e-06	-7.284571736	25.12920197	5.03113102785528	4.08800179304074
RPL27	-1.207059433	8.21828e-05	9.39101e-06	-7.278125125	25.81091078	5.02728769699499	4.08521906623996
RAB1A	-1.023747735	8.33538e-05	9.56864e-06	-7.264488473	24.5049231	5.01914978452907	4.07907459641891
HSD17B10	-1.345373282	8.33538e-05	9.58991e-06	-7.262873113	20.00343013	5.01818546860481	4.07907459641891
PGF	-1.929718259	8.33538e-05	9.59451e-06	-7.262524589	19.59369436	5.01797720016041	4.07907459641891
CDON	1.317876064	8.41782e-05	9.71287e-06	7.253611707	21.50448803	5.01265242395446	4.07480036509816
NCBP1	-1.242559524	8.44627e-05	9.76923e-06	-7.249408469	22.74127311	5.0101396655473	4.07333503969587
CAPN1	-0.8287266	8.60438e-05	9.9928e-06	-7.232986096	28.09482001	5.00031280465016	4.06528041787327
KTN1	1.284197745	8.60438e-05	1.00001e-05	7.232458361	26.72129223	4.9999956570769	4.06528041787327
CARM1	-3.33812157	8.72806e-05	1.01681e-05	-7.233433468	17.34962654	4.9927601912862	4.05908227690421
UBR2	-1.679593298	8.76783e-05	1.02389e-05	-7.21535394	17.86394728	4.98974669859368	4.05710787934074
DLEC1	-1.19831998	8.80463e-05	1.03064e-05	-7.21059632	21.62127664	4.98689300621594	4.05528888981988
PTGFRN	-0.880078476	8.85233e-05	1.03869e-05	-7.204965525	28.07565429	4.9835140495342	4.05294240467387
ARCN1	-0.877992895	8.93476e-05	1.05086e-05	-7.196547465	24.52118576	4.97845513866004	4.04891710875157
SCRIB	-1.75883028	9.08415e-05	1.07096e-05	-7.182859183	21.06747472	4.97022674961977	4.04171570320236
CRYZ	-1.080501366	9.20807e-05	1.08813e-05	-7.171377778	24.40634376	4.96331921593384	4.03583138784719
SET	1.376692506	9.27102e-05	1.09816e-05	7.165600282	28.18119834	4.95933437932602	4.03287248203649
TNFRSF21	1.30513267	9.29842e-05	1.10399e-05	7.160946745	22.49289451	4.95703486045146	4.03159084107799
SDF4	1.22128279	9.3626e-05	1.1144e-05	7.15418642	28.95710916	4.95295889658409	4.0286035306579
TAF5	-1.301320791	9.3626e-05	1.11683e-05	-7.152618773	16.34066515	4.95201292865764	4.0286035306579
IPO9	-0.934632556	9.46026e-05	1.13112e-05	-7.143470672	25.59588635	4.94649131852876	4.02409692755026
WDR61	-1.377187937	9.85756e-05	1.18137e-05	-7.112245522	23.95034507	4.92761406191897	4.00623057082693
CANT1	0.960574069	0.000100354	1.20548e-05	7.097760792	25.71505018	4.91883999056375	3.99846531233139
STRN3	-1.811918428	0.000101086	1.21709e-05	-7.090893715	19.82467807	4.91467730586347	3.99530898826422
PANK4	-2.304775589	0.000102239	1.23382e-05	-7.08112866	19.07281637	4.90874819419964	3.99038340700068
GART	-0.868077167	0.000105873	1.28313e-05	-7.053127572	24.88229137	4.89172934095748	3.97521478064865
SPOCK1	1.001767204	0.000105873	1.28733e-05	7.05079813	28.07938476	4.89031010981032	3.97521478064865
HSP90AB1	-0.968180229	0.000105873	1.28775e-05	-7.05056757	30.42713683	4.89016844144738	3.97521478064865
CRISPLD1	-2.100257581	0.000105873	1.29134e-05	-7.048581126	22.16952869	4.88895939624385	3.97521478064865
CCDC106	-2.436875225	0.000105873	1.29243e-05	-7.047977382	19.10290061	4.88859296965529	3.97521478064865
SDC2	1.47344161	0.00010639	1.3017e-05	7.043683991	26.27470725	4.88548909515113	3.97309919110974
SMC1A	-0.879646533	0.000106537	1.30895e-05	-7.038921328	25.96841057	4.88307694255453	3.97249953677767
CDHR1	1.253046686	0.000106537	1.30945e-05	7.038654298	16.90869441	4.88291108000978	3.97249953677767
PSAT1	-0.698636196	0.000108746	1.34181e-05	-7.021267634	27.42484889	4.87230897581636	3.96358670871702
XPOT	-0.888644533	0.000108746	1.34265e-05	-7.020824299	23.67750283	4.87203718381595	3.96358670871702
FLII	-2.496654838	0.000109713	1.35766e-05	-7.012919244	19.7221217	4.86720897719221	3.95974190940103
PPP1R12A	0.769893722	0.000109808	1.36189e-05	7.010708493	28.22617249	4.86585796901813	3.9593660184534
GALNT10	1.290229827	0.000110217	1.37004e-05	7.006469623	22.65102619	4.86326675289784	3.95775141422488
SNRPG	0.985395929	0.000111341	1.38714e-05	6.997658376	22.79882525	4.85787970463752	3.95334488243153
DOCK1	-1.414124738	0.000111341	1.39021e-05	-6.996088957	18.36319875	4.85691959186638	3.95334488243153
DNAJB11	0.906306243	0.000111779	1.3988e-05	6.991717917	27.37501102	4.85424437636279	3.95163977999856
IARS2	-1.372070681	0.000113763	1.42679e-05	-6.977667765	22.71025923	4.84563994318008	3.94399896385177
ABR	-3.414450467	0.000114079	1.43393e-05	-6.974917444	19.51529696	4.84347204905577	3.94279429443808
PCDH9	1.812754543	0.000114378	1.44088e-05	6.970705278	20.5297323	4.84137218678345	3.94165750174421
NCAPG	-1.55434475	0.000114728	1.44849e-05	-6.966976619	21.85952736	4.83908449870655	3.94033057720348
NCAM1	0.723171285	0.000115394	1.46011e-05	6.961322255	29.17922022	4.835614424631	3.93781677206967
RBCK1	1.100199438	0.000115551	1.46533e-05	6.958798851	27.96366127	4.83406455890037	3.93722629170281
SPON2	2.669462137	0.000117948	1.50043e-05	6.94206197	17.01049269	4.82378426103411	3.9283094188846
LEFTY1	-3.209500737	0.000117948	1.5023e-05	-6.941964696	20.12816811	4.82324333275474	3.9283094188846
EIF2AK2	-1.252223735	0.000118594	1.51382e-05	-6.935789109	19.04044063	4.8199257613314	3.92593728258058
M6PR	-1.151109788	0.000119636	1.53205e-05	-6.927343224	23.03947128	4.81472706083282	3.92213811592631
SLC37A3	-2.709680648	0.000119636	1.53379e-05	-6.926542446	17.17790465	4.81423409806917	3.92213811592631
HNRNPA3	-1.226805845	0.000121174	1.55689e-05	-6.91600552	24.96378267	4.8077420708491	3.91659055564708
OR11A1	-1.266526082	0.00012193	1.57001e-05	-6.910093893	19.77845367	4.80409758139268	3.91388942619868
PSMB9	-2.155652467	0.00012223	1.57727e-05	-6.906841468	20.98884706	4.80209395697345	3.91282218823884
INTS1	-1.565341898	0.000122388	1.58272e-05	-6.904414892	19.20553017	4.80059590965482	3.91226116216813
ANTXR1	2.010920505	0.000122985	1.59535e-05	6.89882114	20.04642503	4.79714402333178	3.910147854532
TIMP3	-2.480652534	0.000122985	1.5973e-05	-6.897964132	20.32836548	4.79661350833952	3.910147854532
FRAS1	-0.702839426	0.000123081	1.60198e-05	-6.895905422	26.96289136	4.79534291018927	3.90980898388446
ATR	-2.564669817	0.00012468	1.62626e-05	-6.885327165	19.30914937	4.78881001991139	3.9042032063952
RDX	1.356561768	0.000126323	1.65122e-05	6.874631797	26.17849584	4.78219505973491	3.8985175689721
OTUD7B	-2.492605747	0.000128663	1.68538e-05	-6.860265668	17.35435853	4.77330216405259	3.89054632649188
RPS3	-0.653302919	0.00012916	1.6974e-05	-6.85528313	25.8548328	4.77021580215937	3.88887196365488
WRAP53	-2.04551421	0.00012916	1.6991e-05	-6.854584471	17.58164559	4.76978106011262	3.88887196365488
TJP2	-0.989532022	0.000131254	1.73603e-05	-6.83952745	24.36332125	4.7604427741354	3.88188745248233
FAT2	0.590579028	0.000131254	1.73832e-05	6.83860114	30.42927364	4.75987027308768	3.88188745248233
TBC1D17	-1.55795362	0.000131254	1.7409e-05	-6.837566867	20.27288212	4.75922617471581	3.88188745248233
EEF1G	-0.70169916	0.000131254	1.74127e-05	-6.83741735	27.21570535	4.75913388228958	3.88188745248233
SEMA6D	2.943279603	0.000133674	1.77711e-05	6.890805112	21.17712359	4.75028568929404	3.87395305612312
RECQL	-1.189444149	0.000135863	1.80999e-05	-6.810368677	23.5604846	4.74232382455447	3.86689879995388
ALOX15B	0.906563525	0.000136447	1.82157e-05	6.805919089	25.26637158	4.73955413486423	3.86503600853031
SIRPA	0.981517458	0.000137052	1.83347e-05	6.801377813	24.19653798	4.73672619175249	3.86311462241835
SEPTIN5	-1.399541144	0.00013905	1.86408e-05	-6.789838921	17.71757097	4.72953545313386	3.85682900679982
NASP	0.875296661	0.000139486	1.8738e-05	6.786214005	27.41939831	4.72727676538616	3.85546937968689
TMEM165	-1.489250989	0.000139917	1.88677e-05	-6.781412003	18.87136895	4.72428103773587	3.85412951526046
SSRP1	-0.902068808	0.000139917	1.89134e-05	-6.77973015	27.41392487	4.72323039243954	3.85412951526046
RUVBL2	-0.894267693	0.000139917	1.89154e-05	-6.779656552	25.5386424	4.72318447033973	3.85412951526046
TALDO1	0.908554874	0.000139917	1.8952e-05	6.778311869	25.63261131	4.72234495228529	3.85412951526046
C3	-0.611996049	0.000140001	1.90024e-05	-6.776461815	35.03828925	4.72119154426127	3.8538688622294
NCR3LG1	-1.488445457	0.000140951	1.91706e-05	-6.770333699	20.79580819	4.71736429439312	3.85093183860798
RCN1	1.667571613	0.000141794	1.93537e-05	6.830095834	26.01768395	4.7132359951943	3.848342145895
YARS1	-1.312968312	0.000141794	1.939e-05	-6.762422359	21.96341951	4.7124221909213	3.848342145895
NCOA7	-2.368600104	0.000141794	1.94037e-05	-6.761930068	18.59072295	4.7121154486075	3.848342145895
LLGL1	-2.125206655	0.000143765	1.97199e-05	-6.75070495	20.84056406	4.70509529170507	3.8423468313175
DIDO1	1.499049893	0.000143765	1.97537e-05	6.749517657	16.61621793	4.7043515461599	3.8423468313175
YWHAQ	0.932327031	0.000144873	1.9981e-05	6.741578535	27.21941382	4.69938278019342	3.83901254650693
NCDN	-1.429876719	0.000144873	1.99867e-05	-6.741381339	20.91292195	4.69925890623702	3.83901254650693
CORO1C	-0.986097479	0.000145383	2.0122e-05	-6.736701831	25.6752601	4.69632885533598	3.83748637365464
ABRAXAS2	-1.657881094	0.000145383	2.01381e-05	-6.736148546	20.77527154	4.69598150689266	3.83748637365464
KIF4A	-1.764866699	0.000145455	2.01885e-05	-6.734416423	17.04122787	4.69489594781828	3.83727134533416
HERC1	-1.850753509	0.000146014	2.03069e-05	-6.730365017	17.63305057	4.69235636983257	3.83560550153575
WDR54	-1.539537039	0.00014605	2.03526e-05	-6.728807328	20.5589514	4.69138010272743	3.83549843869043
ITFG1	-1.267309865	0.000149066	2.08143e-05	-6.713277222	20.22915986	4.68163819016991	3.82662140212865
TTI1	-1.556141338	0.000149855	2.09663e-05	-6.708246661	16.7074169	4.67847820431585	3.82432876198639
EIF3D	-0.890198596	0.000150584	2.11102e-05	-6.703516488	24.1963267	4.6755076521265	3.8222211707705
NAA25	-0.957287367	0.000150699	2.11684e-05	-6.701614205	23.74282564	4.67431196661125	3.82188962954285
CLSTN2	-0.806376885	0.000152294	2.14511e-05	-6.692452838	27.75714746	4.66855043253841	3.8173172064356
YWHAG	0.842116932	0.000152294	2.14773e-05	6.691608473	25.64824915	4.66802031649222	3.8173172064356
NOC2L	-3.508729178	0.0001525	2.16159e-05	-6.751933646	20.1230299	4.66522667746105	3.8167301563172
DRAXIN	1.588471327	0.0001525	2.16068e-05	6.687460398	17.62295402	4.66540954802877	3.8167301563172
PARD6B	-1.827067484	0.0001525	2.1635e-05	-6.686558728	19.92323202	4.66484310046526	3.8167301563172
SPAG9	-1.174825695	0.0001525	2.16764e-05	-6.685240964	22.79179788	4.66401284344162	3.8167301563172
ASCC1	-1.496934872	0.00015273	2.17557e-05	-6.682721685	19.95413278	4.66242693851484	3.816075648243
SIPA1L3	-1.77553917	0.00015273	2.17943e-05	-6.681498962	18.27082616	4.66165707530514	3.816075648243
INPPL1	-2.808937702	0.000152976	2.1872e-05	-6.679761856	20.87791508	4.66011150277625	3.81537669915068
SLC12A4	-2.307782746	0.000154008	2.20625e-05	-6.673064682	19.32894518	4.6563452772681	3.8124567189972
GTF3C3	-1.291668953	0.000155428	2.23092e-05	-6.665402914	18.07567611	4.65151600308303	3.80847074132592
ZCCHC8	-2.124968171	0.000157656	2.26729e-05	-6.654271607	17.40578717	4.64449292744965	3.80228949642064
TMEM59	-1.671046886	0.000162419	2.34032e-05	-6.632480964	17.60203908	4.63072475595201	3.78936316775189
IMPA1	-1.132633403	0.000162561	2.34689e-05	-6.630555984	24.28025206	4.62950726554097	3.7889836378094
BLVRA	-1.333987052	0.000162635	2.35249e-05	-6.628919355	22.79576337	4.62847221400232	3.78878598597964
AHSA1	-1.010804129	0.000163038	2.36287e-05	-6.625896358	25.69936479	4.62656017165402	3.78771116082962
SNX2	-1.012907758	0.000163366	2.37402e-05	-6.622667059	23.71886818	4.62451562663962	3.7868383244795
WDR75	-1.526865547	0.000163366	2.38439e-05	-6.619676483	18.77393172	4.62262270824582	3.7868383244795
ANOS1	-0.948145506	0.000163366	2.38997e-05	-6.618075783	25.76943673	4.62160755048125	3.7868383244795
HSPA4L	-1.238790056	0.000163366	2.39014e-05	-6.618026924	22.10616548	4.62157665995281	3.7868383244795
PDIA4	0.678715485	0.000163366	2.39039e-05	6.617953064	29.15969628	4.62153123669615	3.7868383244795
PAFAH1B1	-0.657982672	0.000163468	2.39911e-05	-6.615455732	25.98700411	4.61994983902767	3.7865672508544
AP2A2	-1.727288651	0.000163468	2.401e-05	-6.614917279	21.30346409	4.61960783994297	3.7865672508544
LINGO1	1.085390038	0.000165041	2.42869e-05	6.607058551	21.57301669	4.61462791536418	3.78240815359303
CTPS1	-1.271622824	0.000165147	2.43487e-05	-6.605318978	21.45219135	4.61352422122134	3.78212931113563
THBS3	1.482236846	0.000165428	2.44361e-05	6.602863804	21.8556345	4.61196810627045	3.78139098077908
CRELD2	1.264801066	0.000165909	2.45534e-05	6.599585839	18.18881005	4.60988836101561	3.78013005433538
DUT	2.15111602	0.000166625	2.47058e-05	6.59535029	19.70513899	4.60720107863106	3.77825983757808
NAGA	0.805913833	0.000169757	2.52394e-05	6.580734879	23.11248678	4.59792097350819	3.77017230836591
ZFP91	1.687753365	0.000169757	2.53232e-05	6.57847138	20.71675404	4.59648141498446	3.77017230836591
CANX	1.120595588	0.000169757	2.53572e-05	6.577554454	23.76077558	4.59589870393246	3.77017230836591
THBS4	-1.450228296	0.000169757	2.53594e-05	-6.577494027	23.11063536	4.5958610260179	3.77017230836591
FSTL3	-1.197390538	0.000170662	2.55422e-05	-6.572587363	20.79338772	4.59274169882234	3.76786316914593
MENT	0.993434982	0.000171663	2.57398e-05	6.567325638	22.14617921	4.58939483191624	3.76532330197036
AP3M1	-3.002013008	0.000173686	2.60916e-05	-6.558753715	19.0569868	4.58349928809545	3.76023518654878
DNAH2	1.359508565	0.000173756	2.61506e-05	6.556522767	21.17560624	4.58251834221928	3.76006018977727
GLYATL2	-0.918853355	0.000173832	2.62104e-05	-6.554965381	23.58712124	4.58152635118361	3.75987027308768
P4HB	0.825265614	0.000175006	2.64511e-05	6.548735086	28.45263032	4.57755626260813	3.75694706147244
SMNDC1	-1.672417781	0.000175006	2.64851e-05	-6.547859541	18.47102592	4.5769983829562	3.75694706147244
PSMD7	-0.983371113	0.000175486	2.66066e-05	-6.544742103	24.861745	4.57501061945764	3.75575752515412
ARPC3	0.799844339	0.000180448	2.74092e-05	6.524513719	23.70000882	4.56210364015024	3.74364792709174
SH3GLB2	-1.379342139	0.000182866	2.78274e-05	-6.514222987	16.60593415	4.55552736924634	3.73786703473687
TRRAP	-2.366310641	0.000186533	2.84375e-05	-6.499501463	17.2176734	4.54610858599881	3.72924432498077
KIF1B	-1.739580098	0.000187335	2.86322e-05	-6.494873548	20.90581986	4.54314528099857	3.72738107533788
AHCYL1	-2.061465321	0.000187335	2.86893e-05	-6.493522798	19.10893953	4.54228004812368	3.72738107533788
SLC7A5	-0.907557976	0.000187335	2.87163e-05	-6.492882897	24.2457045	4.54187151822848	3.72738107533788
NRBP1	-1.362495539	0.000187655	2.88177e-05	-6.490493489	20.71146129	4.54034068407611	3.72663985947642
TMEM132A	0.7225372	0.000188312	2.89712e-05	6.486895108	26.16721062	4.53803351575292	3.72512200410586
VASN	1.038835373	0.000188959	2.91233e-05	6.483345775	26.16840104	4.53575941608325	3.72363241807746
HMGB3	1.110671719	0.000192275	2.97041e-05	6.469978621	25.57811457	4.52718360171029	3.71607717997299
PGAM1	0.672696027	0.000192275	2.97415e-05	6.469127212	26.52053122	4.5266371318028	3.71607717997299
TPP2	-0.990867091	0.000199554	3.09231e-05	-6.44280155	24.90580445	4.50971697512213	3.69993956249025
LMNB1	0.676393385	0.000201702	3.13122e-05	6.434364664	27.07286131	4.50428641771383	3.69528979546766
MICB	-1.225770582	0.000201785	3.13813e-05	-6.432878429	17.82263964	4.50332906931721	3.6951111208511
SEC23IP	0.979118288	0.000202455	3.15497e-05	6.429271109	24.42217014	4.50100476602251	3.69367149305909
CHAF1B	-2.959560582	0.000202455	3.16287e-05	-6.42824514	18.54745393	4.49991865805042	3.69367149305909
YWHAB	0.816995541	0.000202455	3.16547e-05	6.427031058	27.64552417	4.49956179804717	3.69367149305909
MYBBP1A	-2.097909486	0.000203007	3.17977e-05	-6.42399445	20.943473	4.49760429238768	3.69248898667319
MED16	-2.170769062	0.000203482	3.19288e-05	-6.42122206	17.55623153	4.49581740351416	3.6914740023917
SMOC2	2.174541158	0.000203856	3.20443e-05	6.418789438	19.72627703	4.49424921103444	3.69067650163373
HSPA8	0.728089264	0.000207542	3.26815e-05	6.405538016	32.03226029	4.48569801863984	3.68289400245803
SRM	-1.283572283	0.000207747	3.27717e-05	-6.403684526	21.38383423	4.48450102943027	3.68246523898959
MMP10	1.022253718	0.000208709	3.30377e-05	6.398248489	25.00598368	4.48099019476804	3.68045882277901
ERBB4	2.010302212	0.000208709	3.30745e-05	6.397501304	19.41857702	4.48050671248838	3.68045882277901
ICAM5	-2.201452638	0.000208709	3.30979e-05	-6.397026261	20.63083833	4.48019956052471	3.68045882277901
TUBA1A	-0.693040307	0.000210819	3.34912e-05	-6.389088437	27.74935232	4.47506929127645	3.67609025103393
CYP20A1	-1.69689728	0.000211382	3.36397e-05	-6.386117757	17.5321004	4.47314788590996	3.67493199731952
CWC22	-1.883623236	0.000211639	3.37396e-05	-6.384127394	19.10228046	4.47186007049682	3.67440429918831
EIF2B3	-1.181786379	0.000212134	3.38775e-05	-6.38138921	18.65807434	4.47008864604691	3.67338971889974
DYNC1I2	-0.715692441	0.000212295	3.39625e-05	-6.379708129	25.18429125	4.46900034857405	3.6730602342748
CD55	-1.266594836	0.000213349	3.41906e-05	-6.375217851	20.97154828	4.46609327784035	3.67090938840579
PLD3	-0.550849438	0.000214251	3.43948e-05	-6.371223542	26.49855124	4.4635072115567	3.66907714236407
TBL1XR1	-1.239707682	0.000215018	3.45779e-05	-6.367664218	25.13328218	4.46120138602178	3.66752518206832
ERAP2	-0.932095123	0.000215475	3.47114e-05	-6.365080912	24.41134101	4.45952786976238	3.66660311061635
ADSL	-0.891695838	0.000216603	3.49535e-05	-6.360425644	22.19878505	4.45650933051683	3.66433553259333
PPAT	-1.387280326	0.000219293	3.54487e-05	-6.351004852	23.07070284	4.45039968694576	3.65897523111269
UPF2	-1.059084974	0.000221375	3.58469e-05	-6.343531831	21.08169085	4.44554839567557	3.65487142580187
CACYBP	-0.947572529	0.000228521	3.71048e-05	-6.320488009	25.52351036	4.43056990497603	3.64107388414968
XPO5	-0.952536165	0.000228521	3.71315e-05	-6.320007658	21.42955592	4.43025750623938	3.64107388414968
INTS3	-1.010652972	0.000229679	3.73837e-05	-6.315491556	22.23569272	4.42731771713427	3.63887871138332
MACROH2A1	-0.772089196	0.000233323	3.80418e-05	-6.303855381	24.78065305	4.41973894200873	3.63204244817263
SORCS2	-0.850801419	0.00023566	3.84885e-05	-6.296079877	22.84283449	4.41466901419553	3.62771412665472
CPSF1	-0.97979527	0.000236107	3.86273e-05	-6.293681448	22.72864383	4.41310564743586	3.62689113695216
SEMA5B	0.729585642	0.000239219	3.92981e-05	6.282225054	24.58298507	4.40562844655747	3.62120432941834
PALLD	-1.566172075	0.000239219	3.93057e-05	-6.28209719	21.24546632	4.40554446491605	3.62120432941834
ELP2	-0.966023276	0.000239219	3.93365e-05	-6.281576038	21.82992235	4.40520428443467	3.62120432941834
CYB561	-1.51154148	0.000240036	3.95377e-05	-6.27818237	18.52231015	4.40298859820801	3.61972361900143
DCXR	-1.580174942	0.000243618	4.01957e-05	-6.267214617	19.18546954	4.39582040378509	3.61329062649946
GDI1	0.619212242	0.000244488	4.04073e-05	6.263727049	25.21741752	4.39354016797548	3.61174245213004
SORBS2	-3.309833894	0.000248234	4.10957e-05	-6.308480483	18.62421007	4.38620361763655	3.60513873451696
ATM	-1.920910829	0.000248428	4.1197e-05	-6.250883828	16.72504573	4.38513440850286	3.60479945696492
FLT1	-1.45348633	0.00024932	4.1462e-05	-6.246631327	18.62816077	4.38234975270008	3.60324288178004
IGF2BP2	-1.646408548	0.00024932	4.14838e-05	-6.246283225	19.09873503	4.38212146820772	3.60324288178004
CHORDC1	-0.956908433	0.000249457	4.16725e-05	-6.24327578	24.32039683	4.38015044473983	3.60300430483877
ZBTB48	-0.880288211	0.000249457	4.17138e-05	-6.242618108	22.03598194	4.37972024544884	3.60300430483877
PNPT1	-1.42621947	0.000249457	4.17152e-05	-6.242595882	18.27093267	4.37970566988699	3.60300430483877
MAGED2	-1.419768301	0.000249547	4.17999e-05	-6.24125236	18.24469496	4.37882475720822	3.6028476467607
TMPO	-1.588182598	0.000250668	4.21225e-05	-6.23615894	20.72482987	4.37548586103868	3.60090110405713
DCAF8	-1.584964311	0.000250668	4.21273e-05	-6.236082993	20.9235349	4.37543637454695	3.60090110405713
NARS1	-0.776663073	0.000256655	4.32051e-05	-6.219364933	23.99070683	4.36446498533492	3.59065027065411
CMAS	-1.388849076	0.000257205	4.33693e-05	-6.216856141	21.70869022	4.36281758750286	3.58972059309112
COL4A1	0.898055225	0.000257877	4.35545e-05	6.214039341	25.22897977	4.36096696754023	3.58858739077606
DBR1	-1.397825834	0.000257987	4.3645e-05	-6.212667522	21.34602603	4.36006550217118	3.5884021776434
HEXIM1	1.513071832	0.000258219	4.37562e-05	6.210985381	23.50405782	4.35896040126992	3.58801180509218
SMG5	-1.371525163	0.000259186	4.39923e-05	-6.207430096	17.41151365	4.35662333169906	3.58638846069864
ST13	0.972766468	0.000259647	4.4143e-05	6.205171647	24.38536079	4.35513815510794	3.58561669094288
EGFLAM	2.598162044	0.000260219	4.43126e-05	6.202638357	20.31313016	4.35347276740179	3.584660996422
GBF1	-2.283914802	0.000261948	4.46955e-05	-6.196959381	20.19866341	4.34973619998993	3.58178491308654
LRP4	-0.87865005	0.000261948	4.47531e-05	-6.196108545	23.9797885	4.34917687618575	3.58178491308654
DDX23	-1.205434432	0.000264507	4.52641e-05	-6.188619114	23.29385788	4.34424611041819	3.5775628301651
GBE1	-1.18425543	0.000266476	4.57357e-05	-6.181785626	23.62683735	4.33974466950753	3.57434189934632
GOLGB1	1.331273828	0.000266476	4.57496e-05	6.181585529	24.12139109	4.33961269872436	3.57434189934632
PES1	-1.954386196	0.000267421	4.59863e-05	-6.178184367	22.04614882	4.33737153180943	3.57280449151676
NCAPD2	-1.32791562	0.000267528	4.60792e-05	-6.176854787	22.04725326	4.33649506948505	3.57263075716009
CPNE8	-1.120772787	0.000268294	4.63646e-05	-6.172788379	24.0777931	4.33381348264133	3.57138903957565
DOCK4	-2.097869891	0.000268294	4.64267e-05	-6.171907262	15.80938942	4.33323218479654	3.57138903957565
SEC31A	-1.089930353	0.000268294	4.64356e-05	-6.171780913	22.02864771	4.3331489385082	3.57138903957565
THADA	-1.217028666	0.000269122	4.66538e-05	-6.168693949	17.43209755	4.33111297674451	3.5700507983787
FSD1	-1.632645022	0.000269775	4.68421e-05	-6.166042586	22.09106156	4.32936364310505	3.56899829878979
HSPA6	-2.328614452	0.000272382	4.73708e-05	-6.158658043	18.01530009	4.32448928082721	3.56482159558072
GLO1	0.819413151	0.000273923	4.77151e-05	6.153896581	25.30926063	4.32134416165352	3.56237150059117
SCPEP1	-0.663404616	0.00027902	4.86818e-05	-6.140718971	24.73649298	4.31263337219187	3.55436466562127
CLTA	0.926298054	0.00027902	4.87584e-05	6.139685982	22.71114889	4.31195055413183	3.55436466562127
PPIB	0.772443298	0.00027943	4.89081e-05	6.137674232	28.50543582	4.31061920848404	3.55372696924891
EIF4B	1.158568125	0.000279573	4.9011e-05	6.136293796	24.59290338	4.30970643623352	3.55350477325974
PGM2	-0.758264246	0.000279714	4.91137e-05	-6.134920163	26.42543964	4.3087973468895	3.55328579615766
TPM4	1.104160498	0.000279758	4.91993e-05	6.133777645	27.8016512	4.30804107626313	3.55321748547458
ATL3	-1.590822282	0.000283041	4.98557e-05	-6.125084324	21.08337678	4.30228518164459	3.54815065004446
AMIGO2	-0.643945327	0.000283218	4.99657e-05	-6.12363928	25.52837093	4.30132802391395	3.54787914839663
DENND4C	-3.733455392	0.000283888	5.0163e-05	-6.333445529	17.4627304	4.29961649840371	3.54685296479689
GTF3C5	-1.54500896	0.000284344	5.03229e-05	-6.118969538	18.01989989	4.29823433938896	3.54615593145044
DLG1	-0.710910099	0.000284536	5.04362e-05	-6.11749588	24.50982179	4.29725764178967	3.5458627780835
YIPF6	-1.598145759	0.000287864	5.11878e-05	-6.107807785	21.17086357	4.29083353558732	3.54081264418386
CNOT1	-1.550013939	0.000287864	5.124e-05	-6.107141012	23.4886238	4.29039087892735	3.54081264418386
MPP2	-1.063610167	0.000287864	5.12668e-05	-6.10679909	16.33492531	4.29016378975121	3.54081264418386
CGNL1	-1.281536408	0.000289363	5.16143e-05	-6.102376876	17.64845628	4.28722995824296	3.53855700163138
WDHD1	-1.299248388	0.000295441	5.27809e-05	-6.087762177	23.87511434	4.27752320862712	3.52952923536741
TBC1D2	-1.360332945	0.000297584	5.32466e-05	-6.082023293	18.17880199	4.27370811837525	3.52639042291954
PPL	1.112741962	0.000298182	5.34367e-05	6.079694965	26.8482001	4.27216036969498	3.52551857663292
SMCHD1	-3.295960755	0.00029822	5.35709e-05	-6.130644896	18.73962382	4.27107105734657	3.52546323412791
GOLT1B	-1.267662373	0.00029822	5.36098e-05	-6.077584286	18.29265458	4.27075581297724	3.52546323412791
MAT2B	1.095176228	0.000298619	5.37647e-05	6.07569975	22.52341588	4.26950277316025	3.524882563213
RAB1B	-2.146074134	0.000299231	5.39583e-05	-6.073353835	20.40265804	4.26794174158445	3.52399341604978
PPP6R3	-0.899803912	0.000300613	5.42914e-05	-6.069338852	24.18688576	4.26526895914677	3.52199224229141
CHERP	-1.383185755	0.000302695	5.47516e-05	-6.063832444	19.25288923	4.2616031849624	3.51899475278094
OLFM2	1.370787164	0.000302967	5.48853e-05	6.062242821	22.21205349	4.26054395762172	3.51860467347261
IGF2BP3	-1.984426821	0.000303039	5.49829e-05	-6.061084253	19.41534337	4.25977235760308	3.51850147580512
EML4	-0.731521315	0.000303479	5.52067e-05	-6.058436412	25.16643768	4.25800821219012	3.51787135565844
RALY	-0.885579445	0.000303479	5.52319e-05	-6.058139096	23.60446157	4.25781001661115	3.51787135565844
MAL2	-1.400489573	0.000306869	5.59344e-05	-6.049905413	20.83152925	4.25232101617042	3.51304698191337
EZR	1.164174922	0.000308615	5.63753e-05	6.04536986	30.43950448	4.24891113401868	3.51058296920316
DNTTIP2	-2.05539208	0.000308615	5.64245e-05	-6.044224623	18.34890295	4.24853228068978	3.51058296920316
HDLBP	-1.45750258	0.000309821	5.67315e-05	-6.040694065	21.06795312	4.24617573339087	3.5088891486329
DDX42	-1.087305687	0.000311411	5.71773e-05	-6.035600944	23.2898227	4.24277635654688	3.50666605087218
POLE	-1.749216355	0.000311411	5.71962e-05	-6.035386197	19.33394732	4.2426328238967	3.50666605087218
SNRNP200	-0.756291701	0.000312329	5.74518e-05	-6.03248698	23.80463823	4.24069636005104	3.50538768930406
UTP18	-1.799899858	0.000312598	5.75884e-05	-6.030943313	18.05535064	4.23966498746808	3.50501380492125
NPNT	-1.261317677	0.000317338	5.85501e-05	-6.020180456	21.82470216	4.2324723588425	3.49847791969859
RBM39	-1.604552907	0.000324581	6.00141e-05	-6.004151917	20.63483076	4.22174670240319	3.48867690606451
ARPC1A	-0.603632544	0.000324581	6.00674e-05	-6.003576042	25.94626188	4.2213611659566	3.48867690606451
DKK3	0.715366	0.000325248	6.02814e-05	6.001269384	27.52858535	4.2198166700068	3.48778536530176
ITGA3	-0.726191386	0.000327655	6.08188e-05	-5.99551588	26.48714376	4.21596215305936	3.48458320034376
C6orf47	-1.32920348	0.000327678	6.09145e-05	-5.994497824	17.551644	4.21527931622703	3.48455271577153
IFNAR1	1.325385858	0.000330624	6.16405e-05	5.986823098	20.53673975	4.21013384713791	3.48066562417881
CDC27	-1.396348337	0.000330624	6.16465e-05	-5.986759926	16.36081214	4.21009157557816	3.48066562417881
RPL26	-1.041589098	0.000331038	6.1816e-05	-5.984982227	21.71730971	4.20889910076303	3.48012215050503
HERC2	-2.17579722	0.000331944	6.20775e-05	-5.982248798	17.33050608	4.20706578140945	3.47893517696567
PGGHG	-1.654866388	0.000332955	6.23594e-05	-5.979316686	18.4224628	4.20509807209036	3.47761445890297
RPS11	-1.079455763	0.00033334	6.25245e-05	-5.977605745	22.95644283	4.20394977257801	3.47711256891688
NPR3	-0.692621987	0.000333541	6.26551e-05	-5.976255566	24.80585522	4.2030435725276	3.47685077350359
XPNPEP1	-0.681948686	0.00033878	6.37337e-05	-5.965219431	23.42909016	4.19563086823065	3.4700822363166
UFL1	-1.781603474	0.000339466	6.39574e-05	-5.962954331	16.03190205	4.19410919953187	3.46920371697058
GSDME	-2.502993404	0.00034131	6.44116e-05	-5.958383227	19.27862933	4.19103591272826	3.46685098719398
TTYH3	1.623613076	0.00034131	6.4495e-05	5.958105951	23.28751774	4.1904739529086	3.46685098719398
GDA	-0.657045315	0.000344221	6.51411e-05	-5.951111724	25.87233942	4.18614491203003	3.46316263805868
NF1	-3.336164963	0.00035231	6.692e-05	-6.001059486	19.17742214	4.17444406770964	3.4530750295886
IL13RA1	1.251274028	0.00035231	6.69284e-05	5.933653447	20.16325829	4.17438955717903	3.4530750295886
DHX9	-0.77291417	0.00035231	6.69664e-05	-5.93328737	25.4576532	4.1741430473705	3.4530750295886
SF3B3	-0.76381212	0.000353551	6.73007e-05	-5.930078808	27.04917575	4.17198041862065	3.45154793003966
TPR	0.952270252	0.00035453	6.7639e-05	5.926849187	26.12291493	4.16980282179713	3.45034700932944
DTD1	-1.245513345	0.00035453	6.76849e-05	-5.926412651	22.96341186	4.16950820839205	3.45034700932944
NEO1	0.637762139	0.000367046	7.01766e-05	5.903153168	27.41154974	4.15380767683033	3.43527950442836
NME1	0.568526623	0.000368577	7.0572e-05	5.899542235	28.57528844	4.15136757455034	3.43347176918406
LRPAP1	1.849348411	0.000372941	7.16082e-05	5.939238799	23.26046535	4.14503724290384	3.42835986899871
RPS7	-0.801066819	0.000372941	7.16155e-05	-5.890116167	22.82275271	4.14499297160348	3.42835986899871
RRP12	-3.03955572	0.000377192	7.25369e-05	-5.930816842	20.22800461	4.13944100874541	3.42343752694399
AKAP12	0.853994965	0.000379204	7.30295e-05	5.877572032	27.27093726	4.13650167276652	3.42112709019271
MINPP1	0.844623658	0.000379377	7.3232e-05	5.875796739	23.91441017	4.13529910491678	3.4209290020606
ETFA	-1.368009083	0.000379377	7.32743e-05	-5.875426375	17.72522255	4.13504832174779	3.4209290020606
FXR1	-0.604187836	0.000381236	7.37397e-05	-5.871367788	23.79025515	4.13229863359469	3.41880609580092
DDX3X	-1.226555637	0.000384469	7.44721e-05	-5.865035267	19.40473619	4.12800639953983	3.41513867191377
UBP1	-2.603662071	0.00038554	7.47869e-05	-5.862333786	19.78829502	4.12617446839171	3.4139305569695
S100A16	1.589320831	0.000390992	7.60259e-05	5.851816907	19.75504873	4.1190384299445	3.40783212851564
IGFBP7	-0.773270452	0.000390992	7.60625e-05	-5.851509241	27.26851811	4.11882940442586	3.40783212851564
UNC5C	1.031040969	0.00039101	7.61751e-05	5.850563035	23.08729261	4.11818696697835	3.40781213547042
USP10	-1.807207081	0.000392016	7.64803e-05	-5.848005487	21.50355194	4.11645041717431	3.40669620703591
SCAMP3	-1.149095172	0.000392183	7.66221e-05	-5.846820858	23.32785901	4.11564594937834	3.40651123567131
HLCS	-1.657380324	0.000395302	7.73417e-05	-5.840844754	16.20293604	4.11158628620005	3.40307098837201
NOS1	-1.8097103	0.000400858	7.8584e-05	-5.830664901	16.63986668	4.10466586896128	3.39700944468182
EFEMP1	-0.81919305	0.000400858	7.86522e-05	-5.830111327	24.11538792	4.1042891251132	3.39700944468182
GLB1	-0.693841092	0.00041807	8.21459e-05	-5.802394822	24.28232115	4.08541410784439	3.37875099557302
LTBP3	-0.669950057	0.000420329	8.2707e-05	-5.798060489	23.81446658	4.08245773188977	3.37641064543236
UXS1	-1.204270491	0.000421175	8.29907e-05	-5.795880008	21.86737804	4.0809705722622	3.37553741546441
DEK	-0.912753102	0.000425723	8.40056e-05	-5.788145326	23.88907207	4.07569176193771	3.37087288610839
ACO1	-1.122428988	0.000426971	8.43708e-05	-5.78538638	23.73330558	4.0738078329132	3.3696016213864
CTSB	-0.448644548	0.000428371	8.48055e-05	-5.782118375	33.17614619	4.07157598097215	3.36817993785484
AHCY	-0.537480599	0.000428371	8.48862e-05	-5.781514299	27.15426676	4.07116290752976	3.36817993785484
TSPAN3	1.659508667	0.000429017	8.51338e-05	5.779662277	22.14882029	4.06989798117125	3.36752549835161
HSD17B4	-1.137061661	0.000433226	8.60981e-05	-5.772505319	19.31000918	4.0650064323863	3.36328548713977
ANKRD28	-1.300223896	0.000433226	8.62105e-05	-5.771676533	16.42254236	4.06443983609697	3.36328548713977
RPL35	-0.816346453	0.000436401	8.69641e-05	-5.766149968	23.93688046	4.06065999323868	3.36011426290958
CLUH	-1.630413495	0.000436669	8.71391e-05	-5.764873746	20.77767903	4.05978692990695	3.35984763841256
HMOX2	1.479321051	0.000437292	8.73854e-05	5.76308211	18.48252451	4.05856112147424	3.35922846774464
CADM4	1.048085501	0.00043746	8.75408e-05	5.761954281	23.45512073	4.05778948886298	3.35906165138101
EIF2S3	-1.084235186	0.000439449	8.81137e-05	-5.757814916	23.58653421	4.05495656182819	3.35709151946114
ELP1	-1.235326408	0.000439449	8.82632e-05	-5.756740092	20.56216113	4.05422033116994	3.35709151946114
COCH	-0.569521078	0.000439449	8.83062e-05	-5.756430724	25.91509476	4.05400880342967	3.35709151946114
SLC44A2	-0.653109624	0.000440749	8.86903e-05	-5.75367795	24.24042935	4.05212387607395	3.35580866438309
IL1R2	1.087424458	0.000442697	8.92057e-05	5.750003936	22.09581262	4.04960739450889	3.35389342107031
TRAP1	-1.920402669	0.000449462	9.0694e-05	-5.740033515	22.25247648	4.04242144340389	3.34730702003293
SLC34A2	-0.684761926	0.00044967	9.08614e-05	-5.738351125	26.72113912	4.04162057582438	3.3471060856788
SARS2	-1.733480879	0.000449902	9.10336e-05	-5.737152049	17.19142092	4.04079828238997	3.346882076212
ARFGEF1	-1.173025124	0.000452515	9.16886e-05	-5.732613402	23.4651015	4.03768465849428	3.34436702019523
EIF3I	-0.885433381	0.000459289	9.32519e-05	-5.721916512	24.89191828	4.03034231071381	3.33791395583727
HMGXB4	-1.130289537	0.000459289	9.34e-05	-5.720913216	18.27817183	4.02965312376991	3.33791395583727
CSTF1	-0.943492757	0.000459289	9.34451e-05	-5.720607666	23.6822978	4.02944346687749	3.33791395583727
CTSC	0.701845894	0.000462497	9.42876e-05	5.714933969	27.16502595	4.02554541866961	3.33489107997937
OXSR1	-1.39067332	0.000462497	9.43556e-05	-5.714478332	18.19273805	4.025232319379	3.33489107997937
CAPRIN1	0.687831752	0.000464311	9.48551e-05	5.71114192	24.37349727	4.02293931377571	3.3331910273338
CIAO1	-1.015658251	0.000470352	9.62202e-05	-5.702118281	21.51909892	4.01673374472294	3.32757700495654
PPT1	0.612654005	0.000474453	9.72123e-05	5.695644564	23.81378234	4.01227878153288	3.32380680294507
PCDH1	0.655261823	0.000474453	9.73238e-05	5.694921509	26.15561881	4.0117809424168	3.32380680294507
KCTD12	-0.819687757	0.000476553	9.78874e-05	-5.691279508	23.28503469	4.00927320669165	3.3218887921347
EPHB1	-2.602751569	0.000489321	0.000100646	-5.708974024	16.66798706	3.99720348071023	3.31040614539188
CAND1	-0.700847582	0.000491518	0.000101329	-5.669506401	26.41809355	3.99426624331152	3.30846057313697
TCTN3	1.565465441	0.000491518	0.000101452	5.668743783	17.44056325	3.99373938697068	3.30846057313697
KDM3B	-0.911283068	0.000491518	0.000101546	-5.668163242	21.866243	3.99333717922266	3.30846057313697
RTCB	-1.131600952	0.000491518	0.000101646	-5.667540929	23.31030666	3.99290970715981	3.30846057313697
NAGLU	0.817145442	0.000492482	0.000101983	5.665460246	24.8194221	3.99147221668427	3.30760963814816
SNRNP40	-1.083432542	0.000499745	0.000103626	-5.655406517	21.65392284	3.98453126544156	3.30125154234896
INTS13	-2.623243473	0.000502635	0.000104365	-5.651435455	20.18839608	3.98144512255388	3.29874727344811
TRIP11	2.550645717	0.000503339	0.000104652	5.649712058	17.7215485	3.98025246746229	3.29813941804594
APP	0.751035696	0.000504216	0.000104975	5.6472797	31.58683956	3.97891411669002	3.29738337722074
SLC4A7	-1.610809347	0.000505528	0.000105389	-5.644807134	20.65353109	3.97720471633984	3.29625478486284
SLC39A6	1.004622988	0.000512275	0.000106938	5.635645337	21.50263149	3.97086794252001	3.29049683800805
NECAP1	-1.26216261	0.000528403	0.000110452	-5.615372699	18.22150165	3.95682641577172	3.27703472535019
FUCA1	0.55231879	0.000528811	0.000110685	5.614053995	26.26799166	3.95591123059937	3.27669951950272
NT5C2	-1.264644031	0.00053164	0.000111425	-5.609879115	22.08363002	3.95301735724179	3.27438235066809
ADGRG1	0.732760766	0.000539969	0.000113321	5.59931816	26.93650698	3.9456896017075	3.26763117261295
HEXB	0.717797557	0.000542353	0.000113973	5.595733623	28.36073251	3.94319802006555	3.26571795322112
HSPA4	0.594254368	0.00054978	0.000115687	5.586402071	29.64888007	3.93671544092267	3.25981106305134
MEMO1	1.440285196	0.000553941	0.000116871	5.655942017	26.42637708	3.93229323992824	3.256536489313
LIMA1	-1.419630839	0.000553941	0.000116814	-5.580345457	22.58111625	3.93250510449772	3.256536489313
PAPOLA	-1.018311746	0.000554399	0.000117122	-5.578699508	22.824083	3.9313615201181	3.25617756175641
FGFRL1	0.894389386	0.00055923	0.000118299	5.572460399	24.70890318	3.92701892651592	3.25240953882714
RBM28	-1.145431957	0.000563799	0.000119509	-5.566111114	18.97031815	3.92259938757646	3.24887569876393
PCDHGB7	2.439593344	0.000563799	0.000119579	5.565741716	18.17025712	3.92234508276315	3.24887569876393
NAGK	-0.959426673	0.000566811	0.000120376	-5.561599906	23.95090235	3.91946009203623	3.24656173006723
THOC2	0.985716027	0.000568409	0.000120874	5.559027535	22.10845142	3.9176671058461	3.24533905421502
LRG1	3.783484298	0.000570466	0.000121471	5.735407577	18.53407698	3.91552739320366	3.24377023459792
TSN	-0.851979308	0.000573202	0.000122213	-5.552163358	25.47227116	3.91288259501019	3.24169230294418
CDV3	1.091910592	0.000576441	0.000123064	5.547839737	23.11972941	3.90986897296573	3.23924513708687
RETREG2	1.102526328	0.000580451	0.00012422	5.542018871	19.60364922	3.90580847509047	3.23623443626616
WDR3	-1.476978619	0.000580451	0.000124244	-5.541899861	21.43371594	3.90572457506795	3.23623443626616
PGAP6	1.109872533	0.000584391	0.000125298	5.536641853	16.80780954	3.90205586113591	3.23329648110262
ENTPD6	0.945434158	0.000584391	0.000125413	5.536072362	21.53875057	3.9016574432849	3.23329648110262
PYGB	-0.726390719	0.000588597	0.00012648	-5.530804451	23.88110665	3.89797814307585	3.23018195577152
EPHA4	0.985482267	0.000595336	0.00012817	5.522551101	22.95503164	3.89221361568405	3.22523785484347
FAT1	-0.53348278	0.000595336	0.000128259	-5.522117964	28.6319541	3.89191215047971	3.22523785484347
SERPINA1	1.023674658	0.000596792	0.000128739	5.51979749	28.65928243	3.89028986864319	3.22417700721626
GTF3C4	-1.149677138	0.000598324	0.000129237	-5.517402608	20.11914654	3.88861313188751	3.22306357636819
PRMT3	-2.525460736	0.000600866	0.000129953	-5.514440007	19.55732648	3.88621369024218	3.22122236984288
S100A6	1.265951351	0.000605013	0.000131019	5.551133142	27.2147381	3.88266571963572	3.21823529350025
AAR2	-0.985143167	0.000605352	0.000131261	-5.507754238	17.96080725	3.88186429143345	3.21799201840023
NFKB2	-2.572950893	0.000614106	0.00013333	-5.523594252	17.20489829	3.87507212088947	3.21175665940962
COPB2	-0.655231593	0.000616567	0.000134036	-5.494776997	26.11405991	3.87277854117583	3.21001972336791
RNF149	-1.063671506	0.00062318	0.000135647	-5.487372927	18.4140575	3.86758980675202	3.20538649312275
TUBA4A	-0.973668912	0.000632918	0.000137944	-5.476979658	24.01617959	3.86029718480829	3.1986525529437
TRAPPC3	-1.249976971	0.000637142	0.000139042	-5.472073253	18.31844869	3.85685399389658	3.19576376555517
SLC7A6	-1.145760427	0.000643062	0.000140513	-5.465563176	17.28090381	3.85228349378676	3.19174715311029
TAB1	0.988838239	0.00064805	0.000141784	5.459999381	22.21248681	3.8483727755265	3.18839148504549
GPNMB	-0.783759495	0.000648329	0.000142025	-5.458947025	24.17956077	3.8476352020507	3.1882045518071
RAD23B	0.788279459	0.000650914	0.000142773	5.455702541	24.7331655	3.84535391482663	3.18647638745741
RPL24	-0.861914898	0.000651357	0.000143052	-5.454497612	22.27442083	3.84450606597552	3.18618091522021
SNX1	-1.24246574	0.000658332	0.000144767	-5.447137219	19.8762812	3.83933042537129	3.18155503434184
VPS41	-1.47053957	0.000672524	0.000148075	-5.433197793	17.49854127	3.82951825868702	3.17229221261688
SRSF11	-1.769099943	0.000673549	0.000148516	-5.431365754	20.6442921	3.82822675619595	3.17163080431289
AMY1A	2.03781134	0.000673549	0.000148676	5.431155546	21.60184511	3.82775913173892	3.17163080431289
AGA	2.234649571	0.000676032	0.000149413	5.468493502	21.54978105	3.82561161414951	3.17003274622627
MOXD1	-1.020510527	0.000676985	0.000149812	-5.426010146	20.4125226	3.82445339808479	3.1694209538989
MORC2	-1.201193471	0.000680083	0.000150687	-5.42242189	21.73835421	3.82192421332435	3.16743808105511
SEC24C	-2.226347668	0.000690521	0.000153192	-5.412269995	20.23487527	3.81476391385859	3.16082310919913
EPB41L2	-0.824445165	0.000691508	0.000153604	-5.410618582	25.87606932	3.81359747469963	3.16020279120795
FAM171A2	1.125639004	0.000694685	0.000154504	5.407026733	21.5718898	3.81106027251461	3.15821207853684
HMGA1	-0.893829525	0.000699169	0.000155696	-5.402299503	24.37875952	3.80772254478732	3.15541783584763
AKT1	-1.226677804	0.00070249	0.000156631	-5.398616901	22.28471543	3.8051222793371	3.15335985359474
ABCF1	-0.690726886	0.000703853	0.000157131	-5.396657458	25.86557191	3.80373812558512	3.15251803397581
BUB3	-0.923326608	0.000705934	0.000157792	-5.394076832	23.79975192	3.80191501914896	3.15123590061347
CEACAM20	1.237058936	0.000706649	0.000158149	5.392689174	20.92464282	3.80093354984914	3.15079625128868
AFAP1	-2.880207819	0.000721368	0.000161694	-5.419092313	18.45006055	3.79130609521566	3.14184312696313
UBR5	-2.346681511	0.000721368	0.000161845	-5.378503706	18.35656812	3.79090071304208	3.14184312696313
PLCG1	-1.259512002	0.000722762	0.00016236	-5.376557163	21.32727959	3.78952095735475	3.14100468901667
EXOC6	-1.237145737	0.000722932	0.000162599	-5.375652161	19.55399952	3.78888212968794	3.14090255113374
TLL1	1.056232966	0.000724879	0.000163239	5.373242727	23.2594238	3.78717607437299	3.13973448172966
SULF2	0.61023515	0.000732513	0.000165162	5.366060481	26.16642311	3.78208986675335	3.13518466342687
PCDHB11	-2.658968791	0.000732881	0.00016545	-5.404773633	17.359865	3.78133322850413	3.134966537281
IGFBP2	0.824487126	0.000733663	0.000165831	5.363585555	25.52420821	3.78033428035704	3.13450338265756
RSRC2	-1.40377424	0.000740277	0.000167532	-5.357331969	19.68609385	3.77590222685952	3.13060574369933
SNRPE	0.98636518	0.00075669	0.000171457	5.343154716	22.29642518	3.76584477943609	3.12108200539217
OSGEP	-0.983690498	0.000765398	0.000173644	-5.33540493	19.81146819	3.76034021846845	3.11611267693004
VPS26C	-2.188381365	0.000766531	0.000174114	-5.333750047	17.11125075	3.75916630712335	3.11547027674346
NSMAF	-1.871751276	0.00077517	0.000176293	-5.326152375	20.07559104	3.75376493172636	3.11060304334451
RAN	-0.80040399	0.000777663	0.000177288	-5.322713807	24.34906167	3.75132065926741	3.10920856361153
DBN1	0.919579035	0.000777663	0.000177293	5.322695566	24.13705206	3.75130841116382	3.10920856361153
RPL6	-0.864248728	0.000779314	0.000177945	-5.320453681	25.4390182	3.7497142105425	3.10828752179991
HLA-A	-0.883215151	0.000779314	0.000178104	-5.319909117	24.71935505	3.74932632669947	3.10828752179991
CFI	0.8645163	0.000783762	0.000179339	5.315690958	25.74145166	3.74632525621025	3.10581579672724
RCOR1	-1.318727093	0.000784963	0.000179833	-5.314013991	22.44092563	3.74513061069588	3.10515081366817
ARHGEF16	-1.193963767	0.000788423	0.000180845	-5.310587981	19.19496748	3.74269349410406	3.10324071490073
PGM1	-1.069485913	0.0007886	0.000181106	-5.309710244	25.77230365	3.7420671613716	3.1031432272628
PIK3R3	-1.073773417	0.000792057	0.00018212	-5.306303	16.81162343	3.73964235836385	3.10124356349294
CDC42BPA	-3.091747853	0.000797366	0.000183563	-5.455064426	16.68536646	3.73621485317394	3.09834228676642
NUP188	-3.788383185	0.000799595	0.000184522	-5.488943771	18.11458236	3.7339518468003	3.09712993026077
RPS27	-1.245525217	0.000799595	0.000184389	-5.298755213	20.5906513	3.73426499099277	3.09712993026077
GET3	-1.0542101	0.000803493	0.000185645	-5.294616979	19.96088471	3.7313167431879	3.09501790244092
CSDE1	-0.898665281	0.000804707	0.00018615	-5.292962762	25.00531	3.73013695944559	3.09436222080781
NT5E	-2.522416297	0.000810029	0.000187607	-5.439444022	21.84409541	3.7267509612413	3.0914994325849
ECHS1	0.892638636	0.000810712	0.000187991	5.286968678	20.8980688	3.72586294192727	3.09113339859341
PAK1IP1	-0.721309628	0.000812939	0.000188734	-5.284567455	23.09804874	3.72414985562588	3.08994204106928
PALS1	-2.720493868	0.000821169	0.000190874	-5.316031231	18.40792103	3.71925322522364	3.08556745406893
RPA1	-0.978710639	0.000834429	0.000194189	-5.267238162	24.06730602	3.71177537470919	3.07861061071633
CUL3	-1.174884489	0.000835616	0.000194756	-5.265463422	18.19709513	3.71050915380045	3.07799325293636
EPM2AIP1	-1.59242343	0.000835616	0.000195097	-5.264400863	18.29559305	3.70974940868576	3.07799325293636
NPEPL1	-1.54698176	0.000835616	0.000195163	-5.264194476	17.4601687	3.70960251463524	3.07799325293636
RNASET2	0.823446093	0.000836365	0.000195571	5.262925477	24.65641876	3.7086955435858	3.07760414972442
SLC20A2	-1.626820226	0.000836944	0.00019594	-5.26178125	21.37993624	3.70787689628713	3.07730359971834
FAM83B	1.029437783	0.000838621	0.000196566	5.259843056	19.0619209	3.70649159987799	3.07643426658076
UCK2	-1.16808503	0.00083914	0.000196922	-5.258745181	17.61617359	3.70570576204943	3.07616557653099
ESYT2	-1.682646857	0.00084123	0.000197647	-5.256513402	16.88149793	3.70410977324276	3.07508524787096
FSCN1	-0.683192934	0.000843299	0.000198368	-5.254302218	25.18003992	3.70252838532852	3.07401841466725
ADAMTS7	1.59747449	0.000843435	0.000198701	5.253285168	21.12912379	3.70179994721636	3.07394838104053
TGFBR3	0.885986037	0.000843435	0.00019887	5.2527669	16.56323661	3.70143072626281	3.07394838104053
WNT5A	-0.61498703	0.000844596	0.000199379	-5.251215196	23.75038876	3.70032058656801	3.07335097972148
RRAS	-1.328105099	0.000853725	0.000201772	-5.243975496	20.7605692	3.69513910117738	3.06868200075816
HERC4	-1.013858812	0.000857058	0.000202799	-5.240897232	22.67788935	3.69293419083551	3.06698978691272
IMPDH2	-0.771681479	0.00086949	0.000205983	-5.231453378	21.96578917	3.68616862094564	3.06073540845114
TRIM25	-1.266872136	0.000870819	0.00020654	-5.229815265	21.67303611	3.6849958273151	3.06007210385564
PFKL	-1.450755198	0.000874784	0.000207725	-5.232775124	23.68962692	3.68251123235911	3.05809916890744
FLNB	-0.494708281	0.000876856	0.000208461	-5.224208482	29.3380019	3.68097518322774	3.0570717219592
WDSUB1	-0.936556648	0.000877278	0.000208806	-5.22320768	17.52218728	3.68025702612259	3.05686276155492
SRC	-2.308128448	0.000881473	0.00021005	-5.252889539	20.93382973	3.67767731412599	3.05479098583839
LHFPL2	-1.107675127	0.000883154	0.000210876	-5.217236066	19.40282366	3.67597284491994	3.05396355970821
SERPINB6	-0.726868811	0.000883154	0.000210943	-5.217043131	24.01065336	3.67583488181002	3.05396355970821
NPR1	-1.000391293	0.000883809	0.000211346	-5.215888705	20.6352604	3.67500596734935	3.05364158024551
FAM133A	-1.221100756	0.000888792	0.000212785	-5.211782167	21.11866016	3.67205899031889	3.05119986312602
PFDN6	0.952894732	0.00089215	0.000213838	5.208796832	22.04834355	3.66991511613436	3.04956212018046
SCUBE3	-1.128684545	0.000892522	0.000214175	-5.207842017	20.02672513	3.66923122442712	3.04938107004956
SUSD2	-0.703339877	0.000895324	0.000215097	-5.20524492	24.51468829	3.66736564676052	3.04801977367992
PLCB1	-1.085116518	0.000903316	0.000217269	-5.199172279	18.84248159	3.66300223451406	3.04416029725106
NPLOC4	-1.347805831	0.000910327	0.000219209	-5.193800758	22.39230933	3.6591416191197	3.04080257604601
SAFB	0.688445073	0.000911042	0.000219635	5.192627728	26.01796312	3.65829845158225	3.04046160113042
HADH	-1.287629721	0.000914601	0.000220748	-5.189575705	22.38227719	3.65610322248606	3.03876832810924
SNRPB	0.561581041	0.000922261	0.000222915	5.183679601	24.44620828	3.65186070676406	3.03514615614907
CHM	-1.002967909	0.000922261	0.000223111	-5.18314851	22.5920465	3.65147901724851	3.03514615614907
PLA2G15	0.854158107	0.000934305	0.000226285	5.174626111	23.51082018	3.64534423364199	3.02951132698816
CDK1	-0.596746297	0.000938052	0.000227454	-5.17151887	23.46994468	3.64310642127565	3.02777308626155
HSP90AA1	-0.665135916	0.000954919	0.00023181	-5.160087239	33.30341409	3.63486783303531	3.02003346542668
FAM78B	1.158449663	0.000962146	0.000233833	5.154855441	19.28096359	3.63109419844978	3.01675902132675
RPL10A	0.672023517	0.00096863	0.000235678	5.150122343	26.15931348	3.62768095597603	3.01384208429558
ARHGEF7	-1.204552761	0.000974858	0.000237465	-5.145576949	16.67656595	3.62440039204753	3.01105864000166
NOP2	-1.367486216	0.00097503	0.000237779	-5.144782918	21.34225386	3.62382650374106	3.01098202159991
CCT8	-0.558989853	0.000975601	0.00023819	-5.143743544	26.65818523	3.62307647558197	3.01072776320224
AIFM1	0.483015892	0.000977562	0.000238941	5.141849827	25.80836494	3.62170932305885	3.00985568876178
NCKAP1	-0.571282477	0.000984981	0.000241114	-5.13640696	25.14588625	3.61777757209361	3.00657214683715
NTN1	-0.623532876	0.000984981	0.000241304	-5.135934028	26.85263289	3.61743547890543	3.00657214683715
CTSH	0.660614941	0.00098852	0.000242446	5.133095089	22.97696232	3.61538497670522	3.00501453949976
SMG1	-1.198450954	0.000989883	0.000243057	-5.131584497	17.93490832	3.61429186680258	3.00441613414707
GTF2F2	-2.992509889	0.000994115	0.00024465	-5.204919068	19.46143401	3.61145477990404	3.00256337317157
RALGAPA1	-2.291925165	0.000994115	0.00024446	-5.128524215	18.42630549	3.61179219257486	3.00256337317157
PRKCSH	0.720453067	0.001020974	0.000251776	5.110424143	28.33487363	3.5989856704328	2.99098531746285
ENOPH1	-1.26790771	0.001020974	0.000251829	-5.110297734	20.13825235	3.59889425907816	2.99098531746285
EVA1A	0.831805494	0.001027799	0.000253799	5.10562453	21.86001917	3.59551009341286	2.98809180919871
NUTF2	-1.770159148	0.00103382	0.000255574	-5.10144661	20.85067384	3.59248332982064	2.98555507034436
RAB35	-1.252808472	0.00104121	0.000257691	-5.0965029	20.01243484	3.58890074915803	2.98246166948715
CD46	-0.688407325	0.00104238	0.000258271	-5.095155731	24.23555137	3.58792435591355	2.98197392996332
ZFYVE16	0.79751549	0.001044636	0.000259121	5.093187169	26.65407187	3.58649738896498	2.9810350116869
TJP3	-1.263361477	0.001049669	0.000260662	-5.089635997	20.0969903	3.58392227682244	2.97894762867887
TM9SF2	-1.168301859	0.001052505	0.00026166	-5.087348767	19.55165527	3.58226266294293	2.97777583234051
ST6GAL1	-0.868442627	0.001054026	0.000262331	-5.085813688	22.8666317	3.58115038522577	2.97714867610899
HDAC2	-0.700737566	0.001055669	0.000263313	-5.083578628	24.26599814	3.57952769885484	2.97647223143047
TDRD6	-1.107774606	0.001055669	0.000263329	-5.083542227	21.93454307	3.57950131010608	2.97647223143047
EWSR1	0.786972086	0.001056458	0.00026382	5.082426365	21.87673737	3.57869228399665	2.97614776385617
AK2	0.642487554	0.001056519	0.00026413	5.081724637	23.59867035	3.57818226863587	2.9761226883694
DDX5	-0.858778653	0.001057711	0.00026482	-5.080162761	22.6279363	3.57704921877298	2.97563297904044
NOC4L	-2.393253757	0.001057711	0.000265196	-5.079704841	19.13173384	3.57643303076134	2.97563297904044
MAP7	1.787432608	0.001057711	0.000265312	5.079051848	19.68343594	3.57624310653511	2.97563297904044
SEMA6A	0.759650557	0.001062416	0.000266788	5.075732705	22.7228712	3.57383370867973	2.97370539744576
GNL3	-2.022503215	0.001064445	0.000267595	-5.073928098	17.29022463	3.57252200560039	2.97287677369357
SYNGR1	-1.508211033	0.001080959	0.000272167	-5.063799075	19.59475132	3.56516453374959	2.96619077821268
TPP1	0.708364552	0.001080959	0.000272349	5.063401306	27.91007811	3.56487421501277	2.96619077821268
SARNP	1.05197988	0.001098167	0.00027699	5.053307447	16.1603329	3.55753590971972	2.95933161101203
STRAP	-0.620107823	0.00112103	0.000283069	-5.040353478	25.27287969	3.54810768932833	2.95038276504988
KNTC1	-3.091317384	0.001121249	0.000283437	-5.143055111	19.49418908	3.54754345738085	2.95029793127867
SMC3	-0.684021266	0.001123427	0.000284301	-5.037764884	25.82075022	3.54622161271998	2.94945514267271
PHKB	-2.019525357	0.001130762	0.000286472	-5.033229092	20.2486967	3.54291781990863	2.94662879468872
TMEM87A	-1.189025361	0.001134013	0.000287612	-5.030862785	21.6885347	3.54119299789604	2.94538196678711
CAD	-0.795819244	0.001137436	0.000288797	-5.028412121	24.11235351	3.5394073224951	2.94407303038847
PSMB1	0.602939914	0.001138285	0.00028933	5.027314169	26.40703771	3.53860653296464	2.94374898712285
ALDH1A1	-0.610608989	0.001154718	0.000293829	-5.018125439	25.99081403	3.53190534292822	2.93752406425438
ZDHHC5	-1.154069309	0.00116948	0.000297911	-5.009914533	17.4296779	3.52591346069532	2.93200720092957
S100A9	0.819108192	0.001170071	0.000298388	5.008963375	22.90160887	3.5252186464761	2.93178778443105
FOXK1	-1.244346513	0.001174505	0.000299846	-5.006064458	18.52528296	3.52310174035468	2.93014513004194
PRSS12	-0.709072127	0.001178265	0.000301134	-5.003514679	23.63534632	3.52124020702871	2.92875702271132
NPTXR	1.045902287	0.001178966	0.000301642	5.002513024	20.89240287	3.52050818833839	2.92849871926903
GAS1	1.195916941	0.001185525	0.00030365	4.998568115	18.40092797	3.51762671454142	2.92608928331585
SPATA31A7	0.966410827	0.001186763	0.000304298	4.997301194	16.21820125	3.51670090203493	2.9256360022493
TUBB2B	-0.93948682	0.001195202	0.000306795	-4.992446036	20.90983216	3.51315172259171	2.92255868879822
FLNC	0.896780255	0.001200556	0.000308504	4.989146406	25.27221537	3.51073920062048	2.92061757744472
YWHAZ	0.651081184	0.001205656	0.000310151	4.985985346	30.66450602	3.50842681422888	2.91877658822647
FAM171A1	-0.764992944	0.001209533	0.000311485	-4.983436487	21.98616483	3.50656286256527	2.91738227817238
TNC	1.321227079	0.001223367	0.000315389	5.115377493	31.41287353	3.50115345787652	2.91244323865855
ZC3HAV1	-1.351102311	0.001241166	0.000320429	-4.966643363	17.51593767	3.49426818556523	2.90617012981252
MAN1B1	0.806853719	0.001241166	0.000320669	4.966199421	23.48075561	3.49394302254639	2.90617012981252
CTTN	-0.633824327	0.001245219	0.000322063	-4.963627998	27.97096891	3.49205916595593	2.90475426131734
RPN2	0.947495299	0.001252066	0.000324183	4.959740636	18.60813004	3.48920976308334	2.90237277761095
ROBO3	1.073544764	0.001252785	0.000324718	4.958763141	22.73273819	3.48849363658495	2.9021234552033
BTD	0.687642623	0.001271681	0.000329971	4.949261051	23.20430115	3.48152422707182	2.89562181739404
CD44	-0.427885583	0.001275254	0.000331253	-4.946965076	27.54368172	3.4798401798399	2.89440330557352
CHRDL1	0.612608405	0.001288623	0.000335085	4.940159859	23.07662049	3.47484501281837	2.88987412141126
MACROH2A2	-0.607223254	0.00132531	0.000344994	-4.922932396	23.40490745	3.46218845793992	2.8776825250913
UTP15	-0.788788337	0.001326273	0.000345615	-4.921871305	20.83442674	3.46140741701531	2.87736707156452
KIF5B	-0.784350933	0.001326857	0.000346137	-4.920979705	23.92466257	3.4607519747106	2.87717588004241
COPS7A	0.720538833	0.001331386	0.000347689	4.918337062	22.20227482	3.45880904907766	2.87569601412215
ATF6	1.073126627	0.001347541	0.000352284	4.9105875	20.98856477	3.45310708111483	2.87045801218733
PCID2	-0.831724598	0.001350024	0.000353309	-4.908872599	21.11886069	3.45184529944443	2.86965851078283
USP15	-1.295569483	0.001366284	0.000357945	-4.901182834	19.54721161	3.44618369970117	2.86445901748238
MCTP1	0.666853509	0.00137262	0.000359988	4.897827947	22.31329199	3.44371197595672	2.86244967743547
EFL1	-1.207156225	0.001377714	0.000362061	-4.894442905	17.08570526	3.44121825341272	2.86084092837407
PCDH7	0.48873581	0.001377714	0.000362091	4.894393158	24.23226187	3.44118226971188	2.86084092837407
APLP1	1.707785768	0.001379544	0.000363342	5.026306536	24.38371247	3.43968439758467	2.86026444331639
LMBRD1	-1.853034698	0.001379544	0.000363221	-4.892557335	19.88238529	3.43982905023777	2.86026444331639
EPHX1	-0.756295987	0.001379677	0.000363974	-4.891336985	24.65755352	3.43892963849331	2.86022257558188
TMEM33	-0.979671333	0.001379677	0.000364247	-4.890895367	22.17830767	3.43860401646617	2.86022257558188
ATXN2	-2.120326716	0.001379677	0.000364546	-4.890412497	18.34510674	3.43824766272135	2.86022257558188
ST6GALNAC2	-1.321880244	0.001379677	0.000364914	-4.889816968	17.22263109	3.4378094745194	2.86022257558188
PLSCR1	-0.938443665	0.001381343	0.00036574	-4.888485323	21.4850887	3.43682753944514	2.85969846877015
PSIP1	-0.737501137	0.001382431	0.000366414	-4.887401786	24.78858642	3.43602794109974	2.85935653602115
NUP43	-1.727299153	0.001387203	0.000368065	-4.884753209	20.09661499	3.43407547847715	2.85785998065071
RPL34	-0.724265243	0.001387479	0.000368525	-4.884017884	21.92705169	3.43353304513527	2.8577735813607
CYBRD1	-0.96249603	0.00138955	0.000369462	-4.882521988	17.38877554	3.43243022313919	2.85712582144263
RGSL1	-2.914353654	0.001390464	0.000370474	-5.014128125	20.68578518	3.43124226555981	2.85684025081546
PI4KB	-1.170465129	0.001390464	0.000370683	-4.880580364	16.20415169	3.43099733081826	2.85684025081546
DDX1	-0.607131203	0.001390464	0.000370868	-4.880286624	25.47870202	3.43078063774976	2.85684025081546
HIBADH	-1.081067395	0.001404676	0.00037505	-4.873686936	16.6375631	3.42591083020141	2.85242383777955
TBL3	-1.463431924	0.001415209	0.000378257	-4.868678744	16.66365862	3.42221302620433	2.84917941820043
PPP2R2A	-0.894755132	0.001426868	0.000382006	-4.862878366	22.35481363	3.41792981576257	2.84561620174393
NUCB2	0.753576912	0.001426868	0.000382168	4.862629348	24.54577758	3.41774568045536	2.84561620174393
PELP1	1.156980823	0.00142971	0.000383727	4.891955905	26.7838935	3.41597764167094	2.84475204517282
ADAM17	0.691932425	0.00142971	0.000383339	4.86083083	24.62190053	3.41641699440812	2.84475204517282
HARS1	0.669784963	0.001434835	0.000385502	4.857524751	25.60736501	3.41397336446981	2.84319803810042
FKBP10	1.089734492	0.001438546	0.0003869	4.855397853	21.08933108	3.41240127027875	2.84207624623333
PYGL	-0.745359665	0.001480436	0.00039923	-4.836979042	25.4124825	3.39877683125009	2.82961036263985
TIPRL	-0.847917608	0.001480436	0.000399351	-4.836802122	22.91152809	3.39864522372947	2.82961036263985
GALNT2	0.708550461	0.001480436	0.000399705	4.83628183	26.15625148	3.39826041901828	2.82961036263985
NELFCD	-0.952060048	0.001480436	0.000399817	-4.836117829	18.16502102	3.39813874386165	2.82961036263985
GARS1	-0.507156558	0.001488228	0.000402336	-4.832433948	24.59903283	3.39541110612659	2.82733052876561
PAPLN	-1.375735371	0.001532701	0.000414898	-4.814415468	19.70943946	3.38205865866598	2.8145425592456
C1QL1	-1.01873248	0.001532701	0.000415213	-4.813971038	21.05147634	3.38172905752019	2.8145425592456
CORO1A	-1.135176953	0.001534772	0.000416202	-4.812578123	20.8269846	3.38069583717851	2.81395613256234
NIF3L1	1.284611195	0.001535654	0.000416869	4.811640304	20.61104842	3.38000039949954	2.81370662468065
RBM34	-1.154531968	0.001538674	0.000418118	-4.809889231	16.34185527	3.37870113564881	2.81285338471587
H1-3	-0.743648213	0.001548524	0.000421226	-4.805554123	27.53091796	3.37548483001258	2.81008205928569
ATG4B	-1.320122577	0.00155787	0.000424203	-4.801434125	17.71578524	3.37242626444077	2.80746878584075
LMAN2	0.779285207	0.001558249	0.00042474	4.800693284	24.56718174	3.37187683728751	2.8073631431426
STMN1	1.371935511	0.001567592	0.000427724	4.796598931	20.16537025	3.36883638038351	2.80476696155316
MUC4	1.504582213	0.001576437	0.000430577	4.792711936	16.90482585	3.36594917246855	2.80232338051333
MSH2	-1.189036839	0.001577959	0.000431462	-4.791511572	21.1230462	3.36505744772868	2.80190428522361
MTREX	-1.379611687	0.001577959	0.000431872	-4.790956035	20.60221481	3.36464495209903	2.80190428522361
LMNA	0.531761105	0.001591879	0.000436125	4.785228407	30.33229772	3.36038901754383	2.79808994641583
RCC2	-0.614882664	0.001592059	0.000436618	-4.784568418	26.64871236	3.35989836404709	2.79804084181214
SIN3A	-0.771200712	0.001598638	0.000438868	-4.78156596	23.06255186	3.35766608452316	2.79624986796181
RACK1	-0.960690475	0.001600905	0.000439936	-4.780485165	27.22234977	3.35661049821491	2.79563443897384
PGM5	2.203351235	0.001606993	0.000442057	4.777676141	19.38071789	3.3545217279599	2.79398601500268
TXNL1	-0.842850377	0.001610623	0.000443505	-4.775428026	24.70116048	3.35310147964247	2.79300610339226
LARP7	-1.529435586	0.001610677	0.000443969	-4.774818003	20.16535782	3.35264735330646	2.79299154287195
PCBD1	0.845317409	0.001614707	0.00044553	4.772769248	22.44413805	3.3511230471921	2.79190627198771
FUS	-1.001327568	0.001638327	0.000452503	-4.763706202	25.76024917	3.34437853716789	2.7855994114144
EEA1	1.729480567	0.00164257	0.000454133	4.79185507	22.40264922	3.34281693853687	2.78447611341753
PRKAA1	-1.395159716	0.001647277	0.000455894	-4.759353035	20.57207862	3.34113612349016	2.78323336533762
PDK3	-1.668818955	0.001648454	0.000456679	-4.758349728	17.25161235	3.3403889586006	2.78292316731058
PPP4R3A	-1.009639846	0.001655241	0.00045902	-4.755368022	23.01369569	3.33816839136817	2.78113876481862
DNAJA1	-0.779613036	0.001656982	0.000459965	-4.754169993	23.16975372	3.33727521372097	2.7806822093496
COPZ1	-1.650391328	0.001659941	0.000461249	-4.752545265	19.10428504	3.33606456239376	2.77990734800199
SDC4	0.772949477	0.001661011	0.000462009	4.751585465	30.4007002	3.33534956424416	2.77962749143573
MSN	0.618582076	0.001680689	0.00046822	4.743805616	31.38774751	3.32955003937044	2.7745126423485
ST8SIA4	1.885672716	0.001680689	0.000468419	4.743557862	18.11490762	3.32936549740027	2.7745126423485
B2M	1.377740213	0.001682216	0.000469314	4.74244683	19.56147979	3.32853649025361	2.77411824065149
NSF	-1.831358006	0.001687208	0.000471177	-4.740139874	18.6180646	3.32681591732298	2.77283137402982
NFAT5	-1.978307653	0.001698263	0.000474737	-4.736089797	16.7074741	3.32354691896707	2.76999505225223
EIF1AX	-0.713579384	0.00171087	0.000478781	-4.730821534	21.8162965	3.31986309251559	2.76678298895544
PABPC4	-0.933373143	0.00171087	0.000479215	-4.730294328	22.88005586	3.31946959647168	2.76678298895544
OBSL1	-2.298042398	0.001737599	0.000487186	-4.721106221	18.7247006	3.31230520028098	2.76005044203059
HEXA	0.72445652	0.001758375	0.000493877	4.712773222	27.42057102	3.30638119859178	2.75488849953343
RPL31	-1.649284936	0.001758375	0.000493992	-4.712637779	20.62627009	3.30628008424232	2.75488849953343
RAB34	-1.600944318	0.00176269	0.000495695	-4.710637958	19.98027904	3.30478546173508	2.75382405929871
PLTP	0.446077027	0.001769871	0.000498208	4.707701057	28.55469047	3.30258930303805	2.75205838676238
NPEPPS	-0.47080467	0.00179794	0.000506973	-4.697575307	27.40022763	3.29501516939103	2.74522480543021
VAPB	1.130606965	0.00179794	0.000507111	4.697417296	19.54563101	3.29489696884971	2.74522480543021
CTSZ	-0.84667641	0.001803038	0.000509075	-4.695174523	27.36991987	3.29321823006665	2.7439951201903
ARRB2	-0.997721112	0.001803038	0.000509554	-4.694628818	16.97668939	3.29280978484829	2.7439951201903
EXTL2	0.977268582	0.001803074	0.000510067	4.694045227	23.13453491	3.29237277327631	2.74398644902237
CSRP1	-0.976356184	0.00180911	0.000512533	-4.691246991	22.59109342	3.29027816684487	2.7425350257656
DCBLD1	0.863442508	0.00180911	0.000512783	4.690964733	21.03081345	3.29006638116586	2.7425350257656
TATDN1	0.836201066	0.001820761	0.000516999	4.686215638	22.0007094	3.28651029693488	2.73974705760609
WTAP	1.906071002	0.001820761	0.0005171	4.686102253	18.70265367	3.28642546222793	2.73974705760609
HP1BP3	-1.110847437	0.001839878	0.000523042	-4.67947909	23.21551406	3.28146343611193	2.73521097355753
HCLS1	-1.264072318	0.001862576	0.000530014	-4.67180753	18.09593608	3.27571265862101	2.72988599739458
TMEM106B	-0.951855472	0.001869494	0.000532504	-4.669093473	20.31370209	3.27367712559551	2.72827592434291
FLOT2	-1.505461148	0.001886435	0.000537855	-4.663304815	18.3798406	3.26933478973788	2.72435815448507
GPX4	-1.648501252	0.001895016	0.00054083	-4.660112423	18.64964092	3.26693922595493	2.72238711884505
SAFB2	0.95554163	0.001899884	0.000542964	4.657832891	22.13608882	3.26522896436998	2.7212729146776
S100A4	1.252541742	0.001899884	0.000543278	4.657499163	20.01482593	3.26497788133118	2.7212729146776
TIAL1	-1.980871811	0.001906514	0.000546768	-4.682469173	21.44337543	3.26219691076495	2.71976000124768
RPL8	-0.717669563	0.001906514	0.000545731	-4.654893027	23.71490734	3.26302137561662	2.71976000124768
ERVMER34-1	0.829546012	0.001906514	0.000546249	4.654343897	23.02598187	3.26260934506936	2.71976000124768
LZTS1	0.68222298	0.001910219	0.000548363	4.652110173	25.34149791	3.26093185628575	2.71891683953799
FAIM	-1.144755087	0.001915242	0.000550339	-4.650030154	16.61057801	3.25936970964089	2.7177763430403
DCK	-1.737324984	0.001924635	0.000553574	-4.646641125	20.94332021	3.2568243158087	2.71565162070929
EIPR1	-1.440378529	0.001929205	0.000555426	-4.644710278	18.8351351	3.25537379438728	2.71462162116981
NUMA1	0.927529063	0.001941411	0.000559859	4.640116526	25.75506336	3.25192133590872	2.71188251400016
TPK1	-1.126776791	0.001941411	0.000560022	-4.639947812	16.91817928	3.25179491176	2.71188251400016
PIK3R4	-2.832170329	0.001961863	0.000566883	-4.750820192	16.86122778	3.24650656667616	2.70733132336861
HRH1	1.119497854	0.001961863	0.000567016	4.632778987	16.24270594	3.24640468605653	2.70733132336861
SHCBP1	-1.153455861	0.001966834	0.000569	-4.630761242	16.80212487	3.24488773360493	2.70623229281387
RPS25	-0.879080859	0.001977503	0.000572742	-4.626977006	23.92314679	3.24204096827583	2.70388284897696
CRIP2	-0.772494036	0.001977503	0.000573189	-4.626526869	22.13982103	3.24170215268701	2.70388284897696
WDR11	-2.045353434	0.001992508	0.000578623	-4.621081931	19.5859232	3.23760430733761	2.70059992621848
VTA1	0.924464447	0.001992508	0.000578649	4.621055577	19.39991213	3.23758479307211	2.70059992621848
POLR2B	-1.248853449	0.002000932	0.00058208	-4.617645246	18.25269291	3.23501732261661	2.69876767024763
ANK2	1.018288014	0.002000932	0.000582211	4.617515464	23.77601695	3.23491959347953	2.69876767024763
COPE	1.551945375	0.002006557	0.000584407	4.615343998	21.04227815	3.23328459074738	2.69754849880886
ADGRA3	0.815980454	0.002018056	0.000588319	4.611497154	18.46159808	3.23038712567016	2.69506678648685
MRI1	-1.097177182	0.002018824	0.000589105	-4.61072701	16.60569102	3.2298072911951	2.69490154096747
NOMO2	0.53245653	0.002019361	0.000589824	4.610023398	24.09158139	3.22927755993698	2.69478603554206
ADSS2	-0.762570312	0.002034083	0.000594692	-4.605286412	23.96269075	3.2257079037392	2.69163132982696
NEMF	-1.48288725	0.002038589	0.000596577	-4.603462247	18.74759781	3.22433349412788	2.69067032352252
LRP1B	0.815261239	0.002043887	0.000598697	4.601418335	22.73012346	3.22279291804725	2.68954311863177
INSR	-0.837232918	0.002062724	0.00060479	-4.595586051	19.55328911	3.21839539836122	2.68555887832634
RPP38	-0.916618809	0.002122572	0.000622929	-4.578578753	20.95450817	3.20556145039604	2.6731375690829
LGI2	0.620016831	0.00212683	0.000624771	4.576880354	22.20922728	3.20427913731301	2.67226722237395
XPO4	-1.676445626	0.00212917	0.000626052	-4.575702465	19.97143677	3.20338959270787	2.67178966166434
PUF60	-0.542279021	0.002136473	0.000628795	-4.573188973	23.76979042	3.20149092034181	2.67030259127417
HBS1L	-4.560096099	0.002152576	0.000634134	-4.749070499	15.85106211	3.19781896086993	2.66704150617027
AP3D1	-0.708292551	0.002156212	0.000635806	-4.566815305	23.15294396	3.19667537803402	2.66630854130357
OSBPL3	-1.705684318	0.00218258	0.00064419	-4.55928945	16.41906343	3.19098602117812	2.66102982875788
SLC1A4	-1.170104182	0.00219032	0.000647085	-4.556714463	21.46242285	3.18903866738956	2.65949243124124
MAN1A1	-0.899134481	0.002191414	0.000648018	-4.5558864	20.94345981	3.18841293056135	2.65927556815778
ZCCHC17	-1.223534751	0.002191988	0.000648799	-4.555195048	19.42307908	3.18788982817855	2.65916182771871
ELAVL1	-0.676124125	0.002196806	0.000650837	-4.553394166	22.90939945	3.18652776544774	2.65820829394411
USO1	0.51244717	0.002220098	0.000658357	4.546801134	25.91531928	3.18153854242605	2.65362785441429
SDHA	-0.88585099	0.002230895	0.00066218	-4.543478455	21.66057413	3.17902394049849	2.65152086987471
LAMB2	0.664529519	0.002239285	0.000665295	4.540787052	27.70862591	3.17698574046582	2.64989062904246
GMPR2	-0.671371934	0.002252556	0.000669866	-4.536860514	23.35016213	3.1740120648826	2.6473244033728
LSM2	-1.097476718	0.002272706	0.000676491	-4.531218161	18.51764905	3.16973797685843	2.64345674150156
PSPC1	-0.982800931	0.002273937	0.000677491	-4.530371395	19.63742093	3.16909646971747	2.64322157172013
CLSTN1	0.44780499	0.0022763	0.00067883	4.529240286	32.23448635	3.16823897285619	2.64277050160972
PLSCR3	-1.122291762	0.002282631	0.000681354	-4.527113479	19.42853167	3.16662719014079	2.64156428895486
NUP37	-1.272031273	0.002289061	0.000683911	-4.524967095	21.15943038	3.16500041103392	2.64034263388273
ARFGEF2	-1.368140263	0.002302569	0.000688589	-4.521062684	21.50509995	3.16203991929829	2.63778734663806
CNOT7	-0.980218811	0.002312295	0.000692142	-4.518115208	16.61758257	3.15980479645379	2.63595675991444
EML3	-1.921691055	0.002327111	0.000697397	-4.513784398	19.78200675	3.15651992516516	2.63318290096863
KLK5	0.531117489	0.002327111	0.000697874	4.513393417	25.34751205	3.1562229814518	2.63318290096863
NOL11	-1.491511343	0.002330222	0.000699456	-4.512096868	20.6826393	3.15523960005453	2.63260270181424
PRMT1	-0.692882523	0.002341626	0.0007036	-4.508716217	24.67943865	3.15267416921458	2.63048246840402
FDPS	0.543749589	0.002341626	0.000704185	4.508241363	24.56780816	3.15231323016985	2.63048246840402
SRP72	-1.468988858	0.002355282	0.000708948	-4.504384364	20.90021097	3.1493856183307	2.62795708695894
IPO8	-0.614286996	0.002375276	0.000715628	-4.499020401	23.83300148	3.14531267536068	2.62428591938112
MBTPS1	0.49859296	0.002392401	0.000721454	4.494384649	25.15091786	3.14179135435987	2.62116602472909
NDST1	0.644780567	0.002402643	0.000725213	4.491414854	24.7677233	3.13953441944462	2.61931075464267
CDH3	-0.590422962	0.002421118	0.000731464	-4.48651049	24.92939103	3.13580704340891	2.61598404347854
PAICS	-0.434527278	0.002434713	0.00073625	-4.482785051	24.32123798	3.13297469220484	2.61355222535791
EPPK1	-0.87326601	0.002436536	0.00073748	-4.48183145	18.45137264	3.13224975298697	2.61322716750212
ATF7IP	1.020124346	0.002443084	0.000740143	4.479773332	17.09183678	3.13068436390269	2.61206160052173
EML1	-0.814098412	0.002443221	0.000740865	-4.479216042	22.72134293	3.13026092170552	2.61203724741891
APOE	3.086654661	0.002445913	0.000742363	4.586880406	19.41852245	3.12938368185421	2.6115589946799
RUVBL1	-0.602861306	0.00245163	0.000744782	-4.476205767	25.21412986	3.12797082799226	2.61054507293147
GBP1	-0.623929608	0.002468802	0.000750686	-4.471698374	23.83370968	3.12454168348015	2.60751373945469
LAMC1	0.416440263	0.002485724	0.000756525	4.467277705	30.85879223	3.12117671578005	2.60454709449217
CA2	1.21193852	0.002496197	0.000761103	4.544585717	26.74616731	3.11855656621932	2.60272114309346
GAREM2	-1.250984472	0.002496197	0.000760839	-4.464033468	19.12384088	3.11870723391149	2.60272114309346
SLK	-1.039473338	0.0025321	0.000773198	-4.454845982	22.59487088	3.11170927801401	2.59651914676266
RRBP1	0.935514263	0.0025321	0.000773462	4.454651276	24.31839823	3.1115610182228	2.59651914676266
LARS1	-1.054584636	0.002532753	0.000774367	-4.453984354	20.66858181	3.11105316296112	2.59640716155865
AKAP8L	0.948549435	0.002536376	0.000776182	4.452650346	19.71696613	3.11003643295817	2.59578636489876
STX4	-1.029701507	0.002538029	0.000777395	-4.451760287	18.11953988	3.10935825696355	2.59550341988197
LSM14A	-1.251452003	0.002555795	0.000783549	-4.447267433	18.49944457	3.10593383931766	2.5924739838232
SPTAN1	0.595970259	0.002571356	0.000789037	4.443292003	27.62709514	3.10290263111369	2.58983779183929
PARP9	-0.938398657	0.002579367	0.000792214	-4.441003598	16.99804101	3.10115748701501	2.58848686075646
DPH7	-1.206632076	0.002599569	0.000799143	-4.436045221	17.80091555	3.09737550034299	2.58509865065912
TNR	-1.844753794	0.002601654	0.000800509	-4.435358063	16.63611312	3.09663378101093	2.58475046176459
CEP97	0.811582749	0.002604851	0.000802218	4.433858677	21.61067794	3.09570759763613	2.58421711371897
GOLGA4	1.80212648	0.002611355	0.000805763	4.49158832	22.29311756	3.09379267894908	2.58313408410927
SMS	0.494945632	0.002611355	0.000805826	4.431305137	23.9427564	3.09375872419713	2.58313408410927
ITM2B	-0.98338138	0.002611355	0.000806405	-4.4308963	19.4436445	3.09344678810877	2.58313408410927
TENM4	0.711962587	0.002620888	0.000810079	4.428309571	16.47833536	3.09147262607064	2.58155153762694
MEX3D	-0.86598296	0.002634011	0.00081487	-4.42495559	17.15872476	3.08891167075197	2.57938241569568
NAMPT	-0.790395573	0.002643792	0.000819103	-4.422008774	24.83500175	3.08666148344223	2.57777271590562
CELSR2	-0.473645011	0.002643792	0.000819369	-4.421823754	27.21515219	3.08652047116591	2.57777271590562
KLHL18	-1.11595799	0.002649431	0.000821855	-4.420100964	18.46078066	3.08520479834157	2.57684738647592
NME7	-1.135492139	0.002653534	0.000824715	-4.418125758	17.98537765	3.08369610637298	2.57617534333975
CFL1	0.395759587	0.002653534	0.000825097	4.417862941	24.63394041	3.08349499194897	2.57617534333975
CRKL	-1.156407014	0.002653534	0.000825992	-4.417246211	20.12607714	3.08302415894194	2.57617534333975
TSPAN9	0.576982238	0.002653534	0.000826086	4.417181324	23.13832466	3.08297473793235	2.57617534333975
PLXNB1	-0.585326784	0.002660956	0.000829138	-4.415084963	23.04789995	3.08137318036566	2.57496230662681
TPM3	0.612392734	0.00266266	0.000830412	4.414212785	26.66644313	3.08070638360914	2.57468428588961
HNRNPK	-0.60371821	0.002690581	0.000839869	-4.407777528	24.05235799	3.07578844847842	2.57015392897578
CLINT1	-2.475609386	0.002693611	0.000841567	-4.440672827	18.91568421	3.0749113026567	2.56966512307173
ANP32A	0.601082725	0.002693611	0.000842316	4.406124602	29.41323107	3.0745249496994	2.56966512307173
S100A13	0.676766684	0.002743507	0.000858684	4.395196051	25.55364374	3.0661666293063	2.56169392737332
PCK2	-1.953900317	0.002793689	0.000875169	-4.384683605	17.97608079	3.05790807420006	2.55382194220949
CRYZL1	-0.940266845	0.002803697	0.000879086	-4.38187356	20.45259826	3.05596863630454	2.55226892306572
NISCH	-0.69381041	0.002828135	0.000887536	-4.376449084	22.92958645	3.05181402217793	2.54849986349052
PSMA3	0.632110865	0.002849842	0.000895143	4.371612063	26.07801399	3.04810758015889	2.54517921733544
NSUN2	-0.905063881	0.002856974	0.000898179	-4.369693246	20.39993019	3.04663710323761	2.54409371191264
RABL6	-0.732242741	0.002872823	0.000903963	-4.366056735	23.97598385	3.04384934521566	2.54169113087937
KIT	1.821952709	0.002881542	0.000907509	4.363838774	18.89984375	3.04214905926049	2.54037504596452
BRD4	-0.592393986	0.002900235	0.000914206	-4.359674685	23.43112044	3.03895593273129	2.53756681069818
MTAP	-0.815190098	0.002900235	0.000915013	-4.359175446	24.50736692	3.03857273567327	2.53756681069818
LRRFIP1	0.792695577	0.002905964	0.00091763	4.357558147	23.54366131	3.03733239652192	2.5367097701819
ERCC6L	-1.440124072	0.002927058	0.000925107	-4.352964569	17.59831998	3.03380803285872	2.53356867188449
REEP4	-1.117426548	0.002959024	0.000936035	-4.346319776	21.25642625	3.02870791192142	2.52885151235701
PSME3	0.721681732	0.002963734	0.000938351	4.344921816	22.21121595	3.02763467883927	2.52816077758751
NIFK	-0.97870095	0.002965604	0.000939769	-4.344067275	18.70802849	3.02697888507492	2.52788684120268
HYDIN	-0.758165854	0.002969323	0.000941775	-4.342861236	27.40710708	3.02605284235598	2.52734255771289
KLK10	0.920285814	0.003026014	0.000960599	4.331672023	20.73709787	3.01745786980481	2.51912906702378
LSM4	0.918482083	0.003032888	0.00096366	4.329874294	19.31630812	3.01607616751794	2.51814362723635
ACTL6A	-0.609421261	0.003032888	0.000964472	-4.32939835	23.99872523	3.01571037602632	2.51814362723635
CACHD1	0.409100768	0.003037954	0.00096693	4.327960338	25.98359485	3.01460496512498	2.5174188064105
ACP7	1.239321383	0.003039096	0.00096814	4.327253416	19.40420086	3.0140618360479	2.5172555810613
NUP50	-1.086627434	0.003078091	0.00098142	-4.31955805	22.93669329	3.00814509593618	2.51171854492895
TMEM50A	-1.000518872	0.003081473	0.000983358	-4.318444497	19.17720164	3.00728834471147	2.51124163322371
ASH2L	-0.67886125	0.003090852	0.00098786	-4.315865078	22.27209538	3.0053045994768	2.5099217898646
RCN2	0.989544564	0.003090852	0.000988073	4.315743326	22.16152592	3.00521096803787	2.5099217898646
GSS	0.545455566	0.003099538	0.000991714	4.313667148	24.37736336	3.00361355579973	2.50870303487648
UBE2V1	0.70872427	0.003159248	0.001011699	4.302409227	22.35264842	2.99494867927822	2.50041628077292
NBEAL2	-1.343143059	0.003167724	0.001015296	-4.300407441	17.79648391	2.99340732481887	2.49925266499249
ARHGAP1	-0.742755637	0.003170073	0.001016933	-4.299499151	22.291674	2.9927076593573	2.49893073679419
WDR13	-1.189250451	0.00319494	0.0010258	-4.294603801	19.23261651	2.98893730527027	2.49553729334708
FNTA	1.454814168	0.00319633	0.001027137	4.293869423	20.48367482	2.98837162614383	2.4953483890012
CTDP1	-0.966279683	0.003198412	0.001028698	-4.293013809	17.63010168	2.98771210452216	2.49506559381
SEMA4C	0.808484438	0.003214216	0.001034676	4.289747461	23.46214457	2.98519562454632	2.49292494136981
RPL7	-0.770544326	0.003218434	0.001036931	-4.288520641	23.12348971	2.98425014169799	2.49235539246315
RBM15B	-0.628917879	0.003232478	0.001042357	-4.285579907	23.79217054	2.981983512729	2.4904644222128
EPDR1	-2.044330747	0.003238922	0.001045338	-4.284233907	18.95148021	2.98074326189694	2.4895995105812
TKT	0.467420924	0.003251154	0.001050192	4.281361588	28.76227716	2.97873129434175	2.48796245844414
ECE1	-0.901694815	0.003261775	0.001055183	-4.278691151	24.67120641	2.97667221430178	2.48654600026344
ATP6V1G1	0.91510346	0.003261775	0.001055441	4.278553694	19.61548645	2.9765660390883	2.48654600026344
WDR89	-1.199670668	0.003275402	0.001060763	-4.275721371	20.53727629	2.97438163710679	2.48473539012486
OXR1	-1.48178258	0.003275535	0.001061719	-4.275214115	18.41762104	2.97399041065326	2.48471775565025
HYOU1	0.383253282	0.003282858	0.001065007	4.273473011	28.25583811	2.9726475377169	2.48374790226919
NAGPA	0.683772712	0.003302621	0.001072339	4.269611165	20.67498773	2.96966789882649	2.48114126192853
SWAP70	-0.556565927	0.003308022	0.001075015	-4.26820862	24.35766157	2.96858547586765	2.48043161083448
PSMA1	0.60718028	0.00335234	0.001090352	4.260238856	25.85234176	2.96243327547307	2.47465194092612
B3GNT3	-0.827434003	0.003361913	0.001094402	-4.258153312	20.09596052	2.96082312195787	2.47341352947739
PLBD2	0.645739587	0.003364936	0.001096324	4.257166637	25.1525411	2.96006107849978	2.47302319150276
SRSF1	-0.726568265	0.003382133	0.00110287	-4.253819408	28.60091739	2.95747567668946	2.47080931807761
BCCIP	-0.763930757	0.003396637	0.001108546	-4.250933462	22.47113159	2.95524628077983	2.46895086388082
TES	-0.829618751	0.003432969	0.00112136	-4.244474214	20.76440561	2.95025493966708	2.46433011827239
NLGN4X	0.864565079	0.00343741	0.001123769	4.243268522	18.82634493	2.94932295241075	2.4637686639297
ANGPTL1	-1.441879737	0.003438254	0.001125003	-4.242651828	20.86517783	2.94884631943554	2.4636620430871
C1RL	0.662750944	0.003443609	0.001127715	4.241299217	23.48078681	2.947800642876	2.46298616580794
WDR77	-0.71901741	0.003455818	0.001132676	-4.238833276	23.13490548	2.9458943015535	2.46144913762747
CTBP2	-0.736711501	0.003522002	0.00115535	-4.227704624	23.60170316	2.93728643131941	2.45321040175071
CNTN4	-1.55923374	0.003542085	0.001166179	-4.245274472	22.28714167	2.93323478341423	2.45074102118433
HNRNPA2B1	-0.738475272	0.003542085	0.001164064	-4.223487575	27.89857269	2.93402314160817	2.45074102118433
PRKAR1A	-1.119016213	0.003542085	0.001166132	-4.222491825	20.17473747	2.9332522869467	2.45074102118433
PATJ	-1.840850688	0.003542085	0.001166701	-4.222218026	19.12402692	2.93304042989126	2.45074102118433
TBC1D10B	1.10697641	0.003542085	0.001166874	4.222134893	17.06267943	2.93297603689296	2.45074102118433
KIF5C	1.374715482	0.003557619	0.001172983	4.219205378	17.80617151	2.93070828205301	2.44884056413785
CSNK2A1	-0.97057381	0.00356547	0.001176565	-4.217494987	21.930798	2.92938407498049	2.44788321337103
TMBIM6	-1.021888732	0.003569285	0.001178819	-4.216421548	17.97872371	2.92855287288263	2.4474187731467
SND1	-0.618827355	0.003586455	0.001185489	-4.213257184	23.88271359	2.92610247142975	2.44533461397794
DDX24	-0.791669644	0.003591133	0.001188036	-4.212053724	18.27547981	2.92517039911538	2.44476851019098
GAPDH	-0.496051868	0.003602517	0.001192807	-4.209807062	32.49184615	2.923429820886	2.44339396110696
LDHA	0.395168204	0.003608	0.001195628	4.208482711	29.03904882	2.92240392292089	2.4427334711301
SPECC1L	1.113482057	0.003632095	0.001204625	4.204280805	22.2929567	2.91914812800806	2.43984280072468
PSMA4	0.410088556	0.003660765	0.001215154	4.199404353	26.973587	2.91536867917513	2.43642814942466
H2BC18	-0.534029626	0.003667865	0.001218533	-4.19784871	25.83407242	2.91416270486757	2.43558665741696
ITGAV	-0.480430273	0.003669377	0.001220058	-4.197148006	26.20706233	2.91361952302918	2.43540766556527
RAB5C	-1.152239256	0.00372267	0.001238815	-4.188603717	21.35240475	2.90699354469579	2.42914546056675
S100A11	0.975404257	0.003726963	0.001241282	4.187738672	25.23641475	2.90612954232796	2.42864491875021
PSMD1	-0.770026688	0.003732335	0.001244112	-4.186215115	24.15894509	2.90514052093742	2.42801938257774
FRG1	-3.408211734	0.00373627	0.001247506	-4.316364271	17.78144011	2.9039573569185	2.42756174719752
CKB	-0.473994361	0.00373627	0.001247485	-4.18469952	26.27474105	2.90396466771371	2.42756174719752
PSMB8	-0.518931281	0.00373782	0.001249065	-4.183990891	24.27291051	2.90341496081978	2.42738161651764
DHX8	-0.791026098	0.003755127	0.001257322	-4.180303402	21.57658035	2.90055348530944	2.42537537038644
NCSTN	-0.397913068	0.003755127	0.001259679	-4.179255779	24.80538051	2.89974011066791	2.42537537038644
RNF150	-0.783282001	0.003755127	0.00125984	-4.179184291	19.56858317	2.89968460688986	2.42537537038644
METAP1	-1.003100001	0.003755127	0.001259854	-4.179177795	19.12751249	2.8996797808096	2.42537537038644
PFKM	-0.929843947	0.003755127	0.001260082	-4.17907675	23.74307059	2.89960119219295	2.42537537038644
TSC1	-0.761792702	0.003779485	0.001269309	-4.174995053	16.56407843	2.89643264058524	2.42256737394473
CIRBP	-1.382105787	0.003795751	0.001275829	-4.17237575	21.95665189	2.8942075304213	2.42070228488354
PTS	-1.233512977	0.003800144	0.001278365	-4.171018526	18.0275267	2.89334512829522	2.4201999462199
LYAR	-0.961696041	0.003814201	0.001285745	-4.167799483	20.68648969	2.89084515588623	2.41859642432338
GAA	0.382331786	0.003814201	0.001286081	4.167653711	26.77869724	2.89073167779965	2.41859642432338
EFCC1	0.778001564	0.003814201	0.001287244	4.167148076	21.29165511	2.89033912379513	2.41859642432338
TGFBI	0.413110038	0.003814201	0.001287346	4.167103787	24.58207286	2.89030471207351	2.41859642432338
TRA2B	-0.916461715	0.003814979	0.001288672	-4.166528297	24.14918778	2.88985760764034	2.41850784832751
FBLN5	-1.002033433	0.003818593	0.001291377	-4.165356039	20.83703997	2.88894695283961	2.41809662789889
CRK	0.73498915	0.003818593	0.001292021	4.165077131	22.66758307	2.88873042743226	2.41809662789889
SP140L	-0.642339248	0.00382092	0.001294863	-4.163849033	21.43993898	2.88777617868038	2.41783205519886
ANXA7	0.83571502	0.00382092	0.001295456	4.163592954	16.46064954	2.88757733318508	2.41783205519886
ANKZF1	-1.416585685	0.00382092	0.001296003	-4.163356851	18.62356281	2.88739399315529	2.41783205519886
IGFBP3	-0.55427181	0.003855274	0.00130873	-4.15789539	26.90969965	2.88314994214673	2.41394475056781
AKR1A1	0.564053712	0.003864947	0.001313091	4.156036654	23.76749662	2.88170517533597	2.41285645718301
DNAJA2	-1.08131191	0.003879792	0.001319216	-4.153436684	21.09611602	2.8796840900276	2.4111915567959
SRSF3	-1.75297037	0.003880067	0.001320391	-4.227209241	22.41844949	2.87929744455352	2.41116077505552
MERTK	-0.674386472	0.00388015	0.001321751	-4.15236407	22.76583956	2.87885035234762	2.4111514849952
QPCT	0.539791243	0.00388015	0.001322582	4.152013218	24.41174473	2.87857739222773	2.4111514849952
ASNS	-0.708825131	0.003884967	0.001325307	-4.15086367	22.96649949	2.87768350817068	2.41061266586661
PHF10	-1.37308956	0.003888024	0.001327433	-4.149968297	17.38042913	2.87698738999384	2.4102710629239
ITM2C	-1.642957188	0.003917117	0.001338814	-4.145200757	18.57914322	2.87327975486598	2.40703345635729
HNRNPA1	-0.810490414	0.003917117	0.001339549	-4.145137349	29.70659469	2.87304139550079	2.40703345635729
DSC1	1.104352763	0.003981484	0.001363261	4.135100579	19.02204024	2.86542098935357	2.39995502519094
EPCAM	0.716840398	0.003981484	0.00136378	4.134887863	24.03608752	2.86525568282622	2.39995502519094
INF2	-0.822080787	0.004001133	0.001371626	-4.13168746	16.55234684	2.86276429116463	2.3978170121786
POLR1G	0.979416528	0.004043615	0.001387316	4.12534315	22.05454479	2.85782460495029	2.39323020108676
B4GAT1	0.81625616	0.004071427	0.001397993	4.121068458	23.2575745	2.85449500317473	2.39025334762821
CHD4	-0.496495182	0.00407737	0.00140117	-4.119802912	25.63726495	2.85350916979421	2.38961987680704
PTMA	1.658683264	0.00408216	0.001403953	4.259779794	27.27062469	2.8526474307976	2.38910997714192
TCEAL3	0.981046348	0.004110169	0.001414732	4.114433861	21.42611578	2.84932582299815	2.38614032064011
TNPO3	-0.624405784	0.004115404	0.001417681	-4.113273446	23.85503038	2.84842148108903	2.38558752464165
EIF4A3	-0.562073732	0.004151456	0.001431257	-4.10796327	21.51685459	2.84428237626088	2.38179956066942
SFPQ	-0.451412481	0.004158703	0.001434915	-4.106541595	25.93085709	2.84317382445215	2.38104209431813
TAGLN2	0.967179877	0.00422357	0.001459556	4.097059845	22.80586913	2.8357792374184	2.37432030357396
MYO1C	-1.354824931	0.00422357	0.001459651	-4.097023888	20.00579106	2.83575097085437	2.37432030357396
OGFOD3	1.884853091	0.004262681	0.001474355	4.091680136	19.70108659	2.83139793304531	2.37031716679539
MVP	-1.927424774	0.004287196	0.00148403	-4.088040331	18.16656135	2.82855731960769	2.36782666116568
BPNT1	-0.988507624	0.004309832	0.001493066	-4.084427846	22.125314	2.82592099414887	2.3655396585852
CYRIB	-0.775644976	0.004316449	0.001496562	-4.083127137	24.04399586	2.82490528637466	2.36487338602803
FAM98B	1.539747219	0.004327044	0.001501441	4.081316619	18.2277114	2.82349172898473	2.36380868860991
EZH2	-0.987961081	0.004343067	0.001508211	-4.078814601	17.02560558	2.82153789604887	2.36220347077458
WAPL	-2.38565185	0.004368642	0.00151831	-4.162004916	16.33442179	2.8186395475813	2.35965354324989
EPHA2	-0.394072094	0.004375752	0.001522001	-4.073754104	25.60513174	2.81758506222094	2.35894730003925
ZMPSTE24	-0.838521298	0.004378013	0.001524007	-4.073021654	18.37190642	2.81701303821007	2.35872295317926
SMYD5	-1.129998592	0.004397389	0.001532798	-4.069824672	20.17161175	2.81451507493407	2.35680511430277
RPS26	-0.68633649	0.004397389	0.001533203	-4.069677714	22.28872321	2.81440033963803	2.35680511430277
FHL1	-2.155161575	0.00442118	0.001543963	-4.08663244	18.42294988	2.81136311144094	2.35446180325396
PRDX4	0.528730652	0.00442118	0.001542947	4.066157301	23.77992954	2.81164899163151	2.35446180325396
ANP32B	0.590801617	0.004435082	0.001550054	4.063603792	27.20570229	2.80965317183389	2.35309834610998
EFTUD2	-0.606877396	0.004460654	0.001560234	-4.059967131	25.36561424	2.80681026235858	2.35060146241596
GTF2I	-0.728774218	0.004466808	0.001563632	-4.058758947	21.54622983	2.80586545023697	2.35000271471701
RPS2	-0.756889786	0.00447465	0.001567624	-4.05734265	22.47187853	2.80475809618413	2.34924092884265
VPS26A	-0.599882625	0.004539013	0.001591438	-4.048971386	24.28753177	2.7982102761648	2.34303857341045
RANBP2	-1.338085505	0.004580061	0.001607106	-4.04353362	21.21152761	2.7939554775012	2.33912873776317
PCM1	1.355457989	0.004606435	0.001617645	4.040135566	22.04164234	2.79111678028679	2.33663505265505
TELO2	-4.421931018	0.00462755	0.001626349	-4.171347006	17.64635072	2.78878625301602	2.33464888006144
MARCKSL1	1.163486613	0.004643401	0.001634442	4.034176431	22.39879669	2.78663048623496	2.33316380942725
CPD	-0.534260405	0.004643401	0.001634508	-4.034154075	25.86557068	2.78661294945048	2.33316380942725
TMEM167A	-1.095858627	0.004665998	0.001643763	-4.031022825	17.67765266	2.78416079945533	2.33105545169511
RAB25	-3.334129643	0.004670339	0.001646594	-4.150329813	19.82080977	2.78341347144098	2.33065159470455
MTMR1	-1.215021868	0.004694214	0.00165632	-4.026803462	17.7569948	2.78085575401945	2.32843711565335
GNB4	-0.61481881	0.00469987	0.001659625	-4.025698189	23.48932894	2.77999003173637	2.32791415463098
LRIG1	1.217381831	0.004731788	0.001672215	4.021735336	22.49194313	2.77670788520397	2.32497472146014
DDX6	-0.712992359	0.00475874	0.001683066	-4.017924838	22.55836588	2.77389885320196	2.32250802280156
PEAK1	-1.331224795	0.004761637	0.001685418	-4.017151137	16.14234221	2.77329237219303	2.32224371579924
FASN	-0.606587931	0.004812916	0.00170491	-4.010781047	27.31665376	2.76829854191196	2.31759171801407
PDCD6	0.831276341	0.004826687	0.001711494	4.008646161	21.88074966	2.76662461903353	2.3163508633069
ADD2	0.873462631	0.004826687	0.001712478	4.008327882	18.02644099	2.76637499912895	2.3163508633069
PBXIP1	-2.20911168	0.004835714	0.001719706	-4.03327085	18.40012365	2.76454579349439	2.31553939265303
WNK1	-0.893413841	0.004835714	0.001718373	-4.006424806	22.38233644	2.76488255979521	2.31553939265303
RSF1	0.510227038	0.004835714	0.001719724	4.005989681	26.41853852	2.76454124779892	2.31553939265303
MORF4L2	-0.619834133	0.004859157	0.001729416	-4.00287821	21.69786423	2.7621005273891	2.31343906859863
PPWD1	-1.372581422	0.004861057	0.001731447	-4.002228399	19.80687847	2.76159079776732	2.3132692864259
FKBP4	-0.504737722	0.004861363	0.001732911	-4.001760541	26.60659318	2.76122374149926	2.31324194876481
CUL1	-0.63582852	0.004865014	0.001735568	-4.000912354	23.20770236	2.76055836588987	2.31291590562913
TUBB4B	-0.630616695	0.004883442	0.001744049	-3.998214098	23.84137192	2.75844131749367	2.31127396597316
RIC1	-0.739121891	0.004883442	0.001744864	-3.997955435	16.75023384	2.75823841761672	2.31127396597316
GPRIN1	1.65156777	0.004952008	0.001770743	3.98980868	18.13688416	2.7518444663543	2.30521866238191
HNRNPH3	-1.090700147	0.004985107	0.001783968	-3.985692816	20.75874234	2.74861294006531	2.30232551558485
VPS29	1.351880431	0.004999347	0.001790457	3.983684671	19.67384898	2.74703610463642	2.30108671822738
MMP2	0.533747433	0.004999971	0.001792074	3.983185379	25.41496432	2.74664406100865	2.30103251457928
FBXW7	0.620015228	0.005038499	0.001807288	3.978511155	22.19906364	2.74297263501822	2.29769882329786
SMC2	-0.997162192	0.005041437	0.001810283	-3.977815772	24.18539696	2.74225352693687	2.29744565557458
TMED9	1.823253862	0.005041437	0.001811152	3.977550627	18.51138269	2.74204510021541	2.29744565557458
ADGRG6	0.584827338	0.005069359	0.001823248	3.973650896	23.15650045	2.7391542541612	2.29504695198074
PROM1	-1.371864326	0.005069359	0.001824008	-3.973420419	17.41569779	2.73897326121142	2.29504695198074
SEMA3A	-0.486701296	0.00507064	0.001825883	-3.972852792	23.91949341	2.73852705488625	2.29493722194343
RANGAP1	-0.590584153	0.005081269	0.001831126	-3.971267959	22.51824506	2.73728177081464	2.29402781313473
CCAR2	0.929698445	0.005097966	0.001838564	3.969027809	23.55299567	2.73552124783859	2.29260306530881
SETD7	-1.261178354	0.005106323	0.001844198	-3.967337083	18.73022848	2.73419245329805	2.29189171740467
STAT1	-0.816556521	0.005106323	0.001844425	-3.967269358	21.48547798	2.73413899982909	2.29189171740467
NUDT16	0.715896729	0.00510823	0.001846537	3.966636897	16.27182714	2.73364198574664	2.29172955669404
HP	1.100570506	0.005111449	0.001849125	3.965863045	23.00637501	2.73303372974114	2.29145596806499
SERPINB1	-0.7277516	0.00513987	0.001860839	-3.962374553	22.68369534	2.73029120045134	2.28904786524531
FH	-0.415444388	0.005166311	0.001871852	-3.959115476	25.25586383	2.72772849220276	2.28681945385018
NME2	-0.37748126	0.005168294	0.001875381	-3.958075205	25.54232473	2.72691048826239	2.28665278933457
RPP30	-0.839606932	0.005168294	0.001875451	-3.958054638	19.51883651	2.7268942781982	2.28665278933457
ANLN	-3.681473174	0.005205627	0.001890449	-4.081459514	20.06774948	2.72343503441747	2.2835269537153
GEMIN4	-1.275335619	0.005213696	0.001895825	-3.952088656	17.73313625	2.72220175404542	2.28285429525658
IRF3	-1.381168176	0.005213696	0.001896286	-3.951954546	16.78529026	2.72209616127288	2.28285429525658
NDNF	1.88591036	0.005216214	0.001898655	3.951481926	18.88134514	2.72155394269226	2.28264459957816
SCCPDH	-0.899061863	0.005220029	0.001901499	-3.950439121	16.18805296	2.72090389864819	2.28232708425732
CX3CL1	-0.728033391	0.005227585	0.001905708	-3.949218537	24.43724579	2.71994364289165	2.28169889686881
GBA3	-0.787568997	0.005256612	0.001917755	-3.945740528	24.07404479	2.71720687628131	2.27929407785654
H6PD	0.710735113	0.005267987	0.001923926	3.943967836	16.58807571	2.71581163625336	2.27835530543296
CXCL1	1.772184385	0.005267987	0.001924841	3.943921006	20.03342509	2.71560513923318	2.27835530543296
RBMXL1	-0.734954866	0.005279001	0.001930337	-3.942132113	19.79237022	2.71436686484504	2.27744825573073
LIPG	-1.879281947	0.005285158	0.001934062	-4.017448145	21.82851605	2.7135296079023	2.27694202491238
DDR1	0.341950893	0.005313831	0.001946035	3.937663753	25.83904963	2.71084935308608	2.27459226191945
CLDN3	0.516938087	0.005328847	0.001953019	3.935687647	23.49897415	2.70929353164557	2.27336674889206
PZP	-2.276307913	0.005329691	0.001954814	-4.035721692	21.90704169	2.7088945592996	2.27329796937587
HACD3	-1.214382352	0.005339146	0.00195977	-3.93378457	18.48190506	2.70779489476192	2.27252820311148
SHPK	-0.858136389	0.005351256	0.001965706	-3.932116591	20.00182348	2.70648143672036	2.27154427221245
ATRNL1	-0.85134631	0.005389064	0.001981097	-3.927816389	17.97287108	2.70309425967932	2.26848665873431
HAGH	-0.990294984	0.005395555	0.001984987	-3.926734864	20.06970515	2.70224233315616	2.26796387608943
PPFIBP1	-1.119513655	0.005514278	0.002030201	-3.914322487	22.17443793	2.69246096264369	2.25851134290516
RPS12	0.705245127	0.005543036	0.002042334	3.911040187	20.11439309	2.68987323262358	2.25625230081389
APEX1	0.376892142	0.005596993	0.002063774	3.905288662	26.06691259	2.68533786321094	2.25204523625269
ARRB1	-1.430878398	0.005657895	0.002087808	-3.898914184	18.23006895	2.68030944263076	2.24734511650146
LPIN1	0.912626933	0.00566533	0.00209213	3.897775779	16.7323655	2.67941133293645	2.24677478782973
CTNNBL1	-2.017386049	0.005665491	0.002093768	-3.922749503	20.38551188	2.67907144199899	2.2467624460212
NPM1	0.446439449	0.005676428	0.002099392	3.895868441	29.94606747	2.67790646206461	2.24592486638043
USP47	-1.055722558	0.005680418	0.002102451	-3.895067052	21.3830693	2.67727411713652	2.24561970506116
ARHGEF17	-1.028347833	0.00571495	0.002116825	-3.891317594	18.0934865	2.67431504404757	2.24298756488709
PSMD3	-0.643566762	0.005800933	0.00215029	-3.882688652	23.79145746	2.66750296477903	2.23650215054659
EGF	-0.877937673	0.005816351	0.002158792	-3.880518479	17.13982962	2.66578920000199	2.23534939293934
SERINC3	-1.851356473	0.005816351	0.002159247	-3.880609989	18.82392655	2.66569767512693	2.23534939293934
GDF15	-0.852462807	0.005824112	0.002163752	-3.879256473	19.65266984	2.66479251768914	2.23477028195836
PLEC	0.66299824	0.005829928	0.002168212	3.87812398	28.4907955	2.66389825629931	2.23433680877371
C2CD5	-1.390293645	0.005829928	0.002170175	-3.877626533	20.74666265	2.6635052438151	2.23433680877371
QDPR	0.491460664	0.005829928	0.002170787	3.877471485	27.17025135	2.6633827879057	2.23433680877371
ASMTL	-2.012921596	0.005840682	0.002178047	-3.894215708	19.46629181	2.6619327528537	2.23353643858222
FAM83D	-1.417597398	0.005840682	0.002176604	-3.876000014	19.20921401	2.66222057704917	2.23353643858222
PSME4	-0.801199608	0.005910849	0.00220586	-3.868660532	20.94952427	2.6564220545236	2.22835013510288
TOP2A	-0.726569197	0.005915064	0.002210686	-3.867459496	24.14915694	2.65547293908188	2.2280405520172
PI4KA	-0.914648845	0.005915064	0.00221073	-3.867448531	16.48969657	2.65546429526406	2.2280405520172
EIF2B5	-0.768434259	0.005945321	0.002223696	-3.86423508	18.75468871	2.65292458514153	2.22582469196789
REPS1	-1.436132133	0.005961129	0.00223127	-3.862366828	20.83996018	2.65144787372549	2.22467147985112
AFDN	-0.829445849	0.006045642	0.002264588	-3.854224904	23.360823	2.64501079833194	2.21855757366958
THOC3	-0.969600273	0.006051352	0.002268414	-3.853297979	20.6371238	2.6442776810369	2.21814758393563
BRD2	1.114687574	0.006060117	0.00227421	3.927755046	27.5712953	2.64316943514947	2.21751899102119
SLC2A1	-0.523733557	0.006060117	0.002275077	-3.851687207	25.82313075	2.64300390005777	2.21751899102119
RABGAP1L	-0.898894633	0.006067169	0.002279416	-3.850641024	20.72025976	2.64217640758953	2.21701390768572
APPL1	-0.715091646	0.006067373	0.002281183	-3.850215449	20.32924439	2.6418398735562	2.21699930539182
FKBP9	0.49418096	0.006098619	0.002294631	3.846988372	23.9301702	2.63928714348115	2.21476849754345
MAP4K4	1.090153007	0.006113973	0.002302112	3.845201562	21.99245736	2.63787355134101	2.21367648349951
HS6ST2	0.858248345	0.00617004	0.002324943	3.839785051	20.80759238	2.6335876901241	2.2097120204525
HNRNPLL	-1.360038335	0.006177255	0.002329383	-3.838737962	16.49590691	2.6327590983647	2.20920447041121
COPS2	1.550230553	0.006188228	0.002335246	3.837358603	20.26978945	2.63166736314277	2.2084336934669
DYNC2H1	0.887706707	0.006215866	0.002347408	3.834508458	21.19883565	2.629411419669	2.20649835651214
ADAMTS1	-0.548076728	0.006261191	0.002366542	-3.830054844	23.93711444	2.62588578352374	2.20334304769535
LY75	-0.745454049	0.006261191	0.002368014	-3.829713716	21.23706324	2.6256157343373	2.20334304769535
NPC1	-1.526318131	0.006271172	0.002373537	-3.828435995	20.22733182	2.62460399387164	2.20265128762738
SCAF4	1.002055498	0.006274847	0.002376677	3.827710919	18.49703924	2.62402983663502	2.20239685914825
HS6ST1	0.655548898	0.006276031	0.002378875	3.827204015	22.08100383	2.62362837773427	2.2023149199137
ARFGAP3	-1.000953239	0.006280868	0.002382458	-3.826378433	18.67148363	2.62297474673539	2.20198033372123
NDST2	0.852930378	0.006321996	0.002401834	3.821936913	18.08833349	2.61945701166053	2.19914578327949
LRRC4B	0.49173903	0.006321996	0.002402026	3.821892948	22.47318331	2.61942229601912	2.19914578327949
ASL	1.293048965	0.006321996	0.002403345	3.821591982	17.65304462	2.61918388177971	2.19914578327949
XYLT2	0.415943557	0.006329704	0.00240804	3.820522055	24.90943594	2.61833630328008	2.19861659869866
NLE1	-0.547552507	0.0063418	0.002414409	-3.819073893	22.3711616	2.61718915868054	2.19778745834583
ADAMTS14	-2.102121299	0.006348263	0.002420408	-3.848421512	20.04451802	2.61611142029501	2.19734508930806
GPRC5A	-1.115962091	0.006348263	0.002418646	-3.842290917	24.24986078	2.616427691579	2.19734508930806
GRSF1	-1.059392825	0.00635092	0.002423191	-3.817083475	18.61994632	2.61561235269006	2.19716335786042
TGFB2	0.737444359	0.006400613	0.002445195	3.812128912	25.83594129	2.6116865009383	2.19377843073976
NRXN3	0.611578377	0.006400613	0.002445719	3.812011385	22.58385094	2.61159344254087	2.19377843073976
ATG13	-1.065477665	0.006406299	0.002449677	-3.811125211	19.30229054	2.61089117537641	2.1933927954537
NUDT5	-0.442813555	0.006441122	0.002464788	-3.807755397	25.0227443	2.6082204290803	2.1910384748815
RPS13	-0.634347157	0.006498162	0.002488427	-3.802526328	21.32499871	2.60407509510971	2.18720946583975
RPN1	-0.696800246	0.006545103	0.002508227	-3.798185473	21.19473027	2.60063316146724	2.18408351458616
EIF2B4	-1.452929708	0.006566059	0.002518193	-3.796013789	19.17334723	2.59891098764242	2.18269521919131
CD2AP	-0.523516281	0.006566059	0.002519917	-3.795638952	25.19604495	2.59861376359768	2.18269521919131
HIP1R	-0.612588659	0.006569881	0.002524629	-3.794615957	16.42424757	2.59780243342291	2.1824424967281
GALK2	-0.687975928	0.006569881	0.002525046	-3.794525502	17.19109483	2.59773070571792	2.1824424967281
RRM2B	-0.943616131	0.006603047	0.002539633	-3.791371625	20.32937155	2.59522903833702	2.18025561144
MYH14	0.584902301	0.006607266	0.002543098	3.790625275	23.97891011	2.59463690367047	2.17997820870451
PDCL3	-0.901300519	0.006642568	0.00255972	-3.787058973	21.96062883	2.59180753824501	2.17766399102027
UAP1	-1.202744369	0.006642568	0.002560388	-3.786916082	19.2176615	2.59169421691836	2.17766399102027
PDGFB	-0.726463217	0.006673258	0.002574077	-3.783997599	19.17291806	2.58937846591068	2.17566208422906
APMAP	-1.738735145	0.006675385	0.002576758	-3.807079318	21.22128502	2.588926366936	2.17552368149092
BCAR1	0.76682991	0.006715793	0.00259603	3.77935033	16.41553399	2.58569029308924	2.17290269852911
VWA1	0.903163604	0.006715793	0.002596099	3.779335732	23.27789693	2.58567875010976	2.17290269852911
USP5	-0.526380624	0.006726411	0.002602079	-3.778077032	23.87589521	2.58467952224667	2.17221659976615
OXCT1	-0.569561378	0.006775697	0.002623033	-3.773689013	22.98098442	2.58119624557901	2.1690460233046
AKAP2	-0.848294584	0.006788647	0.002629938	-3.772250957	18.01278388	2.58005448975179	2.16821677343459
DCD	2.154816031	0.006789821	0.002632286	3.88573555	23.91316957	2.57966692604823	2.16814167487074
CHI3L1	-0.690916128	0.006804113	0.002640069	-3.770148054	23.56417899	2.5783847224	2.16722848240971
LRP6	0.464030392	0.006804113	0.002641619	3.769827058	23.75109326	2.57812982038145	2.16722848240971
LGALS3	0.61377294	0.006819251	0.002649397	3.768219188	24.34126127	2.57685295978851	2.16626332394035
PDCL2	0.67329749	0.006851926	0.002664001	3.765213076	25.2363061	2.57446561647831	2.16418733601085
MICA	0.478793424	0.006915135	0.002692008	3.759495385	22.71249613	2.56992365382745	2.1601993370033
POLR2A	-0.853403984	0.006915135	0.0026942	-3.759050324	16.14749731	2.56957016820012	2.1601993370033
SCEL	-0.753144824	0.006915135	0.002694359	-3.759018256	18.60985586	2.56954453877948	2.1601993370033
REST	2.860855925	0.006976138	0.002720072	3.855054014	16.74228853	2.56541960008755	2.15638493689921
TP53	-1.256798829	0.006981917	0.002724271	-3.752983803	18.19807778	2.56474969266581	2.15602531831993
PUM3	-1.316226541	0.006987062	0.002728959	-3.752044177	19.87967317	2.56400298914048	2.15570540299749
IGFBP4	0.842783555	0.006987062	0.002730173	3.751801178	19.70012717	2.56380983260581	2.15570540299749
TLE1	-1.956732943	0.007025395	0.00274711	-3.765565221	20.065996	2.56112395017662	2.15332925270435
CNTN6	-0.690835131	0.007064077	0.002764204	-3.745032871	16.72988557	2.55842990890819	2.15094457549888
RPL13A	-0.908384799	0.007079267	0.002772121	-3.74347055	18.90550953	2.55718781717516	2.15001170761183
CC2D1A	-1.093927582	0.007106466	0.002784752	-3.740987347	18.84939809	2.55521347547312	2.14834631744999
GET4	-0.935134831	0.007137055	0.002798728	-3.738253177	17.99762178	2.55303930726415	2.14648095644407
FCHO2	-0.971469827	0.007204636	0.002827237	-3.732719022	21.16224463	2.54863778419601	2.14238795616641
NUP153	-0.781165191	0.007271025	0.002855316	-3.727324087	17.56360365	2.54434582105668	2.13840436211678
APCS	1.37077325	0.007309142	0.002873792	3.723803799	19.17608607	2.54154466853347	2.13613360068035
SMC4	-0.629345699	0.007309142	0.002874359	-3.723696096	24.41781082	2.54145899055736	2.13613360068035
DOP1B	-1.251488323	0.007346793	0.002891213	-3.720505595	18.34209995	2.53891991202458	2.13390219647306
SYNCRIP	-0.382350318	0.007348779	0.002894043	-3.719971744	26.11793524	2.53849502037524	2.13378481297192
DNAJB6	-1.290874955	0.007439092	0.002931682	-3.712921769	21.19661781	2.53288313946582	2.12848007029481
RRAGC	-1.502578054	0.007566718	0.00298438	-3.703205583	19.90367046	2.52514587912298	2.12109245122155
RPL38	-1.293006314	0.007566718	0.002986196	-3.702873877	18.00948554	2.52488169060801	2.12109245122155
PREP	-0.428298358	0.00758969	0.002997378	-3.700836178	26.66779711	2.5232584846278	2.11977596244956
GEMIN5	-0.747332026	0.007609619	0.003007369	-3.69902194	22.23515374	2.52181328130024	2.1186370870323
PRDX1	-0.335080725	0.007611605	0.003010275	-3.698495339	28.16407894	2.5213938281513	2.11852375727039
GSK3B	-0.921623808	0.007644359	0.00302536	-3.695770683	19.83583285	2.51922293945416	2.11665892548177
NDRG3	-1.013811596	0.007651533	0.003030331	-3.694875712	18.67952016	2.51850993135832	2.11625154435726
CLDN16	-1.130113798	0.007738721	0.003067018	-3.688317461	21.46769897	2.51328367518226	2.11133081044647
CCAR1	-0.852717591	0.007742252	0.003070575	-3.687685864	21.89553055	2.51278029033902	2.11113269707954
ATP5F1B	0.569405707	0.007767153	0.00308367	3.685367237	28.10012212	2.51093210430698	2.10973813988199
MYORG	-1.325732863	0.007767153	0.003086417	-3.684882176	17.34536402	2.51054539759746	2.10973813988199
EIF3G	-0.576878859	0.007767153	0.003086945	-3.684788837	23.50985674	2.51047110825982	2.10973813988199
FNDC1	1.415857622	0.007797813	0.003101304	3.682260682	19.11670418	2.50845566070511	2.10802718387513
SF3B1	-0.413210066	0.007817097	0.003111152	-3.680533603	25.0869021	2.50707877026428	2.10695449898015
HM13	-2.66572207	0.00784206	0.003123273	-3.785620638	22.41924666	2.50539005316598	2.10556983921393
PAK2	-0.561698306	0.007931968	0.003163296	-3.671481343	21.4439266	2.49986016782124	2.1006190465408
UNC119	-0.673390736	0.007931968	0.003163502	-3.671445846	17.83803183	2.4998318866391	2.1006190465408
GYS1	-0.933010231	0.007935978	0.003167313	-3.670790299	19.85365913	2.4993090166862	2.1003995447969
GNL1	-1.09704563	0.00795921	0.003178804	-3.668818664	22.30790567	2.4977362491669	2.09913003649187
MMP7	-1.062526384	0.008005385	0.003199477	-3.665289683	19.36961264	2.49492100748551	2.09661777687962
BMP7	0.624208021	0.008033739	0.003214381	3.662759869	22.53645482	2.49290264767508	2.0950822817282
TAOK1	-1.326171006	0.008033739	0.003215287	-3.66260646	18.92244367	2.4927802554137	2.0950822817282
ZPR1	1.189025433	0.008145306	0.003262209	3.654721975	19.30473356	2.48648821845238	2.08909259562617
RRM2	1.110216987	0.008213148	0.003291669	3.649830711	21.33574313	2.48258384256696	2.08549035116463
ADD1	-0.998443819	0.008310061	0.003332826	-3.643071854	20.80461378	2.4771873593705	2.08039578826569
MCAM	-1.007579798	0.008403494	0.00337264	-3.652545403	24.41476844	2.47203001349727	2.07554010567395
ANKRD30B	-1.061280918	0.008439194	0.00338932	-3.63393198	19.28871039	2.46988742565261	2.0736990294487
COL9A2	0.955459575	0.008485523	0.003410291	3.630578708	22.57384555	2.46720856109487	2.07132138504764
DPP7	0.460381704	0.008510675	0.003422771	3.628593094	24.34159484	2.46562215629982	2.07003599371684
MARCKS	0.454589102	0.008555464	0.003443169	3.625363734	28.02900551	2.46304166043033	2.06775643180669
SPIN1	-0.995613712	0.008602736	0.003464591	-3.621993149	18.58382526	2.46034802712063	2.06536340448537
ERP29	0.499700807	0.008663469	0.003491465	3.617794831	21.8804413	2.45699230716243	2.06230817427713
UGGT1	-0.501713232	0.008694216	0.003506279	-3.615494555	25.42780628	2.45515352938896	2.0607695743542
SMARCA4	-0.637621953	0.008696122	0.003509472	-3.615000142	23.36057786	2.45475821821658	2.06067437605664
GSTO1	0.466256051	0.008824246	0.003563638	3.606681035	24.47123403	2.44810641871688	2.05432239325221
AP1M2	-0.968454091	0.00884382	0.003574007	-3.60510313	22.5602805	2.44684460122646	2.05336010528399
TMEM130	-0.69094275	0.008857052	0.003581824	-3.603916864	18.86256684	2.44589575788026	2.05271080555967
RANBP1	0.529964037	0.00889043	0.003599427	3.601254804	23.32889522	2.44376662993955	2.05107723316803
CLTC	0.364620439	0.00889043	0.003600277	3.60112663	29.08147609	2.44366408397062	2.05107723316803
SKP1	1.287786939	0.00890132	0.003607168	3.600088405	21.42988726	2.44283363040859	2.05054558591596
CNDP2	-0.479446467	0.008907088	0.003611988	-3.599363483	24.76981457	2.44225370119974	2.05026425693257
TLL2	-0.56211319	0.008910371	0.003615803	-3.598790416	23.7944965	2.44179523924302	2.05010421292178
TCERG1	-0.777904499	0.008977895	0.003645706	-3.59431937	22.25073126	2.43821835699917	2.04682547814881
TXNDC16	-0.42318394	0.009018106	0.003664548	-3.591521343	24.18939561	2.43597958533707	2.04488466424518
PTPRS	0.351141682	0.009065919	0.003686504	3.588279472	27.90381857	2.43338529053425	2.04258816549023
MDH1	0.386007036	0.009102724	0.003704007	3.585709089	27.1500247	2.43132820123997	2.0408286251359
AKR1C1	-0.741719542	0.009182626	0.003739486	-3.580536783	19.6619303	2.42718808836223	2.0370331037418
B3GNT2	0.483512773	0.009182626	0.003741639	3.58022455	22.91824057	2.42693811632049	2.0370331037418
BTF3L4	-0.706306784	0.009182731	0.003744241	-3.579847411	21.98235517	2.42663620544631	2.0370281377702
EMILIN2	1.432926731	0.009209095	0.003757557	3.589876338	21.49460715	2.4250944226911	2.03578304687349
PTPRK	0.381889593	0.009399194	0.003837742	3.56646966	28.41324157	2.41592422494775	2.02690938643864
PDCD6IP	0.401174119	0.009481852	0.003874135	3.561352487	24.70698765	2.41182524971564	2.02310682776468
VPS45	-1.056860009	0.009572662	0.003913906	-3.555815975	19.29606786	2.40738960897222	2.01896727526905
MGAT1	1.211183532	0.009595332	0.003925849	3.554164554	19.72067027	2.40606640869116	2.017939994011
SEC62	-0.738978977	0.009613729	0.003936056	-3.552757362	18.1091847	2.40493873129812	2.01710812429843
DTX3L	-0.770014811	0.009656444	0.003956235	-3.549986041	16.4346503	2.40271791925584	2.01518277373953
LNPEP	-0.297133629	0.009680939	0.003968969	-3.5482447	26.81097106	2.40132229317687	2.01408251637544
TPBG	-0.557833746	0.009690046	0.003975404	-3.547366917	21.13168261	2.40061872963516	2.01367416128786
COTL1	-0.791968419	0.009705429	0.00398442	-3.54613944	20.24879148	2.39963488860466	2.01298526313858
ATP7A	-0.690737994	0.009718587	0.00399253	-3.54503771	16.41687528	2.39875181187439	2.01239687321273
LIMCH1	-1.604151342	0.009765034	0.004014924	-3.542007347	18.97946766	2.39632267123039	2.01032624024231
ZC3H4	-0.945927622	0.009765034	0.004017054	-3.541719956	18.66878458	2.39609233014426	2.01032624024231
BMP3	1.52681776	0.009769657	0.004021679	3.541263019	17.24581339	2.39559259661649	2.01012068353017
BASP1	1.740788695	0.009807979	0.004040188	3.636099213	24.53623667	2.39359842561639	2.00842047269861
TBC1D10A	-0.951256852	0.009973392	0.004111106	-3.529185033	17.24977787	2.38604132530635	2.00115711086133
PAF1	0.408765375	0.009993038	0.004121989	3.527753442	24.89999116	2.38489317151985	2.00030246111724
FLT4	0.743138783	0.010052505	0.00414932	3.524175181	18.994222	2.38202307062411	1.99772570221193
IRS2	-1.545866207	0.010252093	0.00423456	-3.513167644	19.01246399	2.37319170918202	1.98918746284639
PCBD2	0.820779484	0.010254563	0.004238438	3.512672249	18.33400225	2.3727941653331	1.98908284243676
SNW1	0.706748966	0.010348648	0.00428021	3.507365077	16.2194928	2.36853492266817	1.98511638494069
FUT6	-0.872721249	0.010384606	0.004297977	-3.505123778	16.26786246	2.36673591290223	1.98360997628554
ALKBH5	-0.852423103	0.010429388	0.004319418	-3.502431446	18.33657875	2.36457476624438	1.98174117537223
FAM184A	1.146256986	0.010449045	0.004330471	3.501048792	19.71452772	2.36346486540724	1.98092340047952
SNRPD2	0.434123008	0.010455725	0.004336154	3.500339385	24.41934246	2.36289530207794	1.98064584782165
PROS1	-0.476208797	0.010483025	0.004350397	-3.498565356	26.47073218	2.36147110924258	1.97951337849334
DPP8	-2.503924931	0.010488562	0.004356274	-3.568725965	19.29840766	2.36088481189476	1.97928405025011
PTX3	0.50853042	0.010488562	0.004358541	3.497553639	25.69924449	2.36065886433014	1.97928405025011
USP39	-0.57160034	0.010508891	0.004369918	-3.496143598	22.47141747	2.35952671233888	1.97844311251532
NOG	0.624934353	0.010520219	0.004377561	3.495198449	21.39643557	2.35876779343896	1.97797521935513
CHMP1B	0.730485168	0.010619413	0.004421796	3.489760766	22.14996003	2.35440129751442	1.97389948870714
ALS2CL	0.810274941	0.010788752	0.004495313	3.480844817	20.40349708	2.3472400637883	1.9670287898732
CCDC88A	1.186716421	0.010790701	0.004499133	3.480385638	16.46518217	2.34687116835647	1.96695034117966
CGREF1	1.066908986	0.010826742	0.004519964	3.477888397	19.06981593	2.34486502418499	1.96550221228441
HDGFL2	0.404144003	0.010826742	0.004520195	3.477860836	25.77675605	2.34484282943701	1.96550221228441
EXTL3	0.74939745	0.010849205	0.004532597	3.476379717	18.28256328	2.34365289299881	1.96460208455857
SRSF2	0.847015097	0.010917662	0.004567283	3.486495175	26.25323516	2.34034207761338	1.96187035514886
PFDN2	0.669479905	0.010917662	0.004564903	3.472540799	21.6551074	2.34056844639087	1.96187035514886
AK1	-0.767872737	0.01093282	0.004576671	-3.471149304	20.7134641	2.3394503062793	1.96126780214223
RPS15A	-0.490394871	0.010971581	0.004595955	-3.468876959	24.75969713	2.33762423223514	1.9597307862719
ALPL	1.438110117	0.0110012	0.004611428	3.467060577	18.47368264	2.33616456778015	1.95855993984597
NADSYN1	0.784005376	0.011032827	0.00462776	3.465150147	17.75309803	2.33462917205788	1.95731319171299
DSG1	1.318471472	0.011041109	0.004634312	3.464385751	20.20454632	2.33401473115954	1.95698730265833
COIL	-0.931252175	0.011155602	0.004685477	-3.458453229	20.42233089	2.32924618963795	1.95250698851563
WDR44	1.132849068	0.011188933	0.004702595	3.456483181	20.62210958	2.32766242224031	1.95121132672514
CLIC4	0.555516362	0.011218725	0.004718243	3.45468864	23.68689657	2.32621969574346	1.95005649752981
PTPN11	-0.595515727	0.011250991	0.004734949	-3.452779437	22.99338939	2.32468469440894	1.94880922271915
SEC23A	-0.561641969	0.011288638	0.004753939	-3.450617546	23.27813403	2.32294639520636	1.94735845353707
TMEM138	-0.921785711	0.011355934	0.004785444	-3.447050104	17.32009951	2.32007776158529	1.94477714023205
SUPT16H	-0.332110372	0.011516443	0.004860992	-3.438591777	27.42331225	2.31327509366702	1.93868163758042
STAT3	-0.976060613	0.011516443	0.004861415	-3.438544792	18.35166514	2.31323730332025	1.93868163758042
LGSN	-0.968467142	0.011516443	0.004862712	-3.438400754	19.90232191	2.31312145128616	1.93868163758042
RSRC1	-0.868439922	0.011536742	0.004875059	-3.437031586	19.23406364	2.31202012392044	1.93791681953324
SDK1	0.798774933	0.011536742	0.004877714	3.436737671	22.07947266	2.31178366770887	1.93791681953324
FBLN7	-1.055709266	0.011540159	0.004882375	-3.436222028	17.99218143	2.31136886683277	1.93778820744139
NF2	-0.717629279	0.011548446	0.0048891	-3.435478943	18.93595743	2.31077107973268	1.93747645205157
ZZZ3	-0.703928718	0.011552762	0.004894147	-3.434921916	18.38782863	2.31032299037245	1.93731417352434
AP2M1	-0.958693912	0.011684989	0.004956063	-3.428135612	21.91213532	2.3048631816385	1.93237169210715
SRSF9	-0.69775444	0.011684989	0.004956676	-3.428068829	18.30920178	2.3048094684281	1.93237169210715
SYPL1	-0.915413975	0.011708281	0.004969819	-3.426639506	21.49003304	2.30365942791307	1.93150686299901
MAP1A	1.196896437	0.011749077	0.004990411	3.424407922	18.84115406	2.30186368530214	1.92999624994984
UBA1	-0.417351759	0.011791466	0.005011702	-3.422110327	26.1954382	2.30001476042394	1.92843219692944
CLDND1	-0.718541613	0.01179291	0.005015602	-3.421690484	21.55392048	2.29967693311466	1.92837901585459
ACTR1A	-0.624173281	0.011907921	0.005067836	-3.416099897	22.86898166	2.29517744774429	1.92416405522937
TPT1	0.713969845	0.011909828	0.005071967	3.415660246	23.31408258	2.29482358078968	1.92409451048954
DKC1	0.7585057	0.011922132	0.005080529	3.414750142	23.77705353	2.29409106531061	1.92364607403865
CEP76	-1.037013462	0.011926358	0.005085654	-3.414206152	18.66726076	2.2936531901694	1.92349215834002
GDF11	0.608522873	0.011968286	0.005106869	3.411960208	19.15649871	2.29184528240426	1.92196804124284
RAB3GAP1	-2.503257044	0.011993735	0.005121071	-3.4813574	18.02103429	2.29063920294036	1.92104555107179
TRIM29	-0.943037306	0.012029397	0.00513965	-3.408508329	21.41920518	2.28906645459307	1.91975614208128
BCLAF1	0.671709426	0.012055798	0.005157517	3.406636388	24.63343841	2.28755933184846	1.91880403742039
XRCC5	-0.422525449	0.012055798	0.005157651	-3.406622364	25.24384615	2.28754804837531	1.91880403742039
UBXN7	0.814307317	0.012076063	0.005169686	3.405365105	18.7235279	2.28653583458665	1.91807462995823
DENND2C	1.177268451	0.012115958	0.005193292	3.402907676	18.30317679	2.28455725791265	1.91664224081953
ITGAL	-0.974697325	0.012115958	0.005193518	-3.402884238	20.52158476	2.2845383588372	1.91664224081953
MECP2	-2.714553441	0.012121596	0.005199313	-3.480377444	18.10762596	2.28405403713824	1.91644019466147
ADAM10	-0.326988192	0.012177325	0.005226611	-3.399458452	27.0586014	2.28177982185369	1.91444810294531
TSPAN4	0.733444368	0.012212541	0.00524513	3.39755097	23.20228527	2.28024374339359	1.91319396525525
LAMB1	0.582650235	0.012223739	0.005253346	3.396706851	29.24407482	2.27956399441064	1.91279593167986
U2AF2	-0.482124815	0.012230965	0.00525986	-3.396038573	25.12755543	2.27902581516881	1.9125392765989
SUSD5	0.562831692	0.012258259	0.005275014	3.394487145	23.19815881	2.2777763834019	1.9115712068473
RAB7A	-0.581132706	0.012441752	0.005357443	-3.386126772	23.95163501	2.27104244089596	1.90511845964863
RPL7A	-0.664548609	0.012471059	0.005373539	-3.384509534	23.30869466	2.26973959475882	1.90409666614227
SETDB1	-1.119602579	0.012537763	0.005405775	-3.38128523	18.67320116	2.26714203453296	1.90177994384185
COL6A2	0.3598116	0.012538402	0.005409544	3.380909433	25.93928512	2.26683934240367	1.90175781014047
FUBP3	-0.618503647	0.012567756	0.005425712	-3.379300829	17.37314447	2.26554326257042	1.90074225961053
SVEP1	1.536312874	0.012657406	0.005467943	3.375121708	19.21054224	2.26217602133803	1.89765528920937
RPL28	-0.634786276	0.012675882	0.005479457	-3.373987947	21.48794874	2.2612624768419	1.8970218123176
WARS1	-0.47558001	0.012688026	0.005488243	-3.373124469	24.03222169	2.2605666678511	1.89660594007967
STK3	-1.233576357	0.012778939	0.00553113	-3.36892962	18.84766594	2.25718613404229	1.89350520295177
HRG	-0.851704941	0.012877783	0.005577501	-3.364430774	20.81523267	2.25356034317869	1.8901588973598
MAGI1	-0.945082694	0.012888749	0.005587656	-3.363450682	17.66609554	2.25277033876051	1.88978923383068
MGAT5	0.3885997	0.012888749	0.005589435	3.363279148	25.32741884	2.25263208992818	1.88978923383068
MOGS	-1.034967932	0.013021296	0.005650546	-3.357420575	17.03694224	2.24790958521944	1.8853457886067
PPID	0.768759989	0.013095277	0.005686299	3.354022658	22.36559601	2.2451703077416	1.88288531065615
NPTN	-0.578149866	0.013203578	0.005737006	-3.349240509	21.70763617	2.24131469591405	1.87930836462044
ZNF148	-0.678845949	0.013268752	0.00577093	-3.34606497	17.67034629	2.23875419354753	1.87716992302868
EIF6	-0.621967524	0.013268752	0.005772721	-3.34589793	23.26279502	2.23861943177705	1.87716992302868
NACA2	-0.668951059	0.013326008	0.005801345	-3.343234045	18.69150792	2.23647130671978	1.87529993034788
VTCN1	-0.666672859	0.013369089	0.005823826	-3.341151155	22.63030545	2.23479160903305	1.87389818553926
VAMP3	-0.789063741	0.013497283	0.005887118	-3.335330533	18.49458052	2.23009725920477	1.86975364608751
PSMB6	-0.429461514	0.013497283	0.005887193	-3.335323709	26.47423697	2.23009172646725	1.86975364608751
PRSS23	-0.732686144	0.013541956	0.005910452	-3.333200595	22.3034619	2.22837930531171	1.86831860162915
RBM12B	-2.576336548	0.013588549	0.005934576	-3.397904448	18.60337319	2.22661030407893	1.86682691522753
DDX17	-1.469416124	0.013678287	0.005977579	-3.327120439	19.20269071	2.22347467551543	1.86396828807128
TRIM16	-1.938541129	0.013765162	0.006019381	-3.381953112	21.11980734	2.22044816689936	1.86121867309796
ATP2B1	-1.241838795	0.013779118	0.006029324	-3.322480471	19.85256168	2.21973137766536	1.86077858068617
EXT2	0.519555427	0.01378084	0.006033919	3.322070458	24.71658399	2.21940052413934	1.8607243095513
EXOSC9	-0.524723316	0.013801105	0.006046638	-3.320936977	21.27229647	2.21848603094895	1.86008613996178
NMD3	-0.47917842	0.013889545	0.006089257	-3.317156447	21.77031659	2.21543569595263	1.85731198084452
PPFIA1	1.994360521	0.013891845	0.006094137	3.352823669	18.84058195	2.21508778679283	1.8572400710293
SRPK2	-0.646407903	0.013902367	0.006102628	-3.315975932	17.68845456	2.2144831026751	1.85691125100326
RTF1	-0.496525358	0.013915057	0.006112076	-3.315143272	23.41770993	2.21381125420733	1.85651501033355
EXOSC7	-0.583305652	0.014044865	0.006173008	-3.309804721	19.59565676	2.20950316020224	1.85248243090433
SLC1A5	-0.512132927	0.014143387	0.006220252	-3.305701963	25.61596599	2.20619202045508	1.84944657503226
ADAM15	1.13491971	0.014192486	0.006245801	3.303496333	17.76114145	2.2044118571181	1.84794152550669
EXOC8	-0.64393162	0.014300713	0.006297415	-3.299068291	17.85578952	2.20083768572427	1.84464230909115
EHBP1L1	-1.440954445	0.014328435	0.006313617	-3.297685918	19.51573266	2.19972176704811	1.84380124212051
SAP30BP	-0.688845939	0.014339916	0.006322672	-3.296914821	23.07388845	2.19909934741102	1.84345339266008
NUDC	0.432047893	0.014393934	0.006353033	3.294337679	25.5685515	2.19701888877293	1.84182049299919
TNKS1BP1	-0.710004386	0.014393934	0.006354513	-3.294212365	23.00152674	2.19691772748874	1.84182049299919
ZZEF1	-1.085095557	0.014461576	0.006388405	-3.291350725	19.01140227	2.19460755908182	1.83978437572703
PRPF4	-1.809429105	0.014464683	0.006393809	-3.307735913	18.6865019	2.19424034139636	1.8396910796696
SYNRG	-1.622755829	0.014503717	0.006419148	-3.290449786	18.91937861	2.19252261109834	1.83852068288783
RNF113A	0.672252454	0.014503717	0.00641593	3.28903805	17.15986851	2.19274038300001	1.83852068288783
UBE2L3	0.659712531	0.014604151	0.006467669	3.284717816	18.72758677	2.18925221436117	1.83552368529998
KIF23	-0.683734857	0.014627331	0.006482011	-3.283526413	22.23114545	2.18829023630362	1.83483491090252
RTN4R	0.838642815	0.014629665	0.006487123	3.283102407	21.53448001	2.18794786749064	1.83476561853068
YIF1B	-0.643630039	0.014725611	0.006533772	-3.279248736	18.78009415	2.18483602456972	1.83192667627442
RBBP7	-0.591714929	0.014778853	0.006563804	-3.276782401	22.86585612	2.18284439577698	1.83035927061647
ITGB5	-0.65267241	0.014778853	0.006565633	-3.27663256	20.79701307	2.18272339674061	1.83035927061647
FANCI	-3.185191102	0.014787033	0.006573388	-3.35660826	16.50656173	2.18221073234982	1.83011895791604
INTS2	-2.164291923	0.014879915	0.00662473	-3.322709612	18.16648824	2.17883181730053	1.82739954964608
RBM15	-0.826541277	0.014879915	0.006621556	-3.272071595	18.7351122	2.17903994367074	1.82739954964608
ANXA3	-0.487132855	0.014879915	0.006627119	-3.27161996	25.72558972	2.178675230921	1.82739954964608
WDR45B	-1.252019617	0.015042916	0.006706821	-3.265191865	20.80724874	2.17348328449723	1.82266796959822
ZNF324B	-0.981765843	0.015042916	0.006708101	-3.265089263	18.70771559	2.1734004070957	1.82266796959822
TBC1D13	-0.667863156	0.015130912	0.006751558	-3.261617426	17.34249853	2.1705959971354	1.82013489453923
CLDN1	-0.598277851	0.015150797	0.006764653	-3.260575642	21.05847326	2.16975447608784	1.81956452071957
AP1M1	-0.759500226	0.015227824	0.006803289	-3.257513838	21.67229139	2.16728108005525	1.81736215131331
ARSA	2.726788119	0.015378059	0.006874695	3.323050645	19.08464479	2.16274656480756	1.81309847719949
RIOK1	-2.283063387	0.015660402	0.00700528	-3.304348399	16.70041782	2.15457450134542	1.8051970938655
HSP90AA2P	1.189923408	0.015667436	0.007012793	3.24121099	17.3938294	2.15410898019213	1.80500207067641
OR1M1	1.308803922	0.015671583	0.007019017	3.240868237	20.80225896	2.15372370572894	1.80488713285867
LCN2	-0.480429569	0.015780276	0.007072097	-3.236685398	26.5154275	2.15045179122521	1.80188540516787
SPPL2A	-0.72968061	0.015781197	0.007076908	-3.236319939	17.16743835	2.15015645019834	1.80186005874516
PHF6	-0.803673154	0.015889776	0.007130028	-3.232301346	21.32861974	2.14690876464721	1.79888222504873
NDRG1	-0.795028904	0.015995144	0.007181766	-3.228416202	22.3240915	2.14376874938599	1.7960118457253
FNDC10	-0.706874793	0.015997698	0.007187372	-3.227996982	18.08255856	2.14342987658943	1.79594250595804
TGM2	-0.759650992	0.01601256	0.007199019	-3.227126967	22.75577851	2.14272668022339	1.79553922991735
RALBP1	-0.789265401	0.01601256	0.007202974	-3.226831805	19.93252662	2.14248815285859	1.79553922991735
P3H2	0.534134164	0.016029216	0.007214934	3.225940368	21.66857629	2.14176763734483	1.79508771876877
LSG1	-2.38612992	0.01603158	0.007220466	-3.287317376	20.04170099	2.14143477269384	1.79502367343708
ALCAM	-0.296973017	0.016189126	0.007300032	-3.219640335	26.36131766	2.13667523612708	1.79077659680703
NCBP3	-1.031360551	0.016189126	0.007300448	-3.21960977	18.54946267	2.13665048810448	1.79077659680703
ACSS1	-1.25465097	0.016212815	0.00731582	-3.218479671	19.43759839	2.13573698853849	1.79014157288579
CCNC	-1.354984404	0.016212815	0.007320167	-3.218160502	18.44806508	2.13547901097014	1.79014157288579
MORF4L1	-0.766018722	0.016249461	0.007341242	-3.216616021	16.79376922	2.13423045941413	1.78916104013791
HMCN1	-0.524710671	0.01634589	0.007389363	-3.213106099	25.10692989	2.13139299834519	1.78659142800095
ATP6V1A	-0.502463049	0.016382183	0.007410335	-3.211583576	25.20755271	2.13016215836847	1.7856282270149
C1QBP	-0.410439532	0.016414921	0.007429719	-3.210180259	22.94923032	2.12902761141536	1.78476120305628
FIP1L1	-1.20076878	0.016420239	0.007436702	-3.209675564	16.89690487	2.12861962100661	1.7846205259239
OGFOD1	-1.277260689	0.016481147	0.007468881	-3.207356233	18.92619415	2.12674446002239	1.78301256700562
PSD3	-0.678438579	0.016595286	0.007525232	-3.203318822	18.52178191	2.12348010639636	1.78001525864245
AVL9	-1.148792707	0.016614005	0.007540805	-3.202208412	18.84816949	2.1225822896214	1.77952566316944
DPP9	-0.697237153	0.016614005	0.007546624	-3.201794101	22.23580955	2.12224728758553	1.77952566316944
DBNL	-0.82280719	0.016614005	0.007547611	-3.201723835	22.4415141	2.12219049124517	1.77952566316944
PI16	-0.691115238	0.016640577	0.00756432	-3.20053605	18.27421117	2.12123010710164	1.77883161893643
ARF4	-0.861531416	0.016650645	0.007575321	-3.199885421	23.82062639	2.12059895944942	1.77856893846305
TMEM30A	-0.878785925	0.016650645	0.007578178	-3.199552971	18.80407358	2.12043519801723	1.77856893846305
ESYT1	-1.125606727	0.016662983	0.007588438	-3.198826312	19.14954035	2.11984760984805	1.7782472487592
RELN	4.029957245	0.016721855	0.007619909	3.272463309	17.25306601	2.11805021514778	1.77671554677872
MPHOSPH8	-0.827363211	0.0168916	0.007701967	-3.190850792	19.27492853	2.11339834649602	1.77232921139641
EPHA7	0.650679348	0.016898783	0.007712526	3.190115056	20.19823815	2.11280335888901	1.77214457085472
ENPP4	-0.633108206	0.016898783	0.007714662	-3.189966329	20.87056213	2.1126830967882	1.77214457085472
PODXL	-0.422086901	0.017005854	0.007768282	-3.186246735	24.43884663	2.10967501728891	1.76940155378273
ADAMTSL2	0.535883078	0.01709839	0.007818396	3.182793577	19.77978722	2.10688233642879	1.76704478124727
COL1A1	-1.096319251	0.01709839	0.007820083	-3.182677747	21.28934445	2.10678863744518	1.76704478124727
B4GALT4	-0.589510922	0.017204108	0.007875683	-3.178873391	22.64026241	2.10371177274232	1.76436783979518
LONP1	-0.743840912	0.017204108	0.007878024	-3.17871384	17.24886889	2.10358270046878	1.76436783979518
DOCK7	-0.961018017	0.017211021	0.007885986	-3.178171389	17.44393945	2.1031439982656	1.76419336549385
JAG1	0.484101421	0.017233996	0.007901316	3.177128586	25.15134972	2.10230056897032	1.76361401218992
PPT2	-0.784754675	0.017249015	0.00791301	-3.176334526	19.45695157	2.10165828543614	1.76323570014309
YAP1	1.381930218	0.017250104	0.007918317	3.176102081	17.58196937	2.10136711579486	1.76320828224346
HSPG2	-0.299049454	0.01726768	0.007931197	-3.175101817	29.89742925	2.10066126271214	1.76276600816969
SMARCC1	1.910931627	0.017270082	0.007937114	3.212915354	18.19932267	2.10033738191997	1.76270560035594
RPL13	-0.497434105	0.017293471	0.007952683	-3.173649208	21.96847328	2.09948632851098	1.76211783004264
HLA-B	-0.646831751	0.017470661	0.008039036	-3.16785068	22.38455549	2.09479602649798	1.75769066323562
ADARB1	-1.150926649	0.017731901	0.008164186	-3.159557192	18.25744445	2.08808710955941	1.75124470210052
ARSB	0.535092023	0.017821547	0.008210428	3.156525128	22.23365956	2.08563420302753	1.74905459971539
PPP4R2	0.678646766	0.017846197	0.008226759	3.155458443	23.58230017	2.08477122501095	1.74845431724822
NBN	-0.793721691	0.017887078	0.008250589	-3.153905707	16.35137692	2.08351504656292	1.74746059918231
FAH	0.421390552	0.017912503	0.008267309	3.152818937	22.15194926	2.08263582982269	1.74684372385861
YKT6	-1.213814731	0.017960194	0.008294326	-3.151067586	20.20252341	2.08121889913613	1.74568897653985
HSP90AB4P	-1.000477023	0.018013523	0.008323975	-3.149152194	18.65335381	2.07966923280668	1.74440134160395
XYLB	-0.872614054	0.018113884	0.008375399	-3.145846226	16.63086631	2.07699449421701	1.74198841777473
CCN3	-0.705995252	0.018130141	0.00838797	-3.145041222	22.17728847	2.07634313148015	1.74159881833782
GALNT18	-0.581618795	0.018162552	0.008408027	-3.143759267	22.61031627	2.07530590236371	1.74082312929237
TWF2	-0.769366582	0.018188871	0.00842528	-3.142658971	22.5424459	2.07441565717066	1.740194257159
DCHS1	0.457429834	0.018199041	0.008435063	3.142036075	22.89791811	2.07391166939374	1.73995149659632
PPP2CB	-0.805631734	0.018241605	0.008459875	-3.140459528	21.1085049	2.07263605388903	1.73893695263163
GGCT	-1.041535232	0.018365944	0.008522658	-3.136490994	19.91193174	2.06942493871836	1.73598674423377
NEPRO	-1.074261225	0.018376851	0.008532841	-3.13585009	18.44858057	2.06890634688652	1.73572890592543
SLC9A1	-0.789188519	0.018422248	0.008559054	-3.134203793	17.57536367	2.06757423360363	1.73465737552755
HSPA13	0.379007178	0.018460537	0.008581989	3.132767554	27.55175729	2.06641204646174	1.73375566990032
PGK1	0.276054416	0.018585311	0.008645174	3.128830597	28.9533051	2.06322626132824	1.73083016717768
HMGA2	-0.948907784	0.018599146	0.008656793	-3.128232639	22.93421447	2.06264296714629	1.73050699642737
ATP6V1B2	-0.568866176	0.018679199	0.008699259	-3.125483506	23.57741031	2.06051773886605	1.72864175108979
FURIN	-0.502390441	0.018866802	0.008791888	-3.11979938	23.20759129	2.05591785303359	1.72430170828533
LAMP2	0.389783664	0.019035087	0.008875613	3.114713106	26.37804033	2.0518016424054	1.72044513389907
PPIC	-0.870291432	0.019098472	0.008910491	-3.112608505	22.2871101	2.05009836412077	1.71900137770064
RXYLT1	1.904117643	0.019101238	0.008917105	3.157193258	17.2591637	2.04977611945748	1.71893848410595
HDGFL3	-0.485220208	0.019129258	0.008935517	-3.111103443	23.61242453	2.04888031459074	1.71830187538594
SREK1IP1	-0.756267681	0.019136043	0.008948631	-3.110316473	19.7442026	2.04824339983736	1.71814786180112
YARS2	-0.625966101	0.019136043	0.008949353	-3.110273174	16.31815018	2.04820836118539	1.71814786180112
SLC12A2	1.411279929	0.019179058	0.008974816	3.133400786	21.51759759	2.04697444648266	1.71717272748072
PUS7	-0.536163192	0.019206211	0.008992875	-3.107669938	17.27988722	2.0461014431914	1.71655830427404
RPS20	-0.537823568	0.019214945	0.00900232	-3.107106645	22.31575933	2.04564555352105	1.71636085430297
BAG3	1.073589951	0.019292214	0.009043898	3.104634024	20.04156493	2.04364434441237	1.71461792928677
GOLGA3	2.198057731	0.019366613	0.009084172	3.154980814	18.63119328	2.041714651429	1.71294632579764
SUMF2	0.489910144	0.019405893	0.009108006	3.100843815	24.09653539	2.04057669196049	1.71206636755685
EIF4E2	0.557735583	0.019422683	0.009121299	3.100061229	18.19123586	2.03994330768488	1.71169077794956
CALD1	-0.542340018	0.019554531	0.009188668	-3.096112732	27.5901266	2.03674743988445	1.70875259579749
PRPF3	-4.890380436	0.01958646	0.009212899	-3.164701539	17.94739418	2.03560368993388	1.70804405003846
MYL12B	0.629341719	0.01958646	0.009214589	3.094601212	23.5424566	2.0355240309292	1.70804405003846
NAT10	-0.531931253	0.019649434	0.009249692	-3.092561087	16.12499967	2.0338727283342	1.70664995491792
DNAJB1	-0.887928473	0.019702844	0.009280325	-3.090787037	17.85726261	2.0324368143808	1.70547108123131
PLXNA1	0.421074773	0.019778491	0.009321468	3.08841357	22.02491432	2.03051568699208	1.70380684597304
TRMT6	-0.647520918	0.019816227	0.009344776	-3.087073662	19.67313901	2.02943110446491	1.70297903143823
KDR	-1.919720426	0.019903809	0.009391624	-3.128385129	17.86739729	2.02725930302086	1.70106380452565
MANEA	-0.477474126	0.019918597	0.009404154	-3.083675222	29.05525312	2.02668026759446	1.7007412550999
WDR6	-0.790174582	0.020056644	0.00947492	-3.079652989	17.91975915	2.02342444824171	1.69774173403807
BCL7C	-0.657000925	0.020151809	0.009525493	-3.076796878	20.76675245	2.02111253779	1.69568596175841
DIABLO	0.584438661	0.020178938	0.009543941	3.075758833	19.62922842	2.02027225410863	1.69510169403946
LSM14B	-0.667641178	0.020223701	0.009570748	-3.074253961	18.77447312	2.01905411869361	1.69413936423483
KIAA1549L	1.029924401	0.020344647	0.009633655	3.070739093	18.95462196	2.01620891067667	1.69154984118952
POLR3A	-2.11835028	0.02036744	0.009650125	-3.12448841	16.43060856	2.01546706111645	1.69106355439414
THSD7B	0.597913222	0.020399982	0.009671229	3.068650692	18.95853738	2.01451833315557	1.69037021577528
RAD21	1.061337358	0.020439117	0.009695479	3.067307144	19.01151779	2.0134307299666	1.68953787029422
CD82	0.391248491	0.020464794	0.009717751	3.066076116	27.5317678	2.01243423315029	1.68899262263433
CHKB	-0.557553594	0.020464794	0.009724193	-3.065720576	17.54227836	2.01214643012455	1.68899262263433
PCCA	-0.889325509	0.020464794	0.00972477	-3.065688758	16.72935499	2.01212066135568	1.68899262263433
BMP2K	-1.179330025	0.020565137	0.009779621	-3.06267128	16.61301756	2.00967797555984	1.68686839297971
EDF1	0.727251239	0.020565137	0.009783916	3.062435706	21.93997327	2.00948728459944	1.68686839297971
PITPNB	-0.756157143	0.020690388	0.009849271	-3.058863972	23.25193212	2.00659591289261	1.68423136507718
POFUT2	-0.372493029	0.021122368	0.010060793	-3.047464563	24.02560701	1.99736778648178	1.67525739524409
KIF11	-4.448749625	0.021172837	0.010090733	-3.113160761	18.22387105	1.99607728507203	1.67422094590615
PCYT1A	-1.075423369	0.021199531	0.010109364	-3.044880875	20.66465311	1.9952761658708	1.67367374691866
RAB11FIP1	0.983460061	0.021339897	0.010182247	3.04102708	18.92143631	1.99215637209578	1.6708076810896
IL6ST	-0.351595924	0.021504413	0.010266739	-3.036593896	23.61738503	1.98856747842797	1.66747240776417
TXN	-0.458558683	0.021541861	0.010290621	-3.035347424	22.58167148	1.98755841641973	1.66671678074469
G3BP1	0.581654571	0.021585909	0.010317679	3.033938706	24.19474466	1.9864179878697	1.66582965813248
AGO1	-1.306857976	0.021676653	0.010372214	-3.031110696	18.60212272	1.98412853142637	1.66400777452507
RAD1	-0.921918057	0.021676653	0.010373136	-3.031062964	17.63916899	1.98408992812369	1.66400777452507
MAMDC2	-0.406316068	0.021736107	0.010407646	-3.029281233	25.81220394	1.98264748805112	1.66281823669013
COPG2	0.533760472	0.021931913	0.010507513	3.024158082	25.74726685	1.97850006400872	1.65892348555414
ETNK1	-0.819033505	0.02206078	0.010575402	-3.020703165	18.75916704	1.97570311491619	1.6563791363334
PPM1A	-0.845543265	0.022099014	0.010599889	-3.019462424	22.0830687	1.97469868255975	1.65562710296249
PPP3R1	0.804437477	0.022187294	0.010648417	3.017012011	17.1576376	1.97271494990257	1.65389566182972
PARP1	-0.450344872	0.022308732	0.010712917	-3.013772333	26.13233172	1.97009225983894	1.65152511376156
WDR5	-0.363125555	0.022384464	0.010755523	-3.011642983	23.42239583	1.9683684666813	1.65005330041519
THAP12	-0.600131898	0.022427303	0.010782357	-3.010306188	20.71315825	1.96728629293371	1.64922294945055
COL14A1	0.346649299	0.02247048	0.010809378	3.008963476	26.51705452	1.96619929577283	1.64838765036125
SFT2D3	-1.26933162	0.022529667	0.010844129	-3.007241548	19.26997087	1.9648053247641	1.64724522732327
SMAP	1.77921726	0.022533427	0.010852219	3.030351489	19.12109054	1.9644814506705	1.64717275350442
PTGR2	-1.752011802	0.022534135	0.01085884	-3.05673937	21.52759448	1.96421656595402	1.64715910819149
HDAC1	-1.466228087	0.022573131	0.010890215	-3.028440249	21.15399303	1.96296354610356	1.64640819804608
KRI1	-0.715688819	0.022573131	0.010885126	-3.00521718	18.197422	1.96316653944898	1.64640819804608
XPO7	0.379488923	0.022617978	0.010918154	3.003591856	26.99060787	1.96185078428555	1.64554622269497
POLB	0.557680278	0.022738876	0.010987541	3.000193261	17.99188404	1.95909949134565	1.64323100662551
ARHGAP29	-0.629624055	0.022738876	0.010989189	-3.000112763	22.6840947	1.95903435724176	1.64323100662551
ENAH	-0.444799967	0.022805134	0.011027566	-2.998242515	24.99313672	1.95752033428861	1.64196737155768
ADAMTS12	-0.964653499	0.022811446	0.011036976	-2.997784918	16.61528737	1.9571499018253	1.64184718425792
GPALPP1	-1.195392641	0.022914722	0.011093971	-2.995021637	19.7541436	1.95491297371556	1.63988540722122
ARMC5	-0.648975421	0.022914722	0.011099718	-2.994743816	20.36503885	1.95468805478088	1.63988540722122
MARS1	-0.533563345	0.022927343	0.011112221	-2.994139828	20.66958902	1.95419912993008	1.63964627179856
CBX5	-0.424305825	0.022955009	0.011132028	-2.993184421	23.74917323	1.95342570997093	1.63912253262353
PRKACA	-0.809058606	0.022990395	0.011155596	-2.992049809	22.10965039	1.9525072220994	1.6384535670149
GIGYF2	-0.767010394	0.023091434	0.011211059	-2.989389094	17.9709164	1.95035336188017	1.63654909614523
GLRX3	0.562204413	0.023313521	0.011325381	2.983945956	20.25941811	1.94594717885912	1.63239213079549
TRIM44	1.106481352	0.023333977	0.011341822	2.983167687	19.84583922	1.94531717286949	1.63201123454715
SERPINI1	0.454532649	0.023396173	0.011378574	2.981431994	24.12155606	1.94391216173147	1.63085517596201
PPME1	-0.791171422	0.023479086	0.011425441	-2.979226657	20.5488346	1.9421270280047	1.62931881342453
SLC38A1	-0.788114626	0.023512432	0.011448222	-2.978158009	20.54117982	1.94126195747678	1.62870244745719
MRE11	-0.539842743	0.023520791	0.011458847	-2.977660279	21.76145225	1.94085907929091	1.62854807710446
LRP8	-0.669067829	0.023545286	0.011477343	-2.976794975	18.15381989	1.94015863928945	1.62809602989879
CPNE3	-0.566617133	0.023560853	0.011491497	-2.976133705	21.49705992	1.93962339198267	1.62780899034983
ARPC5L	0.507830828	0.02357584	0.011508244	2.975352409	21.66019838	1.93899093868906	1.62753282453482
PYM1	0.645715546	0.02357584	0.011511949	2.975179708	19.15322113	1.93885114306968	1.62753282453482
KRT1	1.028483237	0.023651698	0.011562173	3.029801797	29.2574306	1.93696053674405	1.62613767498711
TCP1	-0.36793622	0.023651698	0.011557612	-2.973055729	24.41761029	1.9371318893027	1.62613767498711
GPX3	-0.439972943	0.023682563	0.011588265	-2.971634615	24.5153492	1.93598158192515	1.62557129871755
RPS14	-0.602374665	0.023682563	0.011590463	-2.971532881	22.26790364	1.93589921508655	1.62557129871755
TBC1D9B	-0.579867836	0.023708256	0.011609645	-2.970645647	21.41387098	1.93518105992536	1.62510039192791
NCAM2	0.896657928	0.023868402	0.011694719	2.966836126	22.97480492	1.93201020893098	1.62217665622632
BCHE	-0.322271101	0.023874702	0.011704459	-2.96628157	26.71881455	1.93164865533298	1.62206204050079
FGFBP1	-0.411479499	0.023916021	0.011731382	-2.965048828	24.81777527	1.93065082338149	1.62131107390968
NAXE	1.380368214	0.023925873	0.011742882	2.966181575	20.2989545	1.93022530316569	1.62113220685663
HNRNPD	-0.286639255	0.023929376	0.011751271	-2.964139925	26.88975926	1.92991515820635	1.62106862622108
NCOR1	0.65216517	0.023950883	0.011768508	2.963353468	20.64240803	1.92927859309876	1.6206784707689
LDHB	-0.282744044	0.024081636	0.011839466	-2.960127966	30.08731502	1.92666788532284	1.61831401236282
SLITRK5	0.97676592	0.024107256	0.011863805	2.959026079	21.45564586	1.9257760002231	1.61785222022721
RAD50	-0.413508374	0.024107256	0.0118655	-2.958949411	24.33125115	1.92571395633702	1.61785222022721
RPLP2	0.602578708	0.024127741	0.011882307	2.958189903	23.98152188	1.92509923106356	1.61748333773317
MATR3	0.64461002	0.024169576	0.011909646	2.956956759	22.66468396	1.92410114721004	1.61673096823014
SIPA1L1	-0.898016505	0.024385232	0.012022708	-2.951886838	18.0269664	1.91999770063629	1.6128731081946
CAPN5	-1.241144547	0.024426381	0.012051965	-2.950689007	20.73218553	1.91894213822743	1.61214087310664
CRABP2	0.57125639	0.024426381	0.012056611	2.950375794	22.30949411	1.91877475113764	1.61214087310664
PLOD2	-0.336430692	0.024547568	0.012123269	-2.947417184	26.40021963	1.91638025828572	1.60999152824565
ENTPD2	-0.831706771	0.024709226	0.012209994	-2.943592134	18.99345394	1.91328454946769	1.60714085836942
PLPBP	0.514030055	0.024782086	0.012252904	2.941709511	21.0215489	1.9117609691191	1.60586214024567
ENPP5	-0.477941579	0.024835464	0.012286217	-2.940252492	21.12236232	1.91058181841005	1.60492772168619
STAT6	-0.878224491	0.024977218	0.012363305	-2.936895919	15.87286568	1.90786541667477	1.60245593563891
HPRT1	0.44125925	0.024987292	0.012375256	2.93637743	24.27034783	1.9074458082944	1.60228080802653
ITGA2	-0.935025535	0.024987488	0.012382317	-2.945499685	23.18417284	1.90719808179715	1.60227740143951
CSNK2A2	-0.810778107	0.025002425	0.012402332	-2.93520452	18.27421756	1.90649664713533	1.60201786680622
PA2G4	-0.25177869	0.025002425	0.012403656	-2.935147265	27.0286692	1.90645028688597	1.60201786680622
CHST12	0.667060661	0.025003342	0.012411079	2.934826172	18.82291293	1.9061904599698	1.60200193872177
AS3MT	0.444254794	0.025095226	0.012463682	2.932556357	23.04435022	1.90435364017593	1.60040888883983
TACC2	-0.823364429	0.025391439	0.012617875	-2.925957538	20.90683443	1.89901377928216	1.59531268581197
CHMP3	0.575868227	0.025401349	0.012629879	2.925447182	20.01381948	1.89860081016391	1.59514321851002
SPON1	0.349837297	0.025419439	0.012645958	2.924764346	33.35014074	1.89804826490763	1.59483403843555
CLP1	0.652439572	0.025555904	0.012727119	2.921330745	20.5589671	1.89526989516859	1.59250875195125
RAB11B	-0.382558823	0.025555904	0.012728094	-2.921289633	23.42841077	1.89523662598164	1.59250875195125
RPL37A	-0.890919634	0.025571258	0.012742868	-2.920667005	18.05921546	1.8947328156116	1.59224790595806
FLOT1	0.442893622	0.025586045	0.012761778	2.919871083	23.88973559	1.89408881450234	1.59199684062403
DNAH1	1.089521687	0.025586045	0.012764498	2.919756686	16.2014117	1.89399626038319	1.59199684062403
HCFC1	-0.535421752	0.025812344	0.01288459	-2.914730448	23.33020794	1.88992939655976	1.58817255570244
ACBD3	-0.452734562	0.025954184	0.012962625	-2.91148935	23.39784394	1.88730704263388	1.58579262079662
MYL6	-0.53493981	0.025954782	0.012970157	-2.911177507	22.07803473	1.88705476687498	1.58578261450598
HSPA2	-0.524349061	0.026026736	0.013013368	-2.909392162	21.89520269	1.88561028879453	1.58458029313055
MKI67	-0.621589847	0.026029538	0.013022024	-2.909035242	23.50123282	1.88532150856999	1.58453354014398
CCDC25	-0.467109202	0.026062505	0.01304578	-2.908056847	22.63610821	1.88452994955963	1.58398384436429
ITGA1	-1.241389301	0.026086116	0.013064869	-2.907271968	18.77465017	1.88389494053768	1.58359057882759
CCNE1	-0.634439393	0.026148993	0.013103648	-2.905680978	19.09221567	1.88260778177039	1.58254503119304
POLE3	-0.423728738	0.026343412	0.013208416	-2.901405959	22.13221055	1.87914926139431	1.57932797588882
CAV1	-1.853757126	0.02647613	0.013282339	-2.934001535	19.30700476	1.87672543962567	1.57714549515658
NIN	-1.316682135	0.026480738	0.013292032	-2.898119989	20.21443954	1.87640862184663	1.57706991557443
PSMA7	0.315389578	0.026494611	0.013306379	2.89743902	27.02178479	1.87594011088662	1.57684245251476
YWHAH	0.474742581	0.026542581	0.013337869	2.896170017	24.72697019	1.87491355238869	1.5760568486322
FKBP5	-0.890397	0.026542775	0.013345364	-2.895868413	20.34744933	1.87466957616381	1.57605367438093
NOL4L	-1.066505155	0.026708099	0.01343593	-2.892237261	18.50588327	1.87173226746009	1.5733570226185
RNF123	-0.437423401	0.026734851	0.01345684	-2.891402381	21.830919	1.87105691126238	1.57292223198848
FREM2	0.514514626	0.026787373	0.013490742	2.890051445	22.49644357	1.86996416317884	1.57206987495263
CASK	-1.225153292	0.026845818	0.013527869	-2.888575861	18.69795846	1.86877061097304	1.57112335841805
NUCKS1	-0.328312073	0.026845818	0.013535141	-2.888287335	29.14891721	1.86853721568195	1.57112335841805
ZYG11B	-1.387372569	0.026871064	0.013555358	-2.891509156	17.85639335	1.8678890081188	1.57071513668629
MTHFD1	-0.424708971	0.026889593	0.0135722	-2.886819261	23.34584054	1.86734974921434	1.57041577119402
RIMBP3	-1.635513328	0.026903711	0.013594322	-2.933679175	22.07578136	1.86664244743664	1.57018781086512
USP48	-1.29601687	0.026903711	0.013593379	-2.886082778	18.41816387	1.86667257427205	1.57018781086512
PAPSS1	-1.74444637	0.026911398	0.013605707	-2.91598746	18.21055774	1.86627888584152	1.57006374081241
SGSM2	0.923995036	0.026993095	0.013654534	2.883571827	20.45164782	1.86472311681183	1.56874731683809
FJX1	-0.409311278	0.027173145	0.013753186	-2.879706267	21.70927386	1.86159668351077	1.56586009374623
PLPP2	-0.53447388	0.027423071	0.013887325	-2.874494179	18.18707757	1.8573814007433	1.5618839119217
GLMN	0.72761526	0.027437411	0.013902233	2.873917979	17.95838351	1.85691543703439	1.56165687115263
AGO2	-0.691459495	0.027464184	0.013923453	-2.873098897	19.01378589	1.85625304684623	1.56123329995818
NUDT3	-0.728187242	0.027665605	0.014033278	-2.868879467	19.55941585	1.85284087130742	1.55805982806004
NOL6	-0.544047714	0.027675168	0.014045842	-2.868398847	18.22327855	1.85245222121904	1.55790973408965
RCOR3	-0.896001157	0.027729926	0.014081362	-2.867042419	18.74516578	1.8513553366373	1.55705128937759
EIF4G1	-0.361499285	0.027977956	0.01421511	-2.861965068	26.26016543	1.84724977528355	1.5531840171618
ANXA5	0.308786577	0.028118539	0.014294374	2.858978331	26.65699117	1.84483485914465	1.5510072484005
LLGL2	-1.020249276	0.028145093	0.014315718	-2.85817692	17.25032387	1.84418686520311	1.55059731195954
DPF2	-0.606349241	0.028350184	0.014427936	-2.853982618	17.35768195	1.84079579280977	1.54744411807882
EEF2	-0.319667696	0.028465498	0.014494556	-2.851507926	28.1228861	1.83879508349652	1.54568121386332
ERAP1	-0.3374172	0.02848558	0.01451272	-2.850835127	26.20417904	1.83825118368322	1.54537493336949
HLA-C	-0.575589815	0.028692949	0.014626366	-2.846644628	21.97568784	1.83486356329304	1.54222481360101
CRIP1	0.614712663	0.028703353	0.01463967	2.846156201	19.97744673	1.83446871281276	1.54206736792309
IFI30	0.706123584	0.029032664	0.014815721	2.839733678	22.11388635	1.82927720893572	1.53711311203544
BCAT1	-0.888456094	0.029193065	0.014905712	-2.836479864	20.55757604	1.82664727422472	1.53472030574143
ILF3	0.442270892	0.029204394	0.014919636	2.835978163	27.20642516	1.82624177238076	1.53455180107252
EGFR	-0.341379455	0.029290172	0.014973059	-2.834057499	23.95729967	1.82468946411228	1.53327807801347
UBA2	-0.410554812	0.029290172	0.014979784	-2.833816218	24.2893811	1.82449444887183	1.53327807801347
ATP6V0A2	-1.989701362	0.029380322	0.015034078	-2.876610738	16.99581366	1.82292320087177	1.53194344877528
CNN3	-0.636376637	0.029380368	0.01504229	-2.831578622	21.66426351	1.82268604282303	1.53194276881232
CC2D1B	-0.878834619	0.029427502	0.015074623	-2.830424745	16.99128546	1.82175354028678	1.53124660210901
NECTIN4	-0.760120155	0.029451538	0.015095145	-2.829693674	21.45713818	1.82116271090207	1.53089202082688
GPHN	-0.628011825	0.02971575	0.015238846	-2.824601765	21.24254836	1.81704791979485	1.52701330404784
PSMB2	0.45560905	0.029760061	0.015269864	2.823508906	23.69234751	1.81616483094047	1.52636618294013
CLIP1	0.256371065	0.02979558	0.015296393	2.822575961	26.18435384	1.81541096688683	1.52584815619161
MDH2	-0.273387239	0.030017686	0.015418783	-2.818292482	27.56081247	1.81194990366785	1.52262278964655
MACF1	-0.684123903	0.030089571	0.015464094	-2.816715214	20.7706865	1.81067551907022	1.52158400413964
RBM10	-0.916446944	0.030100168	0.015477929	-2.816234511	21.84002146	1.81028714985741	1.52143108044372
TCEAL4	0.910932296	0.030186574	0.015530773	2.814402375	19.96673826	1.80880692796237	1.5201861740695
AP1B1	-1.217930976	0.03033954	0.015617929	-2.819863383	21.1714147	1.80637655583023	1.51799100815628
COL5A2	0.588669051	0.030346595	0.015630019	2.811072513	27.57149468	1.80604049404798	1.51789003129942
CREB1	-0.633382226	0.030347315	0.015643119	-2.810527701	20.3539235	1.80567665092833	1.51787972739819
TOP2B	-0.333123424	0.030347315	0.015647306	-2.810383847	24.91449916	1.80556042425473	1.51787972739819
INHBA	-0.730993265	0.030456089	0.015711878	-2.808169829	16.21172804	1.80377190176515	1.51632586707915
GPATCH4	-1.464117522	0.030545731	0.01577515	-2.839164656	21.25722832	1.80202650252043	1.5150494771626
MAD1L1	0.67517896	0.030545731	0.015775034	2.806013083	19.64403949	1.80202969604602	1.5150494771626
CRLF1	-1.190143053	0.030597804	0.015810571	-2.813251886	21.53581842	1.8010524452056	1.51430974165258
AGTRAP	-0.526022821	0.030772033	0.015909175	-2.801460417	22.85680853	1.79835234092145	1.51184381049562
PPP2R1A	0.551572736	0.03091564	0.015992037	2.798667075	21.71384829	1.79609621408271	1.50982175852653
PPM1B	-0.508028456	0.031078944	0.016085172	-2.795544417	21.02210556	1.79357429079238	1.50753374607332
COL12A1	0.443387968	0.031145953	0.016128534	2.79409667	31.5482122	1.79240510593062	1.50659837609794
SLC44A1	0.518453295	0.031391365	0.016264367	2.789586323	21.78583849	1.78876283454976	1.50318979933408
RAB8A	-0.517802734	0.031405204	0.01628029	-2.789060027	20.17327086	1.7883378633118	1.50299838118726
SGPL1	-0.469369476	0.031635957	0.016408728	-2.784833387	25.1494287	1.7849250840287	1.49981902342918
MPRIP	0.422410425	0.031678351	0.016439546	2.783824101	22.02062805	1.78411018025201	1.49923743346638
ATP2A2	-0.48480971	0.031743484	0.016482193	-2.782430449	17.07445655	1.78298500474838	1.49834540905761
PKP2	-0.65883665	0.031884182	0.016570768	-2.779547364	19.07442541	1.78065736300898	1.4964247205128
BAZ1B	-1.044840219	0.031884182	0.016573021	-2.779474211	16.69703243	1.78059831933903	1.4964247205128
VPS37B	0.759554551	0.031927717	0.016612064	2.778208383	16.86237382	1.77957640438655	1.49583213469419
PSMC6	0.671848593	0.031927717	0.016619126	2.777979722	21.05070853	1.77939181950244	1.49583213469419
CAPNS1	0.56242389	0.031927717	0.016622345	2.77787552	21.09909603	1.77930770806576	1.49583213469419
NSD3	-1.195631797	0.032320309	0.016835746	-2.771012307	18.35057626	1.77376763505222	1.49052449578256
ADGRE5	-0.638534783	0.03239132	0.016881764	-2.769543592	21.09702347	1.77258217527912	1.48957135340893
TINAGL1	-0.43925692	0.032694945	0.01704912	-2.764235307	26.85337421	1.76829803244903	1.48551938887827
VPS52	-0.654059961	0.032711293	0.017066762	-2.763678732	20.66267853	1.76784886780877	1.48530228890263
ZBED2	-0.695222642	0.03293969	0.017195105	-2.759646676	19.52416802	1.76459516786282	1.48228049235275
KAZALD1	-2.660866605	0.033279399	0.01739099	-2.805892668	17.7072026	1.75967569463333	1.47782452533025
PSMC3	0.38589484	0.033279399	0.017384774	2.753742073	22.67138601	1.75983095072078	1.47782452533025
BRD3	-0.65420281	0.033292089	0.0174069	-2.753057387	22.4033622	1.75927856562991	1.47765895303473
SSBP1	0.313395984	0.033358107	0.017450716	2.751704097	23.94438141	1.75818674930825	1.47679860260206
PALM	0.435883619	0.033441664	0.017503747	2.750070621	22.09623199	1.7568689726146	1.4757121209448
BLMH	0.501759541	0.033624659	0.0176089	2.74684608	22.2508465	1.75426777287151	1.47334211130684
IK	-1.061385796	0.033893878	0.017759334	-2.742265852	19.76310923	1.75057332490586	1.46987873810721
NELFB	0.682135743	0.034046189	0.017848629	2.739565148	21.29007892	1.7483951375687	1.46793149429157
DYNC1LI1	0.705690465	0.034911953	0.018312234	2.725841571	23.95630131	1.73725867073437	1.45702585575761
THOP1	0.334688034	0.034979706	0.018357521	2.724423448	22.72371035	1.73618596631073	1.45618384503214
RABGGTB	-0.887590071	0.035236938	0.018502339	-2.720190026	20.44289685	1.73277336616009	1.45300183770268
EPS15	-0.614033529	0.035238823	0.01851315	-2.719875302	20.82577338	1.73251968004629	1.45297860574074
ITSN2	0.377625568	0.035708905	0.018770066	2.712448774	21.687932	1.72653420029366	1.44722346707826
UBA6	-0.659685068	0.035889397	0.018874942	-2.709445876	20.2524084	1.72411437422162	1.44503383845619
BANF1	0.49343943	0.035974307	0.018929624	2.707886681	17.39248972	1.72285801236198	1.44400756345042
KPNA2	-0.473024806	0.036026937	0.018967359	-2.706813308	22.70031698	1.72199313572044	1.44337265990199
MYH9	0.698958683	0.03608546	0.019015545	2.731431687	28.71988644	1.72089122286346	1.44266775415481
ATXN2L	-0.640556697	0.03608546	0.019018285	-2.705368025	19.15868173	1.72082864873498	1.44266775415481
PSMD6	-0.481752571	0.036267112	0.019124129	-2.702376278	23.32506529	1.71841833547409	1.44048702650947
SRPK1	-0.383444514	0.036289259	0.019145922	-2.701762315	22.84597448	1.71792371472393	1.44022189968307
CGN	1.368475942	0.036361052	0.019193933	2.750273312	24.48275265	1.71683602551542	1.43936356023594
SNX18	-1.053490771	0.036874183	0.019475077	-2.692571747	19.84856928	1.71052081655096	1.43327759331947
PPP6R2	-0.478589691	0.036920318	0.019509733	-2.691612975	17.24526047	1.70974867409191	1.43273456698929
FGD4	-1.087824554	0.037169718	0.019651883	-2.687697844	17.70502638	1.70659583015729	1.4298107338063
P3H1	0.917608203	0.037462841	0.0198173	2.683176736	19.93020359	1.70295551609582	1.42639929092666
PRG4	0.885479488	0.037730065	0.019969173	2.679058309	16.37713711	1.69963992055612	1.42331244661143
IDE	-0.47482782	0.037878379	0.020058228	-2.676657666	22.69173493	1.69770743641101	1.42160861484349
PTPRB	-0.904220394	0.038039444	0.02015412	-2.674084351	17.57072318	1.69563615992659	1.41976583951319
ENG	-0.494800791	0.03816477	0.020231157	-2.672025709	19.42235885	1.69397927964407	1.41833735055035
ISG20	0.464429405	0.038294563	0.020310633	2.669909949	16.32500389	1.69227654118785	1.41686288208135
MIF	0.852988421	0.038356871	0.020354371	2.668749058	19.80526976	1.69134231384218	1.41615682806184
C1QTNF9	-0.637516345	0.038429264	0.020403497	-2.667448054	21.94586831	1.69029539151299	1.41533793309484
HIBCH	-0.622391263	0.03857793	0.020493182	-2.665080857	18.31795554	1.68839060295804	1.41366107927627
CMTM7	-0.601113709	0.038589188	0.020518736	-2.664408226	21.72445566	1.68784939624701	1.41353435982792
SLC16A7	0.463148514	0.038589188	0.020520672	2.664357287	21.73501074	1.68780842128375	1.41353435982792
CPZ	-0.664679877	0.038655271	0.020566587	-2.663150903	20.44210296	1.6868377729649	1.41279127768013
TBC1D8B	-0.599049823	0.038735684	0.020620166	-2.661746456	20.3724936	1.68570784280644	1.41188877079825
SRFBP1	1.621034994	0.038767583	0.020647952	2.689564619	20.07785929	1.68512301806121	1.41153127463076
DRG2	-0.690426651	0.038804698	0.020678535	-2.660220545	16.47603792	1.68448023269382	1.41111569213871
ATG9A	-1.356153287	0.0389257	0.020753864	-2.665630327	19.80460624	1.68290103352293	1.40976356878158
PUS1	-0.90976628	0.039028412	0.020819504	-2.656552583	18.10469152	1.68152962125339	1.40861911906637
FHL2	-0.541459539	0.039118305	0.020883228	-2.654902509	21.33544635	1.68020236993063	1.40761997149934
GPC6	-1.083200336	0.039118305	0.020889262	-2.654746501	18.95042016	1.68007690300625	1.40761997149934
SPINT2	0.498264599	0.03923501	0.020962518	2.652856214	19.78460229	1.67855655146768	1.40632623236419
RBM5	-1.069315815	0.039652829	0.021196802	-2.64685394	19.440066	1.67372965692591	1.40172582284169
PCBP1	0.507781806	0.039716138	0.021244152	2.645648761	20.89540116	1.67276059990376	1.40103298894892
AAMP	-0.358985858	0.039716138	0.021252783	-2.645429361	25.0606403	1.67258419208871	1.40103298894892
OLFML2A	0.370105112	0.039763561	0.021289242	2.644503537	25.33976354	1.67183980127082	1.40051472957153
ROBO1	0.303684226	0.039826161	0.021333858	2.643372694	26.23633261	1.6709305999372	1.39983155492309
ALYREF	0.578396342	0.039900605	0.021384856	2.642082919	21.85733327	1.66989366982223	1.39902051919622
LSM7	0.555922288	0.040214814	0.021564465	2.637564349	20.45209012	1.66626131194094	1.39561393563881
S100A2	-0.587364501	0.040351499	0.021649007	-2.635450217	22.71336974	1.66456201914021	1.3941403272285
GFPT1	-0.53837434	0.040447663	0.021711873	-2.63388336	21.64896009	1.66330271001045	1.39310656615368
DCTN2	0.437300559	0.040468586	0.021734383	2.633323397	22.36892835	1.66285268413653	1.39288196988878
SCYL2	1.061448415	0.041088507	0.022078774	2.62490614	16.26170024	1.6560250459708	1.38627963906039
CTH	-0.596116462	0.041175887	0.022137203	-2.623397728	17.87897609	1.65487725240046	1.38535703660129
ZC3H18	0.462237348	0.041197534	0.022160323	2.622833417	23.98840939	1.6544239137949	1.38512877916698
SYMPK	-0.706914194	0.041206356	0.022176554	-2.62243762	19.83622486	1.65410593767535	1.38503578972355
SDCBP	-0.354742142	0.041281055	0.02222826	-2.62117855	26.41661096	1.65309453199171	1.38424921218454
TMED8	-0.988306985	0.04135469	0.022279436	-2.619935231	20.83867352	1.65209580744751	1.38347523035285
PPP4R3B	-0.754925701	0.041461597	0.022348587	-2.618259632	17.08012309	1.6507499301384	1.38235397395151
CCDC168	0.581458209	0.041505251	0.022383685	2.617411112	23.5974076	1.65006841452685	1.38189695543099
CSTF2	-0.533025326	0.041562114	0.022425934	-2.616391412	18.41670785	1.64924946031959	1.3813023707591
NIPBL	-0.496589755	0.041617594	0.022467469	-2.615390793	23.07840373	1.64844584886457	1.3807230308694
CLSTN3	0.299649913	0.041643859	0.022493255	2.614770498	26.82210374	1.64794769324153	1.3804490326497
URB2	-2.438739098	0.041714097	0.022554445	-2.659248946	16.942815	1.64676785517248	1.37971715330662
CPSF3	-1.355546371	0.041714097	0.022553841	-2.622846063	20.37679741	1.64677948557968	1.37971715330662
CDC40	-0.505733073	0.042653671	0.023074352	-2.600973091	20.61417452	1.63687048647869	1.37004358521312
CNKSR1	-0.5322702	0.042673276	0.023106586	-2.600217704	17.83151334	1.63626421682677	1.36984401535232
SUB1	-0.373779123	0.042673276	0.023108744	-2.600167172	27.80403833	1.63622365853183	1.36984401535232
ALDOA	0.290948671	0.042852923	0.023217971	2.597615374	28.98011844	1.63417573558821	1.36801954948232
TBC1D1	-2.195107719	0.042923791	0.023268331	-2.641655195	21.46000265	1.63323476684156	1.36730192841918
CPPED1	-2.166887578	0.043227789	0.023449365	-2.637278563	17.6391482	1.62986891332118	1.36423697704224
TTC5	-2.70823627	0.043227789	0.02345722	-2.637089416	17.55578298	1.62972345898093	1.36423697704224
ZNF326	-0.691140945	0.043256157	0.023484669	-2.591433627	21.02511214	1.62921555651486	1.3639520671399
DPCD	0.591168165	0.043277408	0.023508269	2.590889922	22.18242565	1.62877934839208	1.36373875818353
RPAP1	-1.726501064	0.043308881	0.023537436	-2.618737704	18.95154041	1.62824084785195	1.36342303727693
FBN2	0.427245741	0.043458497	0.02363086	2.588074109	23.72524075	1.62652047276213	1.36192529770932
RAB21	-0.494110588	0.043679068	0.023762971	-2.585055565	16.3996095	1.62409926199715	1.35972663694195
MAPRE1	0.382486061	0.043722258	0.023798654	2.584243078	23.87287493	1.62344760499824	1.35929741736237
PRDX2	-0.350611251	0.043930566	0.023924282	-2.581391963	24.31451724	1.62116108711923	1.35723320126249
MAT2A	0.561270051	0.044034036	0.023992905	2.57984076	24.75796506	1.61991716557574	1.35621150685939
PRKAG1	-0.984881971	0.044284342	0.024141631	-2.576493598	18.92026782	1.61723339246684	1.35374980391363
NELFA	0.497310409	0.044369773	0.02420057	2.575172707	16.83600401	1.61617440488984	1.35291279316985
SERPINE1	-1.273840566	0.044492061	0.02427967	-2.580231571	20.59500221	1.61475722032137	1.35171747601875
IDUA	0.338449719	0.044638956	0.024372273	2.571342467	25.06682364	1.61310396587788	1.35028597107633
HID1	-0.39838555	0.044641753	0.024386242	-2.571032007	23.38177744	1.61285512073633	1.35025875978556
KIF3B	-2.286968931	0.044674885	0.024416792	-2.614442358	19.05889007	1.61231139641971	1.34993655676143
G6PD	0.577780425	0.044998198	0.024606038	2.566169847	23.46271959	1.60895830963158	1.34680487765413
RNF130	-1.677257092	0.045042452	0.024642791	-2.598245273	16.53201778	1.60831010627809	1.34637797559268
MOB1B	0.568704012	0.045200664	0.024741946	2.563184516	20.13463766	1.60656614529602	1.34485518533424
DNPH1	-0.582404008	0.045261639	0.024787938	-2.562177902	19.48575908	1.60575959878553	1.34426972356362
SEMA4D	-0.315518308	0.04546945	0.02491442	-2.559418935	24.91515951	1.6035492186166	1.34228029900381
WDR12	-0.316373381	0.046139956	0.025294675	-2.551205807	24.58004262	1.59697089627571	1.33592282396677
RPL17	-0.469625948	0.046168846	0.02532338	-2.550590695	21.38924772	1.59647832798404	1.33565098059496
POLR1A	-1.699575747	0.046269323	0.025391387	-2.581505605	17.08776226	1.59531357521946	1.33470685493095
GNPTG	0.364382019	0.046286367	0.025413641	2.548660945	24.00881544	1.59493310933257	1.33454690549438
VARS1	-0.673166521	0.046297366	0.025432583	-2.54825681	22.54494509	1.59460952949479	1.33444371663228
PFN1	0.386131189	0.046480373	0.025546069	2.545841711	23.3377245	1.59267591912823	1.33273039543718
TAF15	-0.960995911	0.046504723	0.025572413	-2.554210052	22.36110915	1.59222829023174	1.33250293810625
EEF1B2	0.327358605	0.046620317	0.025648971	2.543660856	23.38744127	1.5909300534756	1.33142477777205
LTV1	-0.516776073	0.046695991	0.025703618	-2.542506138	18.02164928	1.59000574177201	1.33072040340208
CCT7	-0.267606885	0.04688982	0.025836195	-2.539714658	24.09288148	1.58777144625676	1.32892143442167
HK1	-0.270607566	0.04688982	0.025836448	-2.539709346	24.78288974	1.58776719346466	1.32892143442167
QARS1	-0.635373007	0.046911762	0.025861612	-2.539181075	22.01514955	1.58734440826902	1.32871825469927
RBKS	-0.62365297	0.046985851	0.025915552	-2.538050413	21.8344786	1.58643953627454	1.32803290286722
SERBP1	0.948589164	0.047105431	0.025994636	2.570406082	25.2152952	1.58511625956521	1.32692901819263
KREMEN1	0.592346277	0.047157419	0.026036468	2.535524104	21.21484229	1.58441793070863	1.32644997254921
RBM19	-1.117967513	0.04743181	0.026211967	-2.531950532	17.19411686	1.58150038747795	1.32393030233498
MFGE8	0.337042849	0.04743181	0.026214403	2.53182717	29.351683	1.58146002834728	1.32393030233498
RPL12	0.427815349	0.047565921	0.02630178	2.530020676	24.44636203	1.58001485919013	1.32270408976459
DNASE2	0.293909828	0.047616355	0.026342939	2.529171748	25.59185295	1.57933577378281	1.32224385260972
CNTFR	-0.598160852	0.047664304	0.02638275	-2.528351844	19.7069571	1.57867993784277	1.3218067442167
LAMP1	-0.256042552	0.047841055	0.026493918	-2.526068717	26.34860355	1.5768538121838	1.32019925176993
TRIM56	-0.928248365	0.048089265	0.026644777	-2.522985263	18.47318344	1.57438791017911	1.31795186066551
SERPINB4	-0.44188698	0.048143332	0.026704083	-2.521777726	24.16622397	1.57342233081514	1.31746385549978
TUBB	-0.394816694	0.048143332	0.02670993	-2.521658825	27.53637014	1.5733272501536	1.31746385549978
ANXA11	0.410643448	0.048143332	0.026714987	2.521555998	23.38982003	1.57324503281664	1.31746385549978
CHAMP1	-0.54856605	0.048554844	0.02695687	-2.516659793	18.00525471	1.56933053575107	1.31376743686762
GALM	-0.989732783	0.048617368	0.027005132	-2.515687975	19.04201787	1.56855369556362	1.31320855627049
VBP1	-0.381442325	0.048844087	0.027144679	-2.51288748	23.73056151	1.56631528973691	1.31118800387363
HNRNPH2	-0.705988727	0.048885458	0.027181296	-2.512154961	18.50396795	1.56572984001596	1.31082031162491
ARRDC1	-0.564337751	0.049220606	0.027381363	-2.508169427	24.4383242	1.56254493718648	1.30785304360282
PSMC5	-0.453001365	0.049387219	0.027487814	-2.506060328	22.38888635	1.56085979655108	1.30638542832232
CASP6	-0.445553283	0.0494288	0.027524733	-2.505330698	18.72810156	1.56027688515145	1.30601993292794
AQR	-1.469852741	0.049608453	0.0276386	-2.524284999	17.82069075	1.55848395940469	1.30444431587934
PPP1R9A	-0.866965559	0.049739029	0.027725211	-2.501385205	19.7529973	1.55712514001065	1.30330269723372
NIBAN1	-0.633023392	0.049893077	0.027824985	-2.499431914	17.94765372	1.55556506111433	1.30195971147647
RPP25L	0.433609246	0.049990353	0.027893168	2.498100989	16.3780573	1.55450215741613	1.30111379652585
MAP7D1	1.591659938	0.050072591	0.02795301	2.525759144	17.23949791	1.5535714201208	1.30039993550565
ABCC1	-1.08964575	0.05011055	0.027988167	-2.496251877	19.91210806	1.55302554340067	1.30007083053124
FAS	-1.282516541	0.050271586	0.028092121	-2.500532758	19.85656417	1.55141546963354	1.29867741315699
CDC42BPB	-0.808973378	0.050344312	0.028146792	-2.493177831	21.0040442	1.55057109623324	1.29804958978873
RBM25	-0.503014791	0.050354968	0.028166784	-2.492791588	25.08039858	1.5502627366417	1.29795767568534
BPTF	-0.470705423	0.050551878	0.028291018	-2.490397375	21.82677734	1.5483514249775	1.29626270575276
DLG3	-0.704376177	0.050682039	0.028377987	-2.488727379	19.46408045	1.54701841457969	1.29514592124251
NOTCH3	0.766531729	0.050710428	0.028408016	2.488151905	19.46923103	1.54655909610246	1.29490272395708
PCDHA4	1.188363251	0.050734075	0.028435403	2.487697375	19.41041014	1.54614061234109	1.29470025341415
KLC1	-0.434874844	0.050749473	0.028458177	-2.487191937	22.09776089	1.54579292379489	1.29456846325476
HSPB1	-0.259643217	0.050758152	0.028477191	-2.486828492	27.91860045	1.54550285188086	1.29449419805906
DOCK11	-0.58228637	0.050854085	0.028545186	-2.48553067	19.52437743	1.54446712279181	1.29367415539213
OGA	-0.565686755	0.051029333	0.028657778	-2.483388223	20.5130731	1.54275748594666	1.2921801082563
MCM4	-0.53759022	0.051206336	0.028771453	-2.481233423	21.06698193	1.54103820505622	1.29067629840717
UROD	0.590171372	0.051576178	0.028993632	2.477045543	21.78378215	1.53769737765096	1.28755084395477
NRP2	-0.246673934	0.051881555	0.02917976	-2.47356106	24.44912917	1.53491828444751	1.28498701566817
ARGLU1	0.729340537	0.051999276	0.029260462	2.472125635	23.11216378	1.53371882098355	1.28400270312277
NOP58	-0.272362341	0.052036701	0.029296025	-2.471395376	24.75379889	1.53319130243351	1.28369024444925
CD151	-0.383155147	0.052077224	0.029336389	-2.470645442	24.60653786	1.53259334427211	1.28335217408683
C18orf25	0.536939174	0.052077224	0.029361325	2.470182667	21.81163966	1.53222434973675	1.28335217408683
VPS4B	-1.012219183	0.052077224	0.029366758	-2.470081892	19.32911381	1.53214399560951	1.28335217408683
APIP	0.576406211	0.052077224	0.029376896	2.469893882	19.03222536	1.53199409422608	1.28335217408683
LAMA5	0.294610867	0.052276045	0.029503621	2.467549066	30.96551354	1.5301246794858	1.28169727686137
RPP14	-0.601089845	0.052363517	0.029567582	-2.466369268	17.6790836	1.52918419008311	1.28097119171644
ARR3	0.48460969	0.052450158	0.029631123	2.46519968	20.01062196	1.52825188873389	1.28025319920684
TARS1	0.277508253	0.052629082	0.029746872	2.463075319	26.24225867	1.52655869529884	1.2787742052404
SRSF6	0.422162211	0.05272181	0.029813978	2.461847379	27.30868202	1.52558007334047	1.27800968833213
VIRMA	-0.3381366	0.052774229	0.029858329	-2.461037278	23.12390415	1.52493450091058	1.27757810275724
FARP1	-1.085036766	0.053105539	0.030060577	-2.457357809	18.34659265	1.5220026875711	1.27486017888691
GSN	0.245926662	0.053370802	0.030225605	2.454373177	28.60523034	1.5196249974802	1.27269627102895
FILIP1L	0.529297498	0.05355054	0.030346928	2.452188994	20.58375856	1.51788526571471	1.27123614541405
MMP1	-0.615983829	0.05355054	0.030357246	-2.452003626	23.13388245	1.51773763005106	1.27123614541405
MEGF8	-0.368342009	0.05361528	0.030408889	-2.451076765	24.97503458	1.51699944667545	1.27071142161352
MPZL1	0.849185169	0.053654073	0.030445845	2.450414433	20.63411425	1.5164719679473	1.27039730418669
CES3	0.643766397	0.053850391	0.030572254	2.448154762	20.76988375	1.51467254087235	1.26881113900433
ST6GAL2	-0.812393501	0.053987759	0.030665288	-2.446497461	20.57323961	1.51335295218231	1.26770469946214
KIAA1217	-1.02595575	0.05454776	0.030998574	-2.440599935	18.9824973	1.50865828417139	1.2632230789824
NES	1.021051368	0.05466162	0.031078513	2.445153661	21.31893755	1.50753976887189	1.26231750131817
NECAP2	-1.09223795	0.054854877	0.03120368	-2.437067258	18.16586944	1.5057941845249	1.26078475441506
SCARB2	-0.494616351	0.054869013	0.031227013	-2.436592942	20.51375715	1.50546955594459	1.26067285195098
RRP9	-0.440138291	0.055002455	0.031318287	-2.434999843	23.03297254	1.50420200034311	1.25961792561197
WASHC2C	-0.685208094	0.055004222	0.031334624	-2.434715178	21.97316656	1.50397551225186	1.25960397376158
PAAF1	-0.666211127	0.055071355	0.031388217	-2.433782321	21.99468159	1.50323335359126	1.25907423781355
AGFG1	-1.857206375	0.055652421	0.031748383	-2.458594503	18.06223394	1.49827838917706	1.25451593817436
MELTF	-0.938612726	0.055652421	0.031750419	-2.427583409	21.12337312	1.49825053909052	1.25451593817436
PDGFRB	0.499861729	0.055716313	0.0318024	2.426624333	16.54717415	1.49754010431034	1.254017630524
SETD2	0.802359657	0.055856256	0.031897845	2.424987581	19.51990524	1.49623865663631	1.25292817806992
MYH10	1.093332356	0.055897407	0.031937724	2.462417723	25.34194475	1.49569603652128	1.25260833794025
NEDD4L	0.528819379	0.055897407	0.031952503	2.424052398	20.56560311	1.49549511570557	1.25260833794025
YBX3	-0.496240151	0.056216725	0.032150702	-2.42067418	22.02127835	1.49280953995911	1.25013445854816
ARHGDIA	0.306607862	0.056308688	0.03221899	2.419514899	26.32895013	1.49188807795472	1.24942459166092
KPNA4	-0.442694625	0.056894412	0.03256999	-2.413593293	22.1051552	1.48718237477702	1.2449303866232
B4GALT3	0.506268387	0.056955576	0.032620878	2.412739887	22.33300514	1.48650435398172	1.24446375169923
STAG2	-0.416513722	0.057386961	0.032883944	-2.408348553	23.07725045	1.48301610005185	1.24118677326448
CACNA1A	0.72250246	0.057398023	0.032911572	2.407889323	22.30441048	1.48265137341451	1.24110306605111
TXNDC5	-0.358764364	0.057398023	0.032922278	-2.407711483	23.78503947	1.48251012216567	1.24110306605111
COL15A1	0.49735215	0.05743087	0.032957124	2.407132982	20.93202482	1.48205069398423	1.24085460469502
CS	0.280429266	0.057435798	0.032982214	2.406716815	24.47129349	1.48172019478883	1.24081734056531
KIRREL1	-0.314185987	0.057435798	0.032991968	-2.40655512	23.15735416	1.48159177763294	1.24081734056531
SLC7A1	-1.404621201	0.057529339	0.033077152	-2.418664416	19.68752316	1.48047189101584	1.24011061589805
HSPE1	0.282443113	0.057529339	0.033077766	2.405134702	25.65470986	1.48046382942889	1.24011061589805
HSPA1B	0.309738374	0.057683856	0.033182687	2.403402534	29.25659618	1.47908844947428	1.23894571598023
TSPAN6	0.660318502	0.058025333	0.033395293	2.399908641	17.22139942	1.47631474181671	1.23638235850414
SLC4A1AP	-1.249339599	0.058056714	0.033429535	-2.407061747	20.3804776	1.47586966433889	1.23614754880151
USP11	1.470326257	0.058305447	0.033605257	2.419991724	16.88760219	1.47359277893438	1.23429087077203
CEP44	0.425296915	0.058305447	0.033599972	2.396565214	25.12705045	1.47366108452237	1.23429087077203
PNP	0.275269036	0.058472692	0.033717949	2.394646954	27.67692213	1.47213885056784	1.23304691139903
EMC7	0.696777484	0.058770092	0.033905822	2.391605491	18.37751131	1.46972572228722	1.2308436294309
FN3KRP	-0.526457874	0.059008156	0.034059613	-2.389127837	17.97329846	1.46776029098643	1.22908795681563
DHFR	-0.677744551	0.059211715	0.03419361	-2.386977831	19.12324612	1.46605504602072	1.22759235988996
FUBP1	-0.481640025	0.060628434	0.035028635	-2.373759486	20.26923099	1.45557678599142	1.21732364921418
WASHC4	-2.207373828	0.060737807	0.035125683	-2.408353102	19.42843305	1.45437522238231	1.21654089277654
IPO13	-0.539326422	0.060737807	0.035124275	-2.372264903	17.94693099	1.45439263126477	1.21654089277654
CRLF3	-0.652362291	0.061085073	0.035343537	-2.368853128	20.92504807	1.45168999068898	1.21406490278098
CCDC91	0.590174287	0.061096555	0.035367209	2.368486005	17.80465518	1.45139921114156	1.21398327726432
MAP4	-0.368037424	0.061327723	0.035518118	-2.36615111	25.44858366	1.44955005426362	1.21234315967078
MAP2K2	1.602484463	0.061387425	0.035569804	2.401203794	22.17767521	1.44891852789696	1.21192058345869
NIPSNAP3A	-0.425810494	0.061543455	0.035677365	-2.363697511	20.4568284	1.44760722851727	1.21081812646171
GOT2	-0.236542737	0.061611689	0.035734093	-2.362826028	25.45280718	1.44691723665206	1.21033688545549
GALNT7	0.359759338	0.061882643	0.03590849	2.360155106	25.8903232	1.4448028571534	1.20843114591315
SUN3	-0.468945441	0.062146455	0.036078892	-2.357557365	18.42221187	1.4427468083162	1.20658363963454
GALC	-0.304784969	0.062272223	0.036169262	-2.356184467	23.64947322	1.44166035252114	1.20570563051433
EPHA1	-0.396129236	0.062323865	0.036216627	-2.355466219	22.36203716	1.44109199972876	1.20534562182901
MAN2B2	0.350565421	0.062516777	0.036346153	2.353506653	23.08592792	1.43954154957211	1.20400341976346
CASTOR2	-0.838271866	0.063017768	0.036654984	-2.348861322	18.68529021	1.43586696572857	1.20053698298445
KLC3	0.535937304	0.063156089	0.036753042	2.347394219	16.22489391	1.43470670912023	1.19958477192386
PTPA	-0.359404858	0.063553612	0.037002089	-2.343684856	22.51974089	1.43177375659348	1.19685976175685
SYNPO	-1.201040226	0.063708315	0.037109916	-2.354745859	16.2802285	1.43051002869562	1.19580388127613
STUB1	-0.624346412	0.063993562	0.037293907	-2.339368791	18.7543009	1.42836211651378	1.19386371552413
KPNB1	0.399751823	0.064086852	0.037366136	2.338305505	25.69494796	1.42752180984748	1.19323106080174
PCSK5	0.441306799	0.064331643	0.037534858	2.335829379	23.26275281	1.42556522279568	1.19157535678054
PSMD5	-0.398673115	0.064331643	0.037544721	-2.335684951	22.16205539	1.4254511186263	1.19157535678054
SGSH	0.471512068	0.064478266	0.037648263	2.334171059	23.13146854	1.42425505630039	1.19058665043308
PPIL4	-0.752262506	0.064580283	0.037725828	-2.333039568	21.42567504	1.423361219627	1.1899000561744
RTN4	-0.429979428	0.064635746	0.037776243	-2.332305339	25.25373398	1.42278123660748	1.18952723437334
POLR2G	-0.634132593	0.064778608	0.037877793	-2.33082923	19.78062177	1.42161533367734	1.18856838859528
WDR18	-0.605285968	0.065206079	0.03814592	-2.326949913	20.64532067	1.41855190636554	1.18571191419005
CA12	0.762827812	0.065687922	0.038446108	2.322637561	20.04343087	1.41514761840289	1.18251447657352
AIMP1	-0.519539099	0.065872166	0.038572302	-2.320834335	22.92616468	1.41372444160935	1.181298055909
EHD1	-0.530278767	0.066040948	0.038689541	-2.319164126	21.00407163	1.4124064225752	1.18018670118432
NCAPD3	-0.590600787	0.066143629	0.03876813	-2.318047227	17.11340577	1.41152514689755	1.17951198100625
H2AZ2	0.415625054	0.066412907	0.038944469	2.315548991	20.90407278	1.40955421330198	1.17774750957552
LUC7L2	-0.458880069	0.066457637	0.038989221	-2.314916701	24.02190719	1.40905544187744	1.17745510476819
YIPF4	-0.533789817	0.066767281	0.039189491	-2.312095608	19.0892205	1.40683037717836	1.17543630941486
CLTB	0.744877724	0.066860595	0.039262897	2.311065033	18.72399559	1.40601765927761	1.17482976289052
TPD52L2	-0.363559594	0.067204924	0.039483829	-2.307974324	23.04919891	1.40358073764027	1.17259890570085
DDAH2	0.527564143	0.067238036	0.039522023	2.307441698	21.10129038	1.40316083343535	1.17238498064035
JMJD8	1.510533515	0.067513437	0.039702718	2.330137945	20.42729944	1.40117976094479	1.17060978221798
SMARCA2	-1.713291579	0.067656043	0.039805436	-2.330758746	17.63459272	1.40005761477068	1.16969340639313
EPS8L1	-0.576200072	0.067905843	0.039971333	-2.30121251	20.2232272	1.398251368255	1.16809285497604
ARID4B	0.450588803	0.068262901	0.040200532	2.298060619	22.25047298	1.39576819957385	1.16581525925221
RPS24	-0.627690433	0.06848518	0.040350522	-2.296007275	20.53843424	1.39415084259611	1.16440339844282
NCBP2	-0.632543613	0.06867483	0.0404814	-2.294221498	17.42923626	1.39274447636191	1.16320240697334
MARK3	-0.887674522	0.068894447	0.040630058	-2.292199805	18.0866125	1.39115255771144	1.16181578149508
PRRC2C	0.434218104	0.068955618	0.040696776	2.291294758	22.41470236	1.39043999423593	1.16143034490502
ACE	0.517645567	0.068955618	0.040704571	2.291189122	16.59789865	1.39035681808169	1.16143034490502
RPL10	-0.867021047	0.069162274	0.040845836	-2.289277836	20.65181009	1.38885221072025	1.16013073590974
SELENOF	-0.614846264	0.06918127	0.040876336	-2.288866007	17.15705634	1.38852803964185	1.16001146965717
YES1	-0.580624375	0.069246798	0.04094117	-2.287991546	21.73522544	1.38783975040621	1.15960030375206
POLR3C	-0.591965689	0.069246798	0.040969544	-2.287609257	16.2961536	1.38753886981268	1.15960030375206
TPI1	0.374761513	0.069246798	0.040972952	2.287563363	27.32110698	1.38750274507479	1.15960030375206
PLS3	0.31788546	0.069331166	0.041042195	2.286631578	24.55963498	1.38676942053523	1.15907149584756
GNA14	-0.532903266	0.069336406	0.041065858	-2.286313509	17.99651675	1.38651909891063	1.15903867342119
FBLN2	-0.297444109	0.069336406	0.041083946	-2.286070478	22.60610662	1.3863278502811	1.15903867342119
WDR59	-0.630308574	0.06972845	0.041335678	-2.282698854	18.30593255	1.38367493455142	1.15658998865897
CTNNB1	0.447454365	0.070167749	0.041615655	2.278971847	23.31263969	1.38074326549945	1.15386245552989
PRKCI	-0.619561714	0.070366283	0.041753015	-2.277152066	21.09452748	1.3793121584897	1.15263538936232
F11	0.456826972	0.070818507	0.042041087	2.273354048	20.73195006	1.37632606352869	1.14985323330364
NMT1	-1.024798676	0.070841908	0.042074723	-2.2888792	21.83480886	1.3759787345314	1.14970975037987
SCAI	-0.579213357	0.070914996	0.042137896	-2.272083259	18.59512615	1.37532715307538	1.14926191726543
SEPTIN11	-0.294359364	0.070980789	0.042196774	-2.271311747	24.71346729	1.37472075016517	1.1488591774815
EIF3B	-0.284960348	0.071801817	0.042704871	-2.264696067	26.66298502	1.36952258568292	1.14386456546398
RPL23	-0.3663984	0.072159857	0.042937931	-2.261686547	30.27425443	1.36715888623725	1.14170433611152
SFN	1.502653675	0.072163962	0.042960486	2.281762789	19.35496588	1.36693081422833	1.14167963084996
PTPN2	-0.446380266	0.072212395	0.043009445	-2.260766193	16.75418469	1.36643616160756	1.14138825093336
MLLT1	-0.810949195	0.072302637	0.043083344	-2.25981667	20.67718999	1.36569059543011	1.14084586295908
USP33	-1.643313605	0.072516983	0.043231278	-2.281876851	19.52337271	1.36420192569365	1.1395602726089
USP7	-0.457957123	0.072530166	0.043259352	-2.257561395	21.76412033	1.36391999032763	1.13948132856608
PSMC1	-0.496971988	0.072620639	0.043333553	-2.25661324	23.6053318	1.36317570087946	1.1389399339834
MOV10	-1.10164953	0.072816316	0.04347061	-2.254933368	18.77993127	1.36180426554242	1.13777129713159
CHID1	-0.354287354	0.073001101	0.043601271	-2.253205061	22.85195768	1.36050085063414	1.13667058981627
TFG	0.461491965	0.073588734	0.043972755	2.248508698	22.58640306	1.35681632392281	1.1331886684905
MATN3	-0.480503128	0.073590515	0.043994329	-2.248237112	19.36799114	1.35660330175783	1.13317815779041
NHLRC3	0.427323938	0.073706766	0.04408437	2.247105009	21.67527719	1.35571536123393	1.132492643734
NUDT12	0.778360343	0.074172559	0.044383635	2.243357995	16.26122101	1.35277713212217	1.12975673729658
GJA1	0.463515654	0.074561136	0.044636934	2.240205223	18.57187452	1.35030564365405	1.12748748377139
GRWD1	-1.264903471	0.074745117	0.044800935	-2.261614727	21.49005855	1.34871292213794	1.12641717396305
ARMH4	0.709689295	0.074745117	0.044795524	2.238239922	19.14755993	1.34876537884149	1.12641717396305
PLCH1	-0.557063132	0.074745117	0.044809573	-2.238066134	21.63359071	1.3486291945522	1.12641717396305
PBK	-0.408762354	0.07538575	0.045214641	-2.23307767	20.34508161	1.34472091306647	1.12271074008842
FLNA	-0.203568624	0.075459621	0.045297685	-2.232060227	31.33376318	1.34392399263212	1.12228538039691
SMOC1	-0.377402865	0.075459621	0.04530101	-2.232019521	23.59957726	1.34389211514971	1.12228538039691
LTBP2	0.242130519	0.075784407	0.045531852	2.229200708	23.77682861	1.34168468448156	1.12042014331899
LRP1	-0.188083384	0.075784407	0.045538233	-2.229122979	27.13930817	1.34162382513146	1.12042014331899
COPA	-0.344027326	0.075983817	0.045679235	-2.227408103	23.69722563	1.34028117792466	1.11927889371891
LRRC37A	-0.477602128	0.076122026	0.045783537	-2.226142789	17.4413506	1.33929065901304	1.11848966141351
HNRNPDL	-0.450209333	0.076355964	0.04594552	-2.224183154	21.8903413	1.3377568288727	1.1171570354755
TBCB	-0.705885565	0.076491158	0.046048189	-2.222944476	21.03377307	1.33678744522332	1.11638876424174
HAT1	-0.670065503	0.076539342	0.046110046	-2.222199453	18.67491694	1.33620444452238	1.11611527567564
CMSS1	-0.372342647	0.076539342	0.04611986	-2.222081336	17.51559429	1.33611201970604	1.11611527567564
RO60	0.300025161	0.076547707	0.046146235	2.221764017	22.8137919	1.3358637266083	1.11606781413831
TUBB6	-1.3379186	0.076574225	0.046204904	-2.236141912	19.78822619	1.33531192775313	1.11591738994975
APRT	0.570241551	0.076574225	0.046192287	2.22121038	18.03965521	1.33543053511453	1.11591738994975
CRYAB	-0.289605102	0.076870468	0.046405082	-2.218658914	26.37878031	1.33343445557229	1.11424047486674
XRCC1	-1.496087184	0.077104857	0.046568067	-2.238173126	19.98349124	1.33191178887973	1.11291826394826
DPP4	0.550162975	0.077215204	0.046656233	2.215661787	23.59852516	1.33109032883751	1.11229717682515
SLC2A9	-0.633540325	0.077243285	0.046694728	-2.215203747	19.24762261	1.33073215004964	1.1121392648378
FAHD2A	-1.628331348	0.07739328	0.046806973	-2.238142062	18.31953667	1.32968944372416	1.11129674714164
CDC37	0.513720949	0.077644336	0.04698045	2.211815238	23.55659021	1.32808282766951	1.10989021969928
CCT4	-0.270494206	0.077827609	0.047113034	-2.210249475	24.17874057	1.32685892702838	1.10886631163085
OFD1	0.473450887	0.078170956	0.047342666	2.207547478	22.95877465	1.32474728936241	1.10695457675996
THNSL1	-0.511684625	0.078259495	0.0474181	-2.206662587	21.28720473	1.32405585179282	1.1064629588813
S100A7	1.095043461	0.078260393	0.047440455	2.211053509	17.4185047	1.3238511543183	1.10645797553446
GPS2	0.438989092	0.078270743	0.047468544	2.206071574	19.21858068	1.32359408916774	1.10640054353711
LFNG	2.241860206	0.078387915	0.047561453	2.235109041	18.48243775	1.32274488617607	1.10575088697586
HAS1	-0.400865929	0.078734569	0.047793726	-2.202275937	22.01234531	1.32062911055137	1.10383454553611
CYFIP2	-0.535504783	0.078945901	0.047944013	-2.200529992	17.49809245	1.31926561755278	1.10267041434847
FERMT2	-0.658174014	0.079057878	0.048034051	-2.199486461	21.07474429	1.31845078515457	1.10205484677598
FOXP3	0.491836519	0.079342676	0.048229202	2.197231011	19.54247644	1.31668992385178	1.1004931561125
ENO1	-0.234522218	0.079890771	0.048584633	-2.193145216	32.245407	1.31350107350792	1.09750338758555
SUCLG2	0.407217593	0.079896413	0.048610332	2.192850895	16.76496741	1.31327141276056	1.09747271817381
PLRG1	0.213353253	0.080030505	0.048714221	2.191662587	24.9203246	1.3123442379588	1.09674444265844
NUP214	-0.891279147	0.080110686	0.048785353	-2.190850334	20.26500596	1.31171054820406	1.09630954931781
RIC8A	-1.987353375	0.080383272	0.048989189	-2.218100889	17.69325249	1.30989975008725	1.09483431983317
TK1	-0.629558933	0.080383272	0.048996158	-2.188449746	20.2605664	1.30983797353918	1.09483431983317
SNRNP70	-0.355795929	0.080408324	0.049033839	-2.188021677	27.72465006	1.30950410326112	1.09469899005575
NXN	-0.356910493	0.080775535	0.04928028	-2.185229633	21.58322464	1.30732683326836	1.09272015684138
DSP	-0.279995381	0.080947808	0.049407943	-2.183788471	26.02816508	1.30620322670855	1.09179490708842
TUFM	-0.499566728	0.081024674	0.049477441	-2.18300539	17.273248	1.30559277040748	1.09138270766121
ACYP1	-0.504391504	0.081089455	0.0495396	-2.182305892	17.02806196	1.30504750438107	1.09103561845309
SRSF7	-1.06423155	0.081707184	0.049939759	-2.207038412	27.07593343	1.30155355780411	1.08773975700009
EGFL6	-0.548704804	0.082109709	0.050208668	-2.174828595	15.85348594	1.29922129999437	1.08560548702401
FAU	-0.52068322	0.082184693	0.050277425	-2.174065528	20.27432698	1.29862697316842	1.08520906280875
OR1L8	-0.402275366	0.082230041	0.050336535	-2.173410312	18.50257373	1.29811668314944	1.08496949320102
C11orf68	-0.504862589	0.082230041	0.050351003	-2.173250044	17.02997086	1.29799187380894	1.08496949320102
CYSTM1	0.581932596	0.082389833	0.05047181	2.171913553	18.67749287	1.29695112049086	1.08412637743424
ST3GAL2	-0.475250089	0.082477556	0.050548536	-2.171066292	17.8804302	1.29629141804189	1.08366421667992
ABHD10	-0.357025184	0.082874812	0.050836728	-2.167894673	20.88291813	1.29382240967731	1.08157744377517
ADGRL1	0.31280423	0.082874812	0.0508382	2.167878516	23.6268867	1.29380983467008	1.08157744377517
ATP6AP2	0.40149344	0.082988006	0.050930766	2.166863427	21.19934461	1.29301979197479	1.0809846703277
PIR	-0.343302788	0.083421622	0.051220132	-2.163701409	16.93176616	1.29055930664077	1.07872137024658
CLN3	-0.431079786	0.083462367	0.051268411	-2.163175484	17.33377591	1.29015014276295	1.07850930282031
CP	0.227431741	0.083679131	0.051424884	2.161474152	31.62925292	1.28882667927771	1.07738283856122
NHP2	0.468270757	0.084773406	0.052120996	2.153963962	20.0106561	1.28298729378119	1.07174036754118
ACLY	-0.370897236	0.085530552	0.052616478	-2.148675643	26.33171701	1.27887822573639	1.06787872509726
SMPDL3B	0.307126535	0.085530552	0.052634186	2.148487516	23.69145469	1.27873208914274	1.06787872509726
CHD3	-0.747585636	0.085531785	0.052658783	-2.148226301	21.23858049	1.27852918211738	1.06787246439598
HEBP1	-0.467825687	0.086034422	0.052992217	-2.14469652	17.81877622	1.27578791081733	1.06532775464381
MYO6	-0.480489793	0.086170014	0.05309975	-2.143562614	19.49400165	1.27490752362429	1.06464383649481
HECTD1	-1.49229327	0.087518401	0.053955046	-2.156805365	16.90900106	1.26796793286285	1.05790062569095
HNRNPH1	-0.888071339	0.088454916	0.054557059	-2.128452485	20.7671087	1.26314904917447	1.05327802558813
PACSIN2	0.412248575	0.08859676	0.054669238	2.127253983	23.57032292	1.2622569794229	1.05258216005257
LBR	-0.513657462	0.088664456	0.054735722	-2.126572903	21.25653165	1.26172914891341	1.05225044619728
ESPL1	-0.535024986	0.088732456	0.054802431	-2.125890295	22.10286363	1.26120017606912	1.05191749760327
UBE2O	-0.386529887	0.089143786	0.05508132	-2.12304495	23.9380635	1.25899566061107	1.04990892506259
E2F2	0.528843621	0.089261914	0.055179188	2.122096848	24.13543415	1.25822469475415	1.04933380502936
PQBP1	-0.790545181	0.089349789	0.055258412	-2.121245189	20.32157177	1.25760159986733	1.04890646874585
PAFAH1B2	-0.38874384	0.089426388	0.055330708	-2.120512007	20.68200012	1.25703377261025	1.04853431037874
RPUSD2	-0.499148495	0.089600879	0.055463643	-2.119166212	19.95407301	1.25599160820141	1.04768772981358
IST1	0.585685698	0.089798677	0.05561111	2.117676842	19.38473028	1.2548384363012	1.04673006172726
ANKFY1	0.507506354	0.090483148	0.056060211	2.113163752	16.55830532	1.25134527197061	1.04343229827661
ECI1	0.949398951	0.090622265	0.056171661	2.115099661	20.75181089	1.25048273381535	1.04276508732668
DRG1	-0.632118227	0.091019886	0.056443491	-2.109338841	19.69915427	1.24838613320349	1.04086371277164
CHMP4B	0.503317715	0.091262534	0.056619398	2.107591537	21.01403573	1.24703475253835	1.03970747675404
NOL9	-0.47789206	0.091305421	0.056671453	-2.10707545	17.60285137	1.24663565233481	1.03950343669906
HOMER3	-0.401563741	0.09287354	0.057670638	-2.097254267	18.52958371	1.23904524404	1.03210800041767
PPP2R5D	0.438782643	0.093492839	0.058081254	2.093264358	18.03221578	1.23596401559651	1.02922165224925
GPC4	0.363661717	0.09377698	0.058283909	2.091304898	23.83534425	1.23445132855272	1.02790375741988
ACADVL	-0.510810849	0.094220354	0.058585733	-2.088398368	16.4431066	1.23220813199825	1.02585526838522
KLK7	0.561802026	0.094245828	0.058627839	2.087993999	17.59039932	1.23189611345074	1.02573786570234
IL1RAP	-0.200845508	0.095212218	0.059255542	-2.08199787	24.65697776	1.22727102510753	1.02130731769212
CCDC3	0.586077074	0.096180695	0.059885082	2.076043505	20.74849548	1.22268135143344	1.01691208904663
PFKP	-0.315971799	0.096259087	0.059960719	-2.075332047	21.58593483	1.2221331680876	1.0165582618436
VCL	0.22323523	0.096326337	0.060055385	2.074442779	28.71795482	1.22144804453201	1.01625495430881
IL10RB	0.636111393	0.096326337	0.060056303	2.074434157	18.83635344	1.22144140600513	1.01625495430881
GRPEL1	0.552902109	0.096992003	0.060498356	2.070298932	20.08721375	1.21825642683231	1.01326407187958
AKAP9	0.512880982	0.09704608	0.060559134	2.069732587	20.07057221	1.21782034390611	1.0130220024575
TNFRSF10A	-0.417983667	0.097210823	0.060689031	-2.068523947	16.32350073	1.21688979667847	1.0122853800582
RNMT	-0.47029923	0.097221108	0.060739804	-2.068052183	22.3774428	1.21652661383125	1.01223943370846
GOLM2	-0.282699191	0.097221108	0.060749645	-2.067960785	22.17715383	1.21645625558959	1.01223943370846
UQCC3	0.474918722	0.09769189	0.061071045	2.064983391	19.00321766	1.21416464863275	1.01014148822023
SLC9C1	-0.48145513	0.09778464	0.06115628	-2.064196241	19.32179401	1.21355893962021	1.0097293587823
DIS3L2	-0.593076929	0.097823079	0.061225426	-2.063558419	17.34272818	1.21306818441794	1.00955867179826
RIF1	0.276003827	0.097823079	0.061234849	2.06347156	23.57540245	1.2130013487537	1.00955867179826
NUP85	-0.551627116	0.097954987	0.06134472	-2.06245961	21.19892827	1.21222281147887	1.00897344867948
HGD	-0.537076284	0.098229657	0.061544111	-2.060627468	17.59259117	1.21081349728284	1.0077573724275
SHMT2	-1.068215629	0.098369856	0.061659366	-2.078673182	21.96986575	1.21000094513201	1.00713796435816
METAP2	0.402432122	0.099096886	0.062142696	2.055160299	21.09383958	1.2066099092316	1.00393999248006
CHST11	1.375139685	0.099641167	0.06251178	2.071294305	20.59510715	1.2040381345451	1.00156119463721
MDN1	-0.67216032	0.099679638	0.062563697	-2.051344409	21.09329472	1.20367759595748	1.00139354788081
SERINC1	-0.528861647	0.099692349	0.06259946	-2.051021359	19.81296598	1.20342941311596	1.00133817082158
ASPHD2	-1.083495647	0.099746644	0.062661353	-2.073224406	22.89640683	1.20300023195527	1.00110170733846
QSOX2	-0.349685658	0.100036646	0.062898775	-2.048324355	23.34243244	1.20135781267748	0.999840877598379
NEGR1	-0.414646668	0.100036646	0.06290737	-2.048247086	20.69537711	1.2012984712029	0.999840877598379
GATD3B	-0.717497494	0.100036646	0.062927177	-2.048069063	20.32412074	1.2011617508653	0.999840877598379
ITGB3	-0.359630118	0.100062526	0.062971344	-2.047672266	22.8971861	1.20085703743393	0.999728537890603
PHACTR4	-0.490156972	0.100399926	0.063211659	-2.045517835	17.14839919	1.19920281139521	0.998266607288644
HS3ST3A1	-0.493604681	0.100510841	0.063309504	-2.044642836	20.12009595	1.19853108895692	0.997787093143403
PSAP	0.379055188	0.100685936	0.063447854	2.043407754	28.7056835	1.19758306248526	0.997031188276137
ECHDC1	-0.563904715	0.100970621	0.063655392	-2.04155971	18.14940761	1.19616480306037	0.995804972689044
RRP15	-0.93785696	0.101380184	0.06394185	-2.039060902	18.62583543	1.19421480264099	0.994046924888982
TRIP10	-0.337702068	0.10154001	0.064070954	-2.037876073	23.07354531	1.19333880942704	0.993362798160638
GTF2A1	0.497904165	0.101605262	0.064149818	2.037179513	20.14516104	1.19280457142791	0.993083799941986
NONO	0.347162177	0.101605262	0.064168764	2.037012294	24.27696335	1.19267632588178	0.993083799941986
MYG1	0.3066896	0.101935324	0.064405624	2.034925595	23.40814668	1.19107620770971	0.991675292344078
SMARCA1	-0.368829493	0.103073019	0.065153179	-2.028386219	21.30936686	1.18606438903082	0.986855003319096
NLGN2	0.527563087	0.103406568	0.065392838	2.026304507	21.2293379	1.18446981417426	0.985451875598296
SRSF10	-0.82509721	0.103414442	0.06542664	-2.041554867	22.88140971	1.184245382421	0.985418807055094
EIF2B1	-0.366695033	0.103449145	0.065477427	-2.025571447	21.41062379	1.18390839495431	0.985273094397149
WEE1	0.348990708	0.103640408	0.065627371	2.024274168	18.51535841	1.18291499301661	0.984470886000765
CAP2	-0.461457027	0.10422252	0.066025025	-2.020847044	18.0656324	1.18029142567787	0.982038430220656
H2AC1	-0.477114613	0.104378894	0.066153179	-2.019746647	20.58759887	1.1794492808947	0.981387309245664
PPP1R7	0.831751372	0.104390733	0.066189776	2.019432763	20.41822077	1.17920908865237	0.981338052919918
DDT	-0.666506826	0.104392837	0.066220205	-2.019171908	18.26498779	1.17900947912259	0.981329299782973
SLC12A7	-0.786435583	0.104916179	0.066581421	-2.016083826	20.67495211	1.17664694024163	0.979157534603158
NEK9	-0.420423923	0.105601373	0.067045687	-2.01213749	17.39419394	1.17362915476014	0.976330435188123
MTDH	0.328029837	0.106340004	0.067544278	2.007927507	26.97007524	1.17041143625382	0.973303327685768
GLUL	-0.410841565	0.107193167	0.068116059	-2.003134812	22.1735989	1.16675048701691	0.969832897747495
DIP2A	-0.688114839	0.107223803	0.068165411	-2.002722894	19.08377628	1.16643594238795	0.969708793336933
POGLUT3	0.603825311	0.107470516	0.068374936	2.000977139	20.13291107	1.16510306716469	0.96871066593258
PRSS22	0.401134379	0.107470516	0.06838216	2.000917039	20.98791855	1.16505718518223	0.96871066593258
ASAP1	0.301067615	0.107808192	0.068627065	1.998882959	21.18852212	1.16350457435078	0.967348237245554
PTBP1	-0.269819663	0.108225889	0.06892312	-1.996433008	24.62334074	1.16163507121075	0.96566883807467
CLASRP	-0.555142514	0.108665567	0.069233413	-1.99387566	17.11725851	1.15968425844301	0.963908049574255
BTN2A1	0.52899212	0.109039755	0.069502207	1.991668892	18.9058488	1.15800140443574	0.96241513298288
CACTIN	-0.882065812	0.109294194	0.069694848	-1.990132529	16.96517458	1.15679932474085	0.961402908322351
AARSD1	-0.590608839	0.109450858	0.069825255	-1.989027126	16.80648593	1.155987469592	0.960780829589837
Immunoglobulin lambda-1 light chain OS=Homo sapiens OX=9606	-1.127819092	0.109685128	0.070021466	-2.004935241	21.38188687	1.15476880089681	0.959852253604735
ATG5	-0.965618599	0.109685128	0.07003585	-1.992167509	16.10775782	1.15467959610512	0.959852253604735
VCP	0.219067014	0.110232054	0.070415794	1.98422698	27.70066049	1.15232991929911	0.957692100120123
ACTR3	-0.313423046	0.110736156	0.070768675	-1.981376337	25.25128935	1.15015893560253	0.95571055628881
SUPT5H	-0.614241602	0.11136857	0.071203874	-1.994102162	26.50024234	1.14749637699442	0.953237356751986
ASPH	-0.496885885	0.111580953	0.07137076	-1.976542747	21.94825295	1.14647967858217	0.952409933650925
DNAJB9	-0.501955762	0.111907415	0.071610765	-1.974626455	19.05808574	1.14502168678882	0.951141136108894
NUFIP2	-0.658400984	0.111926196	0.071653978	-1.97428206	16.71691992	1.14475969395481	0.951068256217019
RARS1	-0.208318942	0.112109353	0.071802479	-1.973099993	25.23622917	1.14386056136445	0.950358153802483
CCDC47	0.495981434	0.112330577	0.071975473	1.971725801	18.71866915	1.14281547239479	0.949502010302716
MMP11	-0.676086769	0.113117046	0.072510927	-1.96749161	17.15123122	1.1395965426949	0.94647194480116
CPA4	0.329126041	0.11314492	0.072560329	1.967102407	23.23581818	1.13930075678367	0.946364940299574
TET1	0.465893705	0.113832827	0.073041919	1.963321075	20.85391597	1.13642782528533	0.943732478458437
RANBP9	-0.741816745	0.113832827	0.073064939	-1.963140906	17.50902529	1.13629097395346	0.943732478458437
PFDN4	0.46199682	0.114193387	0.073328195	1.961084177	19.75276471	1.13472900518832	0.94235904558725
RAP1B	-0.434643287	0.114451127	0.073525598	-1.95954639	22.2221236	1.13356143459316	0.941379926471559
TRIM26	-0.285437808	0.114959116	0.073883981	-1.95676426	23.38382035	1.13144971204402	0.939456584451059
RTN1	0.396766242	0.115787226	0.074448476	1.95240717	18.62611161	1.12814418806042	0.936339350657969
FUT11	0.805707596	0.115938414	0.074577999	1.951411728	18.85841837	1.12738927336029	0.93577264493264
AREG	-0.538317648	0.117371762	0.075549407	-1.943996308	19.82106888	1.121768940162	0.9304363756837
SF1	0.675904291	0.117371762	0.075565432	1.943874714	19.47535166	1.12167683049038	0.9304363756837
EVPL	-0.701088878	0.117468619	0.075660529	-1.943153633	20.35827185	1.12113062655137	0.930078136927318
AZGP1	0.54160119	0.117726904	0.0758597	1.941646101	16.82945515	1.11998887912073	0.929124276973524
HNRNPF	-0.443337923	0.117932086	0.076024781	-1.940399347	23.43350012	1.11904482222794	0.928368019527941
SEPTIN7	-0.379001766	0.118019375	0.076113945	-1.939726986	23.1608107	1.11853576791105	0.928046689601866
SETD3	-0.46192276	0.118301074	0.076328591	-1.93811135	19.73859238	1.11731275447381	0.927011312598136
OTUB1	-0.257284839	0.118336568	0.076384473	-1.937691411	23.93584559	1.11699491335812	0.926881030295406
NAP1L4	-0.327330324	0.118415274	0.07646828	-1.937062156	22.71431826	1.11651867828119	0.926592275771148
IRAK4	-0.405800908	0.11952665	0.07721928	-1.931451444	16.30679576	1.11227425209665	0.922535252393109
STON2	-0.732474809	0.119545867	0.077265013	-1.931111391	20.09185565	1.11201711799278	0.922465433936505
DCPS	0.392482291	0.119683486	0.077387316	1.930202908	21.06697871	1.11133021557836	0.921965769675842
MDC1	-0.319326337	0.119870097	0.077547046	-1.929018389	23.87474625	1.1104347411171	0.921289143236438
PTPRU	-0.574723971	0.119870097	0.077574795	-1.928812836	19.43058747	1.11027936341362	0.921289143236438
RNF2	-0.384416527	0.120195641	0.077818973	-1.927006987	18.83406429	1.10891450500717	0.920111282116752
UGDH	0.358389985	0.120448513	0.078016261	1.925551709	22.87027259	1.10781486748204	0.919198557225463
TPD52	0.567055999	0.120496369	0.078080841	1.925076072	19.923225	1.10745551757891	0.919026039786398
CA11	0.450951509	0.121191354	0.078564963	1.921521925	20.26187923	1.10477108968861	0.916528362381187
PML	-0.4666206	0.121271755	0.078650885	-1.920893238	19.22608881	1.10429638621992	0.916240337435343
CNN2	-1.499417637	0.122555423	0.079517565	-1.933885602	20.4620065	1.09953692744443	0.91166746673041
FGFR3	0.589188241	0.122647951	0.079611783	1.913904892	20.71070328	1.0990226494336	0.911339702874038
TMOD3	0.510074825	0.122703057	0.079681751	1.913399058	20.15613353	1.09864113089357	0.9111446172103
PLCB3	-0.370726266	0.123997342	0.080556802	-1.907106963	22.45859194	1.09389778303687	0.906587624249903
IDH1	-0.215708086	0.124773984	0.081096134	-1.90325994	26.83256857	1.09099984890212	0.903875957787146
JUP	-0.842445319	0.126445682	0.082227563	-1.913969121	24.11931143	1.08498258085036	0.898095996810617
PPIG	-1.088913427	0.126445682	0.082311958	-1.911250292	21.61352266	1.08453706738598	0.898095996810617
PWP1	-0.373848916	0.126445682	0.082277205	-1.894916481	22.83957658	1.08472046993908	0.898095996810617
LEO1	0.234229498	0.126445682	0.08232361	1.8945909	24.51001595	1.08447559343629	0.898095996810617
TMA7	0.50234995	0.12645254	0.082363318	1.894312438	20.39730565	1.08426616618143	0.898072442737883
LPIN2	-0.337091531	0.127697494	0.083209794	-1.888405308	16.54802073	1.07982555315851	0.893817625466817
BPGM	-0.455515138	0.128226144	0.083590008	-1.885769816	17.66300465	1.07784563320469	0.89202341758355
CDK7	-0.309913925	0.128277206	0.083659047	-1.885292439	17.76190231	1.07748708698224	0.891850507988975
SP100	-0.327866413	0.129008535	0.084171956	-1.881757085	16.4122902	1.07483258050931	0.889381556516367
MAK16	-0.68457529	0.129291392	0.084392542	-1.880277849	21.4604254	1.07369593147103	0.88843038874177
GPC3	2.153181493	0.1293174	0.08444556	1.900259534	18.70850881	1.07342317993775	0.888343035710684
BID	-0.415106476	0.130306727	0.085127918	-1.87521997	18.15599668	1.06992798815313	0.885033163538618
TMBIM1	-0.350858198	0.130414113	0.085234419	-1.874495833	21.04277764	1.0693849948665	0.884675408095126
SEZ6L2	0.239446585	0.131142188	0.085746816	1.871023353	23.94802214	1.06678199745783	0.882257574761318
ATP2A1	-0.364610908	0.13136027	0.085926018	-1.869813366	22.06752434	1.06587531389934	0.881535967567893
EPHB2	0.210719186	0.132549259	0.086740708	1.864341314	25.78121284	1.06177703734937	0.877622695792907
IGFBP5	-0.302646412	0.132703482	0.086878617	-1.863419646	24.2450528	1.06108710113056	0.877117681554959
TRHDE	0.183833788	0.133163926	0.087217176	1.861162636	29.71061604	1.05939797943136	0.875613409257325
ME1	0.462949283	0.133669263	0.087585406	1.858716842	19.80144976	1.05756825252695	0.873968446471383
SAAL1	-0.472406064	0.13481481	0.088373588	-1.853512968	21.37421173	1.05367751213374	0.870262396020449
SBNO1	-0.513585589	0.135090763	0.08859213	-1.852077532	19.25961268	1.0526048565484	0.869374345391549
B4GALNT3	0.942990841	0.135366438	0.088817433	1.852743326	19.07415052	1.05150178295299	0.868488998857466
GRIA4	0.362454832	0.135366438	0.088848372	1.850398567	23.05874162	1.05135052551646	0.868488998857466
XP32	-0.418892246	0.136241137	0.089460457	-1.846405747	18.47128777	1.04836888760679	0.865691740627036
SEPTIN8	-0.30159674	0.136539398	0.08969436	-1.844886466	21.19556564	1.04723486462465	0.864742016277475
MANBA	-0.191343565	0.136637058	0.089796595	-1.84422354	27.65045422	1.04674013104703	0.86443149756345
PLCD3	-1.120862774	0.136677516	0.089861277	-1.853208087	19.01897572	1.04642741403019	0.86430292274199
RAB14	-0.620675412	0.137480141	0.090427294	-1.840148957	21.25160898	1.04370046505012	0.861760031121003
RFX1	-0.940578638	0.137514337	0.090522301	-1.84252608	20.09624122	1.04324441518017	0.861652020703574
PPP1CB	0.411737708	0.137514337	0.090526439	1.839510783	19.80472525	1.04322456295069	0.861652020703574
ABHD14B	0.543599637	0.138415614	0.091158332	1.835458249	17.47267012	1.04020363006717	0.858814916443164
CSGALNACT2	0.312504367	0.138517059	0.091263748	1.834784666	16.34206943	1.03970169968462	0.858496737983323
TBC1D20	-1.530745098	0.138575959	0.091341177	-1.853496191	17.26673967	1.0393333964808	0.858312107236912
SLC26A2	0.544027191	0.138650571	0.091429	1.833730151	19.09278144	1.03891603027976	0.858078337542026
STOM	-1.317885751	0.13876091	0.091540433	-1.847409174	18.7299118	1.03838703762572	0.857732860698797
MRTO4	0.342700546	0.139164861	0.091845705	1.831078695	24.17082505	1.03694114788743	0.856470409842486
NAALAD2	0.861978694	0.139359544	0.092013032	1.830050025	18.51373091	1.03615065825369	0.85586328339416
RARRES2	0.44614679	0.139542959	0.092173025	1.829003618	19.03105862	1.0353961592905	0.85529207207103
COL7A1	0.942464365	0.139737988	0.092340794	1.830886228	19.75365701	1.03460639545159	0.854685514171616
HSPB11	-0.96842838	0.139747792	0.092386222	-1.830598124	18.5664766	1.03439279236798	0.854655045193177
B3GALNT1	-0.480303268	0.140046853	0.092622961	-1.826162055	20.35950741	1.03328133945737	0.853726645784292
ADK	-0.355211029	0.141299836	0.093506391	-1.820618894	20.56576767	1.0291587048368	0.849858342216101
COPS5	-0.335445415	0.141299836	0.09353041	-1.820468851	22.00106769	1.02904716187667	0.849858342216101
RAD23A	0.387640879	0.141514717	0.093747527	1.819114091	20.98555597	1.02804017986072	0.849198392793175
NUP210L	0.550053926	0.141514717	0.093790969	1.818843366	18.10740357	1.02783897721035	0.849198392793175
LRRC75B	0.550053926	0.141514717	0.093790969	1.818843366	18.10740357	1.02783897721035	0.849198392793175
METRNL	0.280814452	0.142020696	0.094165896	1.816511547	22.59066093	1.02610635687554	0.847648363337613
RPS3A	-0.283235016	0.142323232	0.094406157	-1.815021675	24.35151882	1.02499968087218	0.846724202474526
PHF5A	-0.437205103	0.143055412	0.094931699	-1.811774662	19.05826829	1.02258874645489	0.844495707538719
IGSF3	-0.208978961	0.143118669	0.095013564	-1.811270323	23.8992419	1.02221439102848	0.844303711349594
GTF2E1	0.61518265	0.143177325	0.095092409	1.810784964	20.87890131	1.02185415037062	0.844125755820905
HEPHL1	0.552369833	0.143225898	0.095164588	1.810340961	16.51159482	1.02152462826728	0.843978446123404
AHNAK	0.397239858	0.143310188	0.095260535	1.812625059	28.01000464	1.02108698374302	0.843722934271849
GLOD4	0.503428274	0.143672333	0.0955413	1.80802855	22.63126612	1.01980885370595	0.842626855959594
SOD2	0.309614244	0.143766597	0.095644054	1.807399234	22.41111567	1.01934202401887	0.842342007024832
EPB41	-0.484923306	0.143953607	0.095808588	-1.806392817	19.06457021	1.01859556029677	0.841777448670092
PRMT5	-0.361270094	0.144511892	0.096220432	-1.803880467	22.24375944	1.01673269758108	0.840096412994131
ITGB4	-0.939822871	0.145201664	0.096760641	-1.803438873	19.73947983	1.01430126327584	0.838028406625753
PCBP2	-0.398977383	0.145201664	0.096758207	-1.800614463	22.06478966	1.01431218802844	0.838028406625753
HEBP2	0.66390552	0.145256919	0.096837946	1.800131589	21.21078434	1.01395443081979	0.837863171764113
ERGIC3	0.734019817	0.145389616	0.096966932	1.799351247	20.22185067	1.01337634509882	0.837466610498593
GRIK1	0.337174559	0.14554677	0.09711231	1.798472853	20.62685257	1.01272571523909	0.836997428059191
DFFA	0.460826845	0.145662977	0.097230443	1.797759949	20.89671511	1.01219773551711	0.836650818359088
SNX6	-1.007496852	0.146053502	0.097531826	-1.801969097	19.92672737	1.01085364480605	0.835488025263237
SERPINB8	-0.367310481	0.146648868	0.098013538	-1.793053795	20.57736538	1.00871393377047	0.83372128504109
ACO2	-0.305948921	0.146648868	0.09802834	-1.792965165	23.1520672	1.00864835158978	0.83372128504109
RFX2	0.517305998	0.146648868	0.098052016	1.792823427	18.84283589	1.00854347258595	0.83372128504109
APEH	-0.221415867	0.146667113	0.098105093	-1.792505794	26.4558635	1.00830844619414	0.833667256598415
QPRT	-0.216249573	0.146784344	0.098224417	-1.791792263	24.0116431	1.00778054021465	0.83332026374558
ACP2	-0.22302406	0.149166805	0.099860275	-1.782088068	23.1315277	1.00060724229835	0.826327812314376
ADAM23	0.340531313	0.149822448	0.100340954	1.779263752	19.73680067	0.998521774197582	0.824423111121596
SERPINB7	0.215364987	0.150020036	0.100515097	1.778243544	26.07557139	0.997768703901361	0.823850734656683
LGALS1	-0.337635129	0.150360859	0.100785359	-1.776663364	19.26220721	0.99660255288389	0.822865201860231
ADAR	-0.668693639	0.15091186	0.101196749	-1.774265315	20.04294409	0.994833439215976	0.821276628149163
ACTC1	0.308242642	0.151121333	0.101379334	1.773203806	26.93923152	0.994050566151432	0.820674224276329
FOXRED2	0.596776028	0.151680081	0.101821559	1.770639893	19.94755405	0.99216025772184	0.819071448084571
ACAA1	0.427250852	0.151680081	0.101838717	1.770540617	18.98793858	0.992087080714674	0.819071448084571
EIF3H	-0.280014103	0.151716506	0.101905457	-1.770154602	22.5890108	0.991802559059994	0.818967167566878
NAP1L1	-0.302807334	0.152943507	0.102772239	-1.765161718	24.92895074	0.988124181812719	0.815468955645154
SRRT	-0.435779629	0.153066737	0.102897706	-1.764442125	23.56649387	0.98759430728467	0.815119175773747
FAM50A	0.298582353	0.153671857	0.103347322	1.761869884	22.83099277	0.985700772599258	0.813405660598615
BRMS1L	-0.417446315	0.154026175	0.103671479	-1.760021596	18.47612491	0.984340705680248	0.812405469474531
TCOF1	-0.2545042	0.154026175	0.10371135	-1.759794618	27.78238237	0.984173712534434	0.812405469474531
CD59	-0.503263121	0.154026175	0.103714392	-1.759777302	21.20030059	0.984160974252277	0.812405469474531
CDKN2A	0.536820128	0.154294368	0.103937984	1.758505901	18.69970398	0.983225711086052	0.811649926115478
CMTM6	0.647357352	0.154798498	0.104320727	1.756335205	17.17661472	0.981629395049768	0.810233257564473
DNMT1	-0.519584445	0.155912452	0.105114889	-1.751853814	22.14129381	0.978335763966371	0.807119198352315
CYCS	0.485280049	0.156297557	0.105437265	1.750043307	21.46641601	0.977005868027127	0.806047810142752
DDI2	-0.651017749	0.156297557	0.105461646	-1.749906579	20.72796299	0.976905454670223	0.806047810142752
CPE	0.279177058	0.156830636	0.10586505	1.747648433	26.37048218	0.975247393031103	0.804569096331878
TXLNA	1.141971803	0.156911151	0.106039071	1.760307773	20.89372672	0.974534085742236	0.804346191877152
P4HA2	-0.368887984	0.156911151	0.105974105	-1.747039293	19.84254453	0.974800242560663	0.804346191877152
RNF213	-0.508140783	0.156911151	0.106050597	-1.746612374	16.58709042	0.974486882328222	0.804346191877152
CCT6A	-0.209535121	0.159404133	0.10777994	-1.737033115	24.53363776	0.967462062507262	0.797500422489316
SRP14	-0.365350098	0.159751756	0.108059507	-1.735497422	21.25370895	0.966337018174465	0.796554359354734
EIF2S1	-0.306285103	0.159875317	0.108187645	-1.734794731	22.90657683	0.965822332710905	0.796218581395452
MYCBP	-0.453409237	0.160221618	0.108466641	-1.733267314	20.10641915	0.964703808886736	0.79527888684915
RPL36	0.69091366	0.161563075	0.109419808	1.72807531	19.51819219	0.960904051618627	0.791657889577173
S100A1	0.332042972	0.161596089	0.109487205	1.72770972	19.23469939	0.960636630801719	0.791569154367575
NUDT14	-0.537605427	0.162483494	0.110165119	-1.724043518	20.03481	0.957955892088452	0.789190750554724
SNRPA	0.292736672	0.162483494	0.110179025	1.723968523	24.8601858	0.95790107511929	0.789190750554724
METTL3	-0.360731386	0.163639829	0.111008736	-1.71950912	17.63696732	0.954642842408812	0.78611098300155
PCDHGC3	-0.181551809	0.164765915	0.111818563	-1.715185084	23.57028482	0.951486093236178	0.783132625517819
RPL30	-0.571392331	0.165608767	0.112436722	-1.711903147	19.31055555	0.949091824377863	0.780916676253184
STAMBP	-0.425140893	0.165776752	0.112596975	-1.711054947	20.97410579	0.94847327696651	0.780476373580866
JPT1	1.23168441	0.166167669	0.112908801	1.722355827	17.33193333	0.947272204427874	0.779453472373757
C1QTNF6	0.428933673	0.167240685	0.113684512	1.705326893	18.90150483	0.944298698118799	0.776658062294124
MYEF2	-0.813124688	0.167541741	0.113935855	-1.704326487	18.10790312	0.943339584277021	0.775876975924988
FAM20C	-0.523810352	0.168238944	0.114456873	-1.701288332	20.1266081	0.941358123335858	0.774073466287096
CNOT9	-1.73535073	0.168353339	0.11458162	-1.716660867	17.48440583	0.940885041816839	0.773778265703604
DCTN1	0.338422738	0.168413068	0.11466921	1.700182293	22.21756705	0.940553179502352	0.773624212479515
WDR48	-0.302798346	0.168577939	0.114828451	-1.699354011	21.63535603	0.939950493632787	0.773199260063863
KIF21A	0.478166015	0.168800727	0.115027252	1.698321392	21.43064416	0.939199255375931	0.772625687263631
CNPY3	0.497629298	0.168849438	0.115107504	1.697904989	20.24154123	0.938896363254982	0.772500380535854
TTC1	-0.515507777	0.170090836	0.116001192	-1.693285249	19.92936644	0.935537548045817	0.76931908428186
TACC3	-0.402236361	0.170195844	0.116120241	-1.692672226	19.80749159	0.935092071489507	0.769051049127481
SNIP1	-0.719089032	0.170386686	0.116297936	-1.691758258	18.22134767	0.934427992853365	0.768564343974461
B3GALT5	-0.437440807	0.170691402	0.116553494	-1.690445967	16.91426415	0.933474702819723	0.767788354444723
ADPRS	0.308678022	0.170874186	0.116725928	1.689561955	22.75844326	0.932832664634877	0.767323541284694
PAK4	-0.653680289	0.171408886	0.11713896	-1.687449167	19.44375953	0.931298636106814	0.765966667589403
RBBP4	-0.221842147	0.171507269	0.117281596	-1.686721069	26.30375783	0.930770132664774	0.765717468509323
ABCE1	-0.529963075	0.171507269	0.117323889	-1.686505331	21.78742686	0.930613549652897	0.765717468509323
LTBP4	-0.298585569	0.171507269	0.117349595	-1.686374241	21.88735221	0.930518404911308	0.765717468509323
CHST7	0.280358278	0.17170314	0.117531469	1.685447459	23.82068116	0.929845835662491	0.765221762659678
CD2BP2	0.481976068	0.171775853	0.117629117	1.684950398	19.96425236	0.929485163062311	0.765037886173616
RRM1	-0.855460559	0.171968014	0.117808634	-1.686458822	19.89600111	0.928822879658011	0.764552324226817
AKR1B1	0.320107756	0.172211571	0.118023482	1.682946637	23.06635037	0.928031576690083	0.763937671392106
COLGALT1	-0.3785297	0.172351392	0.118167343	-1.682217159	21.26774576	0.92750252949964	0.763585204652451
PCMT1	0.369628335	0.172479357	0.118303148	1.681529244	18.80850138	0.927003698813836	0.763262875532504
RANBP6	-0.513663197	0.17317937	0.118831552	-1.678859273	19.29183025	0.925068230734041	0.761503844586516
CHMP1A	0.334886881	0.173297744	0.118961077	1.678206396	17.09394672	0.924595112634726	0.761207090919831
MGAT4B	-0.813693264	0.173859868	0.119395405	-1.676048451	19.70246038	0.923012386954928	0.759800654441046
CACNA2D1	-0.962717905	0.173951815	0.11950703	-1.681074735	19.8086998	0.922606546595283	0.759571035497178
CRTAP	0.322811827	0.174085355	0.119647292	1.674757936	18.70267589	0.922097126409223	0.759237762542686
WDR55	-0.507009083	0.174094262	0.119701935	-1.674484087	20.48202399	0.921898829100438	0.759215542626514
SRSF4	0.448635428	0.174283324	0.119880503	1.673589951	21.5760772	0.921251443490273	0.758744165622379
KHSRP	0.540046391	0.174413549	0.120018688	1.672898826	17.22553504	0.920751125090957	0.758419780714372
SPOCK2	-0.218685747	0.17448389	0.120115722	-1.672413936	30.82658696	0.920400143879638	0.75824466502047
ADGRL2	0.23288208	0.174503084	0.12017757	1.672105052	25.62550015	0.92017658170288	0.758196893333186
IRF2BPL	-0.32433433	0.176150686	0.121361342	-1.666219905	17.0196911	0.91591962981549	0.754115661166051
C7orf50	0.3693676	0.176184358	0.121459467	1.665734352	19.12365606	0.915568629021678	0.754032651745966
CUSTOS	-0.822629572	0.176184358	0.121482748	-1.665651626	19.29355811	0.915485392686123	0.754032651745966
EPHA3	-2.718078863	0.1764685	0.121727854	-1.679632918	19.81013875	0.914610034305822	0.753332805840388
ARSK	0.432674949	0.176469957	0.121778042	1.664160314	19.39289498	0.914431012999772	0.753329220132752
HDAC7	-0.41388026	0.176500876	0.12184857	-1.663812335	19.71128792	0.914179563276576	0.753253134802946
PSMB7	0.255543121	0.177037705	0.122268515	1.661744026	25.01286154	0.91268536244169	0.751934228951428
CKMT1A	0.519901922	0.177373424	0.12254981	1.660362094	21.81805266	0.911687357737203	0.751111450314705
USP19	-0.320574249	0.177908116	0.12296882	-1.658308764	17.83444009	0.910204994402621	0.749804239360615
MCM3	-0.609038913	0.179439895	0.124077587	-1.652904893	20.83509966	0.906306661058207	0.746080993554235
NACA	-0.316650996	0.180098372	0.124583099	-1.650455223	26.70769386	0.904540870268268	0.74449021296954
TMPO	-0.408799582	0.180327383	0.124838941	-1.651523688	25.68703186	0.903649924080776	0.743938319961897
ATIC	-0.398961211	0.180327383	0.124842035	-1.64922956	24.55252754	0.903639160688638	0.743938319961897
MTA2	-0.336553975	0.180860266	0.12526136	-1.647182113	20.2272198	0.902182877344203	0.742656834756313
JSRP1	0.484233281	0.181389916	0.125678743	1.645175663	20.06086033	0.900738171625735	0.741386860314985
POLR2H	-0.365542018	0.181858892	0.126054366	-1.643374957	19.56785617	0.899442107568887	0.740265459238792
NFYC	-0.511296371	0.182549972	0.126584261	-1.640842674	21.73834791	0.89762028946696	0.738618229327491
ANXA2	0.230935527	0.183291481	0.127149525	1.6381516	28.25493354	0.895685257904821	0.736857719656814
NUSAP1	-0.720916776	0.18334745	0.127239451	-1.637749772	17.54724693	0.895378213410831	0.736725125837712
ADAMTS9	-0.568094359	0.183905767	0.127678168	-1.637904948	22.40140955	0.89388335745637	0.735404651746115
PTPN6	-0.388478586	0.184132382	0.127886816	-1.634657273	18.83875017	0.893174225134918	0.734869828621275
FTH1	-0.294415075	0.184972356	0.128521762	-1.631662116	24.44419178	0.891023329015076	0.732893171779313
PTGES3	-0.42912687	0.185566705	0.128986444	-1.629478331	21.61777322	0.88945593005232	0.731499943698587
UGP2	-0.22128315	0.186035783	0.129364348	-1.627707434	25.34954415	0.888185396003067	0.730403513498228
IQGAP1	-0.216799005	0.186493412	0.129734547	-1.625977024	24.27557674	0.886944360279535	0.729336505316858
EIF4A2	-0.219713762	0.186580587	0.129847193	-1.625451347	23.96311104	0.886567434388836	0.72913354492696
ESRP1	-0.397875112	0.186895435	0.130118394	-1.62418738	16.85497808	0.885661305682547	0.728401306317915
GGT5	0.310477478	0.187244431	0.130413554	1.622814362	24.33648864	0.884677269635493	0.72759109016754
ZFAND2B	-0.292692076	0.187395191	0.130570785	-1.62208407	21.68126712	0.884153984872835	0.727241558319967
TP53BP1	0.255910571	0.187401477	0.130627395	1.621821321	24.3517213	0.883965733859712	0.72722699055378
MCM2	-0.24498337	0.188174582	0.13121873	-1.619082641	21.62049128	0.882004169875939	0.725439040008955
DAG1	0.174916552	0.188572429	0.131548715	1.617559049	28.27434903	0.880913389852204	0.724521804750688
LUZP1	1.028559385	0.188809553	0.131766756	1.625291154	18.76795545	0.880194145939855	0.72397603593717
UMODL1	-0.473534434	0.188854742	0.131850928	-1.61616661	19.65476749	0.879916809185974	0.723872105892968
BMS1	0.406968104	0.18890662	0.131939796	1.615757681	17.258288	0.879624191743688	0.723752822495881
KIAA1549	-0.288720794	0.189415276	0.132347853	-1.613883085	20.09002023	0.878283099604913	0.722584998854515
INTS14	-0.367602478	0.190110814	0.132886823	-1.611414798	17.96641631	0.876518081375619	0.72099317862666
ARF3	-1.172504525	0.190426289	0.133160412	-1.62424649	21.68185882	0.875624869800668	0.720273095975132
PLS1	-0.292122242	0.190919801	0.133558724	-1.608349939	22.93081694	0.874327738782133	0.719149026980458
ANAPC2	-0.451498423	0.190992299	0.133662671	-1.607876989	21.23569657	0.873989864557748	0.718984143585943
ANKRD29	-0.364915105	0.19144549	0.134033186	-1.60619378	17.35779081	0.872787659006123	0.717954860139924
ELOB	0.301229641	0.191937539	0.134431169	1.604390297	19.77863576	0.871500024769497	0.716840077968073
PTPRJ	-0.154513703	0.193335961	0.135499188	-1.599573401	26.82320848	0.86806330735914	0.713687358535801
CNTN5	0.543083488	0.193335961	0.135518379	1.59948715	19.01470116	0.868001801785841	0.713687358535801
PRPF38B	-0.393806674	0.193368763	0.135595264	-1.599141705	21.67523109	0.867755479013097	0.713613680989367
ACAP2	-0.457528554	0.193659466	0.135853087	-1.597984561	18.96102642	0.866930488627515	0.71296127001231
HMG20A	-0.451341381	0.194095824	0.13621329	-1.596371116	16.2562694	0.865780517297783	0.711983808420325
SLC3A2	-0.280646402	0.194341538	0.136439892	-1.595358006	27.20483924	0.865058633033496	0.711434364628356
NMU	0.269350552	0.195103758	0.137029395	1.592729247	17.73757199	0.863186259727297	0.709734365341798
URB1	-0.989181556	0.195829694	0.137593829	-1.598921712	17.35715811	0.861401043508544	0.708121454705612
LTA4H	0.169900295	0.196130679	0.13785997	1.589042118	26.50883741	0.860561820349564	0.707454468146088
CXCL16	0.255324074	0.196325452	0.138051593	1.588194195	17.29969562	0.859958577600465	0.707023393998498
H2BC21	-0.156118872	0.196396241	0.138156107	-1.587732156	29.15249085	0.859629912935086	0.706866828812717
RNF20	-0.423100043	0.196426211	0.138231935	-1.587397124	21.66544179	0.859391612590673	0.706800560677677
NECTIN2	-0.309108109	0.196858386	0.138590937	-1.5858131	23.22198152	0.858265168999697	0.705846079903718
CSNK1G1	-0.777495758	0.197468299	0.13907536	-1.585784586	16.76582537	0.8567498072037	0.704502614844685
SREK1	-0.393615645	0.197734576	0.139318007	-1.582615936	18.61866457	0.855992746926215	0.703917383022891
RBM6	-1.490349915	0.19802115	0.139577463	-1.594979226	17.34000294	0.855184699799431	0.703288421669039
ATP1B1	-0.307627421	0.19802115	0.139655969	-1.581134731	22.26577116	0.854940497497074	0.703288421669039
ISYNA1	-0.242785873	0.19802115	0.139685488	-1.581005505	23.15031782	0.854848710628081	0.703288421669039
CWF19L1	-0.597543022	0.198713319	0.140229132	-1.578629791	18.58269044	0.853161754182696	0.701773022802877
DNAJC5	-0.300682656	0.19937726	0.140753233	-1.576347025	21.73152037	0.851541620931788	0.7003243767149
GNAS	-0.324930006	0.200302294	0.1414621	-1.573271186	21.94150709	0.849359899119099	0.698314076838044
PACC1	-0.425671105	0.200557173	0.141698003	-1.572250542	19.02136732	0.848636270374924	0.697761800704972
PSME3IP1	-0.340513702	0.200917998	0.142008931	-1.570907542	18.57140664	0.847684341799695	0.696981157915855
MMS19	-0.361593817	0.200970608	0.142102127	-1.570505493	17.58056778	0.847399421457121	0.696867453608332
B4GALT1	-0.164754134	0.201040319	0.142207449	-1.570051407	26.26779894	0.847077654134621	0.696716835299733
CPSF2	-0.218055685	0.201608503	0.142705061	-1.567909933	22.45230764	0.845560624464909	0.695491155122817
USP25	0.379179593	0.201608503	0.142721739	1.567838273	17.81001932	0.845509871253386	0.695491155122817
PSMC4	-0.355549901	0.201643026	0.142802377	-1.567491889	22.37063168	0.845264563502479	0.695416793850226
LAPTM4B	0.427951747	0.202262695	0.143297595	1.565368369	18.39982527	0.84376109841629	0.694084210405821
AMPD2	-0.469753827	0.202420189	0.143465591	-1.564649436	18.33620264	0.843252248273102	0.693746173976358
DDB2	-0.365128064	0.202991584	0.143976752	-1.562466402	20.60504194	0.841707627996508	0.69252196749628
S100A8	0.399853104	0.202991584	0.143983718	1.562436699	20.84068484	0.841686616116916	0.69252196749628
NANS	-0.448607643	0.203185138	0.144177637	-1.56161031	17.60353819	0.841102096625402	0.692108061745605
ABCF3	-0.3824465	0.204070312	0.144862621	-1.558698903	16.09247889	0.839043661372363	0.690220171532777
HIRIP3	-0.487008831	0.204289379	0.145075066	-1.557798357	20.51077098	0.838407223186804	0.689754211740513
YBX2	-0.400943612	0.205033735	0.145660811	-1.555321288	16.06511253	0.836657276340802	0.688174676900372
STC2	1.678865239	0.2060613	0.146448248	1.564926154	20.81329196	0.834315819533653	0.686003564623579
BZW2	-0.281917281	0.207311727	0.147494875	-1.547620362	20.92317237	0.831223069840994	0.683376130480478
GPRC5B	0.455202072	0.207311727	0.147520068	1.547515155	20.67984551	0.831148896100519	0.683376130480478
DCAF5	0.426036547	0.207311727	0.147520205	1.547514587	18.70302325	0.831148492776977	0.683376130480478
EIF4A1	-0.163578319	0.207311727	0.147568046	-1.547314843	25.93157532	0.831007673327742	0.683376130480478
PXDN	0.151478211	0.207918697	0.148058046	1.545272261	30.08676782	0.829567986528972	0.682106455166735
QSOX1	0.145673164	0.209144547	0.148989259	1.541406453	29.64693323	0.826845039810363	0.679553454242244
COL4A5	0.51549615	0.209486202	0.149291031	1.540158145	20.27888818	0.825966282725155	0.678844576958327
PFN2	-0.277164238	0.209639626	0.149458797	-1.539465104	22.4560374	0.825478517719917	0.678526623756131
CLNS1A	0.330076333	0.209697632	0.149558596	1.539053155	21.04447989	0.825188620492374	0.678406473755637
PAWR	0.413660339	0.210281822	0.15004564	1.537046108	19.07252464	0.823776619708983	0.677198268665606
SUGP2	0.355380916	0.210281822	0.15009246	1.536853466	20.21465229	0.823641124296654	0.677198268665606
DDRGK1	0.291455497	0.210636489	0.150404316	1.535571633	16.6776343	0.822739701057611	0.676466392890946
CENPF	-0.635622352	0.21082703	0.150657889	-1.54226956	22.6351645	0.822008122142212	0.67607370926931
SLPI	0.286215149	0.21082703	0.150616454	1.534700976	22.24931088	0.822127581315482	0.67607370926931
SPTBN4	-0.803593475	0.211094805	0.150908076	-1.542627488	21.72804299	0.821287517889194	0.675522454459255
PARVA	1.208293984	0.211759451	0.151524106	1.542051347	18.20924096	0.81951826967012	0.674157197641633
CAB39	0.356159204	0.211759451	0.15145394	1.531274027	19.45246754	0.81971942422613	0.674157197641633
GNPDA1	0.175534525	0.211759451	0.151560276	1.530840072	24.59722136	0.819414612521036	0.674157197641633
RAPGEF3	-0.47486783	0.211941557	0.151749682	-1.530067753	19.85316221	0.818872210340283	0.673783879503143
FARSB	-0.447426493	0.213490972	0.152918561	-1.52531978	18.57932728	0.815539797448065	0.670620485479623
SRSF5	-0.364539329	0.213698836	0.153127009	-1.52449777	24.29182985	0.814948200385168	0.670197843395845
SEMA4F	-0.313802337	0.216063342	0.154881526	-1.517415779	17.92343522	0.810000381044756	0.6654189106623
CNOT3	0.690496479	0.216524088	0.155272151	1.523375703	22.05604434	0.808906430630666	0.664493781973171
USP14	-0.212089201	0.217070656	0.155724601	-1.514047391	25.91307155	0.807642773208487	0.663398881283545
EFNB2	0.169488332	0.219788854	0.15773587	1.506074187	25.20218299	0.802069534498275	0.657994335429514
SRRM2	0.248634617	0.219995697	0.157945628	1.505247657	26.59621117	0.801492391042489	0.657585813666119
XRCC4	-0.48854805	0.22077122	0.158563945	-1.50281669	21.07887363	0.799795557672006	0.656057542400473
ZNF609	0.386680429	0.220827533	0.158665936	1.50241648	19.13624962	0.799516301948111	0.655946779291992
APOB	-1.072552167	0.221016607	0.159048183	-1.512876354	22.41335908	0.79847128800007	0.65557509257059
GAPVD1	-0.236828737	0.221016607	0.158903815	-1.501483906	23.65283048	0.798865676023838	0.65557509257059
RPL11	-0.236326306	0.221016607	0.159011401	-1.501062519	21.81348832	0.798571735969622	0.65557509257059
SMARCAD1	0.298702586	0.221016607	0.159018299	1.501035511	17.77932351	0.798552896450315	0.65557509257059
IGF1	0.452532304	0.221060121	0.159141107	1.500554816	18.72387721	0.798217625272556	0.65548959659693
ARPC4	0.194393182	0.223861257	0.161220036	1.49246511	24.08016966	0.792580986206389	0.650021061968223
RPTOR	-0.171613934	0.22438497	0.16165974	-1.490765488	23.47483459	0.791398124019814	0.649006236830637
STIP1	0.212152709	0.224600581	0.161877677	1.489924539	26.33417305	0.790813036510025	0.648589124633922
CSTB	0.432214527	0.224731854	0.162034924	1.489318368	17.18216121	0.790391370236161	0.648335365338112
ATP6V1E1	0.402118667	0.224777122	0.16213021	1.488951296	20.47564139	0.790136054775896	0.648247893702515
GSTP1	-0.394435168	0.225163279	0.162471497	-1.487658309	23.93991468	0.789222817955109	0.647502435437146
MAP1LC3A	-0.323997098	0.226012471	0.16314724	-1.485044744	18.25556412	0.787420268875242	0.645867596529344
UNC45A	0.364414421	0.226197931	0.163344158	1.484290751	17.35944323	0.786896393442803	0.645511371821671
PABPC1	-0.239299523	0.226597076	0.163695547	-1.482947206	25.85553433	0.785963134513726	0.644745698555844
RRN3P2	0.403197758	0.226685943	0.163822924	1.482460782	18.12443583	0.785625326811818	0.644575410031457
CALU	0.289173871	0.228386686	0.165131998	1.477500183	29.98054594	0.782168764360698	0.641329217261863
PTPN3	0.446435342	0.228386686	0.165179334	1.477300774	16.65325458	0.782044289286763	0.641329217261863
TMED4	-0.509002269	0.228562407	0.165380358	-1.476539104	16.18258928	0.781516072285082	0.640995199028386
PSME1	0.193664601	0.228562407	0.165433827	1.476336647	26.9079653	0.781375683553836	0.640995199028386
SERPINB5	-0.550557547	0.228590278	0.165517709	-1.476019143	17.87059633	0.781155533552713	0.640942244197682
IL6	0.354908226	0.228638691	0.165616487	1.47564543	18.8339912	0.780896431701414	0.640850274964512
IAH1	0.306774876	0.2300776	0.166722899	1.471472344	17.30248461	0.778004746744551	0.638125661513627
ACAT2	-0.328418876	0.230535663	0.16711908	-1.469983759	21.14469584	0.776973963836886	0.637261881354334
ERH	0.3238553	0.230986475	0.167510259	1.4685169	20.71686076	0.775958589876969	0.636413448700195
TXNRD1	0.162050712	0.230988681	0.167576236	1.468269781	26.13181094	0.775787568675994	0.636409301058857
PGA4	-0.408575832	0.231249022	0.167829558	-1.467321728	19.58759807	0.775131549193732	0.635920095306342
UBXN1	-0.321076093	0.232426249	0.168748712	-1.46389194	18.43468165	0.772759533302433	0.633714826573812
LRATD2	-1.001365118	0.232861171	0.169129379	-1.470409562	19.69560584	0.771780945747366	0.632902922913619
EVA1B	-0.344539413	0.233282882	0.169500689	-1.461097698	17.42822282	0.770828532102257	0.632117128011616
PFAS	-0.288809672	0.23376228	0.169914165	-1.459565741	22.54843581	0.769770414392252	0.631225565498631
PGP	0.331095357	0.234617863	0.17060145	1.457026257	21.6484722	0.768017281935655	0.629638925268245
CCDC43	-0.38274055	0.234997339	0.170973542	-1.455654999	19.5244484	0.767071091084065	0.628937055448091
BAIAP2L1	-0.685118315	0.234997339	0.171008376	-1.455546031	19.633715	0.766982617318415	0.628937055448091
CCT6B	-0.28858888	0.235495238	0.171436333	-1.453953003	18.33056874	0.765897131367169	0.628017870408684
CDCP1	0.18541317	0.236467573	0.17221008	1.451116047	24.13474636	0.763941431510383	0.626228406015888
ZNF185	0.473030592	0.236491696	0.17229356	1.45081061	19.56391853	0.763730955336263	0.626184104163772
SBDS	-0.397068966	0.237357537	0.172990513	-1.448265447	19.65010032	0.761977713430307	0.624596973233424
INTS9	-0.467705054	0.237591394	0.17325889	-1.447287678	17.64042346	0.761304472278114	0.62416929435583
RBM3	0.501405925	0.237591394	0.173293389	1.447162083	19.64677323	0.761218004946698	0.62416929435583
TSPAN15	-0.246641433	0.237944636	0.173617352	-1.445983697	22.50371115	0.760406871894234	0.623524081081061
IGSF8	0.227295636	0.238757402	0.174276933	1.443590242	25.40138449	0.75876009156906	0.622043155459718
CD99L2	0.272809691	0.238870586	0.174426124	1.443049923	17.62593741	0.758388469750998	0.621837325027688
ENO2	0.223646906	0.240509368	0.175689815	1.438488798	23.15809489	0.755253414472309	0.618868002901498
PLXNA2	0.383189866	0.240588697	0.175814817	1.438039118	17.10871177	0.754944527042824	0.618724779929828
EIF4G2	-0.281432456	0.24117605	0.176311254	-1.436255905	21.37592057	0.753719965669429	0.617665822026405
SRRM1	-0.243728277	0.241313302	0.176478848	-1.435654857	25.4930525	0.753307339836319	0.617418737660332
GIPC1	-0.370531678	0.241751612	0.17686756	-1.434262645	17.40213835	0.752351815507065	0.616630621359249
PDLIM1	0.266179102	0.241751612	0.176934151	1.4340244	17.69187088	0.752188333515391	0.616630621359249
PSEN1	-0.854945702	0.242164586	0.177303893	-1.437189826	19.46741458	0.751281728641289	0.615889367507235
CCT2	-0.182108654	0.242847594	0.177871649	-1.430678255	24.80033488	0.749893268689908	0.614666194919789
PHGDH	-0.21569576	0.243200278	0.178197751	-1.42951779	22.46039381	0.749097781412799	0.614035932960993
FAT3	-0.137945054	0.243412033	0.178420749	-1.428725259	24.95507227	0.748554641819658	0.613657956359327
CHD1	0.306294559	0.244455451	0.179293368	1.42563194	19.47624288	0.746435774544191	0.611800274158679
SF3A3	0.201273971	0.244455451	0.179321836	1.425531237	23.14197446	0.74636682322702	0.611800274158679
DDX46	0.316367581	0.244797556	0.179659339	1.424338376	22.74672125	0.74555020250192	0.611192922396624
DSC3	-0.334503634	0.244797556	0.179709242	-1.424162158	20.97512279	0.745429587630084	0.611192922396624
TNPO2	-1.100921613	0.244864488	0.179889978	-1.431984671	19.55286221	0.744993031321143	0.611074194801541
RPRD1B	0.428079013	0.244864488	0.179894869	1.423507036	19.35137055	0.744981223518069	0.611074194801541
AK3	0.391431704	0.245198522	0.180208613	1.422401046	20.26519746	0.744224455926426	0.61048215197246
MAGOH	-0.171212021	0.245541803	0.180529342	-1.421272096	23.9519664	0.743452200777457	0.609874559481016
CAPS	-0.350555474	0.246194921	0.181078149	-1.419344213	21.24192566	0.742133953558245	0.608720910805296
SEC23B	-0.425103912	0.246264651	0.181198071	-1.418923593	21.4218448	0.741846430050568	0.608597922620489
CSNK1A1	1.422896364	0.24711901	0.18189557	1.426957353	21.07862587	0.740177877890793	0.607093844559302
LANCL1	-0.459122762	0.248776325	0.183184796	-1.411988941	20.4499814	0.737110574812897	0.604190952000058
HTRA2	-0.460862977	0.248806204	0.183276142	-1.411671615	19.4846818	0.73689406570946	0.604138794683094
DRAP1	0.332334842	0.249459494	0.183826896	1.409761134	19.8708198	0.73559094599764	0.602999962908005
PROM2	-0.678645318	0.249545958	0.18400431	-1.410750511	20.53975668	0.735172004233427	0.602849460189814
PLIN3	0.320548647	0.249545958	0.184029711	1.409058804	18.37520023	0.73511205589429	0.602849460189814
DIAPH1	0.465877686	0.249929228	0.184382014	1.407840347	18.41348443	0.734281445546606	0.602182952289463
PICALM	-0.359805769	0.250075537	0.18455965	-1.40722672	18.85527204	0.733863242084778	0.601928789938965
UBTF	-0.202885098	0.250947459	0.185273082	-1.404767185	26.21505143	0.732187673978766	0.600417197462958
NAA10	-0.384030267	0.250971863	0.185361047	-1.404464478	20.70478249	0.731981526126592	0.600374965486303
FKBP3	0.226503648	0.251217505	0.185612488	1.403599867	24.28930633	0.731392807820602	0.599950101957007
PSMA6	-0.157031815	0.251794692	0.18610912	-1.401895003	27.92265844	0.730232344394071	0.598953429348918
UQCC2	1.187600362	0.251952144	0.186295719	1.410496902	19.25156108	0.729797124899994	0.598681941640789
ERC1	0.930184823	0.252483241	0.186758786	1.409866996	23.80768523	0.728718957804064	0.597767443615708
LDLR	-0.120912587	0.253009673	0.187218696	-1.39809964	25.78728039	0.727650783994267	0.596862874673123
GCLC	-0.452344769	0.253354254	0.187544286	-1.396989499	20.64818533	0.726896163166005	0.596271799195629
MTA1	-0.730740674	0.253974798	0.188074425	-1.396753569	19.21616423	0.725670257275404	0.595209376421626
PNPO	0.164328833	0.255407755	0.189206748	1.391345974	22.54059261	0.72306337867998	0.592765920296661
PAIP1	-0.262552545	0.256775105	0.19029125	-1.387686612	21.92164709	0.720581181046049	0.590447084517608
XRN2	-0.297018048	0.256850569	0.190418761	-1.387257499	21.50651684	0.720290264998913	0.590319467847814
UBB	0.143384096	0.25699242	0.190595549	1.386662948	27.48791393	0.719887245708763	0.59007968601003
STXBP2	0.677075345	0.257154222	0.190787218	1.386036125	19.23179914	0.719450724694902	0.58980634096665
RNASE4	0.315691459	0.257672535	0.191243579	1.384487481	19.43671072	0.718413137359607	0.588931869899281
KIAA1522	-0.293540962	0.257706147	0.19134035	-1.38416314	21.8171746	0.718193435960678	0.588875222208345
RANBP3	0.18376983	0.258017996	0.191643802	1.383146967	24.16176786	0.717505221808668	0.588350002211446
RBPJ	0.26857901	0.259702826	0.192967596	1.378729497	18.59726012	0.714515613582467	0.585523324496503
PCNP	0.420239282	0.259737297	0.193065599	1.37840346	19.89752956	0.714295103203693	0.585465683338476
FAM3C	0.285499522	0.259856737	0.193226804	1.377867464	17.99253339	0.713932629360171	0.58526601925291
CYP11B2	-0.328747731	0.260019012	0.193419939	-1.377225792	22.18585173	0.713498758012451	0.584994896241401
B3GLCT	-0.443566047	0.260141015	0.193653281	-1.376451243	19.35669937	0.712975140515626	0.58479116958846
UHRF1BP1L	-0.435677348	0.260141015	0.1936557	-1.376443218	16.21481814	0.71296971560475	0.58479116958846
CDC42	0.273231632	0.260414588	0.193931934	1.375527299	19.59709181	0.712350671488259	0.584334690954664
KYAT3	0.194581423	0.261297357	0.194662162	1.373111248	23.65734068	0.710718457476331	0.582864983101304
GDPD5	0.383191439	0.2616359	0.19498729	1.372037931	18.07442471	0.709993696651658	0.582302665155908
EIF2B2	-0.289946376	0.262190348	0.195473573	-1.370435367	18.82735477	0.708911948631593	0.581383300012429
RBP1	-0.286912931	0.262376247	0.195685294	-1.369738662	19.49591659	0.708441810901174	0.581075484325953
DSG2	-0.20719939	0.262445651	0.195810203	-1.36932792	28.38309889	0.708164682343137	0.580960619551779
UCHL1	0.185916347	0.262607331	0.196004022	1.368691005	24.54863115	0.707735016834929	0.580693154223667
NT5C	0.263464779	0.265266497	0.198104548	1.361821556	18.89526452	0.703105553998904	0.576317597687582
AGMAT	-0.327426185	0.265266497	0.198136625	-1.361717118	18.23224727	0.703035238922755	0.576317597687582
VAT1	-0.474000553	0.265719127	0.198548768	-1.360376505	19.55237694	0.702132803399704	0.575577183069663
SNAP91	-0.29528964	0.265836822	0.198780256	-1.359624529	21.56666403	0.701626754426037	0.575384863559444
SSC5D	-0.481242314	0.265836822	0.198784892	-1.359609474	18.43906751	0.701616625825839	0.575384863559444
PBDC1	-0.384267833	0.266141153	0.199086637	-1.358646879	23.05387098	0.700957889505119	0.574887965963672
CD81	-0.284036568	0.266778562	0.199637804	-1.356845102	22.58569889	0.699757215984475	0.573849072728425
VNN1	0.335889637	0.269632241	0.201848439	1.349725198	19.53263307	0.694974604868022	0.56922817871233
DHX36	-0.264764268	0.270103005	0.202276135	-1.348355104	22.65904724	0.694055353260815	0.568470584092229
PRKAR2B	-0.720377033	0.270729353	0.202820652	-1.348078325	18.31718517	0.692887825507376	0.56746465462909
IGSF1	-0.427680628	0.270815502	0.202960671	-1.346167191	20.86642401	0.692588109980671	0.567326479424242
PTPN23	-0.909117554	0.271948854	0.203927988	-1.350066842	17.78655938	0.690523165591083	0.565512766973925
STRBP	0.276997335	0.271948854	0.203961641	1.342978768	24.1583256	0.690451502517577	0.565512766973925
SEPTIN2	-0.252108256	0.272600782	0.204526562	-1.341184968	23.1388054	0.689250281881972	0.564472902654692
RAC3	-0.202926766	0.27284035	0.204782348	-1.340374108	20.89640692	0.688707481761599	0.564091402026936
GRHPR	-0.223531482	0.273878036	0.205637522	-1.337669146	21.21692978	0.686897638165295	0.562442795151954
UBE3C	-0.25891732	0.273945979	0.205764887	-1.337267073	18.230395	0.686628733962283	0.562335069790059
TNIK	-0.364139757	0.274014918	0.205893038	-1.336862725	19.29385753	0.686358338225588	0.562225792549257
MKLN1	-1.355810849	0.274658375	0.206490995	-1.344149496	18.72381447	0.685098883024932	0.561207153748642
LRRN4	-0.296005753	0.274658375	0.206529625	-1.334857179	20.47663034	0.685017643517399	0.561207153748642
EHMT2	0.379707851	0.275385784	0.207153353	1.33289705	21.32908548	0.683708032785129	0.560058482705485
METTL5	-0.278101628	0.275406282	0.20724553	-1.332607784	17.16401401	0.683514827809146	0.56002615773625
MGAT2	-0.254862117	0.275879803	0.207678748	-1.331249685	21.42976582	0.682607943034243	0.559280092803596
PTPRZ1	0.53610659	0.277304132	0.208828251	1.327657289	19.13894586	0.68021074885245	0.557043659122356
MIER1	0.293954771	0.277540134	0.209083328	1.326862319	21.77645548	0.679680595811072	0.556674206363159
ESF1	-0.373287837	0.27773406	0.209306828	-1.326166416	20.83438813	0.67921660389087	0.556370857149269
PARK7	0.253155151	0.278768662	0.210164223	1.323502386	24.21009674	0.677441213503435	0.55475604938834
NOLC1	-0.207457476	0.278873994	0.210321357	-1.323015113	26.72251115	0.677116624811019	0.554591983363549
KPNA3	-0.294763113	0.279984697	0.211237061	-1.320181409	19.8302661	0.675229883601464	0.552865705050914
LMCD1	0.352894768	0.280019936	0.21134169	1.319858264	21.29279071	0.67501482405023	0.552811047991432
DYRK1B	-0.426596426	0.281553365	0.212577499	-1.316051339	19.38088722	0.672482706780256	0.550439277798382
DLD	-0.15987992	0.281927445	0.212997769	-1.3147608	25.5284193	0.671624945462969	0.549862644483549
LRRN1	0.19411968	0.281927445	0.213017086	1.314701532	21.63156051	0.671585560608595	0.549862644483549
FZD2	0.504566877	0.283307089	0.214138469	1.31126842	20.96988893	0.669305306672505	0.547742558289081
LARP1	0.474983102	0.284200633	0.214893065	1.308966445	20.13485092	0.667777599775333	0.546374959103479
RPL23A	-0.303204222	0.284455967	0.215165411	-1.308137239	20.05089845	0.667227542574368	0.545984951655418
XRCC6	-0.19546099	0.284675742	0.215410992	-1.307390254	25.30552854	0.666732139277846	0.545649538699172
ATP2B2	0.396593922	0.284795702	0.215581139	1.306873123	18.80589519	0.66638923785698	0.545466569149535
SLC9A3R2	-0.319187838	0.286616948	0.217039646	-1.30245379	20.72482252	0.663460927596866	0.542698132831697
CAPN2	-0.266470945	0.287195609	0.217557878	-1.300889326	21.65625474	0.662425185825726	0.541822204407621
THSD4	0.44662933	0.28738832	0.217783958	1.300207771	21.03347094	0.661974113600748	0.541530886384905
ATP6V1D	-0.2084194	0.288341417	0.218586581	-1.297792757	20.28110603	0.66037650284621	0.54009297161572
EIF3L	-0.296381664	0.288502399	0.218789027	-1.29837629	26.59354787	0.659974463110321	0.539850571180242
CLIC1	-0.274093364	0.288770658	0.219072947	-1.296332824	23.05269271	0.659411249522912	0.539446937543112
ASPSCR1	0.175595688	0.289389734	0.219623257	1.294684108	21.89939278	0.65832167218207	0.538516879389171
ACTR2	0.35282428	0.290071717	0.220221672	1.29289506	22.8705118	0.657139944370271	0.537494614353617
MDK	0.223381566	0.290259008	0.22044476	1.292229112	25.97749071	0.656700219950073	0.537214293332757
MED1	-0.528069789	0.29039886	0.22063191	-1.291670865	20.58902316	0.656331675328723	0.537005092850322
ERP44	-0.18553048	0.290425406	0.220733022	-1.291369417	23.16715243	0.656132690854703	0.536965394848708
HSPD1	-0.225750026	0.29305482	0.222813141	-1.28519255	27.11493359	0.652059199066133	0.533051131193511
MAPRE3	-0.263832914	0.29469136	0.224139554	-1.281278053	17.70511707	0.64948149657455	0.53063259696083
RBM8A	-0.243334557	0.294900086	0.2243805	-1.280568982	25.22801557	0.64901488854947	0.530325100797405
PPIA	-0.225503276	0.295665564	0.225045333	-1.278615645	25.23750511	0.647729989050156	0.529199254559667
PGD	-0.135745893	0.295888699	0.225297638	-1.277875568	27.43329345	0.647243361356255	0.528871621712178
PTPN14	-0.484628325	0.296028787	0.22548681	-1.277321113	16.10359035	0.64687885738582	0.528666054389178
ARF6	0.897407551	0.296385232	0.225840921	1.282522149	19.62582799	0.646197363764776	0.528143439763873
SERINC5	0.248525111	0.296507951	0.22601707	1.275768942	21.66553166	0.645858759406363	0.527963656333016
ZNF512B	-0.260923725	0.296903345	0.226463114	-1.274465552	17.29065144	0.645002525177844	0.527384909487625
BCAP31	0.273335394	0.296903345	0.226483962	1.274404683	22.44587136	0.644962546240592	0.527384909487625
IL27RA	0.32712729	0.297103584	0.226737582	1.273664552	19.89407011	0.644476489125895	0.527092109212711
PPA2	-0.297697625	0.297103584	0.226802318	-1.273475742	21.40897699	0.644352511113061	0.527092109212711
THRAP3	0.249206445	0.297189794	0.226950957	1.273042383	25.6260202	0.644067981597303	0.526966109062168
FCGRT	-0.341869346	0.297220825	0.227103072	-1.272599126	18.05738499	0.643776991083546	0.526920764676824
YY1	-0.424580423	0.297220825	0.22714033	-1.272490596	20.2157609	0.643705747588222	0.526920764676824
TEAD1	0.45966329	0.298013144	0.227828889	1.270487405	20.41324095	0.642391207658989	0.525764580753331
REEP5	-0.596735626	0.29804128	0.227933465	-1.276912546	23.24915112	0.642191907387091	0.525723580102854
CCDC9	0.345246234	0.298347443	0.228250761	1.269262475	17.32671955	0.641587765830685	0.525277679944063
SLC15A2	0.514656771	0.298645607	0.228562106	1.268359634	18.08362727	0.640995770962883	0.524843869229955
ROBO2	0.397003191	0.299042786	0.228949424	1.267237861	20.07662363	0.640260444750113	0.524266669888496
KIR2DL1	0.294322397	0.299247709	0.229189717	1.266542675	19.71387423	0.639804871653775	0.523969165808658
YBX1	-0.269789172	0.300000251	0.22984969	-1.265026238	27.67403997	0.6385560776495	0.522878381920773
WBP2	-0.270017346	0.300751412	0.230509026	-1.262736204	17.8794875	0.637312064351355	0.521792325010997
MCM7	-0.497715606	0.303727716	0.23295867	-1.255714539	19.02855762	0.632721121819794	0.517515575692393
RMDN3	0.198966582	0.303727716	0.232959497	1.255712178	21.41166203	0.632719580083232	0.517515575692393
SUMO1	0.269615485	0.30375177	0.233117518	1.255261261	20.41471979	0.632425089478694	0.517481182697357
GANAB	-0.156089336	0.30375177	0.233147262	-1.255176413	27.14527768	0.632369680382226	0.517481182697357
DPP3	0.169259663	0.304227674	0.233597336	1.253893578	27.63135529	0.631532114329745	0.51680128298901
ROCK2	-0.293134545	0.304240927	0.233692306	-1.253623141	19.81048807	0.631355585925059	0.516782364330725
ARFGAP2	-0.308218292	0.30568324	0.234885366	-1.250233226	18.89551641	0.629144040112243	0.51472837211805
PTGR1	-0.199112565	0.306128656	0.235312941	-1.249021678	23.98393598	0.628354188207122	0.514096015191379
SMTNL1	0.535480821	0.306338339	0.235559497	1.248568188	20.91648923	0.627899381718465	0.513798646764508
SEPTIN9	-0.296788066	0.306513398	0.235779537	-1.247701566	23.05137037	0.627493889459828	0.51355053729468
TIMP2	-0.176180156	0.30987714	0.238453396	-1.240176481	25.64580212	0.622596488061072	0.508810460992232
ACTN4	0.15106973	0.31057779	0.239079113	1.238425223	29.22066345	0.621458364097851	0.507829604709602
PPP5C	0.167492793	0.31073957	0.239290254	1.237835103	22.45640017	0.621074989310568	0.50760343957277
ENTPD3	-0.212502157	0.313197842	0.241270578	-1.232320335	17.62988892	0.617495635369776	0.504181238985489
SLC5A3	-0.510425465	0.31383166	0.241846304	-1.23072381	19.69404103	0.616460545301246	0.50330324599535
AFF2	-0.266389022	0.314160046	0.242186925	-1.229780666	16.60867383	0.615849306913977	0.502849048147287
DYNC1LI2	-0.208589375	0.314729442	0.242713591	-1.228324451	21.34279218	0.614905904215893	0.502062628233751
BAG6	-0.365540141	0.315040937	0.243041615	-1.227418742	17.10490925	0.614319357605475	0.501633009518157
EIF1	0.224894843	0.316744478	0.244444108	1.223557192	19.97182427	0.611820426364662	0.499290947699559
TRIL	0.302483645	0.316856204	0.244618641	1.223077871	17.63012186	0.611510450918023	0.499137785030495
IRX6	0.293168074	0.319449242	0.246709546	1.217356529	21.62253495	0.607814045909873	0.4955981380393
PSMB4	-0.108495556	0.320068482	0.247276988	-1.215810451	26.85755178	0.606816297911373	0.494757089890264
ARL3	-0.252787561	0.320704309	0.247857594	-1.214231402	18.44062592	0.605797770397033	0.493895204828808
ENSA	0.539802192	0.321155949	0.248296155	1.213053487	17.73407809	0.605030005677865	0.493284028829879
DDX18	-0.321096418	0.321571541	0.248707086	-1.211926327	16.85445621	0.604311840918811	0.492722393174689
CTNNA1	0.961433865	0.323464459	0.250351395	1.214847362	24.84829798	0.601449984296571	0.490173430940051
TYRO3	0.284906812	0.323464459	0.250298222	1.207625471	20.21953011	0.601542235403089	0.490173430940051
ETFB	0.306349994	0.32549354	0.252012557	1.20301563	17.68668904	0.598577819139316	0.487457626359056
GALNT1	0.468736183	0.325730817	0.252287052	1.202279806	19.72985746	0.598105037985195	0.48714115141387
PLXND1	0.381064602	0.326848427	0.253243765	1.199720105	19.2024747	0.596461238403727	0.485653600790962
EIF5	-0.261630608	0.326907898	0.253380954	-1.199353675	23.20746467	0.596226033034152	0.485574586864161
PPM1G	0.124719507	0.327087235	0.253611117	1.198739266	25.75848394	0.595831713148604	0.485336404444986
EIF2S2	0.206976502	0.328624637	0.25489475	1.195320668	24.87538355	0.59363910948762	0.483299880608621
RACGAP1	-0.315475455	0.329074806	0.255335635	-1.194149611	16.64561998	0.592888570217762	0.482705366061786
TAF2	-1.056547709	0.329670135	0.255889444	-1.199854327	16.61288483	0.591947629341842	0.481920394052398
AURKA	-0.423117805	0.329855872	0.256125546	-1.192055443	16.4446521	0.591547102775095	0.481675780328416
ANKRD36	-0.430750721	0.331315739	0.257368163	-1.1887713	20.68055756	0.589445177278475	0.479757932670733
RYBP	-0.24323235	0.331315739	0.25744378	-1.188571851	20.60405177	0.589317596531677	0.479757932670733
PDLIM5	-0.450327845	0.331993981	0.258063326	-1.186939446	19.08376654	0.588273709704524	0.478869789916995
PPP3CA	-0.19117649	0.332578528	0.258610394	-1.185500553	22.2693914	0.587354024056824	0.478105793216727
UPF3B	0.300249658	0.332756682	0.258841667	1.184892978	18.14464499	0.586965811884253	0.477873214811691
SCRN2	-0.699825651	0.333578973	0.259760215	-1.185165814	19.14650889	0.585427364922265	0.476801332728177
SLC16A1	-0.223621715	0.333578973	0.259623175	-1.182843013	24.06254709	0.585656543283865	0.476801332728177
EIF4G3	-0.203658346	0.333578973	0.259680958	-1.182691634	16.2177763	0.585559895340755	0.476801332728177
SCRN1	0.164834059	0.334511774	0.260579824	1.180340188	23.12063294	0.584059213583833	0.47558859151876
CPOX	-0.172817601	0.33482388	0.261084591	-1.179022485	22.06889063	0.583218759127447	0.475183575223624
SNRPD1	-0.143536604	0.33482388	0.261102443	-1.178975918	25.37168648	0.583189064690055	0.475183575223624
ALK	-0.21823446	0.33482388	0.261102903	-1.178974716	23.08032846	0.583188299567817	0.475183575223624
CCNK	-0.44278307	0.334980514	0.261318411	-1.178412765	19.12214766	0.582829991290544	0.474980455376314
PDCD4	-0.281099955	0.335952446	0.262170248	-1.17619507	19.29179276	0.581416595111859	0.473722192554792
GALNT14	-0.40578889	0.336079598	0.262363142	-1.175693663	18.18854853	0.5810971767291	0.473557850949016
LSM6	0.45906874	0.336500222	0.26278529	1.174597339	20.54681844	0.580398949046161	0.473014644921897
GALNT5	-0.339518615	0.337077392	0.263329969	-1.173184824	17.65065152	0.579499711988976	0.472270374915715
PLOD1	-0.155518726	0.340352972	0.266047834	-1.166170352	28.16107956	0.575040272486964	0.468070452735114
BOP1	-0.299659086	0.340352972	0.266078619	-1.166091218	21.61624485	0.574990022191889	0.468070452735114
FMR1	-0.417717832	0.341963604	0.267433075	-1.1626166	20.90824026	0.572784882034039	0.466020114479244
EEF1E1	-0.222487115	0.342323231	0.267834041	-1.161590611	18.32053681	0.572134226133097	0.465563627438914
MSLN	0.270455647	0.342323231	0.267905138	1.161408815	24.21902257	0.572018957225496	0.465563627438914
EIF5A	-0.176901316	0.343046201	0.268566549	-1.159719345	24.6049537	0.570948081352374	0.464647385822696
MPDZ	-0.436250241	0.343051764	0.268666515	-1.159464277	17.72088185	0.570786458080881	0.464640343154371
MET	-0.189169738	0.343168881	0.268853881	-1.158986406	26.93421795	0.570483689948555	0.464492101425704
AP1G1	-0.24075474	0.343233072	0.268999833	-1.158614337	21.89216159	0.57024798961544	0.464410872644092
ORM1	-0.263771545	0.344572194	0.270145368	-1.155699485	18.32537642	0.568402474614833	0.462719771808478
ATP6AP1	0.356773888	0.344829621	0.270443298	1.154942961	17.9451224	0.567923776572379	0.462395435178209
KHDRBS1	0.211376458	0.344953945	0.270636944	1.154451587	22.24615557	0.567612919193731	0.462238883962975
ACOT1	-0.712788663	0.346551993	0.271987294	-1.154501323	18.98131495	0.565451383739979	0.460231599207845
TRAF6	-0.31118656	0.347880099	0.273126599	-1.148158178	16.42606035	0.563636003132299	0.458570415005485
PURB	-0.826185621	0.34798077	0.273399607	-1.152436456	19.11412366	0.563202114047107	0.458444755230549
MGAT3	0.157135804	0.34798077	0.273335526	1.147632064	22.08885378	0.563303918460771	0.458444755230549
POLR2E	0.239048474	0.350430403	0.275421889	1.142395167	18.1359435	0.560001547397354	0.455398221903672
BAG5	0.482808792	0.353358264	0.277821534	1.136409521	19.24066257	0.556234095045766	0.451784747372805
UTP25	-0.317752677	0.354794112	0.279132501	-1.133156215	22.15523452	0.554189593166765	0.450023596132103
PHAX	0.229826687	0.354794112	0.279148211	1.133117302	20.64067325	0.554165151103245	0.450023596132103
RPS19	-0.264871263	0.355254016	0.279609069	-1.131976466	19.98023344	0.553448746543016	0.449461003852904
GNAI2	0.48557685	0.356548333	0.280727157	1.129214663	19.96282722	0.551715572528526	0.447881589704411
PTMS	0.304660707	0.356674313	0.280925755	1.129715573	24.71431196	0.551408443277457	0.447728166591149
ZRANB2	-0.178208513	0.357308148	0.281524564	-1.12725012	26.05211746	0.550483705451252	0.446957080100132
RAE1	-0.361198037	0.359115983	0.283049052	-1.123506109	21.24628549	0.548138295334619	0.444765265510978
EPS15L1	0.431363203	0.360613718	0.284330047	1.120371994	20.02987277	0.546177243170007	0.442957756431186
FZD7	0.295695783	0.361668419	0.285262438	1.118097551	19.30194246	0.544755410408431	0.441689412313399
PHF23	0.253158259	0.362254632	0.28582577	1.116726124	22.71988343	0.543898617867443	0.44098605267755
ITCH	0.225601076	0.362806167	0.286362058	1.115422447	21.56193202	0.543084525096109	0.44032533938673
CBX3	-0.175986921	0.365468491	0.288565283	-1.110085997	22.72819254	0.539755919633604	0.437150059950189
ZFR	0.303543356	0.365666081	0.288823209	1.109463301	20.34654104	0.539367911048249	0.436915322729287
SERPINH1	0.185263942	0.366448799	0.289543575	1.107726397	25.68331832	0.538286067660343	0.435986697326121
CUL2	-0.230850353	0.366592584	0.289759356	-1.107206757	21.21954336	0.537962532263165	0.435816324863313
PHKG2	-0.201968141	0.36669602	0.289943313	-1.106763986	17.54278259	0.53768690298988	0.435693803705659
S100A10	0.210955411	0.367235928	0.290472565	1.105491308	20.47689358	0.536894880250484	0.435054836814869
HDGFL1	-0.190790719	0.368630651	0.291732599	-1.102468401	21.13305851	0.535015038911234	0.433408556781804
KIAA0319L	-0.170929752	0.368630651	0.291781229	-1.102351931	22.7486269	0.534942650769976	0.433408556781804
SIAE	0.198214799	0.369457365	0.292538566	1.100540015	24.0856248	0.533816871814581	0.432435671514262
EPN3	0.18734994	0.370984929	0.293851496	1.09740725	18.85710086	0.531872093947741	0.430643732932348
CDK11A	0.159681006	0.371472934	0.29434157	1.096240605	25.57264611	0.531148397952404	0.430072824010176
IGFBPL1	-0.260972535	0.371515792	0.294479073	-1.095913536	17.28922981	0.530945562688592	0.430022720980952
ITGA5	0.297725539	0.373324224	0.29601656	1.092264257	19.56506015	0.528683992605087	0.427913828964122
WBP4	0.204755685	0.373940371	0.296609335	1.090861107	21.45638296	0.527815184814072	0.427197645420641
PHF14	-0.228375966	0.374284685	0.296986761	-1.089968811	21.86755547	0.527262910119813	0.426797943005979
ATP1B3	-1.522584671	0.374371007	0.297263935	-1.095246392	23.52713333	0.526857777578054	0.426697792379106
BCL2L13	-0.605123758	0.374371007	0.297260332	-1.090896692	18.43752698	0.52686304149445	0.426697792379106
H1-0	-0.184670361	0.375401504	0.298192193	-1.087124679	25.49040724	0.525503731041991	0.425503991763707
PRDX6	0.11274937	0.375401504	0.298303922	1.086861503	25.53275218	0.525341036642092	0.425503991763707
SPATS2L	-0.200255026	0.375401504	0.298396068	-1.08664451	18.6259704	0.52520690391101	0.425503991763707
IL1R1	0.249224922	0.375498089	0.298577494	1.086217417	19.88637176	0.524942931373146	0.42539226888316
ADAMTS5	-0.582417751	0.375989346	0.299072908	-1.085968311	19.80619199	0.524222926450475	0.424824461027031
CLDN7	0.251167622	0.376462618	0.299554285	1.083921324	18.15044054	0.523524463626463	0.424278141913048
HEATR5A	-1.012140467	0.376649477	0.299807945	-1.089191514	17.36614668	0.523156862401885	0.424062631274465
PDIA5	0.238288558	0.376795986	0.300029579	1.082806112	19.63347737	0.522835927402886	0.423893732384828
FADS6	0.293290274	0.376823207	0.300156278	1.082509056	17.94314936	0.522652568609144	0.423862358634778
ADAMTS15	0.264672607	0.377839548	0.301071145	1.080366856	21.47123812	0.521330865768463	0.422692586966671
ATP6V0C	0.876845565	0.378576262	0.301869199	1.08404291	17.64032598	0.520181197631937	0.421846621237563
MGAT4A	-0.730185882	0.378576262	0.301782209	-1.082408369	19.29275677	0.520306366816475	0.421846621237563
PRTG	-0.23853088	0.378829901	0.302177028	-1.077783904	20.61653003	0.519738554530574	0.421555749502966
FNBP1L	0.461438644	0.379438182	0.302767981	1.076406555	18.21220238	0.5188900552297	0.420858969183877
SSB	0.184798257	0.379704444	0.303086267	1.07566555	27.89556653	0.518433741300598	0.420554319917397
PDGFD	0.17206979	0.381295921	0.304641366	1.072053482	23.79980728	0.51621112593174	0.418737840665661
NDFIP1	-0.424416624	0.381295921	0.304647192	-1.072039976	18.67866381	0.516202820508576	0.418737840665661
NAE1	-0.195032908	0.381295921	0.30467542	-1.071974539	22.20955364	0.516162581513986	0.418737840665661
XPO6	-0.242337337	0.381834261	0.305212001	-1.070731515	20.53521542	0.515398393831154	0.418125106074146
PABPN1	-0.225695911	0.382253981	0.305654033	-1.069708749	20.26761919	0.514769869469849	0.417647982914126
MAPK1	0.163028545	0.383037775	0.306387518	1.068014061	22.81245938	0.513728931513789	0.416758394007677
PSMA5	0.145176006	0.383680607	0.307099026	1.066373044	23.58297386	0.512721560969813	0.416030151507272
RAI14	0.285324195	0.383680607	0.30711558	1.066334898	22.62092679	0.512698151201355	0.416030151507272
MANF	0.268702246	0.384410449	0.307806918	1.064743184	20.07415399	0.511721623570613	0.415204815901083
DCTN6	-0.259625123	0.384777709	0.308208232	-1.063820434	17.03965512	0.511155765797903	0.414790095518599
VPS25	0.247110299	0.38704999	0.31013621	1.059399846	21.00119975	0.508447524684571	0.41223293942793
GSR	0.142698539	0.387144881	0.310320144	1.058979181	26.51919789	0.508190031879285	0.41212647879526
LZIC	0.253974838	0.387408979	0.310654796	1.058214294	18.67725455	0.507721937205358	0.411830317832285
TTYH2	-0.176215337	0.387408979	0.310747782	-1.058001873	21.73717411	0.507591962504817	0.411830317832285
UBE2E2	0.298969211	0.388588021	0.311801815	1.05559729	20.85276076	0.506121361109363	0.410510591522611
SMPD1	0.181643563	0.389166941	0.312374802	1.05429266	22.30725892	0.505324006144676	0.40986405933656
MYO19	-0.506638049	0.390488125	0.313544116	-1.057156829	25.12947313	0.503701344825511	0.408392168765911
GALNT6	0.135219155	0.391476654	0.314446967	1.049589347	23.41523599	0.502452589905114	0.407294132306659
LRRC47	-0.208391279	0.391631875	0.314680796	-1.049060056	22.06553085	0.502129759933025	0.407121968111884
PSMD12	0.28560465	0.392030406	0.315110282	1.048088642	20.99879415	0.501537425632699	0.406680247658355
H1-10	0.198367279	0.392649201	0.315717097	1.04671781	23.4121057	0.500701899160341	0.405995281954544
GSTM3	-0.22014354	0.393800606	0.316752661	-1.044382912	21.51595443	0.49927972797487	0.404723619883392
UBAP2L	-0.239483879	0.39491174	0.317756464	-1.042125011	21.60123121	0.497905605995112	0.403499955295032
PCDHAC2	-1.391823396	0.39560614	0.318425455	-1.046028007	18.05855359	0.496992221951464	0.402736976560638
GTF2H1	-0.475825294	0.396068012	0.318907605	-1.039551525	19.00586677	0.496335123998955	0.402230231498425
FBXO17	-0.211200783	0.396721195	0.319544106	-1.038117	20.75303043	0.495469188615452	0.401514596537061
CASP14	0.554319258	0.396990998	0.31994045	1.038063927	18.66736174	0.49493084868977	0.40121934100326
ECH1	-0.253248738	0.396990998	0.32007491	-1.036930089	21.5142069	0.494748367954008	0.40121934100326
DNAI7	-0.24485056	0.396990998	0.320164301	-1.036730349	20.95343713	0.494627094474917	0.40121934100326
HMGCS1	-0.1693279	0.396990998	0.320203999	-1.036641659	23.52050914	0.494573248516694	0.40121934100326
NUP98	-0.370322477	0.398715574	0.321706127	-1.033291646	17.43246752	0.492540667736664	0.399336800279008
SF3B2	-0.22048354	0.398738874	0.321836059	-1.033011652	25.65772167	0.492365298498666	0.399311421872864
PSMB5	-0.101936368	0.399300586	0.322400724	-1.031746467	27.0153511	0.491603991591352	0.39870005244934
SAA2	-1.567454325	0.399866004	0.322968696	-1.035784252	16.96880056	0.490839569970138	0.398085517353868
B3GAT3	0.240216079	0.401142799	0.324111754	1.027950576	19.35225261	0.489305218875912	0.396700999504447
ZNF207	-0.165115435	0.401991707	0.324909685	-1.026185412	20.80056992	0.488237342889035	0.395782906222217
GNS	-0.109161671	0.402307842	0.325277327	-1.025373195	27.94079419	0.487746207551093	0.395441501845508
TM4SF1	0.865324844	0.403718758	0.326643131	1.027577746	21.15074191	0.485926470185519	0.393921071479869
SMARCC2	-0.20647434	0.403718758	0.326621905	-1.02240839	22.12784987	0.485954692527656	0.393921071479869
CYRIA	-0.42010972	0.404853395	0.327673985	-1.020094776	18.60112917	0.484558037163344	0.392702214486891
PCDH12	-0.410065856	0.405389078	0.328220533	-1.018895016	18.8785199	0.483834253600835	0.392127956255316
CGAS	-0.594131262	0.407644991	0.330160631	-1.016517569	18.94276861	0.481274714110177	0.389717889766849
TSKU	0.299256046	0.408248676	0.330829352	1.01318828	21.06799053	0.480395965727335	0.38907521505872
VIM	-0.173281623	0.408248676	0.330877132	-1.013084069	24.43557477	0.480333247314011	0.38907521505872
EIF3J	0.230021312	0.408684676	0.331396678	1.011951618	23.72908955	0.479651849367195	0.388611646245855
MMRN1	-0.207446482	0.408684676	0.331458308	-1.011817371	19.43873579	0.479571090922099	0.388611646245855
NPC2	0.529569942	0.408877427	0.331728592	1.013862704	20.9702931	0.479217094616545	0.388406864989666
ATP1A1	-0.153842811	0.409618615	0.332444093	-1.009672506	26.57896032	0.4782813793626	0.387620315196089
SLC38A2	0.231752245	0.410326066	0.333132617	1.008177167	21.9935763	0.477382843473256	0.386870893561005
KCTD21	-0.376012667	0.411572572	0.33425933	-1.005735014	16.52382657	0.475916461669671	0.385553575177716
BPNT2	0.203960803	0.411908485	0.334646944	1.004896243	23.19374653	0.475413136624912	0.385199261817011
PITHD1	-0.316935529	0.413162438	0.335780844	-1.002446606	18.57333522	0.473944083607132	0.383879168543609
AHNAK2	-0.194705832	0.415876895	0.338102816	-0.997448976	21.1689905	0.470951212055384	0.381035207196357
GRB2	0.198267194	0.416035564	0.338347763	0.996923222	18.6154806	0.470636690526656	0.380869542957916
EFNA1	0.327788952	0.416528633	0.33886485	0.995814256	20.48211035	0.469973477615097	0.380355138971522
MESD	0.147213216	0.418105445	0.340264186	0.992819305	23.65187815	0.468183759517454	0.378714176582434
DHX57	0.283152721	0.420611622	0.342421	0.988220531	16.47282946	0.465439608759917	0.376118731410193
SNX33	0.213638566	0.421053228	0.342897863	0.987206584	21.50333049	0.464835221476481	0.375662998783187
PTK7	-0.082931297	0.421355157	0.343261183	-0.986434744	29.07766412	0.464375305115016	0.375351686344764
FRY	-0.224987892	0.421666435	0.34363229	-0.985998103	26.23675599	0.463906033694302	0.375030967812369
KARS1	-0.137090308	0.422257278	0.344231477	-0.984376322	23.47712044	0.46314941970755	0.374422856219951
AOC1	-0.162292497	0.424729183	0.346364991	-0.979864837	24.19630951	0.46046601094995	0.371887897755632
CSNK2B	-0.359396536	0.425876066	0.347532499	-0.977404497	19.97658075	0.459004576753248	0.370716766350774
H3-3A	0.175919377	0.425876066	0.347537659	0.977393636	26.38293594	0.458998128599775	0.370716766350774
DPYSL2	-0.152839449	0.425883423	0.347662359	-0.977131204	23.18248612	0.458842327330868	0.370709263987619
YTHDF3	0.183063161	0.426396367	0.348199932	0.97600065	21.9819785	0.458171318032093	0.370186504259567
LACTB2	0.367588941	0.426949599	0.348770701	0.974801651	17.8619591	0.457460005759184	0.369623390005684
FAM234A	-0.164029033	0.42707902	0.348995454	-0.974329905	21.33709283	0.4571802301055	0.369491762504398
HDGF	0.137875913	0.430135235	0.351612777	0.968852201	28.96528266	0.453935351801412	0.366394980279441
CHMP5	-0.182469148	0.43161744	0.352944696	-0.966075857	18.00895805	0.45229334023165	0.364901015465628
ALAD	0.188701886	0.434419093	0.355356755	0.961066954	18.84037003	0.449335424610629	0.362091095476481
VASP	-0.293088555	0.4347454	0.355744842	-0.960263312	17.26809198	0.44886138810152	0.361765004529817
COL4A2	0.123540268	0.434749844	0.355869647	0.960005002	27.90478422	0.448709052464156	0.361760565161826
CTSO	-0.34193471	0.434950167	0.356154847	-0.959755228	22.10338276	0.448361140857444	0.361560498072171
ZNF195	0.244491313	0.437654073	0.358490892	0.954594584	22.77752835	0.445521873760168	0.358869025443506
BRCC3	-0.22112779	0.438132199	0.359107934	-0.953325054	16.66607578	0.444774999623704	0.358394828688606
RBMX	0.190296685	0.438132199	0.359126755	0.953286356	22.51676687	0.444752238661107	0.358394828688606
UFC1	-0.221900769	0.439001875	0.359961961	-0.951570492	17.60506706	0.443743390901182	0.35753362485944
CALCOCO2	0.384476528	0.439343744	0.360364726	0.95074405	19.00325488	0.443257726164919	0.357195553320129
TMEM265	-0.192613412	0.439709171	0.360890157	-0.949666893	17.72607028	0.442624962825171	0.356834476219826
ZMYND8	-0.217736165	0.439709171	0.360909562	-0.949627132	19.22659333	0.442601611515378	0.356834476219826
CZIB	-0.295239452	0.441577301	0.362565978	-0.946238771	16.65925807	0.440612951095686	0.354993259336407
PTPN1	-0.318346741	0.442390916	0.363357311	-0.944623881	20.58169088	0.439666097077948	0.354193799360632
PTPRM	0.113097222	0.443819028	0.364653984	0.941983088	24.5549093	0.438119037222979	0.352794082053871
STRN	-0.205314076	0.447072316	0.367561606	-0.936085408	18.77250397	0.434669859563328	0.34962222205923
GPN1	-0.281886067	0.447072316	0.367576179	-0.936055932	17.19854369	0.434652641094588	0.34962222205923
ACP1	-0.187721139	0.447318592	0.367903334	-0.935394421	19.21259345	0.434266276503633	0.349383050776133
AP2B1	-0.178908311	0.451216919	0.371235324	-0.928680491	22.87037291	0.430350706245237	0.345614624249494
LTB4R	0.183801435	0.453278043	0.37305743	0.925026796	20.7987952	0.428224305960224	0.343635317859236
USP34	-0.45074129	0.455072834	0.374661413	-0.922482468	16.8047851	0.426361033311638	0.341919089336578
UPK3BL2	-0.237992124	0.456894097	0.376288199	-0.918578957	20.05367952	0.42447940163641	0.34018445292457
COPS4	0.272361169	0.459991154	0.378967071	0.913261739	20.18349323	0.42139852487174	0.337250520070441
PTPRD	0.288908513	0.461766133	0.380558098	0.910116095	20.93674254	0.41957903215303	0.335577922416188
CARS1	-0.125178297	0.463147945	0.381825982	-0.907615863	28.54572849	0.418134522628297	0.33428025858473
NCK1	-0.3114024	0.463766519	0.382465197	-0.906357525	16.92353464	0.41740807799671	0.333700607872257
CDK5RAP3	-0.423956058	0.464717136	0.383508205	-0.904945501	16.8948634	0.416225340064139	0.332811313032148
COL6A1	-0.083325996	0.464717136	0.383381211	-0.904556824	28.5152207	0.416369175127679	0.332811313032148
TTC13	-0.276254388	0.467515791	0.386207856	-0.899018856	19.60935791	0.413178896318537	0.330203715639925
LRWD1	-0.210924084	0.467515791	0.386335497	-0.898769441	17.52666245	0.41303538648895	0.330203715639925
UBE3A	-0.376703435	0.467515791	0.386345629	-0.898749645	19.87231159	0.413023996870276	0.330203715639925
ENTPD7	0.258144603	0.467515791	0.386436594	0.898571934	16.60877766	0.4129217543586	0.330203715639925
TMF1	0.3053059	0.467515791	0.386469296	0.898508055	20.34588915	0.412885003964175	0.330203715639925
PARD3	0.197291106	0.467887783	0.386907205	0.897653003	19.24354112	0.412393182755863	0.329858294506376
INHBB	-0.123522346	0.46857508	0.38770049	-0.896105744	25.25108973	0.411503650104057	0.32922081199657
TWF1	0.1347739	0.46857508	0.387736737	0.896035099	23.42601597	0.411463048823776	0.32922081199657
GLUD1	0.290748595	0.469094302	0.388297123	0.895569205	22.91233839	0.410835827249093	0.328739842313953
UBA3	0.312516419	0.469203556	0.388518329	0.894512872	20.34068232	0.410588487813419	0.328638705112933
AP1S1	0.321863668	0.470353573	0.389601677	0.892406419	21.12895016	0.409379182413857	0.327575552546264
ACACB	0.218011386	0.470858791	0.39015139	0.8913391	19.43688896	0.408766841476232	0.327109316829388
LPAR2	-0.358811244	0.470986044	0.390388098	-0.890879827	18.23852627	0.408503431404213	0.326991961456214
GCN1	-0.716155761	0.471135725	0.390643473	-0.894375264	22.87222873	0.40821942762924	0.326853963089057
CHRD	-0.391961796	0.472099601	0.391574251	-0.888588156	17.91739445	0.407185874111695	0.325966366617191
SNRPB2	0.31801426	0.473657577	0.392998497	0.885827594	20.72767591	0.405609110555501	0.324535510986324
CBS	-0.131678855	0.474316872	0.393677716	-0.884516781	23.98380226	0.404859167612957	0.323931426716092
PAM	-0.085601313	0.474642854	0.394080564	-0.883740061	26.14949443	0.404414983951195	0.323633053275177
FNBP4	-0.195554943	0.474774492	0.394322181	-0.883274467	22.90523015	0.404148792759486	0.323512622238992
ATRX	-0.178151859	0.47777975	0.396951347	-0.878220607	22.89009192	0.401262719998284	0.320772261136217
RBBP6	0.167709566	0.479078477	0.398291428	0.87565343	23.46695594	0.399799040345277	0.319593339745275
DIP2B	-0.127166157	0.479078477	0.398297407	-0.875641988	24.23051921	0.399792520930007	0.319593339745275
NFASC	0.124062537	0.480470951	0.399588996	0.87317328	24.69005706	0.398386480011322	0.318332864398703
ITGB8	-0.215856097	0.481545591	0.400616943	-0.871212357	21.23403152	0.397270687354459	0.31736258915751
SELENBP1	0.130453632	0.482134456	0.401241217	0.870023148	25.17772722	0.396594461004971	0.316831830317556
SLC52A2	-0.156936758	0.483404969	0.402601669	-0.867435893	21.06220771	0.395124429059913	0.315688889720281
AHSG	-0.360943315	0.483404969	0.40265649	-0.86733176	18.69557696	0.395065296575347	0.315688889720281
ELFN2	-0.152344456	0.483404969	0.402702746	-0.867243905	19.72083827	0.39501540896078	0.315688889720281
CHMP4A	0.220622116	0.483436662	0.402863885	0.866937901	19.28632298	0.394841663483349	0.315660417435724
MCM5	-0.310051673	0.484191118	0.403627546	-0.865488827	20.54652483	0.394019202525383	0.314983181517516
AIDA	-0.197108704	0.485930945	0.405344431	-0.862237722	18.30476406	0.392175789348528	0.313425443363799
NCL	0.120519815	0.485930945	0.405348751	0.862229554	32.76620033	0.392171160835045	0.313425443363799
CARHSP1	-0.460273225	0.486180359	0.405810034	-0.86194047	19.14942213	0.391677218867589	0.313202590022128
MUC1	-0.130803426	0.486180359	0.405827808	-0.861324074	21.42424507	0.391658197698976	0.313202590022128
ACVR2A	-0.205554816	0.486439717	0.406179875	-0.860659078	18.18606717	0.391281598392979	0.312970972860018
CD14	-0.189133998	0.486764686	0.406586891	-0.85989078	18.76636461	0.390846627808508	0.312680936669676
BICD2	0.313892781	0.487851988	0.407631064	0.857922119	18.08408686	0.389732727487675	0.311711920917607
CDH1	0.079210964	0.487933048	0.407834786	0.857538424	27.33885488	0.389515734115646	0.311639765864014
NUP210	0.334822017	0.490183444	0.409852378	0.853745354	20.54232712	0.387372540754787	0.309641361180362
IGSF9	-0.099300291	0.490826368	0.410526736	-0.852480355	24.96129607	0.386658553723199	0.309072114304248
KNL1	-0.15026912	0.490889158	0.410716068	-0.852125447	17.03673207	0.386458306381234	0.309016559818588
FARSA	-0.291752864	0.49217947	0.411932818	-0.849847221	19.98262761	0.38517360714883	0.307876505732091
POMGNT1	0.403413229	0.492516841	0.41235245	0.849630204	20.53459758	0.384731420724181	0.307578914753532
YIPF3	0.239060529	0.492553214	0.41252018	0.848749062	18.04200101	0.384554801421262	0.307546842733644
ETV2	-0.350728951	0.49458224	0.414357362	-0.845320919	19.64339491	0.382624940523498	0.30576148281597
CIAPIN1	0.195577603	0.495223503	0.415032629	0.844063434	16.67403437	0.381917758618982	0.305198752152336
NEK5	-0.140919727	0.495485724	0.415396315	-0.843386742	22.91733043	0.381537360430347	0.304968853948313
CAPG	-0.172236592	0.495485724	0.415528579	-0.843140743	21.21732282	0.381399101181517	0.304968853948313
IPO5	0.114609212	0.496590084	0.416705034	0.840954936	24.06696857	0.380171253021924	0.3040019567651
SART1	-0.32906786	0.496590084	0.416731534	-0.840905747	20.37507837	0.380143635314192	0.3040019567651
TBC1D22A	-0.423905408	0.496723776	0.416982166	-0.84066871	19.31377018	0.379882519063212	0.303885051725186
MANEAL	-0.225072631	0.497330016	0.417629693	-0.839239836	17.88059354	0.379208631060362	0.303355328441658
PXT1	0.380599181	0.497388075	0.417817073	0.838898787	20.24232182	0.379013817686979	0.303304631257035
GINM1	0.133766852	0.500978586	0.420972809	0.833059826	22.01553184	0.37574595471688	0.300180837367871
ALDH9A1	0.143091358	0.501647709	0.421674885	0.831766119	22.48307532	0.375022264839362	0.299601166814234
MXRA5	0.196614962	0.502469749	0.422505917	0.830236628	22.96998164	0.3741672045783	0.298890079654426
FXR2	-0.258241659	0.503844965	0.423802705	-0.827853893	17.17243573	0.37283627565065	0.297703077052326
PSMD2	-0.129164559	0.50549236	0.425329274	-0.825055112	24.42697421	0.371274725211822	0.296285403940272
FBXW2	-0.204628475	0.506383527	0.426220248	-0.823424673	17.57573072	0.370365922557546	0.295520430655321
NECTIN3	-0.324451806	0.507208855	0.427056285	-0.82369446	22.72813814	0.369514882225573	0.294813173020512
DPYSL5	-0.235577348	0.508027252	0.427886944	-0.820380714	18.20762541	0.368670964825394	0.294112990322826
PLK1	0.633548974	0.508492728	0.428420713	0.822194106	18.60900693	0.368129540351515	0.29371525358107
PRDX3	0.154912638	0.508727611	0.428885195	0.818561293	19.29543615	0.367658945229287	0.293514690559087
RALA	0.158188805	0.508727611	0.428902181	0.818530359	18.85826429	0.367641745335054	0.293514690559087
BSG	-0.086681973	0.508847159	0.429144789	-0.81808861	26.11520019	0.367396156638498	0.293412645896637
RHOA	0.150966098	0.509495198	0.429833323	0.816835796	22.14195197	0.366699918686287	0.292859904870371
NIBAN2	-0.108678236	0.509994553	0.430396741	-0.815811613	22.88167342	0.366131025843236	0.292434462362212
ERO1A	0.142604399	0.514003591	0.433923322	0.809420824	22.19227529	0.362587007294822	0.289033846868466
GRID2	-0.221005422	0.514149427	0.434189734	-0.808939418	19.26689051	0.36232044923687	0.288910643863896
DCAF7	-0.914268495	0.515032588	0.43507909	-0.810669949	18.17245291	0.361431788497292	0.288165290685377
NUDT21	0.118876811	0.515312206	0.435458921	0.806648636	21.37234938	0.361052807876712	0.287929570452443
RNPEP	0.083996061	0.516330039	0.436462935	0.804839548	25.29530715	0.360052631244658	0.287072607874632
HSPA9	-0.127693515	0.517789854	0.437845836	-0.802352182	24.31059749	0.358678776162589	0.285846463740822
LPL	-0.155935219	0.517789854	0.438010787	-0.802055833	17.81569764	0.358515193886563	0.285846463740822
LRP11	0.400265635	0.517789854	0.438129877	0.801930039	19.2618894	0.358397130355686	0.285846463740822
CYTH2	0.799527108	0.51811915	0.438552915	0.804372681	17.27293593	0.357977997951191	0.285570355627122
B4GALNT1	-0.182439751	0.51861853	0.439120149	-0.800064638	20.64445178	0.357416634863837	0.285151970148654
TOMM70	0.205781781	0.519688576	0.44017101	0.798181451	16.9778106	0.356378563808162	0.284256829905431
TGS1	-0.126983741	0.520114678	0.440676873	-0.79727596	22.13455424	0.355879740940125	0.283900889958186
MAD2L1	-0.165173442	0.520681778	0.441302477	-0.796157064	18.92111071	0.355263634881353	0.283427620811965
GCNT1	-0.210814305	0.522047339	0.442605352	-0.793830149	22.94123178	0.353983338872353	0.282290113598681
GRN	0.073692392	0.523644497	0.444105408	0.791156539	26.69686631	0.352513938264608	0.28096345612344
RSU1	-0.235054657	0.525049113	0.445443004	-0.788777387	17.72474107	0.351207857579616	0.279800070865892
POGLUT1	-0.190112647	0.525606754	0.446062588	-0.787676905	20.60925328	0.35060420022062	0.279339062766988
FTSJ3	0.233494356	0.526078253	0.446609353	0.786706575	19.76940933	0.350072186070323	0.278949650678236
GTF2F1	-0.190980602	0.529032314	0.449264621	-0.782005147	22.79734914	0.347497780181607	0.27651779986788
PNN	-0.123088562	0.530194718	0.450514702	-0.779797906	25.4766775	0.346291031780837	0.275564603187007
CTSV	-0.077864949	0.530194718	0.450547295	-0.77974041	30.35296434	0.346259613387648	0.275564603187007
SON	-0.149531967	0.531011451	0.451456933	-0.778136815	24.15268571	0.345383673152362	0.274896113471279
SLIT2	0.091322316	0.531011451	0.451537329	0.777995185	24.16908137	0.345306340348094	0.274896113471279
RPAP3	-0.327419694	0.531695326	0.452267039	-0.77671042	19.97648472	0.34460506226963	0.274337157442697
TGFB1	-0.236804521	0.532194788	0.452840214	-0.775702184	21.04911502	0.344055013041507	0.27392938298629
PPCS	-0.150388394	0.533300132	0.453929376	-0.773788546	21.35558429	0.343011711018155	0.273028308822534
SHMT1	-0.11470431	0.533655966	0.454380986	-0.772995934	22.74757308	0.342579850378137	0.272738631020996
ANP32E	0.159585063	0.534485308	0.455236093	0.77149652	25.68750262	0.341763312585459	0.272064228232983
SMARCE1	-0.230745527	0.534607128	0.455488849	-0.77105366	19.57230417	0.341522250693281	0.271965255024993
SLC16A5	-0.379605227	0.534829471	0.456118733	-0.770427523	17.64735328	0.340922090724508	0.271784669585012
COL9A3	0.338790401	0.534829471	0.456045392	0.770084405	16.93745446	0.340991928138177	0.271784669585012
ERBB3	-0.08728603	0.534829471	0.456125468	-0.769938914	22.72680427	0.340915678026389	0.271784669585012
GGT1	0.194622143	0.53527361	0.456653434	0.769015173	21.0665274	0.340413272141456	0.271424167627026
ADD3	-0.236222341	0.5364422	0.457799893	-0.767011632	19.15596755	0.339324313167625	0.270477065074263
ZNF638	0.50128124	0.536891556	0.458333009	0.768019547	18.76945707	0.338818863876058	0.270113426380295
ENPP2	-0.21124363	0.537282261	0.45881629	-0.76523804	18.49217962	0.338361171129275	0.269797497933057
CAT	0.078235978	0.537737532	0.459376969	0.76426073	26.16455728	0.337830782077303	0.269429650389823
DMD	-0.262064149	0.537737532	0.459504814	-0.76403799	19.27671271	0.337709934369961	0.269429650389823
ALDH7A1	-0.133784631	0.537881746	0.459777959	-0.763562233	22.18180464	0.337451851931707	0.269313194044963
DNM1L	-0.132344813	0.538042226	0.460065092	-0.763062303	21.26124323	0.337180718108633	0.269183639205055
NBEA	-0.155656205	0.538467577	0.460578873	-0.762168247	23.57852216	0.33669598723578	0.268840441955443
TSC22D2	0.230138443	0.540213823	0.462223087	0.759311285	19.10240055	0.33514836628595	0.267434307272194
PDS5B	0.209945571	0.541129939	0.46315776	0.757690064	21.84088381	0.334271055142892	0.266698437269048
GSTT1	-0.223034236	0.542118145	0.464154666	-0.755963162	19.22690911	0.333337279363707	0.265906056394938
HNRNPM	-0.538542628	0.542921285	0.46499362	-0.757474387	21.25598971	0.33255300585801	0.265263131678558
ULBP2	-0.186387248	0.543554737	0.465687642	-0.753312184	20.24008331	0.331905286830892	0.26475671509181
PSMD11	0.134795046	0.543584217	0.4658644	0.753006869	23.1546409	0.331740475802645	0.26473316152254
YTHDC2	0.162003023	0.548575496	0.470294934	0.745377518	19.57075589	0.327629699433158	0.260763595546037
CFDP1	-0.127012181	0.549665217	0.47138235	-0.743511855	22.54775716	0.326626682823808	0.2599017444658
SFTPD	-0.657195718	0.553657396	0.474960275	-0.740240471	20.32356453	0.323342712627248	0.256758894212431
CLMN	0.232153664	0.557016021	0.478088532	0.732064773	21.05746746	0.32049167368311	0.254132313386716
ANKRD50	0.140680233	0.557016021	0.478151992	0.731956926	21.15475149	0.320434030596104	0.254132313386716
G3BP2	-0.259417037	0.55781181	0.478990576	-0.732319378	24.15499337	0.319673031118755	0.253512295083352
SSC4D	-0.123700593	0.557903236	0.479224575	-0.730135462	19.15019564	0.319460919096972	0.253441119548821
BMP1	-0.112042769	0.558574126	0.47995653	-0.728893893	26.67974641	0.318798095199485	0.252919185347647
CRISPLD2	0.35027993	0.558900969	0.480393141	0.728158696	18.78102883	0.318403202033322	0.252665137421153
SEMA4G	-0.150655571	0.559823141	0.481341803	-0.726547328	21.31224656	0.317546419594488	0.251949153385241
GALNT3	0.088744924	0.562098745	0.483455052	0.722975589	23.84906725	0.315643897125523	0.250187384356917
TYMS	-0.166497471	0.565454957	0.486521	-0.71781058	16.51091198	0.31289840927582	0.247601984382132
TRNT1	-0.120785469	0.565454957	0.486760621	-0.717407744	20.31630514	0.312684563503116	0.247601984382132
GNAI3	0.097700336	0.565454957	0.486814482	0.717317214	22.91383673	0.312636510640956	0.247601984382132
CWC27	-0.273617604	0.566153701	0.487573839	-0.716041513	18.97864167	0.311959604699966	0.247065649316321
ARHGAP12	-0.733234671	0.566290055	0.487849097	-0.71828674	17.9463096	0.311714494544646	0.246961065243588
TOR1B	-0.117728268	0.566366455	0.488072765	-0.715203989	22.51063724	0.311515425779694	0.246902477140002
RTCA	-0.138348394	0.568224053	0.489887018	-0.712162866	17.3977572	0.309904069189652	0.245480386480598
ILF2	-0.087254654	0.568224053	0.489990306	-0.711989936	25.93753364	0.309812511996697	0.245480386480598
DNAJC8	0.15506833	0.569742796	0.491458738	0.709533808	22.03083595	0.308512938892173	0.244321157463475
DCTN4	-0.415600813	0.570352723	0.492143821	-0.709359141	19.1958219	0.307907963209799	0.243856480686276
PM20D1	-0.102817395	0.570518212	0.492445625	-0.707885619	16.25206486	0.307641716569732	0.243730487538734
DYNLT1	-0.419961977	0.570563093	0.492643384	-0.708927829	18.1509751	0.3074673452331	0.243696324205119
LTBP1	0.095693282	0.571099188	0.493265436	0.706517981	23.69672125	0.30691931527044	0.243288457323181
DDB1	-0.071194891	0.571746158	0.493983581	-0.705321074	28.86748724	0.30628748589336	0.242796745068403
CBR1	-0.091630404	0.571792219	0.49418274	-0.704989328	24.06797273	0.306112426990716	0.242761758856232
SART3	-0.136633913	0.572813697	0.495225219	-0.703254153	21.21686759	0.305197247280223	0.241986605818221
PCYOX1L	-0.204297021	0.573532594	0.496006589	-0.70195503	17.25774095	0.304512554261144	0.241441895997921
ANGPT1	-0.312540002	0.576260788	0.498526612	-0.697773546	19.51410288	0.302311653528311	0.239380931233505
GDI2	-0.064820244	0.578970753	0.501032383	-0.693628267	27.590256	0.300134203666268	0.237343374323559
PDGFRL	0.183326534	0.582183182	0.503974627	0.688776715	22.58173084	0.29759132790224	0.234940344534607
CASC3	0.196544186	0.582298654	0.504236878	0.688345102	19.31789765	0.297365394823362	0.234854213774936
PLXDC2	-0.061694733	0.582495046	0.504569287	-0.687798215	28.36661207	0.297079188404987	0.234707763871063
LUC7L3	-0.128212133	0.587884614	0.509401691	-0.679871865	23.94801551	0.292939617694449	0.230707905931582
TRHR	0.205792198	0.589026635	0.510555417	0.677986053	18.21607543	0.291957111576889	0.229865066550777
RPS18	0.126741293	0.589446722	0.511083821	0.677123193	23.22732192	0.291507866964225	0.229555443133899
USP8	-0.730522713	0.593789584	0.515027261	-0.673133086	20.81266745	0.288169782631563	0.226367424879076
PSMD4	-0.190316175	0.593789584	0.515180316	-0.670451549	20.91392692	0.288040738846795	0.226367424879076
SUOX	-0.127051113	0.594636635	0.516080959	-0.668988919	21.61730135	0.287282164091799	0.225748337835045
FABP5	-0.144909851	0.59519857	0.516734544	-0.667928443	21.56559359	0.286732504649197	0.225338120879273
TOR1A	-0.119169508	0.595239575	0.516936042	-0.667601661	19.94770126	0.286563186741136	0.225308202071123
SKIV2L	0.442176912	0.595652452	0.517958654	0.667752287	16.9642154	0.285704906386642	0.225007066105941
RERE	0.194484242	0.595652452	0.517663557	0.666422419	17.1236008	0.285952407841967	0.225007066105941
NAF1	0.163821933	0.595652452	0.517709421	0.66634811	20.2065115	0.28591393188682	0.225007066105941
RAP2B	-0.189337199	0.595652452	0.517807633	-0.666188998	21.0040544	0.285831551920947	0.225007066105941
FZD1	0.146003479	0.597768413	0.519965222	0.662697965	16.91622311	0.284025703285574	0.223467037477125
HSP90B1	-0.086169767	0.597971159	0.520308238	-0.662143734	30.16481044	0.283739297898661	0.22331976214739
INPP1	-0.095837495	0.59835663	0.520810411	-0.661332727	27.45385598	0.283320342806495	0.223039892473599
RHBDF2	0.379497546	0.599218444	0.521727541	0.660676736	19.6159252	0.282556237096632	0.222414827477904
RPS17	0.20450389	0.599796405	0.522397928	0.658771878	21.04740607	0.281998554282659	0.221996141599735
PRSS8	0.109814124	0.600974285	0.523591308	0.656849787	21.87374562	0.281007571668588	0.221144110562201
YTHDF2	0.28610847	0.601893141	0.524559602	0.65529616	17.9614796	0.280205158854408	0.220480605741208
TPH1	-0.126903536	0.602715457	0.525444244	-0.653870413	18.08663707	0.279473361096852	0.219887670646361
LAD1	-0.18961479	0.603737956	0.52650392	-0.652173305	22.88584684	0.278598390996953	0.219151519917306
BOD1L1	-0.140634491	0.604041552	0.526937028	-0.651474543	23.07800326	0.278241282370365	0.218933185247059
LASP1	-0.231736254	0.605036085	0.527973239	-0.649817772	21.86117199	0.277388089680519	0.218218722787139
PRRT3	0.198694413	0.606640485	0.529542363	0.647302404	19.80718088	0.276099290927217	0.217068609809408
RTRAF	-0.332999893	0.607125789	0.53026253	-0.64650744	18.32175302	0.27550906039638	0.216721319124222
IMP4	0.17779618	0.607125789	0.530304586	0.646084024	17.19946271	0.27547461714717	0.216721319124222
PDAP1	-0.156335981	0.607125789	0.53047362	-0.645813965	22.76589371	0.275336208319273	0.216721319124222
PCDH18	0.193533484	0.608736767	0.532050864	0.643296446	18.27137156	0.27404684721887	0.215570466568018
UBLCP1	0.227708399	0.609113134	0.532549582	0.642505251	21.71673918	0.273639951858112	0.215302035924242
GBP2	0.189004155	0.611638317	0.534927825	0.638715337	20.79500062	0.271704811097946	0.213505315378085
RAP1A	-0.200248429	0.611653241	0.53511135	-0.63842358	18.24009959	0.271555837308135	0.213494718704208
MYH11	-0.214066545	0.612885371	0.536360107	-0.637381731	23.60222687	0.270543531256783	0.212620744726857
UBE2N	0.119751719	0.613061218	0.536684862	0.635924427	21.82233299	0.270280654466245	0.212496156293775
GPATCH1	-0.199660914	0.61979093	0.542748914	-0.626331714	18.07377154	0.265401036863463	0.207754783501338
CDK4	-0.122884722	0.620833948	0.543835312	-0.624619534	18.18553666	0.264532596474803	0.20702454331886
SH3GLB1	-0.200334166	0.621648879	0.544722429	-0.623222846	16.65782337	0.263824742240375	0.206454845163696
UTP4	-0.588602318	0.623555889	0.546567244	-0.622470938	19.08448415	0.262356399310607	0.205124614845406
RAMAC	0.119020072	0.624835917	0.547863376	0.618287912	16.24511782	0.261327730652584	0.204234014171445
SLBP	-0.392847098	0.631108063	0.553817697	-0.610306677	18.82648823	0.256633170680281	0.199896271268674
YTHDC1	-0.075366013	0.631108063	0.553561151	-0.609375849	23.98851672	0.25683439633011	0.199896271268674
CLN5	0.078508581	0.631108063	0.553890549	0.608862184	25.09967322	0.256576045129839	0.199896271268674
PPA1	-0.063623781	0.635180423	0.557641676	-0.603024515	26.20057958	0.253644776193294	0.197102895836147
CNP	0.187559012	0.637267774	0.559651827	0.599905107	16.88652966	0.252082074133949	0.19567804280656
ANKRD17	-0.388967766	0.639431233	0.561730002	-0.597976422	19.69494992	0.250472379835658	0.194206154444885
SPINT1	0.072472988	0.639973708	0.56244005	0.595588397	28.0057941	0.249923761824095	0.19383786774278
DDX39B	0.067428892	0.639973708	0.562563288	0.595397872	25.99324452	0.249828612624502	0.19383786774278
ANKRD40	-0.176772815	0.640585831	0.563279904	-0.594290428	17.86926817	0.249275742706762	0.193422671645609
TP53I3	0.169844451	0.640824561	0.563668426	0.593690336	20.22418958	0.248976291591052	0.193260851320893
LRP5	0.202085775	0.642052835	0.564927759	0.591746773	19.57562504	0.248007084700158	0.192429232048271
OR2D3	-0.303331297	0.642466412	0.565649775	-0.591393507	20.8420165	0.247452381289124	0.192149572221347
MYO18A	-0.184346687	0.642466412	0.56563097	-0.590662511	19.11497414	0.247466819628623	0.192149572221347
UBFD1	-0.230187792	0.643231668	0.566502807	-0.589319264	16.44106776	0.246797933882507	0.191632582264746
MOCS1	0.398925407	0.643492107	0.566911524	0.590087728	18.63382636	0.246484714717019	0.191456775732972
MGAM2	0.126174353	0.644487331	0.567967932	0.587064449	19.1643137	0.245676184268916	0.190785615363905
UCKL1	0.123950574	0.644525243	0.568180977	0.586736837	17.55498082	0.24551331077892	0.19076006872032
STAU1	-0.08557676	0.648915014	0.572231634	-0.580520425	23.8730246	0.242428137282434	0.187812177417886
QSER1	0.127583132	0.649886346	0.57326931	0.578931742	19.7154559	0.241641307578916	0.187162587389211
EFHD2	0.118392335	0.650934171	0.574375024	0.577240586	22.31075246	0.240804453123015	0.186462929430291
FLVCR1	0.169709922	0.65211155	0.575595674	0.575375655	21.40599846	0.239882478746879	0.185678107633602
BAG2	-0.181727187	0.652600541	0.576209173	-0.574439136	19.16916914	0.239419832220874	0.185352570521761
MTCL1	0.101137845	0.652892373	0.57664881	0.573768349	16.31073029	0.239088599865786	0.185158404735038
ARPC5	0.084952266	0.653480761	0.577350616	0.572698112	23.18334992	0.238560366482172	0.184767193874609
ROR1	-0.114521054	0.654849185	0.578742131	-0.570578131	21.58146982	0.237514900918286	0.183858708655514
SETDB2	-0.246301193	0.657615801	0.581370491	-0.566584412	16.81830224	0.235547015773547	0.182027760241933
RPLP0	0.057859532	0.657963414	0.581861179	0.565836024	24.30444104	0.235180617387272	0.181798254622614
TLR3	-0.131504258	0.659373349	0.583291808	-0.563665427	16.15490241	0.234114122944884	0.180868610447559
SPTBN2	-0.469101101	0.659627452	0.583700434	-0.564806956	18.2257787	0.233809983777839	0.180701278430753
GOLGA5	0.146196259	0.659929543	0.58415168	0.562362149	19.39896326	0.233474369952793	0.18050242918495
ZYX	0.125072238	0.662129314	0.586283398	0.559135513	20.99694643	0.231892403715721	0.179057184469347
LMAN1	-0.1269488	0.663121217	0.587393425	-0.557457773	23.31322465	0.231070919069943	0.178407076327759
CD47	-0.084213691	0.663121217	0.587531312	-0.55724948	27.48578181	0.230968983070784	0.178407076327759
EIF1AD	0.289438402	0.663718193	0.588248611	0.556449432	18.01578672	0.230439089627075	0.178016277866138
HSPBP1	0.13690482	0.663718193	0.588430204	0.555892236	20.02884948	0.230305043126921	0.178016277866138
UBR7	0.094574282	0.663892538	0.588769804	0.555379754	20.27506603	0.230054471585732	0.177902212696108
RNH1	0.243173908	0.664386892	0.589393388	0.554442266	20.41402355	0.229594740510561	0.177578944535251
SLC2A12	-0.180002569	0.664651335	0.589813225	-0.553806112	18.68111609	0.229285493771113	0.177406118600135
API5	-0.059276389	0.66578106	0.591001304	-0.552016064	26.62752745	0.228411560879524	0.176668563721985
ANXA6	-0.294169767	0.666201259	0.59155998	-0.551454326	19.46996788	0.228001214413247	0.176394550905971
MICAL3	0.195138717	0.671804357	0.596900923	0.543154715	21.38849942	0.224097749549443	0.172757183860056
GOT1	-0.05392742	0.671804357	0.596909779	-0.543141447	26.85824268	0.224091306129351	0.172757183860056
EPHB4	-0.072174339	0.674449815	0.599448289	-0.539342451	22.35432399	0.222248275068184	0.171050360120211
LRRC59	-0.081847061	0.674789574	0.599938333	-0.538610026	22.68780824	0.22189338797335	0.170831636203316
SNRPD3	0.058277588	0.675326457	0.600695516	0.537478933	25.28793829	0.22134560991002	0.170486235761777
ACY1	0.076805562	0.675326457	0.600792099	0.537334708	23.12853147	0.221275787360853	0.170486235761777
GLB1L	0.116139566	0.677504683	0.602918744	0.534162027	17.97841356	0.219741214245064	0.16908769854355
POR	0.222650716	0.678094214	0.603632363	0.533098673	20.05750758	0.219227484112587	0.168709961328038
CCDC124	0.241792505	0.678515312	0.604196327	0.532261737	17.71790537	0.21882191919594	0.168440347205317
LZTFL1	0.544377046	0.682100313	0.607579211	0.528912642	19.30027917	0.216397094424859	0.16615175118115
SRGAP2	-0.105078455	0.682100313	0.607768868	-0.526947418	17.80717033	0.216261549734995	0.16615175118115
TRA2A	0.151500076	0.682962314	0.60872728	0.525525213	22.03296619	0.215577234984318	0.165603260115538
TOP1	0.05934653	0.683798595	0.60966324	0.524137407	27.14110135	0.214909990227292	0.165071795882761
TTF1	0.346111311	0.684367004	0.610360762	0.524165216	19.03565799	0.214413393458513	0.164710937655443
MMP15	0.110674386	0.684578518	0.6107402	0.522541856	21.80171483	0.214143493032494	0.164576733098285
BCAM	0.062158693	0.684660777	0.611004405	0.522150641	28.65282417	0.213955658725864	0.164524551379633
HNRNPL	0.093344805	0.684977579	0.611483012	0.521442174	23.11581296	0.213615603872407	0.164323643800918
LAMC2	-0.054805656	0.684977579	0.611668942	-0.521167023	27.70043467	0.213483570606421	0.164323643800918
PDCD10	0.123979893	0.686966209	0.613806551	0.518006639	20.03597413	0.211968480765766	0.163064624812008
AFF4	0.147472973	0.686966209	0.613827666	0.517975447	19.89040884	0.211953541253883	0.163064624812008
PSME2	0.120249612	0.687235768	0.614498802	0.516984344	24.31188292	0.211478959458237	0.162894245217584
SFT2D2	0.09848837	0.687235768	0.614804016	0.516533794	19.6828113	0.211263304280713	0.162894245217584
ARL6IP4	0.092866691	0.687235768	0.614813999	0.516519059	22.97194281	0.211256252396697	0.162894245217584
MAPT	0.192652653	0.687235768	0.614865496	0.516443053	17.8023333	0.211219877287511	0.162894245217584
DDAH1	0.084034107	0.687235768	0.615216673	0.515924816	23.32145352	0.210971903223243	0.162894245217584
PGM3	0.060968898	0.687235768	0.615369199	0.515699779	25.5356357	0.210864245233674	0.162894245217584
FNTB	0.121028268	0.687235768	0.615409287	0.515640637	17.54863191	0.210835954200974	0.162894245217584
DGCR2	0.140014658	0.689296652	0.61744689	0.512637081	18.38635814	0.20940039251671	0.161593830923275
PIGR	0.945332976	0.692799438	0.620777646	0.509333277	19.92040868	0.207063930270553	0.159392473290938
CPSF6	0.158904941	0.693029565	0.621177001	0.507151306	21.9219099	0.206784632344148	0.159248237765574
RPIA	-0.130417228	0.696192641	0.624206166	-0.502708276	20.31847109	0.204671945624949	0.157270571672218
CD9	-0.060543405	0.697655613	0.625712308	-0.500503059	26.34400668	0.203625302200182	0.156358907295168
COL26A1	0.07201702	0.698384318	0.626560512	0.499262297	25.73107412	0.203036979324881	0.155905521138869
TLN1	-0.05234363	0.699038271	0.627342039	-0.498119794	25.56789859	0.202495608853566	0.155499046816367
GOLGA7	0.117485841	0.702684173	0.630809844	0.493058537	20.54777527	0.200101537978642	0.153239828241881
LRRFIP2	0.129940123	0.702689164	0.631163417	0.492543252	21.77353955	0.19985818130602	0.15323674356153
KBTBD3	0.163789378	0.702689164	0.631206013	0.492481183	16.97792909	0.199828872599205	0.15323674356153
DERA	0.222587567	0.704746071	0.633250093	0.489507659	19.85885552	0.198424737756311	0.1519673366664
SLAIN2	0.277811272	0.712023939	0.639988072	0.480239677	19.18331944	0.193828120254948	0.147505404676587
VAPA	0.184662342	0.712219841	0.640362655	0.480122945	23.39728752	0.193574003424105	0.147385931929962
SAE1	0.056710971	0.714248401	0.642385616	0.476259395	26.16915349	0.192204192140593	0.146150723206548
SPTB	0.148708898	0.71479072	0.643072587	0.475266963	16.57639175	0.19174000319655	0.145821094497331
PTPN12	-0.098399847	0.71566318	0.644238869	-0.473583234	18.63626487	0.190953076344988	0.145291326134064
WDR4	-0.080646336	0.71566318	0.64425643	-0.473557893	18.8756047	0.190941238280227	0.145291326134064
MRC2	0.059444479	0.715790175	0.644570249	0.47310509	23.41773992	0.19072974380245	0.145214267070028
F10	0.111248211	0.716258655	0.645191742	0.472208656	17.54658697	0.190311199911072	0.144930117141788
ALDOC	-0.055823735	0.716685809	0.64577626	-0.471365923	23.33699734	0.189917924541076	0.144671194852365
MFAP1	0.136025655	0.716811646	0.646089426	0.470914559	21.78061875	0.189707366632684	0.14459494732968
CMPK1	0.10707942	0.720952439	0.650022615	0.465254329	21.13877137	0.187071533512753	0.142093384602563
ABCF2	-0.184858429	0.721387244	0.650615698	-0.464402205	17.82036238	0.186675462307578	0.141831541404113
EXOC2	0.101436008	0.722112469	0.651617616	0.462963492	19.54316165	0.186007183374917	0.14139515580694
BMPER	-0.111335321	0.722112469	0.651672289	-0.462885013	16.56953341	0.185970746075538	0.14139515580694
PKP3	0.155845226	0.722112905	0.65187394	0.462595585	16.69212206	0.18583638042694	0.141394893586933
VPS35	-0.094573294	0.722799254	0.652694979	-0.461417581	23.89084017	0.185289728197207	0.140982304345542
CILP2	0.209638011	0.723876493	0.653869485	0.460620123	22.36326209	0.184508929964574	0.140335526322437
UBE4B	-0.047689321	0.726050313	0.656035428	-0.45663179	25.10242239	0.183072706707501	0.139033283017317
PRPF40A	-0.092609997	0.726696868	0.657019871	-0.455223525	24.25671947	0.182421495379112	0.138646711573973
MELK	-0.144780248	0.726696868	0.657024704	-0.455216613	17.10080179	0.182418300745885	0.138646711573973
ATP5F1A	-0.131904787	0.730955374	0.661078648	-0.449427463	17.84439118	0.179746869772222	0.136109136608696
OPA1	0.05790264	0.731848498	0.662090364	0.447985208	22.91923426	0.179082732753149	0.13557881414992
APAF1	0.171219009	0.732813318	0.663180034	0.446432935	16.71195619	0.178368557328339	0.135006646489017
GPS1	-0.107259383	0.732813318	0.663371699	-0.44616002	20.86695712	0.178243060447392	0.135006646489017
YLPM1	0.235021057	0.73436569	0.665186313	0.444574231	21.91200116	0.177056695486385	0.134087621828263
CDC5L	0.119542485	0.73436569	0.665121883	0.443669538	19.18102492	0.177098763322357	0.134087621828263
CSTF3	-0.148142963	0.73472669	0.665881262	-0.442589867	19.488817	0.176603206048288	0.133874183499595
VRK1	0.088245648	0.73472669	0.665922853	0.44253075	18.34814411	0.176576080825293	0.133874183499595
LSM1	-0.128056424	0.734883246	0.666269565	-0.442037996	17.87066165	0.176350024724425	0.133781653630954
TNFRSF10B	0.101770788	0.734900757	0.666876576	0.441175579	17.06067664	0.175954536881247	0.133771305265946
OTUD6B	-0.105981962	0.734900757	0.666899276	-0.441143335	18.63415527	0.175939754060393	0.133771305265946
ZC3H15	-0.123892389	0.734900757	0.667042936	-0.440939282	21.0899705	0.175846210659561	0.133771305265946
ADA	-0.127013334	0.734900757	0.667104729	-0.440851519	18.52885982	0.175805980691555	0.133771305265946
SMPDL3A	-0.110411282	0.735943872	0.668256727	-0.439216014	22.70545438	0.17505666072814	0.13315530660027
PYCR3	-0.109446546	0.736308212	0.668869735	-0.438346229	16.30806265	0.174658454547977	0.132940355836761
NIT2	0.092727145	0.736308212	0.668997985	0.438164302	19.98985837	0.17457519031095	0.132940355836761
NMNAT1	0.35545398	0.740679067	0.67338214	0.433106359	18.70845296	0.171738406513876	0.130369929163518
TCEA1	-0.069892372	0.740679067	0.673252059	-0.432138473	22.78400428	0.171822309715975	0.130369929163518
CDK5	-0.097978747	0.742134247	0.674911942	-0.429791817	20.92252626	0.170752887314503	0.129517526718666
WDR43	-0.070495031	0.742559285	0.675505436	-0.428953379	21.01782701	0.170371151726622	0.129268867100956
NPTX2	-0.513443878	0.742765436	0.675899986	-0.429661371	20.80402906	0.170117562552102	0.129148314011052
LAMTOR3	-0.115996021	0.742884052	0.67621497	-0.427951431	16.34126501	0.169915219082776	0.129078964847886
UCHL5	-0.210183441	0.744373396	0.677778118	-0.425779303	18.79029986	0.168912456427022	0.128209157004011
MNAT1	0.129515787	0.745345958	0.678871402	0.424204285	17.49364388	0.16821248594218	0.12764209936489
COPS6	-0.091605217	0.745883459	0.679568848	-0.423221527	19.63088599	0.16776653776619	0.127329023823641
SPEN	0.088904126	0.746549738	0.680438763	0.421996356	22.47170759	0.167210953616964	0.126941252614969
DCUN1D1	-0.075220675	0.746549738	0.680592027	-0.421780573	18.64482133	0.167113142883739	0.126941252614969
ALDH3A2	-0.19203883	0.748343074	0.68243549	-0.41937874	21.08834302	0.165938395805397	0.125899256431209
ST14	-0.0446856	0.749187035	0.683413926	-0.417811288	24.44880017	0.165316175781133	0.125409746882329
THUMPD1	0.096720777	0.750036897	0.684552766	0.416211386	21.24675002	0.164593070394248	0.124917371582501
RPS10	-0.103225708	0.750036897	0.684607257	-0.416134862	20.98271567	0.164558501548783	0.124917371582501
OLA1	-0.052471608	0.751848002	0.686469915	-0.413520639	25.58623709	0.163378491254308	0.123869950053153
RPL27A	-0.058624173	0.752625927	0.687389956	-0.412230482	23.19471421	0.162796817973662	0.123420824869351
APH1A	0.080990631	0.754435562	0.689253003	0.409620208	19.26607425	0.161621333044477	0.122377848350849
SCP2	-0.085494241	0.755187191	0.690238468	-0.408240699	19.28934517	0.161000840502973	0.121945384871528
CTSF	0.047063103	0.755187191	0.690360643	0.40806973	24.94871114	0.160923975426004	0.121945384871528
XXYLT1	0.191614597	0.757027861	0.692254296	0.405604651	17.09317549	0.159734340424129	0.120888136806531
LIF	-0.093347338	0.758269477	0.69360101	-0.403539847	23.41049117	0.158890283125405	0.120176425534296
MVD	-0.07068987	0.759281432	0.694877313	-0.401758064	17.60008306	0.158091867338755	0.1195972205337
TTC27	-0.080983793	0.759281432	0.694949895	-0.401656777	16.20480743	0.158046506358725	0.1195972205337
LMNB2	0.03994222	0.759682941	0.695529114	0.400848644	26.37756561	0.157684686254379	0.119367625751498
ZC3H13	0.071741966	0.760074373	0.696099329	0.400053347	22.2424011	0.157328784874088	0.119143910083432
OGFR	-0.151518763	0.760310165	0.696527178	-0.39945679	20.96901804	0.157061933044542	0.119009203155364
PSMD13	0.079139462	0.760329463	0.696756765	0.399136734	22.22821517	0.156918805911526	0.118998180142735
EIF3M	0.091850476	0.766560218	0.7026802	0.390894171	20.81283451	0.153242283764463	0.115453722978072
ACAA2	-0.108274947	0.766882581	0.703189435	-0.390186894	20.64857605	0.152927662899685	0.115271126699654
ISM2	0.146956205	0.766931278	0.703447836	0.389828079	19.87598101	0.152768102034927	0.115243549900464
NKTR	0.207781736	0.768120901	0.704918663	0.387959845	19.23630666	0.151860991161987	0.114570417332148
PRRC2A	0.082267619	0.768120901	0.704967148	0.387719457	21.07392235	0.151831120986972	0.114570417332148
KPNA1	-0.081770755	0.769773157	0.706813395	-0.385159566	19.35269863	0.150695228662357	0.113637237395801
VCPIP1	0.082705611	0.769773157	0.70691264	0.385022036	17.12778912	0.15063425283697	0.113637237395801
MAP2	-0.13267324	0.77010469	0.707431733	-0.38430282	20.06582387	0.15031546309959	0.113450231712234
PCYOX1	-0.072447677	0.770264274	0.707793008	-0.383802393	19.8844753	0.150093731896323	0.113360244894182
MCM6	0.083928051	0.770685052	0.708394454	0.382969512	21.35333635	0.14972484754778	0.113123064391274
TRMT10A	-0.099606191	0.771585266	0.709436955	-0.381526535	18.38451074	0.149086192612651	0.112616074128194
HMGB1	0.052685598	0.775400853	0.71316132	0.376378363	29.02023199	0.14681221985185	0.110473725571536
FMOD	0.151634155	0.777841846	0.71562317	0.37298122	17.45641593	0.145315606561563	0.10910869657293
NT5DC1	-0.068526233	0.779350031	0.717227927	-0.370769272	21.53219562	0.144342808477024	0.108267442983479
UMPS	0.164110262	0.780376421	0.718389999	0.36916872	19.03736059	0.143639722289174	0.107695861246114
PRRC2B	0.077701714	0.780957612	0.719142684	0.368132569	18.95409729	0.143184933363887	0.107372537664414
CSNK1G3	0.154189542	0.782675695	0.720942913	0.365657869	16.73658402	0.14209912300685	0.106418152434461
CDK2	-0.085449672	0.782739939	0.721269143	-0.365207548	18.39471173	0.141902647196434	0.106382505908254
VPS26B	-0.094104345	0.782739939	0.7214384	-0.364974874	18.03909212	0.141800745211076	0.106382505908254
TOM1L1	0.067236031	0.782824525	0.72173454	0.364567826	17.7909522	0.141622510203876	0.106335576849852
SH3KBP1	0.094064098	0.783153014	0.722255665	0.36385169	17.43875876	0.141309043089039	0.106153376328317
HAPLN3	0.071513675	0.783918899	0.723180478	0.362581293	24.43780313	0.140753305999658	0.105728865298547
BRMS1	-0.079510446	0.784273101	0.723725819	-0.361832463	16.8392342	0.140425933593081	0.105532680167268
REXO2	-0.086991251	0.78499817	0.724613695	-0.360613749	21.29173036	0.139893462177379	0.10513135568765
NLGN1	0.075773393	0.785121105	0.724945993	0.360157778	19.35447631	0.139694346278296	0.105063348125305
PPP4C	0.092224819	0.785261232	0.725294237	0.359680013	20.6496198	0.139485773315922	0.104985842945078
FAM20B	0.05292413	0.786897845	0.727025183	0.357306585	23.19949198	0.138450545607925	0.104081644048085
WIPI1	-0.15457914	0.788029014	0.728391569	-0.355434555	19.57910983	0.137635089727705	0.103457792170181
EEF1D	0.042699982	0.788029014	0.728509543	0.355272985	24.88969982	0.137564754882192	0.103457792170181
DNAJC9	-0.064230353	0.788196765	0.728884299	-0.354759812	22.02194604	0.137341404869646	0.103365351943813
TPM1	0.066933824	0.790038881	0.730807984	0.352127181	25.74154271	0.13619671667226	0.102351534800401
ABI2	-0.182790877	0.790241845	0.731215977	-0.351968197	20.79187591	0.135954327877163	0.102239977221726
GMFB	0.092697406	0.790657311	0.731820772	0.350742196	19.3347821	0.135595267660359	0.102011708904056
HMBS	0.095259987	0.791046787	0.732401735	0.349948056	19.12575923	0.135250635560901	0.101797829100285
LOX	-0.185008609	0.792476237	0.733946081	-0.347989427	19.41537099	0.13433584414973	0.101013751563839
B4GALNT4	0.092736583	0.794148844	0.735716487	0.345421502	17.96558166	0.133289511549054	0.100098091943579
SEPHS1	-0.120113194	0.794497781	0.736261182	-0.344678407	19.03464353	0.132968096287668	0.0999073114217384
CBX1	0.081557741	0.794545982	0.736527296	0.344317107	24.74916323	0.13281115339364	0.0998809642199607
OLFM3	0.375332835	0.794766971	0.736953654	0.34469182	21.17554289	0.132559823463812	0.0997601896378387
ARHGEF40	0.078593023	0.796176547	0.738704494	0.341347641	17.93610564	0.131529258886872	0.0989906195910317
RABEP1	0.078593023	0.796176547	0.738704494	0.341347641	17.93610564	0.131529258886872	0.0989906195910317
HSPH1	-0.043617325	0.796452833	0.739182813	-0.340696064	26.77599249	0.131248139604557	0.0988399386002907
GFUS	-0.050780397	0.79740304	0.740286936	-0.339192596	23.98257913	0.130599914636673	0.0983221129767241
GTF2H4	0.069484426	0.798137514	0.741191247	0.33796182	16.03535438	0.1300697180661	0.097922276034902
GLG1	0.075019773	0.800385683	0.743502086	0.334819236	20.40713926	0.128717808665876	0.0967006884637471
F11R	0.051451809	0.802682974	0.745859821	0.331616528	23.57989504	0.127342787388863	0.0954559489034688
TGM3	-0.075919991	0.802834616	0.746224482	-0.331121504	17.19620748	0.127130506805387	0.0953739102083704
ADNP	0.074074954	0.804295502	0.74780652	0.328974913	21.67074112	0.126210752624327	0.0945843600703561
RPRD1A	0.055736553	0.805429952	0.749085772	0.327240347	16.50445967	0.125468451761684	0.0939722240625193
GBA	-0.033715013	0.808443242	0.752113584	-0.323139064	25.16226527	0.123716567414441	0.0923504649987281
CD58	-0.068265868	0.809988899	0.753777295	-0.320887993	23.66918513	0.122756948346642	0.0915209331412025
ACTN1	0.037337156	0.810230048	0.754227525	0.320279113	27.35781606	0.122497622371281	0.0913916547112919
EIF3F	-0.133804594	0.812851965	0.756894765	-0.31667461	17.7920579	0.120964498514216	0.0899885400609487
HNRNPR	-0.05038798	0.812872947	0.757140855	-0.316342267	23.18826719	0.120823318837093	0.089977329841123
LUC7L	-0.207493593	0.812954979	0.757443839	-0.316485134	18.58535625	0.120649562583538	0.0899335047297443
CCT3	-0.046991893	0.813115805	0.757820304	-0.315424871	23.62884662	0.120433763013214	0.0898475972215822
PPP1R18	-0.070091684	0.813250769	0.758498335	-0.314509675	16.77321459	0.120045368207648	0.0897755173823539
SCARB1	0.061249482	0.813250769	0.758619343	0.31434637	20.68657991	0.119976088009361	0.0897755173823539
NAB2	0.128177161	0.813250769	0.758626065	0.314337298	18.6659741	0.119972239815138	0.0897755173823539
GALT	-0.271867462	0.815001719	0.760486553	-0.312679861	18.33801086	0.118908460781961	0.0888414752460025
MUC5B	0.095003665	0.815090681	0.760796737	0.311409424	16.17084896	0.118731358723026	0.0887940721592358
POMK	-0.060826031	0.81524965	0.761172332	-0.3109031	20.69743988	0.118517006352056	0.088709378971685
RPL4	0.068420737	0.817419595	0.76342616	0.307866603	23.30285077	0.117232962347372	0.0875549556892991
HBA1	-0.085428463	0.817622604	0.763843637	-0.307304488	22.45589678	0.116995534798824	0.0874471105352307
PHKA2	0.055091947	0.817627592	0.764076175	0.306991431	20.34603122	0.116863342035539	0.0874444610802653
SMARCA5	-0.050319381	0.818586098	0.765200048	-0.305478855	24.51848639	0.116225011402015	0.0869356352259983
VANGL1	-0.091661131	0.818923513	0.765743697	-0.30474745	19.63264165	0.115916569277361	0.0867566592081467
SFSWAP	-0.082051804	0.819562213	0.766708769	-0.303449509	16.90189607	0.11536956960338	0.0864180735308476
SNCAIP	0.048575714	0.819562213	0.766905765	0.303184634	24.22993769	0.115257997530567	0.0864180735308476
RPRD2	-0.087168511	0.819562213	0.767026174	-0.303022747	17.83847375	0.115189815933914	0.0864180735308476
SEC22B	-0.072752984	0.820474651	0.768108794	-0.301567568	17.7317913	0.114577262666943	0.0859348321622388
MSRB3	0.081197152	0.821197253	0.76901415	0.300351181	16.85097718	0.114065669027722	0.0855525120643989
VLDLR	0.041239128	0.82227473	0.770252332	0.298688401	23.82719452	0.113366978148057	0.0849830561961366
PSMA2	-0.03546406	0.823480364	0.771611199	-0.296864571	26.09019136	0.112601477725137	0.0843467521810747
CXADR	0.112847613	0.824297842	0.772606924	0.295528814	20.55141444	0.112041404084651	0.0839158371315717
ABI3BP	-0.184867702	0.824437407	0.772967513	-0.295554589	17.9321663	0.111838758631896	0.0838423113067938
RB1	-0.111364381	0.825099711	0.77381843	-0.293904351	17.80731414	0.111360930918748	0.0834935650011057
CEP170	0.20243786	0.825141036	0.77408716	0.294104218	19.17721874	0.111210136247486	0.0834718139693232
GINS4	-0.084851427	0.82548362	0.774638615	-0.29280507	17.88299472	0.110900857642448	0.0832915399834914
GNPNAT1	0.059523559	0.826785411	0.776090653	0.290859856	18.37258528	0.110087547043071	0.0826071952983733
FAM169A	0.193715583	0.827613119	0.777250279	0.289894307	17.82312321	0.109439113391379	0.0821726336851932
FEN1	-0.062858743	0.827613119	0.777507362	-0.288963111	21.26001474	0.109295490068535	0.0821726336851932
PRMT6	0.068310544	0.827613119	0.777559595	0.288893202	18.59708812	0.109266315114261	0.0821726336851932
NRDC	0.040950121	0.832525693	0.78240709	0.282411725	23.84063786	0.106567222722084	0.0796023546313238
PDXK	-0.032273532	0.83300236	0.783087224	-0.28150336	23.09857391	0.106189861451465	0.0793537681808169
ESD	-0.187407905	0.833540867	0.783825776	-0.281119578	20.8577237	0.105780458910352	0.0790731026416135
PSMB10	0.200593019	0.833699581	0.784207382	0.280573221	18.8926227	0.105569073860887	0.0789904167702485
RGMB	0.049924149	0.833785381	0.78452047	0.279589979	17.53868784	0.105395720155996	0.0789457237536044
SCLY	0.058986572	0.835726105	0.786685731	0.276701445	17.96667132	0.104198727044753	0.077936031863721
MAFF	0.123094101	0.835726105	0.78681237	0.27653387	20.09008683	0.104128820866947	0.077936031863721
RRP1B	0.217448691	0.83680074	0.78805733	0.275540198	17.47236584	0.103442187082811	0.0773779444211431
PSMD8	0.050239496	0.836811549	0.788300734	0.27454859	20.50191893	0.103308069058071	0.0773723346522787
SNU13	0.0599962	0.837571514	0.789250081	0.273283718	19.46573086	0.102785364864505	0.0769781015333506
DNAJC21	-0.198526403	0.838923239	0.790757635	-0.2718213	19.49570343	0.101956606149689	0.0762777750519095
EIF3A	-0.048855293	0.839530626	0.791564133	-0.270202533	26.63154701	0.101513892577166	0.0759634562142045
H4C1	-0.036081213	0.840059361	0.792296789	-0.26922757	26.71777572	0.101112104167326	0.0756900243620838
DROSHA	-0.073438399	0.842991096	0.795296784	-0.265238265	16.63856163	0.0994707737321778	0.0741770125383525
ARIH2	-0.065609764	0.843160735	0.79569182	-0.264713297	20.40077033	0.099255106620487	0.0740896262419234
WBP11	0.074606065	0.843326224	0.796247678	0.263974745	19.10754756	0.0989518211347814	0.0740043946789245
CES2	-0.063908093	0.843326224	0.796318073	-0.263881223	17.0030439	0.0989134275424863	0.0740043946789245
CCDC138	0.11179809	0.843400904	0.796623652	0.263475287	19.66225631	0.0987468033992039	0.0739659378219839
KRT18	0.039404281	0.84344073	0.796896342	0.26311308	29.41427467	0.098598166715796	0.0739454306069723
PCOLCE2	0.036933527	0.843482756	0.797602535	0.262175234	21.7868616	0.09821347438702	0.0739237916173539
NSFL1C	0.064489018	0.843482756	0.797613709	0.262160396	23.6769629	0.0982073901880167	0.0739237916173539
ECPAS	0.057929551	0.843482756	0.797641301	0.262123757	20.47511577	0.0981923668177458	0.0739237916173539
HMGB2	0.033650975	0.843741228	0.798246558	0.261320167	27.70362074	0.0978629454409817	0.0737907293028431
UBE2Z	-0.053984519	0.843741228	0.798356039	-0.26117483	20.61490452	0.0978033852293961	0.0737907293028431
CREG1	0.056233143	0.844231556	0.799055286	0.260246715	24.21291116	0.0974231711565006	0.0735384186581091
ARFGAP1	-0.121735524	0.845144891	0.800155294	-0.25878835	18.9278204	0.0968257170303631	0.073068829550271
RFNG	-0.0549702	0.845911265	0.801116633	-0.257512075	18.25308819	0.0963042512305084	0.0726751915023809
PEPD	0.028849211	0.846657857	0.802059659	0.256261722	25.53512092	0.095793326714757	0.0722920570086132
POLR1F	-0.045354983	0.847618606	0.803206037	-0.254742327	19.70303467	0.0951730359735402	0.071799518697389
NHLRC2	-0.149593544	0.848869132	0.804627625	-0.253451188	21.89945845	0.0944050610276096	0.0711592586737219
NIT1	0.193892794	0.848922253	0.805387778	0.252394763	18.35019328	0.0939949652270134	0.0711320820048043
RNPS1	-0.071138781	0.848922253	0.805104925	-0.252228117	23.14701284	0.0941475166767953	0.0711320820048043
TSR1	0.051091281	0.848922253	0.805267002	0.252012339	17.00732675	0.0940600969375401	0.0711320820048043
PTPRF	-0.023796134	0.851148084	0.807736685	-0.248743617	28.14696586	0.0927301923059082	0.0699948741466933
BROX	-0.063243714	0.851204676	0.808027627	-0.248358733	19.62021204	0.0925737901554447	0.0699659992931301
ADCY4	0.036306102	0.851306048	0.808361122	0.247917605	22.47452964	0.0923945819787148	0.069914281204485
PREPL	0.089301948	0.851633157	0.808909085	0.247192904	17.89109502	0.0921002869187259	0.0697474383306925
RAB10	-0.082558832	0.851895108	0.809395324	-0.246549952	21.28073416	0.0918393089225388	0.069613875680676
IGF2R	-0.025482309	0.851961353	0.809695712	-0.246152806	25.99599499	0.0916781606616614	0.0695801054205318
HOMER2	-0.087421912	0.852255814	0.810213094	-0.245468865	16.6389231	0.0914007423842323	0.069430027377446
PNISR	0.058886056	0.852332374	0.810523428	0.245058687	21.49577737	0.0912344274483193	0.0693910155084316
PCNA	0.034416242	0.853196966	0.811583402	0.24365802	23.87803475	0.0906668434690529	0.06895069758712
AATF	-0.043275682	0.85425684	0.812829669	-0.24201184	19.3233877	0.0900004526391148	0.0684115351369098
PACSIN3	-0.061072918	0.85520997	0.81397493	-0.2404997	20.43160427	0.0893889709465829	0.0679272447839072
EIF5B	0.03886598	0.858580982	0.817422696	0.235951019	27.29060824	0.0875533081332067	0.0662187355909513
SNED1	0.073788773	0.861770351	0.820699356	0.231632954	18.66611347	0.0858159073660263	0.0646084517869828
ACIN1	0.048236088	0.863747006	0.822968175	0.228646818	25.82855206	0.0846169590637049	0.0636134450069578
NECTIN1	0.02593972	0.863747006	0.823066909	0.228515831	25.42741573	0.0845648585564381	0.0636134450069578
MYO10	-0.09032276	0.863747006	0.823304002	-0.228203806	17.73445648	0.08443977352047	0.0636134450069578
PSMC2	0.035431437	0.863956206	0.823744198	0.227624554	23.09871717	0.0842076313180648	0.0635082713805766
ME2	-0.065684842	0.86482522	0.824813797	-0.226217413	18.03211693	0.0836440830411602	0.0630716539909996
GXYLT1	0.035115414	0.865482134	0.825681534	0.225076192	22.42890043	0.0831874280982632	0.0627418927629352
SARS1	0.031798319	0.865501334	0.825941072	0.224734917	24.70227372	0.0830509369631061	0.0627322584085846
DCAF6	-0.043880621	0.865935529	0.826596763	-0.223872854	18.04295336	0.0827062997729055	0.0625144410563583
ST6GALNAC5	0.10011772	0.867736877	0.828558122	0.221295244	19.43456919	0.0816770211269478	0.0616119455500466
OAF	-0.042401989	0.868325693	0.829362361	-0.220238775	21.13835281	0.0812556781363652	0.0613173483922243
TNFAIP2	0.065834562	0.871653038	0.832783338	0.215747838	22.03686152	0.0794679726030037	0.0596563518425652
PDGFC	0.058898895	0.87415677	0.835626648	0.212018814	22.03217394	0.0779877188894074	0.0584106746419249
SUPT4H1	-0.07657311	0.87415677	0.835662687	-0.211971569	17.50360766	0.0779689889920665	0.0584106746419249
CSNK1D	-0.049031859	0.874912402	0.836628888	-0.210705128	17.42444664	0.0774671437209734	0.0580354272433436
WDR83	0.156633247	0.874973076	0.837015421	0.210635068	18.77953829	0.0772665405808014	0.0580053105485806
TBC1D4	0.053546898	0.874973076	0.837174629	0.209989963	22.91603366	0.0771839416475641	0.0580053105485806
PRPF4B	-0.031055052	0.879076586	0.841417087	-0.204434367	23.85789745	0.0749886728342789	0.0559732871238514
FAT4	0.043691055	0.879076586	0.841590879	0.204206929	18.54184643	0.0748989799648546	0.0559732871238514
RABGGTA	0.037162977	0.880307951	0.843015083	0.202343527	20.27703453	0.0741646550252332	0.0553653755493433
IGHA1	-0.279333494	0.881320566	0.844230431	-0.201273358	19.05235675	0.0735389973875042	0.0548660953083793
C6orf132	-0.126514829	0.882840932	0.845932866	-0.19885562	18.33264762	0.0726641015976643	0.0541175394324131
FBXO3	0.034526272	0.883195356	0.846518625	0.197762771	18.77232896	0.0723634821554699	0.0539432232073542
C5orf22	0.082191562	0.883336607	0.846928395	0.197227307	19.88560243	0.0721533062819752	0.0538737712740986
DSTN	-0.044148409	0.883336607	0.847146395	-0.196942461	20.38353479	0.0720415329433524	0.0538737712740986
CTSA	-0.032188278	0.883440039	0.84749181	-0.196491166	23.26369684	0.0718644900440463	0.0538229216695318
EHD4	0.124338034	0.884137411	0.84840722	0.195674541	20.8341712	0.0713956442657808	0.0534802324966774
PIWIL3	-0.095262028	0.885690687	0.850557125	-0.192519763	18.57402041	0.0702965130459468	0.0527179218862461
PDCD11	-0.035220657	0.885690687	0.850599119	-0.192433303	19.11564614	0.0702750714381685	0.0527179218862461
TRIM28	0.038967881	0.885690687	0.850638269	0.1923822	23.70806237	0.0702550828944303	0.0527179218862461
GPI	0.018237818	0.886646343	0.85186204	0.190785025	28.52098601	0.0696307340104517	0.0522495728526305
MINK1	-0.059988376	0.886646343	0.852050331	-0.190539328	19.03085755	0.0695347505032988	0.0522495728526305
EXT1	-0.025529361	0.886720245	0.852368485	-0.190124204	25.35318859	0.0693726160244921	0.052213375902674
FST	-0.021520343	0.888209572	0.854047665	-0.187933815	25.39730071	0.0685178903545425	0.0514845508601802
DNPEP	0.021438542	0.890692395	0.856683237	0.184497826	23.84831542	0.0671797309976307	0.0502722558055852
CTNND1	-0.042514149	0.891541147	0.85774806	-0.183110288	21.18006362	0.0666402555303115	0.0498586081782863
ARL6IP1	-0.211412369	0.892802676	0.859210602	-0.181670435	21.93130287	0.0659003727505605	0.0492445166924599
CTR9	-0.069872882	0.894088706	0.860697434	-0.179269028	20.73260395	0.0651494917959306	0.0486193910305199
JMJD6	-0.048629188	0.894364464	0.861353334	-0.178415174	21.38561342	0.0648186609403619	0.048485465042746
SPTBN1	-0.026119584	0.894364464	0.861461423	-0.178274477	27.28728853	0.0647641658692867	0.048485465042746
CHST15	0.03900811	0.895341303	0.862651863	0.176725158	23.00887785	0.0641644354346409	0.0480113806012048
GNPDA2	0.063105343	0.895850771	0.863392409	0.175761592	20.86499039	0.063791774007183	0.0477643282048877
SH3PXD2B	-0.037523531	0.900544804	0.868167357	-0.16955283	19.07718425	0.0613965476165197	0.0454946752420962
PRPS2	0.036183367	0.900667279	0.868717198	0.168838342	21.49458775	0.0611215806712341	0.0454356147713664
RPS5	-0.03539372	0.900667279	0.868787473	-0.16874703	22.02743501	0.0610864497789358	0.0454356147713664
SNRPA1	-0.040430557	0.901492845	0.86983507	-0.167386015	21.67655077	0.0605630864379391	0.0450377158515619
ANXA1	0.02085369	0.902783076	0.871331603	0.165442331	25.98901717	0.0598165339177131	0.0444165910084366
PLAT	0.039874664	0.904234002	0.872983998	0.163297	23.14082278	0.05899371694047	0.0437191661766085
SYCP2	0.031854328	0.90648483	0.875409681	0.160149163	19.20265572	0.0577886549108973	0.0426394594144926
GALNT16	-0.101987182	0.908633221	0.877737665	-0.157384994	19.61497992	0.0566352650355827	0.0416113887703132
CAMK1D	-0.052191208	0.909062029	0.878405255	-0.156264133	17.56932899	0.0563050747488606	0.0414064820879079
VAMP7	0.033438774	0.9095313	0.879112193	0.155347663	17.88919087	0.0559556963806912	0.041182350824375
DHX58	-0.047220235	0.910418715	0.880223669	-0.153907036	20.19603482	0.0554069575432546	0.0407588232933707
RRAS2	0.037227867	0.910600414	0.880653131	0.153350486	18.9670207	0.0551951165098725	0.0406721565779337
U2SURP	-0.024539509	0.910869654	0.881167383	-0.152684123	24.26283317	0.0549415869244515	0.0405437663845251
GM2A	0.140887338	0.911429713	0.881963201	0.152038655	21.1157711	0.0545495349770723	0.040276817336193
HNRNPC	-0.024334383	0.911701698	0.88248049	-0.150982942	28.14306702	0.0542948872761209	0.0401472363473251
SERPINE2	0.020889482	0.912289119	0.883303344	0.149917143	25.53485049	0.0538901254127505	0.0398675049963815
CERT1	-0.065623238	0.912865476	0.884115811	-0.148865638	20.439706	0.053490842697403	0.0395932173566251
SNRPF	0.034160334	0.913501461	0.884986365	0.147737788	20.36113084	0.0530634204331097	0.0392907537260787
GSTK1	0.091833425	0.914983162	0.886676827	0.145827394	16.33345658	0.0522346415268444	0.0385868979748321
GALNT17	-0.139456603	0.91598995	0.887907761	-0.144321839	18.38723613	0.0516321479256487	0.0381092912704542
PHRF1	0.035565792	0.916452421	0.888611475	0.14304617	18.36980546	0.0512880828383366	0.0378900771649704
GGT7	0.021641251	0.918534597	0.890886398	0.140103708	23.84772736	0.0501776717961249	0.0369044811619618
ARHGDIB	0.033415517	0.918722443	0.891324645	0.139537017	20.01907761	0.0499640851298382	0.0368156743377061
IMPA2	0.037407358	0.919480144	0.892316015	0.138255266	20.77837563	0.0494813123667858	0.0364576448319307
NAA15	0.031288824	0.919669012	0.892755622	0.137686974	20.51374935	0.0492674062195944	0.0363684467043848
TSG101	0.05166969	0.920321085	0.893645111	0.136537252	20.65688023	0.048834916253371	0.0360606279633868
CASP3	0.043966579	0.920594906	0.894167572	0.13586203	21.18405289	0.0485810843637928	0.0359314325511164
RPSA	-0.016499191	0.920854135	0.894676008	-0.135204996	23.5370596	0.0483342087200911	0.0358091574053086
ADAMTS8	-0.108313531	0.92169028	0.895745263	-0.134122851	19.0581139	0.0478154798499908	0.0354149924869035
CTBS	-0.016722643	0.921922845	0.896228228	-0.133199508	24.5284555	0.04758138147679	0.0353054231902328
TASP1	-0.021468792	0.924427342	0.898920567	-0.12972234	15.85674812	0.0462786829472067	0.0341272177752354
ITGA6	-0.027145799	0.925150401	0.899881521	-0.128481677	21.12929725	0.045814666297406	0.0337876585964163
OCLN	0.071336644	0.926931164	0.901871988	0.12607859	17.1358622	0.0448551019820162	0.0329525163462984
PURA	0.040995172	0.929889565	0.905009577	0.121865071	22.27467212	0.0433468249757402	0.0315686258105518
PDS5A	0.029192817	0.930614298	0.905974287	0.120620347	18.3005306	0.0428841281206268	0.0312302792315069
WASHC2A	-0.021923966	0.932604542	0.908171759	-0.117787014	17.1061486	0.0418320072810768	0.0303024737617183
SHTN1	0.025913983	0.933084099	0.908898809	0.11684981	19.74860996	0.0414844656660412	0.0300792114671768
TGFBR2	-0.029434189	0.934028677	0.910079224	-0.115328433	18.81038086	0.0409207999333948	0.029639789646066
PLOD3	-0.01504759	0.935135424	0.911418221	-0.113603017	26.24880507	0.0402822932863181	0.0291254911199205
CSTA	-0.11002637	0.935842331	0.912628851	-0.112325209	18.1166932	0.0397058059643637	0.0287973142368902
SUPT6H	-0.021879389	0.935842331	0.912520677	-0.112182679	23.78992117	0.039757285989008	0.0287973142368902
SLC9A3R1	0.027593065	0.936364861	0.913484561	0.110941071	23.25293916	0.03929878835432	0.0285548924552722
EFEMP2	0.025591034	0.936364861	0.913799925	0.110534881	20.88732327	0.0391488819249707	0.0285548924552722
SF3A2	-0.057390616	0.936364861	0.914096313	-0.110196284	18.83777945	0.0390080427773708	0.0285548924552722
RBBP5	0.013751534	0.936364861	0.914182304	0.110042401	24.33828549	0.0389671896858632	0.0285548924552722
SLC39A14	-0.018987595	0.937031643	0.915094447	-0.108867737	19.44307954	0.0385340800383243	0.0282457429988255
SEZ6	-0.027172329	0.937898325	0.916202237	-0.107441336	16.15785845	0.0380086521849406	0.027844239749747
MCTS1	0.016963146	0.939064378	0.917859182	0.105308278	21.01643961	0.0372239431685046	0.0273046334508619
PAXX	0.017155474	0.939064378	0.917864764	0.105301092	21.13335759	0.0372213019960089	0.0273046334508619
EIF3E	-0.017705326	0.939360084	0.9184156	-0.104592093	23.3945113	0.0369607480554461	0.0271678981306779
STK24	-0.021683096	0.94193795	0.921243491	-0.100953106	18.78445245	0.0356255676080824	0.0259777053389476
ATP2B4	-0.019316069	0.94193795	0.921542875	-0.100567939	23.38044756	0.0354844543214715	0.0259777053389476
ATP6V1C1	-0.014475179	0.94193795	0.921723563	-0.100335485	22.60413777	0.0353993100363266	0.0259777053389476
PRPF38A	-0.043646068	0.942540408	0.922575784	-0.099239622	17.5378275	0.0349979490483649	0.0257000219229704
ZNF384	0.030500258	0.943363759	0.923644617	0.097864426	18.20869927	0.0344950964901504	0.0253208119663407
HNRNPUL1	0.012700626	0.944213071	0.924739334	0.096456578	23.1277208	0.0339806691627796	0.0249299918057584
CTNNA2	0.021501989	0.944272932	0.92516745	0.09590606	19.63714356	0.033779655337281	0.0249024593782492
PFDN5	-0.01824338	0.944272932	0.925324311	-0.09570436	23.60454234	0.033706027485134	0.0249024593782492
CARMIL2	-0.044726469	0.945100945	0.926459536	-0.09424516	18.54241655	0.0331735441547709	0.0245218025858128
FSTL1	-0.0153173	0.945100945	0.926662521	-0.093983784	31.66886903	0.0330784017269651	0.0245218025858128
OAT	-0.030885074	0.945138594	0.926962852	-0.093597682	19.50626325	0.0329376698411313	0.0245045023943673
GLI3	0.031208396	0.945650922	0.927797224	0.092525099	20.07592894	0.0325469312387782	0.0242691496733087
EIF4E	-0.018459491	0.945650922	0.927992446	-0.092274159	21.41440638	0.0324555589900483	0.0242691496733087
SDF2	-0.025337199	0.946144197	0.929037067	-0.090931498	22.68034377	0.0319669580489684	0.0240426699522605
COL25A1	0.025881993	0.946144197	0.929266984	0.090636007	18.70010819	0.031859492658844	0.0240426699522605
CARMIL1	-0.042401986	0.946144197	0.929271884	-0.090630106	18.52224998	0.0318572026416719	0.0240426699522605
NELFE	0.023356113	0.946144197	0.929531297	0.090296322	20.83542304	0.0317359830996387	0.0240426699522605
PSMD14	-0.01509443	0.947594673	0.931220406	-0.088125803	20.97198524	0.0309475158169344	0.0233773893730883
PPP1R10	0.019389578	0.947951192	0.932289909	0.086751715	17.51824236	0.0304490165078216	0.0232140229897384
COL21A1	-0.025176633	0.947951192	0.932346905	-0.086678493	20.3856799	0.0304224665136217	0.0232140229897384
BAIAP2	0.01574621	0.947951192	0.932363366	0.086657345	21.41816537	0.0304147989187379	0.0232140229897384
URI1	0.020180611	0.948438787	0.933107279	0.085701685	18.72673525	0.0300684227064851	0.0229906935850116
CR2	0.024329799	0.948607404	0.933741763	0.08488667	19.99104304	0.0297732162870411	0.0229134899479095
TIMP1	0.008957709	0.948607404	0.933801938	0.084809377	26.40932527	0.0297452290753431	0.0229134899479095
GAR1	-0.015394848	0.949411918	0.934858503	-0.083452329	19.3952504	0.0292541174874887	0.022545320870083
MAN1A2	-0.04137587	0.949933636	0.935636976	-0.082658782	27.61607635	0.0288926233790812	0.0223067342119249
MAN2A1	0.00880776	0.950425861	0.936386683	0.081489834	25.69906323	0.0285447713324624	0.022081755089319
PSPH	0.014147526	0.955814001	0.941961624	0.074333288	21.4251847	0.0259667902267972	0.0196266121155951
PAK1	0.010518317	0.956128263	0.942537812	0.073593878	24.64044927	0.0257012180839181	0.0194838439407701
TJP1	-0.012104549	0.956765219	0.94343237	-0.072445996	25.74020273	0.0252892268064466	0.0191946208461839
BDP1	-0.014999529	0.962739433	0.949591654	-0.064545223	17.0971579	0.0224631110687078	0.0164912394826663
MAP2K1	0.025631446	0.963025833	0.950142544	0.063982188	24.96639959	0.0222112353125166	0.016362062845482
WASF2	0.043231617	0.963934243	0.951550987	0.062152557	20.25871129	0.0215679359324169	0.0159525914875178
SETD1A	0.016090249	0.963934243	0.951576111	0.06200063	18.70054522	0.0215564693156308	0.0159525914875178
CUL4B	0.041641684	0.96420957	0.95253209	0.060926486	21.81753277	0.0211203843923252	0.0158285623597883
PEBP1	0.024469535	0.96420957	0.952619468	0.060662949	16.80277087	0.0210805473692737	0.0158285623597883
RANBP10	-0.013304213	0.96420957	0.952654104	-0.060618545	21.24351182	0.0210647572760315	0.0158285623597883
UBQLN1	0.023923577	0.964281715	0.952994136	0.060182618	18.88530245	0.0209097716708835	0.0157960683831183
CD109	-0.006873081	0.964632151	0.95360932	-0.059393976	25.81049512	0.020629513051834	0.0156382672231834
NLN	0.013114905	0.965770541	0.955003868	0.057606363	21.54825231	0.0199948694134745	0.0151260460637185
COPG1	0.015584781	0.96884877	0.958317805	0.053359155	22.1981776	0.0184904428322227	0.0137440077585019
RALB	0.019821958	0.968880747	0.958619468	0.05297259	21.05718096	0.0183537554411211	0.0137296740400677
ST3GAL1	0.007542927	0.969334439	0.959338515	0.052051206	21.91827346	0.0180281193617832	0.0135263571564672
HMGN1	-0.010704213	0.972217277	0.962630982	-0.047833056	25.61696472	0.0165401647913132	0.0122366654677162
SEMA3D	0.018122947	0.972217277	0.962733552	0.047701449	19.64032443	0.0164938924265071	0.0122366654677162
ADAM9	0.0293756	0.972322999	0.963109236	0.047337724	23.33869627	0.0163244523338624	0.0121894414715587
CTSD	-0.004817164	0.974326373	0.965365178	-0.04433046	29.49329152	0.0153083708117114	0.0112955418375828
NOS1AP	0.007315826	0.975617109	0.967048931	0.042173938	21.08742461	0.0145515508128963	0.0107205922460284
PSMG2	0.017857092	0.975617109	0.967187864	0.041996005	20.10997398	0.0144891615175277	0.0107205922460284
NOP14	0.01277631	0.980373469	0.972176366	0.035608074	19.72260789	0.0122549410073589	0.00860845019720014
MAP9	0.008569447	0.981045986	0.973116685	0.034404152	17.12431076	0.0118350809924109	0.00831063482396416
LOXL1	0.005789856	0.981307393	0.973649476	0.033722026	21.31618349	0.0115973655423274	0.0081949292435959
CLDN6	-0.005018827	0.982037474	0.97464756	-0.032444235	20.68247605	0.0111524001149975	0.00787193946264995
TEX2	-0.004874545	0.982653498	0.975574595	-0.031257455	17.31372982	0.010739517701245	0.00759959553019427
RWDD1	0.008419037	0.982653498	0.976073135	0.03061925	20.67047346	0.01051764038969	0.00759959553019427
UBE2Q1	-0.008055524	0.982653498	0.976080565	-0.030609738	20.35085174	0.0105143344942572	0.00759959553019427
SLC7A8	-0.005314508	0.982882122	0.976581595	-0.029968359	19.91317578	0.0102914648412258	0.00749856440049291
SF3A1	0.004827379	0.982956809	0.97692976	0.029522674	24.63058301	0.0101366603764288	0.00746556459417711
NELL2	0.003773548	0.983482569	0.9777264	0.02850292	23.45659713	0.00978265808968436	0.00723333300361725
PLBD1	0.011508489	0.984881425	0.979391562	0.026373259	16.40712719	0.00904364198884874	0.00661605332780064
SCAF11	-0.015583946	0.985811837	0.980626731	-0.024829859	20.30997586	0.00849627245271312	0.00620597141874771
COPS3	0.004527277	0.985811837	0.981092347	0.024194618	22.06751109	0.00829011198299965	0.00620597141874771
P4HA1	-0.005150765	0.985811837	0.981392978	-0.023809846	22.142549	0.00815705377996789	0.00620597141874771
BZW1	-0.00385272	0.985811837	0.981415797	-0.02378064	22.93734494	0.00814695583674569	0.00620597141874771
DENR	-0.011608934	0.987186493	0.983059459	-0.021717521	21.88150934	0.00742021366872091	0.00560079542559975
HNRNPAB	-0.002801665	0.988376843	0.984554207	-0.019764057	24.34197936	0.00676036774029328	0.00507743837632242
IWS1	0.006599642	0.988376843	0.985001057	0.019192201	21.62855288	0.00656330346277299	0.00507743837632242
GREB1L	0.004564594	0.988376843	0.985071235	0.019102393	17.25435957	0.00653236254929717	0.00507743837632242
KIFBP	-0.00413504	0.988444446	0.985414098	-0.01866362	18.86013203	0.00638122870632174	0.00504773451787557
RPL19	-0.005978817	0.991152892	0.988390481	-0.014854799	19.81692767	0.00507144585704874	0.00385934750228392
PPP1CA	-0.002034127	0.994110073	0.991616486	-0.010726806	21.46392319	0.00365626153379333	0.0025655256128973
MMP9	-0.008926078	0.994522177	0.992304736	-0.009870604	18.36005561	0.00335493587040883	0.00238552803342302
H2AC20	0.000914431	0.995713241	0.993770656	0.007970445	26.19385984	0.00271383122243027	0.00186571758299235
SOD1	0.002854473	0.996102245	0.99455722	0.006966711	21.68060016	0.0023702254954209	0.00169608109409696
SDF2L1	-0.001030392	0.996102245	0.994714143	-0.006763232	16.91748096	0.00230170714805747	0.00169608109409696
VMP1	0.002301448	0.996546892	0.995435915	0.005839741	15.94938419	0.00198669410743222	0.00150226097984372
PXN	0.006000687	0.996687009	0.995853659	0.005318385	18.35156581	0.00180447659464199	0.00144120237554192
SLTM	-0.000433511	0.998603877	0.998109798	-0.002418488	24.05015842	0.00082168111480348	0.000606752163907474
PSMB3	-0.000269848	0.998603877	0.99832556	-0.002142424	24.62715822	0.000727809559189399	0.000606752163907474
FTO	-0.000278344	0.999381098	0.999381098	-0.000791876	17.62967579	0.000268868933784275	0.000268868933784275
