id	logFC	adj.P.Val	P.Value	t	AveExpr	-log10(pvalue)	-log10(padj)
VIT	5.967260315	1.27616e-10	3.55675e-14	39.71391265	25.36962575	13.4489466598174	9.89409487204048
MUC16	3.02687886	2.3804e-10	1.32687e-13	35.58330843	29.70807913	12.8771716250243	9.62335005840724
CTHRC1	-2.961966271	1.20241e-09	1.00536e-12	-30.03947151	24.42453202	11.9976783979272	8.91994742053928
EDA	7.597275446	1.34217e-09	1.49629e-12	29.05470865	19.76670611	11.824984226529	8.87219247270201
NAAA	-5.724833425	2.84244e-09	3.96698e-12	-26.77112257	22.69208598	11.4015399890675	8.54630869390282
NID1	-2.25707217	2.84244e-09	4.75324e-12	-26.3672174	27.10338887	11.3230102568089	8.54630869390282
AEBP1	-3.274913498	3.01609e-09	5.88424e-12	-25.89801237	24.22487302	11.2303096220509	8.52055570327965
DSC2	2.829043528	3.32616e-09	7.41618e-12	25.39850419	26.42430485	11.1298197378633	8.47805686352125
BGN	1.901272697	1.63563e-08	4.10275e-11	21.98304834	28.26679239	10.3869249458477	7.78631493240789
FBN1	-3.232136159	1.76576e-08	4.92129e-11	-21.6468942	25.10041429	10.3079210422635	7.75306832553693
CDH6	2.382318684	3.42565e-08	1.05023e-10	20.29810177	31.03780705	9.97871558017544	7.46525701114094
NRP2	-1.862268463	8.3552e-08	2.79438e-10	-18.67418534	24.44912917	9.55371453570162	7.07804314985715
LRRC4B	2.35897985	9.56069e-08	3.46402e-10	18.33445772	22.47318331	9.46041960918802	7.01951076333281
PTPRK	1.922604942	1.05239e-07	4.42236e-10	17.9552214	28.41324157	9.35434590679356	6.97782328731139
ADAMTSL3	-1.798319893	1.05239e-07	4.46586e-10	-17.94017533	23.58909639	9.35009489572506	6.97782328731139
KCTD12	-2.564780915	1.05239e-07	4.86896e-10	-17.8078603	23.28503469	9.31256379330184	6.97782328731139
CCN2	-1.973326169	1.05239e-07	4.98623e-10	-17.77158197	25.06996382	9.30222769265394	6.97782328731139
CNTN1	2.619352216	1.53001e-07	7.67562e-10	17.1258133	23.96555361	9.11488653419558	6.81530573066565
NCAM1	1.743981443	1.76809e-07	9.67871e-10	16.78774736	29.17922022	9.01418252256919	6.75249563213485
ANPEP	-2.548949109	1.76809e-07	9.8556e-10	-16.76160437	23.05209676	9.00631693112506	6.75249563213485
TGM2	-3.866518318	2.13019e-07	1.24677e-09	-16.42562922	22.75577851	8.90421365634002	6.67158165840563
ICAM1	-1.567512447	2.46679e-07	1.51252e-09	-16.15415132	25.10933927	8.82029887397651	6.60786782080744
L1CAM	1.467072648	2.48272e-07	1.59149e-09	16.08333881	31.46484509	8.79819608588901	6.60507225721217
IGSF10	3.727905141	2.58308e-07	1.72781e-09	15.96958062	19.6297463	8.76250401676937	6.58786214317994
COL15A1	-3.246404204	2.99236e-07	2.08498e-09	-15.71226069	20.93202482	8.68089810660451	6.52398615926734
CCN1	-1.876921259	3.19948e-07	2.31847e-09	-15.56857993	24.06517057	8.63479851931476	6.49492060026807
PVR	1.35487299	3.68866e-07	2.8554e-09	15.29009299	26.41684195	8.5443330448176	6.43313137375907
EPHB3	2.170153366	3.68866e-07	2.87856e-09	15.2793845	24.25788228	8.54082471378663	6.43313137375907
FAT2	1.312955238	3.7723e-07	3.04896e-09	15.20334579	30.42927364	8.51584827320537	6.42339377638972
LAMA3	-1.279818825	4.44323e-07	3.71507e-09	-14.94470639	29.47314123	8.43003299877357	6.35230120529492
IDS	1.563075333	5.02414e-07	4.34081e-09	14.74376658	24.8965145	8.36242922308952	6.29893826728433
PLCB4	-2.350097067	5.04408e-07	4.52994e-09	-14.68914412	23.48179431	8.34390755027006	6.29721803405712
KLK5	1.724974797	5.04408e-07	4.6392e-09	14.65869617	25.34751205	8.33355690425984	6.29721803405712
RBM12	-2.622420363	5.76518e-07	5.46311e-09	-14.45138364	17.01009031	8.26256005485572	6.23918712864918
IL4I1	-3.869722501	5.99723e-07	5.85014e-09	-14.36536707	19.74532892	8.23283374066997	6.22204929519834
ADAMTS1	-2.043387467	6.24504e-07	6.26593e-09	-14.27954457	23.93711444	8.20301446115932	6.2044647755887
SERPINA3	1.623561947	7.26246e-07	7.48916e-09	14.05878222	27.30994038	8.12556689095512	6.13891624659158
NID2	-1.363567845	7.85734e-07	8.3216e-09	-13.92974571	26.17004692	8.07979316356924	6.10472445381335
TSPAN14	1.562024311	1.00239e-06	1.08955e-08	13.60458368	24.17917848	7.96275283496721	5.99896327458222
MTMR2	-3.107911511	1.03289e-06	1.15149e-08	-13.53871641	16.84537844	7.93873982927046	5.98594592720907
PTPRG	1.38286341	1.58298e-06	1.80886e-08	13.01110756	26.19240026	7.74259504484849	5.8005245721525
TGFBRAP1	-1.993791039	2.07761e-06	2.43199e-08	-12.67517633	22.47823325	7.61403821515331	5.68243597301758
CTSV	1.250763407	2.30218e-06	2.78185e-08	12.52515783	30.35296434	7.55566629128451	5.63786072329936
CHRDL1	1.551162086	2.30218e-06	2.82319e-08	12.508788	23.07662049	7.54925989295657	5.63786072329936
TRIM2	-1.844041314	2.35378e-06	2.95371e-08	-12.45874609	22.98478684	7.52963214666195	5.62823413165869
THBS1	-1.209463141	2.35378e-06	3.01767e-08	-12.43508943	28.98288373	7.52032825462505	5.62823413165869
ST3GAL1	-1.774370596	2.7416e-06	3.59128e-08	-12.24433495	21.91827346	7.44475073307656	5.56199590857819
DCBLD2	1.138287127	2.77129e-06	3.70741e-08	12.20972353	26.9935735	7.43092938297734	5.55731802535101
CKB	-1.372786216	2.94994e-06	4.02862e-08	-12.11975983	26.27474105	7.39484369555186	5.53018681721977
GDA	-1.320366886	3.35791e-06	4.67937e-08	-11.95906992	25.87233942	7.32981261357994	5.47393094817033
PRSS2	1.826068117	3.73549e-06	5.36934e-08	11.81307916	25.25575275	7.27007909455629	5.42765242187046
MYLK	-1.645910916	3.73549e-06	5.41375e-08	-11.80438425	23.22107857	7.2665018032621	5.42765242187046
FBLN7	-3.615971465	3.78798e-06	5.59539e-08	-11.76960476	17.99218143	7.25216963765304	5.42159232267631
SIN3A	-1.893868456	3.7973e-06	5.74269e-08	-11.74228291	23.06255186	7.24088462702775	5.42052509071961
PRSS12	-1.661595115	3.7973e-06	5.83844e-08	-11.72492223	23.63534632	7.23370317855469	5.42052509071961
TUBA1A	-1.268470155	3.7973e-06	6.01366e-08	-11.69393457	27.74935232	7.2208611296605	5.42052509071961
SEMA3C	-1.520703955	3.7973e-06	6.0325e-08	-11.69066052	24.45679986	7.21950266941918	5.42052509071961
NPNT	-2.436234109	3.90279e-06	6.40575e-08	-11.62797386	21.82470216	7.19343001474168	5.40862481646019
GOT2	-1.160664066	3.90279e-06	6.61915e-08	-11.59387642	25.45280718	7.1791977770272	5.40862481646019
KPNA1	-2.461356864	3.90279e-06	6.62109e-08	-11.59357212	19.35269863	7.17907050874491	5.40862481646019
UXS1	-2.408458534	3.90279e-06	6.63518e-08	-11.59136321	21.86737804	7.17814729104425	5.40862481646019
SEMA6D	5.018023239	3.98422e-06	6.88465e-08	11.74819414	21.17712359	7.16211813339287	5.39965668878547
CSPG5	1.841711189	4.04905e-06	7.10954e-08	11.51980521	23.0171274	7.14815849799379	5.39264686028024
WDR62	-2.456996612	4.07905e-06	7.36408e-08	-11.48349622	17.86688399	7.1328815021656	5.38944097117445
CLDN3	1.507847088	4.07905e-06	7.38958e-08	11.47993409	23.49897415	7.1313802448076	5.38944097117445
IGFBP3	-1.521779917	4.27623e-06	7.86598e-08	-11.4157018	26.90969965	7.10424716215977	5.36893894400477
OSMR	-1.121648331	4.84789e-06	9.05263e-08	-11.27234944	24.52396717	7.04322522979432	5.31444724299503
NUP93	-1.450933506	6.21125e-06	1.17716e-07	-11.00844483	22.54206461	6.92916450368627	5.20682099024641
SORL1	1.203944546	6.62198e-06	1.27346e-07	10.93044288	27.07705312	6.89501469188772	5.17901213525758
CEMIP2	-1.772145866	6.74052e-06	1.31504e-07	-10.89870132	24.41730168	6.8810610368966	5.17130659835795
BANK1	-2.392018553	7.09024e-06	1.42299e-07	-10.82108513	17.09533747	6.84679815189047	5.14933906398314
ABCF1	-1.383806632	7.09024e-06	1.43668e-07	-10.81169784	25.86557191	6.8426399540024	5.14933906398314
DLEC1	-1.796118782	7.09024e-06	1.44255e-07	-10.80770387	21.62127664	6.84086912489822	5.14933906398314
PXDN	1.054514582	7.36359e-06	1.51869e-07	10.75740279	30.08676782	6.8185308667094	5.13291040073492
RPL21	-1.376986244	7.46282e-06	1.55995e-07	-10.73126073	22.59787769	6.80688932156355	5.12709703324889
PA2G4	-0.916665713	7.71078e-06	1.634e-07	-10.68616595	27.0286692	6.7867479478036	5.11290168776463
COCH	-1.05351856	7.71078e-06	1.69886e-07	-10.64843223	25.91509476	6.76984240908426	5.11290168776463
GPRC5C	-1.307477	7.71078e-06	1.71998e-07	-10.63647562	24.34491817	6.76447660305765	5.11290168776463
IFITM3	-1.797259703	7.71078e-06	1.7259e-07	-10.63315731	21.86582282	6.76298437125484	5.11290168776463
PDGFD	-1.705834924	7.71078e-06	1.73525e-07	-10.62793339	23.79980728	6.7606379469256	5.11290168776463
UBE4B	1.108038503	7.71078e-06	1.76847e-07	10.60962072	25.10242239	6.7524023030785	5.11290168776463
LRP2	2.355904843	7.71078e-06	1.77856e-07	10.60413025	24.59150979	6.74993147923874	5.11290168776463
LRBA	-1.401929938	7.71078e-06	1.78371e-07	-10.60134274	24.13258978	6.74867575289569	5.11290168776463
CACHD1	0.99349843	8.375e-06	1.9607e-07	10.51042221	25.98359485	6.70758885116217	5.07701518429112
ASNS	-1.788797347	8.58424e-06	2.03436e-07	-10.47515614	22.96649949	6.69157219193481	5.06629814877526
ALDH1A1	-1.272331896	8.58424e-06	2.07492e-07	-10.45631685	25.99081403	6.68299864315831	5.06629814877526
LTBP1	-1.414783911	8.58424e-06	2.09846e-07	-10.44556376	23.69672125	6.67809930472023	5.06629814877526
XDH	1.324251452	8.58424e-06	2.1074e-07	10.44151357	23.15681481	6.67625302428499	5.06629814877526
CSE1L	-1.004345937	8.58424e-06	2.12931e-07	-10.43166274	28.9589867	6.67176110629835	5.06629814877526
PAICS	-1.005587704	8.9415e-06	2.26235e-07	-10.37410941	24.32123798	6.64544020608159	5.04858961911484
CAPNS1	-2.09994003	8.9415e-06	2.26777e-07	-10.3718425	21.09909603	6.64440099422183	5.04858961911484
LAMB3	-1.659141399	9.01867e-06	2.31248e-07	-10.35336234	25.22351422	6.63592201466556	5.04485750394914
AOC3	-1.551984761	9.10399e-06	2.35973e-07	-10.33424287	22.16068152	6.62713768610543	5.04076822798626
FBLN1	-1.177670177	9.23496e-06	2.4466e-07	-10.30014226	28.97670296	6.61143702860192	5.03456498130841
PLXDC2	0.923625895	9.23496e-06	2.45488e-07	10.29696068	28.36661207	6.60996973230336	5.03456498130841
MATN2	1.70054897	9.23496e-06	2.47089e-07	10.29083781	21.97283798	6.60714658825084	5.03456498130841
AHCY	-0.954164088	9.29013e-06	2.54338e-07	-10.26365106	27.15426676	6.5945887481318	5.03197820873105
SF3B4	-1.918725679	9.29013e-06	2.55832e-07	-10.25815014	21.41077727	6.59204513400035	5.03197820873105
FXR1	-1.055416678	9.29013e-06	2.56333e-07	-10.25631288	23.79025515	6.59119547967085	5.03197820873105
CD109	1.183030576	9.52786e-06	2.65548e-07	10.22320072	25.81049512	6.57585696516269	5.02100463289326
ITSN2	1.420679856	9.62286e-06	2.70878e-07	10.20460917	21.687932	6.56722626579218	5.01669583257539
COL4A2	-1.311537224	9.66132e-06	2.74653e-07	-10.19167525	27.90478422	6.56121565287299	5.01496353305115
CKAP5	-1.858109756	9.97919e-06	2.86471e-07	-10.15239083	23.02585194	6.54291933592151	5.00090470849286
FBXO2	-1.898764565	1.01219e-05	2.93387e-07	-10.13019771	21.98746006	6.53255913368751	4.99473795764793
HNRNPD	-0.978463544	1.01547e-05	2.97168e-07	-10.11830309	26.88975926	6.52699795861151	4.99333290241861
HMGN5	1.437573814	1.02741e-05	3.03527e-07	10.09865668	25.20832941	6.51780267055426	4.98825621151057
ACO2	-1.718690188	1.04531e-05	3.12353e-07	-10.07211149	23.1520672	6.50535431850877	4.98075489488871
LRIG3	1.435229239	1.04531e-05	3.14642e-07	10.06535848	22.29788138	6.50218330602685	4.98075489488871
PLCG2	-2.884960713	1.06633e-05	3.23941e-07	-10.03845789	18.78586881	6.48953408148384	4.97210837223218
PALLD	-2.47571839	1.18285e-05	3.64379e-07	-9.930392576	21.24546632	6.43844666036787	4.92707032578851
EML2	-0.987577328	1.18285e-05	3.68458e-07	-9.92021412	25.29459813	6.43361200959	4.92707032578851
CFB	-1.167951163	1.18285e-05	3.69228e-07	-9.918307461	27.80020473	6.43270537215208	4.92707032578851
PRCP	0.982325253	1.18524e-05	3.74928e-07	9.904316207	25.72012289	6.42605212481875	4.92619370018377
NECTIN1	1.12280901	1.18524e-05	3.80282e-07	9.891380104	25.42741573	6.41989423069065	4.92619370018377
USO1	1.114670681	1.18524e-05	3.8079e-07	9.890162768	25.91531928	6.41931446522938	4.92619370018377
SERPINB7	-1.197115728	1.18524e-05	3.83186e-07	-9.884444745	26.07557139	6.41659036659197	4.92619370018377
MFGE8	1.308098225	1.25088e-05	4.085e-07	9.826283626	29.351683	6.38880793913157	4.90278435124785
CASTOR1	-2.213744897	1.25088e-05	4.11383e-07	-9.819908108	17.87103062	6.38575365906506	4.90278435124785
CD82	1.2519814	1.25216e-05	4.15292e-07	9.811335642	27.5317678	6.38164643486489	4.90234017377941
INHBB	1.346780245	1.29928e-05	4.34541e-07	9.770357767	25.25108973	6.36196924054165	4.88629724665516
RPL27	-1.616055266	1.30671e-05	4.47317e-07	-9.744219802	25.81091078	6.34938459642628	4.8838207853149
IARS1	-1.271890394	1.30671e-05	4.47927e-07	-9.742992005	24.36559833	6.34879275850285	4.8838207853149
RPL22	-1.614682664	1.30671e-05	4.47951e-07	-9.742944784	25.23322948	6.34876948955871	4.8838207853149
FSCN1	-1.264469698	1.32258e-05	4.57077e-07	-9.724787254	25.18003992	6.34001063175026	4.87857804896556
CHST3	1.477013204	1.35938e-05	4.73586e-07	9.692910582	22.16600956	6.32460114457191	4.86665912396322
ST14	1.034066351	1.38528e-05	4.86637e-07	9.668541839	24.44880017	6.31279487385785	4.85846243586694
APLP2	0.791344487	1.38528e-05	4.90329e-07	9.661774949	29.24554101	6.30951242009765	4.85846243586694
INPP5J	-2.468408454	1.40042e-05	4.99594e-07	-9.645033239	16.76161892	6.30138278603557	4.85374169551654
CCDC80	-1.046729025	1.40667e-05	5.09113e-07	-9.628176169	26.00253036	6.29318581328248	4.85180777462536
NXPE3	2.792778125	1.40667e-05	5.11389e-07	9.624194889	19.23852927	6.29124861790272	4.85180777462536
NOP56	-1.217817966	1.40667e-05	5.13582e-07	-9.620376633	23.01907822	6.28939020580693	4.85180777462536
MAP1B	-1.1812309	1.51054e-05	5.55717e-07	-9.550246697	25.0933282	6.25514631746104	4.82086776986156
PTPRJ	-0.920987745	1.52632e-05	5.65776e-07	-9.534348559	26.82320848	6.24735547909294	4.81635440500178
ANGPTL1	-3.230106316	1.55756e-05	5.85251e-07	-9.504410188	20.86517783	6.23265783556537	4.80755521454551
HEG1	1.180098913	1.55756e-05	5.86037e-07	9.503223998	26.1009947	6.23207496352362	4.80755521454551
ARSJ	-1.778831926	1.56998e-05	5.95086e-07	-9.489695052	20.38558273	6.22542026683194	4.80410588003979
ALOX15B	1.261886028	1.58747e-05	6.06142e-07	9.473461013	25.26637158	6.21742562238121	4.79929447325335
SIRPA	1.362006013	1.64086e-05	6.31099e-07	9.437954873	24.19653798	6.19990250798055	4.78492847185441
RPS16	-1.038634752	1.69633e-05	6.57161e-07	-9.402449457	24.58164941	6.18232821819402	4.77048965724568
ADH5	-1.478855964	1.77169e-05	6.91295e-07	-9.358166043	25.69208676	6.16033658427229	4.7516122661212
SORCS2	-1.259780422	1.8324e-05	7.20089e-07	-9.322596311	22.84283449	6.14261382326295	4.73697971689595
SDC1	1.672543843	1.89494e-05	7.49949e-07	9.287286035	24.77311181	6.1249682696372	4.72240453666237
CADM1	0.883060033	1.89894e-05	7.56823e-07	9.279370836	25.7697317	6.12100567811089	4.72148875726434
CTH	-2.095541805	2.01483e-05	8.08627e-07	-9.222089906	17.87897609	6.09225176169732	4.69576159129782
CDK1	-1.06169225	2.05088e-05	8.28811e-07	-9.200830454	23.46994468	6.08154449359353	4.68805975009603
HNRNPU	-1.000374196	2.1104e-05	8.58747e-07	-9.170299621	26.92946432	6.06613476712101	4.67563522179771
SDHA	-1.786086604	2.11951e-05	8.68363e-07	-9.160734811	21.66057413	6.06129868963743	4.67376453005845
AGRN	0.747163981	2.20523e-05	9.13265e-07	9.117521828	31.06626871	6.03940318595018	4.65654610800039
CD55	-1.810955441	2.20523e-05	9.15773e-07	-9.115176474	20.97154828	6.03821216504928	4.65654610800039
SLITRK2	1.769205864	2.22197e-05	9.28917e-07	9.102992176	19.16313102	6.0320230890767	4.6532618089966
DDX5	-1.537758448	2.22354e-05	9.3577e-07	-9.096713308	22.6279363	6.02883088203687	4.65295505347701
S100A11	2.11488108	2.25466e-05	9.55909e-07	9.079896078	25.23641475	6.01958344943826	4.64691893993093
DDX21	-1.345077601	2.25466e-05	9.64278e-07	-9.071110237	24.14240118	6.01579774155298	4.64691893993093
YARS1	-1.760625548	2.25466e-05	9.67721e-07	-9.068073818	21.96341951	6.01424983445353	4.64691893993093
NTN1	-1.099778053	2.26495e-05	9.78448e-07	-9.058684389	26.85263289	6.00946225014205	4.64494138083162
C1S	1.277829636	2.29447e-05	9.97594e-07	9.042198549	24.39660525	6.00104617157315	4.63931761629559
AIFM1	0.847103807	2.34664e-05	1.02682e-06	9.017675471	25.80836494	5.98850568089946	4.62955353077016
PPM1F	-1.834593349	2.34898e-05	1.03439e-06	-9.011444639	20.10248965	5.98531568666383	4.62912068093487
LPL	-1.747556942	2.39803e-05	1.06267e-06	-8.988593145	17.81569764	5.97360157971892	4.62014538806246
PYGL	-1.380787022	2.46341e-05	1.09851e-06	-8.960557169	25.4124825	5.95919598523864	4.60846329992748
TSC1	-1.630305762	2.52382e-05	1.13248e-06	-8.934869652	16.56407843	5.94596945904258	4.59794162240506
SDC4	1.451876652	2.53726e-05	1.14558e-06	8.925183596	30.4007002	5.94097457705914	4.59563502714971
DCXR	-2.242235762	2.61995e-05	1.19022e-06	-8.89304872	19.18546954	5.92437275629214	4.58170699682197
CP	0.935170494	2.6206e-05	1.19782e-06	8.887707781	31.62925292	5.9216084397765	4.58159926331511
SCG3	2.544259568	2.70833e-05	1.24547e-06	8.855022445	19.811667	5.90466672897964	4.56729841958536
CHD8	-3.859559395	2.73091e-05	1.26347e-06	-8.843024019	18.35699076	5.89843506556768	4.56369261225405
TOP2B	-1.04629303	2.76709e-05	1.28792e-06	-8.827013723	24.91449916	5.89011111262651	4.55797671513888
BOC	0.998664231	2.78388e-05	1.30522e-06	8.815880759	26.77536438	5.88431628010092	4.55534948905466
C1RL	1.376788493	2.78388e-05	1.31318e-06	8.810808961	23.48078681	5.88167574028612	4.55534948905466
ACSS2	-1.400845534	2.78388e-05	1.31901e-06	-8.807118563	23.1364442	5.87975191186201	4.55534948905466
HMGB2	-1.126978372	2.95848e-05	1.40998e-06	-8.751668577	27.70362074	5.85078704759373	4.52893136230686
FH	-0.917001937	2.98702e-05	1.43191e-06	-8.738874967	25.25586383	5.84408427793019	4.52476186950817
TSPAN4	1.883411593	3.02151e-05	1.45686e-06	8.724570207	23.20228527	5.83658218065882	4.51977596407062
PSAT1	-0.866397104	3.0677e-05	1.48768e-06	-8.707258488	27.42484889	5.82749047549701	4.51318711366537
FUBP1	-1.757304597	3.2234e-05	1.57378e-06	-8.660863392	20.26923099	5.80305597811663	4.49168579842382
PLEKHG3	-1.575826754	3.2234e-05	1.58115e-06	-8.657017525	17.28032108	5.80102692761229	4.49168579842382
PGGHG	-2.392239125	3.2466e-05	1.60722e-06	-8.643571123	18.4224628	5.79392467193204	4.48857121568377
HNRNPK	-1.18364189	3.2466e-05	1.61063e-06	-8.641829982	24.05235799	5.79300421588986	4.48857121568377
RPL24	-1.363796775	3.27299e-05	1.63285e-06	-8.630580897	22.27442083	5.78705370942401	4.48505532159436
TGFB1	-2.63324529	3.27407e-05	1.64251e-06	-8.625739555	21.04911502	5.7844919776698	4.48491203955794
PCDHGC3	0.911770417	3.30364e-05	1.66655e-06	8.613822307	23.57028482	5.77818165206145	4.48100728415182
IPO8	-1.174053678	3.34656e-05	1.69753e-06	-8.598735578	23.83300148	5.7701825418078	4.47540138418646
SYNCRIP	-0.881631414	3.40578e-05	1.74199e-06	-8.577589182	26.11793524	5.7589543424152	4.46778340918371
H2BC18	-1.090926799	3.40578e-05	1.74656e-06	-8.575452432	25.83407242	5.75781649034622	4.46778340918371
GYG1	-1.379708648	3.41941e-05	1.76307e-06	-8.567765245	24.09746233	5.75373044435966	4.46604882255465
LSM14A	-2.402287952	3.53191e-05	1.83092e-06	-8.536977006	18.49944457	5.73733063129502	4.4519903716294
CCDC106	-2.945158677	3.59573e-05	1.87403e-06	-8.518044555	19.10290061	5.72722346108422	4.44421292648065
BCAT1	-2.665313373	3.61546e-05	1.89439e-06	-8.509264284	20.55757604	5.72253060748055	4.44183643896356
CLSTN1	0.839443937	3.67946e-05	1.93893e-06	8.490399569	32.23448635	5.71243786970546	4.43421591399726
ASS1	-0.915242432	3.67946e-05	1.94843e-06	-8.486437572	25.57503712	5.71031519221146	4.43421591399726
GALNS	1.437920103	3.74287e-05	1.99244e-06	8.468344587	22.13477669	5.70061474800525	4.4267952568458
TMEM132A	0.941895622	3.77931e-05	2.02237e-06	8.456281708	26.16721062	5.69413938570936	4.42258748337602
CA8	-1.843914016	3.7863e-05	2.03667e-06	-8.450587527	22.67075619	5.69107933368476	4.42178497854368
SEMA5B	0.977723645	3.91781e-05	2.11833e-06	8.418860815	24.58298507	5.67400638322039	4.40695662958487
UNC5C	1.479246766	4.01926e-05	2.18511e-06	8.39387251	23.08729261	5.66052669544846	4.39585389902991
FN1	-1.23623778	4.01926e-05	2.19558e-06	-8.39002739	33.43923946	5.65845073395218	4.39585389902991
EPS8L2	-1.364490402	4.13809e-05	2.27206e-06	-8.362532699	21.75746114	5.64358020406804	4.38320006802545
PCDH17	-3.46897512	4.13809e-05	2.28356e-06	-8.358485254	19.68556378	5.64138757292206	4.38320006802545
GPC1	0.901933089	4.21148e-05	2.3358e-06	8.340366357	25.45799721	5.6315643458982	4.37556525739919
MANBA	-0.85917802	4.51388e-05	2.5161e-06	-8.281001408	27.65045422	5.59927210226288	4.34544999067929
SORBS2	-4.363235144	4.87224e-05	2.72943e-06	-8.316243241	18.62421007	5.56392803929668	4.31227132708526
RPL7	-1.469104248	5.09958e-05	2.871e-06	-8.176406834	23.12348971	5.54196680750349	4.29246559080276
CEP44	1.449440124	5.10649e-05	2.90304e-06	8.167653363	25.12705045	5.53714698013126	4.29187751423098
WDR82	-1.192406572	5.10649e-05	2.90864e-06	-8.166132378	22.87211173	5.53631002770052	4.29187751423098
CELSR2	0.874458612	5.10649e-05	2.91759e-06	8.16371284	27.21515219	5.53497573823015	4.29187751423098
ANKRD28	-1.836172454	5.13832e-05	2.96601e-06	-8.150745035	16.42254236	5.52782738906708	4.28917885259854
SUCO	2.360362019	5.13832e-05	2.99109e-06	8.144119722	19.79192314	5.52417051912672	4.28917885259854
GALNT10	1.499637078	5.13832e-05	2.99293e-06	8.143635664	22.65102619	5.52390344051672	4.28917885259854
PGD	-0.864780797	5.13832e-05	3.00368e-06	-8.140815397	27.43329345	5.52234633719278	4.28917885259854
NUP133	-1.761348817	5.13832e-05	3.00738e-06	-8.139846569	17.02773106	5.52181169279196	4.28917885259854
CDKN2AIP	-2.378694487	5.15987e-05	3.03437e-06	-8.13282051	20.2056209	5.51793146403677	4.28736124003827
PRDX1	-0.736266655	5.17611e-05	3.05835e-06	-8.126635126	28.16407894	5.51451281507456	4.28599650284063
RPL18	-1.531052492	5.23788e-05	3.10944e-06	-8.113626367	23.40432992	5.50731781895025	4.28084445549742
GART	-0.998106364	5.24013e-05	3.12538e-06	-8.109614889	24.88229137	5.50509717132151	4.2806579386685
PARD6B	-2.213633478	5.25333e-05	3.15877e-06	-8.10128273	19.92323202	5.50048199529375	4.27956531713378
CTPS1	-1.558390089	5.25333e-05	3.18459e-06	-8.094903172	21.45219135	5.49694647296734	4.27956531713378
FBLN5	-1.947067955	5.25333e-05	3.18919e-06	-8.093773121	20.83703997	5.49631960634703	4.27956531713378
LAMP2	1.012795873	5.25333e-05	3.19182e-06	8.093126698	26.37804033	5.49596160830218	4.27956531713378
EIF2A	-1.13170045	5.39939e-05	3.29562e-06	-8.068087566	25.6590376	5.48206287022044	4.26765530213965
CPSF2	-1.118526602	5.55275e-05	3.4047e-06	-8.042665647	22.45230764	5.46792114926793	4.25549187921329
XRN1	-2.371960594	5.58176e-05	3.44145e-06	-8.03429642	18.88671376	5.46325853582457	4.25322884088867
ANXA5	-0.867454969	5.58176e-05	3.4536e-06	-8.031550416	26.65699117	5.46172796435179	4.25322884088867
SERPING1	1.164444074	5.64612e-05	3.50916e-06	8.019124508	23.28895659	5.45479682969484	4.24824989579873
EIF1AX	-1.2083715	5.67564e-05	3.54533e-06	-8.011147802	21.8162965	5.45034333438534	4.24598515919268
TLL1	1.574178679	5.67564e-05	3.55914e-06	8.008123595	23.2594238	5.44865492853686	4.24598515919268
PPP3CA	-1.290534778	5.6779e-05	3.58403e-06	-8.002708334	22.2693914	5.44562836374766	4.24581226060034
TRPS1	-2.030828368	5.6779e-05	3.59221e-06	-8.000936355	18.67370416	5.44463828247931	4.24581226060034
RPL15	-1.259865127	5.67929e-05	3.61513e-06	-7.995996281	24.12890884	5.44187608086806	4.24570595449243
RCC2	-1.027330113	5.67929e-05	3.62474e-06	-7.993933649	26.64871236	5.44072313960745	4.24570595449243
CRISPLD1	-2.380194323	5.69422e-05	3.65225e-06	-7.988064384	22.16952869	5.43743950224825	4.244565757607
EEF1A1	-1.195470175	5.69422e-05	3.68138e-06	-7.981900374	29.47343029	5.43398935142447	4.244565757607
ANXA3	-1.188461755	5.69422e-05	3.68188e-06	-7.981796253	25.72558972	5.4339303701468	4.244565757607
ECT2	-2.347844957	5.79787e-05	3.76506e-06	-7.96448194	16.47830066	5.42422809849083	4.23673152663463
GDF15	-1.748577196	5.82798e-05	3.80086e-06	-7.957155851	19.65266984	5.420118126805	4.23448194727688
LGI2	1.077012506	5.85437e-05	3.83438e-06	7.950360589	22.20922728	5.4163048492761	4.2325198333405
RPS9	-1.424393577	5.86854e-05	3.86002e-06	-7.945207483	24.18238837	5.4134104451036	4.23146993091769
CPOX	-1.162751505	5.93914e-05	3.92301e-06	-7.932699897	22.06889063	5.40638058482502	4.22627643722326
FST	0.907111753	5.99934e-05	3.97949e-06	7.921666114	25.39730071	5.40017258229263	4.22189652463704
PKM	-0.809653632	6.1385e-05	4.08891e-06	-7.900758277	30.59727464	5.3883924484903	4.21193773982126
CBS	-1.173994114	6.23141e-05	4.16817e-06	-7.885985121	23.98380226	5.38005457652324	4.20541367309452
NOL4L	-2.900131426	6.37763e-05	4.2846e-06	-7.864817276	18.50588327	5.36808971654159	4.19534068007886
GYS1	-1.998243072	6.37763e-05	4.30152e-06	-7.861790836	19.85365913	5.36637805349803	4.19534068007886
MBTPS1	0.870750979	6.45763e-05	4.37348e-06	7.849067569	25.15091786	5.35917285517028	4.18992684218688
RPL26	-1.364655576	6.48092e-05	4.41789e-06	-7.84132571	21.71730971	5.35478510172573	4.18836333941292
LRRC59	-1.191368955	6.48092e-05	4.42538e-06	-7.840028161	22.68780824	5.35404943122211	4.18836333941292
PODXL2	1.125380061	6.50028e-05	4.45672e-06	7.834624615	24.82446195	5.35098465024741	4.18706793569009
RPS11	-1.413282083	6.54558e-05	4.50601e-06	-7.826205937	22.95644283	5.34620784879949	4.18405186482916
BRD4	-1.06211946	6.60177e-05	4.56309e-06	-7.816580573	23.43112044	5.3407409653457	4.18033961018911
GOT1	-0.775753796	6.60467e-05	4.58351e-06	-7.813168872	26.85824268	5.33880181679779	4.18014887687752
NMI	-1.397652143	6.61463e-05	4.62177e-06	-7.806818878	22.9461785	5.33519167076003	4.17949444375954
CDHR1	1.38963585	6.61463e-05	4.62729e-06	7.805907361	16.90869441	5.33467328168595	4.17949444375954
MISP	1.381455491	6.75383e-05	4.74554e-06	7.786654561	23.45954176	5.32371436159778	4.17044987514732
MED24	-1.974093267	6.75383e-05	4.76231e-06	-7.783966016	17.98035782	5.322182337846	4.17044987514732
GOLM1	1.269103677	6.77037e-05	4.79285e-06	7.77909583	28.39082574	5.31940616274443	4.16938759651908
MCTP1	1.054970388	7.02128e-05	4.99004e-06	7.748423579	22.31329199	5.30189597307207	4.15358370749086
ARHGEF17	-2.04252402	7.17505e-05	5.11932e-06	-7.729008995	18.0934865	5.29078772259068	4.14417506816213
CPNE1	-1.057523307	7.23878e-05	5.18497e-06	-7.719350554	22.96627353	5.28525375207574	4.14033462218878
EIF4A2	-1.042862427	7.25092e-05	5.21387e-06	-7.715138665	23.96311104	5.28283980151186	4.13960688645319
GPNMB	-1.106125433	7.32755e-05	5.28939e-06	-7.704251349	24.17956077	5.2765944101783	4.1350412094436
SAE1	0.916282815	7.38964e-05	5.35481e-06	7.694953729	26.16915349	5.27125593424678	4.13137671854993
GET3	-1.530263787	7.45372e-05	5.42202e-06	-7.685527423	19.96088471	5.26583888478696	4.12762692560672
SLC16A3	-2.393058198	7.50814e-05	5.48253e-06	-7.691991662	22.87271262	5.26101898321655	4.12446763793394
SPOCK1	1.087812407	7.63182e-05	5.63533e-06	7.656415239	28.07938476	5.24908064696789	4.11737188121914
EIF3C	-0.846236068	7.63182e-05	5.63746e-06	-7.656130033	25.94378857	5.24891652659352	4.11737188121914
GAPDH	-0.901934699	7.63182e-05	5.65055e-06	-7.65438316	32.49184615	5.24790927778414	4.11737188121914
STAT6	-2.288607825	7.63182e-05	5.65793e-06	-7.653399613	15.87286568	5.24734242994403	4.11737188121914
CPQ	-0.892930419	7.69009e-05	5.72976e-06	-7.643900485	25.20160265	5.24186356875836	4.11406857745804
CDH2	1.428995597	7.69009e-05	5.74399e-06	7.642033552	24.18843453	5.24078632485012	4.11406857745804
EPRS1	-0.864761388	7.72106e-05	5.78864e-06	-7.636208796	25.67114801	5.2374234587032	4.11232307265012
RPS8	-1.029457927	7.80605e-05	5.87506e-06	-7.625068501	23.14825178	5.23098769373097	4.10756867126454
EPB41L2	-1.161468041	7.80605e-05	5.89588e-06	-7.622411816	25.87606932	5.22945136433967	4.10756867126454
FBL	-1.795314183	7.91516e-05	6.00034e-06	-7.609226448	22.41611771	5.22182414029297	4.10154030172206
LCN2	-1.127303167	8.04027e-05	6.1176e-06	-7.594715097	26.5154275	5.21341892281913	4.09472936698025
CHAMP1	-1.651973785	8.18335e-05	6.24927e-06	-7.578770142	18.00525471	5.20417071121402	4.08706887375143
INSR	-1.379756196	8.21117e-05	6.2934e-06	-7.573505759	19.55328911	5.20111466420484	4.08559495635911
EDC4	-1.078687075	8.25968e-05	6.3536e-06	-7.56638782	22.87473033	5.19698013028019	4.08303677797336
RPL18A	-1.747409692	8.29778e-05	6.40604e-06	-7.560246891	21.47653922	5.19341035388246	4.08103808385419
HNRNPUL2	-0.937100804	8.50417e-05	6.58908e-06	-7.539221867	24.37202262	5.18117521952066	4.07036806676745
HSPE1	-0.883908719	8.61504e-05	6.69898e-06	-7.526894578	25.65470986	5.1739913188058	4.06474270176338
CIRBP	-2.492312395	8.62923e-05	6.73407e-06	-7.523927542	21.95665189	5.17172237347574	4.06402795534741
OXSR1	-1.829541179	8.65358e-05	6.78087e-06	-7.517850005	18.19273805	5.16871458165512	4.06280418703293
ERCC3	-1.559167785	8.65358e-05	6.80131e-06	-7.515610105	16.75310771	5.16740742979709	4.06280418703293
MDH2	-0.72830469	8.71236e-05	6.87179e-06	-7.507942374	27.56081247	5.16293012089316	4.05986418757009
CANT1	1.013616448	8.89757e-05	7.04267e-06	7.489695294	25.71505018	5.15226266096685	4.0507285865785
HMGXB4	-1.47730424	9.01557e-05	7.1612e-06	-7.477313619	18.27817183	5.14501419700624	4.04500681025838
LDHB	-0.713927495	9.02052e-05	7.19027e-06	-7.474310389	30.08731502	5.14325480122929	4.04476842624728
KDM2A	-1.262638043	9.16345e-05	7.32974e-06	-7.460078846	20.76336799	5.13491143034768	4.03794098551639
POLR2B	-2.009732063	9.49795e-05	7.62377e-06	-7.430999783	18.25269291	5.1178302143159	4.02237012100176
HSPA4L	-1.388711337	9.62083e-05	7.74922e-06	-7.418956082	22.10616548	5.1107420093316	4.01678745926461
CCN3	-1.663138314	9.71951e-05	7.85579e-06	-7.408886303	22.17728847	5.10481013457195	4.01235562907169
MSLN	-1.723036601	9.8146e-05	7.96e-06	-7.399179574	24.21902257	5.09908693226233	4.00812739563939
TCERG1	-1.59839063	9.96606e-05	8.11061e-06	-7.385387801	22.25073126	5.09094648121777	4.00147650251611
CDC27	-1.717415284	0.00010235	8.35801e-06	-7.363315248	16.36081214	5.07789711357739	3.98991215300148
PUF60	-0.871200562	0.000104286	8.54517e-06	-7.347075311	23.76979042	5.06827929288151	3.98177399004754
CSPG4	-0.772498304	0.000106618	8.78566e-06	-7.326755466	25.91264054	5.05622560769271	3.97216946847313
NIFK	-1.650500763	0.000106618	8.79569e-06	-7.325921516	18.70802849	5.05573008554839	3.97216946847313
UBAP2L	-1.681329712	0.000107655	8.9112e-06	-7.316382853	21.60123121	5.05006380906223	3.967965794712
CILP	1.173807981	0.000108235	8.98941e-06	7.309999609	26.76931799	5.04626881128711	3.96563227851839
MYOF	-1.530933968	0.000109507	9.12559e-06	-7.299024099	19.56508928	5.03973904736892	3.96055811859367
SEC31A	-1.28716793	0.000110706	9.25636e-06	-7.288647795	22.02864771	5.03355976306958	3.95582884076286
HNRNPR	-1.160296577	0.000110969	9.30929e-06	-7.284492261	23.18826719	5.03108344048379	3.95479832760321
IARS2	-1.428354703	0.000113775	9.57638e-06	-7.263900256	22.71025923	5.01879862903557	3.94395315582157
PWP2	-1.366804174	0.000117417	9.91569e-06	-7.238605759	20.11358485	5.00367705929368	3.93026902002453
LGALS3BP	0.830686572	0.000118023	9.99971e-06	7.2324847	31.4061254	5.0000125947226	3.9280333503233
AGL	-0.877201523	0.00011834	1.00596e-05	-7.228157854	24.50898388	4.99741928779366	3.92686843505901
EIF4A1	-0.762928318	0.000119839	1.02204e-05	-7.216667329	25.93157532	4.99053210670686	3.92140182361235
EIF2AK2	-1.301831785	0.000120461	1.0307e-05	-7.210557077	19.04044063	4.986867723954	3.91915353588004
SRSF9	-1.466817248	0.00012048	1.03653e-05	-7.206475798	18.30920178	4.98441812372361	3.91908504114337
RAN	-1.083564845	0.00012048	1.03758e-05	-7.205743148	24.34906167	4.98397840813962	3.91908504114337
RPS2	-1.342003372	0.000121733	1.05475e-05	-7.193871046	22.47187853	4.97685046594608	3.91459167505531
GSTM3	-1.516225619	0.000121733	1.05584e-05	-7.193125584	21.51595443	4.97640188898195	3.91459167505531
UBE2Z	-1.486104191	0.000121733	1.06085e-05	-7.189709464	20.61490452	4.9743460192821	3.91459167505531
DDX6	-1.275600378	0.000121733	1.06279e-05	-7.18838902	22.55836588	4.97355254060468	3.91459167505531
TGFBI	0.71245681	0.000121733	1.06533e-05	7.18666021	24.58207286	4.97251584294868	3.91459167505531
PSPC1	-1.558010749	0.000122151	1.0724e-05	-7.181889139	19.63742093	4.96964319468916	3.91310297328568
NXN	-1.16998052	0.000124854	1.10031e-05	-7.163353697	21.58322464	4.95848494000343	3.90359753941516
CAPZB	-0.830656836	0.000124854	1.10309e-05	-7.16153958	26.32617137	4.95738905246569	3.90359753941516
GARS1	-0.751317274	0.000124895	1.10711e-05	-7.158915811	24.59903283	4.95580922643867	3.90345494766169
RPL13	-1.121743918	0.000124895	1.11041e-05	-7.156770433	21.96847328	4.95451663575336	3.90345494766169
RBMX	-1.426975483	0.000125671	1.1234e-05	-7.148397021	22.51676687	4.94946558045988	3.90076492910028
TMPO	-1.820356649	0.000125671	1.12431e-05	-7.147813735	20.72482987	4.94911392655423	3.90076492910028
C1QTNF5	-1.517461035	0.00013226	1.18757e-05	-7.108490381	17.68102558	4.92534078194078	3.87857148163204
GAA	0.651715799	0.00013226	1.19485e-05	7.104106622	26.77869724	4.92268661208921	3.87857148163204
RPS4X	-1.099350964	0.00013226	1.19685e-05	-7.10291214	24.58708948	4.92196027587123	3.87857148163204
CTSF	0.819105995	0.00013226	1.19801e-05	7.10221684	24.94871114	4.92153955679922	3.87857148163204
LDHA	-0.66578846	0.000133643	1.21768e-05	-7.090548265	29.03904882	4.91446682705082	3.87405378394066
COL5A1	1.461471756	0.000133643	1.21799e-05	7.090368317	17.08832881	4.91435627735392	3.87405378394066
IGF2BP3	-2.319391843	0.000134394	1.22857e-05	-7.084176261	19.41534337	4.91060009376457	3.87162011986149
FUCA1	0.696527516	0.000134795	1.236e-05	7.079866108	26.26799166	4.9079815292472	3.87032621694523
CAP1	-0.654496185	0.000134879	1.24053e-05	-7.077247645	26.74488756	4.90639272862924	3.87005566258953
RSL1D1	-1.241845783	0.000136409	1.2584e-05	-7.067026089	23.482474	4.90018129038477	3.86515697483063
ECHS1	1.192756284	0.000136476	1.26282e-05	7.064521813	20.8980688	4.89865854855615	3.86494371480628
RPL14	-1.441480134	0.000142125	1.31906e-05	-7.03344386	22.31773303	4.8797354492783	3.84732952230421
DUT	2.292630094	0.00014254	1.32688e-05	7.029234321	19.70513899	4.87716835196175	3.84606324553907
HADH	-1.742906483	0.000142847	1.33575e-05	-7.024492361	22.38227719	4.87427481714506	3.84512887601716
DNASE2	0.816181327	0.000142847	1.33769e-05	7.023456035	25.59185295	4.87364451951894	3.84512887601716
CRABP2	-1.354401381	0.000147932	1.39216e-05	-6.995095575	22.30949411	4.85631084868817	3.82993787116742
IL1R2	-1.322757444	0.000147932	1.39356e-05	-6.994380574	22.09581262	4.85587432791376	3.82993787116742
MAGOH	-0.841738566	0.000148938	1.40719e-05	-6.987473946	23.9519664	4.85164725979296	3.82699448233632
LONP1	-1.630338141	0.000152842	1.44834e-05	-6.96705213	17.24886889	4.83912947488558	3.81575728802576
STARD9	-0.959366105	0.000152856	1.45865e-05	-6.96203013	23.63882167	4.83604890365392	3.81571750940273
PYGB	-0.914205738	0.000152856	1.46109e-05	-6.960844946	23.88110665	4.83532303163619	3.81571750940273
ECHDC1	-1.922653206	0.000152856	1.46125e-05	-6.960770528	18.14940761	4.8352754758301	3.81571750940273
EPS8L1	-1.740793623	0.00015424	1.47878e-05	-6.952335234	20.2232272	4.83009643174538	3.81180298344124
SARS2	-2.098800862	0.000155129	1.49163e-05	-6.946220067	17.19142092	4.82633889059403	3.80930700706916
CPD	-0.918089413	0.000157735	1.52108e-05	-6.932413691	25.86557068	4.81784794397141	3.8020719298776
IRS2	-3.04743492	0.000158792	1.5357e-05	-6.925663882	19.01246399	4.81369361573009	3.79917138127525
FOXK1	-1.720505209	0.000159235	1.54442e-05	-6.921673255	18.52528296	4.81123458296524	3.79796146777785
FAM83G	-1.343254779	0.000161658	1.57243e-05	-6.909008543	16.5939298	4.80342867897675	3.79140279850751
OTUD7B	-2.502975035	0.000165359	1.61824e-05	-6.888804507	17.35435853	4.79095706804755	3.78157216274624
DLD	-0.837640402	0.000165359	1.61946e-05	-6.888274423	25.5284193	4.7906297744175	3.78157216274624
DDX3X	-1.44029257	0.000165359	1.62225e-05	-6.887063632	19.40473619	4.78988221716921	3.78157216274624
DCHS1	1.001703026	0.000166417	1.63727e-05	6.880589788	22.89791811	4.78587969576153	3.77880231128399
SSRP1	-0.915181298	0.000166493	1.64266e-05	-6.878280444	27.41392487	4.78445231812564	3.77860402116835
ASCC1	-1.539006705	0.000167865	1.66087e-05	-6.870541715	19.95413278	4.77966435941624	3.77503984520439
FRMPD1	0.672186114	0.000169076	1.67757e-05	6.863523382	24.08197255	4.77531934896555	3.77191803526032
ADGRL2	0.954684091	0.000170743	1.69886e-05	6.854679811	25.62550015	4.76984240908426	3.76765709217755
BMP1	1.051712452	0.000173399	1.73012e-05	6.841912188	26.67974641	4.7619237734432	3.76095341144882
FKBP4	-0.861678368	0.000174904	1.75549e-05	-6.831727328	26.60659318	4.75560164011329	3.75720025822822
CHKB	-1.241608572	0.000174904	1.76737e-05	-6.827011767	17.54227836	4.75267252115709	3.75720025822822
HMCN1	1.114399754	0.000174904	1.77472e-05	6.824112497	25.10692989	4.75087015643825	3.75720025822822
RPL34	-1.011696069	0.000174904	1.77937e-05	-6.822281951	21.92705169	4.7497337358675	3.75720025822822
UAP1	-2.1664483	0.000174904	1.78214e-05	-6.82119835	19.2176615	4.74905818198309	3.75720025822822
PRDX6	-0.707619971	0.000174904	1.78216e-05	-6.821190251	25.53275218	4.74905330815673	3.75720025822822
NAT10	-1.173170814	0.000174904	1.78361e-05	-6.820622757	16.12499967	4.7487001013972	3.75720025822822
MYO1E	-1.745213007	0.000174904	1.78413e-05	-6.820415584	17.83841237	4.74857350409348	3.75720025822822
C1QBP	-0.871099762	0.000176251	1.80279e-05	-6.813152833	22.94923032	4.74405485960753	3.75386841026139
HSPA4	0.723875122	0.000177856	1.82416e-05	6.804926808	29.64888007	4.7389370716712	3.74993147923874
ARHGEF10	-1.790046672	0.000178328	1.83853e-05	-6.799457656	19.80099566	4.73552927918747	3.74878046113884
RPS26	-1.146677294	0.000178328	1.83894e-05	-6.799299028	22.28872321	4.73543244047046	3.74878046113884
HNRNPL	-1.216037915	0.000179456	1.85558e-05	-6.793023471	23.11581296	4.73152031708475	3.74604201672149
NIPSNAP3A	-1.221230143	0.000181928	1.89301e-05	-6.779115813	20.4568284	4.72284709182947	3.74010045481408
LEFTY1	-3.134306598	0.000181928	1.89446e-05	-6.779324118	20.12816811	4.72251456007105	3.74010045481408
TIMP3	-2.437470982	0.000181928	1.89635e-05	-6.777888953	20.32836548	4.72208150400187	3.74010045481408
LIMA1	-1.721308626	0.00018452	1.92851e-05	-6.766193371	22.58111625	4.71477810482306	3.73395655406377
MYADM	-1.568604801	0.000184581	1.93429e-05	-6.76411261	22.01936423	4.71347841341845	3.73381300547605
BCHE	-0.734110192	0.000185992	1.95427e-05	-6.756974258	26.71881455	4.70901543477819	3.73050573551636
NEPRO	-2.310377641	0.000188929	1.99066e-05	-6.74416777	18.44858057	4.70100291010475	3.72370137414108
EIF3D	-0.895365989	0.000188929	1.99565e-05	-6.74242882	24.1963267	4.69991562356826	3.72370137414108
CAST	0.994281089	0.000190153	2.01493e-05	6.735764245	27.16535248	4.69574003693816	3.72089681843453
MEX3D	-1.317580435	0.000190153	2.02442e-05	-6.732505346	17.15872476	4.69369938078494	3.72089681843453
GLCE	1.154943988	0.000190153	2.02448e-05	6.732486229	23.29253966	4.69368650930433	3.72089681843453
HSD17B10	-1.244914893	0.000192585	2.05965e-05	-6.720557801	20.00343013	4.68620657379736	3.71537754208645
KLHL18	-1.6966386	0.000192585	2.06111e-05	-6.720068294	18.46078066	4.68589882960934	3.71537754208645
GALK2	-1.217916598	0.000192824	2.06904e-05	-6.717408855	17.19109483	4.68423111319538	3.71483891224397
ATXN2	-2.906673038	0.000196068	2.10932e-05	-6.704075389	18.34510674	4.675857529463	3.70759328117897
ATRN	0.932086479	0.000196191	2.11611e-05	6.701854365	27.13598763	4.67446176047838	3.70732091917823
UBTF	-0.966569204	0.000198359	2.14502e-05	-6.692481177	26.21505143	4.66856865413234	3.70254808981215
OLFML2B	1.815067977	0.000202357	2.1939e-05	6.676935667	17.40737515	4.65878317185609	3.69388176775479
HMGA1	-1.102956896	0.000204319	2.22814e-05	-6.666263896	24.37875952	4.65205752475626	3.68969124564617
ERAP2	-0.976020421	0.000204319	2.23211e-05	-6.665037502	24.41134101	4.65128440685997	3.68969124564617
RPL35	-0.943600943	0.000204319	2.23225e-05	-6.664994408	23.93688046	4.6512571683633	3.68969124564617
SMNDC1	-1.700747269	0.000205648	2.2525e-05	-6.658775315	18.47102592	4.6473352003489	3.68687550980269
MME	-1.178754635	0.000206746	2.27029e-05	-6.653361505	17.93024951	4.64391866379566	3.68456288416832
PDCL3	-1.582654929	0.000207247	2.28156e-05	-6.649954623	21.96062883	4.64176810575335	3.68351174735369
H1-3	-1.028762965	0.000207311	2.28804e-05	-6.648003744	27.53091796	4.64053638738451	3.68337765346544
LINGO1	1.090496677	0.000209776	2.3211e-05	6.638144021	21.57301669	4.63430614842274	3.67824419995458
PRKAR2A	-0.811457819	0.000211264	2.34346e-05	-6.631561001	25.33826856	4.63014245495688	3.6751745016858
ALDOC	-0.783788608	0.000214886	2.38962e-05	-6.618174925	23.33699734	4.62167115554735	3.66779187823031
PRKDC	-0.83310299	0.000215437	2.40175e-05	-6.614704114	25.69502917	4.6194722006263	3.66667970718528
RABL6	-1.108593292	0.000215487	2.41801e-05	-6.610077423	23.97598385	4.61654190738929	3.66657892503255
OGFOD3	3.045107652	0.000215487	2.4194e-05	6.610386005	19.70108659	4.61629232368791	3.66657892503255
TOP2A	-1.241694352	0.000215487	2.42033e-05	-6.609422249	24.14915694	4.61612541608226	3.66657892503255
SORD	-0.976217914	0.000217861	2.46252e-05	-6.597586177	24.07159453	4.60862023357985	3.66182050725132
RPL35A	-1.083674902	0.000217861	2.46301e-05	-6.597449309	23.85709732	4.60853382489009	3.66182050725132
RBMXL1	-1.229887742	0.000217861	2.4652e-05	-6.596840418	19.79237022	4.60814784094136	3.66182050725132
CFI	1.071267812	0.000220489	2.50109e-05	6.586953446	25.74145166	4.60187068020068	3.65661307222093
CHERP	-1.501977884	0.000220703	2.50967e-05	-6.584612507	19.25288923	4.60038338075048	3.65619176346458
ASPSCR1	-0.891843417	0.00022307	2.5428e-05	-6.575648377	21.89939278	4.59468779724158	3.65155883272164
PAK2	-1.005021711	0.000224631	2.56686e-05	-6.569217709	21.4439266	4.59059781768833	3.64853030951751
OR11A1	-1.203510216	0.00022505	2.57792e-05	-6.566282933	19.77845367	4.58873056413453	3.6477209827255
HSPA6	-2.481835887	0.000225101	2.58696e-05	-6.563894053	18.01530009	4.58721028636408	3.64762257566355
TTC39B	-1.392289723	0.000225101	2.59246e-05	-6.562444145	19.54762299	4.58628793577336	3.64762257566355
NFASC	0.932226161	0.000225101	2.59732e-05	6.56116662	24.69005706	4.58547454029262	3.64762257566355
SWAP70	-0.854775726	0.000226555	2.62041e-05	-6.555128421	24.35766157	4.58163075188377	3.64482634863179
EIF4G2	-1.283814013	0.000227121	2.63329e-05	-6.551786827	21.37592057	4.57950131010608	3.6437427083057
EMILIN2	-2.630203358	0.00023012	2.67447e-05	-6.589384227	21.49460715	4.57276226929917	3.63804563464654
WARS1	-0.92140551	0.000231603	2.69816e-05	-6.535210495	24.03222169	4.56893230038065	3.63525581940485
CSTF3	-2.183091971	0.000235521	2.75037e-05	-6.522175378	19.488817	4.56060887775181	3.62797036336518
RAB3GAP2	-1.63181412	0.000236192	2.76479e-05	-6.518620279	17.90179736	4.55833785000295	3.62673481635288
SDC2	1.361848146	0.000238802	2.80199e-05	6.510219285	26.27470725	4.55253341899763	3.62196204025068
ROBO1	0.74666335	0.000241887	2.84494e-05	6.499216425	26.23633261	4.54592688847583	3.61638747177858
EEF1E1	-1.244007831	0.000242862	2.86318e-05	-6.49488315	18.32053681	4.54315134825872	3.6146404328332
PCDH7	-0.64759737	0.000245741	2.90396e-05	-6.485295468	24.23226187	4.5370093700308	3.60952237877319
TGOLN2	1.048390833	0.000247692	2.93392e-05	6.478345023	25.36328214	4.53255173235785	3.60608802010759
DNAJC13	-0.802446105	0.000251011	2.98023e-05	-6.467746434	22.69273371	4.52575021784445	3.6003072461101
XPNPEP1	-0.738861402	0.000251837	3.00098e-05	-6.463052834	23.42909016	4.52273689891656	3.59888046280898
RPS6	-1.280680645	0.000251837	3.00407e-05	-6.462356873	23.46067163	4.52228995174126	3.59888046280898
HUWE1	-0.694047614	0.000260475	3.11437e-05	-6.438004648	26.93407842	4.50662979272722	3.58423395329754
FRG1	-5.351665827	0.000265547	3.18242e-05	-6.777671393	17.78144011	4.49724250487627	3.57585860063086
GTF3C4	-1.338097501	0.000265633	3.19086e-05	-6.421648648	20.11914654	4.49609225019737	3.57571797287465
CEP97	1.171634423	0.000273316	3.29076e-05	6.400901771	21.61067794	4.48270379029038	3.5633349438349
RANBP2	-2.116429848	0.000274845	3.31684e-05	-6.395596703	21.21152761	4.47927547776995	3.56091215934282
TCTN3	1.764206296	0.000277162	3.35251e-05	6.388408975	17.44056325	4.4746299180436	3.55726631345989
ECE1	-1.345109845	0.000278226	3.3808e-05	-6.382768862	24.67120641	4.47098052029176	3.55560228797117
NOS1	-1.980753372	0.000278226	3.38596e-05	-6.381744727	16.63986668	4.47031817672971	3.55560228797117
SLC15A2	2.588788145	0.000278226	3.39473e-05	6.38000813	18.08362727	4.46919476164066	3.55560228797117
AGMAT	-1.533999656	0.000278226	3.3964e-05	-6.379677879	18.23224727	4.46898116779121	3.55560228797117
HNRNPA2B1	-1.112895623	0.000283789	3.47223e-05	-6.364872347	27.89857269	4.45939151494068	3.54700444232423
PGM2L1	-0.608407191	0.000283825	3.48124e-05	-6.363135802	26.25552428	4.45826603500853	3.54694935347382
PNN	-1.004180283	0.000283825	3.48848e-05	-6.361742054	25.4766775	4.45736376255571	3.54694935347382
XP32	-1.441328191	0.000286848	3.53364e-05	-6.353129428	18.47128777	4.45177769760722	3.54234817381707
ISG15	-1.139944713	0.000290002	3.5855e-05	-6.343380984	20.54095455	4.44545027316226	3.53759900697701
LAMC2	-0.667004751	0.000290002	3.58866e-05	-6.34279211	27.70043467	4.44506768602967	3.53759900697701
FAM83B	1.24079807	0.000290659	3.60489e-05	6.339774214	19.0619209	4.44310798285076	3.53661622495317
CBX5	-0.898000145	0.000292187	3.63198e-05	-6.334770546	23.74917323	4.43985655164698	3.53433911062575
CYB561	-1.524600872	0.000292558	3.64475e-05	-6.332424509	18.52231015	4.43833225536906	3.53378802160607
UPF1	-1.103177415	0.00029278	3.65567e-05	-6.330425357	23.18101785	4.43703301524879	3.53345859355047
ACY1	-0.902686508	0.000298854	3.73984e-05	-6.315230004	23.12853147	4.42714697764003	3.52454092699342
STK3	-2.309168631	0.000302164	3.78968e-05	-6.306400536	18.84766594	4.42139746024341	3.51975727901972
NME2	-0.600836237	0.000304376	3.82591e-05	-6.300061115	25.54232473	4.41726525045172	3.51658959460345
RBM15	-1.590988061	0.000304464	3.83588e-05	-6.298326515	18.7351122	4.41613498756837	3.51646405122695
ATP9A	-1.661546981	0.000304464	3.84398e-05	-6.296921647	17.53431806	4.41521888060605	3.51646405122695
RPL6	-1.022542648	0.0003047	3.85546e-05	-6.294936421	25.4390182	4.4139237982762	3.51612754577733
SVEP1	2.864432707	0.000304978	3.86748e-05	6.292864672	19.21054224	4.41257192350115	3.51573148794241
CD2AP	-0.867408647	0.000306102	3.89026e-05	-6.28895446	25.19604495	4.41002137224964	3.51413383281323
LARP7	-2.013125191	0.000307312	3.91421e-05	-6.284871681	20.16535782	4.40735587786181	3.51242048096708
PAFAH1B1	-0.624427107	0.000309787	3.95436e-05	-6.278083095	25.98700411	4.40292379559481	3.50893681106592
PDXK	-0.719117089	0.000311747	3.98806e-05	-6.272442624	23.09857391	4.39923831639025	3.50619771712677
NAA15	-1.423870729	0.000314211	4.02835e-05	-6.265765992	20.51374935	4.39487280314693	3.50277861510865
ICOSLG	0.758127182	0.000316784	4.07016e-05	6.258910657	24.89583081	4.39038851810861	3.4992367617012
IPO4	-0.986623553	0.000318789	4.10481e-05	-6.253284727	23.65381763	4.38670694033778	3.49649667260127
RHEB	-1.411167016	0.000326784	4.21686e-05	-6.235434056	20.83854145	4.37501081734813	3.48573921554788
CTBS	0.782597509	0.000326978	4.22881e-05	6.233560199	24.5284555	4.37378182722133	3.48548146691164
PUS7	-1.075233148	0.000326978	4.23759e-05	-6.232187853	17.27988722	4.37288106493322	3.48548146691164
RPS25	-1.183577983	0.000327517	4.2537e-05	-6.22967507	23.92314679	4.37123314276871	3.48476615272692
MMP10	0.992934301	0.000334278	4.35084e-05	6.214739336	25.00598368	4.36142688737949	3.47589220490011
DHX16	-1.253570279	0.000340172	4.43703e-05	-6.201779034	17.28212028	4.35290763488714	3.4683014365963
FGF18	0.957838034	0.000341864	4.46863e-05	6.19709475	25.93230864	4.34982560318493	3.4661466301906
STRN3	-1.582252253	0.000343728	4.50257e-05	-6.192101356	19.82467807	4.34653952662005	3.463785088898
TES	-1.20987576	0.000344127	4.51738e-05	-6.189935386	20.76440561	4.34511337524296	3.4632812515552
RPS3	-0.589495021	0.00034552	4.54629e-05	-6.185729699	25.8548328	4.3423428648313	3.46152680896056
MKI67	-1.321471658	0.00034552	4.55494e-05	-6.184476219	23.50123282	4.34151733940241	3.46152680896056
AFAP1	-3.309304727	0.000351361	4.64173e-05	-6.22643536	18.45006055	4.33332012517274	3.4542464455293
NEGR1	1.248449004	0.000353308	4.6773e-05	6.167014549	20.69537711	4.33000477373782	3.45184652866615
RABGAP1	-1.099822491	0.000354368	4.71747e-05	-6.161387951	23.32452283	4.32629085298092	3.45054550250418
SCEL	-1.234441504	0.000354368	4.7187e-05	-6.161216282	18.60985586	4.32617763284695	3.45054550250418
RRM2B	-1.533183339	0.000354368	4.72596e-05	-6.160203944	20.32937155	4.3255099585083	3.45054550250418
UBR4	-0.754215169	0.000354368	4.73083e-05	-6.15952718	24.77948278	4.32506265782513	3.45054550250418
SRM	-1.233852093	0.00035573	4.75893e-05	-6.15563273	21.38383423	4.3224906832738	3.44887950764228
PLCG1	-1.437137526	0.00036643	4.91229e-05	-6.134798278	21.32727959	4.30871600227364	3.43600897741385
ANKZF1	-2.08469449	0.00037008	4.97153e-05	-6.126934062	18.62356281	4.30350993555225	3.43170438457346
HNRNPA0	-1.16110876	0.000372484	5.01421e-05	-6.121329197	19.85693596	4.29979748132089	3.42889237757595
FUBP3	-1.119729129	0.000373638	5.04103e-05	-6.117832275	17.37314447	4.29748071799615	3.42754896126669
EIF2B3	-1.132575547	0.000373638	5.05776e-05	-6.115661428	18.65807434	4.29604178257338	3.42754896126669
NPR3	-0.708730243	0.000373638	5.06098e-05	-6.115244886	24.80585522	4.29576537893441	3.42754896126669
CPM	1.027115297	0.000376384	5.1175e-05	6.107972427	23.20022218	4.29094214866546	3.42436884661408
INF2	-1.215259416	0.000376384	5.11916e-05	-6.107759931	16.55234684	4.29080129630809	3.42436884661408
SPARC	1.962416692	0.000381747	5.20274e-05	6.097162257	20.98367609	4.28376787684982	3.41822436720819
PSMD14	-1.042305966	0.000387948	5.29806e-05	-6.085294224	20.97198524	4.27588312766933	3.41122648272154
RPN2	1.161970761	0.000388464	5.32134e-05	6.082429757	18.60813004	4.27397899151571	3.41064922223186
SH3GLB2	-1.287772114	0.000388464	5.32676e-05	-6.081764971	16.60593415	4.27353687014284	3.41064922223186
ABHD10	-1.001127553	0.000389349	5.34975e-05	-6.078952367	20.88291813	4.27166651258762	3.40966093640392
RPL3	-1.118761692	0.000393593	5.41903e-05	-6.070553936	25.5354981	4.26607844470667	3.40495263404254
CLSTN3	0.694419181	0.000399475	5.51116e-05	6.059560531	26.82210374	4.25875698035388	3.39851039457722
QDPR	0.767256822	0.000401894	5.56336e-05	6.053417231	27.17025135	4.25466283634627	3.3958884774764
FTH1	-1.092195761	0.000401894	5.56692e-05	-6.052999986	24.44419178	4.25438501972202	3.3958884774764
UNC119	-1.109307767	0.000404089	5.6086e-05	-6.04814289	17.83803183	4.25114553235406	3.39352297164179
DNTTIP2	-2.054682996	0.000407016	5.66056e-05	-6.042139443	18.34890295	4.24714060187192	3.39038851810861
PDAP1	-1.461628473	0.000408861	5.69761e-05	-6.037893973	22.76589371	4.2443072814294	3.38842431349207
DHX9	-0.785982912	0.000410741	5.73527e-05	-6.033609768	25.4576532	4.24144613194755	3.38643194388355
LMAN2	0.977907678	0.000415847	5.81815e-05	6.02428325	24.56718174	4.23521508622878	3.38106642725296
ACADVL	-1.468614371	0.000428007	6.00021e-05	-6.004280957	16.4431066	4.22183354957549	3.36854912809778
MAP9	-1.495166027	0.000428193	6.01475e-05	-6.002712019	17.12431076	4.22078241917648	3.36836043672916
NDST2	1.33822376	0.00043118	6.07255e-05	5.996511463	18.08833349	4.2166289006258	3.36534139181733
VIM	-1.025515913	0.00043118	6.08074e-05	-5.995637703	24.43557477	4.21604356573374	3.36534139181733
DDX42	-1.079245309	0.000433516	6.12576e-05	-5.990858026	23.2898227	4.21284002233804	3.36299486916014
GIGYF2	-1.535852016	0.000435977	6.17269e-05	-5.985915313	17.9709164	4.20952553328237	3.36053642136572
ZNF207	-0.962577104	0.000437506	6.20653e-05	-5.982375808	20.80056992	4.2071511410549	3.3590159866439
CGNL1	-1.251489675	0.000452511	6.43201e-05	-5.959301356	17.64845628	4.19165328905105	3.34437085915218
FGFBP1	-0.826706714	0.000453165	6.45394e-05	-5.957103045	24.81777527	4.19017507639571	3.3437436400572
EIF4A3	-0.814734126	0.000454069	6.47947e-05	-5.954553065	21.51685459	4.18846051658141	3.34287814704971
CSTF2	-1.212783204	0.000454255	6.49478e-05	-5.953029633	18.41670785	4.18743555535373	3.34270028369971
CTSS	-1.730744523	0.000455418	6.52411e-05	-5.950121529	19.4519708	4.18547872513172	3.34158980827031
CAPS	-1.469054868	0.00045605	6.54586e-05	-5.94797309	21.24192566	4.18403328742973	3.34098753993714
PANK4	-1.935123947	0.000456676	6.5718e-05	-5.945421197	19.07281637	4.18231566194697	3.34039181156236
GRSF1	-1.649859889	0.000456676	6.58031e-05	-5.944587093	18.61994632	4.18175364618573	3.34039181156236
AGA	2.448787701	0.000457279	6.60174e-05	5.992518828	21.54978105	4.18034158373015	3.33981874262442
MANEA	-0.919759929	0.000458097	6.62631e-05	-5.940093395	29.05525312	4.17872825029226	3.33904255233593
PCDHGB7	2.600516137	0.00046205	6.70094e-05	5.932874503	18.17025712	4.17386427070542	3.33531102541976
TRAPPC3	-1.355054329	0.00046205	6.70926e-05	-5.932074527	18.31844869	4.17332537783983	3.33531102541976
CHST10	0.857782905	0.000462821	6.73685e-05	5.929430534	21.68790092	4.17154312236641	3.33458694363298
ALDH9A1	-1.019871026	0.000462821	6.74827e-05	-5.928339593	22.48307532	4.17080754950255	3.33458694363298
C1R	0.687470334	0.000462821	6.76332e-05	5.926904679	25.66067985	4.1698400638616	3.33458694363298
AMY1A	2.223715992	0.000462821	6.77204e-05	5.926626869	21.60184511	4.16928048533452	3.33458694363298
ANKRD29	-1.343086456	0.000472397	6.92533e-05	-5.911668447	17.35779081	4.15955952713509	3.32569286907627
ETFA	-1.374481054	0.000477735	7.0169e-05	-5.903222676	17.72522255	4.15385471269131	3.32081294010654
ANXA1	-0.743745904	0.00047886	7.04677e-05	-5.90049316	25.98901717	4.15200990323821	3.31979143880789
SNRNP200	-0.739278099	0.000480725	7.08762e-05	-5.896779641	23.80463823	4.1494995750272	3.31810329189314
SCPEP1	-0.63648432	0.000483753	7.14574e-05	-5.891534735	24.73649298	4.14595278978758	3.31537632868227
PSMD5	-1.004319192	0.000488581	7.23067e-05	-5.88395137	22.16205539	4.14082145874678	3.31106342593319
ELAVL1	-0.871458995	0.000499179	7.40257e-05	-5.868887319	22.90939945	4.13061747715447	3.30174369330952
SNX1	-1.338412938	0.000499179	7.41534e-05	-5.867782665	19.8762812	4.12986893138696	3.30174369330952
BLVRA	-1.179943259	0.000501493	7.46582e-05	-5.863436755	22.79576337	4.12692248506992	3.29973512462281
QSOX1	-0.553875483	0.000501493	7.49776e-05	-5.860703632	29.64693323	4.12506846526734	3.29973512462281
ATXN2L	-1.387502603	0.000501493	7.50522e-05	-5.860067025	19.15868173	4.12463657278971	3.29973512462281
H2AZ2	-1.051835359	0.000501493	7.50562e-05	-5.860032453	20.90407278	4.12461342714392	3.29973512462281
TJP2	-0.846958194	0.000504601	7.57582e-05	-5.854074133	24.36332125	4.12057035263406	3.2970518931485
HNRNPA1	-1.144667143	0.000504601	7.58027e-05	-5.854236458	29.70659469	4.12031532505109	3.2970518931485
MOXD1	-1.100300196	0.00050536	7.62126e-05	-5.850248351	20.4125226	4.11797322212361	3.29639913611369
PTPRS	0.572248321	0.00050536	7.65115e-05	5.847744685	27.90381857	4.11627328365443	3.29639913611369
NEO1	0.631775109	0.00050536	7.65124e-05	5.847736964	27.41154974	4.11626817510558	3.29639913611369
CRYAB	-0.763125575	0.00050536	7.66858e-05	-5.846289815	26.37878031	4.11528504742757	3.29639913611369
VPS18	-1.247948601	0.00050536	7.67221e-05	-5.845986817	17.71295649	4.11507951837741	3.29639913611369
SUPT16H	-0.564592511	0.00050536	7.67618e-05	-5.845656523	27.42331225	4.11485484997484	3.29639913611369
TSC2	-1.524962784	0.000507348	7.72213e-05	-5.841840601	16.42969147	4.1122628914186	3.29469404730417
TACC3	-1.387973386	0.000507348	7.73466e-05	-5.840804637	19.80749159	4.11155877225152	3.29469404730417
CR2	-1.673039176	0.00050926	7.778e-05	-5.837233771	19.99104304	4.10913206118856	3.2930604342921
CCDC43	-1.534447662	0.000509414	7.79455e-05	-5.835876045	19.5244484	4.10820895272122	3.29292912368493
LGMN	0.653970133	0.00051504	7.89823e-05	5.827437255	28.96099927	4.10247022356523	3.28815904065846
NAA25	-0.832288046	0.00051504	7.90934e-05	-5.826540267	23.74282564	4.10185975497475	3.28815904065846
HSPA9	-0.926613661	0.000516812	7.96201e-05	-5.822304226	24.31059749	4.09897728129323	3.28666741089285
COL5A3	1.346924319	0.000516812	7.96536e-05	5.822036062	17.64650891	4.09879459117731	3.28666741089285
PACSIN3	-1.477092946	0.000520245	8.03277e-05	-5.816660235	20.43160427	4.09513466788794	3.28379208503819
CNOT7	-1.261667624	0.000520339	8.04872e-05	-5.815395106	16.61758257	4.09427318064295	3.28371362201856
TRIP10	-0.963104216	0.000522267	8.0931e-05	-5.811889311	23.07354531	4.09188509334279	3.28210741465827
PPCS	-1.12751456	0.000530012	8.2279e-05	-5.801364268	21.35558429	4.08471099526026	3.27571429742792
FLOT1	0.879712967	0.00053045	8.24948e-05	5.799696185	23.88973559	4.0835734260256	3.27535554625364
SYNGR2	-0.801235285	0.000532379	8.3016e-05	-5.795686349	23.88840431	4.08083819627403	3.27377908385851
TLL2	0.905167025	0.000532379	8.30915e-05	5.795107589	23.7944965	4.08044340090788	3.27377908385851
EXOSC9	-0.915270986	0.000533456	8.34083e-05	-5.792685725	21.27229647	4.07879073035934	3.27290139581823
THSD4	1.988843648	0.000534154	8.37829e-05	5.789834637	21.03347094	4.07684461136319	3.2723335150536
TUBB	-0.906477356	0.000534154	8.38151e-05	-5.78958959	27.53637014	4.07667773249245	3.2723335150536
CRIP2	-0.965741194	0.000537999	8.45684e-05	-5.783899125	22.13982103	4.07279188600734	3.26921853157317
MAN1A1	-1.138374409	0.00055056	8.66963e-05	-5.768107659	20.94345981	4.0619994368245	3.25919534472315
SAP30BP	-1.204826731	0.000551005	8.69199e-05	-5.766472417	23.07388845	4.06088078200031	3.25884446019984
LTV1	-1.170936195	0.000554854	8.76817e-05	-5.760933255	18.02164928	4.05709103854194	3.2558212787437
SERPINB5	-2.147155724	0.000557827	8.83071e-05	-5.756424496	17.87059633	4.05400437720544	3.25350046879491
LGALS3	-0.935833478	0.000565277	8.98434e-05	-5.745488989	24.34126127	4.0465138211578	3.24773868476152
CNN3	-1.291189399	0.000565277	8.98859e-05	-5.745189389	21.66426351	4.04630842876129	3.24773868476152
MGAT5B	-1.438570503	0.000565277	8.99591e-05	-5.744673293	19.69042433	4.04595489813401	3.24773868476152
MARS1	-1.023364787	0.000566044	9.02389e-05	-5.74270571	20.66958902	4.04460620731953	3.24714980871545
SERPINH1	-0.959904001	0.000567334	9.07055e-05	-5.73943849	25.68331832	4.04236637835081	3.2461611886371
PDGFC	-1.594310577	0.000567334	9.07609e-05	-5.739052268	22.03217394	4.0421012062303	3.2461611886371
GALNT3	0.703830748	0.000570996	9.15058e-05	5.733876656	23.84906725	4.03855137775689	3.24336693410794
DSG2	0.866861264	0.000574536	9.22332e-05	5.728864998	28.38309889	4.03511272339916	3.2406827535527
EPCAM	0.992454845	0.000576089	9.28438e-05	5.72469061	24.03608752	4.0322470926317	3.23951041723122
BICD2	-2.094477602	0.000576089	9.28627e-05	-5.724561927	18.08408686	4.03215869329472	3.23951041723122
DPYSL2	-0.89527459	0.000576089	9.29955e-05	-5.723658023	23.18248612	4.03153806620362	3.23951041723122
HIBADH	-1.269410737	0.000576089	9.31247e-05	-5.722779681	16.6375631	4.03093511331538	3.23951041723122
PALD1	-2.029683212	0.00058548	9.48949e-05	-5.71087732	18.99113093	4.02275712752397	3.23248793584011
SLC16A7	0.992490814	0.00058548	9.51008e-05	5.709507976	21.73501074	4.02181582970692	3.23248793584011
MICB	-1.087617816	0.00058548	9.53509e-05	-5.707848836	17.82263964	4.02067520337111	3.23248793584011
EEF2	-0.639792672	0.00058548	9.54648e-05	-5.707094887	28.1228861	4.02015673295841	3.23248793584011
UCK2	-1.267546969	0.00058548	9.5551e-05	-5.706525076	17.61617359	4.01976476342624	3.23248793584011
LASP1	-2.035059594	0.00058548	9.56219e-05	-5.706564539	21.86117199	4.01944263115563	3.23248793584011
SEMA3B	-0.661670219	0.000586045	9.58775e-05	-5.704370659	24.21528505	4.01828329869303	3.23206903500351
KIAA0319L	-0.884206435	0.000586895	9.61801e-05	-5.702381599	22.7486269	4.01691477571901	3.23143959040406
ANOS1	-0.816681891	0.000587688	9.64738e-05	-5.700456957	25.76943673	4.01559061474277	3.23085317705315
LMNA	-0.633276177	0.000588058	9.67358e-05	-5.698745401	30.33229772	4.0144127723995	3.23057983746516
PALM	0.903114946	0.000588058	9.68624e-05	5.697919742	22.09623199	4.01384477446103	3.23057983746516
LSR	0.694143636	0.000590008	9.73479e-05	5.694764932	29.084353	4.01167341269299	3.22914209965904
MAP4	-0.885112488	0.000593027	9.80114e-05	-5.690480809	25.44858366	4.00872340727534	3.22692553313815
SNX2	-0.869168678	0.000599227	9.92031e-05	-5.682861762	23.71886818	4.00347475635532	3.22240862640533
TOP1	-0.641979023	0.000610719	0.000101276	-5.669838163	27.14110135	3.99449345989616	3.21415856851437
SNRPB	-0.613593444	0.000615591	0.000102255	-5.663780626	24.44620828	3.99031544694586	3.2107077382215
FGFRL1	0.907034242	0.000626936	0.000104315	5.651243713	24.70890318	3.98165323760573	3.20277679133116
H2AC20	-0.648081241	0.000627497	0.000104711	-5.648861158	26.19385984	3.98000769283534	3.20238834616017
LYAR	-1.303377886	0.000627497	0.000104758	-5.648580682	20.68648969	3.97981280155317	3.20238834616017
GBA3	-1.126687887	0.000630298	0.000105401	-5.644734712	24.07404479	3.97715526870201	3.200454070933
PCDH1	0.649205909	0.000631704	0.000105812	5.642289182	26.15561881	3.97546507674077	3.1994863731097
LSM14B	-1.224303385	0.000634929	0.000106624	-5.637488599	18.77447312	3.97214502894534	3.19727483633351
GGH	0.821622029	0.000634929	0.000106706	5.637007312	28.37293733	3.97181115982923	3.19727483633351
HDGFL3	-0.87895372	0.000635282	0.000106943	-5.635618424	23.61242453	3.970847637094	3.19703344973545
GMDS	-0.933972446	0.000642146	0.00010841	-5.627067245	23.52281377	3.9649306555789	3.19236621837099
IPO5	-0.7667098	0.000642146	0.00010863	-5.625799007	24.06696857	3.96405022046333	3.19236621837099
SMARCA4	-0.992285878	0.000642146	0.000108635	-5.625768643	23.36057786	3.96403023130345	3.19236621837099
PPA2	-1.311006144	0.000659368	0.000111732	-5.608155326	21.40897699	3.95182242730406	3.1808721335663
PAWR	-1.507942235	0.000662824	0.00011264	-5.603091529	19.07252464	3.94830735820196	3.17860177472636
MACF1	-1.360814938	0.000662824	0.000112688	-5.602827384	20.7706865	3.94812232895174	3.17860177472636
COPS4	-1.669028121	0.000668505	0.00011384	-5.596464163	20.18349323	3.94370511292377	3.17489534013829
OSBPL10	-1.378606646	0.000672247	0.000114745	-5.591510679	18.56952946	3.94026622970983	3.17247112720262
TPM1	-1.062747746	0.000672247	0.000114852	-5.590930687	25.74154271	3.93986143772275	3.17247112720262
RTN3	-0.718946845	0.00068671	0.000117514	-5.576614744	25.12920197	3.92991039074922	3.16322662828193
NFKB2	-2.609289146	0.000687095	0.000117771	-5.601604976	17.20489829	3.928961637312	3.16298321181466
GGT1	1.410278498	0.000689043	0.000118297	5.572467493	21.0665274	3.92702626889672	3.16175367492835
PPIF	-1.500851699	0.000696584	0.000119786	-5.564664601	18.68588477	3.92159393718911	3.15702650517424
UBA6	-1.35453756	0.000696946	0.000120043	-5.563330721	20.2524084	3.92066315963868	3.15680087012371
EEF1D	-0.666201495	0.000718971	0.000124037	-5.542938898	24.88969982	3.90644874629799	3.14328862671583
GAS6	-1.05155441	0.000728737	0.000125979	-5.533268793	21.54557259	3.89970184332863	3.13742917957924
PPP1CA	-1.049136743	0.000728737	0.000126128	-5.532537177	21.46392319	3.89918849078119	3.13742917957924
ZZZ3	-1.132790062	0.000732416	0.00012713	-5.527612827	18.38782863	3.89575195300956	3.13524217688289
SUSD2	-0.746838821	0.000732416	0.000127221	-5.527169871	24.51468829	3.89544119504486	3.13524217688289
ANGPTL2	0.631359007	0.000732416	0.000127377	5.526409866	25.77478397	3.89490898389115	3.13524217688289
COL26A1	-0.796841274	0.000733908	0.000127841	-5.52414976	25.73107412	3.89332984087127	3.13435837822636
POLE3	-0.806558585	0.000734372	0.000128126	-5.522764156	22.13221055	3.89236273199793	3.13408389019095
NPEPPS	-0.553250648	0.000736231	0.000128656	-5.520201357	27.40022763	3.89056995522799	3.13298589994899
MORF4L2	-0.854420248	0.000737869	0.000129148	-5.517831324	21.69786423	3.88891231497026	3.1320207352327
FGFR1	1.604910677	0.000740944	0.000129892	5.514260091	21.25980593	3.88641759613902	3.13021461443636
PSMD8	-1.008804152	0.00074138	0.000130175	-5.512908724	20.50191893	3.88547241365227	3.12995913398867
TRAP1	-1.843889805	0.000742642	0.000130604	-5.51133856	22.25247648	3.88404352174911	3.12922049296006
PALS1	-2.840412776	0.000744731	0.000131179	-5.550360986	18.40792103	3.88213568412263	3.12800056793892
KDM3B	-0.884986173	0.000747815	0.000131931	-5.504597059	21.866243	3.87965314571906	3.12620582782596
QPRT	-0.663689603	0.000753193	0.000133089	-5.499173377	24.0116431	3.87585783811449	3.1230937248682
KPNA4	-1.008282936	0.000754393	0.000133512	-5.49720913	22.1051552	3.87447969834757	3.12240235006325
AKR1C1	-1.138491997	0.000754805	0.000133795	-5.495894666	19.6619303	3.87356011611217	3.12216523163215
COL5A2	-1.150782339	0.000754871	0.000134017	-5.495333238	27.57149468	3.87284010806872	3.12212725866865
SETDB1	-1.819115531	0.000754903	0.000134233	-5.493867724	18.67320116	3.87214070357019	3.12210884872991
SNX27	-0.894376468	0.000756291	0.000134691	-5.491758636	22.31031558	3.87066142269514	3.1213110677562
H2BC21	-0.539870757	0.000756649	0.000134965	-5.490496764	29.15249085	3.86977884096883	3.12110553756013
ECH1	-1.338129906	0.000769637	0.000137496	-5.47898945	21.5142069	3.86170993603878	3.11371406192974
B3GNT2	0.739017471	0.000776994	0.000139027	5.472137743	22.91824057	3.85690084857823	3.10958233483738
USP24	-0.89076563	0.000786167	0.000140888	-5.463916605	22.17945595	3.85112599593053	3.10448518999786
TUBB4B	-0.861533338	0.000786487	0.000141265	-5.462263789	23.84137192	3.8499654261892	3.10430845152121
TPD52L2	-0.860351876	0.000786487	0.000141383	-5.461745675	23.04919891	3.84960280730039	3.10430845152121
ENTPD3	-0.940370712	0.000794025	0.000143329	-5.453299712	17.62988892	3.84366592917173	3.10016582352867
EIF5	-1.189551009	0.000794025	0.000143381	-5.453079012	23.20746467	3.84350839498522	3.10016582352867
RANGAP1	-0.810936539	0.000794025	0.000143403	-5.452984607	22.51824506	3.84344176310464	3.10016582352867
MAPRE1	-0.80681117	0.000795136	0.000143825	-5.451169064	23.87287493	3.84216561730246	3.09955858329561
PCDHA4	2.5970803	0.000813375	0.000147351	5.436679265	19.41041014	3.83164691245737	3.08970918025809
SLC44A1	1.008278079	0.000826868	0.000150025	5.425134268	21.78583849	3.82383636456187	3.08256381505103
MAPK1	-0.827981091	0.000826885	0.000150259	-5.42417556	22.81245938	3.82315950579259	3.08255488626155
CD70	1.412455871	0.000829284	0.000150926	5.421447439	19.83518514	3.82123593793238	3.08129671370696
YIPF6	-1.418061268	0.000830488	0.000151389	-5.41955926	21.17086357	3.81990567974252	3.08066663843406
NRXN3	0.869209098	0.000830488	0.000151812	5.417841933	22.58385094	3.81869389821785	3.08066663843406
COPS7A	0.793700339	0.000830488	0.000151839	5.4177313	22.20227482	3.81861666513749	3.08066663843406
SERPINA5	-1.146902655	0.00083147	0.000152251	-5.416065638	23.21992492	3.81743984619554	3.08015341580044
OSBPL9	-1.837423081	0.000831952	0.000152571	-5.414772737	19.43266137	3.81652800725175	3.07990172988294
PSIP1	-0.816669639	0.000834373	0.000153247	-5.412049495	24.78858642	3.81460801857919	3.07863975796208
PFKP	-0.82375222	0.000835027	0.000153639	-5.410480884	21.58593483	3.81349852821797	3.07829948168833
PTPN11	-0.932765849	0.000835027	0.000154223	-5.408143889	22.99338939	3.81185085308007	3.07829948168833
TUBB2B	-1.017709167	0.000835027	0.000154229	-5.408120672	20.90983216	3.81183395731092	3.07829948168833
BCAP31	1.159878885	0.000835027	0.000154298	5.407843687	22.44587136	3.81163970319539	3.07829948168833
TAF5	-0.983287653	0.000837892	0.000155121	-5.404571863	16.34066515	3.80932940420603	3.07681195610331
NIBAN1	-1.368624776	0.000837892	0.000155295	-5.403883151	17.94765372	3.80884252693317	3.07681195610331
RNASET2	0.845356108	0.000837892	0.000155529	5.402959872	24.65641876	3.80818862036248	3.07681195610331
FEN1	-1.174847427	0.000838432	0.000156076	-5.40080105	21.26001474	3.80666387380439	3.07653215455142
DHFR	-1.533449031	0.000838432	0.000156096	-5.400720431	19.12324612	3.80660822570238	3.07653215455142
GTF3C5	-1.363186491	0.000839707	0.000156568	-5.398866174	18.01989989	3.80529699606818	3.07587222641558
FCHO2	-1.403027656	0.000849378	0.000158607	-5.390911661	21.16224463	3.79967764933691	3.07089899199419
ISYNA1	-0.826050903	0.000864461	0.000161665	-5.379188693	23.15031782	3.79138399340318	3.06325459506427
IGSF9	0.625880403	0.000870825	0.000163276	5.373103581	24.96129607	3.78707764767958	3.06006911154849
POFUT2	-0.656632687	0.000870825	0.000163547	-5.372086688	24.02560701	3.78635741788198	3.06006911154849
ATG13	-1.501838648	0.000870825	0.000163583	-5.371952243	19.30229054	3.78626183140926	3.06006911154849
SEMA3A	-0.657985621	0.000870864	0.000163833	-5.371015107	23.91949341	3.78559861616275	3.06004966205459
CAPZA2	-0.922147432	0.000877318	0.000165407	-5.365152046	24.85455888	3.78144611511573	3.05684296009718
LTBP3	-0.619873476	0.000877318	0.000165536	-5.364674383	23.81446658	3.78110754327101	3.05684296009718
USP10	-1.655878755	0.000885161	0.000167263	-5.358316789	21.50355194	3.77660011805128	3.05297772924311
TMPO	-1.333852523	0.000897153	0.000169782	-5.388677325	25.68703186	3.77010835481673	3.04713348628758
RPL17	-0.984747573	0.000897153	0.000170029	-5.348273466	21.38924772	3.7694769994108	3.04713348628758
COPA	-0.82568151	0.000899342	0.000170695	-5.345882562	23.69722563	3.76777920005816	3.04607512420879
COIL	-1.439029882	0.000900465	0.000171159	-5.344221118	20.42233089	3.76660025955519	3.04553316302465
NMU	-0.903280063	0.000903459	0.000171979	-5.341294326	17.73757199	3.76452458065594	3.04409155143485
NME1	-0.514164983	0.00091082	0.000173635	-5.335437095	28.57528844	3.76036272861354	3.04056744161171
NUP214	-2.168338071	0.00091764	0.00017519	-5.329984662	20.26500596	3.75649068737322	3.03732766376345
RIC1	-0.984434462	0.000924011	0.000176664	-5.324866109	16.75023384	3.75285194055675	3.03432285863826
HNRNPA3	-0.944353325	0.000924421	0.000177	-5.323705328	24.96378267	3.75202673363819	3.03413019724688
NAALAD2	2.507216097	0.00092477	0.000177325	5.323021221	18.51373091	3.75123003147943	3.03396626742461
WDR5	-0.641534998	0.000926318	0.00017788	-5.320678612	23.42239583	3.7498728792231	3.03323989675536
HNRNPDL	-1.076053704	0.000931997	0.00017923	-5.316061546	21.8903413	3.74658929520963	3.03058548559188
TRA2B	-1.168730977	0.000934678	0.000180006	-5.313425111	24.14918778	3.74471301865523	3.02933797940405
CYP2D7	-0.939187719	0.000938353	0.000180976	-5.310147953	20.21316409	3.74237901495766	3.02763375318561
STIP1	-0.755825537	0.000940185	0.000181591	-5.308077461	26.33417305	3.74090567975324	3.02678668195993
PAK4	-2.055553309	0.000941528	0.000182113	-5.306327536	19.44375953	3.73965905131245	3.02616676001835
CACYBP	-0.794775603	0.000947952	0.000183619	-5.301303612	25.52351036	3.73608238213138	3.02321365281267
DTD1	-1.113042454	0.000954725	0.000185197	-5.296088484	22.96341186	3.73236605271887	3.02012170504598
RPS3A	-0.825508315	0.000962205	0.000187055	-5.290007943	24.35151882	3.72803067857303	3.01673239066068
AKTIP	-1.17894754	0.000962205	0.000187185	-5.289586714	16.82555962	3.72772895622952	3.01673239066068
NUDT21	-0.778996769	0.000966587	0.000188307	-5.285948334	21.37234938	3.72513353550714	3.01475905015124
PABPC1	-0.85224275	0.000972482	0.000189726	-5.281377035	25.85553433	3.721873149434	3.0121184284321
SMU1	-0.879659149	0.00097941	0.000191434	-5.275924103	21.83891906	3.71798092601041	3.00903546604922
WIPI2	-1.227829043	0.00097941	0.000191624	-5.275322321	17.98307117	3.71755009852043	3.00903546604922
LOXL2	-0.606726291	0.000980587	0.000192127	-5.273726303	28.34766292	3.71641159855821	3.00851386865224
OAT	-1.738719081	0.000986487	0.000193558	-5.269214389	19.50626325	3.713188874027	3.00590863353948
MLLT1	-1.889432194	0.000991695	0.000194856	-5.265151498	20.67718999	3.71028621688298	3.00362187641859
MMP7	-1.52369352	0.001005104	0.000197771	-5.256131257	19.36961264	3.70383739051096	2.99778899865215
IL6ST	-0.608004753	0.001010652	0.000199419	-5.251094778	23.61738503	3.70023346587366	2.9953983602319
AOC1	-0.869721533	0.001010652	0.000199426	-5.251071747	24.19630951	3.7002182215488	2.9953983602319
PLCB1	-1.095370276	0.001013844	0.000200339	-5.248301615	18.84248159	3.69823449835457	2.99402886467847
DDX24	-0.986245688	0.001014106	0.000200673	-5.247289516	18.27547981	3.69751105670944	2.99391664775508
UPF2	-0.875903191	0.001014265	0.000200987	-5.246339917	21.08169085	3.69683203218573	2.9938485607801
DYNC1LI2	-0.890664547	0.00101515	0.000201473	-5.244874254	21.34279218	3.69578314672729	2.99346978104225
RPL5	-0.740671609	0.00101515	0.000201794	-5.243909577	26.28078526	3.69509175091194	2.99346978104225
FAU	-1.255746784	0.00101515	0.000202011	-5.243256726	20.27432698	3.69462498149777	2.99346978104225
PNPO	-0.618481873	0.001024941	0.000204245	-5.236587212	22.54059261	3.68984856636954	2.9893011337418
HMG20A	-1.478875773	0.001032491	0.000206237	-5.230707111	16.2562694	3.68563341735356	2.98611372530582
DNM1L	-0.907163624	0.001032491	0.000206326	-5.230445751	21.26124323	3.68544604131892	2.98611372530582
ANTXR1	1.521143253	0.0010515	0.000210417	5.218552996	20.04642503	3.67691917560223	2.97819072297766
PABPC4	-1.028682117	0.001059164	0.000212246	-5.213316044	22.88005586	3.67316048574501	2.97503678891934
ACOT7	-0.566227706	0.001061481	0.000213194	-5.210620984	26.70686107	3.67122502198861	2.97408777509102
RTF1	-0.780374394	0.001061481	0.000213302	-5.2103138	23.41770993	3.67100507242262	2.97408777509102
PPP1R10	-1.163965491	0.001064519	0.000214209	-5.20774639	17.51824236	3.6691622862202	2.97284658267891
PLPBP	-0.909566421	0.001067358	0.000215078	-5.205299118	21.0215489	3.66740401065969	2.97168989046546
SART1	-2.034753074	0.001075903	0.0002171	-5.19964348	20.37507837	3.66334017654558	2.96822688151692
RPL8	-0.801456176	0.001076733	0.000217567	-5.198343305	23.71490734	3.66240697664273	2.96789197637008
WDR26	-0.7379171	0.001081923	0.000218917	-5.194605358	23.13839115	3.65972051198382	2.96580364668329
TCEA1	-0.83981999	0.001083757	0.000219669	-5.192534154	22.78400428	3.65823122700695	2.96506808439319
TNPO3	-0.788089078	0.001083757	0.000220032	-5.191537232	23.85503038	3.65751415366508	2.96506808439319
RPL23A	-1.203022277	0.001083757	0.000220487	-5.190291318	20.05089845	3.65661701161429	2.96506808439319
NUFIP2	-1.730684779	0.001083757	0.000220727	-5.189633664	16.71691992	3.65614453936302	2.96506808439319
KPNA2	-0.906871682	0.001083757	0.000220799	-5.189436805	22.70031698	3.65600289786071	2.96506808439319
PAK1IP1	-0.708086383	0.001085414	0.000221439	-5.187689323	23.09804874	3.65474588845646	2.96440458105806
MORC2	-1.148048567	0.001093264	0.000223345	-5.182515419	21.73835421	3.65102376558621	2.96127495250694
EIF4G1	-0.653758621	0.001101781	0.000225859	-5.175762202	26.26016543	3.64616259904786	2.95790472122237
HAS1	-0.942088946	0.001101781	0.000225903	-5.175645185	22.01234531	3.64607800159493	2.95790472122237
PPA1	-0.546041751	0.001101781	0.000226006	-5.175369268	26.20057958	3.64588003106365	2.95790472122237
LRATD2	-3.638027811	0.0011029	0.000226851	-5.342098286	19.69560584	3.64425930194557	2.95746386327786
NARS1	-0.646102443	0.0011029	0.000226572	-5.173861121	23.99070683	3.6447937617138	2.95746386327786
UBA1	-0.630634942	0.001105392	0.000227671	-5.170943466	26.1954382	3.64269228489679	2.9564836828413
SMARCA5	-0.850048935	0.001123239	0.00023166	-5.160476319	24.51848639	3.63514894799231	2.94952782580655
MAMDC2	-0.691644948	0.00112907	0.000233177	-5.15654493	25.81220394	3.63231428952924	2.94727913188254
RBM28	-1.060618596	0.001132382	0.000234177	-5.153969135	18.97031815	3.63045576196903	2.94600704266512
OXCT1	-0.777594571	0.001134497	0.000234931	-5.152034887	22.98098442	3.62905967270453	2.94519664820141
RCOR1	-1.277900621	0.001137514	0.000235923	-5.149497431	22.44092563	3.62722971792675	2.94404324954089
H1-10	-0.975674358	0.001137514	0.00023639	-5.148307396	23.4121057	3.62637089935033	2.94404324954089
GDF11	0.91802802	0.001137514	0.00023677	5.147341554	19.15649871	3.62567332585044	2.94404324954089
DRG1	-1.542493945	0.001137514	0.000236824	-5.147205464	19.69915427	3.6255742878469	2.94404324954089
HNRNPH3	-1.408133291	0.001138173	0.000237427	-5.145673409	20.75874234	3.62446989496755	2.94379172103844
CSDE1	-0.873585587	0.001138173	0.000237595	-5.14524827	25.00531	3.62416270298065	2.94379172103844
CC2D1A	-1.504198149	0.001138977	0.000238081	-5.14402081	18.84939809	3.62327526198448	2.94348504578388
CRLF1	-2.187496283	0.001154908	0.00024181	-5.170788529	21.53581842	3.61652574294995	2.93745261030318
SIPA1L1	-1.561874751	0.001154908	0.000242054	-5.134067685	18.0269664	3.61608773614404	2.93745261030318
FLNC	0.922569783	0.001156148	0.000242637	5.132623844	25.27221537	3.61504297234584	2.93698656775879
ABCE1	-1.611710228	0.001161682	0.000244122	-5.128957133	21.78742686	3.61239308068904	2.93491273988554
RNF150	-0.959635179	0.001177355	0.000247743	-5.120112882	19.56858317	3.60599860769767	2.92909256749205
NUDCD1	-0.724844746	0.001197657	0.000252349	-5.109059652	25.9848688	3.59799841193423	2.92166754282835
ALKBH5	-1.243127667	0.001198677	0.000252898	-5.107756252	18.33657875	3.59705460518465	2.92129782775666
TBC1D13	-1.045626514	0.001199635	0.000253435	-5.106485703	17.34249853	3.59613340816916	2.92095087195125
EIF2S2	-0.883862914	0.001200819	0.0002543	-5.104442292	24.87538355	3.59465363982429	2.92052244907102
SND1	-0.749702421	0.001200819	0.000254354	-5.104313968	23.88271359	3.59456142821439	2.92052244907102
SCARB2	-1.034798708	0.00121264	0.000257196	-5.097654422	20.51375715	3.58973578999135	2.91626811027822
GTF2I	-0.914965834	0.001214035	0.00025803	-5.095715067	21.54622983	3.58832979761419	2.91576879259539
FREM2	-0.907130632	0.001214035	0.000258169	-5.095392943	22.49644357	3.58809590744996	2.91576879259539
MAPRE3	-1.047594904	0.00122845	0.000261576	-5.087539446	17.70511707	3.58240210570602	2.9106425153467
SEMA4C	0.95826632	0.001233136	0.000262918	5.084476975	23.46214457	3.58017968002877	2.90898902332933
DDX17	-2.244644784	0.001235747	0.000263819	-5.082429286	19.20269071	3.57869393017702	2.90807043519454
DENND2C	1.756797879	0.001243214	0.000265759	5.078043993	18.30317679	3.57551201905621	2.90545410786707
NMT1	-2.321764957	0.001251754	0.000267934	-5.185642453	21.83480886	3.57197217226165	2.90248101213185
MAN2B2	0.755360286	0.001254502	0.000268872	5.071080474	23.08592792	3.57045442231611	2.90152864197131
TNPO1	-0.837882412	0.00126858	0.000272243	-5.063633538	23.79643276	3.5650432781487	2.89668213982339
WDR36	-0.944889281	0.001283931	0.000275895	-5.055673539	21.33212162	3.55925617009742	2.89145831514914
TMEM165	-1.109175021	0.001292976	0.000278199	-5.050708614	18.87136895	3.55564443543406	2.8884095363449
SMOC1	0.85255803	0.001309934	0.000282213	5.042161414	23.59957726	3.54942298456386	2.88275058538079
PLAA	-0.977029573	0.001317283	0.000284163	-5.038053882	24.00998941	3.54643247089105	2.88032091286268
DLG3	-1.425274201	0.001320499	0.000285225	-5.035830349	19.46408045	3.54481241119672	2.87926192334357
BUB1B	-2.247103006	0.001322163	0.000285953	-5.034693715	17.17189483	3.54370534280812	2.87871500049578
PCID2	-0.85234221	0.001328801	0.000287759	-5.030558589	21.11886069	3.54097108441681	2.87654005372469
MRE11	0.9115102	0.001333474	0.000289142	5.027700663	21.76145225	3.53888881928264	2.87501544774059
ARHGAP29	-1.053814206	0.001346042	0.000292243	-5.021347939	22.6840947	3.53425588255374	2.87094138878688
PLPP2	-0.9333945	0.001347456	0.000292925	-5.019959178	18.18707757	3.53324356140574	2.87048540741706
FYCO1	-0.928083493	0.001354497	0.000294833	-5.016094011	16.70244858	3.53042390847983	2.86822195252442
DEK	-0.790645775	0.001357961	0.000295966	-5.013812205	23.88907207	3.52875817698328	2.86711270260928
ARPC4	-0.652213218	0.001370911	0.00029917	-5.007405411	24.08016966	3.52408195856053	2.86299073883815
NACA2	-1.001191256	0.001377242	0.000301051	-5.00367949	18.69150792	3.52135992586005	2.86098974163821
CDK11A	-0.728727667	0.001377242	0.000301469	-5.002854601	25.57264611	3.52075733964695	2.86098974163821
PARP1	-0.747502186	0.001377242	0.000301703	-5.002391609	26.13233172	3.52042037137301	2.86098974163821
METRNL	0.771980086	0.001395692	0.000306134	4.993727102	22.59066093	3.51408843390355	2.85521041083797
UCHL1	-0.677748302	0.001403896	0.000308325	-4.98949134	24.54863115	3.51099125982795	2.85266506335938
RALY	-0.727841035	0.001426363	0.000313785	-4.979070205	23.60446157	3.50336782101974	2.84576993532923
ADSS2	-0.824379379	0.001426363	0.000314054	-4.978561445	23.96269075	3.50299567076217	2.84576993532923
ETF1	-0.900750376	0.001426958	0.000314583	-4.977563493	23.55878858	3.50226475026225	2.84558880939178
PLXNA1	0.678167481	0.001433538	0.000316433	4.97408486	22.02491432	3.49971823133565	2.84359079035504
OS9	0.692931146	0.001436703	0.000317694	4.971725766	23.60269351	3.49799098722352	2.84263300138029
RAC3	-0.752630133	0.001436703	0.000317933	-4.971280835	20.89640692	3.49766439195282	2.84263300138029
EIF4B	-0.938290191	0.00143896	0.000318833	-4.96960356	24.59290338	3.49643673440204	2.84195127835021
CNTN4	1.834073734	0.001458785	0.000323864	4.993572293	22.28714167	3.48963732451304	2.83600871098118
SEMA6B	0.649294912	0.001458785	0.000324039	4.960004154	22.85280386	3.48940271675175	2.83600871098118
GNPNAT1	-1.014457597	0.001464086	0.000325624	-4.957112714	18.37258528	3.4872835930843	2.8344334121926
NOLC1	-0.776644983	0.001471903	0.000327957	-4.952885144	26.72251115	3.48418309496799	2.83212080953168
PRSS23	-1.088626585	0.001471903	0.000328184	-4.952476325	22.3034619	3.48388259598583	2.83212080953168
SUMF2	0.78137428	0.001487139	0.000331995	4.945640811	24.09653539	3.47886845692476	2.82764843691738
DHX15	-0.7631972	0.001493541	0.000333841	-4.942360919	24.55995434	3.47646032739223	2.82578285084402
YTHDC1	-0.611120318	0.001494497	0.000334471	-4.941245354	23.98851672	3.47564153136689	2.82550495241109
NCOA7	-1.730509576	0.001495036	0.000335008	-4.940295627	18.59072295	3.47494482187548	2.82534834953814
DRAP1	-1.164135938	0.001498344	0.000336167	-4.938253211	19.8708198	3.473444921537	2.82438846690982
CMSS1	-0.827007252	0.001503603	0.000337766	-4.93544694	17.51559429	3.47138406925744	2.82286681644975
DPF2	-1.048258457	0.001505485	0.000338608	-4.933974041	17.35768195	3.47030278540366	2.82232356725164
COLGALT1	-1.10970591	0.00150961	0.000339957	-4.931624446	21.26774576	3.46857601190986	2.82113523596817
PRKAR2B	-2.650036875	0.001521951	0.00034316	-4.959149315	18.31718517	3.46450334084576	2.81759932967594
GNL1	-1.472706492	0.001522521	0.000343713	-4.925130656	22.30790567	3.46380404155642	2.81743670846768
FAM50A	-0.834413798	0.001524343	0.000344549	-4.92369535	22.83099277	3.4627490062198	2.81691729923882
PATJ	-2.14616875	0.001525542	0.000345245	-4.922502648	19.12402692	3.46187260236015	2.81657583120928
RTRAF	-2.54982769	0.001535832	0.000348002	-4.950399707	18.32175302	3.45841826011529	2.81365628786136
TNKS1BP1	-1.059733252	0.001536425	0.000348565	-4.916851856	23.00152674	3.45771622327877	2.81348863480957
GALNT2	0.719652895	0.001547041	0.000351404	4.912062605	26.15625148	3.45419329927772	2.81049817638608
ENG	-0.908769137	0.001557034	0.000354108	-4.907539642	19.42235885	3.45086426155985	2.80770190390512
ADGRL1	0.707964735	0.001557807	0.000354718	4.906524243	23.6268867	3.4501167728973	2.80748634899146
PPP5C	-0.663409672	0.001565629	0.000356935	-4.90284844	22.45640017	3.44741086431222	2.80531114287935
ALPL	-2.032073805	0.001571089	0.000359264	-4.89901496	18.47368264	3.4445862990343	2.80379921208665
AAMP	-0.664785247	0.001571089	0.000359322	-4.898918369	25.0606403	3.44451619168457	2.80379921208665
HDLBP	-1.181946296	0.001571089	0.000359494	-4.898636938	21.06795312	3.44430835365005	2.80379921208665
AREG	-1.356154597	0.001572461	0.000360246	-4.897404979	19.82106888	3.44340083268628	2.80342011707178
CLIC1	-1.033639369	0.001594116	0.000365651	-4.888628539	23.05269271	3.4369332345086	2.79748007922165
AKT1	-1.110182675	0.001599516	0.000367336	-4.885921092	22.28471543	3.43493650744233	2.79601141129919
CPSF7	-1.384131274	0.001616523	0.000371749	-4.878889324	21.25988373	3.42975019105097	2.79141811183682
XRN2	-1.044422698	0.001616523	0.000372249	-4.878098251	21.50651684	3.42916646025158	2.79141811183682
HDAC7	-1.213297127	0.001616523	0.000372631	-4.877494586	19.71128792	3.4287210180149	2.79141811183682
RUVBL1	-0.65681968	0.001616523	0.000373044	-4.876843169	25.21412986	3.42823994076444	2.79141811183682
CES3	1.281230039	0.001626974	0.000375909	4.872341016	20.76988375	3.42491727629857	2.78861938728856
IL13RA1	1.027105972	0.001629751	0.000377005	4.870628458	20.16325829	3.42365288995864	2.78787874380865
ADAMTSL2	-0.819728563	0.001631973	0.000378276	-4.868649363	19.77978722	3.42219121196712	2.7872870306606
HSPB1	-0.5082489	0.001631973	0.000378732	-4.867940932	27.91860045	3.42166799871786	2.7872870306606
MYBBP1A	-1.589665926	0.001631973	0.000378883	-4.867705282	20.943473	3.42149488053082	2.7872870306606
SLC4A7	-1.388696805	0.001633495	0.000379692	-4.86645154	20.65353109	3.42056855322222	2.78688219052784
RAB11B	-0.636239673	0.0016535	0.0003849	-4.858443326	23.42841077	3.41465208890541	2.78159580075028
PGRMC1	0.831428658	0.0016535	0.000385477	4.857562258	21.11554228	3.41400152960025	2.78159580075028
ZNF512B	-0.994420731	0.0016535	0.000385724	-4.857185624	17.29065144	3.41372333820605	2.78159580075028
ARL6IP5	-0.601297968	0.001660476	0.000387815	-4.854010448	22.96913482	3.41137539718809	2.77976739717664
KDM1A	-0.989484695	0.001667897	0.000390013	-4.850690732	22.40487433	3.40892091673204	2.77783077247095
YIF1B	-0.951540282	0.001673478	0.000391784	-4.848029266	18.78009415	3.40695330405746	2.77637999262285
NOL9	-1.099059473	0.001677656	0.00039323	-4.845866728	17.60285137	3.40535335671617	2.77529708559167
FAT1	-0.468068759	0.001678103	0.000393802	-4.84501281	28.6319541	3.40472208254336	2.77518138620172
MYO1C	-1.601718421	0.001678672	0.000394727	-4.84363587	20.00579106	3.40370316610521	2.7750341534783
HDAC2	-0.667633459	0.001678672	0.000394871	-4.843421199	24.26599814	3.40354476042007	2.7750341534783
IPO11	-0.811524182	0.00169026	0.000398068	-4.838689088	23.20397478	3.40004273319712	2.7720464859897
FXR2	-1.508706691	0.00169454	0.000399549	-4.836511325	17.17243573	3.39842995195784	2.77094817508612
UBE2V1	-0.796400306	0.001697893	0.000400813	-4.834658792	22.35264842	3.39705820097139	2.77008968215671
SP100	-0.840593662	0.001725516	0.000407814	-4.82450478	16.4122902	3.38953786924355	2.76308100931976
MICA	0.613655479	0.00174143	0.000412061	4.818434893	22.71249613	3.3850384878445	2.75909397812491
CTSC	0.591532613	0.001744588	0.000413294	4.816683905	27.16502595	3.38374089954724	2.75830711910753
AFDN	-1.035753031	0.001753887	0.000415986	-4.812882155	23.360823	3.38092128529888	2.75599839093425
PAM	0.465903932	0.001760626	0.000418075	4.80994925	26.14949443	3.37874580156383	2.75433288899959
SEH1L	-1.114574056	0.001767019	0.000420086	-4.807140961	22.08708385	3.37666179173994	2.7527587806852
KIF5B	-0.765875705	0.001770577	0.000421577	-4.805067021	23.92466257	3.37512309097757	2.7518851816153
FAT4	-1.027965817	0.001770577	0.000421918	-4.804593157	18.54184643	3.37477194621347	2.7518851816153
SPEN	-1.011606058	0.001777168	0.000423984	-4.801735179	22.47170759	3.37265053218751	2.75027151534369
NMD3	-0.692512093	0.001798794	0.000429645	-4.793978312	21.77031659	3.36689023795051	2.74501856972053
RPIA	-1.24154033	0.001822448	0.000435803	-4.785660671	20.31847109	3.36070978446388	2.73934485457939
ANKRD50	0.918377207	0.001843049	0.000441328	4.778301438	21.15475149	3.35523851791938	2.73446311830956
PRKAB1	-1.391630406	0.001843049	0.000441756	-4.777734676	16.1149718	3.35481754312466	2.73446311830956
HSD17B4	-0.940362486	0.001852958	0.000444648	-4.773925321	19.31000918	3.35198365677442	2.73213442448842
BZW2	-0.869317008	0.001855369	0.000445945	-4.772225028	20.92317237	3.35071870108478	2.73156970398594
RALBP1	-1.167159155	0.001855369	0.000446261	-4.771812214	19.93252662	3.35041106571354	2.73156970398594
NAMPT	-0.852662609	0.001857797	0.000447363	-4.770372797	24.83500175	3.34933993789767	2.73100174276236
NAA10	-1.302594272	0.001876639	0.000452423	-4.763810411	20.70478249	3.34445532479172	2.7266192624807
BMP7	-0.811550265	0.001878885	0.000453785	-4.762056305	22.53645482	3.34314986394887	2.72609980073706
SPP1	-1.848651669	0.001878885	0.000454278	-4.761423484	18.87939384	3.3426782949044	2.72609980073706
PEAK1	-1.577630476	0.001878885	0.000454831	-4.760713656	16.14234221	3.34214994268676	2.72609980073706
SEC24C	-1.958208646	0.001878885	0.000455059	-4.760421766	20.23487527	3.34193229188513	2.72609980073706
RBM10	-1.546563012	0.001900958	0.000461224	-4.752576411	21.84002146	3.33608810207904	2.72102747838429
VBP1	-0.721368535	0.001900958	0.000461465	-4.752272737	23.73056151	3.33586123263003	2.72102747838429
PSMD13	-0.941110105	0.001916222	0.000466098	-4.74645142	22.22821517	3.33152276059633	2.71755417803937
TM9SF3	-0.957039652	0.001916222	0.000466238	-4.74627662	20.52558547	3.33139233287945	2.71755417803937
NCKIPSD	-0.778271717	0.001935194	0.000471393	-4.739872546	20.57438069	3.32661687086546	2.71327549115865
MTOR	-1.079692592	0.001935457	0.000471997	-4.739127521	20.21339277	3.32606076172097	2.71321647294754
FGD4	-1.917119765	0.00194151	0.000474014	-4.736644929	17.70502638	3.32420883125216	2.71186036822191
SNRPA1	-1.143413447	0.001948695	0.000476311	-4.733830901	21.67655077	3.32210938870857	2.71025612916479
SNU13	1.037824584	0.001968419	0.000481681	4.727308726	19.46573086	3.31724048417736	2.70588245162651
BRD3	-1.122848478	0.00197318	0.000483396	-4.725241543	22.4033622	3.31569694760879	2.7048332951629
OSBPL8	-1.199618297	0.001975067	0.000484409	-4.724024293	18.47855979	3.31478779654875	2.70441816725942
PPP1R18	-1.052075333	0.001983842	0.000487114	-4.720786424	16.77321459	3.31236938831907	2.70249291951076
ZC3HAV1	-1.28132867	0.002018175	0.000496107	-4.710155911	17.51593767	3.30442464508652	2.69504117792115
TCOF1	-0.68076876	0.002026023	0.000498601	-4.707243342	27.78238237	3.30224685480528	2.69335562871099
NELFCD	-0.925943203	0.002036982	0.000501865	-4.70345378	18.16502102	3.2994130909027	2.69101280867053
DDX23	-0.915521699	0.002046022	0.000504663	-4.700226685	23.29385788	3.2969985349431	2.68908970081583
CTSD	0.510613147	0.002047526	0.000505755	4.698971201	29.49329152	3.2960598150096	2.68877057475199
FUS	-0.98740042	0.002047526	0.000507083	-4.697449321	25.76024917	3.29492094896691	2.68877057475199
PKP2	-1.113383816	0.002047526	0.000507281	-4.697223587	19.07442541	3.29475140369814	2.68877057475199
KPNA3	-1.048752048	0.002047526	0.000507356	-4.697137788	19.8302661	3.29468719928572	2.68877057475199
DDX1	-0.584271042	0.002047526	0.000507887	-4.696530399	25.47870202	3.29423290333703	2.68877057475199
TBC1D17	-1.069950275	0.002047764	0.000508517	-4.695811516	20.27288212	3.29369452379771	2.68872009623311
ZC3H13	-0.841938336	0.002048738	0.00050933	-4.694884558	22.2424011	3.29300074273067	2.68851357719157
FLT1	-1.090459556	0.002075927	0.000516785	-4.686455374	18.62816077	3.2866901004924	2.68278792252618
TBC1D8	-0.948899997	0.002075927	0.000517246	-4.685938828	16.86095978	3.28630285916323	2.68278792252618
RAB7A	-0.802914782	0.002100752	0.000524017	-4.678399979	23.95163501	3.28065462353835	2.6776252143188
MARK3	-1.809995498	0.002114895	0.000528134	-4.673865503	18.0866125	3.27725587277457	2.67471118954311
AURKA	-1.658089808	0.0021217	0.000530425	-4.67135856	16.4446521	3.27537601494608	2.67331602361812
TET1	-1.1080879	0.002125821	0.000532048	-4.669589443	20.85391597	3.27404918500803	2.67247330706817
LOX	-2.497522062	0.002126392	0.000532783	-4.697680143	19.41537099	3.27344964105243	2.67235667031895
ENO3	-0.6584928	0.002149023	0.000539053	-4.662017067	24.86555364	3.26836853263153	2.66775893643055
WDR18	-1.212340035	0.00215154	0.000540284	-4.660697067	20.64532067	3.26737789349097	2.66725057539235
EEF1A2	-0.998629992	0.002163879	0.000543985	-4.65674627	24.69409481	3.26441307549859	2.66476702780832
IRAK4	-0.97753612	0.002176714	0.000547819	-4.652684392	16.30679576	3.26136290919038	2.66219862947125
ARRB1	-1.706765897	0.002181918	0.000549736	-4.650663378	18.23006895	3.25984582190381	2.66116157492856
PTBP1	-0.627646837	0.002204598	0.000556065	-4.644045759	24.62334074	3.25487443954858	2.65667059091194
APCS	1.706997866	0.002228479	0.00056271	4.637182072	19.17608607	3.24971536686799	2.65199145411857
PTGFRN	-0.566186586	0.002233324	0.000564627	-4.635217137	28.07565429	3.24823835808665	2.65104826698464
FSD1	-1.227163853	0.002233324	0.000565178	-4.634653876	22.09106156	3.24781475175015	2.65104826698464
MACROH2A1	-0.56747707	0.002236241	0.000566539	-4.633264393	24.78065305	3.24677018835698	2.65048139428738
PSME1	-0.607167601	0.002252147	0.000571197	-4.628537043	26.9079653	3.24321408219629	2.64740326603859
PTPA	-0.709426211	0.00225888	0.000573534	-4.626179728	22.51974089	3.24144083133778	2.64610683978441
DIS3L2	-1.329126193	0.002262681	0.000575129	-4.624576362	17.34272818	3.24023473321528	2.64537666995388
TRIM25	-1.119763704	0.002268222	0.00057717	-4.622532256	21.67303611	3.23869625064344	2.6443144415531
FASN	-0.698841265	0.002270229	0.000578942	-4.620763385	27.31665376	3.23736494290756	2.64393033293013
BZW1	-0.748612867	0.002270229	0.000578946	-4.620759366	22.93734494	3.23736194231005	2.64393033293013
MGAM2	0.992912001	0.002271429	0.000579886	4.619824238	19.1643137	3.23665737615632	2.64370083375146
HCLS1	-1.249786377	0.002272161	0.000580706	-4.619008997	18.09593608	3.23604368670401	2.64356089878219
BPGM	-1.115121643	0.002279778	0.000583288	-4.616449731	17.66300465	3.23411695823035	2.64210744162634
NOP14	-1.656142009	0.002280132	0.000584014	-4.615732266	19.72260789	3.2335767418433	2.64204001036261
WDR13	-1.277458859	0.002287912	0.000586644	-4.613140708	19.23261651	3.2316253667892	2.64056068383416
GPI	-0.4405987	0.002298483	0.000590786	-4.609084037	28.52098601	3.22856980482046	2.63855870402309
PRRC2C	-0.873456717	0.002298483	0.000590788	-4.609081882	22.41470236	3.2285683345969	2.63855870402309
CCDC194	-1.007835463	0.002298483	0.000591277	-4.608605858	19.90712987	3.22820901423167	2.63855870402309
SMG1	-1.075077401	0.00231634	0.000596727	-4.603317726	17.93490832	3.22422431126647	2.63519769309387
ARL6IP4	-0.827462158	0.00231634	0.000597786	-4.602295705	22.97194281	3.22345426024679	2.63519769309387
ZYX	-1.02947663	0.00231634	0.000597807	-4.602275877	20.99694643	3.22343900391103	2.63519769309387
METAP2	-0.901064767	0.002316548	0.000598506	-4.601602198	21.09383958	3.22293149145	2.63515869657494
PRPF40A	-0.93572858	0.002322251	0.000600627	-4.599564595	24.25671947	3.22139514884791	2.63409084143479
C1QTNF3	1.159108281	0.002349281	0.000608272	4.592589136	24.27946278	3.21590217453719	2.6290650336904
ADAM17	0.652547473	0.002380132	0.000616924	4.584151226	24.62190053	3.20976833420598	2.62339895669058
NOC2L	-2.396228857	0.002380473	0.000617676	-4.611121982	20.1230299	3.20923927298651	2.62333674005274
GSPT1	-0.881161641	0.002388252	0.000620941	-4.580417178	23.38022098	3.20694966325615	2.62191984988971
PPAT	-1.000505316	0.002388252	0.000621025	-4.580338954	23.07070284	3.20689091650054	2.62191984988971
NDRG3	-1.255993872	0.002397423	0.000624078	-4.577518416	18.67952016	3.20476112689998	2.62025533252523
CPNE8	0.83084163	0.002400827	0.000625774	4.57595832	24.0777931	3.20358248511936	2.61963913342581
QSOX2	-0.781115078	0.002400827	0.000626303	-4.575472284	23.34243244	3.20321550801716	2.61963913342581
GPATCH1	-1.45832263	0.002401385	0.000627118	-4.574724677	18.07377154	3.20265073360755	2.61953820646882
PLD3	-0.395275109	0.002406252	0.000630291	-4.571822907	26.49855124	3.20045889417257	2.61865889217554
SMPDL3B	0.653538011	0.002406252	0.000630326	4.571790776	23.69145469	3.20043477851036	2.61865889217554
PEPD	-0.514671463	0.002406252	0.0006304	-4.571722823	25.53512092	3.2003837955185	2.61865889217554
LTBP2	0.496409719	0.002408873	0.000632018	4.57024956	23.77682861	3.19927055274712	2.61818609616318
SEC13	-1.016769711	0.002408873	0.00063243	-4.569875298	22.14043698	3.19898753702346	2.61818609616318
ECPAS	-1.009767353	0.002409704	0.00063332	-4.569067213	20.47511577	3.1983767969048	2.61803630143414
FBN2	0.754127302	0.002410851	0.000634293	4.568184436	23.72524075	3.19771008141059	2.61782962988693
ARHGEF16	-1.026675838	0.00241531	0.000636139	-4.56651409	19.19496748	3.19644797816095	2.61702712054427
BOD1L1	-0.985299247	0.002422091	0.0006386	-4.564295515	23.07800326	3.19477108579657	2.61580954407677
OGFOD1	-1.816807438	0.002428275	0.000640908	-4.562223444	18.92619415	3.19320430739211	2.61470213134491
DCTN2	-0.75734615	0.00243273	0.000642761	-4.560564342	22.36892835	3.19195048224882	2.61390608918549
CPA4	0.76207418	0.00245304	0.000649333	4.55472302	23.23581818	3.1875325251209	2.61029537000085
DNAJA1	-0.746842363	0.00245304	0.000649777	-4.554330657	23.16975372	3.18723566533617	2.61029537000085
PODXL	0.603223157	0.00245304	0.000650596	4.553606879	24.43884663	3.18668861117908	2.61029537000085
FGFR2	0.793706256	0.00245304	0.000650862	4.55337223	22.1125304	3.18651108361569	2.61029537000085
HSPBP1	-1.120996342	0.002456859	0.000652732	-4.551725527	20.02884948	3.18526509561909	2.60961976711743
OSBP	-0.736471207	0.002456859	0.000653245	-4.551274584	23.22672396	3.18492390571961	2.60961976711743
RBM15B	-0.66771914	0.002459828	0.00065472	-4.549979939	23.79217054	3.18394439230395	2.60909525926346
RRP12	-2.344414756	0.002468813	0.0006578	-4.574449623	20.22800461	3.18190613085336	2.60751180441549
HSP90AB1	-0.624213533	0.002473051	0.000659618	-4.545702921	30.42713683	3.18070750161149	2.6067669273952
TMED8	-1.714095362	0.002478023	0.000661635	-4.543951321	20.83867352	3.17938152899236	2.60589466699679
SUB1	-0.653038695	0.002480343	0.000662946	-4.542815987	27.80403833	3.17852184543705	2.60548825759839
USP9X	-0.627721703	0.002483971	0.000664608	-4.541379736	24.0325879	3.177434435349	2.60485347879075
ZFYVE16	0.710723872	0.002492102	0.000667478	4.538908336	26.65407187	3.1755630440249	2.60343418627828
NAP1L1	-0.778043282	0.002504503	0.000671497	-4.535465508	24.92895074	3.1729559232579	2.60127844375779
UTP18	-1.352964754	0.002510963	0.000673929	-4.533393177	18.05535064	3.17138585499647	2.60015968673519
WNT5A	-0.530687669	0.002514744	0.000676271	-4.531404754	23.75038876	3.16987923568572	2.59950621937393
EIF4E	-0.906497116	0.002514744	0.000676346	-4.531341447	21.41440638	3.16983107410535	2.59950621937393
ANAPC1	-0.851928385	0.002516366	0.000677483	-4.530378171	18.03396906	3.16910159801639	2.59922619143813
PUM3	-1.588928091	0.002518018	0.00067863	-4.529409038	19.87967317	3.16836694553606	2.59894116967187
COPS5	-0.834346632	0.002521541	0.000680282	-4.528015546	22.00106769	3.16731102015232	2.59833396586337
ZDHHC3	-0.894312098	0.002523984	0.000681644	-4.526869073	16.95811382	3.16644238370431	2.59791340249198
YARS2	-0.910621429	0.002531139	0.000684282	-4.524656203	16.31815018	3.16476488394566	2.59668400447612
CSF1	-0.553687996	0.002532226	0.000686734	-4.522607148	23.51359165	3.1632114502804	2.59649753634314
S100A2	-1.007729428	0.002532226	0.000687956	-4.52158878	22.71336974	3.16243933729977	2.59649753634314
MAGI1	-1.270418062	0.002532226	0.000688321	-4.521285307	17.66609554	3.16220898034457	2.59649753634314
HAUS4	-1.047646796	0.002532226	0.000688536	-4.521106652	20.33949933	3.16207334779251	2.59649753634314
ST6GALNAC2	-1.222164962	0.002532226	0.000688716	-4.520956414	17.22263109	3.1619598275258	2.59649753634314
QPCT	0.587746305	0.002532226	0.000688811	4.520878131	24.41174473	3.16189992601265	2.59649753634314
CD46	-0.61068447	0.002533957	0.000689988	-4.519900298	24.23555137	3.16115846227593	2.59620075915312
ACACA	-0.914313408	0.002539392	0.000692176	-4.518087336	19.56138209	3.15978346318732	2.59527025292849
UNC45A	-1.108544512	0.002549644	0.00069568	-4.515195532	17.35944323	3.15759048192982	2.59352045471462
ERP44	-0.648531544	0.002552145	0.000697074	-4.514049679	23.16715243	3.15672111560965	2.59309465482903
GBE1	-0.864456769	0.002556705	0.000699032	-4.5124441	23.62683735	3.1555029428447	2.59231937923339
NRP1	-0.526844633	0.002565009	0.000702628	-4.509507975	23.59462484	3.15327454739456	2.59091110671455
CRELD2	0.864224311	0.002565009	0.000702732	4.509422611	18.18881005	3.15321026973445	2.59091110671455
CC2D1B	-1.399064302	0.002578199	0.000707065	-4.50590604	16.99128546	3.15054065997433	2.5886835643812
G3BP2	-1.634167446	0.002581247	0.000710778	-4.61316072	24.15499337	3.14826602294111	2.58817043574885
KANK1	-1.738185144	0.002581247	0.000709497	-4.50394141	18.38507701	3.14904943655069	2.58817043574885
RCC1	-0.572302463	0.002581247	0.000709921	-4.503599637	24.94921406	3.14878997687665	2.58817043574885
GOLGA5	-1.170656453	0.002581247	0.000710571	-4.503076081	19.39896326	3.14839252101919	2.58817043574885
SBDS	-1.234229968	0.002584013	0.00071226	-4.501718262	19.65010032	3.14736144463067	2.58770530576439
AHSA1	-0.686240617	0.002596614	0.000716457	-4.49835836	25.69936479	3.14480986977901	2.58559260567663
ITGA5	1.225287881	0.002608328	0.000720416	4.49520778	19.56506015	3.14241665032981	2.58363779651636
MTA2	-0.918225706	0.002611055	0.000721897	-4.494033864	20.2272198	3.14152476298809	2.58318397997907
TACC2	-1.263683863	0.00262367	0.000726116	-4.490703259	20.90683443	3.13899399343816	2.58109079055847
ESF1	-1.26360596	0.002628082	0.00072807	-4.489167934	20.83438813	3.13782686360968	2.58036108827819
DSTN	-1.005678711	0.002638686	0.000731796	-4.486250892	20.38353479	3.13560996869838	2.57861228715048
MPP2	-0.781269534	0.002638686	0.000732478	-4.485718762	16.33492531	3.13520541482653	2.57861228715048
PCCA	-1.300497387	0.00264823	0.000735866	-4.483083168	16.72935499	3.13320126278058	2.57704429891774
NACA	-0.859031574	0.002671742	0.000743143	-4.477463087	26.70769386	3.12892760866835	2.57320548234401
SLC9C1	-1.042861013	0.002698636	0.000751376	-4.471174261	19.32179401	3.12414268102407	2.56885569041655
PRPF8	-0.659620058	0.002713105	0.000756161	-4.467552326	24.34432959	3.12138572570606	2.56653339826266
PAPOLA	-0.815043931	0.00272197	0.00075939	-4.465121014	22.824083	3.11953512614989	2.56511666565225
AP3B1	-1.055455435	0.002723709	0.000760634	-4.464187131	22.20044061	3.11882426572122	2.56483929413266
RPS14	-0.904326988	0.002735891	0.000764799	-4.461073039	22.26790364	3.11645268858599	2.56290120923317
H4C1	-0.596865032	0.002769062	0.000774843	-4.453634143	26.71777572	3.11078628606272	2.55766732018204
PAK1	-0.635363914	0.002806212	0.000786021	-4.445473075	24.64044927	3.10456585082791	2.55187952256202
TMPRSS15	1.345528499	0.002806467	0.000786875	4.444854847	20.24706188	3.10409425254806	2.55184006009037
ANKRD30B	-1.297004922	0.002822352	0.000792115	-4.441074541	19.28871039	3.10121176255218	2.54938882257166
GCLC	-1.437763746	0.002823451	0.00079321	-4.440287569	20.64818533	3.10061181928085	2.54921974488983
ZDHHC5	-1.021775048	0.002843904	0.000799749	-4.435613722	17.4296779	3.097046294282	2.54608506791905
TRIM29	-1.225753102	0.002865076	0.000807173	-4.430354589	21.41920518	3.09303337371258	2.54286385329769
SLC12A4	-1.53214304	0.002865076	0.0008073	-4.430265208	19.32894518	3.09296504751658	2.54286385329769
TEX10	-1.125836986	0.002868075	0.000808944	-4.429107498	22.52148789	3.09208154183986	2.54240949607946
KIFAP3	-1.549884779	0.002869477	0.000810139	-4.428267537	19.98728559	3.09144046043747	2.54219725194616
COL4A1	-0.638688696	0.002911853	0.000822915	-4.419368181	25.22897977	3.08464502133378	2.5358305534319
RCOR3	-1.380607147	0.002917561	0.000825341	-4.417694356	18.74516578	3.0833665801524	2.53498005501303
NCAM2	1.333565163	0.0029431	0.000833386	4.412462296	22.97480492	3.07915379950367	2.53119498128796
WDR75	-1.017344293	0.00294625	0.000835614	-4.410663473	18.77393172	3.07799429239708	2.53073040446762
AP3D1	-0.684012207	0.00294625	0.000836201	-4.410264389	23.15294396	3.07768931741916	2.53073040446762
HSPA2	-0.794779598	0.00294625	0.000836741	-4.409897344	21.89520269	3.07740895022368	2.53073040446762
ESRP1	-1.079436341	0.002961405	0.000841871	-4.406425107	16.85497808	3.07475445040086	2.52850219469197
HNRNPC	-0.70930287	0.002987544	0.000850134	-4.400877354	28.14306702	3.07051261443408	2.52468568978724
UCHL5	-2.174068101	0.002989962	0.000851736	-4.404120497	18.79029986	3.06969499620765	2.52433433117229
CELSR1	0.96659708	0.002989962	0.00085278	4.39911292	22.61332791	3.06916299357957	2.52433433117229
EML4	-0.53112398	0.002989962	0.000853322	-4.398752019	25.16643768	3.0688870574197	2.52433433117229
PRKACA	-1.189205154	0.002991516	0.0008546	-4.39790273	22.10965039	3.06823711151882	2.52410867000959
SNRPD3	-0.476323398	0.003014493	0.000862004	-4.393005982	25.28793829	3.06449071889234	2.52078572027927
ENTPD6	0.749708398	0.003027643	0.000866608	4.389983066	21.53875057	3.06217730613961	2.51889533533792
BTF3L4	-0.865994956	0.003028814	0.000867787	-4.389211419	21.98235517	3.06158686016504	2.51872739594872
RABGAP1L	-0.660013515	0.003040749	0.000872794	-4.385947415	22.88736537	3.05908824795575	2.51701942741058
RPL9	-1.23304761	0.003040749	0.000872902	-4.385877622	20.88304402	3.05903451144709	2.51701942741058
CHD3	-1.525569596	0.003048926	0.000876099	-4.383803772	21.23858049	3.05744681537944	2.51585311619928
EXOC2	-0.960375404	0.003048981	0.000876964	-4.383243778	19.54316165	3.05701823436743	2.51584528197141
CDH1	0.404693746	0.003056934	0.000880104	4.381217157	27.33885488	3.05546600517098	2.51471393770349
GLOD4	-1.217760505	0.003095094	0.000892159	-4.373504383	22.63126612	3.0495577390443	2.50932615664019
DSC3	1.027139773	0.003095094	0.000892816	4.373087301	20.97512279	3.049238035421	2.50932615664019
EIF3J	-0.99304672	0.003115634	0.000899609	-4.368791858	23.72908955	3.04594620838226	2.50645356547836
SRSF11	-1.421668046	0.003135166	0.000906122	-4.36470487	20.6442921	3.04281332510491	2.50373945930683
IDH1	-0.494482764	0.00314172	0.000908892	-4.362976148	26.83256857	3.04148771918797	2.50283252326599
TASP1	-0.721483297	0.003153543	0.000914541	-4.359467604	15.85674812	3.03879681979432	2.50120124282655
PPFIBP1	-1.246802484	0.003153543	0.00091468	-4.359381397	22.17443793	3.03873081690774	2.50120124282655
PGM1	-0.878036358	0.003153543	0.000914949	-4.359214635	25.77230365	3.03860311318587	2.50120124282655
EML1	-0.79140452	0.003177689	0.000922841	-4.354352946	22.72134293	3.03487311887764	2.49788860939204
NUDT5	-0.50623173	0.003181742	0.000924904	-4.353088524	25.0227443	3.03390334232465	2.49733503918317
STAT1	-0.89558186	0.003185807	0.000927968	-4.351216823	21.48547798	3.03246699971113	2.49678053781733
METTL3	-0.91276489	0.003185807	0.000928482	-4.350903785	17.63696732	3.03222651128494	2.49678053781733
B4GALNT1	-0.99210487	0.003185807	0.00092875	-4.350740546	20.64445178	3.03210117323137	2.49678053781733
FUT6	-1.082251918	0.003205772	0.000935463	-4.346665027	16.26786246	3.02897338530305	2.49406736865155
WDR54	-0.994337201	0.003206938	0.000936698	-4.345919116	20.5589514	3.02840040705711	2.49390943624186
HEATR1	-1.40742934	0.003215915	0.000940216	-4.343798453	19.98496486	3.02677236253663	2.49269543862968
HSPG2	0.408970689	0.003222116	0.000942927	4.342170032	29.89742925	3.02552192839137	2.49185882851858
ACP1	-0.871228672	0.00322435	0.000944479	-4.341239586	19.21259345	3.02480769394703	2.49155782207213
REEP4	-1.115666135	0.003231367	0.000947435	-4.339472508	21.25642625	3.02345057567087	2.4906137145223
MFAP1	-1.252269736	0.00325221	0.000954453	-4.335300199	21.78061875	3.02024545264822	2.48782141913682
KIAA1549L	1.453625831	0.003256532	0.000956629	4.334012925	18.95462196	3.01925645772177	2.48724464991577
ACAA2	-1.202093703	0.003264297	0.000960134	-4.331945837	20.64857605	3.0176681509194	2.48621033411146
MCTS1	-0.697737012	0.003264297	0.00096073	-4.331595337	21.01643961	3.01739864769635	2.48621033411146
RBM34	-1.03933123	0.003270706	0.000963527	-4.329952078	16.34185527	3.01613611101712	2.48535849235198
SEC62	-0.900360106	0.003275312	0.000965797	-4.328622454	18.1091847	3.01511414795769	2.48474732363421
COL9A3	-1.900074716	0.003330329	0.000982948	-4.318947358	16.93745446	3.00746945664437	2.47751286084002
PDLIM5	-1.637162907	0.003348302	0.000989186	-4.315107882	19.08376654	3.00472203885924	2.47517537773418
SLC38A10	1.834941762	0.003370118	0.000997241	4.366952788	21.97333274	3.00119987446458	2.47235489264448
LRRFIP2	-1.13714087	0.003370118	0.00099751	-4.310378102	21.77353955	3.00108274183364	2.47235489264448
CANX	0.734248835	0.003370299	0.000998503	4.309816806	23.76077558	3.00065062595453	2.47233156847886
TPP1	0.60264739	0.003379586	0.001002196	4.307733322	27.91007811	2.99904733496153	2.47113649762995
SETD2	-1.424618543	0.003388885	0.001005898	-4.305653012	19.51990524	2.99744605534672	2.46994316846354
ADGRA3	0.76172951	0.003390172	0.001007243	4.304899035	18.46159808	2.99686574212964	2.46977826735564
PPID	0.986587073	0.003390172	0.00100817	4.304380355	22.36559601	2.99646622995709	2.46977826735564
LDLR	0.37196154	0.003405384	0.001014315	4.300952526	25.78728039	2.99382715198764	2.46783390880904
FAM78B	0.966517674	0.003405384	0.001014592	4.300798775	19.28096359	2.99370856639231	2.46783390880904
SPIN1	-1.181387962	0.003420156	0.001019946	-4.297830629	18.58382526	2.99142282090752	2.46595408447192
ACSS1	-1.674313277	0.003434076	0.001025054	-4.295013811	19.43759839	2.98925325530648	2.46419009763888
RPS23	-0.952937423	0.003456322	0.001032658	-4.290847843	21.48324576	2.98604348613312	2.46138580429821
VIRMA	-0.58911066	0.003471946	0.00103847	-4.287685205	23.12390415	2.98360604513047	2.45942703812815
VPS45	-1.274239315	0.003471946	0.001039381	-4.287190803	19.29606786	2.98322522639191	2.45942703812815
ARSK	1.114532839	0.003471946	0.001040229	4.286731469	19.39289498	2.98287104292379	2.45942703812815
DPP9	-0.932474397	0.003497782	0.001048945	-4.282030885	22.23580955	2.97924728284811	2.45620726150896
AKAP2	-0.962654865	0.003502206	0.001051248	-4.280795614	18.01278388	2.97829481743878	2.45565831226969
ANK2	0.943350781	0.003518205	0.00105703	4.277706071	23.77601695	2.97591268662865	2.45367885851843
CCAR2	1.000705838	0.003549681	0.001067476	4.272169457	23.55299567	2.97164188041042	2.44981067403354
SEPTIN11	-0.553455459	0.003556751	0.001070594	-4.270527922	24.71346729	2.97037519489075	2.44894653771307
CALD1	-0.747821579	0.003562066	0.001073187	-4.269166639	27.5901266	2.96932459677392	2.4482980379412
WDHD1	-0.910365749	0.003581322	0.001079986	-4.265612508	23.87511434	2.96658187429282	2.4459566294108
RPS13	-0.711275666	0.003590414	0.001083729	-4.263666065	21.32499871	2.96507930499207	2.44485547132443
PPM1A	-1.192989301	0.00360925	0.00109042	-4.260203484	22.0830687	2.96240619146357	2.44258303485373
MMRN1	-0.872018937	0.003650721	0.001103967	-4.253260401	19.43873579	2.95704390842938	2.43762135598217
CCAR1	-0.981891939	0.00368951	0.001117689	-4.246316788	21.89553055	2.95167902325936	2.43303130821131
PHF14	-0.889703768	0.00368951	0.001117753	-4.246284642	21.86755547	2.95165415583104	2.43303130821131
CAPZA1	-0.74903936	0.003689676	0.001118831	-4.245742618	25.0680889	2.9512355089233	2.4330117686892
LMBRD1	-1.607134857	0.003702286	0.001123687	-4.243309336	19.88238529	2.94935464348504	2.43153003522542
GNA14	-0.988704462	0.003705351	0.001126637	-4.241836209	17.99651675	2.94821599015733	2.43117064594568
RUVBL2	-0.55949343	0.003705351	0.001127005	-4.24165306	25.5386424	2.94807415718584	2.43117064594568
CCDC9	-1.153656129	0.003705351	0.001127716	-4.241298782	17.32671955	2.94780025776603	2.43117064594568
CIAO1	-0.753905369	0.003759863	0.001145354	-4.232582743	21.51909892	2.94106026311839	2.42482797938829
CHID1	-0.665038539	0.003776923	0.001151604	-4.229527762	22.85195768	2.93869683530584	2.42286186902897
SCRIB	-1.033575625	0.003831231	0.00116923	-4.22100316	21.06747472	2.93210005008221	2.41666166190341
DARS1	-0.50117948	0.003854281	0.001177339	-4.21712627	24.91330489	2.92909846950031	2.41405662587654
RIF1	-0.563724773	0.003866916	0.001182774	-4.214543135	23.57540245	2.92709823079847	2.41263526188936
FAH	-0.563157046	0.003866916	0.001184961	-4.213507381	22.15194926	2.9262959431252	2.41263526188936
CTSZ	0.75976785	0.003866916	0.001185546	4.213230239	27.36991987	2.92608159043435	2.41263526188936
NQO1	-0.617476906	0.003866916	0.001185794	-4.213113051	22.12764652	2.92599075147249	2.41263526188936
NEMF	-1.35702553	0.003866916	0.001186587	-4.212738221	18.74759781	2.92570041401238	2.41263526188936
BCL7C	-0.899140405	0.003875804	0.001190784	-4.210758748	20.76675245	2.92416700939514	2.41163819340423
SNX33	-0.911167894	0.003875804	0.001191475	-4.210433361	21.50333049	2.92391506576062	2.41163819340423
CDH3	-0.552512678	0.003956071	0.001217252	-4.19843754	24.92939103	2.91461950321604	2.40273592267862
ANXA2	-0.591442825	0.003973794	0.001223813	-4.195426415	28.25493354	2.91228493780526	2.40079465030676
COPB2	-0.50008501	0.003979812	0.001227555	-4.193716603	26.11405991	2.91095904041771	2.40013744282355
WDFY1	-1.140382786	0.003979812	0.001227885	-4.193565986	19.37757905	2.91084230599953	2.40013744282355
RPL13A	-1.01656208	0.004003902	0.001237339	-4.189271126	18.90550953	2.90751129822098	2.39751656090802
HNRNPUL1	-0.551596961	0.004003902	0.001237549	-4.18917595	23.1277208	2.90743759642808	2.39751656090802
CPSF1	-0.651904316	0.004012394	0.001241293	-4.187485108	22.72864383	2.90612569371166	2.39659642768942
BTF3	-1.228363648	0.004033389	0.001250357	-4.183412422	21.39066687	2.90296597019667	2.39432989046288
SCP2	-0.876042505	0.004033389	0.001250918	-4.183161373	19.28934517	2.90277115818405	2.39432989046288
ACBD3	-0.650461839	0.004033389	0.00125116	-4.183053106	23.39784394	2.90268714860085	2.39432989046288
EXOC6	-0.96249557	0.004035621	0.001252977	-4.182240809	19.55399952	2.90205690096496	2.39408962671099
INTS1	-0.947764505	0.004045268	0.0012571	-4.180402614	19.20553017	2.90063017361016	2.39305270098234
HLCS	-1.184697258	0.004080552	0.001269202	-4.175042183	16.20293604	2.89646925221275	2.3892810833958
ITGB3	-0.733151749	0.004081287	0.001270568	-4.174440426	22.8971861	2.89600208682417	2.3892028641501
COL18A1	0.652106209	0.004086209	0.001273239	4.173265632	28.46511542	2.89509006717216	2.38867942399202
FJX1	-0.592618484	0.004111149	0.001282156	-4.16936267	21.70927386	2.89205913096584	2.38603678283893
HEXB	0.53432414	0.00413647	0.001291206	4.165430108	28.36073251	2.88900446452966	2.3833701210723
TCP1	-0.515104339	0.004156532	0.001298627	-4.162226554	24.41761029	2.88651557187054	2.3812688716351
CLASRP	-1.158373064	0.004165925	0.001302722	-4.160466551	17.11725851	2.8851482525509	2.38028855301029
RPS20	-0.71967811	0.004182767	0.001309155	-4.157714108	22.31575933	2.88300893124943	2.37853632701216
ELOB	-0.780430568	0.004186787	0.00131158	-4.156680023	19.77863576	2.88220521441489	2.37811913298927
DDX18	-1.101126799	0.004187976	0.00131312	-4.156024424	16.85445621	2.88169558392083	2.37799581579392
TBC1D10B	1.089345222	0.00419278	0.001315794	4.154887522	17.06267943	2.88081209831034	2.37749792493071
FRYL	-0.637280574	0.004193449	0.001317173	-4.154302393	22.20279833	2.880357180231	2.37742863442863
KARS1	-0.578172976	0.004206951	0.001323636	-4.151568361	23.47712044	2.87823142949289	2.37603254635085
ATP5F1A	-1.218449964	0.004206951	0.001323759	-4.151516313	17.84439118	2.87819107418414	2.37603254635085
MYCBP	-1.08492438	0.004234413	0.001333581	-4.147387857	20.10641915	2.874980600683	2.37320678569457
PRKAA1	-1.215373299	0.004240879	0.001336799	-4.146041871	20.57207862	2.87393388799097	2.37254411857589
MUC1	-0.629434115	0.004245713	0.001339909	-4.144744303	21.42424507	2.87292469576941	2.37204936644156
NSMAF	-1.45645894	0.004245713	0.001340689	-4.144419369	20.07559104	2.87267195387716	2.37204936644156
HERC1	-1.137051904	0.004314545	0.001363627	-4.134950613	17.63305057	2.86530440826823	2.36506499703065
CFDP1	-0.705857092	0.004333675	0.001370881	-4.131990414	22.54775716	2.86300024272061	2.36314366131316
FBLN2	-0.537059777	0.004363385	0.001381495	-4.127688078	22.60610662	2.85965068257254	2.36017646567493
KAZALD1	-4.045370546	0.004385072	0.00138989	-4.26585667	17.7072026	2.85701956973395	2.35802327140946
ATP6V1D	-0.662285683	0.004385072	0.001390806	-4.123942212	20.28110603	2.8567334444187	2.35802327140946
RPSA	-0.502752999	0.004413245	0.001400972	-4.119881758	23.5370596	2.85357054449082	2.35524196215295
RPL7A	-0.808835667	0.004413538	0.001402295	-4.119355585	23.30869466	2.85316061447544	2.35521312984038
SELENOH	-0.678785385	0.004437869	0.001411834	-4.115576847	16.06986469	2.85021636356898	2.35282552171123
DNPH1	-0.935444617	0.004437869	0.001412499	-4.115314276	19.48575908	2.85001185097375	2.35282552171123
RPS24	-1.12374984	0.004472251	0.001424689	-4.110525946	20.53843424	2.84627992886582	2.34947383015385
CPSF6	-1.286930454	0.004493017	0.001432992	-4.107288656	21.9219099	2.84375623414247	2.34746193818591
ARPC5	-0.609159684	0.004493017	0.001434776	-4.106595603	23.18334992	2.84321589653102	2.34746193818591
LTBP4	-0.726960751	0.004493017	0.001436867	-4.105784115	21.88735221	2.84258342938788	2.34746193818591
MYH14	-0.633528899	0.004493017	0.00143692	-4.10576374	23.97891011	2.84256741038053	2.34746193818591
PPP6R2	-0.729979399	0.004493017	0.001437751	-4.105441592	17.24526047	2.84231632166497	2.34746193818591
SART3	-0.797558226	0.004493017	0.001438817	-4.105028692	21.21686759	2.84199443952007	2.34746193818591
AP3M1	-1.87868867	0.004495037	0.001440717	-4.104531279	19.0569868	2.84142131926147	2.34726672910768
AARS1	-0.566144833	0.004508885	0.001446412	-4.102096753	24.58471235	2.83970798377678	2.34593084131847
ATG16L1	-1.177874498	0.004523418	0.001452922	-4.099596266	20.09180691	2.83775770014029	2.34453327811622
MAGED2	-0.932522856	0.004523418	0.001453595	-4.099338231	18.24469496	2.83755657956088	2.34453327811622
FNTB	-0.961898722	0.004527581	0.001456656	-4.098167127	17.54863191	2.83664299794931	2.34413377126496
ACAP2	-1.173283229	0.004527581	0.001457457	-4.097861148	18.96102642	2.83640424956257	2.34413377126496
GMPS	-0.545926962	0.004531993	0.00146014	-4.096837099	25.4489995	2.83560550153575	2.34371076960823
CCT7	-0.431011824	0.004579892	0.001476849	-4.090504054	24.09288148	2.83066390673218	2.33914476312213
SRSF3	-1.724648468	0.004600085	0.001485062	-4.158912248	22.41844949	2.82825541456509	2.33723414338584
QARS1	-1.022703713	0.004600085	0.001485925	-4.087095118	22.01514955	2.82800311043288	2.33723414338584
ARGLU1	-1.205249336	0.004613455	0.001491529	-4.085235398	23.11216378	2.8263682981735	2.33597371117438
U2AF1	-1.089300436	0.004625562	0.001497785	-4.082672694	21.58508673	2.82455052309512	2.33483549348259
IRF2BPL	-0.794686429	0.004625562	0.001498022	-4.082584614	17.0196911	2.82448180852678	2.33483549348259
PARP9	-0.861776754	0.004656592	0.001509369	-4.078387831	16.99804101	2.82120457395983	2.33193181229509
NCBP3	-1.304595179	0.004701537	0.001525248	-4.072569368	18.54946267	2.81665953580913	2.32776014174569
AAR2	0.727912858	0.004722435	0.001533344	4.069626894	17.96080725	2.81436040186959	2.32583401103145
PRMT6	-0.961250706	0.004755775	0.001545494	-4.065240578	18.59708812	2.81093267663882	2.32277870043054
PTPRB	-1.372152028	0.004813019	0.001566007	-4.057915844	17.57072318	2.80520630099163	2.31758242388697
SEMA4B	0.354481182	0.004813019	0.00156678	4.05764183	27.13770514	2.80499198087262	2.31758242388697
DOCK7	-1.22028628	0.005003729	0.001630269	-4.035594415	17.44393945	2.78774072959799	2.30070621956048
GIPC1	-1.042446086	0.005003729	0.001631651	-4.035124581	17.40213835	2.78737272853733	2.30070621956048
ZNF148	-0.817122942	0.005067399	0.001653825	-4.027639049	17.67034629	2.78151044735618	2.29521489861518
PLOD1	-0.536334513	0.005117153	0.001671489	-4.021749807	28.16107956	2.77689647713604	2.29097159767272
ZMPSTE24	-0.826989201	0.005156748	0.00168586	-4.017005807	18.37190642	2.77317849362111	2.28762409118074
KIRREL1	-0.524281735	0.005161142	0.001689486	-4.015815303	23.15735416	2.77224540267449	2.28725419189535
RNASE4	0.915636645	0.005161142	0.001690173	4.015590018	19.43671072	2.77206884029753	2.28725419189535
GPRC5A	-1.173325876	0.005185116	0.00169947	-4.039796147	24.24986078	2.76968649742364	2.28524152324864
SGPL1	-0.675619404	0.005214802	0.001711815	-4.008542458	25.1494287	2.76654317238112	2.28276217658354
POLR1F	-0.713674497	0.005214802	0.001712106	-4.008448227	19.70303467	2.76646935076285	2.28276217658354
PTPN1	-1.350509185	0.005220828	0.00171554	-4.007338733	20.58169088	2.76559915136079	2.28226061437047
NUP50	-1.007283006	0.005246546	0.001725453	-4.004148319	22.93669329	2.76309686605586	2.28012651503273
SERPINB6	-0.557737274	0.005251897	0.001728676	-4.003114968	24.01065336	2.76228639747093	2.27968379986555
PPP6R3	-0.593325011	0.005257238	0.0017319	-4.00208367	24.18688576	2.76147718778171	2.27924236162586
NPTXR	0.836259078	0.005274536	0.001739068	3.999797096	20.89240287	2.7596834361414	2.27781573915877
IMPDH2	-0.589555975	0.005295722	0.0017486	-3.996771574	21.96578917	2.75730952594763	2.27607482134685
LRWD1	-0.937936174	0.005295722	0.001749005	-3.996643515	17.52666245	2.75720894897226	2.27607482134685
POFUT1	-0.675226167	0.005313086	0.001756221	-3.994365133	22.48737734	2.75542083407837	2.27465315434753
RBM12B	-3.104477608	0.005338122	0.001768613	-4.094464398	18.60337319	2.75236718707419	2.27261150486074
LUZP1	-2.576373892	0.005338122	0.001766162	-4.071089871	18.76795545	2.75296946356745	2.27261150486074
KIR2DL1	0.92729142	0.005338122	0.00176896	3.990366236	19.71387423	2.75228198731395	2.27261150486074
DPP7	0.506061347	0.005350435	0.001774531	3.988626592	24.34159484	2.7509164093841	2.27161090761994
EIF5A	-0.60818379	0.005358902	0.001779448	-3.987095875	24.6049537	2.74971469866493	2.27092418496952
DSC1	1.06475259	0.005358902	0.001780326	3.986823051	19.02204024	2.74950046564741	2.27092418496952
GAPVD1	-0.628381876	0.005382648	0.001789716	-3.983913792	23.65283048	2.7472158793097	2.26900402008327
LAMP1	-0.403682248	0.005388854	0.001793795	-3.982654791	26.34860355	2.74622719086602	2.26850358256714
ROBO3	0.862156778	0.005388854	0.001794783	3.982350242	22.73273819	2.74598805271215	2.26850358256714
DLG1	-0.462334565	0.005422332	0.001807444	-3.978463378	24.50982179	2.74293514956192	2.26581389484226
GLA	0.559906504	0.005431909	0.001812686	3.976862193	24.20123377	2.74167741944434	2.26504751434038
VAT1	-1.385567601	0.005431909	0.001813664	-3.976564157	19.55237694	2.7414431673652	2.26504751434038
B4GALT4	-0.737150799	0.005442705	0.001818786	-3.97500533	22.64026241	2.74021839741071	2.26418520423595
GPC4	0.691056967	0.00544755	0.001821923	3.974052676	23.83534425	2.73946998157913	2.26379877491843
SLITRK5	1.310311235	0.005488314	0.001837086	3.969472148	21.45564586	2.73587051247415	2.26056104953049
ALK	-0.734643146	0.00549057	0.001839371	-3.968785196	23.08032846	2.73533066499658	2.26038256720661
TOMM70	-1.022476704	0.005514147	0.001848807	-3.965958197	16.9778106	2.73310842318904	2.25852166034888
RPRD1A	-0.675297638	0.005519941	0.001852666	-3.964806271	16.50445967	2.73220286855559	2.25806556421127
CBR1	-0.51527744	0.005519941	0.001853826	-3.964460254	24.06797273	2.73193103113333	2.25806556421127
PRSS8	0.661997423	0.005559695	0.001869814	3.959717103	21.87374562	2.72820159281711	2.25494903277949
NCAPH	-1.072911693	0.005559695	0.001870276	-3.959580549	17.22569342	2.72809429911473	2.25494903277949
PCBP2	-0.877224833	0.00556113	0.001872309	-3.958980607	22.06478966	2.72762247508479	2.25483695250038
KYAT3	-0.560592904	0.005587002	0.001882577	-3.955960505	23.65734068	2.72524725151971	2.25282117317379
SRPK2	-0.770979821	0.00559199	0.001885816	-3.955011253	17.68845456	2.72450068385902	2.25243361389841
CRK	0.697823643	0.005592897	0.001887681	3.954465583	22.66758307	2.72407139544316	2.25236317865915
CWC22	-1.166431069	0.005595899	0.001891458	-3.95336201	19.10228046	2.72320329781335	2.252130132661
TMEM87A	-0.934315254	0.005595899	0.001892137	-3.953163654	21.6885347	2.72304742174502	2.252130132661
ENO2	-0.614556213	0.005595899	0.001893373	-3.952803291	23.15809489	2.72276382032872	2.252130132661
P4HA1	-0.854490418	0.005620223	0.001903169	-3.949954375	22.142549	2.72052264497173	2.25024645209142
MOV10	-1.92895455	0.00563498	0.001909737	-3.948319191	18.77993127	2.71902643762833	2.24910762103847
GALNT18	0.729838896	0.005662435	0.00192062	3.944916864	22.61031627	2.7165585530082	2.24699677028655
HS6ST1	-0.675232582	0.00568653	0.001930377	-3.94212065	22.08100383	2.71435786558777	2.245152665337
MON2	-0.781143094	0.00569672	0.001935424	-3.940680009	21.97525837	2.71322387783439	2.24437512606611
COPS6	-0.85236025	0.005720238	0.001945009	-3.937954817	19.63088599	2.71107838475406	2.24258590128803
PHAX	-0.798570309	0.005723371	0.001947669	-3.937200889	20.64067325	2.71048484811853	2.24234810136917
IQGAP1	-0.524804283	0.005731207	0.001951933	-3.93599457	24.27557674	2.70953509354928	2.24175390539075
ERVMER34-1	-0.701178343	0.005746123	0.001958614	-3.934109856	23.02598187	2.70805114552021	2.24062508185094
CEP76	-1.19344101	0.005792571	0.001976061	-3.929219616	18.66726076	2.70419965309126	2.23712863432362
VARS1	-1.036933036	0.005829278	0.001990208	-3.925286817	22.54494509	2.70110153236837	2.23438523255377
PTS	-1.160639484	0.005831753	0.001992678	-3.924603048	18.0275267	2.70056287396448	2.23420087855303
CCDC25	-0.630023242	0.005851375	0.002001014	-3.922302099	22.63610821	2.69874987283232	2.23274206814942
POLR2A	-0.890347823	0.005852156	0.002002912	-3.921779524	16.14749731	2.69833813146227	2.23268410547288
TGFBR3	0.661395075	0.005853238	0.002004914	3.921229019	16.56323661	2.69790425153581	2.23260381656833
VCL	-0.421104686	0.005934639	0.00203445	-3.913170751	28.71795482	2.69155297919036	2.22660569373994
PPME1	-1.038379137	0.005962866	0.002045788	-3.910109389	20.5488346	2.68913937316565	2.22454495019048
GLG1	-0.875731812	0.005975884	0.00205192	-3.908460997	20.40713926	2.68783957544903	2.22359784135478
SYNGR1	-1.163722495	0.005984907	0.002056686	-3.907183256	19.59475132	2.6868320081967	2.22294259374556
RAB21	-0.746730232	0.005985366	0.002058512	-3.906694546	16.3996095	2.68644659695962	2.2229092877103
PCBD1	-0.691748925	0.005991307	0.002062225	-3.905702117	22.44413805	2.6856639525697	2.22247842619666
LSM8	-0.711811151	0.006000691	0.002067128	-3.90439467	22.24556714	2.68463263030423	2.2217987362484
URB1	-2.460137375	0.006060498	0.002089419	-3.976587555	17.35715811	2.67997446038295	2.21749168775355
SOD2	-0.667258643	0.006090889	0.002102025	-3.895178543	22.41111567	2.67736212308538	2.21531931498335
WRAP73	-0.936696034	0.006090889	0.002104526	-3.894524199	16.70911616	2.67684570446726	2.21531931498335
PTPRF	0.372559259	0.006090889	0.002104989	3.89440307	28.14696586	2.67675016930659	2.21531931498335
TIAL1	-1.655090646	0.006095022	0.002108116	-3.912373776	21.44337543	2.67610549555919	2.21502472245555
RER1	-0.82287835	0.006122242	0.002119237	-3.89069089	20.28358364	2.67382047224784	2.21308950760582
ATP6V1H	-0.788278878	0.006122274	0.002120955	-3.890245133	22.79836088	2.67346854574983	2.21308723762252
ERCC6L	-1.286408791	0.006137351	0.002128312	-3.888339898	17.59831998	2.67196470628955	2.2120190383579
SRSF1	-0.664046221	0.006137351	0.002130505	-3.887773302	28.60091739	2.67151744223337	2.2120190383579
VPS25	-0.906794085	0.006137351	0.00213131	-3.88756567	21.00119975	2.67135337736331	2.2120190383579
PCDH18	-1.169377238	0.006139224	0.002133671	-3.886956432	18.27137156	2.67087254550192	2.21188652035986
UBE2O	-0.707230485	0.006161563	0.002143152	-3.884517498	23.9380635	2.6689470261489	2.21030910663878
NLN	-0.884017712	0.00617375	0.002149112	-3.882990066	21.54825231	2.66774095085825	2.2094509608304
DCAF1	-0.520285796	0.006179077	0.002153252	-3.881931679	22.30829606	2.66690514072688	2.20907639283094
PHF23	-0.879954474	0.006179077	0.002154411	-3.881635756	22.71988343	2.66667144216844	2.20907639283094
EML3	-1.651817203	0.00619379	0.002161267	-3.87988834	19.78200675	2.66529157764993	2.20804352345248
FNDC1	1.489864799	0.006244991	0.002181625	3.874733227	19.11670418	2.66121989830632	2.20446818317506
POLE	-1.122929141	0.006244991	0.002182614	-3.874484145	19.33394732	2.66102306341715	2.20446818317506
GSDME	-1.626351301	0.006273591	0.002194358	-3.871534098	19.27862933	2.65869251771796	2.2024837980758
GPX4	-1.366011156	0.006383556	0.002234601	-3.8615473	18.64964092	2.65080001122006	2.19493732739914
ELP2	-0.592707991	0.006464269	0.002265146	-3.854089652	21.82992235	2.64490380029536	2.18948057940166
PAFAH1B2	-0.706459041	0.006464269	0.002267256	-3.853578432	20.68200012	2.64449944012474	2.18948057940166
PCYT1A	-1.360961914	0.006464269	0.002268259	-3.853335368	20.66465311	2.64430735725325	2.18948057940166
TUFM	-0.881478195	0.006476266	0.002274274	-3.851881125	17.273248	2.64315721356231	2.18867532175317
ARHGEF7	-0.900839488	0.006514867	0.002289645	-3.848182542	16.67656595	2.64023184800619	2.18609444591543
SHMT2	-2.019438424	0.006599889	0.002321366	-3.929686464	21.96986575	2.63425638076378	2.18046336856311
FSTL1	-0.625525705	0.006625182	0.002332108	-3.838096274	31.66886903	2.63225134125523	2.17880218674813
ERO1A	-0.674167289	0.006760561	0.002381647	-3.826565286	22.19227529	2.62312260780404	2.17001726425136
S100A8	-0.979130954	0.006762425	0.002384188	-3.825980392	20.84068484	2.62265950222733	2.16989753848674
EGF	-0.864957269	0.006792117	0.002396549	-3.823144591	17.13982962	2.6204136869676	2.16799484160734
BUB3	-0.654338661	0.0067929	0.002398719	-3.822648431	23.79975192	2.62002062485301	2.16794477872119
RTCB	-0.762305786	0.006845922	0.002419351	-3.817952995	23.31030666	2.6163011195237	2.16456805336679
PBK	-0.698604632	0.006858779	0.002425806	-3.816492363	20.34508161	2.61514393409533	2.16375319052638
ARMH3	-0.971530364	0.006871862	0.002432916	-3.814888062	18.45393519	2.6138728854655	2.16292557054472
GNAS	-0.787775608	0.006871862	0.002435471	-3.814312751	21.94150709	2.61341703735682	2.16292557054472
UBP1	-1.693995479	0.006871862	0.002436178	-3.814153549	19.78829502	2.61329098303687	2.16292557054472
NECAP2	-1.708523513	0.006893976	0.00244594	-3.812160814	18.16586944	2.61155420060657	2.1615302328349
SIPA1L3	-1.01120649	0.006973431	0.002476073	-3.805252638	18.27082616	2.60623655552032	2.1565534919531
EPHA1	0.639457137	0.007005055	0.002489254	3.802344152	22.36203716	2.60393078632824	2.15458845051343
PDGFB	-0.729521157	0.007030538	0.002500269	-3.799925783	19.17291806	2.60201326375561	2.15301144005967
IGFBP5	-0.616905696	0.007045392	0.002507516	-3.798340734	24.2450528	2.60075628714521	2.15209483808327
MYEF2	-1.812708899	0.007054141	0.002512596	-3.799476063	18.10790312	2.59987733595005	2.15155586379102
HS3ST3A1	-0.916270931	0.007068013	0.002520834	-3.795439682	20.12009595	2.59845575220441	2.15070266037876
LBR	-0.916725832	0.007068013	0.002521476	-3.795300291	21.25653165	2.59834516120192	2.15070266037876
LSM7	-0.799704961	0.007076388	0.002526606	-3.794187321	20.45209012	2.59746247686395	2.15018836264201
RNPEP	-0.395934813	0.007076388	0.002528409	-3.793796899	25.29530715	2.5971526724483	2.15018836264201
TTYH3	1.033592786	0.007079104	0.002533311	3.792932824	23.28751774	2.59631149110447	2.15002170734987
SHPK	-0.827717684	0.007079104	0.002533325	-3.792733277	20.00182348	2.59630909104149	2.15002170734987
RBM25	-0.765076289	0.007089672	0.002539082	-3.791490374	25.08039858	2.59532327330018	2.14937385676124
ATP5F1B	0.585606163	0.007100596	0.002544974	3.790221525	28.10012212	2.59431665015009	2.14870519654179
HK1	-0.403647274	0.00711983	0.002553852	-3.788315204	24.78288974	2.59280427443585	2.14753037587766
PTMA	1.519510651	0.007128234	0.002558853	3.902360931	27.27062469	2.59195466257806	2.14701805206311
CPAMD8	-0.561890463	0.007129523	0.002561303	-3.786720505	23.68012813	2.5915390418189	2.14693952560363
CCT3	-0.563682486	0.007164465	0.002575853	-3.783620168	23.62884662	2.5890789251284	2.14481623460687
PTX3	-0.549644224	0.007202156	0.002591411	-3.780324794	25.69924449	2.58646370207532	2.14253747596592
ME2	-1.096090495	0.007268079	0.002617157	-3.774915959	18.03211693	2.58217022379173	2.13858036079746
PAIP1	-0.714048888	0.007274488	0.002621492	-3.774010577	21.92164709	2.58145146328352	2.13819756819768
ADK	-0.735114603	0.007351896	0.002651436	-3.76779837	20.56576767	2.57651885135978	2.13360064511291
ELP1	-0.807903338	0.00738516	0.002665491	-3.764907403	20.56216113	2.57422277952691	2.13164009123025
SRRT	-0.927892869	0.007487314	0.002704448	-3.756975217	23.56649387	2.56792136457509	2.12567395322059
TMEM50A	-0.869856371	0.007515797	0.002716831	-3.754478365	19.17720164	2.56593737595465	2.12402495861015
EIF2B5	-0.745289137	0.007596896	0.002750013	-3.747844908	18.75468871	2.56066525314613	2.11936381896037
AK3	-1.031352344	0.007596896	0.002750381	-3.747771674	20.26519746	2.56060714081106	2.11936381896037
EPS15	-0.84503383	0.007655264	0.002774021	-3.743096322	20.82577338	2.55689025553757	2.11603982759587
UBR2	-0.871239009	0.007655264	0.00277578	-3.742750001	17.86394728	2.55661495773167	2.11603982759587
PTGES3	-0.983683076	0.007750703	0.002814233	-3.735236283	21.61777322	2.55063994868336	2.11065890456796
ATP1B1	-0.726714078	0.007750703	0.002814706	-3.735144496	22.26577116	2.55056696111308	2.11065890456796
MYL6	-0.686194015	0.007756564	0.002818997	-3.734312804	22.07803473	2.54990538630794	2.11033061976064
DHX8	-0.706214621	0.007782044	0.002830426	-3.732103646	21.57658035	2.54814819503191	2.1089063180063
DNAJA2	-0.969863254	0.007872886	0.00286566	-3.725350272	21.09611602	2.54277533832219	2.10386603713024
TXN	-0.561985998	0.007944861	0.002894073	-3.719966089	22.58167148	2.53849051844942	2.09991369662665
PNISR	-0.893567634	0.007952937	0.002901073	-3.718647945	21.49577737	2.53744134286287	2.09947245784156
METAP1	-0.892545177	0.007952937	0.002901448	-3.718577393	19.12751249	2.53738520849267	2.09947245784156
PIK3R3	-0.751815673	0.007995137	0.002919072	-3.715273353	16.81162343	2.53475519284444	2.09717409003729
BCCIP	-0.66756434	0.007997478	0.002922155	-3.714697392	22.47113159	2.53429675148887	2.09704694592866
SLC12A2	1.689493507	0.008015939	0.002931135	3.751105767	21.51759759	2.53296417869399	2.09604559637506
SLTM	-0.665379247	0.008024212	0.002936396	-3.71204535	24.05015842	2.53218537620224	2.09559760575859
CDCP1	0.47408572	0.008042617	0.002945373	3.710380435	24.13474636	2.53085969864121	2.09460261247949
ABCC1	-1.61872839	0.008066937	0.002956528	-3.708318768	19.91210806	2.5292180036299	2.09329133473414
IGSF8	0.58339896	0.008106171	0.002973166	3.705258323	25.40138449	2.52678084226786	2.09118423903831
UFC1	-0.863718391	0.008119223	0.002980812	-3.703857972	17.60506706	2.52566541408387	2.09048553023648
NIPBL	-0.703201398	0.008119223	0.002982479	-3.703552974	23.07840373	2.5254226055675	2.09048553023648
TSNAX	0.979276894	0.008170356	0.003003539	3.699716612	21.3393679	2.5223667245041	2.08775901990979
MXRA5	-0.875271748	0.008220496	0.003024263	-3.695968294	22.96998164	2.5193804438315	2.08510197764677
GAR1	-0.681701253	0.008223396	0.003027621	-3.695363304	19.3952504	2.51889849109747	2.08494879566156
SERPINB4	-0.647380814	0.008230232	0.003032432	-3.694497895	24.16622397	2.51820892907833	2.08458792239409
WDR3	-0.98410384	0.008253584	0.003043337	-3.692541558	21.43371594	2.51664995393931	2.08335742436791
DBNL	-0.948215763	0.00829022	0.003059156	-3.689716186	22.4415141	2.51439837583921	2.08143394429674
XRCC6	-0.551314995	0.008316048	0.003071004	-3.687609742	25.30552854	2.51271961788555	2.08008301259755
SLPI	-0.686761836	0.008388789	0.003100205	-3.682453794	22.24931088	2.50860958764148	2.07630072910899
SELENOF	-0.985819558	0.008578329	0.003172643	-3.669874902	17.15705634	2.49857879391055	2.06659730151679
EFTUD2	-0.548478268	0.008581224	0.003176105	-3.669281064	25.36561424	2.4981051485098	2.06645076127334
ATG4B	-1.008643134	0.008586157	0.003180382	-3.668548398	17.71578524	2.49752071318273	2.06620117460218
ERAP1	-0.434152261	0.008586157	0.003182717	-3.668148862	26.20417904	2.49720197614571	2.06620117460218
SRSF2	-0.89323713	0.008700027	0.003227351	-3.676754945	26.25323516	2.49115379906047	2.06047939957301
ALS2CL	-0.851597489	0.008725924	0.003240462	-3.658361569	20.40349708	2.48939306703202	2.0591885738984
ACTN4	-0.446238665	0.008725924	0.003241822	-3.658133352	29.22066345	2.48921083481139	2.0591885738984
RBM6	-3.514327642	0.00876211	0.003257708	-3.761049351	17.34000294	2.48708784564812	2.05739129896735
CA2	0.98764	0.008781132	0.003269114	3.70350027	26.74616731	2.48556993451058	2.05644949438273
GPX3	-0.540925025	0.008781132	0.003269675	-3.65347814	24.5153492	2.4854954133095	2.05644949438273
RPL30	-1.21835594	0.008827035	0.003289318	-3.650219392	19.31055555	2.48289413838441	2.05418515139196
AS3MT	0.552914679	0.008827035	0.003291687	3.649827703	23.04435022	2.48258146769898	2.05418515139196
TBC1D15	-0.933003676	0.008845055	0.003300872	-3.648311845	18.46903409	2.48137131625481	2.05329946223168
NCBP2	-1.005343855	0.008870232	0.00331274	-3.646359614	17.42923626	2.47981264833063	2.0520650210925
LTB4R	0.724088969	0.008896536	0.003326169	3.644159241	20.7987952	2.47805568839887	2.05077905952665
OR1L8	-0.674454546	0.008896536	0.003327523	-3.643937932	18.50257373	2.47787893397844	2.05077905952665
CREB1	-0.819663905	0.009002045	0.003369495	-3.637121497	20.3539235	2.4724351837422	2.045658820413
U2SURP	-0.584353729	0.009016704	0.003377494	-3.635832155	24.26283317	2.47140541381421	2.04495218709292
LY75	-0.707319627	0.009043724	0.003390136	-3.633801013	21.23706324	2.46978287912293	2.0436527000978
THADA	-0.716381629	0.009082206	0.003407093	-3.631088683	17.43209755	2.46761601176949	2.04180865178006
PLXNB2	0.324975336	0.00911407	0.003421586	3.628781307	25.66688706	2.46577253973721	2.04028764017128
S100A1	-0.697050981	0.009138122	0.003433163	-3.626945478	19.23469939	2.46430557661502	2.03914304812173
MUC5B	-1.106211709	0.009146988	0.003439043	-3.626015385	16.17084896	2.46356239395235	2.03872189066867
PACS1	-1.458010677	0.009157802	0.003445661	-3.624970482	19.87003187	2.46272745267775	2.03820875054811
MACROH2A2	-0.446706807	0.009208302	0.003467228	-3.621579704	23.40490745	2.46001759881487	2.03582044580933
IGF1	-1.090944163	0.009271372	0.00349356	-3.61746886	18.72387721	2.45673179357318	2.0328559931544
MAP2K1	1.484200597	0.009331985	0.003524134	3.704917825	24.96639959	2.4529475865386	2.03002596795185
ASMTL	-1.875802127	0.009331985	0.003520737	-3.628943184	19.46629181	2.45336641563267	2.03002596795185
HDGF	-0.514121477	0.009331985	0.003524203	-3.612724762	28.96528266	2.45293908344936	2.03002596795185
ELAC2	-0.836875338	0.009345831	0.003532036	-3.611518719	18.25635381	2.45197487855945	2.02938207655706
FNDC10	0.790712008	0.009350518	0.003536414	3.610845937	18.08255856	2.45143689880862	2.02916432941516
CCNK	-1.356574316	0.009352066	0.003539606	-3.61035595	19.12214766	2.45104507739481	2.02909243690453
NAGK	-0.622724728	0.009354622	0.00354318	-3.609807695	23.95090235	2.45060678415538	2.02897375670816
APPL1	-0.670250979	0.009365394	0.003549871	-3.608783141	20.32924439	2.44978742863676	2.02847394723413
HDGFL1	-0.624444772	0.009366799	0.003553014	-3.608302504	21.13305851	2.44940308124955	2.02840879909603
ADD1	-0.988601314	0.00937965	0.003560503	-3.607159014	20.80461378	2.44848864396723	2.02781336694126
U2AF2	-0.511904444	0.009396196	0.003569402	-3.605803276	25.12755543	2.44740453734833	2.02704793263191
ITGA6	-0.761344261	0.009429922	0.003584842	-3.603459448	21.12929725	2.44552998087213	2.02549189953305
RMDN3	-0.570849094	0.009435743	0.003589685	-3.602726405	21.41166203	2.44494365971247	2.02522389644285
PCDH19	-0.450159548	0.009451011	0.003598127	-3.601450923	23.16306641	2.44392351180042	2.02452173135994
LAD1	-1.04699705	0.009453063	0.003601543	-3.601109004	22.88584684	2.44351139567245	2.02442744773829
IPO7	-0.409225117	0.009490025	0.00361827	-3.598419992	26.1832516	2.44149902864951	2.0227326434897
PROM2	1.737671868	0.009512878	0.003629635	3.61222779	20.53975668	2.4401370458884	2.02168807292281
APAF1	1.379263742	0.00951388	0.003632669	3.596264014	16.71195619	2.43977417219576	2.02164233070322
RPL11	-0.566060274	0.009521769	0.003638335	-3.595418023	21.81348832	2.43909731573067	2.02128235880377
CLUH	-1.015764718	0.009582401	0.003664174	-3.591576844	20.77767903	2.4360239112472	2.01852565893777
ROS1	-1.311887497	0.009810971	0.00375431	-3.578390535	20.50864744	2.42546986977251	2.00828800800504
SON	-0.686116199	0.009948919	0.00380987	-3.570422324	24.15268571	2.41908984302408	2.00222410496676
CDC42BPB	-1.15800287	0.009970495	0.003820911	-3.568853019	21.0040442	2.4178330781606	2.00128327995995
CRYZL1	-0.765534552	0.009986697	0.003829904	-3.567578322	20.45259826	2.41681211187806	2.00057812657548
DCAF8	-0.905227635	0.010089315	0.00387207	-3.561641496	20.9235349	2.41205680003644	1.9961383185816
REXO2	-0.858514545	0.010133326	0.003891785	-3.558888325	21.29173036	2.40985116015413	1.99424798540308
PSD3	-0.752365875	0.010248407	0.003938839	-3.552374297	18.52178191	2.40463177061015	1.9893436355717
FBXW7	0.553463019	0.010258287	0.003945495	3.551459218	22.19906364	2.40389850264909	1.98892515467827
AP2M1	-0.992754609	0.010279804	0.003956636	-3.5499312	21.91213532	2.40267390183476	1.98801516574249
CUSTOS	-1.751231906	0.010353459	0.003987871	-3.545875773	19.29355811	2.39925889872906	1.9849145319805
PHKA2	-0.636019391	0.010375608	0.003999294	-3.544120568	20.34603122	2.39801666841351	1.98398644465844
NECAP1	-0.796431476	0.010383238	0.004005128	-3.543330731	18.22150165	2.39738359972821	1.98366719116563
XRCC5	-0.43929256	0.010404952	0.004016404	-3.541807634	25.24384615	2.39616260907367	1.98275991892984
ANLN	-3.281806353	0.010417559	0.00402436	-3.638369515	20.06774948	2.39530317630693	1.98223403123048
ATF6	0.773688533	0.010417559	0.004027077	3.540369925	20.98856477	2.39501006635596	1.98223403123048
SMAP	-2.096148195	0.010505651	0.004066076	-3.570146237	19.12109054	2.39082450811998	1.97857703064996
GPS2	-0.703406577	0.010505651	0.004068246	-3.534860618	19.21858068	2.39059279389768	1.97857703064996
KHDRBS1	-0.647161071	0.010505651	0.004070741	-3.534528546	22.24615557	2.39032652863241	1.97857703064996
HMGA2	-1.072117673	0.010505651	0.004072843	-3.534414571	22.93421447	2.39010233078015	1.97857703064996
SNRPD1	-0.430127382	0.010523018	0.004082509	-3.532965194	25.37168648	2.38907284917647	1.97785968672467
UMODL1	-1.034350546	0.010568817	0.004103222	-3.53022441	19.65476749	2.38687498540531	1.97597362188131
LARS1	-0.835593213	0.010583475	0.004111863	-3.529085263	20.66858181	2.38596136369547	1.97537171173987
GSTO1	-0.455731841	0.010650632	0.004140923	-3.525271974	24.47123403	2.38290284507985	1.97262462077277
RPP38	-0.705126602	0.010704364	0.004164797	-3.522159534	20.95450817	2.38040616206713	1.97043913121829
ATR	-1.307997701	0.010908233	0.004247158	-3.511560063	19.30914937	2.37190158236892	1.9622455940955
IFI30	-0.872920325	0.010921392	0.004255325	-3.510520396	22.11388635	2.37106726511723	1.96172200454418
DYNC1I2	-0.393733556	0.010921753	0.004261347	-3.509755061	25.18429125	2.37045309991142	1.96170764944029
NEK9	-0.733327846	0.010921753	0.004261882	-3.509687178	17.39419394	2.37039857889641	1.96170764944029
CSTF1	-0.578791522	0.010921753	0.004264597	-3.509342484	23.6822978	2.37012200293622	1.96170764944029
NOP2	-0.93234742	0.010947234	0.004277598	-3.507695378	21.34225386	2.36880003196297	1.96069559865794
C11orf68	-0.814369073	0.010982627	0.004294489	-3.505563026	17.02997086	2.36708850533288	1.95929376597475
ITGAV	-0.401122411	0.010997146	0.004304553	-3.504296505	26.20706233	2.36607194054311	1.95872000913933
RBP1	-0.733983186	0.010997146	0.004306296	-3.504077507	19.49591659	2.36589612157513	1.95872000913933
ACTL6A	-0.492676814	0.011071799	0.004338615	-3.50003244	23.99872523	2.36264888658292	1.95578180709823
PSMB9	-1.091451481	0.011124546	0.004362385	-3.497076856	20.98884706	2.36027600863419	1.9537177038273
ZNF622	-0.582301188	0.011133529	0.00436901	-3.496255949	21.25649185	2.35961696125522	1.95336715531466
DDR1	0.303535056	0.011142745	0.004376785	3.495294241	25.83904963	2.35884478663042	1.95300780812998
PDCD6IP	-0.393678036	0.011142745	0.004380727	-3.494807336	24.70698765	2.35845381052595	1.95300780812998
GEMIN5	-0.706002571	0.011142745	0.004383572	-3.494456155	22.23515374	2.35817185578105	1.95300780812998
TYMS	-0.810503219	0.011142745	0.004385049	-3.494274017	16.51091198	2.35802554931944	1.95300780812998
MYO6	-0.7819602	0.011254723	0.004432253	-3.48848337	19.49400165	2.35337545735727	1.94866518933977
VASP	-1.064049821	0.011294164	0.004450933	-3.486209154	17.26809198	2.35154894311341	1.94714591026145
CD47	0.526549323	0.011327702	0.004467307	3.484223657	27.48578181	2.34995420113806	1.94585818457114
HP	0.966181779	0.01137474	0.004489051	3.481598489	23.00637501	2.3478454605612	1.94405852151531
TPM3	-0.482956688	0.01137474	0.004492198	-3.481219601	26.66644313	2.34754110984328	1.94405852151531
HNRNPF	-0.795188869	0.011384407	0.004499189	-3.480378924	23.43350012	2.34686576279508	1.9436895863343
RACK1	-0.699366656	0.011385329	0.004502726	-3.480113533	27.22234977	2.34652447993215	1.94365441513052
CA12	-1.142635306	0.011396033	0.004510136	-3.479065183	20.04343087	2.34581036207791	1.94324630182488
RSRC1	-0.878948717	0.011397346	0.004513832	-3.478622328	19.23406364	2.34545460893365	1.94319626723761
LEO1	-0.429602492	0.011468311	0.004545133	-3.47488672	24.51001595	2.34245340390054	1.9405005382794
NUP43	-1.227203713	0.0115537	0.004582195	-3.470497433	20.09661499	2.338926432907	1.93727891341189
RNF2	-0.691496878	0.011634697	0.004617561	-3.466342418	18.83406429	2.33558735862981	1.93424492247106
ARHGEF40	-0.7972041	0.011702561	0.004651018	-3.462441421	17.93610564	2.33245197971326	1.93171908641976
RABEP1	-0.7972041	0.011702561	0.004651018	-3.462441421	17.93610564	2.33245197971326	1.93171908641976
DAG1	0.374194567	0.011736236	0.004668596	3.460403269	28.27434903	2.33081370639946	1.93047116599613
RRAS	-0.876308015	0.011736236	0.004671469	-3.460070866	20.7605692	2.3305465287972	1.93047116599613
MTREX	-0.99627638	0.011736236	0.004674214	-3.45975348	20.60221481	2.33029140814157	1.93047116599613
CDON	0.62828008	0.011764762	0.004688854	3.458063977	21.50448803	2.32893328996994	1.92941685413455
NCR3LG1	-0.75986018	0.011795095	0.004704231	-3.456295262	20.79580819	2.32751136049439	1.92829855687168
SSBP1	-0.393476442	0.011818811	0.004716984	-3.454832841	23.94438141	2.32633559687779	1.92742621229676
ADGRE5	-0.796344575	0.011820373	0.004724099	-3.454018594	21.09702347	2.32568100972423	1.92736881877745
B3GALT5	0.893801048	0.011820373	0.004724225	3.454004178	16.91426415	2.32566942648371	1.92736881877745
SBNO1	-0.957700241	0.011820373	0.00472749	-3.453630973	19.25961268	2.32536938113959	1.92736881877745
EWSR1	-0.53420896	0.011891142	0.004759108	-3.450030506	21.87673737	2.32247443950218	1.92477643465953
VPS52	-0.816198683	0.011908793	0.004770113	-3.4487831	20.66267853	2.32147133276383	1.92413225363084
NT5C2	-0.777395851	0.011908793	0.004772811	-3.448477709	22.08363002	2.32122576305304	1.92413225363084
HECTD4	-1.564024963	0.011990339	0.004808834	-3.444572435	17.97313364	2.31796021442719	1.92116853802308
NOL11	-1.138277785	0.012002369	0.004817004	-3.443500216	20.6826393	2.3172229930509	1.92073302544525
IRF3	-1.202759801	0.012039168	0.004835128	-3.441472331	16.78529026	2.31559202438183	1.91940352516242
FLRT3	0.695312041	0.012051357	0.004843382	3.440551351	20.47640796	2.31485127657609	1.91896404815712
NSD3	-1.483518666	0.012095055	0.004864316	-3.43822278	18.35057626	2.31297821979648	1.9173921524247
HTATSF1	0.354044723	0.012134079	0.004883392	3.436109599	25.2187273	2.31127841259816	1.91599318186993
YKT6	-1.323144866	0.012153127	0.004894445	-3.434889027	20.20252341	2.31029654739563	1.91531196370203
CCT8	-0.373225434	0.012156487	0.004899186	-3.434366303	26.65818523	2.3098760720276	1.915191910009
MPHOSPH8	-0.890263229	0.01216908	0.004907653	-3.433434183	19.27492853	2.30912615203973	1.91474225381811
ARCN1	-0.418405446	0.012249679	0.004943572	-3.429497742	24.52118576	2.30595913623728	1.91187529173661
OAF	-0.659732407	0.012304968	0.004969314	-3.426694392	21.13835281	2.30370356027624	1.90991951137536
YWHAH	-0.561044003	0.01238892	0.005006671	-3.422652369	24.72697019	2.30045094616431	1.90696655145154
BOP1	-0.87922452	0.012408962	0.005018229	-3.421407993	21.61624485	2.29944952413597	1.90626454537686
CHM	-0.661091822	0.012501346	0.005065041	-3.416397536	22.5920465	2.29541703480485	1.90304322467977
CORO1B	-0.539382342	0.012501346	0.005067269	-3.41616026	25.16614908	2.29522604022982	1.90304322467977
SLC7A6	-0.716088803	0.012501346	0.005069504	-3.4159223	17.28090381	2.29503452993699	1.90304322467977
ZNF609	-0.879163291	0.012501346	0.005069526	-3.415920014	19.13624962	2.29503264524415	1.90304322467977
OGFR	-1.295287738	0.012517921	0.005079736	-3.414834382	20.96901804	2.29415885793705	1.90246779358575
NAP1L4	-0.576739112	0.012551854	0.005097004	-3.413003399	22.71431826	2.29268502558782	1.90129212099562
ADGRG1	0.446433261	0.012581158	0.00511241	3.411375152	26.93650698	2.29137432433373	1.9002793835438
REPS1	-1.267925733	0.012604888	0.005125566	-3.409988663	20.83996018	2.29025816986163	1.89946100886878
AP2B1	-0.656058165	0.012702008	0.005168599	-3.405478569	22.87037291	2.28662716077926	1.89612761806878
IGF2BP2	-0.89718909	0.012727342	0.005184406	-3.40383143	19.09873503	2.28530099543697	1.8952622856836
FAM171A2	0.7085777	0.012727342	0.005186002	3.403665431	21.5718898	2.28516732007943	1.8952622856836
GBF1	-1.253552331	0.012775234	0.005209077	-3.401270865	20.19866341	2.28323922282686	1.89363113628303
RO60	-0.458533759	0.012902384	0.005264518	-3.39556124	22.8137919	2.27864138507161	1.88933003680258
PSMD4	-0.963063538	0.012952541	0.005292436	-3.392709208	20.91392692	2.27634438508274	1.88764502432202
MTDH	-0.554233522	0.012952541	0.005293905	-3.392559488	26.97007524	2.27622385645099	1.88764502432202
ADGRL3	0.887027399	0.012952541	0.005298963	3.392044558	20.30227028	2.27580911293555	1.88764502432202
FDPS	-0.409116825	0.012952541	0.005299423	-3.391997768	24.56780816	2.27577141371195	1.88764502432202
VAPA	1.324781316	0.013017342	0.005329564	3.444437567	23.39728752	2.27330831820404	1.88547768493666
NANS	-0.973224361	0.013035787	0.005340749	-3.387809412	17.60353819	2.27239783215564	1.88486274436219
ELFN2	-0.594934231	0.013052469	0.005351221	-3.386753274	19.72083827	2.27154711273373	1.88430732957826
F11	-0.680270333	0.01307252	0.005365688	-3.385297739	20.73195006	2.2703745839596	1.88364068505899
PRPF38B	-0.833641993	0.01307252	0.005366729	-3.385193204	21.67523109	2.27029033442716	1.88364068505899
SLC7A5	-0.473024933	0.013079262	0.005377308	-3.384131458	24.2457045	2.26943508740803	1.88341676047428
TM9SF4	0.411518609	0.013079262	0.005379876	3.383874079	23.98682205	2.26922773421026	1.88341676047428
SHCBP1	-0.842860369	0.013079262	0.005380432	-3.383818366	16.80212487	2.26918285301687	1.88341676047428
CAV1	-2.169823503	0.013111318	0.005397273	-3.434250042	19.30700476	2.26782561428702	1.88235364916756
TXLNA	-2.237539792	0.013160483	0.00542118	-3.449085762	20.89372672	2.26590617255543	1.88072817148305
IL1RAP	-0.325978025	0.013163397	0.005427307	-3.379142319	24.65697776	2.26541561150787	1.88063202045019
UROD	-0.805042634	0.013163397	0.005429795	-3.37889529	21.78378215	2.26521656673701	1.88063202045019
PHRF1	-0.840011387	0.013163397	0.005433387	-3.378538882	18.36980546	2.26492936067974	1.88063202045019
ACVR2A	0.805725465	0.013268292	0.00548364	3.373576701	18.18606717	2.26093106430291	1.87718497937495
HNRNPLL	-1.195219611	0.013268292	0.00548408	-3.373533506	16.49590691	2.26089621848772	1.87718497937495
TJP1	-0.563478165	0.013286541	0.005495325	-3.372429471	25.74020273	2.26000661779322	1.87658806797672
WASHC2A	-0.627194403	0.013347082	0.005524085	-3.369616414	17.1061486	2.25773964748172	1.87461367136431
HIP1R	-0.543708294	0.01336895	0.005541258	-3.367943786	16.42424757	2.25639162869449	1.87390270097385
RYBP	-0.689189902	0.01336895	0.005542998	-3.367774541	20.60405177	2.25625527810772	1.87390270097385
SRP72	-1.098271154	0.01336895	0.005544314	-3.367646655	20.90021097	2.25615218160591	1.87390270097385
LGALS1	-0.639532319	0.013419007	0.005568813	-3.365270806	19.26220721	2.25423736541634	1.87227962055871
ATL3	-0.873740958	0.013438358	0.005580589	-3.364132564	21.08337678	2.25331996128639	1.87165379341792
PIR	-0.533136685	0.013528997	0.005621999	-3.360149222	16.93176616	2.25010923597769	1.86873439952299
EFL1	-0.828207372	0.013570822	0.005644618	-3.357985991	17.08570526	2.24836544366029	1.86739384583678
DYNC1H1	-0.483408397	0.013570822	0.005646945	-3.357764004	26.11735851	2.24818644217508	1.86739384583678
HSPD1	-0.58965139	0.01358403	0.005656227	-3.356879226	27.11493359	2.24747316942524	1.86697136797026
EIF2S1	-0.591916689	0.013682999	0.005701249	-3.352608217	22.90657683	2.24402999092632	1.86381870477911
YLPM1	-1.805084027	0.013720509	0.005720703	-3.414561463	21.91200116	2.24255059878377	1.8626297769827
ABCF3	-0.821488683	0.013780611	0.005749603	-3.348059163	16.09247889	2.24036214154718	1.86073152640185
GGT5	0.6399915	0.013846523	0.005780962	3.345129588	24.33648864	2.23799988536361	1.85865926858444
UHRF1BP1L	-1.058601786	0.013854512	0.005788159	-3.344459507	16.21481814	2.23745954737432	1.858408766846
ASAH1	-0.321053587	0.013951302	0.00583331	-3.340274856	28.31385562	2.23408494321477	1.85538526013022
MELTF	-1.291446734	0.013951302	0.005836372	-3.340136543	21.12337312	2.23385703473635	1.85538526013022
NPLOC4	-0.866340974	0.013981614	0.00585295	-3.338464863	22.39230933	2.23262518591774	1.85444269190691
EPHB2	0.377222338	0.013997875	0.005863658	3.337480565	25.78121284	2.23183136801294	1.85393788902325
IGSF1	1.059855408	0.014027083	0.005879803	3.336000005	20.86642401	2.23063722450995	1.85303263322802
ATP6V1C1	-0.481069234	0.014055368	0.005895577	-3.334557448	22.60413777	2.22947368409677	1.85215777913679
TK1	-0.958181227	0.014144243	0.005936924	-3.33079455	20.2605664	2.22643851054706	1.84942029102921
FUT11	-1.375005198	0.014144243	0.00594302	-3.330241994	18.85841837	2.22599280821141	1.84942029102921
TBC1D23	-0.647438035	0.014144243	0.005944682	-3.330091496	21.9195116	2.22587137222091	1.84942029102921
TLR3	-0.776471522	0.014178387	0.0059658	-3.328182349	16.15490241	2.22433131020163	1.84837317372593
GALNT5	-0.963143277	0.014178387	0.005966935	-3.328079893	17.65065152	2.22424869305838	1.84837317372593
SPTBN1	-0.48738443	0.014209223	0.005983873	-3.326553921	27.28728853	2.22301763238699	1.84742966985849
EIF5B	-0.547382085	0.014291346	0.00602244	-3.323095439	27.29060824	2.22022751807079	1.84492686618146
B3GNT3	-0.645580308	0.014297312	0.006031401	-3.322295092	20.09596052	2.21958179633458	1.84474560542297
HIRIP3	-1.038594545	0.014297312	0.006032924	-3.322159217	20.51077098	2.21947214569114	1.84474560542297
PFDN5	-0.632862793	0.014340395	0.006057353	-3.319983923	23.60454234	2.21771711653234	1.84343888604913
VAMP3	-0.785396434	0.014340395	0.006059097	-3.319829021	18.49458052	2.21759209483347	1.84343888604913
DNAJC9	-0.600756465	0.014376421	0.006078325	-3.318123611	22.02194604	2.2162160824836	1.84234921780645
CCT4	-0.405804989	0.014426574	0.00610355	-3.315894554	24.17874057	2.2144174933561	1.8408367922296
AGO2	-0.797384323	0.014479964	0.006133848	-3.313229533	19.01378589	2.21226699026732	1.83923251787788
NIBAN2	-0.441367205	0.014479964	0.00613421	-3.313197804	22.88167342	2.21224136035874	1.83923251787788
RPL19	-1.333040777	0.014501735	0.006147475	-3.312035299	19.81692767	2.2113032287355	1.83858003529264
TBC1D20	-2.802206039	0.014538362	0.006167053	-3.393039263	17.26673967	2.20992231920648	1.83748452156737
SERPINI1	0.504444693	0.014564317	0.006184293	3.308821818	24.12155606	2.20870994255856	1.83670987698799
DBR1	-0.744434974	0.014564317	0.006186181	-3.308657542	21.34602603	2.20857737722789	1.83670987698799
BAIAP2	-0.601063838	0.014575773	0.00619511	-3.307881418	21.41816537	2.2079509779128	1.83636840392864
BCL2L13	-1.846539364	0.014583897	0.006202627	-3.328878854	18.43752698	2.20742433470033	1.83612641158358
SLC2A1	-0.449439043	0.014626573	0.006224854	-3.305303983	25.82313075	2.20587083021422	1.83485741697333
YBX1	-0.704983183	0.014714051	0.006266185	-3.305626448	27.67403997	2.202996787352	1.83226774299379
ZNF326	-0.880210138	0.014742587	0.006282446	-3.300348745	21.02511214	2.20187123564471	1.8314263006532
GDI2	-0.308143771	0.014814363	0.006317162	-3.29738393	27.590256	2.19947798572967	1.82931701792896
COPB1	-0.416435982	0.014821776	0.006324453	-3.296763268	24.90009392	2.1989770305244	1.82909975446819
RPL10	-1.248258735	0.014836003	0.006334659	-3.295895834	20.65181009	2.19827675858706	1.82868308752438
RAB1B	-1.162758666	0.014973347	0.006397475	-3.290587539	20.40265804	2.19399140256985	1.82468111073519
RPS5	-0.689775406	0.015017586	0.006420562	-3.288649818	22.02743501	2.19242695591612	1.82339987233426
CSRP1	-0.683398021	0.015133604	0.006480807	-3.283626365	22.59109342	2.18837091174899	1.82005763437433
SLC9A3R2	-0.804705136	0.015133604	0.006480895	-3.283619015	20.72482252	2.18836501469713	1.82005763437433
UBR5	-1.432598001	0.015133604	0.006482818	-3.283459481	18.35656812	2.18823617070085	1.82005763437433
SUGP2	-0.756266	0.015492905	0.00664105	-3.270490821	20.21465229	2.17776324997613	1.80986714213867
CNOT1	-0.829951569	0.015495384	0.006646431	-3.270055279	23.4886238	2.17741149952247	1.80979765679065
PLEC	-0.558847199	0.015518463	0.006660656	-3.268905698	28.4907955	2.17648299558194	1.80915129491248
ZCCHC8	-1.043743624	0.015521524	0.006666295	-3.268450634	17.40578717	2.17611547164798	1.8090656392443
ERP29	-0.451062877	0.015592172	0.006700984	-3.265660011	21.8804413	2.1738614190317	1.80709338308497
VRK1	-0.650252608	0.01572178	0.006761066	-3.260860794	18.34814411	2.1699848245585	1.80349828524225
SEC23B	-0.97593806	0.01580974	0.006803299	-3.257513048	21.4218448	2.16728044169612	1.80107527222426
ADSL	-0.456535804	0.01583081	0.006816778	-3.256449017	22.19878505	2.16642084931164	1.8004968634364
STRAP	-0.40055209	0.015839784	0.006825483	-3.255763018	25.27287969	2.16586661068828	1.80025074498438
GPALPP1	-1.299336074	0.015839784	0.006829472	-3.255448899	19.7541436	2.16561287118674	1.80025074498438
GLUL	-0.66738738	0.015873105	0.006848263	-3.253971866	22.1735989	2.16441956940925	1.79933811089691
TGFB2	-0.629282656	0.015891559	0.006860653	-3.253000145	25.83594129	2.16363454598422	1.79883349537378
ERBB4	-1.021516055	0.015944329	0.00688841	-3.250829777	19.41857702	2.16188101146172	1.79739375285433
DCK	-1.215300853	0.015944329	0.006893434	-3.250437874	20.94332021	2.16156437813258	1.79739375285433
COPZ1	-1.128646951	0.015944329	0.006897699	-3.250105371	19.10428504	2.1612957611851	1.79739375285433
SCAMP3	-0.638700269	0.015944329	0.00690121	-3.249831823	23.32785901	2.16107475705226	1.79739375285433
MRI1	-0.7728367	0.015996395	0.006928204	-3.24773346	16.60569102	2.15937933306202	1.79597788034482
AMPD2	-0.974544226	0.016034975	0.006950608	-3.245998191	18.33620264	2.15797720411552	1.79493171284003
SPTB	1.01557977	0.016034975	0.006953852	3.245747364	16.57639175	2.1577745567168	1.79493171284003
CCDC3	-0.914317792	0.016234345	0.007044837	-3.238760901	20.74849548	2.15212905093213	1.78956522897356
SMC4	-0.547159374	0.01626451	0.00706246	-3.23741821	24.41781082	2.15104399890043	1.78875901615106
OCLN	-1.852741393	0.016355927	0.007106714	-3.274488512	17.1358622	2.14833116179425	1.78632483646252
SNRNP40	-0.619493046	0.01635674	0.007111626	-3.23369003	21.65392284	2.14803109095898	1.78630324963111
LMNB1	0.339816277	0.016372289	0.007126212	3.232589043	27.07286131	2.14714126182494	1.78589059788961
PLBD2	0.490313758	0.016372289	0.007127513	3.232490948	25.1525411	2.14706198190021	1.78589059788961
RPRD1B	-0.971732347	0.016396968	0.007142826	-3.231337652	19.35137055	2.14612992920631	1.7852364508917
NBEA	0.659638292	0.016430112	0.007161844	3.229908882	23.57852216	2.14497514306679	1.78435947607704
HEBP1	-0.704290476	0.016455251	0.007177388	-3.2287439	17.81877622	2.14403357575399	1.78369548881272
ACYP1	-0.746096511	0.016465397	0.007186402	-3.228069463	17.02806196	2.14348849246138	1.78342779347739
CHAF1B	-1.484177549	0.01659415	0.007247222	-3.223673531	18.54745393	2.13982843498388	1.78004498849575
SNW1	-0.649329153	0.016618543	0.007262507	-3.222409237	16.2194928	2.13891343600472	1.7794070548478
NF2	-0.672810168	0.016654107	0.007282691	-3.220918142	18.93595743	2.13770811649662	1.77847864939549
CHMP4B	-0.769031859	0.01666439	0.007291857	-3.220242378	21.01403573	2.13716185684645	1.77821057906211
YBX2	-0.830053051	0.01666439	0.007296476	-3.219902109	16.06511253	2.13688684169853	1.77821057906211
LSM2	-0.779104344	0.016752255	0.007339617	-3.216734983	18.51764905	2.13432660209025	1.77592672485757
SLC34A2	-0.383785287	0.01675995	0.007347659	-3.216146595	26.72113912	2.13385100721854	1.7757272813356
NDRG1	-0.791032906	0.016870763	0.007401982	-3.21218944	22.3240915	2.13065197534874	1.77286527549052
NSUN2	-0.665263216	0.016870763	0.007405644	-3.211923759	20.39993019	2.13043716894761	1.77286527549052
CCT2	-0.408708589	0.016892597	0.007419937	-3.210888002	24.80033488	2.12959978214261	1.77230357860729
MOB1B	-0.711453627	0.017014143	0.007479878	-3.206565951	20.13463766	2.12610548560598	1.76918992136949
RPL38	-1.119627093	0.017014143	0.007482809	-3.206355505	18.00948554	2.12593534007761	1.76918992136949
NOB1	-0.940136347	0.017060924	0.007508369	-3.204523785	16.04954187	2.12445439205417	1.76799745164244
PTPRU	-0.954748254	0.017060924	0.007512893	-3.204200245	19.43058747	2.12419279641786	1.76799745164244
PQBP1	-1.193815175	0.01706945	0.007525117	-3.203326968	20.32157177	2.12348674330098	1.76778047219594
HSP90AA2P	1.175987929	0.01706945	0.007526162	3.20325239	17.3938294	2.12342643776358	1.76778047219594
PHACTR4	-0.767233824	0.017104475	0.007546372	-3.201811994	17.14839919	2.12226178996921	1.76689025138843
P3H2	0.529890839	0.01714027	0.007567469	3.20031251	21.66857629	2.12104934944724	1.7659823411884
ARFGAP3	-0.837099981	0.01714027	0.007571719	-3.200010938	18.67148363	2.12080551185218	1.7659823411884
TDRD6	-0.69697011	0.017181763	0.007594837	-3.198373536	21.93454307	2.11948154250695	1.76493227578484
RAB2A	-0.449323419	0.017229195	0.007620606	-3.196554353	23.17486915	2.11801049165365	1.76373501362714
LHFPL2	-0.678392802	0.017259156	0.007638668	-3.195282903	19.40282366	2.11698236533576	1.76298044578795
PSMC3	-0.447704614	0.017263293	0.00764531	-3.19481606	22.67138601	2.11660490023729	1.7628763583705
EIF2S3	-0.601170208	0.01732682	0.007678273	-3.1925055	23.58653421	2.11473645066016	1.76128113625768
IWS1	-1.097683771	0.017327777	0.007683527	-3.192138147	21.62855288	2.11443937827322	1.76125714983998
FKBP3	-0.514834292	0.017375227	0.007709442	-3.190329827	24.28930633	2.11297705451593	1.76006951282686
PPIL4	-1.028515575	0.017375227	0.00771704	-3.189800785	21.42567504	2.11254924865062	1.76006951282686
FAM171A1	-0.489635167	0.017375227	0.007719095	-3.189657858	21.98616483	2.11243361411315	1.76006951282686
PLBD1	-1.39209776	0.017409584	0.007740124	-3.190180385	16.40712719	2.11125208168347	1.7592116061752
NCAPG	-0.71123137	0.017409584	0.007744062	-3.18792361	21.85952736	2.11103117866582	1.7592116061752
CDK5	-0.726502484	0.017433086	0.007759375	-3.186862777	20.92252626	2.11017325876534	1.75862572739716
YTHDC2	-0.692279783	0.017472572	0.007783639	-3.185186163	19.57075589	2.10881731456185	1.75764316123398
TMF1	-1.082229451	0.017472572	0.00778669	-3.184975723	20.34588915	2.10864711488511	1.75764316123398
NUDT3	-0.807416815	0.017584487	0.007844195	-3.181024589	19.55941585	2.1054516186795	1.75487029702682
ARMC5	-0.689258253	0.017584487	0.007849934	-3.180631844	20.36503885	2.10513399466319	1.75487029702682
PSMD6	-0.566994921	0.017584487	0.007851268	-3.180540632	23.32506529	2.10506019791308	1.75487029702682
RBBP7	-0.572874404	0.017840388	0.007970497	-3.172447868	22.86585612	2.09851459734568	1.7485957046445
MAL2	-0.734114843	0.017868546	0.007988057	-3.171266284	20.83152925	2.09755884481571	1.7479107854836
AK1	-0.701410527	0.017875972	0.007996359	-3.170708561	20.7134641	2.0971077162774	1.74773033426761
TBC1D8B	-0.712853565	0.017966133	0.008045661	-3.167408418	20.3724936	2.09443827016533	1.74554538964038
PSMD1	-0.582576627	0.017966133	0.008049514	-3.167151372	24.15894509	2.09423033994142	1.74554538964038
PRKCI	-0.861670565	0.017966133	0.008051712	-3.167004776	21.09452748	2.09411176769393	1.74554538964038
GLT8D1	-0.466333556	0.018078155	0.008106954	-3.16333388	20.9838646	2.09114229122385	1.74284589433662
IMPA1	-0.540036076	0.018131164	0.008135779	-3.161428427	24.28025206	2.08960085708434	1.74157431380026
NPEPL1	-0.928516123	0.018180724	0.008163084	-3.159629656	17.4601687	2.08814573448811	1.74038882612262
NIT1	-2.471342206	0.01824703	0.008197941	-3.217003668	18.35019328	2.08629521159486	1.73880781392411
ACAT2	-0.705063257	0.018287429	0.008221188	-3.155822072	21.14469584	2.08506542034746	1.73784734698929
FABP5	-0.684028642	0.018376817	0.008266495	-3.152871823	21.56559359	2.08267859260234	1.73572970943774
GPATCH4	-1.647695888	0.018430943	0.008295979	-3.195153298	21.25722832	2.08113235596758	1.73445244398769
CD44	-0.272232505	0.018542317	0.008351278	-3.147394408	27.54368172	2.07824705914184	1.73183599848483
SVIL	-0.675994595	0.018682261	0.008419514	-3.143026433	22.10280397	2.07471297657752	1.72857056491524
INPPL1	-1.320566597	0.018768098	0.008463429	-3.140358143	20.87791508	2.07245364475528	1.726579737499
GSK3B	-0.782721186	0.018808011	0.008486669	-3.138762244	19.83583285	2.07126273599665	1.7256571298828
TRIM56	1.154137945	0.01885981	0.008515299	3.136954649	18.47318344	2.06980009793388	1.72446268680374
EVPL	-1.131356196	0.018892562	0.008535352	-3.135692168	20.35827185	2.06877856376948	1.72370914387723
CHORDC1	-0.480549135	0.018894503	0.008541495	-3.135306024	24.32039683	2.06846610900339	1.72366452725563
CADM4	0.56917292	0.019103018	0.008641081	3.129084736	23.45512073	2.06343192384423	1.71889801509756
AZGP1	0.872394695	0.019146128	0.008665918	3.12754438	16.82945515	2.06218542473114	1.71791904197002
RARRES1	-0.455893727	0.019288536	0.00873575	-3.123237028	28.11817774	2.05869980311622	1.71470073405906
GPS1	-0.750525479	0.019322711	0.008757329	-3.12191302	20.86695712	2.05762833417944	1.71393194159841
CHST7	-0.519253177	0.019322711	0.008761999	-3.121626921	23.82068116	2.05739680072353	1.71393194159841
SMG5	-0.689380335	0.01936627	0.008787148	-3.120088756	17.41151365	2.05615205881075	1.71295401760861
RBBP5	-0.389641971	0.019415281	0.008821589	-3.117989537	24.33828549	2.05445317997294	1.7118563194694
OPA1	-0.403001103	0.019415281	0.008821956	-3.117967207	22.91923426	2.05443511262028	1.7118563194694
SPATA31A7	0.602929823	0.019415281	0.008825619	3.11774438	16.21820125	2.05425482487989	1.7118563194694
RPA1	-0.578620202	0.019538297	0.008886984	-3.114026035	24.06730602	2.05124560172865	1.70911329300898
KIF4A	-0.815603125	0.019593036	0.008917343	-3.112196001	17.04122787	2.04976452817227	1.70789826355158
CBX3	-0.492496596	0.019777846	0.009011529	-3.106557989	22.72819254	2.0452015153555	1.70382100906104
CCNE1	-0.678287412	0.019777846	0.00901248	-3.106501351	19.09221567	2.04515568603388	1.70382100906104
KIAA1217	-1.305033012	0.019840197	0.009046422	-3.104484266	18.9824973	2.04352315702824	1.70245401990421
NCBP1	-0.532032656	0.019845465	0.009054355	-3.104013908	22.74127311	2.04314248184003	1.70233872066369
RPF2	-0.984530117	0.019890055	0.009080243	-3.102481925	18.22525133	2.04190252899577	1.70136401596237
SLC16A5	-1.532611801	0.019980017	0.009126881	-3.110511213	17.64735328	2.03967761194167	1.69940414659036
PLXNA2	0.825250064	0.020068496	0.009173358	3.097007461	17.10871177	2.0374716573601	1.69748517376941
CUL2	-0.645657249	0.020068496	0.009178484	-3.096707713	21.21954336	2.03722904481231	1.69748517376941
LAP3	-0.407773289	0.020238844	0.009262035	-3.091845539	24.31165665	2.03329358219786	1.69381429710688
CTDP1	-0.695750867	0.020254613	0.009274897	-3.091100984	17.63010168	2.03269090463259	1.69347605036092
LLGL2	-1.1031856	0.020264267	0.009284965	-3.090518851	17.25032387	2.03221972900934	1.69326910095819
DOCK11	0.723660493	0.020309504	0.009311353	3.088996142	19.52437743	2.03098720862759	1.69230068283317
CYP11B2	-0.737135131	0.020331596	0.009327148	-3.088086752	22.18585173	2.03025113194591	1.69182852855392
TTC13	-0.948128005	0.020417169	0.009372095	-3.085507387	19.60935791	2.02816331783791	1.69000447639766
TJP3	-0.765465982	0.020470146	0.009402118	-3.083791368	20.0969903	2.02677430255988	1.68887905979142
ACE	-0.696611019	0.020475665	0.00941036	-3.083321272	16.59789865	2.02639376201133	1.68876198450573
PSMD7	-0.463185329	0.020487337	0.009421434	-3.08269023	24.861745	2.02588298989403	1.68851448871282
HEXA	0.47353372	0.020560337	0.009460735	3.080456827	27.42057102	2.02407512215588	1.68696977119228
CDK4	-0.605761365	0.02060116	0.009485261	-3.079067721	18.18553666	2.02295071440102	1.68610832490194
MECP2	-2.448224833	0.020609851	0.009504983	-3.13891278	18.10762596	2.02204865554896	1.6859251479642
RXYLT1	1.882670899	0.020609851	0.009506495	3.121632684	17.2591637	2.02197957588477	1.6859251479642
DRG2	-0.79887132	0.020609851	0.009503113	-3.078058899	16.47603792	2.02213410657823	1.6859251479642
OLA1	-0.390085261	0.020738641	0.009571681	-3.074201681	25.58623709	2.01901178375775	1.6832197062661
TM4SF1	2.646446342	0.020740366	0.009578257	3.142668775	21.15074191	2.01871351431947	1.68318358399433
PNPT1	-0.701679763	0.020817766	0.009624151	-3.071268686	18.27093267	2.01663757166652	1.68156587741571
WDR43	-0.50472493	0.020817766	0.009625606	-3.071187577	21.01782701	2.01657191904842	1.68156587741571
SMARCAD1	-0.610793705	0.020860537	0.009658615	-3.069350867	17.77932351	2.01508514490763	1.68067451598931
MAP1A	-1.072704516	0.020860537	0.009663389	-3.069085785	18.84115406	2.01487053757199	1.68067451598931
EIF3I	-0.474919321	0.020860537	0.009663842	-3.069060599	24.89191828	2.01485017920815	1.68067451598931
H3-3A	-0.55234696	0.020860537	0.009668638	-3.06879443	26.38293594	2.0146346997272	1.68067451598931
PLOD3	-0.406251162	0.020916816	0.009700552	-3.06702646	26.24880507	2.01320355194684	1.67950442395729
POLR1G	-0.72795886	0.020936754	0.009715634	-3.066192995	22.05454479	2.0125288539713	1.67909064974232
PICALM	-0.783392648	0.021013573	0.009757138	-3.063906035	18.85527204	2.01067755252622	1.67750009693944
OSBPL3	-1.145474431	0.021081606	0.009794603	-3.061849976	16.41906343	2.00901316236485	1.67609630757855
XPO4	-1.119782686	0.02127562	0.009895667	-3.056342728	19.97143677	2.00455492761658	1.67211777513736
IL6	-0.735070333	0.02127562	0.009896603	-3.056292015	18.8339912	2.00451385101088	1.67211777513736
RBKS	0.750695573	0.021311386	0.009919179	3.055069572	21.8344786	2.00352427245521	1.67138830474014
TGM3	-0.70037317	0.021315194	0.009927033	-3.054644973	17.19620748	2.003180534412	1.67131071027249
DCAF5	-0.840868904	0.021315194	0.009932833	-3.054331615	18.70302325	2.00292686622848	1.67131071027249
NBEAL2	-0.953497269	0.021360997	0.00996013	-3.052859279	17.79648391	2.00173499311102	1.6703784809743
DDX39B	-0.345587275	0.02140082	0.009984663	-3.051539491	25.99324452	2.00066658875124	1.6695695857792
VTCN1	0.60869447	0.02142625	0.0100025	3.050582009	22.63030545	1.99989143994897	1.6690538320761
CRISPLD2	-1.467032904	0.021455135	0.010021964	-3.049654505	18.78102883	1.99904716162442	1.66846874845498
PAXX	-0.496416272	0.021543022	0.010069021	-3.04702601	21.13335759	1.99701275337555	1.66669337504606
TNR	-1.266301102	0.021633246	0.01011722	-3.044579077	16.63611312	1.9949388061247	1.66487831116096
NSF	-1.174607325	0.021790491	0.010196833	-3.040259194	18.6180646	1.99153469335516	1.66173298378825
SORT1	0.332402921	0.021807117	0.01021069	3.039530609	25.46572458	1.99094490893491	1.66140174633109
SMC2	-0.761650444	0.02184774	0.0102358	-3.038327337	24.18539696	1.98987820849655	1.66059348117834
TBC1D10A	-0.818539746	0.021892276	0.010262767	-3.036801486	17.24977787	1.9887355309572	1.65970908526362
RPL23	0.491584945	0.021973473	0.010308195	3.034432073	30.27425443	1.98681737449997	1.65810129558143
PACSIN2	-0.58800479	0.021973473	0.010313079	-3.034177936	23.57032292	1.98661165546542	1.65810129558143
CHEK2	-0.724914404	0.021999044	0.010331212	-3.033235547	20.4343074	1.98584872649241	1.65759619165715
RPS12	-0.546530403	0.022083387	0.010376976	-3.03086443	20.11439309	1.98392918770653	1.65593431669457
USP5	-0.422078001	0.022117806	0.010404393	-3.029448901	23.87589521	1.98278325177529	1.65525795554776
UBR1	-0.586817344	0.022117806	0.010405479	-3.029392945	21.99071431	1.98273792292293	1.65525795554776
NECTIN4	0.812853017	0.022239303	0.010471461	3.02600191	21.45713818	1.97999272042504	1.65287882806108
YES1	-0.767863066	0.022239303	0.010475034	-3.025818888	21.73522544	1.97984455872077	1.65287882806108
ASPH	-0.760244698	0.022295512	0.010507723	-3.024147372	21.94825295	1.97849138441634	1.65178254994718
ANGPT1	-1.354244916	0.02231036	0.010520939	-3.023473065	19.51410288	1.97794549741425	1.65149342188326
SF3A1	-0.494020408	0.022389037	0.010564281	-3.021267606	24.63058301	1.9761600554842	1.64996458594667
MPDZ	-1.136633699	0.022389454	0.010570718	-3.020940842	17.72088185	1.9758955128962	1.64995649720607
KLC1	-0.527162607	0.022624746	0.010688111	-3.015015936	22.09776089	1.97109904453571	1.64541628776553
PSMA1	-0.429550008	0.022658143	0.010710204	-3.013908216	25.85234176	1.97020225697108	1.64477568661299
TBCD	-0.562589287	0.022670532	0.010722378	-3.013298732	22.68702211	1.96970888649511	1.64453828834488
FILIP1L	-0.650135487	0.022711217	0.01074795	-3.012020825	20.58375856	1.96867436259378	1.64375959311522
BSG	-0.319086074	0.022720912	0.010758871	-3.011476008	26.11520019	1.9682332996915	1.64357424036338
IGSF3	0.347289359	0.022768436	0.01078772	3.01003942	23.8992419	1.96707033437645	1.64266680073743
MDC1	-0.498032814	0.02281762	0.010817384	-3.008566306	23.87474625	1.96587775325242	1.64172965679647
ST13	-0.471549839	0.022818991	0.010829511	-3.007965206	24.38536079	1.96539115323583	1.64170356293359
SCCPDH	-0.684554653	0.022818991	0.010830753	-3.007903675	16.18805296	1.96534134832606	1.64170356293359
C18orf25	-0.652710392	0.023024157	0.010934549	-3.002786865	21.81163966	1.96119912491263	1.63781626197587
CHRD	-1.323765406	0.023091659	0.010973043	-3.001012531	17.91739445	1.95967291892967	1.63654486445557
LZIC	-0.719807137	0.02315333	0.011008802	-2.999156164	18.67725455	1.9582599392569	1.63538653826932
ABCF2	-1.192862499	0.023245311	0.011059015	-2.996714722	17.82036238	1.95628355287895	1.63366463899776
ACP3	0.658617528	0.023313364	0.011097889	2.994832217	18.73618163	1.95475962327105	1.63239505547011
HIBCH	-0.699166668	0.023343145	0.011118571	-2.993833321	18.31795554	1.9539510263056	1.63184063226103
USP19	-0.578457913	0.023383166	0.011149908	-2.992323399	17.83444009	1.95272871604696	1.63109668721858
HTT	-0.728053227	0.023383166	0.011150668	-2.992286839	21.42143378	1.95269911467645	1.63109668721858
EHMT2	-0.851259221	0.023548451	0.01123605	-2.988194479	21.32908548	1.94938633687205	1.62803765517108
HLA-C	-0.603790669	0.023626095	0.011279683	-2.986115143	21.97568784	1.94770310543116	1.62660805408061
NBEAL1	-0.887153688	0.023697632	0.011320441	-2.984180038	17.66364805	1.94613665440782	1.62529504895672
SHTN1	-0.661180913	0.023808715	0.011380141	-2.981358096	19.74860996	1.94385235699696	1.62326404363204
TNFRSF21	-0.543274841	0.023818831	0.011391615	-2.980817425	22.49289451	1.94341470121784	1.62307955698874
B3GALNT1	-0.783328017	0.023917227	0.01144534	-2.978293083	20.35950741	1.94137130146645	1.62128917453353
CSTB	-0.863868538	0.023974149	0.011479261	-2.976705318	17.18216121	1.94008606959942	1.62025679984712
PPP1R12A	0.326723457	0.024028969	0.011512207	2.975167676	28.22617249	1.93884140998967	1.61926486287136
UBE2N	-0.559986912	0.024079407	0.011543083	-2.973730641	21.82233299	1.93767818155578	1.61835421258859
NAGA	0.364050588	0.024112784	0.011565803	2.972675618	23.11248678	1.93682420929523	1.61775264420419
TLE1	-1.549412753	0.024115299	0.011580452	-2.981712347	20.065996	1.93627448920316	1.61770734899215
ALDOA	-0.332897346	0.024115299	0.011577423	-2.972136839	28.98011844	1.93638809876303	1.61770734899215
PTPN14	-1.126619509	0.024217894	0.01163665	-2.969399045	16.10359035	1.9341720279261	1.61586362601319
SEMA7A	-0.302274196	0.024217894	0.011643218	-2.969096295	24.38902391	1.93392697101832	1.61586362601319
PCOLCE2	-0.417529906	0.024440987	0.011757287	-2.963865324	21.7868616	1.92969288037372	1.61188125996801
RPS7	-0.402460833	0.024638765	0.011859294	-2.959230118	22.82275271	1.92594116434701	1.608381064654
PLS1	-0.537413876	0.024641379	0.01186742	-2.958862589	22.93081694	1.92564368724185	1.60833499150224
THBS4	-0.65202511	0.024701136	0.011903084	-2.957252506	23.11063536	1.92434050157742	1.60728307317003
AP1M2	-0.794329417	0.024702247	0.011910504	-2.95691814	22.5602805	1.92406986070129	1.60726354004739
XPOT	-0.374206956	0.024709102	0.011920695	-2.956459182	23.67750283	1.92369842363387	1.60714303782461
HP1BP3	-0.701730404	0.024713169	0.011929545	-2.956060972	23.21551406	1.92337612026575	1.60707156091243
APEH	-0.364914145	0.024783891	0.011970592	-2.954217902	26.4558635	1.92188437123304	1.60583050961564
ENAH	-0.437551584	0.024980017	0.012078923	-2.949383673	24.99313672	1.9179717872388	1.60240727040529
WBP4	-0.553599489	0.024980017	0.012079244	-2.949369394	21.45638296	1.91796024592205	1.60240727040529
RIMBP3	-1.670355778	0.025125763	0.012156724	-2.996177333	22.07578136	1.91518344318886	1.59988074104774
IFNAR1	0.651777911	0.025186862	0.012198263	2.944107957	20.53673975	1.91370200729432	1.59882593734414
SETD7	-0.935874799	0.025186862	0.012200325	-2.944017221	18.73022848	1.91362860015913	1.59882593734414
RBM39	-0.786370393	0.025241001	0.012233584	-2.942556323	20.63483076	1.91244629166364	1.59789342596689
RBM19	-1.29891159	0.025269444	0.012254413	-2.94174907	17.19411686	1.91170748710195	1.59740431369498
RPS15A	-0.415720613	0.025301344	0.012276934	-2.940658112	24.75969713	1.91091007888994	1.59685640861546
ARFGEF1	-0.601657271	0.025302785	0.012284685	-2.940319407	23.4651015	1.91063597508261	1.59683167473066
LSG1	-2.168670644	0.025365777	0.012322338	-2.987728636	20.04170099	1.90930688274261	1.59575182991097
RRM1	-1.492923101	0.025585276	0.012436098	-2.943155364	19.89600111	1.90531586425095	1.59200989373464
HAPLN3	0.578053228	0.025712003	0.012504862	2.930786113	24.43780313	1.90292109665393	1.58986408990854
FAIM	-0.720495	0.025894988	0.012601073	-2.926672713	16.61057801	1.89959247249051	1.58678428590251
CLINT1	-1.637121262	0.026007802	0.012663219	-2.93661833	18.91568421	1.89745588229365	1.58489634982671
OLFM2	-0.660664174	0.02610336	0.012717021	-2.921756747	22.21205349	1.89561461154796	1.58330358708548
LGSN	-0.822520983	0.026158079	0.012753003	-2.92024029	19.90232191	1.89438753815033	1.5823941529446
KRI1	-0.695370397	0.026158079	0.012761114	-2.919898994	18.197422	1.89411141159173	1.5823941529446
PAAF1	-0.799227148	0.026158079	0.012765551	-2.919712424	21.99468159	1.89396043498468	1.5823941529446
SMARCC2	-0.588197186	0.026491736	0.012935764	-2.91260279	22.12784987	1.88820791629528	1.57688958150959
SRSF6	-0.499198846	0.026540142	0.012972319	-2.911088058	27.30868202	1.88698238020903	1.57609675782232
PTPN3	0.879697604	0.026540142	0.012974194	2.91101046	16.65325458	1.88691961245639	1.57609675782232
ENTPD2	-0.822341424	0.026552921	0.012987842	-2.910446124	18.99345394	1.88646300330331	1.57588769663889
ST6GALNAC5	1.316166182	0.026599749	0.013018307	2.909188476	19.43456919	1.8854454910647	1.57512246143018
FTO	-1.022474071	0.026599749	0.013025574	-2.908888922	17.62967579	1.88520312948411	1.57512246143018
PFKL	-0.806778231	0.026608249	0.013037152	-2.909994095	23.68962692	1.88481727101004	1.57498370397768
PPWD1	-0.99648371	0.026724642	0.01310593	-2.905587488	19.80687847	1.8825321559812	1.5730881038354
CHI3L1	-0.532453417	0.026724642	0.013109077	-2.90545861	23.56417899	1.88242788557295	1.5730881038354
DCBLD1	0.534364131	0.026825726	0.013166138	2.903127042	21.03081345	1.88054159719135	1.57144851564245
ARSA	2.423819392	0.026935078	0.013236404	2.953832217	19.08464479	1.87822998582368	1.56968176246365
INTS14	-0.661581431	0.026935078	0.013240711	-2.900094999	17.96641631	1.8780886935152	1.56968176246365
CNP	-0.906687807	0.026935078	0.013242329	-2.900029375	16.88652966	1.87803562646002	1.56968176246365
PITPNB	-0.716425822	0.027014734	0.01328902	-2.898139832	23.25193212	1.87650704496285	1.56839930437505
VPS13C	-0.534981723	0.027061835	0.01332202	-2.896808357	17.5799574	1.87542991868373	1.56764275824266
TP53	-0.970011975	0.027061835	0.013327275	-2.896596613	18.19807778	1.87525864079199	1.56764275824266
EPG5	-0.842188365	0.027128389	0.013367612	-2.894974156	17.49028531	1.87394616849351	1.56657599574021
SMARCC1	1.739201032	0.027172778	0.013397058	2.924178772	18.19932267	1.87299056242972	1.56586595935918
SH3KBP1	-0.748021542	0.027175237	0.013405844	-2.893440827	17.43875876	1.87270583867446	1.56582665966693
MAT2B	0.521430303	0.027193663	0.013423495	2.892734414	22.52341588	1.87213439462911	1.56553228878836
IPO9	-0.3784431	0.027193663	0.013430092	-2.892470595	25.59588635	1.87192101227875	1.56553228878836
COTL1	-0.645700997	0.027242293	0.013461702	-2.891208433	20.24879148	1.87090002759506	1.56475634039597
EPHA4	0.515855922	0.027247216	0.013471728	2.890808682	22.95503164	1.87057669434885	1.56467786540952
PDS5A	-0.699326174	0.027284995	0.013504328	-2.889511006	18.3005306	1.86952702222463	1.56407612146568
MED23	-0.826768052	0.027284995	0.013505616	-2.889459796	19.09022034	1.86948560256874	1.56407612146568
LMNB2	-0.287839815	0.027309393	0.013525304	-2.888677674	26.37756561	1.86885296473978	1.56368795272296
PRDX3	-0.54643099	0.02735419	0.01355875	-2.887351624	19.29543615	1.86778034683514	1.56297614082943
PI16	-0.62344922	0.02735419	0.013563171	-2.887176544	18.27421117	1.86763876276951	1.56297614082943
RSRC2	-0.756448289	0.02735419	0.013570362	-2.886891983	19.68609385	1.8674085670414	1.56297614082943
CACNA2D1	-1.663634292	0.027496861	0.013648804	-2.904997989	19.8086998	1.86490540275927	1.56071688174025
TRAF6	-0.78120665	0.027555561	0.013685621	-2.882350719	16.42606035	1.8637354912203	1.55979074280493
CREG1	0.622611804	0.027586628	0.01370874	2.881444421	24.21291116	1.86300246032311	1.55930138145235
PSMC2	-0.448391783	0.027612842	0.013729462	-2.880633337	23.09871717	1.86234648060804	1.55888889211488
SUPT6H	-0.561318592	0.027716357	0.01379538	-2.878061344	23.78992117	1.86026633218152	1.55726385338093
FLT4	-0.606885289	0.027716357	0.013796381	-2.878022411	18.994222	1.86023482068963	1.55726385338093
INHBA	-0.747535461	0.028027965	0.013959301	-2.871718013	16.21172804	1.85513632809132	1.55240843350458
PTPN23	-1.961169397	0.02815636	0.014031096	-2.91239539	17.78655938	1.85290840394231	1.55042349065539
EPN3	-0.489409385	0.028257947	0.014089595	-2.866728476	18.85710086	1.85110149033941	1.5488593937599
CSNK2A1	-0.659180431	0.028366035	0.014151394	-2.864377894	21.930798	1.84920077733484	1.54720136557757
STK24	-0.615129575	0.02837294	0.014162747	-2.863947198	18.78445245	1.84885250291484	1.54709566034013
TMA7	-0.757712082	0.028712467	0.014340229	-2.857258018	20.39730565	1.84344391333752	1.5419294909428
STAT3	-0.810773135	0.028744151	0.014366983	-2.856256778	18.35166514	1.84263442212445	1.54145051434312
GOLGA7	-0.680542654	0.028744151	0.014372075	-2.856066427	20.54777527	1.84248052511607	1.54145051434312
PROM1	-0.985667891	0.02879303	0.01440454	-2.854854413	17.41569779	1.84150060608551	1.54071263025778
AKR1A1	-0.386603674	0.029116339	0.014574399	-2.848556807	23.76749662	1.83640934506742	1.53586323279485
EGFLAM	1.191944732	0.029263416	0.014656176	2.845550811	20.31313016	1.83397932838079	1.53367497884785
LRRN4	-0.630866806	0.029279567	0.014672989	-2.844934853	20.47663034	1.83348140803945	1.5334353501171
ATIC	-0.688167689	0.029279567	0.014680586	-2.844753983	24.55252754	1.83325660848759	1.5334353501171
PHF5A	-0.68637158	0.029281721	0.014689827	-2.844318673	19.05826829	1.83298331880387	1.53340340169703
GRHPR	-0.474998234	0.029364146	0.014739361	-2.842510035	21.21692978	1.8315213441696	1.53218262526137
AKR1B1	-0.540546086	0.029381877	0.01475645	-2.841887465	23.06635037	1.83101810937252	1.53192046366134
SNRPD2	-0.352340417	0.029418215	0.014782899	-2.840925309	24.41934246	1.83024039028186	1.53138368236201
AP2A2	-0.741089903	0.029553625	0.014860348	-2.838117648	21.30346409	1.82797102013735	1.52938924165442
NCAPD2	-0.610090665	0.029553625	0.014867417	-2.837862125	22.04725326	1.82776447734811	1.52938924165442
GTF2F2	-1.641210675	0.029639474	0.014918866	-2.854583294	19.46143401	1.82626418682711	1.5281295078764
FOCAD	-0.571561002	0.029764773	0.01499023	-2.833441634	20.90384523	1.82419170357837	1.52629742523127
ECI1	-1.273222174	0.029909549	0.015079814	-2.836522819	20.75181089	1.82160401518188	1.52419013555738
DNAJC8	-0.618611172	0.029909549	0.015071675	-2.830529873	22.03083595	1.82183847941508	1.52419013555738
AVL9	-1.014797836	0.029978589	0.015122978	-2.828703688	18.84816949	1.82036267962725	1.52318881191252
SPOCK2	0.369551578	0.030103597	0.01519443	2.82617051	30.82658696	1.8183155872917	1.52138160859491
PCK2	-1.259096492	0.03011988	0.015216186	-2.825497133	17.97608079	1.81769419163432	1.52114676273168
DDI2	-1.051091418	0.03011988	0.015219438	-2.825286699	20.72796299	1.81760138422807	1.52114676273168
GANAB	-0.351105518	0.030210314	0.015273553	-2.823379072	27.14527768	1.81605992372911	1.51984476073272
WDR6	-0.723752108	0.030340268	0.015347711	-2.820775806	17.91975915	1.81395638723545	1.51798058734602
WNK1	-0.628669847	0.030412202	0.015392575	-2.819206906	22.38233644	1.81268872164054	1.51695213356099
XRCC1	-1.909848988	0.030433196	0.015420777	-2.857168169	19.98349124	1.81189374312612	1.51665243698526
AIDA	-0.644285892	0.030433196	0.015416219	-2.818381885	18.30476406	1.81202212880045	1.51665243698526
RPP14	-0.686774847	0.030433196	0.015428647	-2.817948748	17.6790836	1.8116721572938	1.51665243698526
BPNT2	0.571534836	0.030532631	0.015487566	2.815899929	23.19374653	1.81001682987336	1.51523577088803
KIT	1.174767768	0.030638854	0.015549987	2.813737761	18.89984375	1.80826996971307	1.51372748286398
NOP58	-0.309763516	0.030791511	0.015636046	-2.810770828	24.75379889	1.80587306057819	1.51156899888956
IMPA2	-0.760223728	0.030833711	0.015666069	-2.80973958	20.77837563	1.80503996497245	1.51097420249269
UBFD1	-1.096948475	0.030895319	0.015705982	-2.80837164	16.44106776	1.80393490461101	1.51010731625376
SMYD5	-0.779592782	0.030911449	0.015722797	-2.807796363	20.17161175	1.80347019279958	1.50988063654282
UEVLD	-0.587596328	0.031139176	0.015847306	-2.803555478	19.46880084	1.80004455608195	1.50669288384843
COL9A2	-0.737632274	0.03116165	0.015867429	-2.802873189	22.57384555	1.79949343629286	1.50637955462838
MMP2	-0.374724466	0.031518977	0.016058163	-2.796448134	25.41496432	1.79430413804826	1.50142788669215
POLR3C	-0.723229006	0.031594503	0.016105448	-2.794866998	16.2961536	1.79302719004815	1.50038847195232
KDR	-1.734693028	0.031682812	0.016176954	-2.82686364	17.86739729	1.79110324944355	1.49917627967452
RSU1	-0.832290439	0.031682812	0.016163475	-2.792932863	17.72474107	1.79146526416269	1.49917627967452
SMS	0.311931118	0.031682812	0.016168817	2.792755153	23.9427564	1.79132175431542	1.49917627967452
CPNE3	-0.531390529	0.031746719	0.016218433	-2.791107387	21.49705992	1.78999110896139	1.49830115206728
HERC4	-0.539455914	0.031878479	0.016294629	-2.788586512	22.67788935	1.78795552320663	1.49650240803079
COL23A1	0.465423233	0.032024116	0.016377997	2.785841693	21.71238911	1.78573921277329	1.49452284976816
NME7	-0.715199982	0.032188393	0.016470984	-2.782796422	17.98537765	1.78328045468545	1.49230070485069
PRMT5	-0.556930405	0.032287831	0.016530865	-2.780844293	22.24375944	1.78170442078438	1.49096112860843
SYNE2	-0.822451994	0.032433679	0.016614577	-2.778126988	18.14649438	1.77951071119564	1.48900378586983
PCMT1	-0.610114231	0.032571199	0.016694101	-2.775558103	18.80850138	1.77743696332729	1.48716625403877
SREK1	-0.690155348	0.032592296	0.016713998	-2.774917275	18.61866457	1.7769196541366	1.48688504410659
TMBIM6	-0.672313432	0.032627951	0.016741376	-2.774036695	17.97872371	1.77620884952985	1.4864101985791
PSMD11	-0.496262482	0.032717134	0.016796255	-2.772275903	23.1546409	1.77478754054444	1.48522474725317
LRP1	-0.233862561	0.032735147	0.016814625	-2.771687737	27.13930817	1.7743128138829	1.48498570450079
ZC3H4	-0.739186248	0.032959496	0.016941473	-2.767643765	18.66878458	1.77104883202417	1.48201943793646
PSMB2	-0.446559845	0.032959496	0.016948236	-2.767429005	23.69234751	1.77087549718556	1.48201943793646
FTSJ3	-0.821191796	0.03297891	0.01696741	-2.766820565	19.76940933	1.77038444575265	1.48176370250618
FIP1L1	-1.034610611	0.03304008	0.01700809	-2.765531926	16.89690487	1.76934445470225	1.48095890979244
DCUN1D1	-0.493124516	0.033050634	0.017022734	-2.76506879	18.64482133	1.76897068715636	1.48082020516289
TAF15	-1.043722315	0.03313312	0.017083688	-2.774086755	22.36110915	1.76741836870832	1.47973766659361
CCT6A	-0.333346966	0.03313312	0.017074791	-2.763425613	24.53363776	1.76764460349429	1.47973766659361
FLII	-0.982851032	0.033262561	0.017159699	-2.760756037	19.7221217	1.76549033442353	1.47804431598992
TGFBR2	-0.702800026	0.033683496	0.017386242	-2.753696622	18.81038086	1.75979427970146	1.47258283953835
TXNRD1	-0.303446982	0.033935168	0.017525604	-2.749398814	26.13181094	1.75632700563823	1.4693499964418
RPL36	-1.098828292	0.033984331	0.017560465	-2.748328988	19.51819219	1.7554639881873	1.46872127498015
CDK2	-0.642867248	0.034013177	0.017584851	-2.747581893	18.39471173	1.75486130719645	1.46835280090676
CD59	-0.785393867	0.034075035	0.017626328	-2.746313495	21.20030059	1.75383815255813	1.46756368940968
RERE	-0.80125027	0.034103408	0.01765051	-2.745575362	17.1236008	1.75324274143843	1.46720221919991
ITGB4	-1.4334943	0.034262174	0.017742229	-2.750751684	19.73947983	1.75099181958948	1.46518508368666
ZFR	-0.7498419	0.034370022	0.017810966	-2.74070262	20.34654104	1.749312525394	1.46382018987396
RALGAPA1	-1.224768363	0.034370022	0.017817236	-2.740601789	18.42630549	1.74915966747377	1.46382018987396
TAOK1	-0.991689145	0.034458602	0.017872759	-2.73883764	18.92244367	1.74780840071277	1.46270234604068
SPON2	1.052358207	0.034576623	0.01794361	2.736707063	17.01049269	1.74609017860747	1.46121742529237
BTD	0.37932978	0.034978098	0.018161705	2.730200315	23.20430115	1.74084338283403	1.45620380979624
ESYT1	-0.959354855	0.035209437	0.018291636	-2.726360352	19.14954035	1.73774744958112	1.45334091925666
PABPN1	-0.574760712	0.035336101	0.018367288	-2.724136913	20.26761919	1.73595496419416	1.45178137241845
CTTN	-0.347739118	0.035376854	0.018398331	-2.72322716	27.97096891	1.73522157211905	1.45128079073633
TUBA4A	-0.483849315	0.035458397	0.018450621	-2.721698128	24.01617959	1.73398901203421	1.45028090183692
ATP6V1B2	-0.49486979	0.035621954	0.018545655	-2.718930098	23.57741031	1.73175782354528	1.44828226151111
H1-0	-0.4616713	0.035678665	0.018585124	-2.717784599	25.49040724	1.73083453694457	1.4475914041272
NUP85	-0.726758938	0.035694721	0.018603436	-2.717253945	21.19892827	1.73040683545813	1.4473960082602
CIP2A	-0.713964456	0.035757354	0.018646045	-2.716021194	21.90192277	1.72941327199611	1.44663462594199
NT5C	-0.525278117	0.035791691	0.018677706	-2.71510699	18.89526452	1.72867646497531	1.44621778262089
PGF	-0.721380919	0.035791691	0.018683901	-2.714928273	19.59369436	1.72853244256535	1.44621778262089
SF3A3	-0.38309328	0.035882574	0.018741344	-2.713274024	23.14197446	1.72719926772497	1.44511641083696
COL12A1	0.43039907	0.03593201	0.018777179	2.712244573	31.5482122	1.72636965364387	1.44451848812536
UBQLN1	-1.077279557	0.036061028	0.018854651	-2.710025582	18.88530245	1.72458150198427	1.44296189690469
STAU1	-0.399354439	0.036105795	0.018888121	-2.709069697	23.8730246	1.72381124376796	1.4424230879962
RPS27	-0.63646756	0.036179622	0.018936826	-2.707681671	20.5906513	1.72269281129896	1.44153597490494
SRSF10	-1.105724908	0.036396222	0.01906034	-2.735917709	22.88140971	1.71986935664592	1.4389436946396
LIPG	-1.27894036	0.036400495	0.019072723	-2.734063713	21.82851605	1.7195872985926	1.43889271046339
MED1	-1.105201588	0.036413466	0.019089668	-2.703348536	20.58902316	1.71920162461952	1.43873798096628
CZIB	-0.842245385	0.036662614	0.019230501	-2.699385976	16.65925807	1.71600940121648	1.43577657359901
RNMT	-0.613644349	0.036711217	0.019266227	-2.698385316	22.3774428	1.71520332704235	1.43520121812135
TTI1	-0.625768284	0.036746917	0.019295204	-2.697575023	16.7074169	1.71455062545714	1.43477909157443
PPFIA1	-1.616909809	0.036791628	0.019328935	-2.718271555	18.84058195	1.71379207439179	1.43425099456155
PLOD2	-0.307582967	0.036905112	0.019398841	-2.694686733	26.40021963	1.71222421658218	1.43291347233356
NPM1	0.308509912	0.037054548	0.019487718	2.692221835	29.94606747	1.71023901352639	1.43115847999007
POLR2H	-0.598559	0.037122073	0.019533577	-2.690954317	19.56785617	1.70921822117109	1.43036777956193
EPDR1	-1.282939968	0.037269669	0.019621629	-2.688613338	18.95148021	1.70726494005785	1.42864446429236
NONO	-0.457627936	0.037463874	0.019743753	-2.685182299	24.27696335	1.70457029076112	1.4263873158601
GLYATL2	-0.37639265	0.037463874	0.019745664	-2.685130089	23.58712124	1.70452825738516	1.4263873158601
CRLF3	-0.739390611	0.037463874	0.019755198	-2.684869722	20.92504807	1.70431861316672	1.4263873158601
GLUD1	-0.874004045	0.037464995	0.019766231	-2.692123441	22.91233839	1.70407613351633	1.42637432102591
FZD2	1.032659034	0.037507344	0.019799027	2.683674338	20.96988893	1.70335615210786	1.42588368836817
CDC5L	-0.721710445	0.037845104	0.019987868	-2.67855348	19.18102492	1.69923352730334	1.42199029696488
ACIN1	-0.564999457	0.037856631	0.020004507	-2.678188313	25.82855206	1.69887214710017	1.42185803810631
PRKAG1	-1.023604216	0.037858555	0.020016076	-2.677792657	18.92026782	1.69862105865395	1.42183596637599
SEPTIN5	-0.55143935	0.038014233	0.020108979	-2.675294241	17.71757097	1.69660997942428	1.42005376769802
NDST1	0.383540161	0.038250589	0.020244668	2.67166547	24.7677233	1.69368934099733	1.41736187299454
PSMC4	-0.605785991	0.038253911	0.020281184	-2.670692986	22.37063168	1.69290669481913	1.41732415687928
CAT	-0.273377507	0.038253911	0.020287231	-2.67053211	26.16455728	1.69277722568648	1.41732415687928
CASP6	-0.474924458	0.038253911	0.020289047	-2.670483798	18.72810156	1.69273835180162	1.41732415687928
WDR45B	-1.023907007	0.038253911	0.020296414	-2.670287896	20.80724874	1.69258068709093	1.41732415687928
SRGAP2	-0.532463848	0.038253911	0.020299734	-2.670199621	17.80717033	1.69250965287935	1.41732415687928
PDCD10	-0.638800325	0.03827991	0.020344765	-2.66900382	20.03597413	1.69154732226647	1.41702909196493
NUP210L	0.807152933	0.03827991	0.020345537	2.668983326	18.10740357	1.69153084289307	1.41702909196493
LRRC75B	0.807152933	0.03827991	0.020345537	2.668983326	18.10740357	1.69153084289307	1.41702909196493
ITGA2	-0.849387531	0.038309557	0.020371972	-2.675724469	23.18417284	1.69096692940602	1.41669287003644
DNMT1	-0.7909898	0.038385138	0.020422862	-2.666936069	22.14129381	1.68988339722896	1.41583689370424
PLCH1	-0.663626606	0.038417589	0.020450835	-2.666197325	21.63359071	1.68928895521218	1.41546989394729
TSPAN6	0.733490444	0.038422205	0.020464001	2.665849963	17.22139942	1.68900945164306	1.41541771516788
CX3CL1	-0.491289948	0.038462398	0.020496128	-2.665003273	24.43724579	1.68832817538627	1.41496364246619
GALM	-1.048310755	0.038472409	0.020512184	-2.664580586	19.04201787	1.68798809640142	1.4148506189271
DCTN6	0.649569372	0.038663305	0.02062474	2.661626744	17.03965512	1.6856115175551	1.41270102454665
CYCS	-0.737669497	0.038724684	0.020678408	-2.660223865	21.46641601	1.6844828999799	1.41201211747105
GEMIN4	-0.858446399	0.038724684	0.020679068	-2.660206634	17.73313625	1.68446903867182	1.41201211747105
SFSWAP	-0.71883696	0.038830535	0.020746415	-2.658451286	16.90189607	1.68305693896301	1.41082662578289
XYLT2	0.289077372	0.039028613	0.020870503	2.655231601	24.90943594	1.68046708387695	1.40861688241462
HSPH1	-0.339922203	0.039028613	0.020873999	-2.655141169	26.77599249	1.68039434167429	1.40861688241462
CARS1	0.365981781	0.039121091	0.020934363	2.653581957	28.54572849	1.67914024947511	1.40758904221079
RABGGTA	-0.487164203	0.039179684	0.020976637	-2.652492645	20.27703453	1.67826413718219	1.40693907108783
DNAI7	-0.626225496	0.039229652	0.021014323	-2.651523349	20.95343713	1.67748459671732	1.40638554441061
MED16	-0.896283377	0.039229669	0.021025266	-2.651242223	17.55623153	1.67725850104247	1.40638535621102
RPL28	-0.498096302	0.039484881	0.021173052	-2.647459437	21.48794874	1.67421653587647	1.40356916653078
EIF3B	-0.332811494	0.039645315	0.021270131	-2.644988632	26.66298502	1.6722298353252	1.40180812713236
SEC22B	-0.637859854	0.039698377	0.021309664	-2.643985634	17.7317913	1.67142339796747	1.40122724825836
RANBP9	-0.998649878	0.03976326	0.021355574	-2.642823096	17.50902529	1.67048875101391	1.40051801708227
IL27RA	0.678092891	0.039940282	0.021461779	2.640143162	19.89407011	1.66833428153777	1.39858887310048
PHGDH	-0.398134927	0.040031658	0.021522037	-2.63862842	22.46039381	1.66711662631452	1.39759642225214
USP47	-0.714677458	0.040147435	0.021595471	-2.636788046	21.3830693	1.66563731949468	1.39634219636116
USP15	-0.696369515	0.04030518	0.021691556	-2.634389247	19.54721161	1.66370929363006	1.39463913497928
C6orf47	-0.58386504	0.040377619	0.021741795	-2.633139145	17.551644	1.66270460346895	1.39385929424946
RTCA	-0.511398394	0.040406219	0.021768456	-2.632476868	17.3977572	1.66217237364425	1.39355178663386
DNAJB1	-0.75617548	0.040408377	0.021780881	-2.632168517	17.85726261	1.66192455774368	1.39352859261846
ARHGDIA	0.333450639	0.04044964	0.021814396	2.631337581	26.32895013	1.6612568073161	1.39308533923611
AKAP12	0.382119822	0.040535077	0.021871769	2.629918055	27.27093726	1.66011608957925	1.39216899766475
RECQL	-0.459148389	0.040588005	0.02191164	-2.628933702	23.5604846	1.6593251159904	1.39160229479713
SCAMP1	-0.637761396	0.040630154	0.021945719	-2.62809376	20.88726202	1.65865018594604	1.39115153156915
SEPTIN9	-0.6250664	0.040632126	0.021958108	-2.627788705	23.05137037	1.65840508319092	1.39113045343256
OTUD6B	-0.630658309	0.040815501	0.022068582	-2.625076037	18.63415527	1.65622557120444	1.38917486827641
PBXIP1	-1.442368306	0.040875785	0.022123962	-2.633394271	18.40012365	1.65513709614413	1.38853389383271
EIF3A	-0.474438692	0.040875785	0.022114023	-2.623964102	26.63154701	1.65533224304914	1.38853389383271
VPS41	-0.709514027	0.041027565	0.022217547	-2.621439178	17.49854127	1.65330389243261	1.3869242577941
DIABLO	-0.497966845	0.041064185	0.022248822	-2.620678651	19.62922842	1.65269297850072	1.38653679218441
GBP1	-0.365116699	0.041339437	0.022409477	-2.616788379	23.83370968	1.64956827905907	1.38363544230617
NSFL1C	-0.642793864	0.041602348	0.022563592	-2.613082017	23.6769629	1.6465917618872	1.38088215748223
NCL	-0.365161432	0.04162897	0.022589634	-2.612458186	32.76620033	1.6460908055147	1.38060433446153
EIPR1	-0.809503773	0.041769109	0.02267732	-2.610362774	18.8351351	1.64440827155973	1.37914478881222
PCDH20	-0.438963638	0.04194247	0.022783131	-2.607844767	20.51664314	1.64238659269835	1.3773459974333
FARP1	-1.151011349	0.042003944	0.02282823	-2.606775009	18.34659265	1.64152776047792	1.37670992919689
JSRP1	-0.765943989	0.04233238	0.023018526	-2.602283773	20.06086033	1.6379224900269	1.37332731404878
CFL1	-0.233080346	0.042336872	0.023035918	-2.601875119	24.63394041	1.6375944760794	1.37328123236579
VCAN	-0.310830602	0.042336872	0.023044568	-2.601671971	27.28721926	1.63743142887054	1.37328123236579
FNBP4	-0.575789281	0.042391193	0.02308595	-2.600701175	22.90523015	1.63665224927967	1.37272436106739
RHBDF2	1.501213779	0.042590723	0.023206484	2.613500482	19.6159252	1.63439065424759	1.37068498748565
UTP25	-0.727926664	0.042725117	0.023291619	-2.59590141	22.15523452	1.6328003226148	1.36931673931794
ACTC1	-0.450575379	0.043012961	0.023460525	-2.591990428	26.93923152	1.62966227346295	1.36640065970822
ICAM5	-0.890759314	0.043278135	0.023617221	-2.588386698	20.63083833	1.6267712064418	1.36373146270418
XYLB	-0.717580539	0.04337198	0.023680521	-2.586937513	16.63086631	1.62560874684202	1.36279075116353
PTPN2	-0.510372492	0.043516071	0.023771321	-2.584865334	16.75418469	1.62394668335093	1.36135032332938
ACO1	-0.501371748	0.043543895	0.023798656	-2.584243023	23.73330558	1.62344756850084	1.36107272593
BPTF	-0.487695239	0.04384082	0.023973157	-2.5802867	21.82677734	1.62027477041365	1.35812133139082
TATDN1	-0.460234228	0.043903872	0.024019872	-2.579232344	22.0007094	1.61942931124793	1.35749717647588
SLC3A2	-0.453250711	0.044100043	0.024139489	-2.576541673	27.20483924	1.61727192756216	1.35556098707063
TRIM28	-0.52037521	0.044690292	0.024475035	-2.569062681	23.70806237	1.61127667847085	1.34978680771211
TRRAP	-0.932895467	0.045222867	0.024779308	-2.562366644	17.2176734	1.60591082612694	1.34464190809393
CDC37	-0.594898565	0.045286916	0.024827025	-2.561323834	23.55659021	1.60507531844349	1.34402725339048
ILF2	-0.313825523	0.045308723	0.024851607	-2.560787361	25.93753364	1.60464552287966	1.34381817798565
TYRO3	0.602834024	0.045753698	0.025108426	2.555213467	20.21953011	1.60018051153798	1.33957379873218
SMARCE1	-0.763671438	0.046013647	0.025263903	-2.551865963	19.57230417	1.59749955479325	1.33711334358359
PRPS2	-0.546451003	0.046162224	0.025358345	-2.549842352	21.49458775	1.59587909388264	1.33571327594287
ARHGDIB	0.61016385	0.04630166	0.025447847	2.547931378	20.01907761	1.59434895500001	1.33440343844389
PLAU	0.227102113	0.046310699	0.025465722	2.547550506	29.61611485	1.59404400626688	1.33431866384412
EIF3G	-0.398775847	0.046320272	0.025483896	-2.547163528	23.50985674	1.59373417594592	1.3342288990269
LIMCH1	-1.153029595	0.046403162	0.025542432	-2.545918948	18.97946766	1.59273775414012	1.33345242478212
SETD1A	-0.659647535	0.046731175	0.02573601	-2.54182283	18.70054522	1.58945878335632	1.33039329901847
THUMPD1	-0.590348784	0.046829799	0.025803376	-2.54040438	21.24675002	1.58832346914326	1.32947770626614
GIT1	-0.717480136	0.047005464	0.025913268	-2.538098229	19.04769902	1.58647781337972	1.32785165595527
GREB1L	-0.605847389	0.047214665	0.026041757	-2.535413869	17.25435957	1.58432971788944	1.32592308739617
RDX	0.499906131	0.047369001	0.026140084	2.533368305	26.17849584	1.58269302116719	1.32450577433395
COL1A2	0.885722695	0.047488084	0.026219034	2.53173128	19.51930286	1.5813833132637	1.32341535252819
BIRC6	-0.546268125	0.047489113	0.026232838	-2.531445558	20.10940729	1.58115472271248	1.32340594207945
ACTN1	-0.295034788	0.047520222	0.026263266	-2.53081622	27.35781606	1.58065126767607	1.32312153913061
PPP2R1A	-0.498434041	0.04765169	0.026349207	-2.529042588	21.71384829	1.57923245068698	1.32192169219965
MAN1A2	1.285421385	0.047911251	0.02650958	2.567954846	27.61607635	1.5765971528828	1.31956248922735
AKAP8L	-0.538017797	0.047911251	0.026519439	-2.525545894	19.71696613	1.57643566736309	1.31956248922735
MMP9	2.318413118	0.048227411	0.026707878	2.563739335	18.36005561	1.57336061626542	1.31670605175412
RAB25	-2.055341196	0.048269975	0.02675619	-2.558491947	19.82080977	1.57257572871363	1.31632292611118
MINPP1	0.362337536	0.048269975	0.026758356	2.52067497	23.91441017	1.57254057259558	1.31632292611118
TBCB	-0.800076957	0.048344144	0.026812945	-2.519567958	21.03377307	1.57165548265989	1.31565612514897
UBXN1	-0.551796426	0.048654189	0.026998464	-2.515822134	18.43468165	1.56866094307433	1.31287976215276
RBM8A	-0.477861514	0.048719543	0.02704994	-2.514787214	25.22801557	1.56783369387341	1.31229679413358
SF3B1	-0.282305875	0.048719543	0.027061887	-2.514547305	25.0869021	1.56764192373563	1.31229679413358
NLGN2	0.654602454	0.048722032	0.027076849	2.514246988	21.2293379	1.5674018769712	1.31227460732131
CLDN1	0.461036733	0.048843603	0.027158024	2.512620415	21.05847326	1.56610183222347	1.31119230735403
TIMP1	-0.264904974	0.049230976	0.027387132	-2.508054929	26.40932527	1.56245344499283	1.30776155428996
INPP1	-0.363416805	0.04923115	0.02740095	-2.507780759	27.45385598	1.56223437978525	1.30776001933956
BAIAP2L1	-1.178769357	0.04952757	0.027579734	-2.504316441	19.633715	1.55940992680735	1.30515297953783
USP39	-0.409093715	0.049690671	0.027684407	-2.502186008	22.47141747	1.55776477464025	1.30372513870164
FBXW2	-0.62120763	0.049889882	0.027809299	-2.499738557	17.57573072	1.55580995843066	1.30198752325684
SYMPK	-0.67368712	0.049916633	0.027838122	-2.499175237	19.83622486	1.55536006620757	1.30175471657155
ARPC2	-0.314026667	0.05040468	0.028150094	-2.493114012	26.92000992	1.55052015059547	1.29752913808195
CUL3	-0.556277541	0.05040468	0.028152822	-2.493061296	18.19709513	1.55047806555151	1.29752913808195
PRRT3	0.765206088	0.05040468	0.02816262	2.492872014	19.80718088	1.55032694474963	1.29752913808195
PKP3	-0.839805978	0.05040468	0.028166495	-2.492797169	16.69212206	1.55026719266156	1.29752913808195
HMOX2	-0.639581877	0.05046831	0.028225513	-2.491658501	18.48252451	1.54935815600903	1.29698123796422
IL1R1	-0.57167281	0.05046831	0.028230183	-2.491568491	19.88637176	1.54928630656323	1.29698123796422
C1QTNF9	-0.595339576	0.050498218	0.028260987	-2.490975184	21.94586831	1.54881267471788	1.29672394715701
GSTT1	-0.734753529	0.050525581	0.028290382	-2.490409595	19.22690911	1.54836118830222	1.29648868377717
CPSF3	-1.290675316	0.050642483	0.028369953	-2.497327088	20.37679741	1.54714138369155	1.2954850090183
B2M	0.722635827	0.050750493	0.028444605	2.48745152	19.56147979	1.54600009274562	1.29455973457456
PRPF19	-0.314151333	0.050844631	0.028511538	-2.486172541	25.90759682	1.54497935487934	1.29375490016857
IDUA	0.327166309	0.050871209	0.02854062	2.485617735	25.06682364	1.54453659675557	1.29352794084733
LRRC37A	0.533079058	0.050929396	0.028587459	2.484725319	17.4413506	1.54382444524786	1.29303147433281
HMGB1	-0.347322655	0.051232704	0.02877199	-2.481223268	29.02023199	1.54103009931472	1.29045272198256
LAMA1	0.223018347	0.051533606	0.028955337	2.477765145	29.58171635	1.53827137611521	1.28790946725931
UTP15	-0.397028515	0.051534688	0.028976178	-2.477373414	20.83442674	1.53795889916073	1.28790034890465
IDE	-0.439447325	0.051534688	0.028984671	-2.477213849	22.69173493	1.53783162486697	1.28790034890465
NFAT5	-1.033643904	0.051767882	0.029130254	-2.474554623	16.7074741	1.53565572854372	1.28593960311799
FHL1	-1.307696082	0.051836581	0.02918336	-2.47966245	18.42294988	1.53486470745791	1.28536365107653
ADAM15	0.848921489	0.052046835	0.029316236	2.471019754	17.76114145	1.53289179083058	1.28360567506464
LSM4	-0.523764913	0.052203499	0.029419029	-2.469113196	19.31630812	1.5313716656296	1.28230038693136
WDR1	-0.319689771	0.052257538	0.029464047	-2.468280262	29.45414456	1.53070760138148	1.28185105496463
PRDX4	-0.320750078	0.052383383	0.0295496	-2.466700703	23.77992954	1.52944839359723	1.28080645759484
RFNG	-0.526115498	0.052557076	0.02966223	-2.464627992	18.25308819	1.52779620191557	1.27936880464289
ORM1	-0.561964252	0.05276444	0.029793968	-2.462213259	18.32537642	1.52587165302045	1.27765866675782
GINS4	-0.713204	0.052821103	0.029853666	-2.461122399	17.88299472	1.52500233033659	1.2771925341815
TWF2	-0.602509184	0.052821103	0.029855406	-2.461090638	22.5424459	1.52497701852472	1.2771925341815
WDR61	-0.475697382	0.053226398	0.030099321	-2.456655687	23.95034507	1.52144330139218	1.27387292292464
TMOD3	-0.654571747	0.053319171	0.030166643	-2.455437715	20.15613353	1.52047301623181	1.27311661156359
RAE1	-0.788960995	0.053427532	0.030242842	-2.454062333	21.24628549	1.51937739944986	1.2722348868977
ZMYND8	-0.562599475	0.053436515	0.03026282	-2.453702284	19.22659333	1.51909060528257	1.27216187324251
SCAF4	-0.641170723	0.053854825	0.030514732	-2.44918189	18.49703924	1.51549043994407	1.26877538100104
PTGR2	-1.420666635	0.05389613	0.030553157	-2.478640629	21.52759448	1.51494390827439	1.2684424181154
PPP1R9A	-0.848213236	0.053989771	0.030621289	-2.447280651	19.7529973	1.51397653167157	1.26768851460409
HLA-A	-0.4057164	0.054311697	0.030819012	-2.443769645	24.71935505	1.5111812880649	1.26510662721618
SLC1A4	-0.627138007	0.054415151	0.030904881	-2.442251615	21.46242285	1.50997292433046	1.26428016133923
FAM133A	-0.572197172	0.054415151	0.030908049	-2.442195702	21.11866016	1.50992840791877	1.26428016133923
NOL6	-0.46295692	0.054521575	0.03098372	-2.440861459	18.22327855	1.50886644072519	1.26343160691056
SEMA3F	0.253843958	0.054521575	0.030998889	2.440594384	25.64718672	1.50865387099849	1.26343160691056
IGF2R	-0.252370391	0.054771048	0.031155995	-2.437835615	25.99599499	1.50645837452929	1.26144894911572
MRC2	-0.306264981	0.05477857	0.031175541	-2.437493327	23.41773992	1.50618600132092	1.26138930923458
IK	-0.943090497	0.054835634	0.031224872	-2.436630371	19.76310923	1.50549933325191	1.26093713092831
EEF1G	-0.250037881	0.054835634	0.031238583	-2.436390758	27.21570535	1.50530867419416	1.26093713092831
PDIA6	0.369588721	0.054931099	0.031308277	2.435174343	22.99208471	1.50434083241446	1.26018171201339
GLMN	0.616018227	0.055109788	0.031425481	2.433134589	17.95838351	1.50271806625785	1.25877125964423
NUP205	-0.601351915	0.055224945	0.031506539	-2.431728194	19.09848258	1.50159930154693	1.2578647079818
HEATR5B	-0.561766486	0.05523793	0.031529342	-2.431333178	16.27459731	1.50128509264413	1.25776260464847
CMAS	-0.542997337	0.055285176	0.031571718	-2.430599831	21.70869022	1.50070178498712	1.25739130349554
BMS1	-0.611763477	0.055436304	0.031673473	-2.428842768	17.258288	1.49930431357663	1.25620573232685
ROCK2	-0.56730632	0.055662603	0.03183004	-2.426149846	19.81048807	1.49716281561185	1.25443648822649
PLCB3	-0.471611503	0.055662603	0.031833796	-2.426085402	22.45859194	1.49711157113214	1.25443648822649
XPO1	-0.25802859	0.055761415	0.031905848	-2.424850553	27.23828266	1.49612970812272	1.25366621412643
SNRPG	0.341025383	0.056051866	0.032087663	2.421746486	22.79882525	1.49366191217104	1.25140992490641
MAN2B1	0.817754835	0.056492602	0.032355713	2.41720093	19.96620055	1.4900490254955	1.24800842157776
NUSAP1	-1.063766533	0.056531685	0.032393853	-2.416622076	17.54724693	1.48953739292469	1.24770806963813
MYH11	0.816811876	0.056537058	0.032412689	2.43205199	23.60222687	1.48928493782251	1.2476667944954
CST3	0.471562443	0.056588866	0.032458162	2.415473192	20.57190956	1.48867607649555	1.2472690089252
EPB41L1	-0.641775311	0.056639011	0.03250271	-2.414723565	20.86593279	1.48808042705253	1.24688433866915
METTL5	-0.503817772	0.056666316	0.032534173	-2.414194726	17.16401401	1.48766022830622	1.24667502086615
MMS19	-0.555441745	0.056820664	0.032638625	-2.412442555	17.58056778	1.48626814549081	1.24549369546611
EPHA7	0.491711333	0.056952811	0.032740706	2.410735384	20.19823815	1.48491195996994	1.24448483573482
EFEMP1	-0.338721053	0.056952811	0.032746279	-2.41064234	24.11538792	1.48483804228528	1.24448483573482
VWA1	0.575734558	0.05707646	0.032833281	2.409191622	23.27789693	1.48368571644832	1.24354297056337
DHX58	-0.738766046	0.057161123	0.032911326	-2.407893413	20.19603482	1.48265461959314	1.2428992475523
TBL3	-0.723748161	0.057161123	0.032915061	-2.407831366	16.66365862	1.48260533571275	1.2428992475523
HSP90AB4P	-0.76488377	0.057161123	0.032929777	-2.407586927	18.65335381	1.48241121031443	1.2428992475523
VPS35	-0.493345745	0.057194304	0.032964833	-2.407005087	23.89084017	1.48194912005261	1.24264722058714
ZC3H15	-0.675736288	0.05737877	0.033087145	-2.404979654	21.0899705	1.48034070531638	1.24124876574388
SRRM2	-0.397165507	0.057405374	0.033118485	-2.404461836	26.59621117	1.47992953816702	1.24104744925188
COPG1	-0.70074154	0.057932411	0.033438691	-2.399198094	22.1981776	1.47575073190897	1.23707839689008
SYPL1	-0.639973624	0.058287238	0.033659743	-2.395592554	21.49003304	1.47288920428735	1.2344265236783
ESYT2	-0.766665698	0.05831911	0.033694402	-2.395029296	16.88149793	1.47244224697605	1.23418911234849
TRIM26	-0.349032917	0.058515127	0.033836344	-2.392728365	23.38382035	1.47061656839904	1.2327318480479
ARFGAP2	-0.589860405	0.058515127	0.03384027	-2.392664863	18.89551641	1.47056618053129	1.2327318480479
PGM2	-0.295449302	0.058728987	0.033980317	-2.390403994	26.42543964	1.46877257394524	1.23114749011744
TRMT10A	-0.623788477	0.058790854	0.034047168	-2.389327939	18.38451074	1.46791900630987	1.2306902311735
CS	-0.278399909	0.058790854	0.034048884	-2.389300345	24.47129349	1.4678971181296	1.2306902311735
FOXRED2	0.804794896	0.058920179	0.034140204	2.387833762	19.94755405	1.46673388814778	1.22973594243711
F11R	0.370412895	0.058940633	0.034168483	2.387380381	23.57989504	1.46637430242319	1.22958520430335
EEF1B2	-0.306447553	0.059583389	0.034557701	-2.381176581	23.38744127	1.46145515728761	1.22487479850028
TPR	-0.382469785	0.059632777	0.034602966	-2.380459467	26.12291493	1.46088667397525	1.22451496580613
TBC1D9B	-0.464576498	0.059652898	0.034631267	-2.380011559	21.41387098	1.46053161930694	1.22436845300225
TSC22D2	-0.719944975	0.060132234	0.034926303	-2.375363009	19.10240055	1.45684738263242	1.22089266118277
PHF10	-0.785384016	0.060284748	0.035031689	-2.373711709	17.38042913	1.45553892332471	1.21979255016969
EXTL3	0.51157806	0.060297366	0.035067006	2.373159387	18.28256328	1.45510131233879	1.21970165894858
CPVL	0.29125158	0.060297366	0.035078008	2.372987434	26.40600144	1.454965077198	1.21970165894858
ADAM10	-0.228236495	0.060297366	0.035089437	-2.372808865	27.0586014	1.45482359985968	1.21970165894858
TRHR	-0.719708347	0.060433918	0.035199509	-2.371091931	18.21607543	1.45346339447863	1.21871924903101
MANEAL	0.635881523	0.060433918	0.035202589	2.371043969	17.88059354	1.45342539484387	1.21871924903101
ZNF350	0.462108688	0.060500653	0.035258324	2.370238578	29.63693922	1.45273833567967	1.21823993786379
UBA3	-0.827605547	0.060618478	0.035343884	-2.368847748	20.34068232	1.45168572684166	1.2173949720347
ITFG1	-0.447008996	0.06069151	0.035403381	-2.367925474	20.22915986	1.45095526115139	1.21687205716253
PGA4	0.659061533	0.060776841	0.035470096	2.366893075	19.58759807	1.45013763610618	1.21626187700899
HGD	-0.616211763	0.061041237	0.035641413	-2.36425052	17.59259117	1.44804508673565	1.21437667399107
APOE	-1.604232468	0.061343224	0.035834838	-2.38394744	19.41852245	1.44569455452261	1.21223340265065
SLC5A3	-0.979040246	0.061386291	0.035877105	-2.360634852	19.69404103	1.44518260836067	1.2119286061847
RWDD1	-0.647716079	0.061913248	0.03620234	-2.355682784	20.67047346	1.44126335719492	1.20821641208342
SETD3	-0.561343351	0.061931997	0.036230563	-2.355255062	19.73859238	1.44092491725187	1.20808491591975
SMCHD1	-1.268336282	0.062077003	0.036332694	-2.359166244	18.73962382	1.43970239883542	1.20706925843771
MGAT1	0.800663115	0.062523884	0.036611672	2.349510532	19.72067027	1.43638043708972	1.20395405132824
ARL3	-0.48905624	0.062538994	0.03663795	-2.349116558	18.44062592	1.4360688343654	1.20384910908226
DIP2A	-0.807035687	0.062541211	0.03665668	-2.348835914	19.08377628	1.43584687169711	1.20383371366671
NLE1	-0.336716558	0.06254592	0.036676872	-2.348533519	22.3711616	1.43560771038115	1.2038010149758
ANK3	-0.509866544	0.062560155	0.036702655	-2.348147616	17.9059072	1.43530251857778	1.2037021839322
CSNK1G3	-0.988945396	0.062866173	0.03689971	-2.34526714	16.73658402	1.43297704700882	1.20158297667176
CLTC	-0.237005309	0.063347913	0.037200126	-2.340752294	29.08147609	1.42945558912316	1.19826768839717
FAS	-1.202870281	0.063349237	0.037260015	-2.345245808	19.85656417	1.42875697460306	1.19825861154116
COL7A1	1.207209645	0.063349237	0.037263384	2.345195846	19.75365701	1.42871770806047	1.19825861154116
OFD1	0.501800113	0.063349237	0.037269353	2.339730697	22.95877465	1.42864814657991	1.19825861154116
RPAP3	-0.98620644	0.063349237	0.037285326	-2.339495244	19.97648472	1.42846205535241	1.19825861154116
PDGFRB	-0.48190225	0.063349237	0.037289183	-2.339438403	16.54717415	1.42841713185668	1.19825861154116
DYNC1LI1	0.605416348	0.063432443	0.03735584	2.33851686	23.95630131	1.42764149340654	1.19768856211684
PSMD3	-0.387475017	0.063493625	0.037409566	-2.337667105	23.79145746	1.42701733015781	1.19726987732704
RRP9	-0.422282824	0.063583667	0.037508389	-2.336217117	23.03297254	1.42587158856682	1.19665442904878
RNF149	-0.45284659	0.063583667	0.037510279	-2.33618942	18.4140575	1.42584970557176	1.19665442904878
PSMB8	-0.289740279	0.063583667	0.037516997	-2.336090987	24.27291051	1.42577193144766	1.19665442904878
CUL1	-0.37121522	0.063583667	0.037533502	-2.335849229	23.20770236	1.42558091258343	1.19665442904878
ESPL1	-0.587585299	0.063682545	0.037609619	-2.334735608	22.10286363	1.42470106612654	1.19597958884183
FLVCR1	-0.688135188	0.063851737	0.037727336	-2.333017595	21.40599846	1.4233438600878	1.19482728384686
NAF1	-0.573421	0.06389356	0.037769855	-2.332398318	20.2065115	1.42285468244334	1.19454291331906
ABI2	-1.218135299	0.063953241	0.037822959	-2.345548595	20.79187591	1.42224449804246	1.19413744160363
PRMT1	-0.358012377	0.064152803	0.037958863	-2.329653522	24.67943865	1.4206868046805	1.1927843634381
PPP2R2A	-0.428436947	0.06425731	0.038038609	-2.32849937	22.35481363	1.41977537277221	1.19207745924839
TLR7	-0.539455809	0.064458616	0.038177995	-2.326487588	22.03028347	1.41818688325772	1.19071902352141
GNL3	-0.927264005	0.064458616	0.038193706	-2.326261265	17.29022463	1.41800819925273	1.19071902352141
GALNT17	2.276830943	0.064900107	0.038489184	2.356262955	18.38723613	1.41466129618142	1.18775458718312
COPS3	0.43448859	0.064900107	0.038491479	2.321988591	22.06751109	1.41463540121514	1.18775458718312
DNAAF10	-0.47513172	0.064919953	0.038521343	-2.321561826	21.24476289	1.41429858013209	1.18762180326121
POLR2E	-0.485664384	0.064961122	0.038563877	-2.320954557	18.1359435	1.41381931099676	1.18734648262463
SPTBN2	-1.954309463	0.064976432	0.038591075	-2.353027048	18.2257787	1.41351312347407	1.18724414040956
GALC	-0.299871969	0.065225369	0.038757104	-2.318203808	23.64947322	1.41164868166791	1.18558345528316
ATP1B3	-3.263972657	0.065701834	0.039058532	-2.347885372	23.52713333	1.40828408353358	1.18242250738142
SAFB	-0.306580695	0.065854991	0.039167935	-2.312398591	26.01796312	1.40706932459065	1.18141130526378
CEACAM20	0.530287854	0.065910756	0.039219471	2.311674476	20.92464282	1.4064982684788	1.18104370694964
ITGAL	-0.661912763	0.065974519	0.039275801	-2.310884056	20.52158476	1.40587494909301	1.18062376740435
NOMO2	0.266813869	0.066039762	0.039333047	2.310081878	24.09158139	1.40524240894165	1.18019450055572
WASHC2C	-0.649973521	0.066076491	0.039373338	-2.309517955	21.97316656	1.40479776495251	1.17995302833599
TIPRL	-0.404345254	0.066406145	0.039588279	-2.306518896	22.91152809	1.40243337768829	1.17779173063033
RANBP6	0.705192865	0.066575771	0.039707957	2.304855763	19.29183025	1.40112245709253	1.17668379538686
PSME3IP1	-0.499501685	0.066602866	0.03974268	-2.304374122	18.57140664	1.40074285011077	1.17650708222302
SCRN1	-0.321646547	0.06670896	0.03982458	-2.303239689	23.12063294	1.39984879568111	1.17581582999323
EXOSC7	-0.405762783	0.066781031	0.039886218	-2.302387386	19.59565676	1.39917714141889	1.17534688036768
ANXA11	0.37453312	0.06706146	0.0400724	2.299820539	23.38982003	1.39715464619861	1.17352699574702
RAB1A	-0.3240375	0.06708597	0.040105743	-2.299362046	24.5049231	1.39679343349892	1.17336829635383
MYORG	-0.826715335	0.067237646	0.040215158	-2.297860066	17.34536402	1.39561022067291	1.1723874996809
RAB5C	-0.632001159	0.067246316	0.040245693	-2.297441603	21.35240475	1.39528058998974	1.17233150291954
DDB2	-0.536843358	0.067246316	0.040257828	-2.297275378	20.60504194	1.39514965997544	1.17233150291954
USP14	-0.321209488	0.067734776	0.040569128	-2.293027576	25.91307155	1.39180432699763	1.16918830107579
CLN5	0.295613097	0.067757555	0.040601657	2.292585514	25.09967322	1.39145624200724	1.16904227370991
RNF20	-0.609371319	0.068507724	0.041070266	-2.28625427	21.66544179	1.38647248433997	1.16426046060294
PIWIL3	-1.130435402	0.068945187	0.04135174	-2.284553037	18.57402041	1.38350621146815	1.16149604612771
VAPB	0.549120454	0.06903968	0.041427656	2.28147181	19.54563101	1.38270963863181	1.16090123024992
ADAR	-0.859378981	0.069164695	0.041521949	-2.280216575	20.04294409	1.38172226931954	1.16011553385697
GOLM2	-0.311646125	0.069196148	0.041560117	-2.279709263	22.17715383	1.38132323848775	1.15991808110548
ADSS1	-0.571453202	0.069547761	0.041790683	-2.276654016	19.18287878	1.37892053096915	1.15771684699468
BRD2	-0.651803891	0.069562256	0.041838169	-2.296720696	27.5712953	1.37842733013018	1.15762634167129
DROSHA	-0.63020382	0.069562256	0.041831563	-2.276113991	16.63856163	1.37849590808029	1.15762634167129
CD151	0.35287664	0.069608375	0.041885307	2.275404803	24.60653786	1.37793829703148	1.15733850467867
GUSB	0.369516942	0.0696842	0.041950354	2.27454761	21.81362595	1.37726437000577	1.15686568145255
DNAJB6	-0.789823807	0.070004681	0.042162797	-2.271756839	21.19661781	1.37507058656748	1.15487291906431
PSMD12	-0.618865322	0.070060414	0.042215891	-2.271061463	20.99879415	1.37452404016312	1.15452730068398
RPS18	-0.425031736	0.070066451	0.042239056	-2.270758325	23.22732192	1.37428579640635	1.154489879797
GSS	-0.287027401	0.070140356	0.042303158	-2.269920315	24.37736336	1.3736272106207	1.15403203417104
MCM4	-0.491117126	0.070512771	0.042547422	-2.266738088	21.06698193	1.3711267492126	1.15173221815003
UBA2	-0.328277931	0.070586162	0.042611379	-2.265907736	24.2893811	1.37047441082654	1.15128043147074
PSMC5	-0.4090047	0.070968563	0.042862006	-2.262665263	22.38888635	1.3679275072479	1.14893398845138
TPM4	-0.407184424	0.071024977	0.042915872	-2.261970719	27.8016512	1.36738205869677	1.14858889824247
SPINT1	0.275200345	0.07103767	0.042943341	2.261616871	28.0057941	1.36710417039303	1.14851129163736
SEMA6A	0.338348159	0.071118886	0.043012258	2.260730018	22.7228712	1.36640775783652	1.14801505473528
BROX	-0.575408528	0.071226954	0.043097468	-2.259635366	19.62021204	1.36554824412998	1.1473556277357
MCM3	-0.832395501	0.071265049	0.043140381	-2.259084874	20.83509966	1.36511602368718	1.14712341191538
ST8SIA4	-0.897470297	0.071392886	0.043251874	-2.25765704	18.11490762	1.36399507085287	1.1463450616814
SF3B2	-0.481865121	0.071392886	0.043257563	-2.257639214	25.65772167	1.36393795104267	1.1463450616814
MIER1	-0.499801494	0.07156214	0.04338006	-2.256019752	21.77645548	1.36270985163831	1.1453166807333
NUTF2	-0.78247491	0.071657899	0.043458079	-2.255025479	20.85067384	1.36192947493539	1.14473592943928
MCM5	-0.807478618	0.071754803	0.043536847	-2.254023385	20.54652483	1.36114302637634	1.14414902356145
CALM3	0.412720582	0.071812793	0.043594282	2.253293776	24.56597424	1.36057047079334	1.14379818201953
C1QTNF6	0.566704708	0.071812793	0.043612061	2.25306811	18.90150483	1.36039338913998	1.14379818201953
HACD3	-0.695414343	0.071830698	0.043642955	-2.252676193	18.48190506	1.36008585165046	1.1436899133791
VNN1	0.560516077	0.071839453	0.043668296	2.252354911	19.53263307	1.35983375454616	1.14363698313343
PPT1	0.24208353	0.072038234	0.043809205	2.250571663	23.81378234	1.35843462783634	1.1424369423469
SPTBN4	1.183236575	0.072275867	0.043973862	2.271413746	21.72804299	1.35680539083617	1.14100668995744
INTS13	-1.043211904	0.072351384	0.044060138	-2.247463799	20.18839608	1.35595414693685	1.14055315690411
NUP153	-0.471010607	0.072351384	0.044059004	-2.247423723	17.56360365	1.35596532475659	1.14055315690411
RFX2	0.647910639	0.072573458	0.044215602	2.245458929	18.84283589	1.35442445764425	1.13922218304304
RGMB	0.400746495	0.072692386	0.044308319	2.24429875	17.53868784	1.35351472622369	1.13851107595467
THSD7B	0.437130806	0.072767654	0.044374478	2.243472296	18.95853738	1.35286674273804	1.13806162633289
MEGF8	0.337044701	0.072820964	0.044427282	2.242813511	24.97503458	1.35235025548542	1.13774357619706
POR	-0.935045622	0.073316199	0.044749854	-2.238805201	20.05750758	1.34920837726646	1.13480005865957
DDB1	-0.225883764	0.073414567	0.044830356	-2.237809151	28.86748724	1.34842781236727	1.1342177583396
ARPC5L	-0.381874867	0.073437457	0.044864801	-2.237383484	21.66019838	1.34809425424296	1.13408237034152
PUS1	-0.765809751	0.073561672	0.044961189	-2.236193973	18.10469152	1.34716221235645	1.13334840814357
POLB	-0.41548883	0.073655383	0.045038994	-2.235235557	17.99188404	1.346411318537	1.1327955078605
CHD1	-0.479871586	0.073847727	0.045177191	-2.233537097	19.47624288	1.34508077587526	1.13166286753618
AP1M1	-0.520642264	0.073879431	0.045217177	-2.233046578	21.67229139	1.34469655502898	1.13147645804111
DNPEP	-0.259437169	0.073893469	0.045246363	-2.232688808	23.84831542	1.34441632458059	1.13139394459033
DGCR2	-0.609733738	0.073895093	0.045267953	-2.232424299	18.38635814	1.3442091436957	1.1313843999513
AFF4	-0.635501292	0.073905023	0.045294634	-2.232097575	19.89040884	1.34395324527692	1.1313260435125
PPP1CB	-0.499153184	0.074144043	0.045461788	-2.230054831	19.80472525	1.34235348758898	1.12992373602001
C6orf132	-1.430991747	0.074176167	0.045502158	-2.249228429	18.33264762	1.34196800586448	1.12973561228212
ZRANB2	-0.352394502	0.074210233	0.045543738	-2.229055936	26.05211746	1.34157132756032	1.12953620484208
PNP	-0.256199692	0.074216524	0.045568284	-2.228757077	27.67692213	1.34133732567173	1.12949939009732
YBX3	-0.456842193	0.074218609	0.045590249	-2.228489772	22.02127835	1.34112803580789	1.12948718942789
PDGFRL	0.592941866	0.07428478	0.0456516	2.227743809	22.58173084	1.34054399668403	1.1291001585021
CD63	0.23472413	0.075102922	0.04617532	2.221414297	25.79232336	1.3355900861692	1.12434316574165
TMEM265	-0.450396157	0.075172788	0.046239226	-2.220646606	17.72607028	1.33498944419701	1.12393934238977
SPAG9	-0.389949187	0.075365866	0.046378994	-2.218971113	22.79179788	1.33367867581418	1.12282530617743
YY1	-0.7401377	0.075431979	0.046440703	-2.218232899	20.2157609	1.3331012147149	1.12244449817687
SP140L	-0.342045675	0.075531465	0.046523004	-2.217249777	21.43993898	1.33233225055359	1.12187209169307
TAB1	0.401338366	0.075661665	0.046624287	2.216042163	22.21248681	1.33138779656306	1.12112410591459
DPYSL5	-0.635761304	0.075907177	0.046796733	-2.213991781	18.20762541	1.32978446507967	1.11971715975486
RBM5	-0.894264125	0.075932927	0.04683377	-2.213552338	19.440066	1.3294408812037	1.11956985897302
TMEM33	-0.443288377	0.075965145	0.046874814	-2.213065748	22.17830767	1.32906044254815	1.1193856288555
NUP188	-1.542454235	0.076066876	0.046958788	-2.234843771	18.11458236	1.32828312069794	1.11880441947288
PDLIM1	-0.409734911	0.076671276	0.047353274	-2.207422962	17.69187088	1.32464998855135	1.1153673089474
RNPS1	-0.621201965	0.077322739	0.047777177	-2.202520207	23.14701284	1.32077951489469	1.11169277037658
MCM6	-0.482601682	0.077332867	0.047804988	-2.202144922	21.35333635	1.3205267864871	1.11163588870726
PPP4R3A	-0.467483562	0.077341656	0.047831977	-2.201831068	23.01369569	1.3202816684183	1.11158653327197
SF3A2	-1.148731955	0.07741322	0.047897812	-2.205691488	18.83777945	1.31968432495767	1.11118486770483
INTS2	-1.445013584	0.077606693	0.048039149	-2.218444044	18.16648824	1.31840469460547	1.11010082245803
FAM20C	-0.676294693	0.077974941	0.048288829	-2.196543587	20.1266081	1.31615332607624	1.10804494518107
ATF7IP	0.499948249	0.07809006	0.048381885	2.195472388	17.09183678	1.31531721515664	1.10740424348358
FANCI	-2.107086442	0.078708122	0.048786751	-2.220483333	16.50656173	1.31169810317806	1.10398044988007
UGGT1	-0.303906573	0.078784944	0.048856326	-2.190041018	25.42780628	1.31107919511779	1.10355676934375
RBBP4	-0.287925154	0.078873326	0.048933117	-2.189166621	26.30375783	1.31039711915148	1.10306984507494
ALDH3A2	1.002675133	0.079358138	0.049291218	2.189664624	21.08834302	1.30723045017266	1.10040853069526
CALU	-0.427651479	0.079358138	0.049301956	-2.185035384	29.98054594	1.3071358502328	1.10040853069526
SUOX	-0.414952612	0.079358138	0.049306162	-2.184937178	21.61730135	1.30709880170923	1.10040853069526
QSER1	-0.481469156	0.079358138	0.049322366	-2.18475415	19.7154559	1.30695609841657	1.10040853069526
PI4KB	-0.523441472	0.079624884	0.049510345	-2.182635012	16.20415169	1.3053040473895	1.0989511873498
SLC26A2	-0.647284339	0.079712185	0.049586844	-2.181774788	19.09278144	1.30463353189848	1.0984752862102
TMEM59	-0.549410551	0.079838629	0.049687753	-2.180641997	17.60203908	1.30375064265406	1.09778692942167
DSP	-0.279401316	0.080016089	0.049820497	-2.179155138	26.02816508	1.30259194433703	1.09682267974068
ACTR1A	-0.398109347	0.080023778	0.049847587	-2.178852159	22.86898166	1.30235585997918	1.09678094901025
PLK1	-1.696042668	0.080143414	0.049982682	-2.201055233	18.60900693	1.30118044395687	1.09613216115737
CNTN6	-0.401640524	0.080143414	0.049986377	-2.177302366	16.72988557	1.30114833966126	1.09613216115737
CAND1	-0.269147887	0.080143414	0.049989119	-2.177271784	26.41809355	1.30112451711439	1.09613216115737
RAD23A	-0.463742068	0.08025597	0.050081693	-2.176240369	20.98555597	1.30032099832538	1.09552265186239
GGT7	0.335928791	0.080431143	0.050213422	2.174775805	23.84772736	1.29918018083486	1.09457575953237
ERGIC3	-0.886413586	0.080662651	0.050380435	-2.172924157	20.22185067	1.29773808699106	1.09332750888739
UGP2	0.295231079	0.080810905	0.050495554	2.17165122	25.34954415	1.29674685867873	1.09253002955013
SSC5D	0.768331749	0.080913215	0.050582035	2.170696748	18.43906751	1.29600370224562	1.09198054225818
PES1	-0.686570646	0.080923146	0.050610797	-2.170379651	22.04614882	1.29575682352945	1.09192724177022
PFN2	0.390501724	0.081090247	0.050737906	2.168980318	22.4560374	1.29466746047674	1.09103137672338
YWHAQ	0.299891294	0.081125583	0.050782625	2.168488786	27.21941382	1.29428485380593	1.09084216917126
SLK	-0.505814727	0.081195747	0.050849176	-2.16775806	22.59487088	1.29371608033322	1.09046671833031
ARRB2	-0.460142881	0.081542132	0.051088828	-2.165134131	16.97668939	1.29167406010832	1.088617937675
MARCKS	-0.271390628	0.08162052	0.051160688	-2.164349596	28.02900551	1.29106362383775	1.08820064268684
ST6GAL1	-0.369357238	0.081774865	0.051280225	-2.163046857	22.8666317	1.29005007795016	1.08738016416787
ZCCHC17	-0.580912101	0.081785828	0.051309894	-2.162723962	19.42307908	1.28979888254326	1.08732194516274
SLC37A3	-0.845760314	0.081862885	0.051381052	-2.161950237	17.17790465	1.28919700802768	1.08691295407748
FCGRT	-0.580260913	0.082112098	0.051560356	-2.160005101	18.05738499	1.28768409270921	1.08559285131458
UQCC3	-0.496471552	0.082268176	0.05168129	-2.158696766	19.00321766	1.28666665459328	1.08476813150038
SDF4	0.368018763	0.0826552	0.051947457	2.155827349	28.95710916	1.28443570773913	1.08272981891932
SEMA3D	-0.818092161	0.082992795	0.052182761	-2.153302163	19.64032443	1.28247294602265	1.08095960916084
PRRC2B	-0.453539709	0.08361585	0.052608053	-2.148765179	18.95409729	1.27894777094573	1.07771139104087
S100A16	0.583538816	0.08361585	0.052626703	2.148567013	19.75504873	1.27879383716035	1.07771139104087
RPS17	-0.666899287	0.08361585	0.052652399	-2.148294083	21.04740607	1.27858183627856	1.07771139104087
ARR3	-0.422280291	0.08361585	0.052667731	-2.148131293	20.01062196	1.27845539125721	1.07771139104087
CAB39	-0.499523341	0.083650085	0.052712609	-2.147655062	19.45246754	1.27808548793488	1.07753361339839
RPP30	-0.454707151	0.084226164	0.053099103	-2.143569424	19.51883651	1.27491281536751	1.07455297838443
CDK7	-0.352135287	0.084404832	0.053235266	-2.142136705	17.76190231	1.2738005715574	1.0736326902124
SYNPO	-1.097516016	0.084445014	0.053284145	-2.151777467	16.2802285	1.27340199854105	1.07342598796642
CNOT3	-0.976742852	0.084992296	0.053653164	-2.154893433	22.05604434	1.27040466200701	1.07062043847773
TPK1	0.518870258	0.085110988	0.053759473	2.136652919	16.91817928	1.26954499728894	1.07001436800337
ENO1	-0.22846338	0.085110988	0.053775532	-2.136485722	32.245407	1.26941528445474	1.07001436800337
NT5E	-0.997742623	0.085316136	0.053928929	-2.151573929	21.84409541	1.26817820448485	1.06896882213821
UBR7	-0.362158357	0.086510483	0.054718878	-2.126745388	20.27506603	1.26186281632092	1.0629312632496
GAREM2	-0.595953417	0.086510483	0.054732106	-2.126609927	19.12384088	1.26175784060988	1.0629312632496
CCT5	0.215992797	0.086889335	0.054996009	2.123913889	24.78010925	1.25966882563606	1.06103352659959
URB2	-1.971917266	0.087025631	0.055106531	-2.150217264	16.942815	1.25879692729746	1.060352819077
UFL1	-0.633513926	0.087367178	0.055347156	-2.120345331	16.03190205	1.25690469032707	1.05865169197304
TTC1	-0.64430866	0.087951955	0.055742125	-2.116356725	19.92936644	1.25381647914294	1.05575450258201
SERBP1	-0.788783656	0.088020255	0.055809944	-2.137378734	25.2152952	1.25328841325656	1.05541737759388
EIF2B2	-0.44733838	0.088189387	0.055941763	-2.114350753	18.82735477	1.25226385099441	1.05458367614558
ROR1	-0.424269513	0.088231307	0.055992945	-2.113837558	21.58146982	1.25186668979	1.05437728737552
RPUSD2	-0.497499429	0.088446875	0.056160056	-2.112165002	19.95407301	1.25057246782129	1.05331750695133
CLP1	-0.471680997	0.088446875	0.056179049	-2.111975203	20.5589671	1.25042561681739	1.05331750695133
MICAL3	-0.757332134	0.089039435	0.056580243	-2.107980033	21.38849942	1.24733519167343	1.05041760448153
AHNAK	-0.462457394	0.089304374	0.056773489	-2.110215892	28.01000464	1.24585441550003	1.04912726947043
SMC1A	-0.262955668	0.089567184	0.056965528	-2.104168198	25.96841057	1.24438787289288	1.04785107982691
PPIB	0.264732426	0.089633066	0.057032411	2.103508946	28.50543582	1.2438782685716	1.04753174779087
LUC7L2	-0.416115267	0.090286516	0.057473357	-2.09918069	24.02190719	1.24053343512667	1.04437710532394
OSGEP	-0.386328971	0.090856485	0.057861501	-2.095396371	19.81146819	1.23761030439764	1.0416440689151
MGAT4A	-1.424507535	0.090915534	0.057924446	-2.111652546	19.29275677	1.23713811119001	1.04136190606182
CXADR	-0.799341058	0.091109693	0.058073542	-2.093339051	20.55141444	1.23602168483041	1.04043541674294
SRC	-0.921096909	0.091187617	0.058148626	-2.096252624	20.93382973	1.23546054280429	1.04006413353235
IGFBP7	0.276335653	0.09139421	0.058305838	2.091093252	27.26851811	1.23428795837565	1.03908131679024
OLFM3	-2.303748053	0.091645768	0.058491864	-2.115677165	21.17554289	1.23290453845861	1.03788758500272
ABR	-1.021331606	0.092096367	0.058805122	-2.08633972	19.51529696	1.2305848446814	1.03575750143152
TPD52	-0.614106456	0.092299915	0.058960815	-2.084805814	19.923225	1.22943652196793	1.03479869892044
ADD3	-0.641963095	0.092318327	0.058998306	-2.084447897	19.15596755	1.22916045794115	1.03471207443587
ZC3H18	-0.36698907	0.09261849	0.059215946	-2.082374346	23.98840939	1.2275613282891	1.03330230377846
FURIN	0.335225936	0.092685279	0.059284481	2.081722863	23.20759129	1.22705897776785	1.03298923842027
PSMC1	-0.457823144	0.093118725	0.059587679	-2.078849096	23.6053318	1.22484353045243	1.03096297909942
AGO1	-0.89525073	0.093477986	0.059843627	-2.076433793	18.60212272	1.22298209264442	1.02929065313164
HNRNPM	-1.491594678	0.094154935	0.060303244	-2.097967193	21.25598971	1.21965932445348	1.02615691210935
INTS3	-0.331411142	0.094280139	0.060427232	-2.070962363	22.23569272	1.21876729909357	1.02557978585403
NUCB2	-0.320930868	0.094280139	0.060435987	-2.070880663	24.54577758	1.21870438089187	1.02557978585403
NUP37	-0.581538831	0.094605139	0.060670687	-2.068694482	21.15943038	1.21702108732693	1.02408527185694
CHD4	-0.249203985	0.094707821	0.060762933	-2.067837394	25.63726495	1.21636127110003	1.02361415534844
MAPT	-0.770548914	0.095041674	0.061003616	-2.065606822	17.8023333	1.21464442134493	1.02208592292517
ALYREF	-0.451743505	0.095349013	0.06122746	-2.063539673	21.85733327	1.21305375674693	1.02068379816986
OTUB1	-0.273332446	0.096153472	0.061770834	-2.05855089	23.93584559	1.20921653498815	1.01703502922876
PYCR3	-0.513902393	0.09616482	0.061804926	-2.058239249	16.30806265	1.20897690922574	1.01698377696632
NECTIN3	0.81458244	0.096703709	0.062178221	2.068002183	22.72813814	1.20636170784664	1.01455686855048
SEZ6	-0.519122087	0.097037378	0.062419808	-2.052645902	16.15785845	1.20467757153529	1.01306094684383
GRB2	-0.406663419	0.098349798	0.063294488	-2.04477704	18.6154806	1.19863410886755	1.00722652773829
SLC2A9	0.584736632	0.098349798	0.06331885	2.044559324	19.24762261	1.19846698141533	1.00722652773829
PSME4	0.422376889	0.099193043	0.063889388	2.039482777	20.94952427	1.19457127197892	1.00351878644121
PSMA4	-0.199125583	0.099218369	0.063933352	-2.039093337	26.973587	1.19427252508373	1.00340791638592
RBM3	-0.706141359	0.099354671	0.064048872	-2.03807125	19.64677323	1.19348851445153	1.00281171041789
RPL27A	-0.289495222	0.099735887	0.06432242	-2.035657795	23.19471421	1.19163762450719	1.00114854558262
SETDB2	-0.883881012	0.100124035	0.064600652	-2.033255285	16.81830224	1.18976309874527	0.99946165663749
KIAA1522	-0.43100462	0.100231672	0.064698036	-2.032359315	21.8171746	1.18910890275184	0.998995024961799
KIF11	-2.938400897	0.100319358	0.064782595	-2.056243921	18.22387105	1.18854165941926	0.99861525579914
PREP	-0.234713838	0.100892681	0.065184589	-2.028112985	26.66779711	1.1858550684302	0.99614033739641
USP7	-0.411369241	0.100892681	0.065209065	-2.027900148	21.76412033	1.18569202687814	0.99614033739641
TTYH2	-0.337626886	0.100987813	0.065298697	-2.027121382	21.73717411	1.18509548474875	0.995731032813367
PFKM	-0.450685035	0.101224053	0.065479662	-2.025552093	23.74307059	1.18389357104253	0.994716277575585
PRPF38A	-0.888940766	0.101964316	0.06598694	-2.021216338	17.5378275	1.18054201062754	0.991551789765023
BRMS1L	-0.478933113	0.10226485	0.066209935	-2.019259939	18.47612491	1.17907683847656	0.990273614325214
SET	-0.387835983	0.102336022	0.066284536	-2.018662568	28.18119834	1.1785877794868	0.989971468906081
GTF3C3	-0.391107695	0.102361713	0.066329705	-2.018234132	18.07567611	1.17829193421311	0.9898624549046
IGFBPL1	-0.480417309	0.10246136	0.066422833	-2.017437702	17.28922981	1.1776826052503	0.989439883902041
POLR2G	-0.548283324	0.102807275	0.066675733	-2.015280103	19.78062177	1.17603220119331	0.987976152066766
ARHGAP1	-0.347888439	0.103035022	0.066852155	-2.013779461	22.291674	1.17488458855871	0.987015131837477
CUL4B	1.390835834	0.103507869	0.0671878	2.034949886	21.81753277	1.17270957923327	0.985026632493329
RABGGTB	-0.655177391	0.104014351	0.067545551	-2.007916788	20.44289685	1.17040325122791	0.982906736373021
SGSM2	0.642611393	0.104423808	0.067840551	2.005439463	20.45164782	1.16851063340335	0.981200473515339
LRRN1	0.295711769	0.104874308	0.068162454	2.002747562	21.63156051	1.16645478239227	0.979330891791591
SERPINE2	0.278838685	0.105126737	0.068355819	2.001136215	25.53485049	1.16522450886469	0.978286815324516
CHST11	1.33906118	0.105536012	0.068651352	2.016951314	20.59510715	1.16335090547227	0.976599320990023
MYO18A	-0.623676323	0.105559326	0.068695938	-1.998312146	19.11497414	1.16306894207204	0.976503391428639
RIC8A	-1.807985032	0.106241371	0.069173087	-2.017906456	17.69325249	1.1600628425496	0.97370633355312
TMEM106B	-0.406500847	0.106241371	0.069219492	-1.993990166	20.31370209	1.15977159230578	0.97370633355312
SIAE	0.359117756	0.106241371	0.06922863	1.993915	24.0856248	1.15971426277434	0.97370633355312
HAGH	-0.502643801	0.106349555	0.069328765	-1.993091926	20.06970515	1.15908653611253	0.973264322982209
B4GALT1	0.208729051	0.107048398	0.069814173	1.989117562	26.26779894	1.15605640214963	0.97041982762191
SERINC5	0.387318102	0.107166957	0.069921362	1.988243376	21.66553166	1.15539012065793	0.969939100880941
DCTN1	-0.395646216	0.107230165	0.069992488	-1.98766399	22.21756705	1.15494856848878	0.969683025741953
WDSUB1	-0.355768215	0.107850751	0.070427623	-1.984131209	17.52218728	1.1522569692167	0.967176826416602
ENPP5	-0.322329426	0.108030023	0.070574798	-1.982940884	21.12236232	1.15135035622193	0.966455531446107
GNPDA1	-0.227325478	0.108065578	0.070628144	-1.982509997	24.59722136	1.15102220619608	0.966312619324139
ENOPH1	-0.491331403	0.108415904	0.070901151	-1.980309558	20.13825235	1.14934671447996	0.964907004579873
EDF1	-0.470242266	0.108415904	0.070917538	-1.980177727	21.93997327	1.14924634994047	0.964907004579873
CDKN2A	-0.603455176	0.109015483	0.071340121	-1.976787814	18.69970398	1.14666615839004	0.962511816702152
Immunoglobulin lambda-1 light chain OS=Homo sapiens OX=9606	1.120614967	0.109332104	0.071577791	1.992128395	21.38188687	1.14522170873051	0.961252294200221
GLI3	-0.665497562	0.109641304	0.071810776	-1.973034014	20.07592894	1.14381038018417	0.960025807895065
GALNT6	0.253978501	0.109905731	0.072014597	1.971415442	23.41523599	1.14257946531836	0.958979660835999
GMFB	-0.520958747	0.109906493	0.072045728	-1.971168595	19.3347821	1.14239176587055	0.958976649789669
PSMA5	-0.268271058	0.109978238	0.07212341	-1.970553071	23.58297386	1.14192374798994	0.958693242582918
TPP2	-0.302799868	0.110257637	0.072337368	-1.968860888	24.90580445	1.14063729712086	0.95759131939219
GTF2F1	-0.479793854	0.111034798	0.072878191	-1.964604046	22.79734914	1.13740241606344	0.954540893186194
TENM3	0.163299834	0.111200882	0.073018193	1.963506825	27.90918974	1.13656891885054	0.953891768093764
MVD	-0.345435185	0.111205063	0.073051932	-1.963242698	17.60008306	1.13636829381807	0.953875439526386
STRIP1	-0.496624753	0.113260453	0.074446823	-1.952419879	19.19874371	1.12815383092737	0.945921705688415
GALNT7	-0.297566669	0.113260453	0.07448217	-1.952148058	25.8903232	1.12794767889437	0.945921705688415
BMP2K	-0.751662058	0.113260453	0.074496842	-1.952035265	16.61301756	1.12786213706437	0.945921705688415
BAG6	-0.581064153	0.113395537	0.074617297	-1.951110016	17.10490925	1.12716048726043	0.945404037986454
PPP2R5D	0.408209426	0.114081725	0.075100623	1.94741122	18.03221578	1.12435646027493	0.942783920589007
KCTD21	0.727861031	0.114147796	0.075175931	1.946836871	16.52382657	1.1239211847684	0.942532469581358
FAM169A	-1.311825811	0.114166916	0.075220343	-1.963140126	17.82312321	1.12366469055377	0.942459730418466
SEC23A	-0.315874351	0.115284715	0.07598895	-1.940669749	23.27813403	1.11924955644197	0.93822826973217
KIF1B	-0.519565942	0.115401875	0.076098338	-1.93984462	20.90581986	1.11862482818752	0.937787134893127
MYG1	-0.292262603	0.115482696	0.076183819	-1.939200587	23.40814668	1.11813726048769	0.937483085855952
TMEM30A	-0.532122813	0.115797837	0.07642399	-1.937394625	18.80407358	1.11677029208928	0.936299552765212
PPL	0.353352367	0.11712423	0.077332024	1.93061346	26.8482001	1.11164062294586	0.931353251240561
MMP11	-0.663040368	0.117296845	0.077478685	-1.929525059	17.15123122	1.11081775891434	0.930713669193233
PRMT3	-0.882021965	0.11799113	0.07797017	-1.92592866	19.55732648	1.10807151887691	0.928150639616293
DOCK1	-0.389155127	0.118070124	0.078055277	-1.925264308	18.36319875	1.10759773072443	0.927859980653819
COPS2	0.777370932	0.118199882	0.078191373	1.924262834	20.26978945	1.10684116081708	0.927382957014615
AIMP1	-0.430737465	0.118199882	0.078206945	-1.924148347	22.92616468	1.10675467863772	0.927382957014615
SEPTIN7	-0.375792342	0.118324324	0.07832226	-1.923301193	23.1608107	1.1061147893948	0.926925968025474
WASHC5	-0.384997649	0.118407867	0.078410561	-1.922653276	21.28272955	1.1056254389083	0.926619442197663
CRYZ	-0.28891702	0.119409296	0.079106995	-1.917566385	24.40634376	1.10178511251263	0.922961862114926
PML	-0.465528574	0.119601682	0.079267782	-1.916397797	19.22608881	1.10090329367537	0.922262712670501
GXYLT1	0.298372683	0.120373292	0.079812726	1.912453263	22.42890043	1.09792785563008	0.919469862112374
CSNK2A2	-0.528018557	0.120511678	0.07993807	-1.911549465	18.27421756	1.09724634142078	0.918970866406793
PSPH	-0.363643795	0.120651261	0.080064284	-1.910640692	21.4251847	1.09656117581242	0.918468134654658
TSN	-0.292893595	0.121002553	0.080331126	-1.908723685	25.47227116	1.09511614549571	0.91720546652557
ACTR3	-0.301807463	0.121115169	0.080439645	-1.907945744	25.25128935	1.09452985471977	0.916801460486714
CTNNA1	-1.525524341	0.121336206	0.080637224	-1.927620077	24.84829798	1.09346443157109	0.916009588912531
RNF123	-0.288409849	0.121336206	0.080654083	-1.906411321	21.830919	1.09337364216857	0.916009588912531
SH2D4A	0.326786401	0.121363385	0.080705974	1.906040572	21.90440925	1.09309431683668	0.915912318952377
CXCL16	-0.306362069	0.1213727	0.080758403	-1.905666205	17.29969562	1.09281227783074	0.915878986841077
PSME3	0.316501472	0.1213727	0.080779823	1.905513316	22.21121595	1.09269710276553	0.915878986841077
S100A9	-0.311534474	0.121413595	0.08084088	-1.905077723	22.90160887	1.09236896758296	0.915732681441051
LRRC47	-0.377342122	0.122526525	0.081616052	-1.899573484	22.06553085	1.08822441711094	0.911769883428976
ASH2L	-0.298525557	0.122835584	0.081856154	-1.89787829	22.27209538	1.08694866447717	0.910675805049755
DNAH1	0.707465576	0.123205131	0.082136754	1.895902918	16.2014117	1.08546246422577	0.909371205170094
SRSF4	-0.508136651	0.123228232	0.082186499	-1.895553361	21.5760772	1.08519951933797	0.909289782454162
TMED4	-0.652248633	0.123920838	0.082682967	-1.892075282	16.18258928	1.08258394751877	0.906855658373888
ADNP	-0.425251434	0.124618995	0.083183526	-1.888587793	21.67074112	1.07996267461923	0.904415755470234
HPRT1	-0.283672319	0.124756549	0.083310115	-1.88770886	24.27034783	1.07930226603625	0.90393664714819
VPS26A	-0.27943313	0.125030813	0.083547556	-1.886063539	24.28753177	1.07806624991467	0.902982944857592
LMCD1	-0.504254407	0.125030813	0.083562957	-1.885956963	21.29279071	1.07798620026113	0.902982944857592
AQR	-1.103161317	0.125331328	0.083847283	-1.894539152	17.82069075	1.07651100577376	0.901940358559302
FADS6	-0.510512606	0.125331328	0.083808841	-1.88425791	17.94314936	1.07671016520042	0.901940358559302
NOC4L	-0.887572307	0.125331328	0.083868595	-1.883881028	19.13173384	1.07640063239518	0.901940358559302
CD9	0.227805142	0.125412527	0.083957885	1.883230232	26.34400668	1.07593851035165	0.901659081246494
KBTBD3	0.625796744	0.12570478	0.084188569	1.881642904	16.97792909	1.07474687236304	0.900648207690703
DYNC2H1	0.435384112	0.125863776	0.084330133	1.880670775	21.19883565	1.07401721473135	0.900099243259402
ACOT1	-1.166820195	0.126109765	0.084530096	-1.88989462	18.98131495	1.07298863780009	0.89925128359805
USP11	1.149136572	0.12624971	0.084659086	1.891349611	16.88760219	1.07232642458513	0.898769610797772
TRIM16	-1.084762113	0.126254837	0.084697713	-1.892461578	21.11980734	1.07212831629137	0.898751974459452
CRTAP	-0.361614042	0.12665846	0.085003782	-1.87606505	18.70267589	1.07056175116582	0.897365796725312
ANP32E	-0.387253637	0.127467729	0.08558243	-1.872135318	25.68750262	1.06761538645914	0.894599751631431
SRPK1	-0.265463584	0.127782646	0.085829481	-1.870464904	22.84597448	1.06636351359086	0.893528123158791
EPPK1	-0.364346816	0.127848919	0.085909627	-1.869923942	18.45137264	1.06595816656794	0.893302939708977
SPECC1L	-0.495066835	0.127896	0.086006418	-1.869271246	22.2929567	1.06546913947754	0.893143038047482
AP1G1	-0.388417388	0.127896	0.086012555	-1.869229884	21.89216159	1.06543815143953	0.893143038047482
SF3B3	-0.240684864	0.127975967	0.086102002	-1.868627344	27.04917575	1.06498675043433	0.892871580190084
CCDC168	0.414109379	0.128926199	0.086777249	1.864096975	23.5974076	1.06159412193045	0.889658821009768
TBC1D2	-0.416754539	0.129049587	0.086896266	-1.863301792	18.17880199	1.06099888512138	0.889243380999291
SNAP91	0.404522161	0.12915851	0.087005607	1.862572127	21.56666403	1.06045275875271	0.888876973739349
HBS1L	-1.804703218	0.12975929	0.087446478	-1.879491709	15.85106211	1.05825767750569	0.886861539442458
ATP6V1G1	-0.397672934	0.129778088	0.087495317	-1.859314354	19.61548645	1.05801519104037	0.886798628521896
SNRPA	-0.31547471	0.130046185	0.08771231	-1.857876111	24.8601858	1.0569394512189	0.885902383627666
PPM1G	-0.193267365	0.13005748	0.087756176	-1.857585756	25.75848394	1.05672230952498	0.885864665157408
SCRN2	-1.100872594	0.130172278	0.087869915	-1.864345158	19.14650889	1.05615979370855	0.885481494980785
XPO6	-0.419788661	0.130580735	0.088182029	-1.854773821	20.53521542	1.054619912616	0.884120891210604
CYRIB	-0.352262311	0.130617899	0.08824353	-1.854368747	24.04399586	1.0543171271674	0.88399730618271
SCLY	-0.394704562	0.131203676	0.08867584	-1.851528559	17.96667132	1.05219468889338	0.882053996940917
ATRX	-0.375410192	0.131352731	0.08881319	-1.85062883	22.89009192	1.05152253063102	0.881560893217461
RHOA	-0.341730644	0.131664675	0.089060804	-1.849009987	22.14195197	1.05031338857615	0.880530728534103
ATF6B	-0.239116601	0.132898567	0.089932475	-1.84334351	24.48747642	1.04608345435645	0.876479701881556
BAG2	-0.582698016	0.133172123	0.090154707	-1.841906816	19.16916914	1.04501159372515	0.875586676774939
ANKRD36	0.667122818	0.133301221	0.090279255	1.841103033	20.68055756	1.04441203345254	0.87516587255813
SARNP	0.382984513	0.133565392	0.090495392	1.839710559	16.1603329	1.0433735343851	0.874306056908932
TRHDE	0.181655952	0.133647323	0.090588152	1.839113872	29.71061604	1.04292859986731	0.874039735882167
EIF6	-0.341772592	0.133715206	0.090671431	-1.838578643	23.26279502	1.04252953006802	0.873819202263946
CDV3	-0.361257368	0.134369217	0.091152362	-1.83549642	23.11972941	1.04023207313873	0.871700213561036
CSGALNACT2	0.312082568	0.135050646	0.091652264	1.832308187	16.34206943	1.03785680259961	0.869503334071389
ATG9A	-0.932950613	0.135336433	0.091883933	-1.833790819	19.80460624	1.03676042353752	0.868585274201239
TPI1	0.299037749	0.136560772	0.092753233	1.825341652	27.32110698	1.03267094371195	0.864674036749852
RAI14	-0.487311049	0.137472768	0.093410983	-1.821215256	22.62092679	1.02960205764709	0.861783322769216
ATP6V0A2	-1.268749769	0.137875618	0.093723142	-1.834294974	16.99581366	1.02815316042517	0.860512527908864
CGAS	1.065469676	0.138557465	0.094225255	1.822945054	18.94276861	1.02583267855394	0.858370070957378
ARID4B	-0.354977136	0.139860407	0.095150293	-1.810428869	22.25047298	1.021589870035	0.854305212277698
PPP2CB	-0.464070817	0.140142547	0.095381298	-1.809009698	21.1085049	1.02053677174906	0.853429993749867
JUP	0.801084822	0.141372921	0.096297497	1.820001343	24.11931143	1.01638500107085	0.849633768661479
TINAGL1	-0.286609309	0.141372921	0.096262097	-1.803626839	26.85337421	1.01654468176515	0.849633768661479
HSP90AA1	-0.232386949	0.141451794	0.096390646	-1.802844955	33.30341409	1.015965109123	0.849391540116783
ETFB	-0.458923299	0.141559184	0.096503279	-1.802160643	17.68668904	1.01545792989546	0.849061949462883
CWC27	-0.688272711	0.141740713	0.096666534	-1.801170051	18.97864167	1.01472385285285	0.848505386932293
ANAPC4	-0.619911511	0.141764142	0.096722024	-1.800833699	18.73410716	1.01447462402865	0.848433606253689
YWHAG	-0.226462311	0.142026811	0.09694082	-1.799509145	25.64824915	1.01349331100104	0.847629664277127
CYFIP2	0.437224114	0.142658137	0.097411493	1.796668874	17.49809245	1.01138980028751	0.845703451813322
CLDN16	0.549788231	0.143170343	0.097801146	1.794326852	21.46769897	1.00965605627006	0.844146934579541
PSMB4	-0.159958174	0.143556926	0.098105235	-1.792504944	26.85755178	1.00830781758486	0.842975849833997
AHCYL1	-0.568329064	0.144060223	0.098489333	-1.790210921	19.10893953	1.0066108037166	0.841455917286703
PSMD2	-0.279941079	0.144505422	0.098833976	-1.788159385	24.42697421	1.00509373301588	0.840115857402215
NUDC	-0.234202669	0.145032629	0.099234979	-1.785780438	25.5685515	1.00333521787583	0.838534280520185
USP8	-1.95685022	0.145134033	0.099344812	-1.803120703	20.81266745	1.002854807755	0.838230736349175
RCN2	-0.408779054	0.145644874	0.099735077	-1.782825692	22.16152592	1.00115207269777	0.836704795847089
ACP2	-0.222789217	0.146234232	0.100179415	-1.780211542	23.1315277	0.999221508711724	0.83495095139672
SKP1	-0.636075771	0.146678077	0.100524357	-1.77818934	21.42988726	0.997728696163325	0.833634792424028
CAD	-0.280334415	0.148343423	0.101707029	-1.771302948	24.11235351	0.992649031832163	0.828731703935118
FLOT2	-0.571415312	0.148608489	0.101930182	-1.770011653	18.3798406	0.991697200338915	0.827956381554205
LNPEP	0.148107764	0.148894135	0.102167603	1.768640568	26.81097106	0.990686795677269	0.827122408945622
SMTNL1	0.758511175	0.148979905	0.102267978	1.76860288	20.91648923	0.990260330656741	0.826872306998219
PFAS	-0.34938288	0.149520668	0.10268086	-1.765686303	22.54843581	0.988510502566913	0.825298771366612
PSMB6	-0.227165051	0.149829466	0.102934681	-1.764230215	26.47423697	0.987438277042052	0.824402768326959
CARM1	-0.814149625	0.149895697	0.103021959	-1.76419493	17.34962654	0.987070196109478	0.824210834102877
PLRG1	-0.171087719	0.151427082	0.10411667	-1.757491612	24.9203246	0.982479730533525	0.819796446425465
GET4	-0.439404002	0.151609352	0.104284248	-1.756541785	17.99762178	0.98178128623613	0.819274008488101
GPHN	-0.39002564	0.152130907	0.104695968	-1.754213961	21.24254836	0.980070043336142	0.817782545473798
SNRPE	-0.323800916	0.152130907	0.104727799	-1.754034334	22.29642518	0.979938023671345	0.817782545473798
RRAGC	-0.7111677	0.152407641	0.104960781	-1.752721058	19.90367046	0.978972946425651	0.816993258974441
EIF2B4	-0.670192608	0.152793647	0.105269202	-1.750986553	19.17334723	0.977698669249886	0.815894702895161
PLIN3	-0.397947541	0.153155617	0.105572247	-1.749286701	18.37520023	0.976450234821809	0.814867070764878
SNRNP70	-0.284424006	0.153155617	0.105603957	-1.749109084	27.72465006	0.97631980840194	0.814867070764878
PRDX2	-0.237340219	0.153529277	0.105904393	-1.747428616	24.31451724	0.975086024631998	0.813808795254206
SREK1IP1	-0.424175181	0.15422517	0.106427403	-1.744513332	19.7442026	0.972946535204308	0.811844742367684
CEP170	-1.208212984	0.154467895	0.106637953	-1.755306715	19.17721874	0.972088200140868	0.81116177172923
RAB8A	-0.323580331	0.154517898	0.106715538	-1.742912711	20.17327086	0.971772341809178	0.811021208456354
PTPRM	-0.209189354	0.154607292	0.106820367	-1.742331336	24.5549093	0.971345934269886	0.810770026584068
APIP	0.406144786	0.15506919	0.107182718	1.740325666	19.03222536	0.969875234067599	0.809474481632986
PRPF3	-2.714527473	0.155099519	0.107290136	-1.756646417	17.94739418	0.969440204200762	0.809389549033395
ITM2B	-0.386164088	0.155099519	0.107247285	-1.739968913	19.4436445	0.969613693310539	0.809389549033395
HNRNPH1	-0.725623477	0.155207215	0.107407891	-1.739111517	20.7671087	0.968963810890968	0.80908809389062
EPB41	-0.466541697	0.155449534	0.107618908	-1.737919298	19.06457021	0.968111419016716	0.80841057552836
GSTP1	-0.460344342	0.155834834	0.107929087	-1.736242456	23.93991468	0.966861496732937	0.807335457298627
MKLN1	-1.765940702	0.156362345	0.108338013	-1.750751816	18.72381447	0.96521913396064	0.805867824982415
PLCD3	-1.053151122	0.156516768	0.108488629	-1.741255239	19.01897572	0.964615779062885	0.805439128662091
PYM1	-0.37573946	0.156956036	0.10883685	-1.731245937	19.15322113	0.963224036236407	0.804221978141148
SERINC3	0.824742102	0.157566121	0.109303812	1.728733761	18.82392655	0.961364691648686	0.802537156417802
TACSTD2	-0.245883884	0.158120202	0.109743075	-1.726323593	25.60118075	0.959622875041872	0.801012639513552
SCYL2	-0.698022269	0.158120202	0.109776317	-1.726172383	16.26170024	0.959491343907914	0.801012639513552
NUDT16	-0.311300895	0.158400207	0.11001486	-1.724854393	16.27182714	0.958548649567885	0.800244255202971
ST3GAL2	-0.377047042	0.158978899	0.110461091	-1.722449174	17.8804302	0.95679067165969	0.79866051502546
MMP15	-0.364517063	0.159291436	0.110722643	-1.72104341	21.80171483	0.955763555956177	0.797807572585069
API5	-0.184645905	0.15963352	0.111004914	-1.719529591	26.62752745	0.954657795304817	0.796875909836654
PCM1	0.576698358	0.159737731	0.1111219	1.718931582	22.04164234	0.954200341492353	0.796592488810384
KNL1	-0.302944341	0.159944634	0.11131041	-1.717895075	17.03673207	0.953464217568771	0.796030325528491
RBBP6	-0.328923212	0.160016401	0.111404953	-1.717390047	23.46695594	0.953095500250704	0.795835501726865
SLC39A10	0.216398942	0.161479749	0.112468755	1.711733514	25.36292656	0.948968112359655	0.791881934317456
ME1	-0.425991502	0.161795084	0.112733476	-1.710333309	19.80144976	0.947947101848476	0.791034678175586
PHF6	-0.424630334	0.162412669	0.113209054	-1.707825118	21.32861974	0.946118838651297	0.789380096633077
NAE1	-0.309857595	0.163641047	0.114110897	-1.703094392	22.20955364	0.94267288072642	0.786107750483442
KIF23	-0.353698471	0.164817867	0.114977459	-1.698579881	22.23114545	0.939387293485074	0.782995710606692
EIF4E2	-0.305213047	0.165336488	0.11538533	-1.696465428	18.19123586	0.937849403528993	0.781631291689616
CYTH2	1.701390326	0.165458174	0.115516367	1.711701686	17.27293593	0.93735647815968	0.781311772865527
LAMA4	-0.381379518	0.165843042	0.115831289	-1.694161095	21.52296323	0.936174110690111	0.780302744731746
C7orf50	-0.375606171	0.16585812	0.115888045	-1.69386839	19.12365606	0.935961363504261	0.780263261649063
MAD2L1	-0.351237693	0.166030174	0.116054537	-1.693010491	18.92111071	0.935337876702687	0.779812976954881
YWHAZ	-0.22091312	0.166313096	0.116298651	-1.691754584	30.66450602	0.934425322818017	0.779073551763026
ADAMTS14	-0.926092462	0.166389168	0.11639822	-1.69542745	20.04451802	0.934053661009915	0.778874949865907
GNS	0.179700554	0.167239522	0.117039699	1.687956318	27.94079419	0.931666803789847	0.776661082409945
RAPGEF3	-0.522905623	0.168043039	0.117648862	-1.684849933	19.85316221	0.92941226933378	0.774579472998148
BMPER	-0.405098721	0.168150627	0.11777105	-1.684228556	16.56953341	0.928961452931132	0.774301508949212
RNH1	-0.73832302	0.168325814	0.117940662	-1.683393961	20.41402355	0.92833643885989	0.773849276667809
HEXIM1	-0.409200623	0.169286135	0.11866071	-1.67972137	23.50405782	0.925693057413029	0.771378610346902
FERMT2	-0.502160991	0.169671083	0.118977827	-1.678122011	21.07474429	0.924533967252768	0.770392168075034
MANF	-0.423147956	0.169995048	0.119252379	-1.676740368	20.07415399	0.923532948335926	0.769563729548774
EIF3M	-0.393299095	0.170750429	0.119840716	-1.673789074	20.81283451	0.921395604902285	0.76763819650676
CNTFR	-0.395943744	0.170750429	0.119877461	-1.673605171	19.7069571	0.921262463969359	0.76763819650676
SNX6	-0.938244219	0.170808006	0.119995015	-1.678106571	19.92672737	0.920836795643721	0.767491777205937
CDK5RAP3	-0.784862784	0.170808006	0.120013094	-1.675310523	16.8948634	0.920771367771422	0.767491777205937
NEK5	0.279442216	0.170882758	0.120113243	1.672426317	22.91733043	0.920409107128684	0.767301755203299
SLC39A14	-0.291568728	0.171008921	0.120249584	-1.671745576	19.44307954	0.919916417380883	0.766981233233488
CTNNA2	-0.374746101	0.171013145	0.120300217	-1.671492942	19.63714356	0.91973358927015	0.766970506089985
OGA	-0.380674402	0.171035619	0.120363695	-1.67117635	20.5130731	0.919504488483643	0.766913436249497
WDR44	0.546922955	0.171663332	0.120853282	1.668739507	20.62210958	0.917741551006142	0.765322462036133
USP48	-0.748466933	0.172172037	0.121259403	-1.666751086	18.41816387	0.916284574270638	0.76403738228266
BPNT1	-0.403080937	0.172456427	0.121507761	-1.665495503	22.125314	0.915395981721399	0.763320615975489
THRAP3	-0.325831597	0.172681787	0.121714671	-1.664473134	25.6260202	0.914657070493609	0.762753465689713
CNDP2	-0.221665924	0.172715123	0.121786305	-1.664119537	24.76981457	0.914401545835554	0.762669633782278
SGSH	0.335963694	0.172924721	0.121982293	1.663153042	23.13146854	0.913703207116314	0.762142916347608
CYSTM1	0.444603768	0.173947563	0.122752293	1.659369068	18.67749287	0.910970386553704	0.759581651326086
C2CD5	-0.594440052	0.174293828	0.123045224	-1.657935016	20.74666265	0.909935238773043	0.758717991622086
DCPS	-0.337013371	0.174377031	0.123152563	-1.657410289	21.06697871	0.909556545374416	0.758510721048529
CILP2	-0.757811834	0.174858112	0.123541057	-1.665076759	22.36326209	0.908188687219601	0.757314215141315
NPC1	-0.659817042	0.174936533	0.123645219	-1.65500708	20.22733182	0.907822671878995	0.757119484840993
EIF3H	-0.261288964	0.175806867	0.12430937	-1.651780602	22.5890108	0.905496134544796	0.754964165428559
SRSF5	-0.394655496	0.176135645	0.124590933	-1.650443108	24.29182985	0.904513561941272	0.754152745904978
DDX46	0.366431373	0.176198204	0.124732332	1.649733724	22.74672125	0.904020957995704	0.753998522693918
RPS10	-0.40922887	0.176198204	0.1247334	-1.649728564	20.98271567	0.904017239436823	0.753998522693918
HSPA5	-0.180926342	0.177245947	0.125524513	-1.6459164	29.63109891	0.90127145489146	0.751423686839732
TNC	-0.427345235	0.177408665	0.125689194	-1.654546923	31.41287353	0.900702058733318	0.751025172160527
KLC3	-0.375471209	0.177506358	0.125807879	-1.644556066	16.22489391	0.900292159375078	0.750786086581486
DIAPH1	0.542718303	0.178767338	0.126751424	1.640045762	18.41348443	0.897047152847737	0.747711826827181
MSH2	-0.406489868	0.179288718	0.127171067	-1.638049254	21.1230462	0.895611684847461	0.746447038181834
NRDC	-0.236775488	0.180746231	0.128255269	-1.632917631	23.84063786	0.891924784106045	0.742930750038789
TXNDC5	-0.242997867	0.181312342	0.128707507	-1.630788376	23.78503947	0.890396121676848	0.741572632307907
MDK	0.281789535	0.181444329	0.12885177	1.630110526	25.97749071	0.889909611292718	0.741256601023606
COL14A1	0.18724286	0.182821885	0.129880988	1.625293713	26.51705452	0.886454416370981	0.737971817541818
EPS15L1	-0.624921125	0.183414119	0.130352844	-1.62309655	20.02987277	0.884879489083051	0.736567235908231
B4GALT3	0.340142646	0.183968669	0.130798237	1.621028982	22.33300514	0.883398109729883	0.735256133724239
ATP2B2	0.491336518	0.184490724	0.131220827	1.619072948	18.80589519	0.881997229492873	0.734025464826803
LAMTOR3	-0.438201169	0.185146335	0.131738738	-1.616683195	16.34126501	0.880286501227444	0.7324848804551
HS6ST2	0.361286775	0.185163454	0.131802525	1.616389435	20.80759238	0.880076269688422	0.732444726576041
DKK3	0.192618075	0.185243282	0.131910977	1.615890268	27.52858535	0.879719063042198	0.732257533109677
WDR48	-0.287590133	0.18574738	0.132321712	-1.614003024	21.63535603	0.878368888781982	0.731077303325489
IPO13	-0.366822344	0.185830555	0.132432756	-1.613493678	17.94693099	0.878004582943137	0.730882876042633
LAMA5	0.192279287	0.186688428	0.133096154	1.610458496	30.96551354	0.875834493892041	0.728882601234106
GCN1	-1.300049801	0.186907925	0.133304732	-1.623574712	22.87222873	0.875154433894373	0.72837228390313
YTHDF3	-0.301792035	0.186989812	0.13341525	-1.609003259	21.9819785	0.874794525649493	0.72818205502882
MENT	0.243331215	0.187042143	0.133504718	1.608595789	22.14617921	0.874503386245775	0.728060530306791
FN3KRP	-0.353788852	0.187912518	0.134178337	-1.605535481	17.97329846	0.872317595052183	0.726044287929058
ERBB3	0.181953301	0.18800871	0.134299421	1.604986804	22.72680427	0.871925859684576	0.725822030431458
ST6GAL2	-0.532047902	0.188783948	0.134905809	-1.602245511	20.57323961	0.869969349347156	0.724034935839826
GFUS	-0.239724299	0.189015564	0.135124003	-1.601261751	23.98257913	0.869267497428612	0.723502433493329
CWF19L1	-0.605643627	0.189324355	0.135397518	-1.600030518	18.58269044	0.868389296720179	0.722793514077722
ADGRG6	0.235423112	0.18938473	0.135493479	1.599599061	23.15650045	0.86808160591478	0.722655040877022
ZFAND2B	-0.28852872	0.189493867	0.135624373	-1.599010967	21.68126712	0.867662256573438	0.722404841480393
FSTL3	-0.29119644	0.18960889	0.135759543	-1.59840418	20.79338772	0.867229632629923	0.72214130419504
ABRAXAS2	-0.393225174	0.189749331	0.135912982	-1.597716018	20.77527154	0.866739058781174	0.721819746623631
RPS19	-0.373756456	0.189799619	0.136001901	-1.597317535	19.98023344	0.866455021129488	0.721704663702002
ANXA6	-0.852770924	0.189987046	0.136189153	-1.598615045	19.46996788	0.865857481115153	0.721276009797222
EXT1	0.214308974	0.190056907	0.136292202	1.596018143	25.35318859	0.865528991746042	0.721116342753963
SLC4A1AP	-0.829569899	0.19016626	0.136423621	-1.598305193	20.3804776	0.865110427466879	0.720866534694324
LRP8	0.357906189	0.191044397	0.137106834	1.592384657	18.15381989	0.862940897548052	0.718865694890855
RAB3GAP1	-1.151341679	0.191628153	0.137579187	-1.60120667	18.02103429	0.861447261265666	0.717540686309852
NAB2	-0.648124454	0.191820181	0.137770514	-1.589438304	18.6659741	0.860843721306043	0.71710570354765
DOCK4	0.539706269	0.192258182	0.138138683	1.587809165	15.80938942	0.85968468882907	0.716115168708127
CASTOR2	-0.566470765	0.192354358	0.138261396	-1.587267001	18.68529021	0.859299062439583	0.715897969825521
ARL6IP1	-1.861156797	0.192706389	0.138607643	-1.599325367	21.93130287	0.858212821519248	0.715103886478704
MINK1	-0.499225973	0.192706389	0.138621848	-1.585676881	19.03085755	0.858168315769888	0.715103886478704
COL1A1	-0.545580872	0.193207802	0.139036383	-1.583852605	21.28934445	0.856871538820994	0.713975340150684
FZD7	0.418368095	0.193734713	0.139469555	1.581951351	19.30194246	0.855520584781288	0.712792556288345
ANP32B	0.229773095	0.194149605	0.139822347	1.580406679	27.20570229	0.854423412258546	0.711863488695038
CLIC4	0.25396993	0.194391636	0.14005083	1.579408084	23.68689657	0.853714313021407	0.711322425197765
FAM83D	-0.577389425	0.194541434	0.140212973	-1.578700288	19.20921401	0.853211802049373	0.710987887185777
NAGLU	0.227558022	0.194780316	0.140439431	1.577712929	24.8194221	0.852510938777042	0.710454933928244
EIF3L	-0.359328612	0.19638262	0.141688778	-1.574131628	26.59354787	0.848664545275982	0.70689695021551
ARPC1A	-0.158080028	0.19638262	0.141704182	-1.572223828	25.94626188	0.848617332584419	0.70689695021551
UPF3B	-0.398334577	0.196387733	0.141762605	-1.571971292	18.14464499	0.848438314879071	0.706885643111147
THOP1	-0.192770126	0.197206491	0.142408589	-1.569185022	22.72371035	0.846463816578267	0.705078794470426
ATM	-0.481822977	0.197540083	0.142704542	-1.567912165	16.72504573	0.845562203941099	0.704344768090779
LZTS1	0.229845387	0.197652619	0.142840926	1.567326362	25.34149791	0.845147343053698	0.704097426655124
COL6A2	0.16661763	0.198134994	0.143244753	1.565594655	25.93928512	0.843921277108431	0.703038813916603
TMBIM1	-0.292904717	0.19829159	0.143413232	-1.564873426	21.04277764	0.84341077670537	0.702695704826696
EXT2	0.244658234	0.198381017	0.143533199	1.564360313	24.71658399	0.843047635690062	0.702499887658554
MTHFD1	-0.229878252	0.198899536	0.143963795	-1.562521658	23.34584054	0.841746713520687	0.701366230012189
TAGLN2	-0.367948115	0.20007669	0.144871583	-1.558660889	22.80586913	0.839016794353597	0.69880350603678
NLGN4X	0.317491119	0.200136673	0.144970796	1.558240213	18.82634493	0.838719476478519	0.698673324046315
WDR12	-0.193191026	0.200178742	0.14505706	-1.557874641	24.58004262	0.838461129016255	0.698582044350645
MERTK	0.252485704	0.201164941	0.145827763	1.554616839	22.76583956	0.83615978623835	0.696447705807713
CTNNB1	-0.30467791	0.202015814	0.146500878	-1.551783676	23.31263969	0.834159772515247	0.694614632216171
MTCL1	-0.27261374	0.203654036	0.147745668	-1.546573748	16.31073029	0.830485244059409	0.691106978678105
SUCLG2	0.28656307	0.204657928	0.148573226	1.54313098	16.76496741	0.828059446619209	0.688971427075575
NUCKS1	-0.17540095	0.204657928	0.148588044	-1.543069486	29.14891721	0.828016134274783	0.688971427075575
EVA1B	-0.363385378	0.205260913	0.149083038	-1.541018294	17.42822282	0.826571765816288	0.687693743686287
STMN1	-0.440498999	0.205417047	0.149308778	-1.540084801	20.16537025	0.825914658953491	0.687363518329637
HOMER2	-0.54848657	0.205417047	0.149310942	-1.540075859	16.6389231	0.825908364571734	0.687363518329637
CIAPIN1	-0.356671522	0.205595309	0.149497815	-1.539304018	16.67403437	0.825365154766826	0.686986798716919
MGAT5	0.177668018	0.206053546	0.149888449	1.53769326	25.32741884	0.824231834322185	0.686019907249649
TNFRSF10B	0.354625336	0.206106504	0.149984416	1.537298099	17.06067664	0.823953863589704	0.685908303190502
SFRP1	-0.221229569	0.206184344	0.150098525	-1.536828515	24.48338543	0.823623575494959	0.685744314671053
CAMK1D	-0.512886814	0.206509478	0.150392772	-1.535619041	17.56932899	0.822773035791899	0.685060011084393
ARPC1B	-0.222569851	0.206613911	0.150526411	-1.535070399	27.07200314	0.82238729312502	0.684840441445867
SUPT4H1	-0.554002839	0.20702558	0.150884028	-1.533604302	17.50360766	0.821356730526533	0.68397598997066
DPH7	-0.416719354	0.207477209	0.151271009	-1.532021181	17.80091555	0.820244296284423	0.683029602803244
HARS1	0.211133668	0.207667437	0.151467582	1.53121834	25.60736501	0.819680307524966	0.682631597060997
CAPN2	-0.313458961	0.207903044	0.151697372	-1.53028097	21.65625474	0.81902194285061	0.682139151925265
FUCA2	0.185601358	0.208500965	0.152191758	1.52826837	28.65432935	0.81760886630422	0.68089193065087
SERPINB1	-0.280384418	0.208982907	0.152601788	-1.526603423	22.68369534	0.816440377822918	0.6798892339806
LRP1B	0.270270182	0.209298632	0.152890667	1.525432722	22.73012346	0.815619024686504	0.679233610250864
ADAMTS7	0.462703839	0.21044294	0.153840006	1.521598766	21.12912379	0.812930711831415	0.676865639507183
NRBP1	-0.319413353	0.21044294	0.153843877	-1.521583174	20.71146129	0.812919784031602	0.676865639507183
PARD3	-0.33327798	0.212130549	0.155140744	-1.516378442	19.24354112	0.809274130164492	0.673396784068209
LSM6	-0.592561196	0.212130549	0.155195845	-1.516158134	20.54681844	0.809119910125044	0.673396784068209
MAK16	-0.551656315	0.212385351	0.155441453	-1.515198057	21.4604254	0.808433152790847	0.672875441447748
FAM184A	-0.49567614	0.212657014	0.155746718	-1.513959236	19.71452772	0.807581096318921	0.672320288514216
TP53I3	0.433103539	0.212657014	0.155758816	1.51391102	20.22418958	0.807547362763198	0.672320288514216
FARSB	-0.443973508	0.212700395	0.155849872	-1.513548223	18.57932728	0.807293550074446	0.672231703580294
FRY	0.345488913	0.212735951	0.155935215	1.51408776	26.23675599	0.807055796593346	0.672159110936155
ADARB1	-0.550272919	0.213541461	0.156585168	-1.510625166	18.25744445	0.80524937740463	0.670517790262564
KIFBP	-0.33462402	0.213560095	0.156658353	-1.510334872	18.86013203	0.805046443647948	0.670479894622676
WAPL	-0.86586625	0.216027233	0.158528346	-1.510589062	16.33442179	0.799893071548976	0.665491497015213
SLC44A2	-0.170559736	0.216077818	0.158625689	-1.502574384	24.24042935	0.799626478509543	0.665389814396986
RALGAPB	-0.831875764	0.217398965	0.159656152	-1.501246523	18.60307331	0.796814342215821	0.662742527847971
TRNT1	-0.251972009	0.217997401	0.160156396	-1.496592858	20.31630514	0.795455712685208	0.661548684093041
CA11	0.351016392	0.218229009	0.160387374	1.495694505	20.26187923	0.794829823196212	0.661087519507357
RAB11FIP1	-0.481319992	0.220738408	0.162293177	-1.488323917	18.92143631	0.789699738051385	0.656122093973815
MAU2	-0.277242159	0.221046156	0.16258105	-1.487216995	18.36882832	0.788930075962366	0.655517033087915
PPT2	-0.366980302	0.221616047	0.163061974	-1.485371467	19.45695157	0.787647304486426	0.654398795968737
UTP4	-1.414680452	0.221844295	0.163309181	-1.496082229	19.08448415	0.786989399185209	0.653951735222734
SYCP2	-0.295224373	0.221844295	0.163353575	-1.484254712	19.20265572	0.786871356531162	0.653951735222734
NCK1	-0.508218251	0.223558506	0.16467813	-1.47920323	16.92353464	0.783364073270934	0.650608801355846
ATP6V1A	-0.231244674	0.223888822	0.164983848	-1.478042211	25.20755271	0.782558571348718	0.649967588711734
RRAS2	-0.358369462	0.22446014	0.165467411	-1.476209512	18.9670207	0.781287528272106	0.648860770540451
VPS26C	-0.605537755	0.224486267	0.165554633	-1.475879426	17.11125075	0.781058661132507	0.64881022191476
CDC40	-0.286927866	0.224486267	0.165611803	-1.475663148	20.61417452	0.780908714682155	0.64881022191476
NRCAM	0.179412268	0.224797308	0.165903922	1.474559037	26.39577509	0.780143347050837	0.648208893849175
EIF1AD	-0.767225023	0.225190076	0.166256965	-1.475000986	18.01578672	0.779220151752946	0.647450752512544
PSMB3	-0.185529775	0.225190076	0.166319315	-1.472991827	24.62715822	0.779057312351026	0.647450752512544
SNIP1	-0.625992512	0.225197169	0.166387318	-1.472735579	18.22134767	0.778879778601261	0.647437073391767
PPIG	-0.844030333	0.225269327	0.166503416	-1.481433858	21.61352266	0.778576852039152	0.647297938420481
PGAP6	0.294855178	0.22568843	0.166876088	1.470896405	16.80780954	0.777605889765621	0.646490704617197
NOG	-0.26279689	0.225992634	0.167168567	-1.46979803	21.39643557	0.776845380376648	0.645905716008738
PURA	0.494370072	0.225992634	0.167226991	1.46959852	22.27467212	0.776693624646275	0.645905716008738
RPL31	-0.513990618	0.226235819	0.167469993	-1.468667756	20.62627009	0.77606299783289	0.645438633882166
PAPSS1	-0.881561682	0.226352796	0.167731834	-1.473603805	18.21055774	0.775384504367725	0.64521413655697
AK2	-0.185584586	0.226352796	0.167682371	-1.467872425	23.59867035	0.775512593803377	0.64521413655697
HNRNPAB	-0.20804539	0.226352796	0.167745843	-1.467634895	24.34197936	0.775348233510868	0.64521413655697
SLC38A1	-0.387910632	0.22691132	0.168222996	-1.465851687	20.54117982	0.774114636639989	0.644143837782298
SSC4D	-0.248022925	0.227517242	0.168735613	-1.463940706	19.15019564	0.77279324641442	0.642985685504832
MYO19	0.70677229	0.227600263	0.168860619	1.474759259	25.12947313	0.772471623046977	0.642827240434336
ZPR1	0.475544562	0.228110714	0.16934183	1.461687121	19.30473356	0.771235751316416	0.641854316118333
RPRD2	-0.42044736	0.228110714	0.169366483	-1.461595619	17.83847375	0.771172530772542	0.641854316118333
CCDC124	-0.663055676	0.228758846	0.169911462	-1.459595144	17.71790537	0.769777323217787	0.640622102967716
LLGL1	-0.458943335	0.229308382	0.170383542	-1.457830482	20.84056406	0.768572357713567	0.639580070041912
VPS37B	-0.398453167	0.229373945	0.170496185	-1.457414647	16.86237382	0.768285334278433	0.639455915926373
EIF3F	-0.615263698	0.229752379	0.170841513	-1.456141274	17.7920579	0.767406591046188	0.638739982961554
TBC1D1	-1.217864068	0.230270821	0.171291199	-1.465612331	21.46000265	0.766264950659283	0.637761090613901
TENM4	-0.233372246	0.231262528	0.172093353	-1.45154334	16.47833536	0.764235903705967	0.635894731263976
ATP1A1	-0.220892869	0.231844581	0.172591102	-1.449722971	26.57896032	0.762981598261089	0.634803050595441
SF1	-0.503593118	0.23227611	0.172977081	-1.448314415	19.47535166	0.762011435915216	0.633995455842093
SMPD1	-0.249378681	0.232511431	0.173217128	-1.447439744	22.30725892	0.761409166428929	0.633555690953867
ETNK1	-0.392300143	0.232640218	0.173377911	-1.446854464	18.75916704	0.761006234090981	0.633315203856851
UBE3C	-0.279952697	0.232901069	0.173637224	-1.445911474	18.230395	0.76035716599804	0.632828518078734
CDC42BPA	-0.82218454	0.23351287	0.174158428	-1.450658285	16.68536646	0.759055504006045	0.631689178412854
LAPTM4B	-0.393977262	0.234508753	0.174966536	-1.441095986	18.39982527	0.757045006286634	0.629840942677443
ERC1	-0.95706678	0.234924336	0.175342077	-1.45061157	23.80768523	0.756113853352022	0.629071991979024
HSPA8	0.163578996	0.235065676	0.175513084	1.43912502	32.03226029	0.755690502575958	0.628810781390053
SSB	-0.247188698	0.235089486	0.175596383	-1.438825081	27.89556653	0.755484434098022	0.628766793564506
SNX18	-0.560339391	0.237363892	0.177459537	-1.432147348	19.84856928	0.750900655909647	0.624585345608193
TMEM130	-0.274562739	0.237363892	0.177471925	-1.432103147	18.86256684	0.750870339971952	0.624585345608193
NDNF	-0.683466827	0.237363892	0.177493679	-1.432044105	18.88134514	0.750817108661286	0.624585345608193
EZH2	-0.346440903	0.237927508	0.177981447	-1.430287329	17.02560558	0.74962526671059	0.623555344083037
ADAMTS5	-0.767130185	0.238427724	0.178422085	-1.430380633	19.80619199	0.748551389870214	0.622643246917661
HECTD1	-0.993069986	0.239016096	0.178970295	-1.435279992	16.90900106	0.747219046048814	0.621572851484503
GNPTG	0.203973281	0.239016096	0.17899561	1.426686029	24.00881544	0.747157620283544	0.621572851484503
UBE3A	-0.597498448	0.239363627	0.179322584	-1.425528592	19.87231159	0.746365011670758	0.620941843041269
ASAP1	0.214302663	0.240297057	0.180088848	1.422823044	21.18852212	0.744513180028986	0.619251548116146
PRPF4	-0.777435294	0.241568872	0.181176654	-1.421194471	18.6865019	0.741897765225392	0.616959028617092
RPLP0	-0.145120721	0.241568872	0.181117856	-1.419204916	24.30444104	0.742038731463998	0.616959028617092
LOXL1	-0.242522754	0.243947292	0.183028458	-1.412532353	21.31618349	0.737481379168528	0.612703998523162
ADA	-0.406834915	0.244027667	0.183156775	-1.412086313	18.52885982	0.737177012076175	0.612560932086433
BCAM	0.167965256	0.244370695	0.183482344	1.41095577	28.65282417	0.736405720361708	0.611950876018985
MSN	-0.183897504	0.244539365	0.183677143	-1.41028013	31.38774751	0.735944884448631	0.611651219868859
TBC1D31	-0.415417754	0.245302541	0.184318743	-1.408059028	16.67395885	0.734430500008321	0.610297953071385
YIPF4	-0.32477733	0.245710454	0.184693727	-1.406763888	19.0892205	0.733547854833443	0.609576365628464
ANKRD17	-0.917655897	0.246603804	0.185433964	-1.410750808	19.69494992	0.731810717727311	0.608000228456154
PSMA7	-0.152656675	0.247159579	0.185951676	-1.402435074	27.02178479	0.730599902950228	0.60702255321362
GNAI3	0.190997296	0.247159579	0.18598965	1.402304779	22.91383673	0.730511222840973	0.60702255321362
MET	0.228606182	0.247637835	0.186486601	1.400601701	26.93421795	0.729352366647833	0.60618300150804
PROS1	0.190643075	0.247637835	0.186487578	1.400598354	26.47073218	0.729350091392694	0.60618300150804
MTAP	-0.261597163	0.248215762	0.186991974	-1.398873629	24.50736692	0.728177033689787	0.605170643738678
RAB34	-0.475059553	0.248533193	0.187300378	-1.397820985	19.98027904	0.727461346153067	0.604615600596415
SERPINB8	-0.286071322	0.248963759	0.18769425	-1.396478716	20.57736538	0.726549031755432	0.603863867409585
UQCC2	1.183058099	0.249081793	0.187852657	1.405102119	19.25156108	0.726182657868215	0.603658016697212
SAA2	-2.127240003	0.24913563	0.187962695	-1.405694355	16.96880056	0.725928336711237	0.603564157626718
GLO1	-0.185709043	0.249381517	0.188217712	-1.394698442	25.30926063	0.725339510229068	0.603135737555014
ALCAM	-0.128484287	0.249965847	0.188728394	-1.392965593	26.36131766	0.724162755744701	0.602119325218677
SFT2D2	0.265312343	0.250461659	0.189172546	1.391461664	19.6828113	0.723141891115232	0.601258747078835
LRP5	0.474483806	0.251184183	0.189788272	1.389381618	19.57562504	0.72173062838425	0.600007711479796
FGFR3	0.426019267	0.253260448	0.19142763	1.383870729	20.71070328	0.717995377476071	0.596432629224738
NUDT14	-0.43081691	0.254071255	0.192111292	-1.381584084	20.03481	0.716447107240542	0.595044467185163
FHL2	-0.281289231	0.254912201	0.192818203	-1.379226757	21.33544635	0.714851968932748	0.593609377162504
NPR1	0.264194656	0.255489075	0.193346137	1.377470929	20.6352604	0.713664500582606	0.592627666052388
IMP4	-0.379020436	0.255489075	0.19339697	-1.377302078	17.19946271	0.713550334402906	0.592627666052388
PHKG2	-0.251238197	0.255611177	0.193560637	-1.376758668	17.54278259	0.713182957315998	0.592420159890414
PDS5B	-0.381326539	0.255738969	0.193728684	-1.376201117	21.84088381	0.712806071688519	0.592203089994098
RNF113A	0.280143446	0.257873598	0.19541759	1.370619693	17.15986851	0.709036346983094	0.588593120172525
DRAXIN	-0.325299954	0.258222836	0.195754212	-1.369512009	17.62295402	0.708288884551358	0.588005353431932
HCFC1	-0.251461559	0.258370587	0.19593823	-1.368907149	23.33020794	0.70788081945088	0.587756928102114
KLK10	-0.290688304	0.258545814	0.196143173	-1.368234058	20.73709787	0.707426803415283	0.587462489303314
CSNK1D	-0.317693542	0.25965982	0.197060671	-1.365227841	17.42444664	0.705400042752517	0.585595248300324
KIF21A	0.383830017	0.260356304	0.19766181	1.363264447	21.43064416	0.704077232094587	0.584431902300681
MYH10	-0.609076647	0.26069969	0.197995166	-1.371770552	25.34194475	0.703345412794798	0.583859485254262
PDCL2	0.243332291	0.26117646	0.198430053	1.360762424	25.2363061	0.702392551619149	0.583065968870187
ARMH4	0.430834074	0.261794186	0.199041193	1.358777751	19.14755993	0.701057033935798	0.58204000261397
EXOC8	-0.26521166	0.261794186	0.199045301	-1.358764428	17.85578952	0.701048070648881	0.58204000261397
POLR3A	-0.924095013	0.263053145	0.200075818	-1.363006008	16.43060856	0.698805398839052	0.579956501515632
CENPF	0.56017685	0.263786439	0.200707073	1.35920913	22.6351645	0.697437322526243	0.578747534865667
DNAJB9	-0.343963253	0.263805593	0.200796505	-1.353105174	19.05808574	0.697243850652635	0.578716001119873
ENPP2	-0.373459938	0.263805593	0.200868695	-1.352872752	18.49217962	0.697087741938282	0.578716001119873
FKBP5	-0.41542882	0.264427447	0.20141589	-1.351113267	20.34744933	0.69590627029135	0.577693468013992
FAM20B	0.199594143	0.26580245	0.202537318	1.347519594	23.19949198	0.693494945247861	0.575441020321139
CTSL	0.164981555	0.268715924	0.204832233	1.340216062	24.09064793	0.688601700466979	0.570706596684008
RTN1	-0.272185469	0.268962506	0.205099408	-1.33937015	18.62611161	0.68803559317968	0.570308257440812
ATP2A1	-0.261093284	0.268962506	0.20523227	-1.338949828	22.06752434	0.687754351254843	0.570308257440812
ARFGEF2	-0.405173711	0.268962506	0.205245079	-1.338909318	21.50509995	0.687727246821266	0.570308257440812
WASF2	-0.934451855	0.269937073	0.206064003	-1.343428186	20.25871129	0.685997867822261	0.568737465596675
B4GALT5	-0.164878041	0.270014408	0.206198294	-1.335900394	25.41012775	0.685714932211819	0.568613061218988
AGFG1	-1.014145122	0.270255799	0.206457956	-1.342538802	18.06223394	0.685168376628843	0.568224978423013
RAB35	-0.327998107	0.270475854	0.206701447	-1.334316729	20.01243484	0.684656483111871	0.567871499291689
THOC3	-0.335383431	0.270987728	0.207168155	-1.332850593	20.6371238	0.683677001681024	0.567050376219912
ARF6	0.935703734	0.271789223	0.207944669	1.337252804	19.62582799	0.68205220900215	0.565767767928851
XPO7	0.168100049	0.271789223	0.20792332	1.330483995	26.99060787	0.682096798887149	0.565767767928851
IST1	-0.367898446	0.271789223	0.20800814	-1.330218618	19.38473028	0.681919669422282	0.565767767928851
LAMB1	-0.227997289	0.272045477	0.208344269	-1.329167842	29.24407482	0.681218441335369	0.56535849023325
LPIN1	-0.311203435	0.272045477	0.2083559	-1.329131506	16.7323655	0.68119419714496	0.56535849023325
TOR1A	-0.236311277	0.274163162	0.210054218	-1.323843689	19.94770126	0.67766859317511	0.561990899710256
RTN4	-0.243774177	0.274718979	0.210556631	-1.322286084	25.25373398	0.676631076915943	0.561111336246532
NPC2	0.692797956	0.274799531	0.210733777	1.326363059	20.9702931	0.676265848876736	0.560984012821679
SLC7A1	-0.769276043	0.274799531	0.210848135	-1.324642251	19.68752316	0.676030236066196	0.560984012821679
HLA-B	-0.269839765	0.274799531	0.210798604	-1.321536988	22.38455549	0.676132269536836	0.560984012821679
SEPTIN2	-0.247989841	0.275540416	0.211530486	-1.319275505	23.1388054	0.674627032792697	0.559814690248023
PLTP	0.12499601	0.275540416	0.211570191	1.319153	28.55469047	0.67454552187394	0.559814690248023
PRPF4B	-0.200189138	0.275995638	0.211996649	-1.317838403	23.85789745	0.6736710038463	0.559097781730072
ATP6V0C	1.071338438	0.276662582	0.212586047	1.324494168	17.64032598	0.672465243621588	0.558049574251862
ITGA3	0.158737226	0.278887109	0.21437309	1.310551979	26.48714376	0.668829732029624	0.554571559665659
CD99L2	-0.247634633	0.279070612	0.214591922	-1.309884324	17.62593741	0.668386630444882	0.554285895214083
BCAR1	0.26548994	0.279569814	0.215053703	1.308477252	16.41553399	0.667453074948435	0.553509722486255
ANAPC2	-0.366935174	0.280215112	0.215628184	-1.306730196	21.23569657	0.666294474674031	0.552508446918786
MANSC1	0.157364215	0.280798699	0.21615552	1.305129837	23.51877756	0.665233669337224	0.551604908716128
CNN2	-1.01559018	0.282039058	0.21718894	-1.309865362	20.4620065	0.66316229427319	0.549690744520045
WDR59	-0.35875717	0.283118038	0.218098734	-1.299259784	18.30593255	0.6613468553677	0.548032460008596
DCD	0.724979754	0.283251653	0.218280608	1.30734112	23.91316957	0.66098484520098	0.547827547001427
GRPEL1	-0.346044978	0.284434216	0.219271193	-1.295738496	20.08721375	0.659018420501726	0.546018161366405
NEU1	0.141711808	0.284560693	0.219448004	1.295208799	25.42261126	0.658668364947639	0.545825090169375
ATP2B4	0.248490844	0.285088781	0.219934711	1.293752478	23.38044756	0.657706223089798	0.545019872994508
S100A13	-0.199061587	0.28540485	0.220258091	-1.292786307	25.55364374	0.65706812917193	0.544538651016956
GBA	0.134849403	0.285445914	0.220369337	1.292454197	25.16226527	0.656848834947875	0.544476169297528
RIOK1	-0.897502131	0.28546752	0.22046558	-1.29898265	16.70041782	0.656659204758096	0.544443297881227
GFPT1	-0.263712295	0.286189996	0.22114007	-1.290157006	21.64896009	0.655332557271218	0.543345551421567
NAGPA	-0.206596483	0.286189996	0.221183071	-1.290029032	20.67498773	0.655248116303319	0.543345551421567
WDR11	-0.569903399	0.287149875	0.222004948	-1.287586907	19.5859232	0.653637345976617	0.541891368436696
GPC3	1.467910484	0.287291507	0.222194519	1.295483405	18.70850881	0.6532666582548	0.541677212565498
PCYOX1	-0.242803432	0.287509528	0.222443269	-1.286287462	19.8844753	0.652780731207845	0.541347758316064
APRT	-0.32898823	0.289509877	0.224071608	-1.281478121	18.03965521	0.649613169212784	0.53833661517169
PTPRZ1	-0.516665835	0.290224136	0.224739836	-1.279512645	19.13894586	0.64831994039086	0.537266473029438
TRIL	-0.316407045	0.290224136	0.224786196	-1.279376458	17.63012186	0.648230362075838	0.537266473029438
PCBP1	-0.244969963	0.291454469	0.225820352	-1.27634443	20.89540116	0.646236919970891	0.535429281064524
G6PD	0.286775718	0.292520237	0.226727642	1.273693547	23.46271959	0.644495528676989	0.533844083382104
RRBP1	-0.267018818	0.293400751	0.227491887	-1.27146722	24.31839823	0.643034086892401	0.532538778854227
RARS1	0.134215312	0.293402718	0.227575185	1.271224926	25.23622917	0.642875095550758	0.532535867292551
MATN3	-0.271388061	0.293927619	0.22806424	-1.269803827	19.36799114	0.641942805859582	0.531759603394106
IL10RB	0.388611396	0.294931482	0.228925356	1.267307523	18.83635344	0.640306101772761	0.530278866888247
TFG	-0.259979885	0.295100695	0.229138946	-1.266689512	22.58640306	0.639901088918855	0.530029767679608
NHLRC2	0.751495058	0.295293071	0.229370621	1.273232186	21.89945845	0.639462209602483	0.529746743559034
LAMC1	0.11792899	0.295615157	0.229703193	1.26505911	30.85879223	0.638832967832215	0.529273302236937
RPL37A	-0.385781264	0.29567297	0.229830522	-1.264691636	18.05921546	0.638592296553062	0.529188376239557
E2F2	-0.314586329	0.296621028	0.23065013	-1.262344163	24.13543415	0.637046296276756	0.527798064296667
FAHD2A	-0.9223511	0.29665319	0.231005857	-1.26777194	18.31953667	0.636377008720263	0.527750977203661
GJA1	0.261102763	0.29665319	0.230789634	1.261928846	18.57187452	0.636783701572199	0.527750977203661
MARCKSL1	0.363866585	0.29665319	0.230889868	1.261640646	22.39879669	0.636595124545953	0.527750977203661
VLDLR	0.174171139	0.29665319	0.230941001	1.261493662	23.82719452	0.636498956094147	0.527750977203661
PHKB	-0.50546615	0.297236765	0.231543132	-1.259764788	20.2486967	0.635368096461226	0.526897474019392
CAPG	0.256978242	0.297933376	0.232168818	1.257972089	21.21732282	0.634196109661619	0.525880842200547
BANF1	-0.228826999	0.298823216	0.232945523	-1.255752066	17.39248972	0.632745631878476	0.524585664590853
HOMER3	-0.240046528	0.299641519	0.233666937	-1.253695374	18.52958371	0.631402734309892	0.523398009986938
TTC27	0.252497154	0.3000524	0.234152231	1.252314695	16.20480743	0.630501699908921	0.522802895134885
ISG20	-0.217838297	0.3000524	0.234154604	-1.252307947	16.32500389	0.630497298603074	0.522802895134885
P3H1	0.427225987	0.301325407	0.235232014	1.249250853	19.93020359	0.628503573083148	0.520964248164997
ZNF384	0.388920773	0.301825602	0.235706615	1.247907741	18.20869927	0.627628229025593	0.520243924481759
AATF	-0.223059928	0.301936763	0.235877577	-1.24742445	19.3233877	0.627313342064887	0.520084005241187
SARS1	-0.176433105	0.302047308	0.236048119	-1.246942626	24.70227372	0.626999455987546	0.519925030571678
HEBP2	0.459247287	0.302637082	0.236660188	1.245215659	21.21078434	0.625874794821836	0.51907785912414
MATR3	-0.271443483	0.302637082	0.236677718	-1.245166249	22.66468396	0.625842626756803	0.51907785912414
HDAC1	-0.6040329	0.302718796	0.236825992	-1.247607765	21.15399303	0.625570634876889	0.518960612589335
CLDN7	0.287654343	0.30414157	0.238023837	1.241380848	18.15044054	0.623379548157013	0.516924216528758
EXTL2	0.25698347	0.307247277	0.240540023	1.234350571	23.13453491	0.618812651839383	0.512511957388993
SERPINA1	0.228475968	0.308229884	0.241395199	1.231974498	28.65928243	0.617271371639423	0.511125257158408
COL25A1	-0.35140593	0.308759318	0.241895887	-1.230586455	18.70010819	0.616371515963833	0.510379927028088
ADAM23	-0.235365616	0.309022652	0.242188322	-1.229776801	19.73680067	0.615846801792607	0.510009684723917
DKC1	-0.273043491	0.309166527	0.242387246	-1.229226489	23.77705353	0.61549023573325	0.509807532626033
CTNNBL1	-0.632502303	0.3092707	0.242727506	-1.229882648	20.38551188	0.614881006415708	0.509661222677292
CNKSR1	-0.251511289	0.3092707	0.242588754	-1.228669396	17.83151334	0.615129336152671	0.509661222677292
NBN	-0.309152971	0.3092707	0.242671839	-1.228439804	16.35137692	0.614980618709293	0.509661222677292
RAB14	-0.413585787	0.310133385	0.24349101	-1.226179483	21.25160898	0.613517068861944	0.508451480647982
UBB	-0.126594454	0.310896955	0.244177152	-1.224290861	27.48791393	0.61229497603631	0.507383531521213
EFNA1	0.401920889	0.312301362	0.245367208	1.22102514	20.48211035	0.610183478839048	0.505426121732675
ASL	-0.413010436	0.312365949	0.24550501	-1.220647797	17.65304462	0.609939640839777	0.505336314639175
ATP7A	0.237680524	0.312632987	0.245802022	1.219835058	16.41687528	0.609414548870921	0.50496519996926
DPP8	-0.858643112	0.313308472	0.246420431	-1.223783481	19.29840766	0.608323287162193	0.504027861444166
PSMB5	0.120281512	0.313532392	0.246683931	1.217426388	27.0153511	0.607859139546828	0.50371758421079
RPTOR	0.139790002	0.31487146	0.247825252	1.214319285	23.47483459	0.60585444353901	0.501866702101558
ITGB1	-0.124426133	0.315067078	0.248067027	-1.213662532	27.12677773	0.605430958192984	0.501596974769233
S100A7	-0.600492665	0.316046353	0.248926141	-1.212482848	17.4185047	0.603929493524319	0.500249216825268
HM13	-0.857459307	0.316228573	0.249313279	-1.217687203	22.41924666	0.603254589354868	0.49999889172323
MPZL1	-0.419432717	0.316228573	0.249301212	-1.210317869	20.63411425	0.60327561012987	0.49999889172323
ACAA1	0.292041521	0.316228573	0.249334068	1.210229009	18.98793858	0.603218377197944	0.49999889172323
TKT	0.132049842	0.316451195	0.249597793	1.209516076	28.76227716	0.602759259102431	0.499693259980188
NEDD4L	0.263777614	0.316521083	0.249741133	1.209128831	20.56560311	0.60250992235136	0.499597356971701
SUN3	-0.240175339	0.317198616	0.250364125	-1.207447798	18.42221187	0.601427901622737	0.498668716262612
S100A4	0.324171112	0.318045074	0.251120874	1.205410272	20.01482593	0.600117185788754	0.497511326549279
PFDN4	0.283459454	0.318961174	0.251933101	1.203228739	19.75276471	0.598714767645935	0.496262178835556
B3GAT3	0.28101638	0.319133136	0.252187621	1.202546272	19.35225261	0.59827623522264	0.496028100116048
RAD1	-0.365714232	0.319133136	0.252246815	-1.202387626	17.63916899	0.598174308685333	0.496028100116048
KLK7	-0.322662985	0.320523256	0.253434916	-1.199209589	17.59039932	0.596133552114322	0.494140454176195
CLTB	-0.386100256	0.32102213	0.253918842	-1.197918492	18.72399559	0.595305071190034	0.493465028013798
FARSA	0.410956535	0.321308774	0.254235119	1.197075719	19.98262761	0.594764457973837	0.493077414978339
SRSF7	0.580554803	0.321351194	0.254358247	1.203973657	27.07593343	0.59455417677244	0.493020082102895
HMGN1	0.2675782	0.321738926	0.254754819	1.195705173	25.61696472	0.593877592030805	0.492496392239766
PTMS	0.321381351	0.323990038	0.25667217	1.191717566	24.71431196	0.590621217696496	0.489468343213581
SYNRG	-0.587188751	0.323990038	0.256717859	-1.190638213	18.91937861	0.590543917867846	0.489468343213581
TBC1D4	0.303042181	0.324868055	0.257504111	1.188412754	22.91603366	0.589215833145651	0.488292991699985
CLNS1A	-0.254663041	0.325120292	0.257879996	-1.187422172	21.04447989	0.588582345197313	0.4879559236795
BRMS1	0.260876842	0.325120292	0.257969573	1.187186273	16.8392342	0.588431515189751	0.4879559236795
SH3GLB1	-0.381614127	0.325120292	0.257975884	-1.187169655	16.65782337	0.588420890685016	0.4879559236795
GNPDA2	-0.425901006	0.325459099	0.258335427	-1.18622347	20.86499039	0.587816032480982	0.487503582194762
PTK7	0.099454224	0.326906387	0.259575333	1.182968368	29.07766412	0.585736580172808	0.485576594220003
SLAIN2	-0.68379003	0.328293349	0.260861555	-1.182036639	19.18331944	0.583589921212669	0.483737915692403
MAP2	0.407297461	0.328293349	0.260793374	1.179782469	20.06582387	0.583703446957728	0.483737915692403
DHX36	-0.231582335	0.328293349	0.260951124	-1.17937071	22.65904724	0.583440828159177	0.483737915692403
LUC7L3	-0.222204622	0.328700939	0.261366716	-1.178286854	23.94801551	0.582749718889726	0.483199055267521
RRM2	0.357942589	0.329335553	0.261963118	1.176733799	21.33574313	0.581759849048948	0.482361383049839
RARRES2	-0.28690907	0.329478263	0.262168462	-1.176199713	19.03105862	0.581419553695423	0.482173232270433
PDCD6	0.243819084	0.329573685	0.262336245	1.175763563	21.88074966	0.581141702104884	0.482047472082735
GTF2H1	-0.537770453	0.329888824	0.262679033	-1.174885198	19.00586677	0.580574591149241	0.481632397268677
CD81	0.245667241	0.33041153	0.263187334	1.1735545	22.58569889	0.579735015157889	0.480944806000547
TRIP11	0.528965918	0.331216962	0.263921208	1.171666102	17.7215485	0.578525709638624	0.479887430599792
PSMB10	-0.839431786	0.332407275	0.26496232	-1.174128998	18.8926227	0.576815882212594	0.478329479900617
RALA	0.22540779	0.333566015	0.265978921	1.166347517	18.85826429	0.57515278012128	0.476818203387475
B4GAT1	0.229800378	0.336388615	0.268376957	1.160203299	23.2575745	0.571254775676506	0.473158711228309
URI1	-0.273174821	0.336388615	0.268417114	-1.16010077	18.72673525	0.571189797449344	0.473158711228309
MIF	-0.369541303	0.338149704	0.269954029	-1.156185689	19.80526976	0.568710186402	0.47089098839899
ALDH7A1	0.202551347	0.338149704	0.270010842	1.156041296	22.18180464	0.568618796854951	0.47089098839899
GLB1	-0.137541781	0.340907537	0.272307971	-1.15022262	24.28232115	0.564939645804184	0.467363397007172
JMJD8	0.748255447	0.341260437	0.27268497	1.154253377	20.42729944	0.564338799080561	0.466914057424614
DFFA	-0.294476855	0.341374415	0.272871188	-1.14880177	20.89671511	0.564042318317633	0.466769031085062
PSMB1	-0.137745114	0.341395726	0.272983372	-1.148519029	26.40703771	0.563863805957696	0.466741920204983
GNAI2	0.493756466	0.341416983	0.273095524	1.148236457	19.96282722	0.56368541783182	0.466714879707104
PDIA4	-0.117708491	0.341544164	0.273292446	-1.147740522	29.15969628	0.563372372353647	0.466553131099928
GRID2	-0.313330637	0.341855127	0.273636545	-1.146874591	19.26689051	0.562825901718134	0.466157902348376
HRG	-0.290158784	0.342074158	0.273907206	-1.146194057	20.81523267	0.562396542098466	0.465879733362184
PURB	-0.823050364	0.343476372	0.275125722	-1.148063124	19.11412366	0.560468804737716	0.464103133023525
SEMA4D	0.140799391	0.343856073	0.275525699	1.142135395	24.91515951	0.559837887144793	0.463623300979956
CAPRIN1	-0.137240548	0.344970248	0.276571259	-1.13952321	24.37349727	0.558192953316525	0.462218359090789
PXT1	0.516949602	0.344970248	0.276610759	1.13943596	20.24232182	0.558130931661785	0.462218359090789
MAP7D1	-0.720572087	0.345034219	0.27683288	-1.143455014	17.23949791	0.55778232911946	0.462137831344346
EEA1	0.411387126	0.345034219	0.27685438	1.13982633	22.40264922	0.557748601302188	0.462137831344346
PDIA5	-0.250382179	0.345442739	0.277278453	-1.137760687	19.63347737	0.557083877651789	0.461623931494704
GOLGB1	-0.244861542	0.345713182	0.277591883	-1.136980635	24.12139109	0.556593237135945	0.461284060548091
TBL1XR1	-0.22123438	0.345821219	0.277844041	-1.136353568	25.13328218	0.556198913215726	0.461148362676069
DNAJC5	0.216742479	0.345821219	0.277871397	1.136285564	21.73152037	0.556156155505415	0.461148362676069
ZNF638	0.743699758	0.346186901	0.278261712	1.139432131	18.76945707	0.555546547209152	0.460689368959307
SERINC1	0.292122536	0.347276448	0.279234268	1.132904162	19.81296598	0.554031285582994	0.459324669181245
BTN2A1	0.300146623	0.348586355	0.280384677	1.13005973	18.9058488	0.552245724215301	0.457689616836428
SLC12A7	-0.440238824	0.349209315	0.28098308	-1.128583689	20.67495211	0.551319831283088	0.456914180203744
SELENBP1	0.16916311	0.34928945	0.281144909	1.128184931	25.17772722	0.551069776331088	0.456814531671194
CCDC6	-0.230914817	0.350733473	0.282404962	-1.125086053	23.76481651	0.549127676776441	0.455022784316732
NUCB1	0.223759946	0.351162218	0.282928188	1.123813343	27.29661277	0.548323781836015	0.454492216560896
SFPQ	-0.123529442	0.351162218	0.282945923	-1.123758899	25.93085709	0.548296559482176	0.454492216560896
CMTM6	-0.413910511	0.351438083	0.283266147	-1.122974198	17.17661472	0.547805324701538	0.454151178695594
XXYLT1	-0.530144842	0.352084248	0.283983226	-1.122196413	17.09317549	0.546707311610646	0.453353404522851
HSPA1B	0.144516791	0.352084248	0.28392073	1.121372264	29.25659618	0.546802897027031	0.453353404522851
ACP7	0.320957711	0.352243301	0.284209687	1.12066601	19.40420086	0.546361123667699	0.453157257598022
THAP12	0.223157905	0.352775979	0.284737803	1.119376629	20.71315825	0.545554870245339	0.452500994240084
PPM1B	-0.203216874	0.353227511	0.285200697	-1.118247985	21.02210556	0.544849417449611	0.45194547890477
CCDC47	0.28031756	0.355036482	0.286793452	1.114375111	18.71866915	0.542430768599535	0.449727018445654
TCEAL3	0.265673774	0.355036482	0.286859187	1.114215625	21.42611578	0.542331236771554	0.449727018445654
RPL4	-0.247568403	0.355043851	0.286964094	-1.113961158	23.30285077	0.542172440385178	0.449718004490786
KPNB1	-0.190256145	0.355417904	0.287408919	-1.112882956	25.69494796	0.541499758775273	0.449260698611318
DPCD	0.253897831	0.355417904	0.287464537	1.112748235	22.18242565	0.541415724314062	0.449260698611318
SLC20A2	-0.342264675	0.358227884	0.289837109	-1.107019586	21.37993624	0.537846010851828	0.445840612244629
ITGA1	-0.472465338	0.358376287	0.290057062	-1.106490309	18.77465017	0.537516556328792	0.445660734405432
CORO1C	-0.161884096	0.358535424	0.290285788	-1.105940245	25.6752601	0.537174226118948	0.445467928733433
DPP3	0.149110198	0.359088393	0.290833576	1.104624203	27.63135529	0.536355456720249	0.444798632572394
PDCD4	-0.263916168	0.35913484	0.290971287	-1.104293652	19.29179276	0.536149865009634	0.444742461524446
WBP2	-0.235854114	0.359691403	0.291522464	-1.102971839	17.8794875	0.535327973956955	0.444069942148904
PPP3R1	0.293968719	0.359731275	0.291711705	1.102518446	17.1576376	0.535046144361563	0.444021803022547
PPP4R3B	0.317840125	0.359731275	0.291784457	1.102344201	17.08012309	0.534937846160585	0.444021803022547
NPTN	-0.190258572	0.359731275	0.291855558	-1.102173944	21.70763617	0.534832031715663	0.444021803022547
CGN	-0.550539191	0.36053159	0.292605348	-1.106437606	24.48275265	0.533717740460661	0.443056676127309
CYFIP1	-0.148453626	0.36059196	0.292754844	-1.100023226	23.84022768	0.533495910243419	0.442983960826487
MAFF	-0.489421943	0.360744314	0.292979078	-1.099498212	20.09008683	0.53316339204717	0.442800505467691
PTPN6	0.261110865	0.361019752	0.293303394	1.098713779	18.83875017	0.532682911492877	0.442469036460163
ETV2	0.455682551	0.361120632	0.293485998	1.098278293	19.64339491	0.53241261379079	0.44234769820353
DDT	-0.361941668	0.36191689	0.294233994	-1.09649657	18.26498779	0.531307152975763	0.441391148688884
ARF4	-0.29487472	0.362458979	0.294775725	-1.095218701	23.82062639	0.530508283813758	0.440741137236475
VASN	0.175094658	0.363602126	0.295806746	1.092761413	26.16840104	0.52899192595384	0.43937358610087
CCT6B	-0.216834847	0.363641316	0.295939978	-1.092445688	18.33056874	0.528796362814937	0.439326779213989
SHMT1	-0.16165584	0.365096443	0.29722595	-1.089403769	22.74757308	0.52691327617049	0.437592398200635
FMR1	-0.39093137	0.365669158	0.297794114	-1.08806296	20.90824026	0.526083890474316	0.436911668251697
STON2	-0.41248151	0.365850416	0.298043692	-1.087474589	20.09185565	0.525720065441893	0.436696446804152
NUMA1	-0.217235665	0.366099018	0.298348252	-1.086757104	25.75506336	0.52527650231118	0.436401436039947
ADAMTS8	0.881463454	0.366127766	0.2985479	1.091501596	19.0581139	0.524985979319313	0.436367334316151
KTN1	0.192869854	0.366127766	0.298575765	1.086221488	26.72129223	0.524945446289201	0.436367334316151
ITCH	0.219636684	0.366152882	0.298698296	1.08593315	21.56193202	0.524767254931553	0.436337543169159
TOM1L1	-0.200097614	0.366529133	0.299107386	-1.084971127	17.7909522	0.52417286259744	0.435891500427209
TMED9	0.496540629	0.3673141	0.299850334	1.083236696	18.51138269	0.52309546307007	0.434962400174549
RPL10A	-0.140643827	0.370009205	0.302153559	-1.077838645	26.15931348	0.519772285926668	0.431787471524954
LANCL1	-0.350027745	0.370597845	0.302737537	-1.07647746	20.4499814	0.518933726710224	0.431097110401173
PACC1	-0.291155453	0.371034632	0.303197754	-1.075406137	19.02136732	0.518274020154163	0.430585551882142
EGFR	0.129196074	0.372408223	0.304424002	1.072557527	23.95729967	0.516521109045973	0.428980738098597
CNPY3	0.314265435	0.372433033	0.304548083	1.072269764	20.24154123	0.516344129852076	0.428951806172463
XRCC4	-0.347770133	0.373624999	0.305626915	-1.069771462	21.07887363	0.514808402317328	0.427564073115044
RCN1	-0.261102349	0.374145287	0.30615679	-1.069431774	26.01768395	0.514056104260808	0.426959721088507
PGM3	-0.126268237	0.374292288	0.306381396	-1.068028193	25.5356357	0.513737609339174	0.426789121091693
HYOU1	0.095758934	0.374305835	0.306496807	1.067761813	28.25583811	0.513574045483262	0.426773402678392
AFF2	-0.231081381	0.374696274	0.306920945	-1.066783503	16.60867383	0.512973473290106	0.42632062553253
ANKFY1	-0.255607967	0.375882651	0.30799749	-1.064304885	16.55830532	0.511452822731995	0.424947718842837
RANBP3	-0.141237419	0.376433571	0.308554055	-1.063025996	24.16176786	0.510668741738487	0.424311652381042
SLC1A5	-0.164651116	0.376433571	0.308658742	-1.062785635	25.61596599	0.510521418199235	0.424311652381042
WIPI1	-0.4611118	0.377645315	0.30975757	-1.060266396	19.57910983	0.508978071331058	0.422915898712792
KRT1	0.361228858	0.378010212	0.310267579	1.064141645	29.2574306	0.508263603072042	0.422496467476684
SNRPF	-0.244922587	0.378010212	0.310201876	-1.059249645	20.36113084	0.508355580042774	0.422496467476684
FRAS1	-0.107838816	0.37843576	0.310722338	-1.058059994	26.96289136	0.507627523953221	0.422007832003637
GDPD5	0.293780474	0.381602692	0.313428967	1.051897077	18.07442471	0.503860868662227	0.41838857024514
SEC23IP	0.160055247	0.381962612	0.313831043	1.050984937	24.42217014	0.503304099828767	0.417979145456757
CASP3	-0.338939778	0.383779245	0.3154306	-1.047364781	21.18405289	0.501096177949028	0.415918515858241
LTA4H	-0.111918244	0.383981317	0.315703703	-1.046748049	26.50883741	0.500720324084866	0.415689906156422
NCDN	-0.220636748	0.387375191	0.318602059	-1.040227061	20.91292195	0.496751421851118	0.411868196618487
PRKCSH	-0.146460683	0.387965662	0.319195829	-1.038896559	28.33487363	0.495942792302885	0.411206711168293
SUMO1	-0.222987482	0.388226978	0.319519026	-1.038173117	20.41471979	0.495503276345024	0.410914288655447
CARMIL1	0.48500629	0.388926108	0.320202821	1.036653589	18.52224998	0.494574846247648	0.410132902366155
SKIV2L	0.688795302	0.388928165	0.320421309	1.040182393	16.9642154	0.494278609712064	0.410130605422421
PM20D1	-0.150516138	0.388928165	0.320363304	-1.036285832	16.25206486	0.494357235980488	0.410130605422421
IGFBP2	0.15904063	0.389518497	0.321111429	1.034616547	25.52420821	0.49334423674648	0.409471914231996
UBXN7	-0.247395378	0.389518497	0.321124781	-1.034586781	18.7235279	0.49332617890473	0.409471914231996
NIN	0.469175562	0.390423523	0.321979711	1.032691975	20.21443954	0.492171493764899	0.408464023993723
FBXO17	-0.209750351	0.391215908	0.322742221	-1.030987681	20.75303043	0.491144216660267	0.407583493822701
PSMA3	0.149015374	0.391309195	0.32292824	1.030574605	26.07801399	0.490893974369985	0.40747994690933
APP	-0.137018469	0.391334536	0.323058221	-1.030286073	31.58683956	0.490719202806733	0.407451823112936
BLMH	0.187932777	0.392000592	0.323717323	1.028824307	22.2508465	0.489834059689146	0.406713277106739
DDAH1	-0.16745396	0.392275907	0.32405401	-1.028078441	23.32145352	0.489382600009018	0.406408364769447
SAFB2	-0.210819325	0.392378451	0.324248079	-1.027648775	22.13608882	0.489122588203546	0.406294851620245
CSNK2B	-0.376108313	0.394873364	0.326419843	-1.022853367	19.97658075	0.486223448436973	0.403542160408717
NLGN1	-0.214398793	0.39682867	0.328146785	-1.019056819	19.35447631	0.483931846362411	0.401396958561713
NKTR	-0.544277956	0.398685614	0.329793451	-1.016249049	19.23630666	0.481757972775192	0.399369434949936
VTA1	0.202543391	0.400117906	0.331172804	1.012439437	19.39991213	0.47994533480286	0.397812012722516
PSME2	-0.235477126	0.400117906	0.331201277	-1.012377381	24.31188292	0.479907997391432	0.397812012722516
SCAI	-0.257638638	0.40092526	0.331998968	-1.010640431	18.59512615	0.47886326627368	0.396936580484279
COL21A1	0.293491149	0.40092526	0.332093052	1.010435766	20.3856799	0.478740210549238	0.396936580484279
MPRIP	-0.153074736	0.401691518	0.332839711	-1.008813026	22.02062805	0.47776486375359	0.396107338606111
KRT18	-0.150894011	0.402252885	0.333416968	-1.00756027	29.41427467	0.477012302164719	0.39550083241206
CPZ	0.251342741	0.402403361	0.333653846	1.007046657	20.44210296	0.476703864708158	0.395338400572263
MOGS	0.309947282	0.40314889	0.334384364	1.005464371	17.03694224	0.475754038611261	0.394534531616925
SFTPD	0.892613712	0.405748309	0.336725277	1.005406421	20.32356453	0.472724281148062	0.391743281467225
MGAT3	0.136965844	0.405748309	0.336766573	1.000321948	22.08885378	0.472671022523041	0.391743281467225
EPM2AIP1	-0.302189681	0.406346233	0.337376095	-0.999010431	18.29559305	0.471885692871334	0.391103761984478
SLC9A3R1	-0.247972464	0.407335792	0.338311221	-0.99700164	23.25293916	0.470683597430571	0.390047427416702
ADD2	0.21686645	0.408209363	0.339150533	0.995202092	18.02644099	0.469607496072711	0.389117038197607
HEATR5A	0.928098675	0.408848637	0.339795606	0.998751886	17.36614668	0.468782241424277	0.388437445739601
IRX6	0.239223247	0.408973748	0.34001357	0.993355034	21.62253495	0.468503749844465	0.388304568434343
AGTRAP	-0.186437164	0.409083784	0.340219067	-0.992915732	22.85680853	0.468241350744486	0.38818773550749
NMNAT1	-0.816367401	0.410418255	0.341443281	-0.994710797	18.70845296	0.466681429008937	0.386773330475556
EHD1	0.226060369	0.411201408	0.342209422	0.988670733	21.00407163	0.465708037266348	0.385945406936945
FKBP10	0.221326505	0.412495186	0.343401093	0.986137675	21.08933108	0.464198326871336	0.384581115491839
ASPHD2	0.517384928	0.412656469	0.34365037	0.989994804	22.89640683	0.463883184160358	0.38441134229344
DMD	-0.33581455	0.416238285	0.346749229	-0.979054459	19.27671271	0.459984495911254	0.380657976504127
USP34	0.478171816	0.416767952	0.347306626	0.978621499	16.8047851	0.459286931034798	0.380105684153531
CARMIL2	0.463662354	0.417132664	0.347726811	0.97700386	18.54241655	0.458761822343919	0.37972580094888
DENND4C	-0.577062083	0.417538034	0.348181103	-0.978929942	17.4627304	0.458194803251795	0.379303958015152
CASP14	0.520452056	0.418617091	0.34919759	0.974641413	18.66736174	0.456928762255452	0.378183044570033
NHP2	-0.211392613	0.419355817	0.34993069	-0.972369217	20.0106561	0.456017966882177	0.377417328386406
NELFB	0.241776834	0.419991449	0.350578147	0.971014045	21.29007892	0.455215158787296	0.376759551720955
ATP2A2	0.168807359	0.421107163	0.351626829	0.968822871	17.07445655	0.453917995822003	0.375607371201639
WASHC4	-0.889556624	0.422652796	0.353035237	-0.970549903	19.42843305	0.452181944836218	0.374016253664895
CYP20A1	-0.256080298	0.423750928	0.354070591	-0.963734787	17.5321004	0.450910144116867	0.372889337697799
CYBRD1	-0.189477906	0.425084246	0.355303136	-0.961178035	17.38877554	0.449400959295122	0.37152499007416
TELO2	-1.023094342	0.425331152	0.355628054	-0.965117163	17.64635072	0.449003986687138	0.371272807631053
MYH9	-0.245543124	0.42712525	0.357247178	-0.959547803	28.71988644	0.447031193142642	0.369444753996895
FNBP1L	-0.40911789	0.428607435	0.358606333	-0.954356954	18.21220238	0.445382045050836	0.36794029957635
TGS1	-0.151880343	0.428909537	0.358978634	-0.953590954	22.13455424	0.444931399366073	0.367634296916848
STUB1	-0.253811861	0.430267592	0.360235186	-0.951009785	18.7543009	0.443413869697148	0.366261363993229
PI4KA	-0.224698452	0.430652952	0.360677848	-0.950102001	16.48969657	0.442880530226109	0.365872571475987
WBP11	-0.26784678	0.431905137	0.361846946	-0.947708275	19.10754756	0.44147508848202	0.364611630503356
UBLCP1	0.334925424	0.433330441	0.363161827	0.94503033	21.71673918	0.439899807712971	0.36318080117113
CCDC138	0.40055551	0.433789422	0.363667386	0.94399178	19.66225631	0.439295645096889	0.362721042508643
PSEN1	0.562130043	0.434169289	0.364106853	0.944957764	19.46741458	0.438771146959833	0.362340899650694
ITGB8	-0.233294442	0.434904774	0.364844864	-0.941594904	21.23403152	0.437891763025563	0.361605825007745
PFDN6	0.172180891	0.434997504	0.365043892	0.941190302	22.04834355	0.437654913879509	0.361513235004298
INTS9	-0.302994842	0.43696036	0.366812878	-0.937600946	17.64042346	0.435555425602451	0.35955795940054
LRIG1	-0.283546577	0.437259986	0.367250361	-0.936722774	22.49194313	0.435037768634422	0.359260263461238
CALR	0.0984741	0.437259986	0.36734957	0.936514382	30.53335989	0.434920464181484	0.359260263461238
HSP90B1	-0.121854513	0.437259986	0.367430005	-0.936351632	30.16481044	0.434825381307708	0.359260263461238
TBC1D22A	-0.472165959	0.437264277	0.36755548	-0.9363767	19.31377018	0.434677097833386	0.359256001583779
RTN4R	0.238196922	0.439244977	0.369342836	0.932488629	21.53448001	0.432570320403228	0.357293196192726
ATRNL1	-0.201626337	0.440430575	0.370462507	-0.930233937	17.97287108	0.431255738634587	0.356122539625649
S100A6	-0.211457672	0.442457223	0.372290512	-0.927231279	27.2147381	0.429118031841106	0.354128710758427
PARVA	0.728345227	0.442803379	0.372705185	0.929530191	18.20924096	0.428634565386152	0.353789073711438
CHST12	-0.210155875	0.443322497	0.373265681	-0.924610005	18.82291293	0.427981938381986	0.353280229280293
ACTR2	-0.252236611	0.44335979	0.373420648	-0.924299961	22.8705118	0.4278016717524	0.353243697267958
EIF3E	-0.156367414	0.443556269	0.373709755	-0.923721783	23.3945113	0.427465565550478	0.353051278276239
RNF213	0.268297305	0.444308701	0.374467534	0.922207799	16.58709042	0.426585829275201	0.352315181786619
HSPA13	0.111420449	0.444756847	0.375087704	0.920970334	27.55175729	0.425867172512772	0.351877357259938
ANP32A	-0.125637126	0.444756847	0.375093149	-0.920959476	29.41323107	0.42586086807713	0.351877357259938
VPS29	-0.312398135	0.444843618	0.37529031	-0.920566371	19.67384898	0.425632648930532	0.351792635706631
PCSK5	0.172716195	0.448501824	0.378501539	0.91418388	23.26275281	0.421932350304334	0.348235786395755
HRH1	0.22079268	0.44864386	0.378746447	0.91369866	16.24270594	0.42165143256365	0.348098271491215
RAD50	-0.127480684	0.449382854	0.379495554	-0.912215852	24.33125115	0.420793307738401	0.347383501910753
GRWD1	-0.511701228	0.449500113	0.379719856	-0.914908576	21.49005855	0.42053669249474	0.347270194753288
GRIK1	0.17080963	0.449760113	0.380064845	0.911090337	20.62685257	0.420142299638141	0.347019062622284
GNB4	0.139096383	0.44980214	0.380225722	0.910772486	23.48932894	0.419958506763573	0.346978482675441
EFCC1	-0.169687223	0.450786483	0.381183442	-0.908882215	21.29165511	0.418865972682748	0.346029114911919
NIT2	-0.192264371	0.450862131	0.381373068	-0.908508336	19.98985837	0.418649979438856	0.345956240604714
CALCOCO2	-0.366954746	0.45136899	0.381927607	-0.907415709	19.00325488	0.418018948239857	0.345468281178715
DDRGK1	-0.171757608	0.452714744	0.383192496	-0.904927556	16.6776343	0.41658300423259	0.344175361184956
CERT1	-0.398425349	0.453233803	0.383758164	-0.903823794	20.439706	0.415942372316227	0.343677707129667
PCDHAC2	1.206353427	0.453372213	0.384407015	0.906637634	18.05855359	0.415208695540454	0.343545101127399
DCAF7	1.022468524	0.453372213	0.384421241	0.906609504	18.17245291	0.415192623619964	0.343545101127399
USP33	-0.652668471	0.453372213	0.384070733	-0.906284152	19.52337271	0.415588785729572	0.343545101127399
GTF2A1	-0.220627792	0.453372213	0.384327025	-0.902700658	20.14516104	0.415299075864272	0.343545101127399
LIF	-0.208732148	0.453372213	0.384507147	-0.902347523	23.41049117	0.415095583368883	0.343545101127399
ADAM9	0.560196969	0.455164464	0.386383081	0.902737289	23.33869627	0.412981898791769	0.341831651909879
GPC6	0.366841812	0.455164464	0.386182116	0.89906916	18.95042016	0.413207842162926	0.341831651909879
EPHA2	0.086928256	0.455164464	0.386407736	0.89862831	25.60513174	0.41295418746234	0.341831651909879
TMEM167A	-0.243223825	0.45725854	0.388433405	-0.894678168	17.67765266	0.410683428137544	0.339838174664578
TSPAN9	0.116863121	0.45725854	0.388440365	0.89466462	23.13832466	0.410675646462552	0.339838174664578
CTNND1	-0.207271044	0.458281969	0.389437493	-0.892725399	21.18006362	0.409562239207451	0.338867229636843
PCNA	-0.125320944	0.46140898	0.392267731	-0.887239617	23.87803475	0.406417416634792	0.33591395743847
NUP98	-0.317843226	0.46140898	0.392463323	-0.886861508	17.43246752	0.406200923283011	0.33591395743847
TRMT6	0.186014291	0.46140898	0.392480548	0.886828214	19.67313901	0.406181862754664	0.33591395743847
ARIH2	-0.219703189	0.461411928	0.392687467	-0.886428361	20.40077033	0.405952959436483	0.335911182685272
TRA2A	-0.255512981	0.461411928	0.392740253	-0.88632638	22.03296619	0.405894584444177	0.335911182685272
GOLT1B	-0.184314913	0.462880522	0.394119285	-0.883665433	18.29265458	0.404372313766295	0.334531093932889
CNOT9	-0.89603197	0.463465562	0.394746588	-0.886381635	17.48440583	0.403681615136454	0.333982530751455
CLSTN2	-0.106158677	0.46405371	0.395475634	-0.881054448	27.75714746	0.402880269044506	0.333431750896224
DIP2B	-0.127943653	0.46405371	0.3955062	-0.880995677	24.23051921	0.402846704063441	0.333431750896224
LRP6	0.108344519	0.464386869	0.395919574	0.880201184	23.75109326	0.402393026487133	0.333120068867715
EIF1	-0.161560624	0.464979182	0.396554152	-0.878982643	19.97182427	0.401697498613842	0.332566490862553
CLU	0.093615462	0.465055204	0.396748601	0.878609519	30.96758875	0.401484595963288	0.332495491476565
PGK1	-0.077463445	0.465288496	0.397077306	-0.877979058	28.9533051	0.401124933285176	0.332277685024185
POLR1A	-0.578898877	0.466111389	0.397909471	-0.879296317	17.08776226	0.40021572369833	0.331510285354421
GPRIN1	-0.36258635	0.466240119	0.39814931	-0.875925405	18.13688416	0.399954032577315	0.33139035906368
WDR4	-0.149070359	0.466442493	0.398452129	-0.87534597	18.8756047	0.399623848320517	0.331201892136712
LIPA	-0.126029685	0.467386876	0.39938912	-0.873554964	23.68158995	0.398603770182198	0.33032348655398
CASC3	-0.249080717	0.467978144	0.400025231	-0.872340696	19.31789765	0.397912615325798	0.329774429322979
PGP	-0.198157385	0.467978144	0.400195343	-0.872016192	21.6484722	0.397727969475844	0.329774429322979
NT5DC1	-0.161135743	0.467978144	0.400285653	-0.871843956	21.53219562	0.39762997555713	0.329774429322979
GALT	-0.759963036	0.468819367	0.401135858	-0.874047722	18.33801086	0.396708514195192	0.328994455847689
FAM234A	0.146445327	0.46887583	0.401314848	0.869882968	21.33709283	0.396514771775816	0.328942154056148
CBX1	-0.205731924	0.469545214	0.402018645	-0.868550552	24.74916323	0.395753804545283	0.328322581789225
CLDND1	-0.182150982	0.470094112	0.402619622	-0.867401789	21.55392048	0.39510506323111	0.327815188381889
ARFGAP1	-0.406571783	0.471803497	0.404258126	-0.864300227	18.9278204	0.393341241572481	0.326238844454716
MAT2A	0.187999219	0.471803497	0.404346643	0.864126007	24.75796506	0.393246158173812	0.326238844454716
MAP2K2	-0.578079616	0.4726841	0.40523308	-0.866209313	22.17767521	0.392295109523347	0.325429006113417
EHBP1L1	-0.375267596	0.47477362	0.407156753	-0.858815954	19.51573266	0.39023835771183	0.323513419891651
HMGCS1	-0.140026097	0.475586326	0.407986263	-0.85725321	23.52050914	0.38935445946829	0.322770640655778
POMK	-0.166654393	0.478797386	0.410874345	-0.851828835	20.69743988	0.386290975245244	0.319848229295023
MUC4	-0.267215852	0.479037861	0.411214217	-0.851192173	16.90482585	0.385931878794118	0.319630160544563
STC2	0.911799608	0.481939707	0.413839531	0.849918756	20.81329196	0.383168026780076	0.317007290713556
BAZ1B	0.317327395	0.483117309	0.414985381	0.844151377	16.69703243	0.381967202234556	0.315947402446158
PLXND1	-0.267875616	0.483453745	0.415409113	-0.843362937	19.2024747	0.381523980400337	0.315645071223617
GATD3B	-0.294806122	0.484455143	0.416404588	-0.841512762	20.32412074	0.380484494021958	0.314746429241601
ATP6AP1	0.25967266	0.484864729	0.416891775	0.840608356	17.9451224	0.379976673133119	0.314379407053385
IGHA1	-1.16976238	0.485532462	0.41760122	-0.842870647	19.05235675	0.379238241235454	0.313781728482706
FNTA	0.284185763	0.485702063	0.417882461	0.838771429	20.48367482	0.378945856304962	0.313630051874682
MAD1L1	0.201591712	0.486150485	0.418403762	0.837805997	19.64403949	0.37840441924476	0.313229276645177
ATG5	-0.40553565	0.487179319	0.419425004	-0.836660506	16.10775782	0.377345682655757	0.312311155996723
CPE	-0.133311751	0.487892579	0.420175047	-0.834531586	26.37048218	0.376569742677302	0.311675787593536
CACTIN	-0.369638761	0.488082043	0.420474246	-0.833985528	16.96517458	0.37626059953935	0.311507170154315
LPIN2	-0.148759076	0.488316011	0.420811902	-0.833356528	16.54802073	0.375911985347129	0.311299035750789
RPAP1	-0.55039289	0.488644932	0.421231543	-0.834829843	18.95154041	0.375479115079329	0.311006601172512
ERH	-0.183448546	0.48883236	0.421632262	-0.831844621	20.71686076	0.375066165650077	0.31084005214305
UCKL1	0.175717633	0.48883236	0.421665595	0.83178323	17.55498082	0.375031832969512	0.31084005214305
PROCR	-0.135870737	0.490268364	0.42304093	-0.829253005	24.28982149	0.373617611789965	0.309566129971251
PELP1	-0.196052299	0.490485131	0.423501375	-0.828949957	26.7838935	0.373145175288544	0.309374153671454
CTSH	0.106626228	0.490485131	0.423448261	0.828504674	22.97696232	0.373199646336554	0.309374153671454
NECTIN2	0.160323234	0.494057821	0.426723854	0.822504093	23.22198152	0.369853079261588	0.306222221376445
LRP11	-0.409839825	0.494839106	0.427536574	-0.821111878	19.2618894	0.369026727235315	0.305535986389507
DTX3L	-0.178015058	0.494882569	0.427712053	-0.820699759	16.4346503	0.368848511076754	0.305497842855712
NELL2	0.108574686	0.495101796	0.428039512	0.820102462	23.45659713	0.368516139744915	0.30530549824643
NUP210	-0.320829167	0.496234819	0.42915737	-0.818065707	20.54232712	0.367383424854429	0.304312766123795
PWP1	-0.161207056	0.496685061	0.429685181	-0.817105235	22.83957658	0.366849624023579	0.303918902261338
SEMA4F	-0.168167619	0.499017889	0.431842404	-0.813187693	17.92343522	0.36467471513049	0.301883885329054
WTAP	-0.329192346	0.501322962	0.433976901	-0.809323992	18.70265367	0.362533385775991	0.299882403024068
STX4	0.187062465	0.50153707	0.434302028	0.80873656	18.11953988	0.362208142668273	0.299696961543947
PPP4C	-0.207045299	0.502176707	0.434995876	-0.80748389	20.6496198	0.361514860376244	0.299143435501978
PRSS22	-0.161534152	0.503121069	0.435954126	-0.805756009	20.98791855	0.360559207688369	0.298327495516931
GBP2	-0.23812748	0.503622065	0.436528602	-0.80472132	20.79500062	0.359987295408999	0.297895250570096
EFNB2	-0.090398259	0.504292915	0.437330001	-0.803279396	25.20218299	0.359190728870933	0.297317133363807
AMIGO2	-0.084459119	0.504292915	0.437391179	-0.80316939	25.52837093	0.359129979758039	0.297317133363807
CHMP3	-0.157841559	0.504895916	0.438128081	-0.801845147	20.01381948	0.358398910637126	0.296798142209718
CCNC	-0.337554436	0.504895916	0.43820341	-0.801709858	18.44806508	0.35832424718056	0.296798142209718
ZNF324B	0.240990965	0.504895916	0.438336337	0.801471163	18.70771559	0.35819252591353	0.296798142209718
RRN3P2	-0.217733589	0.505322404	0.438847439	-0.800553823	18.12443583	0.357686431730117	0.296431446432508
SRRM1	-0.1354321	0.506962531	0.440413102	-0.797748025	25.4930525	0.356139769533024	0.295024137671144
GSTK1	-0.503603666	0.507121384	0.44069244	-0.799700224	16.33345658	0.355864399670351	0.29488807598852
OLFML2A	-0.111508005	0.507275509	0.440967757	-0.796755585	25.33976354	0.355593164429909	0.294756104690106
EVA1A	0.129674363	0.507636458	0.441423007	0.795941614	21.86001917	0.355145035123721	0.294447194812886
RELN	0.980495109	0.509391212	0.443090851	0.79619561	17.25306601	0.353507217247187	0.292948551741521
EZR	0.152522698	0.509714557	0.443620702	0.792025412	30.43950448	0.352988195267288	0.292672963165272
PCDH9	0.205950863	0.509714557	0.443656232	0.791956512	20.5297323	0.352953413605872	0.292672963165272
ALAD	0.155434451	0.509759047	0.44383703	0.791634453	18.84037003	0.352776466741738	0.292635057796391
PAF1	-0.091614928	0.510223637	0.444383742	-0.790661093	24.89999116	0.352241838319932	0.292239425810738
ADPRS	-0.143502846	0.513416236	0.447307457	-0.785468778	22.75844326	0.34939386170448	0.289530401551379
CRKL	-0.20490741	0.515042961	0.448868266	-0.782705802	20.12607714	0.347881097178548	0.288156543877116
APLP1	0.266313781	0.515466959	0.449381452	0.783807153	24.38371247	0.347384856839647	0.287799167400567
DDAH2	-0.178576814	0.51578626	0.44980357	-0.781053056	21.10129038	0.346977101979205	0.287530231189281
PDIA3	0.090855539	0.516649206	0.450700116	0.779470859	29.29647665	0.346112330151447	0.286804233709347
TXNDC16	-0.090396532	0.524505397	0.457699665	-0.767186662	24.18939561	0.339419405441839	0.280250038690138
CPPED1	-0.63172875	0.525231421	0.458479602	-0.76886531	17.6391482	0.338679981555365	0.279649300939879
PCNP	0.231639781	0.529035937	0.461948047	0.759788744	19.89752956	0.335406864638549	0.276514825676175
RETREG2	-0.151064114	0.529048449	0.462202451	-0.759347102	19.60364922	0.335167755843165	0.276504554486788
LARP1	-0.275510998	0.529048449	0.462253871	-0.759257856	20.13485092	0.335119443290692	0.276504554486788
TWF1	-0.114040161	0.529585161	0.46287042	-0.758188246	23.42601597	0.33454057216868	0.276064192348764
ILF3	0.117547487	0.532348135	0.465433696	0.753750956	27.20642516	0.332142178296558	0.273804263078134
COPG2	-0.132956317	0.532477964	0.46569561	-0.75329842	25.74726685	0.331897856037124	0.27369836030467
FZD1	-0.165846582	0.532661883	0.466004919	-0.752764201	16.91622311	0.331609499011113	0.273548379984554
OXR1	-0.259560082	0.535067535	0.468258657	-0.748878373	18.41762104	0.32951418479613	0.271591398863314
CSNK1G1	0.367129558	0.535081496	0.468569136	0.748799449	16.76582537	0.329226321172973	0.271580067385012
SMOC2	0.253583958	0.535081496	0.468462981	0.748526661	19.72627703	0.32932472234853	0.271580067385012
RPL12	-0.126254105	0.536040135	0.469558011	-0.746643374	24.44636203	0.328310745675074	0.270802692104841
DYRK1B	-0.241680539	0.536572573	0.47017396	-0.745585237	19.38088722	0.327741427404766	0.270371530134405
TAF2	-0.658297921	0.53699659	0.470695171	-0.747587261	16.61288483	0.327260257225185	0.270028472119598
GSR	-0.100155601	0.537702136	0.471526892	-0.743264068	26.51919789	0.326493533649531	0.26945823830218
C1QL1	-0.157258179	0.537702136	0.471613328	-0.743115914	21.05147634	0.326413930050518	0.26945823830218
NCOR1	0.162640681	0.540260726	0.474008017	0.739018042	20.64240803	0.324214312947397	0.267396602146948
FAM3C	0.153061311	0.540301977	0.474194796	0.73869896	17.99253339	0.324043216449955	0.267363443346201
CARHSP1	-0.393605633	0.541324619	0.475394057	-0.737093981	19.14942213	0.322946251779565	0.2665422211027
USP25	0.178216489	0.541324619	0.47525304	0.736892588	17.81001932	0.323075096448837	0.2665422211027
SOD1	0.298676021	0.546594931	0.480174811	0.728957541	21.68060016	0.318600625892132	0.262334400175258
RAP2B	-0.206656025	0.547360672	0.481000055	-0.727125842	21.0040544	0.317854873966719	0.261726409971142
DCTN4	-0.426224792	0.547620597	0.481381094	-0.727492445	19.1958219	0.317510970423078	0.26152022563078
SERPINE1	-0.357866843	0.548814634	0.48258366	-0.724878256	20.59500221	0.316427387135008	0.260574316797088
MVP	-0.340730709	0.549721371	0.483630093	-0.722684952	18.16656135	0.315486683788869	0.259857379048532
TALDO1	0.096830793	0.549721371	0.483790087	0.722410204	25.63261131	0.315343034703585	0.259857379048532
TMEM138	-0.193159026	0.549721371	0.483840605	-0.722324974	17.32009951	0.315297687467624	0.259857379048532
VPS4B	-0.294840074	0.551459627	0.485524237	-0.719487578	19.32911381	0.313789085565186	0.258486277263566
PSAP	-0.133061164	0.552758306	0.486821697	-0.717305087	28.7056835	0.31263007407922	0.257464722792008
DHX57	-0.204420383	0.555197582	0.489124737	-0.713439796	16.47282946	0.310580372609238	0.255552433991141
MTA1	0.372531258	0.556236382	0.490194939	0.712064324	19.21616423	0.309631176918538	0.254740608450834
CTR9	-0.276910348	0.556869904	0.490908446	-0.710453715	20.73260395	0.308999495869901	0.254246252894796
REEP5	0.331325452	0.559169994	0.493091935	0.708980004	23.24915112	0.307072100721023	0.252456141607622
PSMB7	0.108649932	0.559183186	0.493259416	0.706528019	25.01286154	0.306924615598711	0.252445895805298
VAC14	-0.225124609	0.560422545	0.494508857	-0.70444628	20.6752323	0.305825925478776	0.251484401986996
NISCH	0.111182921	0.562372221	0.49638596	0.701324723	22.92958645	0.304180510776767	0.249976139916347
TEAD1	0.253543042	0.562565593	0.496713433	0.700780874	20.41324095	0.303894094889235	0.249826833186079
SCAF11	-0.439327826	0.563809557	0.498194981	-0.699979838	20.30997586	0.302600652020276	0.248867566780866
LSM1	-0.20227706	0.563809557	0.498244981	-0.698240226	17.87066165	0.302557067409177	0.248867566780866
TARS1	-0.078661764	0.563809557	0.498283195	-0.698176894	26.24225867	0.302523759511339	0.248867566780866
CHMP1B	0.145966731	0.56421026	0.498794577	0.697329658	22.14996003	0.302078276909169	0.248559020589604
PRKAR1A	-0.184562475	0.564648662	0.499339522	-0.69642739	20.17473747	0.301604058805224	0.248221696632966
TFRC	0.066648637	0.565473283	0.500226366	0.694960299	29.88859878	0.30083342114903	0.24758790942955
PFN1	0.10527557	0.565881102	0.500744843	0.69410331	23.3377245	0.300383514661797	0.247274809394168
FMOD	0.281829041	0.566302023	0.501275146	0.693227324	17.45641593	0.299923827847827	0.246951886941072
ZYG11B	-0.331308637	0.568111217	0.503034932	-0.690500865	17.85639335	0.298401855405143	0.245566635765672
EIF4G3	-0.118190453	0.570652694	0.505444331	-0.686359596	16.2177763	0.296326670084577	0.243628128127924
ISM2	0.258423295	0.571053603	0.505958586	0.685514824	19.87598101	0.29588502981583	0.243323123987964
PLS3	0.094935087	0.572677474	0.507556958	0.682892407	24.55963498	0.294515214188973	0.24208989932058
NFYC	0.212557767	0.57301783	0.508018316	0.682136378	21.73834791	0.29412062945952	0.241831864332543
GRIA4	-0.133221448	0.574226593	0.509250005	-0.680119989	23.05874162	0.293068958063739	0.24091669876789
SFN	-0.447869066	0.575160322	0.51023838	-0.680084164	19.35496588	0.292226876978071	0.240211081823401
HEPHL1	0.206661583	0.575572607	0.510966827	0.677314195	16.51159482	0.291607294226342	0.239899883449529
RAP1A	0.212411714	0.575572607	0.511035515	0.677202054	18.24009959	0.291548917022706	0.239899883449529
MAP1LC3A	-0.147729641	0.575572607	0.511085375	-0.677120656	18.25556412	0.291506546451677	0.239899883449529
RAD23B	-0.097572857	0.576645486	0.512198764	-0.675304269	24.7331655	0.2905614738735	0.239091103294204
SEMA5A	-0.101269984	0.576898386	0.512584184	-0.674676033	23.20351003	0.290234798283446	0.238900676074401
SCARB1	0.131257015	0.57743229	0.513219502	0.673641071	20.68657991	0.289696849081863	0.238498934039088
DNAJC21	-0.491849147	0.578659025	0.514471096	-0.673437248	19.49570343	0.28863901973599	0.237577269055881
SRFBP1	0.404943717	0.579298895	0.515201442	0.671868465	20.07785929	0.288022930097455	0.237097299907399
RPP25L	0.116285791	0.579445272	0.515493118	0.669943394	16.3780573	0.287777128313685	0.236987576423086
TSR1	-0.135675886	0.579755043	0.515930282	-0.669233512	17.00732675	0.28740898090835	0.236755464962426
PRTG	-0.147825246	0.580470869	0.516729085	-0.667937298	20.61653003	0.286737092742111	0.236219570499057
SPATS2L	-0.122966586	0.580762406	0.51715047	-0.66725399	18.6259704	0.286383076281479	0.236001504214261
P4HA2	0.138731545	0.587687744	0.523481056	0.657027255	19.84254453	0.281099030171442	0.230853366234166
TLN1	-0.068978405	0.587926005	0.523857145	-0.656421968	25.56789859	0.280787128277156	0.230677329778217
TCEAL4	-0.211940618	0.588867812	0.524860441	-0.654808465	19.96673826	0.279956158995692	0.229982183925925
AARSD1	-0.194356259	0.588867825	0.525024574	-0.654544676	16.80648593	0.279820368779124	0.229982174338327
ITGB5	-0.129077433	0.5932522	0.529098952	-0.648011641	20.79701307	0.276463098685422	0.226760642582029
CTSB	0.050255435	0.593291787	0.529299613	0.647690641	33.17614619	0.27629842354515	0.22673166360468
CYRIA	-0.266268671	0.593786342	0.530016955	-0.646543671	18.60112917	0.275710237295131	0.22636979606677
PLAT	0.157854803	0.593786342	0.53007181	0.646456	23.14082278	0.275665291579993	0.22636979606677
MCM2	-0.097506717	0.595030759	0.531348538	-0.644416937	21.62049128	0.274620510040333	0.225460583651799
EHD4	0.409906167	0.595578974	0.532004072	0.645081785	20.8341712	0.274085043568932	0.225060642748204
PSMA6	-0.071943875	0.59612865	0.532690974	-0.642275952	27.92265844	0.273524661907124	0.22466000543456
GSN	0.064333872	0.59612865	0.532827364	0.642058603	28.60523034	0.273413479541513	0.22466000543456
UGDH	-0.119149786	0.597272105	0.534015862	-0.640165972	22.87027259	0.272445842827696	0.223827768071394
ATP13A3	-0.139233597	0.597948508	0.534787281	-0.638938806	16.21521805	0.27181893023803	0.223336213426823
MRTO4	0.119419287	0.598374812	0.535335325	0.638067593	24.17082505	0.271374098020648	0.223026695958502
HNRNPH2	-0.178740777	0.599627577	0.53662323	-0.636022237	18.50396795	0.27033053098863	0.222118402068719
RFX1	-0.324069564	0.600524903	0.537593642	-0.634829029	20.09624122	0.269545876227751	0.221468978250696
CDC42	0.125680417	0.601586346	0.538711519	0.632711679	19.59709181	0.26864373805224	0.220702029338205
PAPLN	-0.179997273	0.603380126	0.540485988	-0.629904321	19.70943946	0.267215560569432	0.219408998620224
TNFRSF10A	0.127120771	0.603762472	0.540996753	0.629097213	16.32350073	0.266805341470907	0.219133884870108
MORF4L1	-0.148599946	0.607186753	0.54423428	-0.623991235	16.79376922	0.264214106536485	0.216677712016659
RABGAP1L	-0.145183527	0.60845904	0.545544239	-0.621930116	20.72025976	0.263170026057182	0.215768652110517
SDCBP	-0.083439234	0.612106054	0.54898475	-0.616529881	26.41661096	0.260439719453071	0.213173325114779
NPTX2	0.738719654	0.612212835	0.549289993	0.618177201	20.80402906	0.260198312911042	0.213097569689282
TXNL1	-0.108695058	0.612212835	0.549421775	-0.615845278	24.70116048	0.260094132365506	0.213097569689282
SLC39A6	0.109603833	0.612733802	0.550060083	0.614845907	21.50263149	0.259589869978124	0.21272816076948
MELK	-0.194808863	0.614202529	0.551549763	-0.612516083	17.10080179	0.25841529769102	0.211688399666829
RRP15	-0.281239583	0.614765118	0.552226303	-0.611462795	18.62583543	0.257882911395228	0.21129078250263
CNTN5	-0.207274458	0.615283918	0.55286381	-0.61046384	19.01470116	0.257381837682359	0.210924436147358
MNAT1	-0.185547544	0.617046742	0.554619773	-0.607725632	17.49364388	0.256004651253444	0.209681936414429
SDF2	0.168602172	0.6187396	0.55631381	0.60508852	22.68034377	0.254680158947628	0.208492087776469
YIPF3	0.170205296	0.619119728	0.556828138	0.604288738	18.04200101	0.254278826793027	0.208225357148404
SLC38A2	0.138846466	0.619123652	0.557004222	0.604015021	21.9935763	0.254141512933357	0.208222604585258
MAN2A1	0.065252556	0.619142913	0.55719411	0.603719899	25.69906323	0.253993483073664	0.208209093849762
SLC9A1	-0.151752312	0.619699749	0.557867945	-0.602673076	17.57536367	0.253468592361934	0.207818679754689
LRP4	-0.085345544	0.62010095	0.558401942	-0.601843989	23.9797885	0.25305308000091	0.20753760330965
C3	0.054280607	0.620488517	0.558923881	0.601034043	35.03828925	0.252647333996635	0.207266251312199
SEPTIN8	0.097777056	0.622391343	0.560811374	0.59810848	21.19556564	0.251183186882793	0.205936456689121
SLC2A12	0.193490505	0.624210043	0.562624102	0.59530386	18.68111609	0.249781667226992	0.204669248191682
DPP4	0.147662053	0.624467074	0.563029817	0.594676819	23.59852516	0.249468605120814	0.204490455539787
PCDHB11	0.292490271	0.624601952	0.563325507	0.594532629	17.359865	0.249240583757452	0.204396662850771
JMJD6	-0.161413212	0.62585399	0.564629143	-0.592207423	21.38561342	0.248236709757205	0.203526974670676
CTSA	-0.096670455	0.62716216	0.565984135	-0.590118253	23.26369684	0.247195742272014	0.202620152809191
POGLUT1	-0.141526561	0.62966317	0.568416669	-0.586374474	20.60925328	0.245333194733711	0.200891708529838
CMPK1	-0.134568223	0.63068169	0.569511894	-0.584691699	21.13877137	0.24449720144506	0.20018977729492
FAT3	-0.056380045	0.631029334	0.570001692	-0.583939705	24.95507227	0.244123855160539	0.199950451693708
APEX1	0.055839274	0.634600061	0.573488394	0.578596522	26.06691259	0.241475366730036	0.197499890489685
CMTM7	-0.130504513	0.634600061	0.573580824	-0.578455114	21.72445566	0.241405376465422	0.197499890489685
GALNT16	-0.371399125	0.639133213	0.577856227	-0.57313721	19.61497992	0.238180202388371	0.19440861345154
FLNA	-0.051929439	0.640780034	0.579523749	-0.569388515	31.33376318	0.23692876186033	0.193291028850653
B4GALNT3	0.289211233	0.641575865	0.580422313	0.568228405	19.07415052	0.236255900461542	0.192751981841209
MGAT2	-0.108423724	0.642600242	0.581528146	-0.566341716	21.42976582	0.23542926054573	0.192059115231365
TIMP2	-0.080082902	0.644308216	0.583253368	-0.563723712	25.64580212	0.234142744690932	0.190906330642303
COL4A5	-0.187893776	0.645822428	0.584804089	-0.561373988	20.27888818	0.232989599415572	0.189886876959756
ENPP4	0.111246265	0.646244177	0.585366103	0.560523205	20.87056213	0.232572430016815	0.189603357102119
OR2D3	-0.287408204	0.646683851	0.585944593	-0.560348858	20.8420165	0.232143448985358	0.189307984126576
CD58	-0.118984682	0.646742477	0.586177964	-0.559294956	23.66918513	0.231970511883738	0.1892686143569
MYL12B	-0.113496748	0.64742527	0.586977259	-0.558086589	23.5424566	0.231378724105242	0.18881035342375
KREMEN1	0.130184448	0.647835812	0.587530026	0.557251423	21.21484229	0.230969933664061	0.188535048107104
PZP	0.312369071	0.651206819	0.590768728	0.553806728	21.90704169	0.228582501878182	0.186281060455208
JPT1	0.395798331	0.651249184	0.590988668	0.553474214	17.33193333	0.228420846482961	0.186252807852909
SNRPB2	-0.197754397	0.651920737	0.591779777	-0.550844171	20.72767591	0.227839880147628	0.185805204231428
EPHB1	0.250105123	0.653530059	0.59342278	0.548590064	16.66798706	0.226635786232174	0.184734432325811
CSNK1A1	-0.548062027	0.653716064	0.593773872	-0.549626213	21.07862587	0.226378916702718	0.184610842828424
NCAPD3	-0.139093393	0.654846741	0.595051815	-0.545927234	17.11340577	0.225445215802859	0.18386032951375
SULF2	-0.062064066	0.654846741	0.595165892	-0.54575606	26.16642311	0.225361965467273	0.18386032951375
WDR89	-0.152746637	0.655639659	0.596069277	-0.544401122	20.53727629	0.224703262289335	0.183334784259676
BRCC3	0.125044332	0.65933962	0.599616828	0.539090516	16.66607578	0.222126187356466	0.180890826530858
PDK3	0.188759901	0.659780681	0.600201823	0.538216337	17.25161235	0.221702689821466	0.180600405156135
LUC7L	-0.352789256	0.660272215	0.601017016	-0.538101216	18.58535625	0.221113232073316	0.180276977944421
TSKU	0.158632436	0.660272215	0.60096249	0.537080295	21.06799053	0.221152634310739	0.180276977944421
CORO1A	0.126086062	0.66187923	0.602664282	0.53454135	20.8269846	0.21992454702549	0.179221247009572
IGFBP4	0.119860953	0.6623831	0.603307684	0.533582393	19.70012717	0.219461143277086	0.178890756643427
RAD21	0.184499107	0.662454995	0.603557798	0.533209752	19.01151779	0.21928113459638	0.178843620918805
ANKRD40	0.158144596	0.663391089	0.604595558	0.531664441	17.86926817	0.218535047934211	0.178230366437459
GMPR2	-0.07834453	0.664842857	0.606103954	-0.529420706	23.35016213	0.21745288280276	0.177280992896181
PCDH12	0.21270019	0.665320163	0.606724519	0.528498435	18.8785199	0.217008453957822	0.176969314751834
PSMC6	-0.127558526	0.665903349	0.607441935	-0.52743282	21.05070853	0.216495229687357	0.176588800922799
TSPAN3	-0.150270803	0.66863297	0.610190278	-0.523356407	22.14882029	0.214534716137382	0.174812212344051
FLNB	-0.04954338	0.66863297	0.61030462	-0.523187012	29.3380019	0.214453342425986	0.174812212344051
LMAN1	-0.11868806	0.669818463	0.611658013	-0.521183194	23.31322465	0.213491330436078	0.17404288565774
TNIK	-0.141852355	0.669818463	0.61192973	-0.520781161	19.29385753	0.213298446523414	0.17404288565774
COL6A1	0.047950547	0.669818463	0.61209696	0.520533771	28.5152207	0.213179777433509	0.17404288565774
VMP1	-0.205122772	0.669818463	0.612133428	-0.520482701	15.94938419	0.213153903461868	0.17404288565774
CSTA	-0.510554076	0.670080964	0.612746834	-0.52122135	18.1166932	0.2127189240251	0.173872719546828
STXBP2	-0.253851472	0.670080964	0.612691393	-0.519657543	19.23179914	0.212758220531211	0.173872719546828
SEPHS1	0.180041199	0.672040747	0.614726235	0.516648601	19.03464353	0.211318251865963	0.172604394117651
RBPJ	0.100568214	0.672124451	0.614990126	0.516259118	18.59726012	0.211131857002045	0.172550305252065
KIAA1549	-0.091996137	0.673417421	0.616360873	-0.514237328	20.09002023	0.210164938382454	0.171715652803431
TTF1	-0.339453227	0.674092735	0.617166843	-0.51408194	19.03565799	0.209597414250081	0.171280353422569
FLRT2	-0.083964041	0.675236554	0.618402262	-0.511230489	22.58895893	0.208728930518707	0.170544055169752
PBDC1	-0.144391829	0.675406464	0.618885076	-0.510522847	23.05387098	0.208389989902104	0.170434787250952
DNAH2	-0.105842358	0.675406464	0.618934352	-0.51044756	21.17560624	0.208355412492156	0.170434787250952
TPBG	-0.079558529	0.678557253	0.622010815	-0.505927254	21.13168261	0.206202064096981	0.168413503033028
MYO10	0.199857896	0.679078622	0.622678	0.504948394	17.73445648	0.205736478179974	0.168079941295252
ARF3	-0.363511831	0.681068899	0.624692795	-0.50356549	21.68185882	0.204333503033948	0.166808951314918
B4GALNT4	0.13465478	0.681188611	0.624992449	0.501556718	17.96558166	0.204125229659834	0.166732621750544
NES	-0.208473552	0.682887228	0.62674126	-0.499240181	21.31893755	0.202911713628601	0.165651009790005
FOXP3	0.111260624	0.684134991	0.628077107	0.497045835	19.54247644	0.201987036057425	0.164858196434697
NUDT12	-0.171734066	0.685479653	0.629502636	-0.494964825	16.26122101	0.201002446973343	0.164005431787626
SLC16A1	-0.093077272	0.687238508	0.631309399	-0.492330545	24.06254709	0.199757744803093	0.162892513694628
KHSRP	-0.157945109	0.689321061	0.633414587	-0.489265723	17.22553504	0.198311939415857	0.161578452194408
DOP1B	-0.163993312	0.690410794	0.63460836	-0.487529945	18.34209995	0.197494211028619	0.160892427405835
ENSA	-0.21458649	0.694180438	0.638266796	-0.482222735	17.73407809	0.194997747907745	0.158527628907704
RALB	-0.179869983	0.695119824	0.639324253	-0.480688074	21.05718096	0.194278820133191	0.157940325745804
CACNA1A	-0.143541733	0.696640549	0.640917072	-0.4783826	22.30441048	0.19319816003296	0.156991250385358
NELFA	0.09216005	0.697300763	0.641718818	0.477223161	16.83600401	0.192655225110038	0.156579859581388
AXL	0.163165286	0.698430566	0.642953221	0.475439369	20.55393516	0.191820623655259	0.155876762494562
GTF2H4	-0.097276107	0.699757396	0.644548556	-0.473136388	16.03535438	0.190744360221294	0.155052502615264
MAN1B1	-0.076866234	0.699757396	0.644564714	-0.473113076	23.48075561	0.190733473155895	0.155052502615264
DBN1	-0.081669206	0.69984398	0.64483952	-0.472716648	24.13705206	0.190548353969756	0.154998768810605
MAP7	0.165887412	0.700641975	0.64577007	0.471374845	19.68343594	0.189922087431373	0.154503847942095
CD2BP2	-0.134746404	0.700664977	0.64598655	-0.471062822	19.96425236	0.189776524298401	0.154489590335423
PPP4R2	0.101055376	0.701350607	0.646814147	0.469870417	23.58230017	0.189220489852765	0.154064822803932
PSMA2	0.056069865	0.701528306	0.647173548	0.469352811	26.09019136	0.188979242002098	0.153954800912751
PXN	0.530522499	0.701753333	0.647576724	0.470199989	18.35156581	0.188708769585167	0.153815515993031
SUSD5	0.07729207	0.703512175	0.649395853	0.466155231	23.19815881	0.187490489077691	0.152728382252599
RSF1	-0.059050445	0.705204841	0.65115486	-0.463627864	26.41853852	0.186315713666157	0.151684715073268
LFNG	0.466140593	0.705215347	0.651361109	0.464736852	18.48243775	0.186178175539211	0.151678245089548
PPIA	0.081176193	0.707309992	0.653492928	0.460273358	25.23750511	0.184759107926122	0.150390206699383
HSPB11	0.243230229	0.707637959	0.653993164	0.459772566	18.5664766	0.184426791205694	0.150188878783686
KNTC1	-0.276371143	0.707724124	0.654270044	-0.459801387	19.49418908	0.184242963582614	0.15013600046438
XPO5	-0.068893215	0.709065011	0.655707276	-0.457101431	21.42955592	0.183289997194979	0.149313944472501
ARSB	0.077316473	0.709613674	0.656412426	0.456092372	22.23365956	0.182823206271971	0.148978024397401
HMGB3	-0.078009596	0.710657673	0.657576219	-0.454428083	25.57811457	0.182053901282825	0.148339550506573
MAP4K4	0.128748988	0.710672719	0.657788211	0.454125068	21.99245736	0.181913914288339	0.148330355748181
HAT1	-0.13606602	0.712634311	0.659802447	-0.451248176	18.67491694	0.180586078125888	0.147133271629623
F10	0.106142827	0.712957095	0.660300008	0.450538134	17.54658697	0.180258697465206	0.146936604741969
HID1	-0.069629034	0.713634262	0.661126055	-0.449359859	23.38177744	0.179715726941667	0.146524307398274
HTRA1	-0.048979504	0.715017841	0.662607113	-0.447248937	24.58426655	0.178743906335029	0.145683121623836
CAP2	0.101790042	0.715925825	0.663648075	0.445766546	18.0656324	0.178062160997636	0.145131971354053
AHNAK2	-0.086874785	0.716144026	0.664153912	-0.44504658	21.1689905	0.177731264929366	0.144999626565266
GRN	-0.041402108	0.716144026	0.664544915	-0.444490229	26.69686631	0.177475660804851	0.144999626565266
PRG4	0.14688572	0.716144026	0.66460173	0.444409401	16.37713711	0.177438532560053	0.144999626565266
MDN1	0.145596922	0.716144026	0.664648719	0.444342552	21.09329472	0.177407827942373	0.144999626565266
CAPN1	-0.050301549	0.719961583	0.668392428	-0.439023439	28.09482001	0.174968478731435	0.142690676813507
PLSCR3	-0.108475469	0.720849119	0.669417298	-0.437569602	19.42853167	0.174303069497087	0.142155627989246
PTPRD	0.138495518	0.721606872	0.670322103	0.436286903	20.93674254	0.173716460074167	0.141699339577161
WDR77	0.073418237	0.724022472	0.672767816	0.432823548	23.13490548	0.172134792578642	0.14024795408719
ARRDC1	0.09698727	0.725150778	0.674018351	0.431054814	24.4383242	0.171328279088503	0.139571682745977
STOM	0.30627337	0.726968	0.675910046	0.429333296	18.7299118	0.17011109862243	0.138484705687438
IAH1	0.088785128	0.728667338	0.677693118	0.425865578	17.30248461	0.168966924614955	0.137470696983067
PEBP1	-0.171447813	0.72907836	0.678278585	-0.425039956	16.80277087	0.168591894512668	0.137225792002019
LACTB2	0.159749347	0.729930332	0.679274631	0.423636049	17.8619591	0.16795460478576	0.136718589019034
DERA	0.190509683	0.733279943	0.682596157	0.418962974	19.85885552	0.165836161118019	0.134730193858271
KIF3B	-0.36293489	0.737086981	0.686345486	-0.41490391	19.05889007	0.16345721826771	0.132481259577347
HERC2	0.150322794	0.737164904	0.686623497	0.413305222	17.33050608	0.163281338628252	0.132435349472989
G3BP1	-0.077401183	0.744288403	0.693466034	-0.403728359	24.19474466	0.158974805834568	0.12825874783917
RPN1	-0.073875238	0.744703938	0.694212349	-0.402686217	21.19473027	0.158507665146232	0.128016349598086
LRRFIP1	-0.073239564	0.744703938	0.694268304	-0.402608101	23.54366131	0.158472661492856	0.128016349598086
P4HB	0.050489621	0.745985626	0.6956711	0.400650587	28.45263032	0.157596037998145	0.127269540635943
ESD	0.267488542	0.746018662	0.695909828	0.401243833	20.8577237	0.157447030129459	0.127250308315203
TTC5	-0.411532261	0.74615113	0.696449313	-0.400721083	17.55578298	0.157110485679977	0.127173198964929
HBA1	0.111112295	0.74615113	0.696356511	0.399694734	22.45589678	0.157168359356084	0.127173198964929
KIF5C	0.130056318	0.746238205	0.696738569	0.399162099	17.80617151	0.156930147782863	0.127122520243006
MEMO1	-0.101518274	0.746641981	0.697323656	-0.398658178	26.42637708	0.15656560154397	0.126887594902519
GGCT	0.131047615	0.749270078	0.699986985	0.394638271	19.91193174	0.154910034836071	0.125361610547448
GPRC5B	-0.114142993	0.754126212	0.704733888	-0.388043074	20.67984551	0.151974844413693	0.122555963695113
EPHB4	0.051812584	0.754520481	0.705353403	0.387183676	22.35432399	0.151593234048172	0.122328967068562
B3GLCT	-0.124695483	0.754520481	0.705522913	-0.386948582	19.35669937	0.151488877263461	0.122328967068562
UBE4A	-0.068198963	0.754569719	0.705779258	-0.386593103	22.45650938	0.151331109178815	0.122300627090332
CCDC88A	-0.131430415	0.755220612	0.706598549	-0.385457319	16.46518217	0.150827258723902	0.121926165484746
PIGR	-0.715853442	0.755663127	0.707223183	-0.385692649	19.92040868	0.150443511450934	0.121671768904528
CD14	0.084472338	0.755855584	0.707613965	0.384050385	18.76636461	0.150203604729821	0.121561174159061
RAB10	-0.128004783	0.757005452	0.708901427	-0.382267679	21.28073416	0.149414149423675	0.120900992672993
STAG2	-0.06605437	0.757035377	0.709140441	-0.381936868	23.07725045	0.149267746888428	0.120883825021866
NASP	-0.048707153	0.760084887	0.712256048	-0.377628728	27.41939831	0.147363854335766	0.119137902591582
ADAMTS15	-0.092457275	0.760084887	0.712420701	-0.377401263	21.47123812	0.147263469613831	0.119137902591582
YAP1	0.164018644	0.760196893	0.712737555	0.376965457	17.58196937	0.147070357100948	0.119073909733853
THNSL1	0.087102001	0.760805301	0.713702462	0.375631235	21.28720473	0.146482805090948	0.118726470062456
UBE2Q1	0.098843611	0.760805301	0.713732064	0.375590373	20.35085174	0.1464647923765	0.118726470062456
KLRG2	0.072810778	0.762383343	0.715424948	0.373254577	22.18225455	0.14543591938719	0.117826600987531
ZBTB48	0.052375239	0.763572908	0.716754056	0.371422238	22.03598194	0.144629840769431	0.117149489019638
YTHDF2	0.158829233	0.769263406	0.722310038	0.363778767	17.9614796	0.141276349672842	0.113924926538297
GM2A	0.336482561	0.770339398	0.723535053	0.363115357	21.1157711	0.140540423832149	0.113317890148082
LAMB2	-0.052771272	0.770909821	0.72463055	-0.360590619	27.70862591	0.139883360314263	0.112996421602297
ZNF195	0.092331809	0.770909821	0.724695613	0.360501335	22.77752835	0.139844367708435	0.112996421602297
RAMAC	-0.069391078	0.770909821	0.724715392	-0.360474194	16.24511782	0.139832514741225	0.112996421602297
HMBS	0.097451198	0.772601445	0.72652098	0.357997712	19.12575923	0.138751839911492	0.112044483927492
CXCL1	0.160496342	0.773009815	0.727120436	0.357177785	20.03342509	0.138393649170865	0.111814991756606
BAG3	-0.122294936	0.775512802	0.729690975	-0.353655527	20.04156493	0.136861025176602	0.110411028550484
SAAL1	-0.089722264	0.776544995	0.730878609	-0.352030578	21.37421173	0.136154748649901	0.109833375075059
ENTPD7	0.100728739	0.777406702	0.731906309	0.350625257	16.60877766	0.135544509226464	0.109351719648833
SPINT2	0.065409543	0.778815257	0.733642395	0.348252943	19.78460229	0.134515580033557	0.108565549234687
YWHAB	0.044265252	0.778815257	0.733666547	0.348219955	27.64552417	0.134501283003085	0.108565549234687
ROBO2	0.108311655	0.780519021	0.735489078	0.345731805	20.07662363	0.133423772154059	0.107616508854371
MMP1	0.086743149	0.780629904	0.735811131	0.345292371	23.13388245	0.133233646655322	0.10755481598914
ABHD14B	-0.101915835	0.781312485	0.736672279	-0.344117706	17.47267012	0.132725672352046	0.107175235816771
GOLIM4	-0.063191532	0.782826031	0.738317527	-0.341874889	21.43991801	0.131756821691264	0.106334741353722
FKBP9	-0.043615814	0.784419162	0.740038703	-0.33953054	23.9301702	0.130745566674707	0.105451805813514
OR1M1	0.136371418	0.785626641	0.741396825	0.337683735	20.80225896	0.129949278149903	0.104783797824063
SRP14	-0.071012935	0.785670524	0.741657209	-0.337327857	21.25370895	0.129796777522218	0.104759539974971
WRAP53	0.100025099	0.7871056	0.743231263	0.335187353	17.58164559	0.128876030630632	0.103966997728983
EFHD2	-0.068662326	0.78719527	0.743535332	-0.33477405	22.31075246	0.12869838944458	0.103917524102974
SPON1	0.039180628	0.792584989	0.748847021	0.327563995	33.35014074	0.125606893543867	0.100954157154746
LZTFL1	0.337245784	0.792975395	0.749436891	0.327665466	19.30027917	0.125264932588104	0.100740288068915
MCAM	-0.089605921	0.79436254	0.750969269	-0.324827569	24.41476844	0.124377834735907	0.0999812441890089
CLIP1	-0.029363644	0.795223901	0.75200521	-0.32328576	26.18435384	0.123779150543447	0.0995105753959289
GLRX3	-0.060775151	0.795549367	0.752534714	-0.322569093	20.25941811	0.123473461513636	0.0993328654825644
CRIP1	-0.06955181	0.795736841	0.752933828	-0.322029021	19.97744673	0.123243190329516	0.0992305345207705
SMPDL3A	-0.080501841	0.796902835	0.754259205	-0.320236275	22.70545438	0.122479380978878	0.0985946281594813
AP1B1	-0.137954144	0.797425141	0.754975809	-0.319403846	21.1714147	0.122066963849126	0.0983100761410831
BMP3	0.137455722	0.797547931	0.755314345	0.318811372	17.24581339	0.12187226706348	0.098243207276054
UMPS	0.141569634	0.797584043	0.755570837	0.318463208	19.03736059	0.121724813024418	0.0982235433954613
VPS26B	-0.081877913	0.798058158	0.756242402	-0.317555802	18.03909212	0.121338975692929	0.0979654585513551
HTRA2	0.103186642	0.798982896	0.757341369	0.316071503	19.4846818	0.120708319634232	0.097462517622587
FBXO3	0.054657995	0.801089617	0.75956156	0.313075119	18.77232896	0.119437022216103	0.0963188971598002
MESD	0.046208493	0.801898331	0.76062996	0.311634276	23.65187815	0.118826572421118	0.0958806904248411
PGM5	-0.143628647	0.801898331	0.76077534	-0.311439751	19.38071789	0.118743573194059	0.0958806904248411
CCDC91	-0.077215434	0.802880473	0.761930883	-0.30988079	17.80465518	0.118084423008347	0.0953491045100264
RRP1B	-0.244844999	0.802950548	0.762221172	-0.310255441	17.47236584	0.117918992122409	0.0953112011622386
DCAF6	-0.059159259	0.80871562	0.767919208	-0.301822346	18.04295336	0.114684469246455	0.092204168594225
MDH1	0.032348126	0.809143081	0.768911359	0.300489261	27.1500247	0.11412372328834	0.0919746751808213
UBE2E2	-0.085073793	0.809143081	0.768994456	-0.300377637	20.85276076	0.114076791196341	0.0919746751808213
GPN1	-0.090453514	0.809143081	0.769001646	-0.300367978	17.19854369	0.114072730617357	0.0919746751808213
BDP1	0.069656914	0.80939441	0.769466091	0.299744158	17.0971579	0.113810513995033	0.091839799344671
SFT2D3	-0.126067884	0.809995129	0.770262927	-0.298674178	19.26997087	0.11336100436752	0.0915175927939207
MTMR1	0.089731926	0.810765199	0.771221189	0.297387922	17.7569948	0.112821046870576	0.0911049010824225
PDCD11	-0.054000553	0.81236709	0.772971361	-0.295040066	19.11564614	0.111836596625113	0.0902476787198425
TSG101	0.110760553	0.813975091	0.774728243	0.292684965	20.65688023	0.110850611381317	0.0893888850454057
VAMP7	-0.062870989	0.814209553	0.775178326	-0.292081911	17.88919087	0.110598378669097	0.0892638064139433
LRG1	0.192062151	0.815095629	0.776249098	0.291148219	18.53407698	0.109998891464446	0.0887914357868368
SMARCA1	0.052621495	0.815840776	0.777186112	0.289393115	21.30936686	0.109474968668825	0.088394592290264
GAS1	0.068574217	0.817777645	0.779259132	0.286619317	18.40092797	0.108318099601048	0.0873647656156776
UBE2L3	0.057287346	0.818625029	0.78029476	0.285234488	18.72758677	0.107741309540605	0.0869149811781491
NCSTN	-0.026851305	0.820910691	0.782702195	-0.282017562	24.80538051	0.106403448248532	0.0857040883320142
PREPL	-0.101600972	0.821283413	0.783286465	-0.281237307	17.89109502	0.106079377895793	0.0855069482859391
CLTA	0.041577582	0.825484831	0.787523572	0.275584402	22.71114889	0.103736438127166	0.0832909028657836
MOCS1	0.185503027	0.826450575	0.78880418	0.274394806	18.63382636	0.103030796664558	0.0827831138367578
SEMA4G	0.056762796	0.826450575	0.78890558	0.273742663	21.31224656	0.102974972124909	0.0827831138367578
SPTAN1	0.036486134	0.827324619	0.790195492	0.272024558	27.62709514	0.102265452261645	0.0823240520212687
CASK	0.115372656	0.827324619	0.790201078	0.272017119	18.69795846	0.10226238218541	0.0823240520212687
CES2	-0.065106633	0.829589507	0.792595549	-0.268830082	17.0030439	0.100948370874106	0.0811367497251127
RANBP1	-0.039303867	0.830723729	0.793910721	-0.267080841	23.32889522	0.100228333287126	0.0805433840615753
BAG5	-0.112773716	0.83177208	0.795144435	-0.265440743	19.24066257	0.0995539762164135	0.0799956616405251
ATP6AP2	-0.0486766	0.833680671	0.797201333	-0.262708012	21.19934461	0.0984319837873298	0.0790002675630035
CD200	0.037809848	0.834109361	0.797853753	0.261841668	23.32714251	0.0980767077543305	0.0787770047997357
TRIM44	0.097009674	0.834109361	0.798076209	0.261546319	19.84583922	0.0979556355065599	0.0787770047997357
EXOC4	-0.056545128	0.834954105	0.799117167	-0.260164591	18.6189437	0.0973895395208186	0.0783373957655446
CTSO	0.092119121	0.836011652	0.800362326	0.25856342	22.10338276	0.0967133623089213	0.0777876694939524
GLB1L	-0.056007938	0.8364884	0.801051879	-0.257597946	17.97841356	0.0963393565327108	0.0775400772370569
ADCY4	-0.037664735	0.836562172	0.801355682	-0.25719508	22.47452964	0.0961746793665794	0.0775017774114857
TPT1	-0.05347258	0.837405271	0.802396689	-0.25581496	23.31408258	0.0956108720514423	0.0770643097941918
EGFL6	-0.064462361	0.837408961	0.802633617	-0.255500926	15.85348594	0.0954826545051803	0.0770623960934271
COPE	-0.085462694	0.838222346	0.803646843	-0.254158257	21.04227815	0.0949347570115083	0.0766407655790856
ARHGAP12	-0.258219878	0.83882419	0.805058877	-0.252955734	17.9463096	0.0941723568729086	0.0763290538480435
LPAR2	0.101807751	0.83882419	0.804691174	0.252774886	18.23852627	0.0943707620682462	0.0763290538480435
GCNT1	-0.066984662	0.83882419	0.805099932	-0.252233567	22.94123178	0.0941502100388712	0.0763290538480435
VCPIP1	0.054164852	0.83882419	0.805159005	0.252155343	17.12778912	0.0941183455016201	0.0763290538480435
VANGL1	0.075281093	0.840049458	0.806569226	0.250288435	19.63264165	0.0933583521689008	0.0756951440521964
TOR1B	-0.040617019	0.842590678	0.809244001	-0.246750034	22.51063724	0.0919205113782823	0.0743833499985794
RNF130	0.155581877	0.847241811	0.813947191	0.241012472	16.53201778	0.089403771279448	0.0719926201355527
APOB	-0.168849855	0.849355085	0.816214139	-0.238169257	22.41335908	0.088195886361946	0.070910708794369
MGAT4B	-0.114853887	0.849873513	0.816949205	-0.23657647	19.70246038	0.087804945516544	0.0706457056901191
NELFE	0.060648514	0.851286962	0.818545156	0.234471284	20.83542304	0.086957357228603	0.0699240180522616
ABI3BP	-0.145757826	0.852478994	0.819935544	-0.233028235	17.9321663	0.0862202866228344	0.069316313687117
TNPO2	-0.178995415	0.852478994	0.820166524	-0.232821926	19.55286221	0.0860979608943929	0.069316313687117
ZNF185	-0.075384343	0.853121138	0.821022098	-0.231207888	19.56391853	0.0856451535866412	0.068989297285404
ZZEF1	-0.074840146	0.856188786	0.824212951	-0.227007813	19.01140227	0.0839605656138509	0.0674304646706112
S100A10	-0.04324384	0.856250956	0.824511442	-0.226615136	20.47689358	0.0838033131389503	0.0673989306115847
STRBP	-0.046632752	0.856416333	0.824909378	-0.226091692	24.1583256	0.0835937590819042	0.0673150587244783
SLC52A2	0.04009809	0.859687998	0.828300281	0.221634006	21.06220771	0.0818121913071028	0.0656591363520742
ATP2B1	0.082216329	0.860756993	0.829570145	0.219965867	19.85256168	0.0811468859525081	0.0651194402945347
SNED1	0.068990302	0.86319133	0.83215686	0.216569902	18.66611347	0.079794802301273	0.0638929304104884
RAP1B	-0.04782412	0.863700189	0.832888142	-0.215610329	22.2221236	0.0794133210111527	0.0636369853673498
HYDIN	-0.03734153	0.864805013	0.834194579	-0.213896583	27.40710708	0.0787326367366944	0.063081801580269
SNCAIP	0.033303991	0.869096319	0.838795646	0.20786639	24.22993769	0.076343832526057	0.0609320894982457
ANXA7	0.041716882	0.869096319	0.838818437	0.207836539	16.46064954	0.076332032427765	0.0609320894982457
ACACB	0.050492335	0.869951805	0.839886581	0.206437806	19.43688896	0.075779357475694	0.060504806464513
FAM98B	-0.07746807	0.870569062	0.840725139	-0.205340019	18.2277114	0.0753459663026535	0.0601967707203435
SLIT2	0.023930154	0.871483549	0.841851165	0.203866318	24.16908137	0.0747646827672524	0.0597408066560597
CLMN	-0.064404909	0.871649791	0.842442911	-0.203092055	21.05746746	0.0744595198663978	0.0596579696385778
PRRC2A	0.043077567	0.871649791	0.842497624	0.203020473	21.07392235	0.0744313152461123	0.0596579696385778
UPK3BL2	0.052463484	0.871815174	0.842900457	0.202493474	20.05367952	0.07422371069935	0.0595755763287518
STAMBP	-0.050131793	0.872140343	0.843457913	-0.201764293	20.97410579	0.0739365830308434	0.0594136236841506
MSRB3	-0.054399677	0.872314247	0.843869217	-0.20122636	16.85097718	0.0737248551946144	0.0593270343876861
POGLUT3	-0.06048573	0.872684671	0.844470786	-0.200439698	20.13291107	0.073415370010616	0.0591426524950426
PTGR1	0.031834052	0.873023265	0.84504175	0.199693181	23.98393598	0.0731218338352736	0.0589741827245648
ULBP2	-0.049190175	0.873470126	0.845717731	-0.198809513	20.24008331	0.0727745640584509	0.058751943955483
PLSCR1	0.037769681	0.874847886	0.847295542	0.196747591	21.4850887	0.0719650786042035	0.0580674532791375
ATP6V1E1	0.052371238	0.876832027	0.849461574	0.193918433	20.47564139	0.0708562619711654	0.0570835956122753
CTBP2	0.033682916	0.877073891	0.849940334	0.193293329	23.60170316	0.070611560784615	0.0569638170082363
AKAP9	-0.047610714	0.877575713	0.850829056	-0.192133163	20.07057221	0.0701576872636724	0.056715404412419
H2AC1	-0.045359906	0.877575713	0.850915804	-0.192019935	20.58759887	0.0701134101471265	0.056715404412419
YWHAE	-0.025341429	0.878190552	0.851756722	-0.190922457	27.84208415	0.0696844303271672	0.0564112395572256
SPPL2A	0.042937411	0.878320642	0.852127691	0.190438387	17.16743835	0.069495321499158	0.0563469104832668
THOC2	0.03357796	0.878915617	0.852949882	0.189365696	22.10845142	0.0690764865467779	0.0560528187037225
WDR55	-0.056922947	0.879743643	0.853998637	-0.187997755	20.48202399	0.0685428224536778	0.0556438626797513
ACLY	-0.032378731	0.879824255	0.854322103	-0.18757592	26.33171701	0.0683783574357537	0.0556040695614073
JAG1	0.02840017	0.880509293	0.855232689	0.186388609	25.15134972	0.0679157077279491	0.0552660560768036
OBSL1	0.090180318	0.881143279	0.856094055	0.185266756	18.7247006	0.0674785188233738	0.0549534670479941
CAPN5	-0.077343134	0.881989206	0.857161751	-0.183875065	20.73218553	0.0669372166552384	0.0545367298379338
SEZ6L2	0.023434464	0.882335187	0.857743905	0.183115702	23.94802214	0.0666423592925082	0.0543664010234986
APH1A	0.03582651	0.883596986	0.859216802	0.18119704	19.26607425	0.0658972389250855	0.0537457742014638
GDI1	0.017778643	0.884413326	0.86025711	0.179842322	25.21741752	0.0653717292609342	0.0533447222617267
PARK7	-0.033727553	0.886783613	0.862956608	-0.176328616	24.21009674	0.064011041341499	0.0521823408726493
MCM7	-0.069837938	0.886783613	0.863056961	-0.17619804	19.02855762	0.0639605402852219	0.0521823408726493
WDR83	-0.13018431	0.887705011	0.864201115	-0.175067437	18.77953829	0.0633851776938064	0.0517313285668078
DIDO1	0.03860763	0.887939252	0.864875779	0.173832027	16.61621793	0.063046265216027	0.0516167452840575
PSMG2	-0.073888269	0.887939252	0.864924104	-0.173769178	20.10997398	0.0630219996566988	0.0516167452840575
WEE1	-0.029780114	0.888500992	0.865718916	-0.172735588	18.51535841	0.0626230930236961	0.0513420829741715
PIK3R4	-0.102136478	0.88932323	0.867015791	-0.171328694	16.86122778	0.0619729926256221	0.0509403633359154
BID	-0.037883752	0.88932323	0.866947962	-0.171137702	18.15599668	0.0620069699915008	0.0509403633359154
BCLAF1	-0.033531273	0.889852151	0.867779452	-0.170056948	24.63343841	0.0615906376692025	0.0506821454211636
CHMP1A	-0.033619903	0.890843385	0.868994383	-0.168478191	17.09394672	0.0609830307319881	0.0501986405296915
EPHX1	0.025885834	0.891426552	0.869811694	0.167416381	24.65755352	0.0605747578508025	0.0499144341769851
APMAP	-0.076069618	0.891833835	0.870539976	-0.166559623	21.22128502	0.060211280884872	0.0497160551137389
RACGAP1	-0.043921808	0.891833835	0.870706222	-0.166254489	16.64561998	0.0601283520942842	0.0497160551137389
NCKAP1	0.01822178	0.893489508	0.872571693	0.163832226	25.14588625	0.0591988800190409	0.0489105429282951
TSPAN15	0.027779025	0.894001318	0.873320686	0.162859973	22.50371115	0.0588262527589048	0.0486618409359557
PFDN2	-0.031327062	0.894037203	0.873604915	-0.162491064	21.6551074	0.0586849312426187	0.0486444088087368
REST	0.119166788	0.895579577	0.875361643	0.160579357	16.74228853	0.0578124874217923	0.0478958187300499
GALNT1	-0.061261108	0.897753468	0.877736668	-0.157131016	19.72985746	0.0566357583399737	0.0468429085295371
ITM2C	0.061636897	0.898243109	0.878986474	0.155510634	18.57914322	0.0560178078754421	0.0466061058625328
DNAJB11	-0.020128415	0.898243109	0.879163568	-0.155281066	27.37501102	0.0559303171091242	0.0466061058625328
PCYOX1L	-0.045179468	0.898243109	0.879199456	-0.155234545	17.25774095	0.0559125893018898	0.0466061058625328
CHST15	-0.034259583	0.898243109	0.879216778	-0.155212091	23.00887785	0.0559040329102116	0.0466061058625328
SMARCA2	0.112380992	0.900071883	0.881257671	0.152882897	17.63459272	0.054897089622138	0.0457228048455611
PPIC	-0.041841038	0.902119045	0.883513469	-0.14964501	22.2871101	0.0537868253674161	0.0447361485165903
ADAMTS9	-0.051635996	0.902516023	0.884153797	-0.148874658	22.40140955	0.053472183653423	0.0445450790192997
SDF2L1	0.022356306	0.903894644	0.88575629	0.146741062	16.91748096	0.0526857549387966	0.0438821869979934
MIA3	-0.016262141	0.906736265	0.888793602	-0.142810552	23.94013432	0.0511990803341737	0.0425190142751124
SH3PXD2B	-0.031516508	0.906794588	0.889103501	-0.142409655	19.07718425	0.0510476796408678	0.0424910805269384
CD276	-0.07344148	0.909689781	0.892195747	-0.138465519	19.96439864	0.0495398513239851	0.0411066839088149
SCUBE3	-0.029907015	0.90976042	0.892518584	-0.137993394	20.02672513	0.0493827322526042	0.0410729614932129
TM9SF2	-0.030985943	0.911919184	0.894890593	-0.134927714	19.55165527	0.0482300571542386	0.0400436479632796
SDK1	-0.029903147	0.916605098	0.899744469	-0.128658609	22.07947266	0.0458808144057125	0.0378177316132574
CHMP4A	-0.032580641	0.916843908	0.900234417	-0.128026115	19.28632298	0.045644387501231	0.0377045963523688
NOS1AP	-0.021536778	0.91963843	0.903234623	-0.124154232	21.08742461	0.0441994232867528	0.0363828886552447
RPLP2	-0.023985834	0.924231345	0.908199171	-0.117751676	23.98152188	0.0418188988568643	0.0342193066140103
THBS3	0.026415527	0.924231345	0.908260792	0.11767224	21.8556345	0.0417894331259099	0.0342193066140103
CKMT1A	-0.036416991	0.925051082	0.909324182	-0.116301535	21.81805266	0.041281259402634	0.0338342845386025
EFEMP2	0.023788504	0.93545618	0.919847552	0.102749245	20.88732327	0.0362841431014057	0.0289765515417627
ZBED2	0.025811703	0.93545618	0.920073818	0.102458086	19.52416802	0.0361773275848951	0.0289765515417627
CHMP5	0.018999669	0.93666456	0.921523383	0.100593015	18.00895805	0.0354936403917007	0.0284159115918823
NHLRC3	0.018774533	0.937248187	0.922974091	0.098726852	21.67527719	0.0348104899748037	0.0281453909988707
RBCK1	0.015608215	0.937248187	0.922977482	0.09872249	27.96366127	0.0348088943830129	0.0281453909988707
NDFIP1	-0.039029288	0.937248187	0.923084661	-0.098584633	18.67866381	0.0347584656924027	0.0281453909988707
TNFAIP2	-0.030060014	0.937248187	0.923142445	-0.098510309	22.03686152	0.0347312802261414	0.0281453909988707
GTF2E1	0.031985006	0.940426576	0.926535102	0.094147597	20.87890131	0.0331381226849353	0.0266751064217616
CLDN6	0.014476246	0.940607223	0.926975234	0.093581764	20.68247605	0.0329318687474318	0.0265916905941936
NOTCH3	0.027812268	0.942948468	0.929545354	0.090278256	19.46923103	0.0317294154548576	0.0255120407459844
TUBB6	0.053787166	0.943070076	0.929928073	0.089897648	19.78822619	0.0315506414538387	0.0254560352696899
NIF3L1	-0.023496722	0.944205723	0.931311052	-0.088009334	20.61104842	0.0309052431804443	0.0249333715601468
GINM1	0.013924265	0.944959189	0.932317595	0.086716147	22.01553184	0.0304361195555128	0.0245869474429363
EIF2B1	0.015199372	0.946867084	0.934463864	0.083959181	21.41062379	0.0294374882592888	0.0237109805919792
EPHA3	-0.133055569	0.948132174	0.935976633	-0.082221497	19.81013875	0.0287349934476147	0.0231311157868465
TP53BP1	-0.012872053	0.948201419	0.936319553	-0.081576034	24.3517213	0.028575907223423	0.0230993990872913
PGAM1	-0.00844882	0.948201419	0.936573531	-0.081249906	26.52053122	0.0284581202065952	0.0230993990872913
PTPN12	-0.016603884	0.948988632	0.93761558	-0.079911926	18.63626487	0.0279751847604863	0.0227389899849737
HDGFL2	0.008375222	0.954695847	0.943723093	0.072072968	25.77675605	0.0251554175913219	0.0201349666452221
CGREF1	0.022005911	0.954695847	0.943986947	0.071734424	19.06981593	0.0250340108767882	0.0201349666452221
M6PR	-0.011906033	0.954695847	0.944052638	-0.07165014	23.03947128	0.0250037898591264	0.0201349666452221
PLA2G15	-0.011677658	0.955139992	0.944758035	-0.070745114	23.51082018	0.0246794057974808	0.0199329705131952
SMC3	-0.009446892	0.95544013	0.945669618	-0.069575646	25.82075022	0.0242605635352509	0.0197965216129048
GALNT14	0.023894077	0.95544013	0.945940308	0.069228398	18.18854853	0.0241362681691789	0.0197965216129048
TEX2	-0.010764605	0.95544013	0.946097479	-0.069026778	17.31372982	0.0240641147495789	0.0197965216129048
TPH1	0.0133628	0.95544013	0.94623387	0.068851819	18.08663707	0.0240015106408269	0.0197965216129048
PLXNB1	0.009102051	0.95544013	0.94638635	0.068656224	23.04789995	0.0239315322880183	0.0197965216129048
GOLGA4	0.027204799	0.955889852	0.947098223	0.067804761	22.29311756	0.0236049782355685	0.0195921489630389
C5orf22	-0.02715645	0.957649455	0.949108546	-0.065164761	19.88560243	0.0226841160942416	0.0187934341565665
EMC7	0.018592948	0.958439536	0.950158704	0.063818072	18.37751131	0.0222038489059296	0.0184352797706115
SUPT5H	0.019386287	0.958701945	0.950932393	0.062936533	26.50024234	0.0218503583420213	0.0183163915377472
STRN	0.013754627	0.958701945	0.951021871	0.062711266	18.77250397	0.0218094953176932	0.0183163915377472
TPST1	-0.010126643	0.958701945	0.951220436	-0.062456666	16.36387837	0.0217188279155489	0.0183163915377472
CHGA	0.00677177	0.960492948	0.953416819	0.059640751	24.94445413	0.0207171910554388	0.0175058194081485
PCBD2	0.013901044	0.960492948	0.953532854	0.059492	18.33400225	0.0206643387321884	0.0175058194081485
PITHD1	0.017557431	0.963333705	0.956621514	0.055533021	18.57333522	0.0192598562610249	0.0162232444066253
POMGNT1	-0.02611791	0.963493343	0.957048571	-0.055007034	20.53459758	0.0190660208626553	0.016151281639928
RAB11FIP4	0.023705368	0.965765024	0.959574222	0.051749407	17.77915234	0.0179214274336022	0.0151285269941245
PPP1R7	0.021034335	0.966027645	0.960104399	0.051069858	20.41822077	0.0176815404557847	0.0150104451174667
ARPC3	-0.005400865	0.971264043	0.965579387	-0.044056092	23.70000882	0.0152120140454511	0.0126626889083323
SLC7A8	0.007684002	0.971466563	0.966146389	0.043329872	19.91317578	0.0149570649735288	0.0125721428300217
RB1	0.016332944	0.971466563	0.966322231	0.043104656	17.80731414	0.0148780290609067	0.0125721428300217
DENR	-0.022291988	0.972355554	0.967477516	-0.041702942	21.88150934	0.0143591191158674	0.0121749008094653
NADSYN1	0.008599669	0.974920569	0.97030138	0.038008852	17.75309803	0.0130933509484978	0.011030766711967
BASP1	-0.017734675	0.975476957	0.971127004	-0.037043576	24.53623667	0.012723969340711	0.010782985178684
VCP	-0.003812498	0.977101558	0.973016686	-0.034532182	27.70066049	0.0118797120691719	0.0100602942272203
AP1S1	-0.010556718	0.980954893	0.97712731	-0.029269794	21.12895016	0.0100488483298827	0.00835096221391783
DSG1	-0.010660452	0.98166734	0.978110574	-0.028011163	20.20454632	0.00961204606766573	0.00803565771044604
CLN3	0.005034955	0.983545029	0.980255581	0.025265603	17.33377591	0.00866067640280932	0.00720575226872937
ZFP91	-0.005838037	0.985237437	0.982216921	-0.022755313	20.71675404	0.00779258839457108	0.00645909422065586
LRPAP1	0.005757054	0.988294157	0.985556171	0.018488955	23.26046535	0.00631861840620228	0.0051137722665364
AHSG	-0.007553345	0.988294157	0.985815159	-0.018150374	18.69557696	0.00620450793070271	0.0051137722665364
RGSL1	-0.01003009	0.988739378	0.986534831	-0.017256711	20.68578518	0.00588757676348026	0.00491816908290497
SLBP	-0.009765724	0.989761627	0.988161732	-0.015171518	18.82648823	0.00517196880628431	0.00446938776996658
H6PD	-0.002720976	0.989761627	0.988199589	-0.015099073	16.58807571	0.00515533107306343	0.00446938776996658
RANBP10	-0.003262527	0.989761627	0.988382361	-0.014865191	21.24351182	0.00507501376441591	0.00446938776996658
NF1	0.007961254	0.989902833	0.988813756	0.014320622	19.17742214	0.00488550047397117	0.00440743283977034
ADAMTS12	-0.0044844	0.989902833	0.989108618	-0.013935851	16.61528737	0.00475601415827452	0.00440743283977034
DYNLT1	-0.008082061	0.989902833	0.989351047	-0.013643135	18.1509751	0.00464958229176463	0.00440743283977034
NAXE	0.002952696	0.995318858	0.995041456	0.006344852	20.2989545	0.00215882504624674	0.0020377674087913
GOLGA3	0.00369802	0.995859251	0.995859251	0.005307951	18.63119328	0.00180203791512087	0.00180203791512087
