id	WT_Rep1	WT_Rep2	WT_Rep3	KO.CDR1_Rep1	KO.CDR1_Rep2	KO.CDR1_Rep3	KO.CDR2_Rep1	KO.CDR2_Rep2	KO.CDR2_Rep3	KO.CDR2L_Rep1	KO.CDR2L_Rep2	KO.CDR2L_Rep3
PLEC	318175104	417349248	372661152	612871616	641851200	499370816	482417184	293806464	389069152	233081920	238405904	278589696
AHNAK	322938816	360916384	317811968	430987968	421133568	466181920	237142640	115089624	125596952	221853984	221518512	288123840
FAT2	1259785216	1105622656	1139302144	1718494720	1700848256	1853849984	798902720	729673920	684190144	3028995584	2891720448	2778459904
COL12A1	2660925696	2696427264	2218925824	3701065216	3054289664	3541167872	3329669120	3405827072	3264926976	3415892480	4404788736	2589548544
C3	44079222784	36857475072	39071858688	25743669248	26214096896	26346973184	33567606784	39213588480	35265679360	45043347456	41237782528	38257614848
FLNA	2765920512	3043496704	3073597952	2340863232	2659897344	2721309184	2291554816	2407394304	2749872896	2824162816	2928914688	2807800064
FAT1	578537088	508197568	493411936	347986880	356027968	386138848	464380928	390905056	388820736	392189088	377303072	370407168
SPTAN1	172774224	208408576	171254304	282040064	322559584	234061536	224456448	171069920	187686528	183725360	189664048	190911536
FLNB	773112256	849800000	887609536	552111936	637203840	592529024	491584032	511683584	592909312	819967616	814445120	787735808
HSPG2	932429312	918836352	830199104	713818944	782415424	683820800	1172624384	1400188928	1347573888	1242821248	1200223744	1116099200
LAMA1	780063104	759224064	691037824	1564665728	1704980864	1688416384	428506912	387158112	363857920	885374336	908592448	808930304
FN1	17127868416	19615586304	15618640896	3758491904	2562028288	3260316672	43673288704	42966585344	50223099904	7418916352	8512522240	6354994176
LAMA5	2094016640	2039766272	1841739904	2345081856	2786051584	2221783808	2078729728	1650691328	1570525056	2369278720	2113424128	2343319552
MYH9	411655328	513368832	346349536	692830464	654105664	690916480	575689152	243500944	395339488	317240288	325678720	425160192
HUWE1	207898528	249818784	223541808	92328360	99251104	112095664	77726632	86410448	89930632	129478600	142411440	148697936
FASN	219297952	272981600	254829136	149029296	178701024	162261264	99303984	128779784	158285280	146742432	149216944	162902080
MUC16	337285792	299765888	312981504	1207264128	1105482880	1134441344	606047744	688200128	605027840	2629294080	2663002624	2446989824
TNC	2989586688	3080315136	2132974208	7561144832	5076236288	7984531968	2216656384	1514117504	1827749888	1844365824	2924884736	1497286400
DYNC1H1	97754040	126272472	101774928	54360064	55430956	43038388	62001832	65060104	73296816	78802192	88072224	66243864
SPTBN1	190502608	224022928	198013936	203190704	220790864	178408640	151556000	103287336	114805008	144767984	129093768	164119184
LAMA3	1338622208	1277425536	1181541760	364910048	383160896	345954464	1301297408	1224337024	1335480704	517029760	487751296	559676608
TPR	75088400	87128568	73172552	149359456	151007728	153757200	51962228	31374852	39653012	54977160	56624800	69420544
AKAP12	160717056	165825280	157685376	277147776	276423648	323930496	80062792	52327440	80065608	204357568	206823872	220090512
PRKDC	108801552	128028368	125514232	24402054	21139410	26011670	38834280	47001924	49862528	61347448	73584384	68499144
PXDN	787739648	744381888	756680512	756852480	891984448	900577280	1716333056	1698183296	1546164608	1524511488	1776013568	1468370432
PPL	85074864	108933024	88515840	197137984	221930560	189627152	128726376	70631792	91355432	108423744	130938944	120475176
MYH10	30958640	60335308	33148428	85852296	71863992	97483384	83007088	18457776	35168688	27570724	21924874	28865564
KTN1	86033248	94698216	91993088	235014528	252351840	182561104	93204648	57023236	69698184	97134512	93388320	123388880
CP	2394322688	2180392448	2226682112	2681074432	2732164352	2546544128	4976100864	5093220864	4039276544	4903695872	4104240640	4037963008
DSP	84166208	95724336	85673808	71024872	69891824	77680200	51615016	37654528	52804236	67663136	74917048	76164200
HSP90AA1	14128821248	14190829568	12920815616	7645306880	7999101952	10624045056	8016402432	9148996608	10207025152	10857730048	11407552512	12900477952
LAMC1	1912998144	1660961664	1501039744	2154206976	2366496000	2224109568	2186632704	2106420480	1957769728	1833383424	1854811264	1792312832
ACTN4	619955840	792188864	677472704	778763264	870449472	671988480	521112096	536918720	644220928	495392416	514628608	515993632
CLTC	550711360	604835200	569805248	805470656	784429632	641163648	530926368	456269952	522868800	476610432	482426208	504261696
HSPA4	691292032	648965888	703136064	994656768	940348416	1160448640	616451264	600248832	703135232	1086158080	1039562944	1258645248
NUMA1	53165072	54576400	51694808	112352504	111658520	82270816	56343140	33841060	38599424	42912936	38225952	58203396
VCL	501094880	521727360	422702944	553382272	629068928	504983136	408898304	368237760	407702624	364513152	374168480	337538272
TENM3	198376448	184043360	186062896	319380800	313919136	338661312	328843456	314515520	289002240	206417888	224307568	206040800
CELSR2	158102240	135879184	135022128	104933376	103464272	99780984	175698704	154483728	134219616	275023424	254386512	255474144
HSP90AB1	2054889600	2193258496	2289310976	955535616	1094494592	1317554944	1068581696	1337116416	1432580480	1307067904	1346521984	1600849536
HMCN1	26570330	31940984	23198008	18277448	18687574	19358268	63339388	51660792	58250936	62254844	70821944	45316692
CSPG4	96606896	87727368	87505312	21184742	21511374	18663762	186488000	153046736	150625856	54828344	51347452	52846732
AGRN	1551034496	1527159296	1471947776	3344945152	3603282176	3286903040	2069704064	1941610752	1824095360	2745143040	2382451456	2520957184
L1CAM	1745771520	1531218432	1923911296	2853346816	2616175872	2763536896	3663600896	3275044096	3322127360	4920837120	4668034048	4730806784
FRAS1	177243696	182379008	189540352	116537832	108247832	112624776	96560288	82235512	74162488	180955168	167516992	161521120
ACTN1	183074672	212047968	196354640	209295136	226624288	173682784	135598624	124129216	153660848	152315664	168710560	160610432
MSN	2722903552	3011859456	2558252288	3883108864	4350455296	4495016960	2441849344	1820289664	2387769088	2330912000	2178503680	2818708480
HSP90B1	1237829504	1429340928	1650601856	1181911808	1265342336	1632400896	794290048	898842752	801748032	1330501760	1259127808	1353032192
LRP1	182230048	156914512	167046976	153328816	145341216	144961584	133252504	139830928	128932152	148467168	138062720	143290016
KRT1	344057184	728103040	402652416	1299147776	810803456	812816576	853587136	472849056	654792448	612368320	417038816	837118144
SORL1	80720680	71803240	67314736	128655288	129271672	127897680	297038688	231629280	238184656	179709984	168336928	157673120
EZR	993399232	1438934912	978379392	2390165248	2672043264	2464651776	1641677696	993007168	1318540032	1221250048	1057675008	1486815744
LMNA	1871320576	1789322752	1700246656	2475394304	2416359168	2875881984	718431808	556808768	623328000	1045414912	1161446016	1256480384
UBR4	49230320	62110376	60551756	19714346	20297184	25079120	16739858	16807744	16132309	32591060	32680690	36225108
THBS1	935084992	857790336	762132096	280597056	290573568	308717408	870271616	861641088	871878336	359833280	407326208	337259936
TLN1	47805752	51263440	51340528	45211284	55022652	45361652	51333632	49129160	58753196	48772564	47307640	47244108
GOLGB1	16901992	18662940	14004073	44080416	45271828	35266200	14837016	8327000.5	13386496	13230221	11792299	17016676
PTPRF	255726832	222860816	225849296	239912032	222785872	229191776	527399296	446088288	458734080	315178560	316140096	280315456
TCOF1	380609312	390817376	303864064	311504224	267775920	319195648	142488672	97780456	124500400	204470848	224812560	238718016
HSPA8	3480111616	4296819200	3380353024	5764702208	6350561792	6275428864	3731300096	3717733888	4503519232	4490505216	3759224832	4207608832
LAMB1	559300736	605810496	530587584	888500352	959481344	708321984	940143680	593969664	643672256	481131456	418958688	555139648
DDB1	587268288	522229664	581472576	483637888	528125120	602108544	364899072	404319104	422147744	471822016	460692896	512913632
CSE1L	813054464	935659456	823159296	366102432	359183360	397507232	494870592	569172224	569976000	409879744	406683648	465364672
COL5A2	492746144	434997632	360701920	694278528	602217472	628915968	46316612	23248634	25638464	199634912	187754992	188438912
ENO1	5878849536	6387837952	5539699712	4865960448	5709639680	4597910528	3920695040	4505419776	4996187136	5251537408	4900908032	5026277376
EIF3A	129191744	131511744	118087712	129999040	91301552	152709120	99671832	67313936	87382784	82132016	95968776	94907544
PKM	2377504000	2298772992	2527270144	1201413120	1297801856	1298706176	1422116096	1768278144	1871217152	1326584576	1327020800	1457022464
RSF1	96839112	104787752	97128848	130119896	133112632	164409728	55405608	40610496	49260256	88468016	100657880	97892096
NCL	9354756096	8205641216	8208534016	8385666560	7998298112	12070233088	5584719360	4939554816	5563167744	5998594048	6964189184	7058573312
PDIA4	492990176	573347520	566850944	793449216	914697536	905460672	592821248	506228672	546051264	533697696	454310880	517339040
HYOU1	293698592	298529280	287931776	378476064	349652160	423268512	307889248	293603936	298521184	336857568	313044896	292148992
FAT3	44552388	42355080	37250132	37420216	35122368	40145552	17975012	17965570	18722916	39009984	39970172	40093712
TFRC	781574208	705330624	724025280	1952425984	1946930432	1875786752	1022958720	791290880	880341760	802140736	736140928	776416704
SF3B3	185758608	182236080	197670784	97646576	106968784	130864136	95890976	115049008	125681760	146317840	173837568	159486816
LAMB2	199285072	232397984	205234656	358483904	395274272	267128096	183385104	139341488	158394368	211013312	187454736	215324944
CLIP1	76315520	80805688	76332176	85565944	95518360	98152368	63387768	58500360	62352176	70745912	80483360	77774456
PTGFRN	462122336	406910816	375093216	198910176	261811904	217249584	279577152	233504672	232002736	271047328	297199392	269764576
SMC3	69551808	79085088	69689800	40593616	41492304	54880012	56164856	44383468	56585540	67627240	75636440	73483208
MAP1B	68645184	75647816	75297512	36452088	28611628	31844546	25563192	19195302	20720836	32487090	32903632	31367120
UGGT1	51004804	70411128	54584636	40044244	46335884	37219716	34067404	39550860	37624676	50844816	49247220	41613996
SUPT5H	101080728	110535112	170620496	72297688	79374424	92614584	53896220	112827160	43757300	106078272	135676768	137903552
LAMC2	302463200	285714528	260559312	273890528	274220448	267510096	192338896	147226512	160772944	168584016	188775952	176759632
HSPA1B	540923712	694118592	561610432	735248128	775407360	704308032	501323264	577768192	693804160	720232576	642092416	615809280
PTPRS	181002064	152300192	152738208	194254176	208399040	215862960	478597056	533553344	483714880	244600096	255194848	221714896
SPON1	12085672960	10196714496	9702163456	12155789312	14008034304	14533622784	9769072640	8904530944	8894694400	9905714176	12939575296	10119929856
VCP	199688736	241082944	228387712	263894320	291204064	225632960	177125488	165430432	190496704	217232736	216139280	232322240
CLSTN1	4256705024	3574312192	3552987136	5118546432	5635665920	4755278848	5189696512	4995722240	4653144576	7198526976	6222856192	6913845760
TRHDE	1046400640	878737600	930533120	1128154752	1027705536	1081608576	606292864	509811168	510987616	1092525184	1003600576	1138540160
XPO1	186688304	212365520	204403040	88484192	88397992	102682952	173251200	211216992	219743424	169001312	166381952	168526864
MKI67	30815048	29542090	25996824	17028276	16643928	22926950	4104671	2192137.75	3742418	10740416	12659726	11149904
HSPA5	652789824	843209408	769193792	1348303616	1435385088	1335351680	766040576	649641984	689955136	713823936	595899904	683262208
EPRS1	83076544	97158576	86030064	40954104	40634112	40113904	39980944	46819040	54250776	47854296	47506084	50580404
SMC2	34665436	40688756	32014266	12631412	22803106	19712492	12649726	6899345	11212243	19478270	18594826	25581926
SMC1A	81654256	104063664	94845136	44951780	48211452	59702968	48734972	50982704	53085544	71802432	83322088	77968840
NASP	162629584	209363840	171133840	319914976	333592992	337021248	107337032	84334416	111991680	168908752	160700336	193990848
SRRM2	115726408	124083752	126225168	125914608	130345944	185207744	74661640	51125148	71221744	84937040	98912304	94464736
CALD1	410094240	380169888	376550528	268091760	225072560	314990016	86367104	50612404	76549272	224568896	248753872	221929488
EIF5B	225958464	187172144	167425632	217083808	157557104	224453216	167224160	120714712	153957696	129737464	121578392	143825104
UBA1	86198544	107744960	97687680	73470584	77946112	66515452	67541904	88912928	83566032	65602324	61436252	60655844
EEF2	345086400	385548608	350978688	277970208	313873056	275325696	255573232	335209248	327923008	221216816	226679248	246188336
PRPF8	29132214	42784840	36742124	14391743	14569185	14656770	14443580	19249578	19179582	22534628	22699270	22712718
RDX	52235824	65210548	49591904	135153280	150334560	139607584	72323112	40636516	54740340	72964464	67031212	97671720
NEO1	148039024	125740576	123525104	215279936	184007568	218637296	200338528	178141040	172396672	219685632	202835792	191959856
NPEPPS	219366656	238023296	232848704	165122384	178591744	154887936	145953648	172291984	177511792	154711040	147281440	168872704
PYGL	64982260	91006224	73984384	53351672	48075904	36207924	36984620	40742892	41499688	26979852	31154442	29476200
SUPT16H	226215056	246881872	230661792	167396800	193249984	199615472	144497696	145947280	165448240	149124112	166471360	160406192
COL6A1	391939424	355666656	381735680	359682848	355963872	349500928	433675872	441251712	379544000	428708608	380481312	360440000
GANAB	145806032	202487136	175914064	142439632	167006320	157814544	130850728	141869792	126319360	144662704	141902208	121912400
P4HB	267996720	380911168	304630112	540609536	616792512	518790880	321931392	308991232	326865344	347527360	339966240	292346496
PARP1	93940872	133643936	102908128	79626416	82168376	77408688	45353964	48877996	63337792	65511220	70847456	58823632
XPO7	113079576	111952680	148701104	154838512	157184608	170277200	104704080	122506552	118289784	122855920	141928192	153136096
ACLY	93901640	108987488	100068840	89644688	80026304	66014264	81086056	57209300	61147052	103501624	78517120	117813824
WDR1	982465472	1011473408	1069776192	379529344	433336160	501018144	663099200	914644288	862575040	836206848	761870848	858343232
QSOX1	942321344	1070443968	938838784	1044588928	1201083392	1021859968	752820544	642255552	708885824	687216832	649954880	670158592
SSB	252267952	322008704	280581312	269599200	323996256	383194528	207911424	146136224	185853136	219902400	212725424	291410656
CAPN1	299257312	346476704	329227104	178954880	181629872	187442848	299986016	420120960	382230688	316809600	302915680	320381536
TOP1	193851008	168093184	172801984	201152320	161068080	196619968	133088320	115048664	135792208	116216848	104966848	121473296
CAND1	102765424	133974632	125222480	81610552	75968816	64750300	68162696	77414992	75098064	99013704	92142424	107977232
CPD	73629688	64744956	75912744	49072644	49024036	49526752	86505608	129295400	105440152	38950268	34830340	39535576
DPP3	190814544	249379232	204542656	214821392	269694912	238870256	132419664	151374304	182017408	243842848	229163440	237498144
PTK7	528314880	458952032	488335712	463799520	468704192	458411040	941816576	827673984	816781760	524578144	515217120	538758656
LRBA	37067684	48408576	40666728	11692180	12170299	14065527	12615482	13597767	15122774	14466384	17367848	15739180
TJP1	74742136	81145488	75389632	63996812	73614840	94642520	35136352	28293450	33482146	41675828	62737724	54182248
MYH14	18564186	20297890	17991754	29723958	25406160	30295216	12446674	12921082	9213307	10350808	12541235	13987888
HSPH1	132910472	148765840	155888672	122818192	143330048	159914064	69008416	68797976	84680792	106361456	110435592	129420568
SNRNP200	22092230	25297276	21889954	11942173	15724721	13517376	10122974	10603909	11171390	12823984	15007229	13664698
CHD4	66815124	73105688	69274848	45432156	45055348	58872436	33854808	36295220	40437860	54453416	63124252	58630896
LNPEP	170330064	154693664	154544400	138858944	123197904	128322120	52637044	52188336	52136936	178762752	169081808	183314928
ANXA2	323331840	404809856	332892992	434828288	451024064	359122208	346932512	256544192	335382944	211415456	256747200	234658160
ERAP1	86386672	81913120	89239896	58505324	67442752	79343344	86146280	104779888	99800160	66365260	63864068	60406452
EPB41L2	112996632	122068792	126397192	66510728	62018952	76110272	35697872	25186098	38824764	50957364	60492968	50534220
IARS1	45898364	50020044	44461656	12784019	12094128	12101121	15968892	20351366	23128808	20806122	18487608	18846190
CALU	849469120	1375751424	1143597440	1431587200	1389835776	1225545600	1422624896	864262272	907743040	902089088	768411904	792336128
LMNB1	139339344	131515760	136969408	208637296	198261632	247678672	79540536	72950792	82517712	167806544	190103840	159499760
LMNB2	100384080	104669696	94499952	99940720	93967608	114886280	66005164	68021568	73478224	82392080	86703160	76392680
PLOD1	357711520	433499424	327875840	342136320	388983040	276473568	252757072	261600496	259254992	270400960	265698416	231993248
STIP1	101296888	113955200	94710464	124094832	129717760	105576696	71082192	58013388	77272288	59625168	53084776	71738144
COPB2	93210832	98707192	103491768	55411264	62086836	70858232	56484148	67787216	72028040	73246912	64443360	71306928
DHX9	59362208	82558224	72331784	41676708	43522872	39172164	33137858	37195552	42698932	38808324	42132912	42290216
APP	3082215680	2945108224	2648779520	5150020096	4883296256	4557649408	3716673024	2500512256	2737207296	2717821440	2378671616	2797143040
MANBA	305738496	265844480	258926032	250369856	231798592	243590416	215558896	197133088	171523232	162876544	145810112	148454112
SUPT6H	14410540	19039028	22838660	17610018	16882898	20138624	8777516	10784581	12510562	10078681	14659390	13199420
LRP4	17111550	17541672	16712842	10319580	7721198	10128937	33477790	26597282	27757244	16448612	14286746	17876124
TOP2B	41868000	45870224	36246492	32958062	32382382	32626326	43329188	33830356	35624748	18705114	20523188	20586244
CILP	93707408	84702272	79609176	353922784	361110112	367439808	37250100	27902730	22417396	197974928	218794944	167509280
LAMB3	83244144	74975240	67869880	35416016	33433094	24664150	52529980	36714708	40754868	25402576	23576946	22450672
ATP1A1	112632368	131482952	103003712	92537584	118173936	101300544	87010016	84915976	85600536	84433480	126848024	89970680
KRT18	699735040	917253504	699810944	763668160	820426112	778117504	599152320	553880832	754168192	677826496	820732352	589946688
USP9X	29495706	34145172	36597208	12786874	13713129	16520733	7437614.5	9081060	9050542	19671152	21577286	23540748
GAPDH	7288563712	6955981312	8475957760	5409243648	5201584640	5444242432	6840569856	8826671104	9001080832	4257023744	3600923136	4296759296
MAN2A1	58128132	61189704	67231840	59770404	61064900	66729224	33192838	32388534	39813352	62279084	70388760	62477424
GDI2	216740208	230792928	227408768	219473584	227480448	199115168	170909136	190122832	210401424	177725792	187213184	180136096
NCAM1	374184512	313457312	330174880	569967808	541094528	564902528	733532416	570098048	620000320	1198498432	1118693888	1085504640
CALR	1160651392	1233419392	1306800512	2279228672	2259786752	2881168640	1591569920	1441829248	1356275968	1310863616	1272833280	1376017024
IQGAP1	22808866	27965144	25948354	23841466	23306844	18976894	16135662	16216174	19392274	15990590	17933902	19379644
NUCB1	120476648	124582944	89932248	443797056	435984384	294771328	174832112	108411416	128447208	132638496	117374704	138072816
APLP2	351988544	348709216	348707840	771402432	734897408	833234304	1081619200	923058624	986915264	605744576	602361536	608082048
CACHD1	39305272	35435732	38396400	48684756	52830044	48681456	146592672	137578160	127706832	81491160	72535344	71407040
SMC4	35364388	40494760	32696190	20738158	24960012	24439446	12451153	9612753	15099691	20901048	26079662	27533280
SF3B1	41045148	48484756	47534376	37196800	34164964	31522628	25553534	26565692	31019674	35869040	39815396	36826160
PGK1	524218112	539001152	513221280	638025344	705743488	571772864	422316224	437414848	456734464	517577408	478248384	498679008
CDH6	1109959040	932126976	915508352	5267676160	4319718912	5050600448	1094142976	900526464	914968384	5700299264	4940179456	4767076352
CAST	103189648	114171776	106840312	309839616	310018240	352112480	86427040	55867360	66104724	197043712	202060720	249925664
CKAP5	19004342	21647100	18157750	8354320.5	6030723.5	5276027	7150033.5	9128671	7409233	5015288.5	4888285	6394724.5
IGF2R	83172448	68541616	73199008	70126584	77661848	72666760	52132656	62573584	60673516	64912804	62452644	60903836
IPO7	95993944	116132216	118510760	43334460	44317752	52255904	73728496	83618920	83080944	78337360	81250408	88632448
FKBP4	128824672	160000880	137623216	88515352	108576784	103331792	88124120	97213528	113586672	76576352	85215840	72447768
NRCAM	50892168	41596692	42678508	147106320	134014256	127069896	220138736	178826272	191966112	49853724	45844292	57406560
AFDN	17034600	21464152	22209046	10491241	10455136	13193341	8158973.5	4132123.5	6540459	9107453	10303029	10042354
EFTUD2	53397920	68323640	59263108	37214224	45110016	36461364	28501416	41663676	39251456	39477720	41564784	42118892
CEMIP2	60601736	66035576	66201368	15981489	13467304	17654972	15153474	10979590	14367015	15396335	22191556	19458874
ALDOA	540548928	587514688	534637888	678843264	749898752	610793152	452783328	437893600	546390464	444801760	399633472	478023072
ACIN1	82614952	85658600	74385432	76564192	72969112	104163192	44172236	24209764	37637288	45049632	63074180	57217556
PPP1R12A	255231328	275220864	238902992	455050176	429317312	425875392	262514672	238674592	317161504	335777120	295013952	334198080
CAD	26002148	27544154	25515688	12821767	18794558	14493376	11315972	11634943	14769633	19615862	20793150	25012152
CCDC80	81725664	83842680	81897064	38318420	39159308	47455912	160824528	146314080	142375248	38106784	44687452	37377784
TKT	433263584	403499168	382961120	567242048	634389440	491754464	434949888	384150368	455127360	411672032	469683648	455664928
VCAN	204835376	189084096	178231280	428758944	438126656	403221504	71937896	53437564	51252756	154865808	151616896	154039728
GSN	394326240	474279936	408094848	450236608	533507488	529863648	272337760	297755136	312804832	451484320	446249152	433042720
TARS1	70829456	86233848	77726488	96365520	101904432	86091624	68355456	67988208	83237488	72200176	72030776	77511424
CGN	18296166	25871866	28922176	56627072	61773836	67366976	28690604	5894331	11598824	12841623	11729203	28929702
PDIA3	509234528	647416000	561778368	1024297152	1186091392	1040449856	580176064	444097760	500301632	633292096	589513408	599265472
ROBO1	62804936	54219624	58205088	74137800	68511824	73377040	113218032	92273072	82450720	94430200	97987016	101189624
EIF3B	113859624	140916096	136320352	102168312	99265304	119242896	75845328	92822320	101612784	99065904	103683880	106585192
CAT	84231208	92245368	77485216	81517648	98324864	88384392	66221064	58701464	58006240	69799136	71429232	68395248
ILF3	112106232	187724672	161975520	200177808	223560304	191073424	116415776	106545352	120916728	168785344	168988400	152603616
TOP2A	33019588	37025268	34782168	20407352	17108944	26881858	10190803	9248868	14216409	14317584	16969858	13234783
PTPRK	226609088	189689312	185710288	269035872	251634064	260889856	470781056	403659008	373583616	807061504	748078336	720423232
TP53BP1	25005896	28289566	23760920	28288826	30490312	33179164	13322947	8198018	10784301	23570790	26906554	25803292
PGM2	115434936	124236808	106086568	62988360	73843920	67591496	74760152	94907848	102820984	100304848	91891552	89296232
PREP	116796472	129236864	134155152	96265472	101230360	85280592	112344800	89301288	102745000	114309696	113342456	95935664
EPHA2	51008460	44828676	40824840	32705084	36332364	34620324	90144656	88183352	91545384	49240052	47197316	48127228
PLOD2	83603800	83516112	78333976	58763132	75151888	61528232	173827568	183420288	170330688	70315848	57664012	71156288
RRBP1	20085966	22576826	19751050	42227116	38010720	39039284	19954018	9440965	12930404	15380608	17441128	19162656
NID1	253926368	249981648	247627104	132801712	128936448	125487584	267405872	250862496	247696960	52990028	56903460	47724568
DSG2	403918112	269452576	269130272	284242912	259045184	258555248	372116512	287097216	320120160	610766528	532443008	546315584
YWHAZ	1584606080	1559790080	1578145280	2633160448	2837746944	2021474944	1701060480	1462477696	1635085696	1281439616	1218199552	1578386816
MBTPS1	33464198	29856278	28266676	40001200	45568172	43694876	29835692	26542704	23236664	55532856	55369956	56160780
KPNB1	44844484	59110972	59461144	91518504	70252272	56292816	48433560	49898524	45096428	47784972	41716088	53234976
ATRN	111055912	81998752	85980800	273450080	239425888	237940320	135432752	119229056	98871944	184210384	162114912	182125728
NRP2	25272038	24694712	25615926	20025032	20962586	22801712	78423240	67917432	76900792	6575396.5	6893936	7337854.5
HTATSF1	32562784	29408694	26273774	58350260	54740192	64697656	36015512	35587024	35886228	35714852	38640556	38068148
DIP2B	17652468	20442902	21889366	15434896	19683374	19958846	21435594	22678926	24001740	16399741	21832796	16907920
LSR	379825760	392582304	345495296	1018570560	800580608	946385024	563934080	470398112	502580032	681094336	612531136	522993152
CSDE1	56072632	59619024	56014944	24685614	27998770	41810100	21772448	23212418	25570284	27352360	34974676	31824736
ERC1	16287831	28310692	16091056	37335788	34420948	39947604	19448656	1820876.625	7342440.5	8364832.5	7828047.5	15487102
GMPS	62383224	67839448	74273112	30519920	34096760	36045124	33463816	47517852	45043164	44476480	47046460	48272880
COL18A1	202680608	248962976	234650848	498499680	610864192	641487616	387015744	426721536	381876608	326592000	466492032	301599008
GPI	420119424	460305248	426419808	464537696	484449728	380589472	351729440	363935776	357680928	317812256	312775936	331857632
BMP1	122915808	75490184	97721968	86353520	90587032	91824728	82105272	76854272	71734936	202005776	226508704	176535776
NCKAP1	46579508	55923332	46733364	33563812	33163608	33339758	20093700	24782380	24099502	48586324	53912376	48269008
CCT8	132226504	151536896	144498416	94198720	99561808	96548176	72481104	85256376	92211112	105320008	103406080	122345184
TPM4	191510832	244539488	229505344	520866016	525316992	390250944	200947056	134011720	188759712	157200944	145726864	201194544
AGL	34164564	40610724	39614740	13981943	14084974	13071706	27885450	28423632	34482896	19231974	19787552	23305884
PGM1	75353232	86925008	85647240	38276216	43651040	36324060	49110960	91681800	90632464	50102884	43535992	41428860
EIF3L	98511096	164195408	116971352	149501440	83119832	82208424	100066888	77388888	86673552	95535656	94664256	99098728
ARFGEF1	16669521	21124256	22090990	6514593	9391677	11090268	7699486	7385742.5	8699127	10341330	14617496	14727183
COL4A2	447229856	401109504	357899072	445364672	372584448	500243904	157755600	129403576	138803056	163194240	174640624	147322160
GALNT7	74517528	80254344	55907748	91179272	104676472	74019960	46155880	43796088	38971012	60022936	54999204	54550140
CD109	48117016	40285084	36992828	44594516	40819492	38833312	81199960	71988464	69362152	97388064	98659720	87357048
EIF3C	106941680	107287392	101286088	55007724	51473948	61912744	49388912	47143616	55105572	51904076	65237740	59063312
LTA4H	98204744	105454840	105430328	112876832	126981272	108456432	64403424	74090560	82022696	90115240	94020144	102111144
PLXNB2	46833320	40582592	45379372	79709608	73261392	77442888	43167452	44789800	40864248	56715416	55670604	53691820
BOD1L1	14782186	14797391	13285602	9796476	12134030	18248388	5595546	3717055.5	4730613.5	6266281	7923372	7543471.5
EML4	49737488	54197220	53944900	26884878	33789460	34969736	29627964	36167748	34092340	35553832	39166744	34606256
GDI1	30252918	34446588	35511364	50316712	54521448	48888372	36901100	41571780	42505832	34534380	33705384	32990250
VIT	2957114	3298758.75	2329742.25	219464448	190678528	225735152	39796336	33022444	28072200	179495920	185230288	167391328
AEBP1	49755036	52376700	51869132	25987224	25784394	26789500	21507524	20862804	19892520	5476375.5	6292669.5	4325282
SLC3A2	145424144	212257920	164035904	139626240	166546096	121475552	241248016	155495872	177396960	122914448	127634232	125760152
COPB1	41411268	50966508	49510292	20982306	19036922	20721200	24239562	29746592	32371030	34652176	33281718	38113908
GOLM1	227591440	205874512	181507568	710694400	692804224	681217408	291488896	185829616	196401312	495144512	421916672	569914112
LDHB	1605047168	1595738752	1645409664	1296294528	1375442816	1312907392	755728064	765235968	891177024	954139584	899419968	1112777728
PLCB4	34931164	44022244	40123240	6325828	6585083	6863943.5	7278558	10075355	11089754	7224460	7396157.5	8712054
HNRNPA2B1	335269920	516142208	442082400	253032864	222291840	292858016	162540048	176873600	219794144	183350992	232544272	177350896
PAM	76918384	77696104	65228812	68239096	66253104	72164512	61906716	58469360	61187984	104133000	106037256	93019752
TPM1	86957576	96965208	77584712	102401120	97568560	75254448	38658252	23022884	30940476	39316684	36685716	49758672
XRCC6	44715884	69965824	57001024	49001784	52803084	45902928	24751126	27316124	31869728	39265900	37672408	38309320
PLOD3	81231184	109367592	88791976	94254104	101989824	79531416	76583880	64908520	65044156	75265488	65800876	68434680
PTPRJ	173363808	148428288	137999056	137514448	128989304	145180880	117247176	119118480	117550192	81668864	77106832	83074368
HDGF	528557824	720485440	675302464	700289664	684607488	714514496	442081536	317822048	393075552	442187168	397117888	502796800
CNTN1	9998935	8974607	9414692	41554120	36824864	40609392	4119649	3449314	2553700.5	59014232	54426076	61027036
RNPEP	40108812	48060068	46847636	48989732	50539080	43434564	37518984	38285032	42958344	34033852	33335458	34940536
EEA1	5516149.5	5300582.5	3802406.75	16610093	17455288	13982850	3798540	1098277.875	1716536.5	6879567	4885971.5	7780827
HSPD1	171152016	224765392	164187280	148158000	211700544	125930608	137183696	117173624	119617760	132157600	123654336	113407352
CFB	438084832	425943296	506495136	146667568	169322288	132425704	202513568	236751392	213980096	226973360	188498544	194732032
NDST1	27268974	34823820	26561874	47470464	50826360	39956396	14764764	12036380	12193583	43166548	36687368	35359924
DAG1	256888000	230983504	218842976	273862688	271115840	251614128	667617792	547190336	547256256	334507392	305874528	276337440
SF3B2	75901856	69365416	70059248	64205076	47780800	76018904	44960756	25815274	35802820	41972352	62054028	51994812
ADAM10	156268128	145391968	133402696	111929176	122289232	112187416	197146736	189338960	169851712	132911320	119549496	118671824
CLU	1392582784	1689348096	1482831744	3269114368	3208961024	2781448960	2737044224	2714232832	2292321024	1734979584	1511643008	1615963776
TPM3	113508808	123994168	117436088	191990304	194625712	158051504	82182552	57275000	76640232	83444488	77399840	93743536
SPOCK2	2132514816	1565117440	1501388032	1578935808	1537966976	1309566464	2549115904	2424617472	2136259584	2211134464	2117367936	2308122112
CTSD	705365824	719788224	618871360	709659200	724459712	605069312	742312320	768460544	685076224	1101804288	928015808	888565248
LGALS3BP	2073988608	2128966272	2018583168	3379554560	4661529600	3793971456	2390407680	1981147520	2229104640	3485487616	3968632576	3624950528
EEF1G	183714384	224786464	197027232	116779456	124313568	130273808	125729320	145720720	150713296	174147664	161041152	172495728
VIM	34529180	50818348	41899352	39611552	37125668	34868164	10464268	6519992.5	8308361	21062104	20267974	20415916
CTSB	10245927936	10315889664	10213252096	7487288320	8008090112	7082753536	10382680064	10679593984	11466546176	11469566976	10295470080	10148784128
EIF4G1	92331816	109467272	93963040	87194904	76422056	67207312	77270616	93083136	97358864	67742000	58432896	61613296
BCAM	377510592	337014688	393253472	405297120	360911776	389234080	588422272	600028672	447588672	389492384	449974304	404810336
CTNNA1	18330922	190721328	21805258	31832738	149878768	117975544	17252654	14986146	16271987	13624683	16658321	14076718
USO1	46300664	54062808	47219632	77825752	71332832	61799012	42070296	48056652	41925016	108349304	112455288	98503200
SERPINA1	229263344	289904256	230929088	579360128	586963904	379295936	1116437376	788284352	783643392	325989664	278940768	271447840
NID2	147050480	152176400	142725056	64132476	62847332	57785944	55649016	67495800	65539716	60055260	58260312	53575428
EIF4A1	74466976	80351904	87540224	77212352	75636224	63830020	55336068	62447912	65294124	47348564	47571428	47590648
FSTL1	4587204608	4926388224	4418272768	4975181824	4263325696	4559727616	2888965120	1781035520	1856480128	3210617344	2574850560	3289142528
ALDH1A1	115964328	125416016	122288368	86796240	73189664	78646072	44499652	40717508	38046540	52155676	42062852	57521748
RARS1	44224476	48829612	42335004	41146336	36232836	39763200	25318038	27901742	31409978	51662984	48328568	48402820
LDHA	598111296	594714048	643868480	850045056	827187264	740822272	520546624	443944576	501696224	370615904	369367392	419023008
TPP2	40739432	39871568	51820156	20784666	23598178	21863180	23282490	29705168	33238064	33757272	32167062	41299304
PDCD6IP	25876684	28314846	29409778	37689008	41660016	31606526	27528006	25603986	24856326	20821072	20949780	21787396
PCDH7	17178120	18679054	17618062	26595374	22811276	25745740	30382644	28772962	30244224	11998702	10724993	11426643
ITGAV	92221488	102032112	79698328	61420384	70773968	63527296	86980384	86897768	91617648	62667840	77606808	66961324
CYFIP1	17597608	22048328	20085116	9321626	9628724	10582830	15558739	13703273	14577478	15469697	21076952	17552826
LOXL2	571668224	480305376	472424512	256104160	247913296	231179696	376335776	334167808	286877504	356482816	307544608	335057056
HSPA9	23832572	29627112	25337564	22336344	26240848	23405418	21326644	19697772	24521556	17311648	11183628	13455147
PABPC1	70860648	88123984	76892568	54398004	73345648	73167344	50334508	62219668	70034688	41020464	50877512	39102568
PGD	249358144	265043232	248161760	239177968	256798688	201358704	123325496	126665776	145934704	138718272	132402904	147866256
FLNC	20519112	28892008	27751924	63257484	38631164	43456320	48757488	44376752	46282500	49848964	42758712	52566876
USP14	63163068	83735072	72228440	62390540	70860672	55592884	50094316	66578120	66008820	56305576	58861344	59103908
CTSV	1027276288	874611392	919888960	865097792	905982720	896878528	2117631872	1883387008	1714337792	2326230784	2362460928	2026619776
XRCC5	47997868	64168968	59738848	40938860	42315732	44115148	23715876	22484446	27978542	38999896	43454440	43549736
SNRNP70	243875200	271691232	286892160	173173904	185494064	282379872	202846288	190789232	201829616	194376704	251106288	215575632
MAP4	91553760	84572704	74739536	65905140	66249560	61657172	22266120	13868647	19235454	40394296	46942448	48443420
CPE	75549592	106944616	75938296	110169464	114898368	86616136	85996488	82469784	81962064	89323336	79510448	65474208
KIF5B	24773918	29998924	24972216	14222383	17298846	14764831	9559030	9893411	11042178	12917136	14688791	19895300
PSMD2	20536764	30719670	27641194	24912400	25305806	21145716	17101164	19511612	22942862	21285002	20482914	22347448
UPF1	16415968	19870982	18167426	6600035	6686255.5	7516822	5870608.5	8870136	8943625	7170562	9254436	9007569
GOT1	160932528	163432144	152119936	151831488	164094864	143552016	88569408	94045960	110609064	90718512	90145576	97488104
RCC2	167205680	157462800	161892128	94978520	95724152	130530928	83593296	91681888	94273128	70759184	87765264	81054608
ANXA3	78537592	106524368	75210256	69494488	60889460	53999076	42929412	47490172	54642824	35593988	40935440	36478720
TMEM132A	55590936	52467884	46212716	80836776	94357032	79394768	72419128	75066264	79063456	110183016	89747360	96636056
MFGE8	388760960	462288352	377895584	502292288	581898624	468320960	1252484352	995229632	894408256	1064397120	1035833024	935199744
TNKS1BP1	16953188	24179588	19931452	10555251	12093833	14622069	2464575.25	1527746.875	2374188.25	7949650.5	10181754	11143820
BOC	89973144	76458392	83007752	225553856	227009232	251576400	62193736	55139860	45907200	166836688	164125024	166369616
MAMDC2	144335072	104331184	101008552	79042872	91177376	90668072	15476542	18087348	17419994	69100920	75016112	69644712
SF3A1	33246770	41585632	33920464	35094320	35154636	38396768	16462797	10161890	15113851	24998662	27446332	24468570
EIF4A2	19612358	23534952	24791418	20806380	21176356	16446574	13273387	16040016	15840994	10772833	11171674	10871706
PLS3	20312730	24999330	24993034	31523712	29675706	26275828	22109508	19274972	25427746	22452324	28175462	24440958
NUDCD1	99275312	104421616	114937528	41187680	46092516	50878208	49399848	69252640	70797968	59870096	62899588	70086720
ANXA5	115119088	129700144	116098000	164495152	147216144	136039824	111982000	94989264	113661848	60682788	69151416	68023040
CCT5	25437066	25911506	24724046	51758008	52474544	45423120	19845438	18764320	17110318	27921046	28692168	31874626
MET	110817000	109510256	118982560	100154816	111586424	87181432	175470720	166016736	207723440	172377584	129036024	104425048
YWHAE	217668352	205312944	180673296	441690624	458849792	358529088	224062192	180834992	206699728	181281232	183660464	230065488
TLL2	15725939	14295013	13800307	8482410	10922540	10404188	14268689	10874547	9519469	27998716	29217818	24908712
ATP6V1A	41651808	55576680	44842804	30342360	37761700	31867572	29638930	35170532	45150108	39290136	40156588	40676552
HK1	34914900	36160836	34849700	29127390	29088420	29583096	27924688	22778692	25105510	27611562	29003184	23734596
IGSF3	19035710	16541672	15815462	14534077	14354040	15457596	10852636	12221510	9849321	20719554	22601970	21894610
HSPA13	147582656	188861952	160021440	216399136	206231696	219798448	278272480	233066336	210833952	193239264	164848960	176522096
CTTN	281764320	268389264	198047904	161041664	154378480	161248608	588405504	612697472	698973888	205085056	199138400	177947808
GDA	102846712	108441016	91900976	68910504	68300376	55542388	55246216	53874840	54977244	36753984	41665260	42974960
NOMO2	15238739	14507635	16675340	21810824	22782012	22449794	14065182	18301732	15672996	18146724	19815256	17855802
ITGA3	86941992	97123920	70838328	48582764	56175584	48414796	207040432	185826496	189637552	93644488	101236736	87772352
MTDH	159540368	159460480	131748448	196422112	181012064	186471184	125443600	75898744	118962824	104282664	94547776	107370008
MMP10	13018730	15666867	12494171	31273546	28206352	24205902	135700016	130828720	110321496	31332646	29758554	21545588
PLAU	703001472	775922368	768048320	330516864	312282400	310580576	2202080256	2170761984	2235046656	865094592	981885440	790919488
EMILIN2	7515053	9429455	6065104	20152090	23760514	17666184	607899.3125	211384.4844	523396.8125	1279491.625	745661.625	1898310.875
DDX1	58489972	65342044	57491780	39482668	42024288	37469588	40673684	53115648	56755832	42502216	37992200	40376116
HNRNPC	325575968	434392544	359862720	361506176	330282272	405223328	278018144	190863840	302424576	225969584	234810368	219452224
CAP1	199754816	181823584	180786912	76806592	81762408	84183688	81973712	93614232	91285976	119209816	110866952	127388840
MXRA5	14905473	13820906	13911655	13794052	17074010	18314484	3904938.25	2453246.25	1720248.875	7059858	7731962	8506017
EXT2	23496272	25680242	20521526	34763440	38367144	27348330	24015618	28395242	30400578	28672368	30787010	23330554
HEXB	282758432	326207168	273449760	504030208	510655168	435951424	288611840	219345168	204924368	442456992	401234208	431579072
EXT1	38248340	46379736	36637928	39275184	45780884	34277888	45220556	47720980	43822532	51207332	48690748	40703660
ATIC	32815694	35384996	40401404	21394436	44745668	21377036	15105427	16062378	18858532	20366646	20911786	26333538
DSC2	36074988	34254292	35792212	110292384	98945824	102322328	73093304	65368364	75969896	292118848	248887936	218286656
AHCY	218490848	216048096	217502656	149521152	152604192	147158656	119767112	147652560	143268832	110417712	107111112	119365536
PPP6R3	26226126	27341782	29403790	14429923	13397786	16790488	14227888	21065390	18688068	16785076	19934306	18349066
CD2AP	57656612	65735576	56588720	40535616	41990952	42423320	31414566	21268770	28464410	34801800	29486914	34419168
IPO9	67307648	74712624	72104184	36143484	34899596	41163392	37565348	44904308	55213864	51893800	56566168	56231344
TUBB	220933664	337744352	300820096	206279776	221879568	215788288	148179440	136331584	193914944	141939232	154032960	155887072
C1R	42172384	37542672	34669244	69807912	89515536	78064968	42779500	44346096	42600904	66904452	61479568	55739036
NRDC	13417473	17257458	17636176	15105539	18678196	15760227	13418499	13134549	16540103	13259836	12754466	14757812
SDF4	382811296	500388576	371632352	1056233664	996813248	856959104	447387200	280692352	325153152	583137536	471464992	556594944
GARS1	36026120	38942520	37316092	24423754	29401818	25394700	20181742	17199332	19943104	21880650	22135268	22661340
YWHAQ	128262416	108797288	105439824	244819424	241621088	172868816	184270592	156988384	177429664	136687776	132400952	151680656
HNRNPA1	1171996288	1500785792	1521040640	738252160	650260736	1033112768	714552320	820829952	1062066112	602044480	756958400	543184960
NFASC	24034780	20481728	21214810	24604112	22817468	24077444	22405876	31531438	21370078	44223428	43013008	38148528
HEXA	130561000	173530368	125379104	248287904	267957344	192593808	174969088	158900064	146808688	223520000	179693888	189325008
SAFB	71191200	76389376	80978056	109817424	120729176	139017984	43228020	30823334	38482668	56853432	62659600	65345000
EIF2A	86754440	86311552	91574616	32038810	33539020	29792434	53914128	77688856	81666048	41291116	37124412	42519896
DDX21	34788996	38784536	34231820	17769246	13874754	19500548	12272994	15339187	13804295	13027874	16350610	13225036
SMARCA5	30586576	38817520	30738794	34498324	35239168	27038270	19402822	13389959	19113106	16999884	19002114	19289764
ANOS1	109660224	93402776	93203744	48804444	48728392	55890772	41994308	41979084	31371036	52328116	66229164	50410460
PLTP	303565664	344618656	310694880	442765152	421939936	439895136	535140160	512030336	457667424	375433568	315735520	355591712
TJP2	35142684	38289216	37279668	16766401	18281670	20906978	14795028	14611508	17046714	16621094	24668502	21023334
GALNT2	63055924	68629208	51033496	99437416	107782072	89924632	49425652	53934476	54690212	113784752	108044608	80225856
MYLK	20449204	19983518	22676014	7267959	8717562	9226329	7445566.5	7762077	8067845	5638699.5	7199554.5	7447745.5
IDH1	144696864	145872864	155575136	120246008	137812736	126534800	84733440	112211320	110420392	111796408	100787560	104226128
CNOT1	17668204	22320262	23717568	9370808	7092531.5	5605075.5	16510754	9065979	8139912	11296844	11225373	13130552
GART	40458896	46719368	53439320	24482946	26732908	25381088	30774238	31428390	37196256	21497246	23286592	25322308
HSPA2	5185996.5	7009666	6805272	3978672.75	4198808	4977100.5	1930699.25	2390573	2756153.5	3816307.25	3270553.5	3796233.75
BGN	201282240	171979936	192418192	326756608	335692032	337893632	255701584	257543520	228149824	717955904	674676864	716730880
TUBA1A	356657536	448103648	434563328	256129216	273658336	234497056	133057288	146733248	157200272	161226816	176111408	174950624
GOLGA4	3348218.25	4210431.5	4131181.5	11439570	15095203	14303699	7103506	1892647.75	2847919.75	2805754.5	5737409.5	3828401.75
THRAP3	69184032	71525672	57377300	82712376	57926252	99498800	28654508	20813858	31947662	50637484	55796132	51035980
SYNCRIP	93513128	112203008	96907800	76380216	76988856	78078296	59030184	68590280	72414952	53050188	57383860	53403120
CLSTN2	289300704	300551264	243402720	148828112	180191696	147551232	258754192	242336032	208364464	278212000	251481888	242571664
HNRNPU	227344912	198940928	195398896	116010056	110371136	113420048	99381752	108895968	123972072	93572504	114574800	102959448
SEMA3F	76585256	72361856	70392816	39102048	44928892	44775772	29631114	30094040	24505466	88822080	89134552	83533392
SSRP1	296240480	307601344	280324864	142562624	138102896	198809200	135591456	136763456	151362896	139563600	166084480	164324368
TPI1	154340608	151009056	134272368	201166288	211149776	160608080	128427992	159834784	193388512	217114672	160266096	167493136
CCT6A	28384046	30783786	30428942	26954276	26228776	24324752	19923842	16004591	21723738	22338536	23272726	25570482
SULF2	99882256	85212592	86994352	134701056	128075888	152665904	32532072	28050370	28760150	81947512	97825088	81179752
PRDX1	428648512	409422336	396564256	336547616	329826240	312353696	230255184	240648416	272246400	248145744	229115648	264795008
MMP1	6660125.5	5125555.5	4001772.25	3381600	4388418	2557152.75	104934736	65622160	63308992	5230242.5	6322149.5	4947958
SRSF1	620202880	609757696	622603712	333788704	298797792	521071392	297672480	275977216	348608704	359626368	422994208	389066048
ANXA1	78460608	85301448	77723720	87321992	86527000	71898384	68690960	55703556	63570256	41002176	53475160	50528124
DHX15	36012136	48443024	46120996	17919798	17568296	21554166	14576029	19700626	20312356	23806520	26524986	26061054
GOT2	62885516	65414468	63913044	54701308	58279832	50428792	44409128	45176344	44124472	32160426	25661794	28511564
TUBB4B	18480504	25175120	25262508	12765336	16498087	15038079	11162032	12254624	13323982	11910712	14536029	11317127
SERPINH1	53961572	90682664	75108840	73703656	85663800	85570400	44346620	36410712	37408532	34928532	41175408	34721780
PCDH1	50909456	50268020	46285516	81117888	76143512	74911104	122246368	97249240	102265664	88882824	71719624	71675520
NAA25	18704638	22557438	24329998	11741185	11579832	10314551	11559732	12698808	15237926	11242575	11775515	13737397
PRKCSH	288702464	318946624	297857344	518143296	513889344	460777504	412797312	295319808	273423584	291356544	240171424	289043712
SND1	18748356	26942230	22228886	15605693	13538869	14675476	11468162	14467508	13741455	13314160	12214086	14524157
ARPC2	166229408	179452096	170967936	81105504	98749488	93232720	97504936	128624896	138583872	140462720	142110848	132980640
NUCKS1	778437376	684084544	582577856	585355520	477533088	560749504	602769536	532985024	587963904	602182144	611693824	584820544
RPL3	97544664	102984504	86617264	33280038	23827756	34893648	33787584	48258440	52510916	40315124	51122272	41224864
SON	22030706	29375838	26975248	21693612	21627046	27265548	16183408	8967753	13036289	16496523	15729915	16152534
RUVBL2	66774364	90966232	76881632	39584180	44417284	41365160	28871132	33294992	37745540	48288680	54825316	55107812
ECE1	33432892	69398224	36874788	23810852	23057606	23897426	29319746	29075354	26479146	16820106	16569304	18722490
COL6A2	56948220	51823376	50446884	67621344	64651784	71964472	85659872	83178728	71665704	65477328	59595272	53952076
YWHAB	176468400	172620048	163919696	330511808	333274784	247867952	218030944	191984576	234874480	169077216	164339616	197032320
ZC3H18	17879430	17803588	18369336	23109152	23256632	28448918	16203460	9892572	11560339	12432618	16697222	13131783
ACO1	16329391	23221274	22572454	8433097	10681917	9207551	10032354	15018071	16763290	13649687	15355257	14396974
MDC1	19919714	25086404	23342042	18418234	17833068	18281250	10221920	6707073.5	8824282	13350712	17375836	17850146
OLA1	54823020	62253896	45756756	49795644	57902236	48563664	53599296	52712236	62307752	42926200	42263168	38248828
SAE1	65897652	61495684	56540816	67933600	64859676	58510304	79570432	74482592	63192356	131325168	109855656	106755952
PSAT1	263161936	264441264	287975904	153385712	178634128	171091232	139579104	164649648	163940048	148949584	139235056	159472576
ALCAM	104382016	94927704	107379056	81976696	83245288	84080408	75721864	65794012	68009872	96014624	86574632	97989000
PPA1	86849480	100492360	98960256	95620544	96560352	81950768	57212768	63580092	67082584	69853088	63993244	62074968
ASS1	84677744	90815944	88551096	47662952	54352440	43428932	29447644	31719960	33494468	44444440	44232008	51644604
CELSR1	5972509	4940373	4298286	17214840	16017146	16657380	2673591.75	2429105.75	1359865.125	9840239	9869219	9746475
TXNRD1	88622952	83974624	83513232	89564824	103589504	93830216	47209724	50970648	58009676	62585680	67862696	77858056
PSMD1	22872544	31233854	30813102	18973602	18904272	12375488	13258608	14465700	15186733	18490264	16365615	21661120
LGMN	385593408	398615616	374220576	977914560	726226944	760379456	421853120	370726144	380819040	626300288	635826304	562709632
MIA3	13739353	13743360	13516719	32164096	31304272	29441680	13498627	10504375	11418530	14649951	12949766	13006074
PAK1	28572088	38100820	26681562	32674228	34789488	26117594	24979142	25225184	24310244	19818470	18966240	20617946
SEMA3C	39505768	34218944	39190112	13272647	13916767	14751114	41573760	47183596	34991172	12406367	14875566	12152146
SERBP1	40071436	48935576	49814016	119503128	66692140	88108664	39951304	13030415	18050158	18857644	31334586	32059530
MDH2	245604416	221055568	251529792	199027248	205182864	189400080	219650304	246878432	210861312	152037408	130810176	151011632
SPAG9	11543995	11294991	12224118	4221067	6666994.5	4921912.5	4677707	4977557	5900413	10062343	7674387.5	9173974
MGAT5	34324132	39520988	40667620	51968440	53204432	44764024	41502000	38313000	35802980	41879940	39579940	48155416
EEF1A1	1404595200	1524752384	1548560384	456688224	543137728	668542912	468904640	639915840	645702528	592323136	684947840	680526912
NOLC1	167517296	161127408	140748736	130086656	111267832	170497664	84324856	65822172	86439752	82593016	96352192	94948552
FUCA2	333148384	385920928	308717696	685089728	644279488	582224576	432819520	353355648	355067264	434247584	349648000	384542048
UBE2O	24387872	26839208	22757510	14019807	18199032	26134052	9708212	8792148	10238270	14664292	15293820	15261545
NAGLU	24440128	28736526	27657402	48164120	47262224	46673160	22891372	15174422	20295218	30880570	28640448	35252456
PSMD3	15109265	24711856	21222478	13893111	13370141	11189498	11744768	10394792	12329257	15010532	14975702	15748410
PA2G4	181814992	192634240	178224048	145232992	164959952	154350080	117756032	131040440	131254912	98740824	94221216	99736104
CNDP2	31146650	44545516	35094336	28327904	26716044	23740096	22391656	20414332	24449792	31752126	31136872	31061348
SERPINE2	32653042	37982156	32313650	37171296	39853328	28254138	128944080	101740776	110617896	39304916	44494428	40921656
ANPEP	18317270	22073512	19563954	4644983.5	3604066.25	4185349.75	17096518	24066678	20806130	3663690	3311406.5	3253323
ACO2	13559909	15947248	14844431	11628184	14837730	9847530	8749588	9833081	10182071	5414369	4338324	3832695.75
CNTN4	11622819	8202731.5	7881812	3169355.5	3353753.75	2762266.25	761017.6875	1488100.5	379540	30496800	34613868	32264524
TUBB2B	3265833	4577462.5	4462759.5	1927924	2327794.5	2107398	778428.4375	919620.75	941607.9375	1874684.5	2310981	1855302.5
USP5	18814790	22835498	20807730	13237343	16836186	13425206	10724662	11696902	14204073	15178569	14914639	16417861
SERPINB7	88141304	81019336	86967504	95919168	105436728	96099648	74431152	83173216	81254096	44756452	36745756	31329906
PLS1	10436292	11869947	10259694	10914100	9078150	6987655	5878753.5	5508362.5	5765201	6056216.5	9146425	7504876.5
DLG1	30790558	39480528	36011252	19737438	21974490	23015126	17634550	15207327	17608024	25366690	25206428	26177846
PYGB	22702736	27841590	25418708	15990105	17317960	12810954	10580412	10672601	11973178	13208735	12922790	14063653
CPNE8	15359042	16264537	16718632	6496072	9532973	6557959	33105778	28878170	24922762	27215148	35860376	24082734
ANP32A	623527744	786862400	691975488	1055991040	1036588928	1082456064	646357248	466764992	561954240	628449792	557143808	746699328
FSCN1	68434096	60514260	64746512	36617140	41876660	42238208	24509852	31971588	34604892	26147460	25467930	29039796
ITGA2	13155368	16045727	13693245	8153555.5	7112805.5	7131298.5	19934946	6786975	7028543	8085211	7928798.5	7708975.5
DDX42	15556488	20608012	22805784	7497296	9881581	10287899	6616982.5	6619950.5	7150238	8401794	11259085	8193357.5
PLAA	25988426	29290786	30388110	8752661	10293066	12720031	13385554	22564766	22253592	14386797	14931386	14119029
GNS	401060448	344622528	346723392	342762656	307048992	362871328	99325080	85638936	78915584	425156928	399539296	409933728
AIFM1	42215556	41374516	38705704	52959428	58599076	59477564	64533652	75400712	70922352	77223136	71282576	71492512
COCH	126411288	112664288	115469600	72747920	78345216	88283176	29758332	32408684	28055102	57833100	56700912	56085580
HSPA6	967818.125	548968.8125	1291167.625	182729.5469	159562.3594	185624.9844	279778.7188	196317	149029.8594	228246.2344	185688.1094	92857.11719
G6PD	7497590	11485894	6579552	12607590	13516585	11055324	12614372	21376676	19246966	9254225	11271386	9861653
NUDC	45936900	59437560	44545340	69649048	67076392	63931984	50458892	37843812	44476636	42894620	39844528	43726764
ANGPTL2	31285936	34689824	29699064	77583456	71108824	72467328	94364264	100891992	87203944	53789820	52940044	42071076
TPP1	177211728	197959408	187865200	314194912	299678656	305335232	317803264	214313920	222501520	302579744	248336784	307099328
MYH11	9022633	10297809	22485706	10748032	10379150	11999760	8290305.5	12572847	5463206.5	23779392	19694934	24382824
SNX2	21767294	31832810	26130914	11380159	13864627	13964669	6430610	7569225.5	8317027.5	14684719	14299315	14148670
CCDC6	12109935	17338510	15053210	42722236	44146360	47426932	6805248.5	3834735	4874045	10835082	11888423	15180616
PPP4R3A	10809492	14962412	13560003	9409748	4898445.5	5829546.5	7071542.5	6080550.5	6472481.5	9670585	8605054	9969666
YBX1	360323808	313993440	293146048	233814064	221767136	364994112	137662176	100713664	139606288	150599792	236753648	214740160
YWHAG	52026196	46479960	42331268	82393352	94584384	75673680	52048992	42300436	52663776	36840568	40459576	42883044
RUVBL1	58719524	67326008	56455080	34360232	46741992	39670448	22785932	23223540	28217442	35030784	39615272	41038232
PFKL	20060938	27001700	27923544	6848662.5	8369758	12919084	7360201.5	15895472	10160464	12909955	15842885	13815307
AARS1	34733536	48713732	41404768	19032818	22098276	17117234	16302576	19425028	18676500	28705100	27411514	27433356
MACF1	3755081.75	3726216.25	2790140.75	1623612.75	2689536.75	2155401.5	1173536.25	825345.875	1310046.25	1141221.5	1493006.5	1352519.625
NAMPT	36426472	60457544	42438012	23096252	30472786	25666736	22985096	27521804	30465190	26992900	23739508	24766824
PNP	201365120	210267184	244906288	269907456	264123088	257826256	183581024	200400400	223249376	169501312	169723808	211577008
GSS	19009484	21242344	23190408	31481846	34264536	26988054	19878866	19365168	21211472	16248406	16113121	19691516
DARS1	47523236	49450576	42201300	23150266	26326682	24826254	22621198	30666562	27200980	32828150	32422726	32862234
CDH3	41872832	41735828	40969364	28434986	26095278	28267056	28619706	29420808	39453532	32461146	26949050	25943264
ARPC1B	186599728	181878576	208043664	72667800	85544848	92631528	118064744	167169664	174403008	155304016	163002064	175578224
SDK1	6980757.5	4747444	4694255	10570521	8116910	9545696	1912502.5	1095442.25	1471172.375	6470317	4689845.5	4817700
CPAMD8	16053390	17228884	17203828	7130887.5	9241387	7125167.5	22048974	25175386	18951594	12616016	11875412	9872802
UBTF	112277040	109729640	111223024	87835800	84532664	121029152	67083180	55792804	58979844	49154720	57434372	65038952
COPA	21391918	20016480	18147912	15596007	16222693	15018968	7548455.5	10824447	11901590	10815399	10873860	11867879
ACOT7	166532048	173757216	174722720	70087576	85505008	84760280	78608696	98604544	96244792	118049048	116454992	113296080
NSFL1C	16986002	27409084	15117600	21273236	21273996	17783830	7343916.5	4836628	9101181	13938383	12117424	10948261
VIRMA	11431577	12124920	12709635	8690203	10908867	9199003	7531683.5	7254900	7833847.5	7574651	9531602	7167532
EIF2S2	32642306	49326776	36088700	45856036	41475736	46985364	28290578	19222104	27668234	20172508	20040418	22874962
RCN1	40330420	67329336	53542608	182914912	172053952	148111936	78884440	40113660	53355316	47733020	34975176	50600972
CANT1	33504240	37687340	42957268	72272376	80980008	68307216	39041892	45795304	45060720	90243248	74899632	66042632
PSAP	427305152	490861600	391338304	644900160	619195456	452116384	475446016	351459616	321648352	392923072	327840544	483184672
TEX10	14769312	14639087	13793778	4368975	2985756.75	4609005	2188217	4476021.5	4501054	6832461.5	6216916.5	6755743.5
TUBA4A	22384128	29065030	30651072	12559096	12979524	16152094	9414834	10769930	14657502	17772772	19661202	20865650
EEF1A2	65203816	86481728	87127784	5823377	7132195	9908613	17242638	25965536	28687436	39349728	39956860	39171320
ARFGEF2	5448935	5939002.5	4760920.5	1319727.25	2353487	2883807.75	1134123.125	1916719	2428046.5	4128296.25	4127012.75	3894046
LAP3	35844504	40950692	33060992	18437310	20823702	15898662	10148849	9133457	11642420	27853664	26747208	27898634
APEX1	60536532	68450608	61217852	80375952	87204880	79245304	75281984	64501740	74678280	66906032	62449208	68188104
TXNDC16	21502622	20189738	22384046	16637740	15123715	16018974	19501900	22436956	17413670	22003028	19896244	18393778
IGSF8	35616332	34903980	28991112	30165158	50416692	38016968	63667508	59635920	59844048	47808920	52294604	48493660
MCAM	40856604	41209212	42542456	18601358	24905270	19024270	9952810	4204514	9974478	40482216	33134070	44321848
APEH	114852168	120541488	108475224	89154056	99860488	106442008	62125620	71342968	83400688	87900944	80503880	99367792
GSR	104299048	87384408	82790472	92068336	104901584	105116752	94184760	123813488	114455232	77349056	80636456	98233288
NAAA	42625352	47708736	41443064	4363522	6485333	5476058	9789583	13987377	9201292	1090192.75	724677.8125	721156.875
STAU1	15376989	21847678	20697804	18045626	16780016	19219984	11054094	10361311	12312719	13200387	16441778	13964083
SPINT1	199367184	237154336	207857664	242448048	237622944	198332256	485357248	381158272	405984448	287676896	244177120	247954224
OS9	9601314	7721974.5	8311052.5	38456128	34795680	36144900	6991261.5	5061945	6649738	13239855	13340901	14737569
PROS1	110740736	115610760	103798400	79579424	85826272	72279624	87664880	63359336	58153924	127772168	127228760	121518560
CHGA	18358080	22833530	20658176	56693076	51124388	54573632	47887660	41838312	53248596	20612354	20620610	20662302
HNRNPR	10516409	15602140	14588235	12543869	13637550	12600322	7270571.5	8394333	8610073	5497231	6890705	5659714.5
PAFAH1B1	100622104	93372176	94559400	57317100	57358668	68788328	49251848	54694592	57059844	61467000	61073840	64595828
INTS3	6754695	8430857	7700432	4296723.5	3008230.5	4147949.5	3262408.25	3621916	3442517	5808651.5	5846405.5	6482376
TCP1	29486390	29313342	30950142	25955828	24172096	19839050	17001810	17160482	18013128	19284598	19656602	24179370
EML2	60833544	58445460	61626040	30478792	31083994	36168868	43731092	49865864	51319796	30247000	29652896	31335566
ANP32B	126166528	152275584	167400560	198750880	213428304	259010448	112243216	83585152	110015344	163863440	170313184	185826128
CDH1	159378944	136916048	146120352	163061168	151923120	151759616	186728080	178510080	193693248	208573360	199734448	177565696
VPS35	16120266	22199144	20840852	24532988	17806266	14024662	12802364	11135820	11517915	12552850	12304950	17308766
LRP2	10172452	8001138	7530007	106618408	86320680	98890096	16265214	11603833	7871985	50507776	41502032	39222860
TRIM28	15564413	23839900	19415702	21037944	21918588	16942048	6896682	5446287.5	8497624	12571797	16370505	11862745
EIF3E	10532935	13880574	11372334	15023483	10715326	9954992	11309325	9341189	9557423	10099877	10131127	11738666
OLFML2A	69280152	65181784	54310268	70399320	82544664	91116656	12411006	9556027	11478233	63557424	58130172	52643816
DYNC1I2	56081608	55792976	55974768	31092524	34466468	36898172	24750460	26501160	26891282	38311640	40412872	49884428
RIF1	15935841	19586614	16527482	20686320	21922860	20193746	5228251	5694537	6474996	10279801	13257135	11722290
RPS3	88392184	88987480	95448248	57960652	55930472	59530244	40422484	40028728	48282956	59310596	58780016	63209404
MRC2	9907100	8252226.5	11043248	10208366	9300426	10760666	21385818	20753808	20051168	7949333.5	8154254	7367408
ILF2	62998568	81747424	77592752	67695192	76005936	64777140	52246288	57353760	59761860	57178384	66676056	54577224
ARCN1	32926200	34973332	32956024	15983868	20404856	18745258	19094584	24823126	21712344	25084038	26312446	24087792
SAFB2	4659453.5	4360442.5	4583591	7597217	7916757	11293008	3187248.25	2938482.25	2583546.25	3051787.25	5126690	3839646.75
EPHX1	28518132	35414248	38151728	23460304	16864470	20207084	20872580	21350768	21142448	34443416	40308040	29288198
CKB	137530688	163789760	155824736	120621512	113343208	95817080	48331052	41577756	43911236	58233984	55035144	63060392
AHSA1	76231104	87305384	88314552	34606932	43206916	48044320	40818920	49868108	56446788	49887776	59874748	47231380
ARPC1A	86798032	83844528	84161592	51704140	52102552	64800704	45709468	49163364	50371956	75523664	74287984	78584416
HTT	5290243.5	6645400.5	6604805.5	1323524.25	884031.1875	1634797.375	1749294.125	2373597.25	2557290	3284369	3414824.75	4555530
LRP6	13777889	15371467	11601607	16710022	19746358	19543994	10797022	10432555	11419546	14576778	14256799	14810763
FBN2	12536947	14623839	12742217	19245628	21796030	13540355	6363237.5	7510125	7118745	22658468	24376742	20292558
CCT2	35074188	36866252	37414936	33940912	34256508	28492760	23652232	20315622	24300234	25389464	25030170	32541956
ADGRL2	39827484	30297940	32770066	39706012	33367726	48439972	83653584	80192928	75545880	66793532	69023752	62446192
CLSTN3	110150448	98222600	91377040	121682920	143298448	105724224	101050280	105439544	95656400	165311456	156309344	162132432
BCHE	166601568	140482416	152794576	120623024	117669016	128907104	90208320	96257024	74658096	89503632	89328664	97187392
MMP2	41825796	46702512	34008212	58486164	64944748	53063152	52621536	52134340	57410984	30927038	35327276	27893940
FRYL	8947435	9354198	8678136	2301768.75	2287873.5	2992582	4055787.75	4052943.25	4409329	4931890.5	6525339.5	5997818.5
FH	59236028	66646364	62267564	46469388	50289184	44340344	26746466	23717054	28999462	32285098	35803832	31590564
SERPINA3	110891640	102982800	98394056	370653792	376028896	336883392	74940824	55859556	61995808	353181504	311523040	298790496
PNN	66062920	72919352	68521152	61522072	60930860	68170568	35714016	24348270	35790860	28562332	39352780	36390748
CAPZB	127285760	133212512	124892904	56702336	58992596	58042400	78758328	104444304	98790376	81830360	67749224	67902528
PPIB	231102768	290897344	287364064	472193440	511549120	398617056	571398336	501586688	524825088	356360800	327911520	286686976
ACTC1	104672344	158749376	167799184	192341040	179065536	153681184	102569080	113426248	109902800	100193000	123049960	88614512
BRD2	243022944	266379920	156817120	539319744	340222336	561818816	141223424	93540368	109366600	125195624	198822896	105159648
CCT3	15630549	13533659	18145192	13990811	17369474	14324635	10904716	10215692	12825013	9980501	9928662	11996428
XPOT	17972510	23008604	23180338	10864337	11451458	12140282	7535993	8677356	8161072	16939412	17252016	15063921
LDLR	42845384	43495648	45544496	38087860	43952080	39429820	107166072	114731040	112233776	57990528	57239104	55417968
ENAH	45321900	54721980	49845492	38665096	31870712	39782360	17588496	15532268	23350594	35541700	36147400	38737544
ASAH1	516519840	479796384	463761120	291029536	286375648	320482176	233199872	231749440	194750080	407228800	396636096	364978528
CA2	47868012	48702648	52781348	119891312	126036320	101224248	164075472	346786912	402739776	116064304	98833680	83637800
SPECC1L	5212313	7337224.5	4977684	10705355	13244384	13599761	3714623	1993825	1833701.625	3806040.75	3479204.5	5135069.5
GBP1	19580626	24491408	18455658	14371569	14060034	11967811	10189887	12486581	11056396	15455996	15058398	17797576
ITGB1	154835424	153691504	135808848	82556160	93032016	79835168	302111360	248241872	264568800	128107080	139775072	139340512
USP24	8648930	10826153	9061601	1864963.375	2136741.25	2158935.75	4631113.5	4820307.5	6080157	4413247.5	5224696.5	5772721.5
LAMA4	1143270.75	1489867.875	1773818.625	5156297	4708024.5	4812153.5	13159454	10099299	8742850	1438190.875	893426.75	1063923.875
SELENBP1	30388040	36385088	31130486	33307620	39343744	34451180	38186196	56311800	54637480	40341048	33889244	35790888
DNAJB11	106153336	152900288	141046688	246529456	257787328	237164976	238788272	219547344	194732912	138429344	124121888	127776368
CDK11A	65866912	65641644	59058668	65705196	63255492	85632528	39192072	30286678	39415028	34695628	43632548	37062816
ABCF1	115705104	97003296	89906008	66040820	54090632	67174536	61987712	52919604	60470156	38811484	34837004	41997628
PGAM1	82227400	81630848	79737736	142256560	138698032	109874576	102922080	98560656	102332440	77213968	78955224	86263680
RANBP2	6528268.5	8246414.5	7447464	2909983.75	2359881.5	3613093.5	867536.5	563493.6875	1758002.25	1809905.375	1500712	1810471.75
DNAJC13	10924017	10869586	12533170	4458663.5	4864974.5	4460679	5585766	6200375	6737579	6550137	6879294	6225597
DNMT1	7681002.5	8208482.5	9685245	4447018	5721773	8146299.5	1114720.25	2059420.5	2802878.75	4856455	5001397	4853396
GGH	201890816	246104656	200440048	1528391168	1646868608	1247430784	143343232	102733680	122976472	405422208	337335712	402021856
GAA	91387120	100614224	103847752	127405624	132211672	125534496	94494832	93986248	81688056	160354944	158310752	145850096
G3BP1	14672131	23685880	16881646	22927824	27894882	30746562	16176806	15809903	17050058	15181009	21799370	15092205
HCFC1	13313604	16003281	15330101	8993816	9111230	13091658	6306773.5	5397781.5	8195276.5	12511949	13677234	11314465
SPEN	6454654.5	8415562	5831929.5	7578302	6491005	7747703	7266208	5917485.5	7471867	2430776.75	3930166	4046142
API5	123983032	119427216	107891168	111261736	112827536	112501576	85308504	92140424	79928296	100666584	118551072	91181928
AP3D1	12902174	17660030	14138097	9155890	8347509.5	9663532	5729060.5	5647528.5	7245464	8500786	8726049	10472346
PSMA1	67172600	66264640	57035532	104066464	99018800	87082216	56429364	37596928	48644284	45386376	44730448	51188032
UBA2	23960368	32584118	26899500	20137874	24562008	18079992	12785491	13820511	15676438	21186000	21690322	23092140
TGFBI	19341180	18487100	18963766	26158146	26029780	23511180	25743234	26412670	28609010	31097938	33655676	28503556
PAPOLA	10960972	18407764	15184534	7405567.5	6745015.5	7380455	3460128.25	3300721	3872868	7183016	9649558	8116696.5
RAD50	22246588	21785444	16462697	15364544	16183917	13579764	40342256	32672544	35980184	17017052	17904944	20088476
PRDX6	55459112	60444664	65437132	71528960	64932984	59707748	39178304	35238560	40474716	38006920	35204288	37640240
PLCB3	7588512	8853927	5599585.5	4971324	6324180.5	5535705	4740993.5	6114844.5	5019087	4308324	5568048.5	5882060
COPG1	4805195.5	7598305.5	7293012.5	8322537.5	6960212.5	4748221.5	4139644	2455605	3337644.5	3102472	3521924.5	5675631.5
PSIP1	44484112	50646232	45062052	23804676	26833116	34292548	20707282	17554642	23369458	23606160	27077024	29067694
IARS2	11332137	15041870	13807514	4316528	6950793	4523316	5423620.5	7278402.5	7163977	5320007.5	4661556.5	4868028.5
CPSF1	10615542	12025158	12664836	5433286	6009174.5	6455232	3824735.25	4241450.5	5515702.5	7263874.5	6948413	8257533
DDX23	16152147	18394890	18049448	6501641.5	7763371	8663677	7426773.5	11517280	8727488	7737866.5	8644312	11946515
CPVL	62477672	65805204	53095384	132824800	138662544	126517728	127285192	96963368	97296368	76597192	68645648	76075072
GCN1	13160244	16886126	13996813	2613922.25	22580548	11886196	2954448.75	2631573.25	11867978	3408154	4577654.5	13353618
TRAP1	10278112	12355987	11890625	2872861	3717853.75	2606706.5	3101372.5	7702585.5	7383678	3844932	2119634.75	4005413.5
PAICS	31680294	32422982	32988614	25071888	24997278	21903284	16384567	15453410	14592893	16263289	15601581	16500346
GBE1	16614566	26794876	21566686	9078752	10295459	8753124	9556684	14077993	13273698	10136417	12138000	12930351
DCBLD2	85355640	73013600	71451216	146504864	159435856	154296432	169166768	155140256	161958352	168091040	158967072	177733616
LRPAP1	6490523.5	9059402	7649515.5	27456906	28191234	27187892	11743711	4286242.5	4885675	7388182	6314807	9756963
IDUA	33072820	42978020	35209560	46870056	42795932	50434860	22150530	18187536	17619188	51250960	44608068	43223848
PPM1G	69562144	67235304	60754288	70130504	66139836	79398104	35439644	41712740	38055788	57762908	54573924	60308040
APLP1	15413938	20349718	18624944	53772748	62525320	60566580	17290780	5568367.5	10392340	16662844	20070570	30392292
TMPO	85696712	113454896	134704416	84547512	69136416	95758808	28517086	14153290	25533272	40008404	50614512	40378864
VLDLR	10298259	13991072	13870337	14214780	13086888	11704906	20735992	20518912	22227146	14490727	12955380	15291627
RPA1	27217380	31891980	31021934	13400296	13990616	18766430	7593116	12001781	12471723	20757922	19357366	20119650
PTPRG	42519264	45768740	43257240	104666480	94566400	101917120	76163400	64020172	66872224	123538704	100010312	120841408
UTP25	6893091.5	7385156.5	6059154.5	4514957.5	4896296.5	7206180.5	4276751	2302240	3282483	3076036.25	5978372	3691714.5
SEMA7A	27855958	24862568	25223390	12699552	13923254	12814661	33837300	32810314	30884212	19887520	20274252	23107942
NARS1	23086832	27710806	24247654	12947605	15349766	15523705	11955963	13339600	14899672	17076996	15162977	15631427
SFPQ	87853672	82817776	77051736	51355152	62077740	68782808	44472960	44686108	44314676	74934888	79856392	72462608
ADAMTSL3	26394048	27462894	25145538	10447521	11406579	11820039	11054615	11456871	11575187	7359578	7846718.5	7501145
SERPINA5	14295151	12198848	9423491	112136536	122559376	100668728	1539423.625	1045882.188	1365259.25	5144120.5	6947676	4234600
HARS1	46634560	43309824	43992120	71688624	73241592	68129824	53762532	36852416	36687464	51182804	47714576	56437368
SPOCK1	180905792	144420224	161974432	308802272	292443008	376262688	418602048	365587456	302965344	305507616	375003392	354700832
HID1	9859300	12860210	12833553	8793324	7873915.5	10264061	10556837	14118517	11978697	11669499	11583685	10415037
HMGB1	665940864	608363392	543647936	607442816	528742496	765150208	448531552	464247712	562749696	440073056	514677888	472272416
ICAM1	71153432	66279596	68982024	28422542	27918682	26167126	35920436	42668112	39101564	24618762	21643476	23448422
SEPTIN11	36277760	43649548	32552248	29235644	32248040	29645052	19613128	17811918	22894510	24061672	27290514	24833824
CTNNB1	9097803	12808534	12229906	17401264	15006028	13838980	9195260	5722213.5	7979958	7698961	10127258	9700263
SEMA4B	107324952	105958128	103275120	163532336	181879488	165905008	206007168	186389136	196706880	138422624	123947696	143058464
IPO4	20390614	23958548	24251052	8660219	7386477.5	9050492	11203780	16183526	14750079	10344746	11155075	13195298
SORCS2	11507270	8704250	9619424	5461892	5918303.5	5081151.5	13477263	14673512	14958629	4473410.5	4092019.25	3833374.25
TALDO1	34942352	47160676	41852576	83140640	83151984	65989552	57132576	48983548	52889276	43788284	40339948	47753808
HDGFL2	55625616	58511856	57006228	69235776	75623400	82116920	46180228	38487000	48672760	52931996	55064760	64775768
MDH1	145024656	143733264	127210336	187197152	196429376	160921824	131346632	143095408	142311568	132720320	134046544	159419616
RARRES1	406639040	339997408	378655168	148662672	152235136	159950496	376700192	599443200	430912128	295025280	252248912	272600704
NTN1	145807168	143128896	157933744	84729680	106619672	99770448	193179424	226640320	230376912	63856468	80350872	65250988
DDX39B	63316376	80051528	84011568	83024616	81227176	72645864	53970924	57818960	58378516	56044384	60683524	61027484
SRRT	15965924	17289182	16588674	10230135	9692004	18661090	10403629	13462643	17120712	7160840	9045770	10265968
NMI	15883279	14902029	16158800	3722760.75	4393684.5	3470567	10264901	12181627	13668410	6363473	7254245.5	4530045.5
YLPM1	6128340	8920499	8860884	10878211	5119397.5	14180054	2735898.5	592884.4375	2024166.875	2061597.5	3130898.5	1758664
NPR3	81595208	75093760	72080872	46492292	47745388	47127692	5150298	3867875	4351657	46426056	43174552	50472140
PSME1	147306672	150938160	125228560	169723088	171692496	142931904	131054448	99903712	132885800	96767216	84196088	96689144
IPO11	17474596	19463398	16564802	4205889.5	5222756	6198720.5	11162146	8150560	9106879	9020697	10260108	11260059
CPM	8505105	9605608	9403863	21435254	24610532	19571578	3016237.75	2217722.5	1860826.625	20253558	17465524	18382536
SLC44A2	23970130	22518394	20423374	13201364	15416629	13928691	25046496	25244534	24048248	20670192	21411020	17471196
PLBD2	35825240	38101200	30174176	59361652	59461496	44687116	25531374	19494838	19624124	51540764	43540944	50875880
PPFIBP1	7535350	9337174	9961771	4880278.5	5627592	2488093.25	3927888.25	2993382.25	4283120	3038350	4820626.5	3580464
TINAGL1	100889912	133508072	96937344	86944448	91697592	65698896	247939888	275155456	300685376	91346280	100697096	78217616
DCTN1	6963010	8157102	5804086	7881639	9781733	8642922	1829817.75	2033142.5	1530211.25	5333227.5	4106904.25	6610859.5
FREM2	6713551	5635431.5	5402699.5	8644787	8557392	8054666.5	9839351	7530640.5	6584914	3846798	2746465.5	2933568
MTAP	22467480	31264348	33825844	17782206	16550165	14820894	22623758	35847252	29193672	25826682	20881362	25572852
GBA	47956988	45985984	42137220	41909524	50073964	41282964	21099034	20440726	18392346	48798956	49783072	50632828
FUCA1	55118748	52266136	53569392	82323736	84535232	69930592	114287280	116679112	117847400	88769176	79021736	93638560
CCT4	22473182	25117924	24999990	21290576	21265342	17760196	13363844	14518159	16461359	18191648	16700521	19975960
ATRX	10546979	9499582	11600020	9437400	7905048	10755913	6336669	3385696.75	4568615	7608720.5	8426902	8303908.5
PACSIN2	11441842	16910454	13975725	18035148	19297560	18310534	12747324	9161607	8704559	9383535	7453429	11383655
NUCB2	26063596	26890564	21489632	45154716	46801436	34154560	21060476	14890801	17680298	19997274	20291728	19043376
IDS	14364895	17082362	15297523	46104700	44325184	40088820	33764232	30098866	28458050	47433192	44101684	46294740
RPL6	79652360	104807128	68004584	43244528	40500452	53733144	28902248	24346418	30837786	40291816	43985564	38207852
LUC7L2	29898016	31888382	25834528	17372304	19665730	27765014	7554959	4781916	6818906.5	19394096	22964204	23279032
KARS1	12987442	15847454	15986446	14945803	13587356	12183609	9370160	8045952.5	10585883	9769921	10703054	9455708
MAN2B2	6210885	7782378	8861782	9549548	9612281	9673190	7543471	6982751	6011357.5	12757772	11535031	14000759
SCRN1	9871275	10752634	10074615	10924570	12231112	11274733	6268629	7237760	8270613.5	9358886	8250045.5	7095129
PTX3	34841804	41672436	39718560	52840904	60670116	51790092	128184912	199839232	151601760	26645106	25352018	27222928
PELP1	119442328	120246864	90849032	281967040	196886240	260613200	85021696	53775096	75594688	95135256	131125896	69577608
HSPA4L	8016984.5	11001528	9468976	3457362.75	4600585.5	3994570.75	3094052.5	2668179.75	3517653.25	3569706.75	3022092.5	4312166
GLB1	23237654	27208416	25586608	15606885	17810730	13750211	19979332	19560026	17726490	24308898	21338268	23429942
GLUD1	6893255.5	10215108	9131828	8289058	17208766	8251678.5	10458031	8180858.5	8658082	6317285.5	5647441.5	2927780.5
MAN1A2	113977264	145939872	321654400	193517184	202149072	125494376	112664136	333411232	75129776	414777536	453732032	411735392
YWHAH	34218900	28841806	24468742	46113872	42309704	33217262	26240086	23995388	28370126	19003644	17020728	23249408
DHX36	7503636	9233663	8124546	5973670.5	8635648	6292203	4087958.75	6112876.5	4485321.5	8101081	5911158.5	7262558
MRTO4	15757448	21345460	19315912	17923494	25586412	28891094	16008043	12818877	13998337	17343072	23499522	20434684
TGOLN2	29785590	21568152	19052038	73914264	68401096	62232628	48105476	44584168	46752784	57533920	43199004	43566648
ADGRL1	9124859	11529768	11343253	13079787	13594014	12862528	12976432	12480555	9710257	19337710	15494426	17360398
LAD1	10576010	14658917	13235367	12304635	8257284	13614903	6344922	2584015.5	4339979.5	5174136.5	6849454	6563467.5
PABPC4	10807889	13723477	12849814	5314587	6674968.5	7713708	5858938	7002462.5	9322546	5718998	7144068	5493433
PEPD	57496240	59896056	55292712	51663000	62312388	62806556	37096076	40742136	45951620	39110360	38250336	43649960
PRRC2C	7035433	8105233.5	5870482.5	8143017.5	8854439	11453066	4349166.5	3364464.5	4237723	3142877.5	4324283	4005701.5
XYLT2	29334836	25818358	26926472	35848836	36885524	36626480	32503386	31236592	25708924	35757596	31332384	33204188
IGSF9	29036390	25419146	26326224	25532158	25394730	24377206	47304272	40003212	35576668	44739864	41829436	38154152
SERPINB6	22738494	24794084	24531436	15468963	13718700	14375754	11500778	15115109	17084438	17447600	16407605	15148335
AMIGO2	52401628	44161848	46111332	30058518	30919114	30092932	97417096	80945032	78352888	45745372	42901896	45614388
SLK	10903653	9783466	10546066	4012048.5	5132993	6290431.5	5737223	2827975.25	4494669	6735110	7427075.5	7855910
UGP2	44764876	45213640	46774276	38303488	44922932	34727132	28149074	41045392	32623162	55170300	58467452	54226884
PLD3	140065008	139989408	136829520	89595344	97757520	97432176	56498796	62936976	54951788	111487680	103255504	102446128
PRMT1	38302624	36172060	38667892	18107698	26392444	26538364	17098540	21002574	22802372	27556558	29994052	30787524
PSMA6	304271872	288543392	296866048	231063504	275633728	295226880	180221616	183112688	202699616	261680016	265734992	322732256
DBN1	17440472	24521488	20265802	36722480	42589520	37505652	8520274	5631995	8715449	18603736	20452784	19220364
EIF4B	33435384	37390896	35872968	73960896	69268040	97385816	9062813	5590104.5	9540847	18397366	17520160	19773580
ETF1	18160600	22297522	21530320	7536630	8944939	7947796	9057867	14555819	15358348	10711237	11607903	10774205
GMDS	20679652	20687312	21049284	8061551	9285300	9221952	7830669	12331123	12120579	11138048	9734380	11909844
SIRPA	9979165	9989825	7246779.5	19486688	18065648	15798074	33415356	37933824	40815768	24400670	21622506	23254304
SRSF6	216694432	213261840	212198464	240106832	245822944	399693120	85407240	77698264	83549672	128795952	171633888	157100080
ANLN	6790690.5	7573874.5	6775391.5	395589.9688	417836.5938	998189.8125	84055.88281			663715.3125	437194.4688	1305399.625
RAI14	7537828	10151021	8335619	10785807	10779423	9929310	4402783	1806991.25	3824524.75	5795002.5	5808185	6878821
CANX	9711983	12866721	11163671	25388976	29054518	19441180	8773582	6711910.5	8986923	19516782	17312628	19006598
SLC12A2	1387142.125	1095391.25	3318690.25	4431294.5	5603065.5	3821320	1140737.375	2987537.75	1943391.75	5469579.5	8462468	3655700.75
KDM1A	11475211	12203539	12160225	2421786.5	3125344.75	3147047.25	3211783.25	5523241	5493017	5464501.5	6649573.5	5987562
RABGAP1	22379804	24491640	23162478	7852196.5	7891726.5	6919103	5283054.5	5651992.5	8613760	9193622	11515419	12180191
PRCP	37638880	38129432	35570808	112201096	123242520	108135984	34036164	28174086	28230192	72318224	71957032	75648072
PFKM	19066404	20418280	24482168	10776862	12260471	10432913	7386946	15661648	10340542	13878572	17705076	15194489
STAG2	9544073	10687695	11799310	10045291	6804202.5	7406027	6258235.5	8494978	6793604	9081829	10428201	11077421
RPL5	121757912	139702944	123236352	55809964	66121000	63755292	59783988	74530096	87333744	68752152	86792416	75297472
RABL6	26944146	32510964	30270842	18071140	14041178	22795472	9099091	9777398	11286174	13650764	12608906	15364729
QSOX2	11075046	11753558	12768637	10989451	10306910	7091814	16975982	16437567	17172444	7474199	5710398.5	7673812
SEMA3B	40270032	35174564	31455022	13963198	14477666	12938995	13227877	13944819	12319276	23701092	22953870	20688484
SLC39A10	19936418	22812156	19646414	93722904	75785712	99673760	85645592	80794400	67967088	24402676	25124298	22855624
AP2B1	8060232	10364438	9566887	9971766	8707586	6344885.5	8339549	6162119.5	8937261	5424121.5	5817149	6473584
TRIM2	21545138	23324036	22609260	8597788	9837827	10443760	2844608.5	3610447.75	4227208	6330245	6011792.5	6451780.5
HSP90AA2P	81265.15625			300403.5313		340950.9375	72910.07813	48672.10547		311544	227570.75	358320.2188
TMPO	4631866.5	5408817	5086848.5	1612605.25	1989924	1461069.125	1050124.5	554777.875	728587.5	1104048.25	1454826.625	1801200.125
VPS26A	20354434	30542088	25556088	16572717	17087608	16114957	18527518	19152412	23779962	21135742	21858590	19233540
NCAPD2	7405912	8152970	9175940	2537187.5	3348341.25	4122260	2208985.5	2494630.5	2636178	7175747.5	4425214	4906556
HP1BP3	18457308	17127368	13494987	6250696	6221146	10890241	7085652	7188025.5	7991536	8163959.5	13483477	9007474
PUF60	21631414	22005970	22651300	14419523	15090940	16044442	9656351	9692559	11806766	11666504	13524865	11165351
RBBP4	87111632	114229672	100966088	77726424	95001848	85780080	57304928	70477864	73564872	83335424	87821744	75435640
PSMD6	11937429	17201878	16031886	12383052	10207961	9563980	7088135	8836250	7185073	8815306	9443609	12163217
GPC1	33582580	27050382	27392818	66958640	61589460	57390012	49168272	45296060	43169764	55091588	52814036	55797696
RACK1	233985616	254728336	263024704	93709592	170941248	132752312	93167152	130683024	146162544	145453056	151151136	166547328
PSMA7	145447552	154627216	144456192	174495248	195517872	183477840	98396960	79638704	108682400	134299984	131392824	134034992
INHBB	24936268	34058432	27089546	24578590	28643804	25276584	50097008	49366096	42904136	70359920	83376608	64528568
PSMC1	17743980	20964678	18517544	13288435	16007434	11521702	6542022.5	5649869.5	11248711	12550427	15155810	13977499
HNRNPUL2	33077860	35691480	37308612	14867279	15183607	18082450	18876504	21004748	24540300	17134486	18706318	19577864
NRP1	20359542	18086926	17582114	8347163.5	9212267	10482232	11320152	11650055	11458261	12218249	12784024	13859233
LMAN2	14851326	19135798	19603376	31321802	29507278	30474140	18152292	19909406	23055908	43696276	34337236	28370798
HEG1	46410140	39676264	33873356	133263720	110139544	122892272	63334084	65150756	57373568	95385864	91782080	82888728
ARHGAP29	12935668	14250058	11618095	7969500.5	8782029	8262420	3433440.75	2802792	3075174.25	4179306.25	7086894	8081486
PTPRD	3487548	2421872.25	2874313.5	3994184.25	3498749	3167926.25	676061.625	691270.9375	262914.5625	3384768	3219834	2971098.75
IPO5	16845908	21084232	20724884	23057118	21661546	18704766	21196376	20165850	19758216	11295192	9979611	13259561
DPP7	15706786	19703400	21465686	24425132	24761218	28610830	16644554	15505835	15098371	27123846	24981962	28081118
PITPNB	12134415	16064570	14498883	7820572.5	10279814	7296603.5	6763719.5	11473798	12041011	10437131	9617484	6347210.5
PGM2L1	130508008	121617368	129998640	59809372	63125436	68750144	58900740	67143320	56667860	87057152	84349360	79293736
RBBP7	8956138	12883801	12447871	7718823.5	8126404	6690191	4234590	5651315	6319625	8145045.5	7121641.5	7523659
CCT7	21652884	22345860	23012470	20033434	19740734	16139284	14900895	14704648	15218803	16130328	16915022	16653972
EIF3I	48483100	43731432	44378524	20519230	25455536	28575090	20321538	28709356	28869464	30159144	34731008	33459978
USP39	6963797.5	8649457	7909575	4185230.5	5989061.5	5790331.5	4683291	4609966.5	4923683.5	5619273	6733483	5377987.5
GPC4	10651279	10031604	10823923	15955926	12313385	12539396	23424456	21132110	18418496	17496660	21301596	13057985
HMGB2	326746048	264736576	292582720	293780384	273978240	337228256	185276576	169065712	227576832	126353768	130814600	146982512
PSMC2	10716907	12052530	10971833	12000857	13482121	9428751	6224774	5196544.5	7074606	8294744	7767239	8658030
GALNT3	12131055	13659334	12236029	14211070	13037999	13160595	15596135	14682524	14286462	23906202	20777748	17639328
SET	262945200	369548192	254237376	1067007040	600773760	674799424	175402256	163849504	186551296	231921424	214489168	221706640
NOP58	35351044	36472600	29597888	30114868	25369380	28351182	25054988	23606156	26824718	27995528	26994832	26516492
CBS	21444894	25803920	23836644	20451954	24174104	20288580	11637040	14171319	17348022	9972450	11401336	10098916
NCSTN	38280448	40216864	36665508	27322730	28684574	31486118	16587118	18127186	18052336	36108772	39561224	37368988
HSPB1	324544160	383315840	334753440	303513408	307496000	260050128	171488480	153071264	185231264	248337296	233043408	250081952
SARS1	25366268	35959564	30573282	28055074	34114364	31130142	23142354	19754518	23324336	26670794	24325472	29783852
IGFBP3	293372288	341682784	316661120	209436304	208720688	229330672	41134108	31075940	29569610	96145920	114115704	122195848
MPRIP	4315493.5	5029632.5	4373737.5	6219246	5937054	6188499	3213841	2404046.5	3040709.25	3654751	4462238	4234173.5
DPYSL2	16175561	16156084	18735146	12820130	15895771	17484400	3071243	4221793.5	3218525	8680547	8930976	9815061
SLC34A2	154157184	167804624	145942768	90598560	99964224	100365104	75841008	88693496	85648608	106907720	142927216	111232992
CAPZA2	48077720	57594884	56016808	16526210	19282276	18848080	22045688	35514872	36540148	30378270	28191572	26618384
CDH2	17049380	13326630	14231810	39779948	39444492	40359164	4414861.5	8186282.5	5103237.5	39022532	40139504	40300760
C1S	13153384	12816792	10073707	33647388	41503620	37992340	18071096	16317166	20938696	29190548	26250060	31595756
RCOR1	10145779	12827578	13382684	3616730.75	4370562.5	7098891.5	4758176.5	2762764.5	3698155.5	5073683.5	4872753.5	4941015.5
PSMB1	90807416	81288344	85645400	129265040	141398288	121181800	80049800	62365936	74258128	72592400	73006784	89578344
HP	1569320	1824443.5	2126747	5961733.5	2342273	4299935	203907136	230336480	164201040	4078778.5	3494021.75	3186039.25
SCPEP1	35557540	45531464	38524940	25636098	24608534	24884766	23727406	26091892	22611088	26359498	25656506	24549804
CTSC	134227584	104417120	115636512	206225072	193177056	175081984	123631880	151523616	114836080	180207584	170694432	180269904
IDE	8491319	10928325	8471890	6195120.5	7263198	6509073.5	4488999.5	4301301.5	6669764.5	7263487.5	6755386	6424705.5
SLC9A3R1	12879391	15634601	12193746	12429875	16592691	12608247	5364818.5	3064329	6467855	14101786	10114396	10279305
INPPL1	5355381	5959234.5	4497668.5	308897.0938	963024.0625	1402147.875	1351681.625	1874400.875	1875929.25	1969391.25	2335878.5	2002606.25
WDR61	23619656	28256484	28033906	8483578	9378704	13416177	10213826	15220905	15231217	21173704	18628520	17640162
RTCB	13514880	14486218	17244364	5934889	9851456	5489893	11660278	12541738	14631086	8174805	9152317	9246454
TGFB2	61654996	79628344	67930664	112229736	138156192	99678648	49706576	29125282	31699348	44910716	50051604	40089900
PLXDC2	265448928	224456000	240346752	248752960	213887344	236745216	525986400	551212160	577919360	465150528	459025280	457759776
PRPF19	91786288	84035912	97058144	41440008	47812552	46449184	42728248	55854076	60396644	69938528	73450608	75832592
PTBP1	31945446	40709640	34683864	30186482	31330482	27213392	17685966	16549070	21367782	20559816	25813552	23043324
FKBP9	16216001	15258401	16929784	20659646	22183398	25541308	13259342	11347590	9857103	15016082	15453712	16486397
USP7	4835045	6420876.5	4972805.5	3266696.25	4269512	4271032	1546618.375	2046549.25	2181334.25	3962621.5	3384249.5	4893819
CORO1C	63583476	76625536	81061208	32814718	36868416	42002288	37629096	53500396	49151700	61807152	69754648	65421888
SLIT2	20361282	20339742	21234954	19624942	23879182	22690618	12844172	14017622	13042236	19090402	24158500	20041394
CIP2A	8950647	9444173	8036735	1268089.625	1919791.125	2268831.25	3055225	1928845	3851767.5	5712250.5	4553866.5	5917473.5
PAF1	30005174	29038558	31873926	42070188	35467232	43546868	30134298	25094868	28304084	26808178	31594440	27101434
TNPO1	18399664	23771314	22550354	9556338	8509464	6482597.5	20876730	20660198	23615178	11454956	10666072	14136285
WDHD1	26538656	25737844	29808794	8694509	10673084	14720491	9323000	13276425	16671086	14557485	15256814	13807120
ARID4B	8184941	7652526.5	6842960.5	11342831	9344869	10320292	1602676.375	978222.1875	1580865.25	5378543.5	6846196.5	5563833
DKC1	16948504	19322024	12959166	37271776	19757328	27903048	5967514.5	7242341.5	8588240	13189033	12619103	14452293
GALNT6	11463308	11988945	11205846	11125443	14456361	12684529	7141422.5	8634620	7588317	13716070	14976956	12712992
XPNPEP1	14772143	17183398	15491971	9237204	10355707	9955840	10333468	12408080	10604688	9559134	9433168	9382634
ENO2	9092829	11867744	10411816	12170229	13052992	11260512	8694428	8470719	9760193	5465075	7716980.5	7422506.5
CTSF	23888404	26550406	29941046	26790792	28110210	27808518	31712652	36269240	27870798	46301636	47976668	46948884
TNFAIP2	3714092.5	6864536.5	4872825.5	5661365	5297328.5	4750302.5	3637092	2129358	2517856.25	6439926.5	5958814	3041285.25
RAB7A	20510682	21716216	23442822	15497364	16575540	12140414	14516345	17371832	20597812	13111690	14633608	10248487
HAPLN3	24603342	23544188	23528530	26917252	25649792	22905582	16590850	8335877	14037381	35991276	37605076	33501402
RBM25	46029040	48108744	44854496	28374640	25518432	48195884	42082392	32489264	41457360	26950592	30642896	24503666
KIRREL1	11365681	12433539	11174981	8516491	10623943	9081391	9360763	7653796	9107754	8134875.5	8693443	7506210
BASP1	14418730	23520596	21668746	68851400	61405204	64890332	34897540	6973308	12381829	20309964	13010477	26803452
LTBP1	28250748	27934658	29449202	28843844	32719898	30047020	4025753.5	3008849.5	4077144.5	9746531	10552098	11922869
JUP	18236288	14291797	33107114	14023109	12594496	8474529	13570614	24883868	6739623.5	27979452	36709552	44440404
CHORDC1	25650012	30036824	28483780	13630303	14467163	15215138	18682718	25129022	28611966	22566608	17711046	20213876
FLRT2	7415543.5	7120185.5	7416375.5	2883007.75	1900825.5	2127322.75	16300631	12672752	12821203	7003523	6556228	7161901
SEPTIN2	9369327	13397321	11630927	10517764	9352165	8786758	5630401	6627567	9384517	8961593	10186713	9549140
HNRNPK	24819300	35257860	29096226	18823430	17995816	21419038	11269856	12653394	13432284	12964907	12325714	13594571
ASNS	15747050	15343583	14943032	9339372	11714643	7557621	5690313	8021938.5	7704263	4442561.5	4417928	4459310
OSMR	40753084	37013244	37770852	20837292	17671502	20165018	25640456	25815576	25088598	18299492	16493099	18322458
ATP5F1B	258470880	264081712	216752352	313465568	472960864	326079360	222099360	185528416	218462544	338062080	413500096	357681728
GLCE	7116967.5	5679650.5	5169416	15861979	16935820	18665916	9536488	8619953	6963003	14292174	14878026	10850077
MACROH2A1	41031276	48835136	40281940	24454246	26012310	25477604	20777410	18995802	25660492	29520158	27898236	30114768
PRKAR2A	62744408	71501544	60785796	31432324	32420992	36379076	33802068	44756620	44007412	35524148	36856968	38532736
SMARCA1	2416054.75	3439499	2553785.75	2096401.625	2303155.5	2041279.375	2437597.5	2689706.25	2921739.75	2637550.5	3408162.5	2633827.25
SORD	33090608	30236370	33464820	11039547	10511674	13097463	12822132	18789598	16731804	16059929	15121311	18108280
BCLAF1	28429990	31072646	31515330	45040528	42169340	59250304	12261640	7598688	12740791	25365980	34169748	29957228
UBE4B	25641606	25302196	27878684	26724876	25753268	23799066	47166616	48328960	39032396	58933324	54969632	55917844
RTF1	18170430	15206966	17738946	10492043	10922869	15231116	7148931	8174407.5	8103052.5	9443859	9737592	10519285
CBR1	18920008	22243366	21328002	21015480	19646146	17968210	13558060	16970544	18585054	14721438	15065751	13860825
RPS3A	27658310	35135876	25712940	27190000	24901954	20478532	20825878	15248620	18738202	15484878	17087038	16968572
HNRNPD	161516992	199879136	182797392	142525216	144144272	158272528	95148832	93145536	104125832	89702336	94265536	91234344
FBLN1	799695872	781009472	700514048	193768800	195377488	189124848	1434197248	1495235840	1860380544	331490528	378326816	301382208
WNK1	10268303	11260230	8622379	4025946.75	4733913	8161155.5	2413668.25	2524228.25	2797750	6938692	6305058.5	6165394.5
ATP2B4	8750996	13297693	10330561	8922397	12298055	10524357	10113975	10484788	9688851	10744518	16337973	11481065
STRBP	24063994	18952368	15408344	23406976	23688484	22545408	12958481	12915003	19793280	16410354	16493452	23563732
NPM1	1080824960	1119644416	995888640	1412929408	1375031296	1569597184	612137728	487605792	597215040	1230528512	1225495296	1517941888
NOP56	13508654	16185669	13958301	7033791	6784172.5	8076297	7749564.5	8773486	7336632	6114205	6501078	6101698
TBL1XR1	50083920	43959800	52088152	17866268	22889288	21294098	30487024	48767372	57424968	45786812	40195092	39335528
WASHC5	5297705	5686248.5	5915613.5	1267722.625	965681.5625	741138.1875	1867756.375	1716345.5	1832560.125	3965960.25	5137067.5	3927916.5
MAN1B1	11164921	11140286	9978763	19928620	19317916	17260474	11371005	7769209.5	8590826	12342290	8914461	9614368
EPHB3	9682476	6610001.5	9239542	30492290	28836380	28907366	16621743	17258352	18275386	42421596	36328560	34982192
TXNL1	39962656	35867272	40112796	18938908	22137862	23767050	14023811	18173100	25328648	34977604	37798376	34690536
RBBP6	15219905	13986836	11534156	17172772	12453484	16272070	10408382	6309768.5	8490510	9719905	10821033	11779836
ACTR3	41164804	54322612	54184336	40700296	46975144	33026728	27175610	34137488	35875880	39833416	37691228	43085716
SEMA3A	15740396	15569310	16294060	10442492	11765744	11812878	34113920	40692600	31130436	10281643	10854689	9107815
GALC	16431388	15947377	16109210	13059567	13580484	12628317	12814974	10363815	9482412	13661950	14266723	11608857
SEPTIN9	9334535	17314378	10903481	9482813	9649351	10389703	5776887.5	5155984	7765418.5	6257167.5	9955780	7711173.5
WASHC2C	6632947	8864522	6694541	5254468.5	2951237	6105837	1748459.75	1406371.375	2539641	4141762.5	4458375.5	5517422.5
RTN4	39046720	56329412	53322620	35245500	32505054	41866492	37174500	31803984	35778068	37130024	54702604	34781476
LRIG3	3703144.5	3703786.25	3667515	8367192	10096047	7766323.5	2150198.25	2451681	2040640.375	10341834	8995532	10693139
MAT2B	4419941	4328538.5	4356890	10181476	11198427	7128682.5	5297117.5	4274339	6095827	6366715.5	5870764.5	6595120.5
CDC42BPB	2818487.75	4662695	3977575.5	2020634.5	2984688	1611792.5	2360619.25	1331836.375	995939.5625	1749472.375	1426341	1885212.625
TCERG1	9485663	11658315	9087964	5171164	4939479.5	7805178	4159499.75	2676448.5	2954939	3121897.5	3038277.25	3816220.5
DLD	70131640	60291128	61193752	54230156	52957864	64612600	45969920	41241676	40018104	36594076	31145604	39774276
NUP93	12330561	13423874	12923071	3093569.25	3314231.25	3684043.25	6197030.5	7677187.5	6689118	4966967	4331878	4865589
EPHB2	49862128	42618556	41651504	54509788	48860044	51507476	73524048	83951272	93024896	62597928	54702544	56636768
MINPP1	10972300	12913377	12717224	24333022	24271714	17668696	16593702	13324330	15335035	15593332	14928592	16443545
PSMA4	135865744	148922592	136728432	190745392	193236608	176089232	97529296	83768408	102278240	122601240	114805032	129910808
TRIP10	10397079	15046606	14128294	9623545	10954811	10387817	7191604.5	6204101	6948204	6218288	5918658	8105424.5
EEF1D	37418428	39974508	43242264	43300016	41677456	39169656	22680534	19796572	24493914	22691294	24491006	29125360
TSN	52336192	61554644	69795072	40301200	31866312	29773092	39394676	52098448	47974444	48951240	45077284	55418784
RAB1A	27964960	31573284	33452924	16216175	17449732	12419226	26010338	28065898	29063306	24694146	27756884	21966876
PSMB5	156290192	145856496	147614032	136165872	138249776	144608800	91468648	97581176	109903424	155248528	152414016	182623968
PSMC3	6673444	8211499	6813139.5	10402908	9736063	8223929.5	5326478.5	5435370.5	5956594	4787681.5	5492864.5	5596004.5
GFUS	18703294	19069848	17117996	17015934	19350800	16684157	11802043	16419247	17848224	14057882	16006344	16482140
ARHGDIA	65825492	71653584	73673256	88394944	92406352	80483552	78924224	92723560	110761392	99037440	85602088	81996264
YBX3	7299223	7261949	7058451	5641736	4969697.5	4754961.5	2131379.5	1253492.25	1834859.875	4215368	6323146.5	5428763
ATP6V1B2	14675431	17907518	16025538	10886544	12197581	9717125	10033228	10776583	16730295	10348905	11745776	12380860
CCAR2	5003574	6882851.5	11109296	13572877	15278839	12751884	18378628	15533475	13638981	16315564	13970643	13447582
LEO1	26417636	29011966	29050734	32875630	29015088	37989236	17422006	14906535	18116730	19311814	22417728	21049600
CHI3L1	28070076	29415264	25950764	17623924	19333998	14947989	3315830	1891305.875	2734360	20246998	20130626	17373816
SEMA6D	859745.875	562157.75	184341.5469	3466918.25	3697754	3162396	1845879.625	1165240.125	1341055.625	15476221	15418328	12702110
VARS1	5997086.5	11732534	10125991	6795419.5	5476381	4722041.5	5361998.5	7472313	6664072.5	3636956.5	3856545.25	5880162
MAP4K4	2999697.5	3332076.5	2954211	5543696	6078856.5	8455103	5640402	4046940.75	3756256.5	2601448.25	5597657.5	2650234.75
G3BP2	26167688	30822116	27130906	20094812	23363618	27176350	21862754	16581698	24377974	4527705.5	16162773	9997647
IGFBP2	55953328	49276000	45512984	94542064	92445680	79739048	27425084	18128502	20994882	64008560	50796808	53721756
MACROH2A2	13842647	15436712	14594526	8762327	9092551	11073413	10072662	9315552	11078967	10763210	11183944	10233182
ANXA11	9937351	11193736	9967160	14559891	16282713	10984498	8720129	6309925.5	8097770.5	12909727	13110355	14273245
CDK1	16808654	20440576	18946570	13394307	12747544	11022860	8731660	9057534	8726309	9101046	8942247	8794579
CRYZ	28780958	26857900	28311400	10240039	15262951	14805005	25349126	29155974	32516234	23591214	21534398	23623136
SERPINI1	13084309	19358654	13469063	19856592	23123430	19120104	17629036	15956989	16658299	23104570	21962728	19192790
ASH2L	6485205	7506008	6543921	3637320.75	4227500	5049318.5	3449997	4473193	4360586	5496386.5	5651986	5511845
ATP6V1H	10892885	15634177	11496637	5012090.5	3978036	4043322.5	5885938	9820509	6543638.5	7156332	6752239	7866177
DCAF1	9737336	11771099	10522705	2634021	2912342	3165119.5	3032964	3069630	3455301.5	7101626	7867880.5	7316512.5
FBN1	110866712	151579904	120947544	19280040	20272082	16521408	61581396	43396660	54651512	14118765	13333756	13013102
EGFR	17708668	14737700	15368684	12280505	13101789	12257703	19911748	20566894	20510466	18898816	18747672	14809692
CYFIP2	193606.3125	228433.2344	188998.9063	94042.49219	197748.6563	147601.7188	164432.75	138659.9219	149214.5156	266598.125	283394.2813	274626.625
BRD3	8941536	9043149	9663964	5293412.5	4433714.5	8542395	4193445.5	3182543.75	5368325	3798491.75	4334483	4595210.5
PRPF4B	18376168	18410850	16491636	17083278	13819942	22154890	11535700	10444910	11787488	14833977	16375159	15148185
TACC2	3956199.75	4891378.5	3798976.75	2471205.5	2190748.75	2450769.75	1154079	491729.9688	1134261.5	1767580.625	1739287.875	1727448.75
TGM2	14905261	17819148	15870595	9412467	9165184	10067969	9547550	17832730	18807934	1193197.625	876550.125	1298723.25
OSBP	15319916	20151540	16357419	6399561.5	7516037.5	6929302	6147993.5	8863859	7991778.5	9318298	10149735	11544851
RANGAP1	8262670	10181316	8557651	6854172.5	6203883	4958035.5	4432721.5	4759312.5	5171952	4918180	5213217.5	5200199
LRRFIP2	5319222	5933267.5	5458494.5	5564375	6090383	6660419	3031938.75	1245305	1895894.625	2390755	2199846.25	3078555.5
EVPL	2163944.75	2946526.75	2213019.5	1360408.125	1634172.875	1477162.375	1528288.875	435991.0938	839383	903587.625	1327311.875	1119134
MAPK1	9128030	8955369	9302015	11838651	10437347	8637234	6881918.5	5920050	5677785	5015876.5	4515736	6000960.5
RSL1D1	24265996	27301392	18732226	8823170	7633244	7570673.5	9010021	9964805	12602002	8845653	11661103	9095033
QARS1	3852875.25	7240996	7624336.5	4102646.5	4213486.5	3283073.5	3738560.25	5284576.5	5558613.5	2809666	3181235	2837536
PSMD11	10601963	10876594	11520328	14254823	13413225	9195621	8474186	6748762	6949935.5	6486196.5	8515284	8570085
GRN	99381000	118274288	101179080	108650960	120469832	105906696	111828000	120809792	112985728	103121408	102893680	102838816
POFUT2	21000204	23419684	23896356	18922104	15236658	18788078	15046042	14931816	14341350	16094844	12932329	14413661
ADSS2	23828626	32329366	23268666	13888352	17747884	14893637	9903976	13147482	13181581	16574945	13925594	13986630
THOC2	3632175	4364173.5	3684636.25	8233817.5	6513998.5	8456775	4291175	2953583.75	3474197.75	4553491	3787909	3631142.5
PSMA3	51059080	80090880	71024168	102076432	105043416	100837224	51690572	44988108	55214136	70244600	76419344	73759888
BRD4	19009594	17251494	15558634	10551071	10152703	13896573	10309365	9919517	10064218	8784191	7957820.5	8018362
PRSS12	25071280	29909976	25536452	17757174	16904578	14602224	8964722	6684568.5	7874711.5	7750731.5	8249213	9458625
AP3B1	11373139	13185560	13797244	2631208.5	3419015	4302669	1714414	2449280.25	2026109	4648957	8341512.5	5942917.5
PDGFD	33209786	30113540	26355402	32591164	35021464	33026144	5321126.5	4563942	5135257.5	8714985	11800030	7382872
CARS1	315669152	375674240	341853216	282179136	376930112	293798944	514853536	475782560	486672896	500894336	476074752	363895296
RPL7A	15437974	19520512	14672020	12561531	7712091.5	11460656	8479632	5978352	7732516.5	9392490	10091350	8677408
CACYBP	69947480	86045840	73627872	40026940	43340848	35608292	32252132	42213316	50114480	46363976	42421872	43153876
CILP2	4335650	5960753	5208433.5	8446838	3550687	6940294.5	10295587	8880563	8529500	1337331.25	5742295	3625481.5
EIF2S1	9334624	12917362	9143696	8397401	8294496.5	8372487.5	5301720	7000470.5	7265013	6147825	8208184	6380722
WDR26	16269030	16033769	16311716	4484416	5763031.5	6304223.5	8376230	7599532.5	9483861	9238518	10357722	9585722
UBE4A	7802564.5	8693270	9241624	2204941.5	2018174.375	3153776.75	5532050.5	7288904	6847186	8187754	7879414.5	8431800
RAB11B	13588668	14693518	14512084	10913457	11790487	10163735	9905818	11008138	13434386	9353427	8434286	9782091
TBCD	10190762	10872390	11712516	4641169.5	3950911.5	3677418	5497342	5999317	7731659.5	7861518.5	5702768	8985060
GTF2I	5077136	4972519	4499386.5	3050971	3119341.75	2622399.25	2329954	2371898.5	2562676.25	2082550.75	2444687.25	3328382
GTF2F1	9792829	8757283	10056767	7917263.5	6666213.5	10985225	4492406.5	3990648.75	7893512	6053210.5	7487742	7016205
FGF18	34714224	26786514	31947956	87906360	115840528	114498440	95971992	75259416	87236840	53679412	71540768	56691680
CYRIB	16990168	23712292	25328118	14852242	11251123	12170517	14537299	22257386	21771540	17328940	16381201	17279526
SUMF2	13645637	17737424	15573448	26329478	22731508	17443418	11972331	11299265	10895289	30381958	26127072	24110928
HNRNPL	10507339	14145115	12977062	13108213	14275585	12515176	6944709.5	8350263.5	7894938	5243476.5	6937726.5	4229095
CALM3	14510659	22559018	14698717	55494668	57382468	41337248	18795796	17712558	23021310	23707154	22420376	21354444
RPS4X	46006940	55088672	43664932	22322362	21055514	18971890	16660638	15284787	23228738	22211594	20960622	24166942
GALNT10	4025840	4280888.5	3247889.25	9063712	11650995	7753828	5828193.5	4124178.25	4778731.5	11845368	10643743	10038202
NT5E	4878771.5	5324982.5	5428933	751450.375	2172849.25	455453.8125	14363944	17388126	17466252	1626048.5	3529701.75	3086173
GFPT1	3131991	5395292.5	4384529.5	2745161.25	2686761.25	3279148.5	2450241	2556754.5	3326744.5	3360583	3501276.5	3638828
RPS9	34362740	51545964	32695572	17151388	17119654	12754383	13880443	14330650	17546118	13882019	14710257	14667055
MELTF	2467307.75	3605550	3194219.5	922683.4375	1665141	2626661.5	4269069.5	5200190	4093927.5	1920343.5	1385781.75	728103.6875
STRAP	49217612	52702776	52843000	30058730	34497464	36405796	33003738	43953940	44065700	37818732	38818664	40593768
RANBP3	18519204	24472450	20528756	21509242	22793174	27809500	12792062	12565790	13504370	17445426	20058830	19820980
BPTF	5069485	4778578.5	6585921	3501587	3776926.75	4533005.5	2323602.75	2492915.75	2188726.75	3416025.75	4910522	3449829.25
PSME2	20102406	23210390	21639796	28662434	26520180	17056516	19505478	15387211	27382022	16146357	22953322	16695772
CUL1	11739961	13835259	11764567	8470633	8623344	6973133	10127970	8301033	9455432	7812663	9885728	11433558
NIBAN2	8659499	10153972	9104686	8477829	8966645	8401036	6335457	6348938.5	6901142	8144581.5	6247849	6283478
SEMA4D	32980030	30227228	31333504	26169866	22965962	26966884	43135316	35555520	30945408	33288192	36487208	34465296
FAM20B	9211583	12415989	9354260	12397012	10716349	8989932	6723697	6594998.5	6951379.5	12050694	11563459	11627241
PSMC4	5415909	10295837	9464114	6905542	6468351	5640636	3158731.25	2691026.25	3821881	5767506	4787571	5422885.5
MYG1	8975234	11548142	13846789	14368408	14660822	12891644	9717043	10679830	11449942	9694361	8899602	9058948
MYBBP1A	3885338.5	5559218	5106777.5	1902743.125	750692.9375	984341.875	2449527.25	1588275.125	1852673.75	1501878.75	1267659.625	2124910.25
COL26A1	87415912	79258856	57055828	81385072	72677328	77630512	43502552	35560008	42091228	43423348	40497888	42870964
MON2	8503935	9387653	8290577	2341319.75	2275660.5	3800669.25	2549413.75	2040710.875	2653457.75	4687252	5350259	5200272.5
DDR1	49008592	53132300	52951768	62936556	70569752	63212384	58834092	61822036	59939044	66937016	62679504	61778716
CSTF1	16315450	18073466	24604892	8957080	10840723	10504573	10872554	14338528	14090347	12700080	13787948	12435265
DEK	27244322	27085574	26180004	12597900	12644112	18176032	9895566	8887263	10766875	13142856	16668802	17035910
CRYAB	128623728	132128344	111506784	113056392	102568704	89488848	75270504	53575932	63373884	72395864	74397344	71974080
PLRG1	31578250	28101066	32070470	33198636	34734904	38459800	33041904	36087764	34989628	26618428	28308158	26461506
KIF5C	148703.2813	183313.5781	165535.2188	400199.0313	520349.1875	377856.125	283433.125	117221.6484	301079.5313	179054.9375	148400.9531	222553.875
RAB1B	2355757	2402186.25	2490591.25	371610.7188	512708.1875	853066.875	1978007.625	3039873	2908815.75	638078.8125	1529874.75	1286570.875
NONO	17894892	28783734	25117728	27890864	31107464	30693660	16194688	12595440	14181917	15045996	19462598	17059080
MSLN	20916256	28405498	20419706	33210282	30699992	20881938	47262772	25502672	29290448	6951853.5	6500501.5	7461588
WDR12	28596760	29214974	28592998	22053268	22791652	24616122	19073540	25631188	26816240	24951994	25930444	24705744
ERAP2	31865164	47018492	36532788	17807420	20772706	21301384	16123817	15586720	19531022	19778554	19142004	18995532
PSME4	1820053.625	2208304.25	2261062.75	1284132.75	984695.1875	1358277.875	1887226.75	2514838.25	2935162.5	2724296.75	2570009	3123999.75
CLUH	3159057.75	4258780.5	3920833.5	1347949.25	1340412.125	983782.8125	1143046.5	897146.0625	1856102.125	1488806.875	1733947.875	2471837.25
XDH	5581710.5	4602389.5	5123439.5	10846374	11675842	10227958	10819433	11051012	10622806	11104528	13192190	14106313
HMGN5	28055544	22849596	23098478	49120536	43180852	62313212	28958270	24108768	28658784	63149164	65417320	71232592
PSMD5	6424489.5	6993957.5	7733715.5	5663921.5	5315095.5	5038297.5	3687921.75	3061410.5	4454478.5	3346309.5	3084690.75	4170436
AP1B1	3137444	3555395.25	4092534.25	3186685.5	1536174.125	740926.75	2080353.375	1092712.875	2334775	3088457.75	3095306.75	3584477.25
WASHC2A		187775.1875	191852.0469	169774.0313	187804.5	181154.0625	104450.2266	88169.86719			138352.0781	99501.21875
GBF1	2904239.5	4080558.75	4539531.5	437609.5313	881528	1207423.5	351094.4375	455683.7188	579584.9375	1096171.375	1966470.5	1841308.875
HDLBP	4230640.5	4911852	4120757.5	1224839.25	2027434.625	1664740.375	2088658.5	1247618.5	1883021.5	1693413.375	2320077	1866204.375
PTPN11	12911342	18017224	10620851	8329642.5	10279772	8363815.5	5499295.5	5697409.5	5836257.5	7155242	7019758	7071322
PTGR1	14669591	19902364	21355546	15427918	17236194	15497730	11264052	15985080	14117824	19389268	19370736	17736782
LCN2	139369488	133924848	149674512	112977232	109009136	83531784	77184672	95162848	107316624	73328472	63689864	57382248
RCC1	45324480	44305016	53218000	22786654	22700088	26773916	27068422	29574060	34665684	28815494	32507662	34704984
TWF1	10494352	13302543	12816250	12605991	16187073	11604299	9302467	8423198	8962898	12266268	11591872	9926513
GNPDA1	27942478	30147390	28251552	33775128	33928168	29917342	17639276	16057931	20842412	24214052	23191210	26416222
NME1	410513760	420982656	414181536	671367552	613533696	566780096	370138496	310956800	354586112	278904480	278455200	316398624
SMARCC2	4869449.5	7337340	6312997	6177903	4423916.5	5372064	3041722	2993685.75	4288747.5	4341062	3628266.5	4214673.5
HNRNPA3	48060392	63708704	65670372	25391044	20134012	30678110	23041966	24396090	30131056	29899510	34847272	27082370
CADM1	55372532	47431472	51432500	95557712	91294560	91243704	24371536	23309736	23742856	102642840	86000888	95995240
PCDH19	13542359	14077482	11594086	5949077.5	6945169.5	7200048	8706566	9991238	9506535	9992458	9221677	9406737
ADGRG1	123881600	110615408	106514200	182343344	181075632	202875184	103585784	72000272	74837024	146645888	162652048	154835280
SORT1	37554876	34638996	32702188	73590352	64279748	81412312	43147980	41048272	39784728	46789676	45212988	40140700
DNM1L	3654019	3899963	2980112.5	3657122.25	2945164.5	2994302.25	2185526.75	1661196.5	1985473.875	1758412.375	1888132	1939369.125
TPD52L2	11625159	16783758	13773056	11318739	11021809	10114408	5468148.5	4683480.5	4687495.5	6738989.5	7439091	8958362
SLTM	22837998	19464866	21428908	19990202	18367706	25920650	16341098	11402441	18711574	13055102	14286146	12803149
PGM3	54936924	51844948	53249772	51487904	55710700	60021260	37043404	43465392	35756808	42674148	56003524	48806396
ALDOC	12342921	13330780	11844272	12251520	12004495	11798700	11819337	11027927	11897271	7228436	6387410.5	8271439
MSH2	3859720.5	4924242	4681100	2070413.875	1648959.5	2198714	602619.8125	1060658.5	1234814.75	3058219	3466294	3604228
MEGF8	39795508	31876378	27294588	23503580	31027348	22072672	34481372	34233756	36049656	41220304	39318584	43057836
AP1M2	7739229.5	11923985	9340759	4489065	7020466	3650718	4392653	5624540	7735492.5	6617815	4937173.5	5057750
CNOT3	5694839	7813918	6368843	10875209	10288751	10646112	3318359	715873.0625	1584475.375	3599628.5	2133025	4842510
PSMD7	39679356	52531816	47179196	20942938	25511562	23817178	22280448	22346678	27579916	34649352	28087216	38568764
TNPO3	22027104	21199930	19916264	11351177	16741083	13359206	17524180	13502581	14757496	11901736	11269107	13467424
ADAMTS1	35604592	29303324	31448754	19734186	22197546	23962910	14751439	10337901	11979896	8292263	7824868.5	7219605.5
SVIL	8841324	8193989	9606667	2043364.375	1485999.25	2266117.75	3224918.5	5650723	4680877.5	4981128	5930955.5	5776291.5
THOP1	6514722	7478527	7572391	8744428	9845727	8594472	5745024	5540110	5680823.5	5952871.5	6019074	6896044
MAGOH	21910754	24791912	23034068	21579528	22313376	18201656	12010873	10228731	11389360	12416397	12218175	14327499
MICAL3	3473079.75	4227605.5	3315598	5268183.5	2752654.75	5037166	2473803	927004.125	2228999	1662642.125	2496892.75	2427914.25
CDV3	8395787	11424587	7905159	19711712	21585432	17259212	6816018	4138774	5849232.5	7981553.5	6586159.5	6805263.5
ANP32E	54386880	80327792	81009992	76266096	68902064	93854368	28684542	22003198	35586184	46070048	53604480	64055132
PFAS	5517757.5	9513232	7985637	5455094.5	7318102.5	5759415	5263265	4766416	5791135.5	5264720	6446451	5972829.5
NAGK	19412962	27444538	26963566	11672842	12836864	13038898	11088666	17416864	15498192	15722742	15846977	15793336
COL4A1	54443424	44697628	38668296	97354480	77502744	80711720	22870808	18644448	22456334	29755206	31628428	26494212
PFKP	4111610.25	3816014.75	4714260	3401938.5	3313964	3401028.75	3005970.5	2612316.75	3186564.25	2092413.875	2524165.5	2525502
MAT2A	20011822	34068380	31192826	39233692	41567764	41894244	16503673	18418064	19593892	35852536	22477500	39012624
DNPEP	16992052	18239250	17112966	17748398	16887126	18502232	11064663	10430639	13416840	15597444	13764166	14403885
FCHO2	4682126.5	6211770.5	5448872	2167016	2920879.25	3320968.5	1299532.625	693433.5625	1084781.625	1614676.375	2181527.5	2432533
ST13	18642686	24182690	22178110	45100768	41071532	40804536	16992724	14608781	17432796	15171299	12663052	19522010
FXR1	23619908	25171492	23590410	14823143	16743878	16087565	9909489	9660579	10373247	10684119	11950299	12236830
TUBB6	1432950.625	2118803.25	1865194.125	330300.0938	451049.5938	2353163	295317.8125	186181.0313	439055.2813	1484391.5	2223927	1918454.75
RCN2	4677710.5	5990593.5	4417538	9393261	12836121	8036761.5	3521369.25	2001012	2540466	3897429.25	3351231.75	4050760
SEH1L	8743734	7589224.5	9607380	2133479	3824174.75	2199642.5	3434699.5	4645118.5	5335749	4194645.5	3680663.5	4067403.5
CBX1	31766030	32092434	35842544	33423320	30894968	41925772	12948916	18300034	28317042	35480100	25561528	26266266
GSPT1	17922146	23072036	16853856	5815698.5	6869160.5	8223138.5	8065745	11816045	11790491	9012048	10621696	11651708
PCSK5	12695948	7466367.5	8898547	12138708	12998384	13383556	8537533	7511245	7826965	11540230	12207750	8574756
VASN	60504016	50395720	48824412	109313064	120950240	97655768	120734040	78262384	87009832	56770116	55466952	68043560
CHD3	4552525	4334502	5381206	3189746.75	1749725.75	4019831.75	1137539	1787499.625	2442505.25	1166760.5	1703469	2238868.5
SLC38A10	1198251.375	1819045.875	732029.25	18222914	17427706	16103133	5229790.5	1684477	4559442.5	4858422	2944836.5	5063853.5
LRRFIP1	12864803	11622827	10447997	19313998	19020284	22107224	11414390	7852501.5	7323876.5	11539917	9031133	12872447
KLC1	5715696	7466042	7190525	4517993	5663921.5	4854296	2554314.75	2220567	3015602	4555588.5	4142988.5	5432336.5
SUB1	383908768	396335168	341265216	299593568	228172752	349164608	125643904	104898536	125731616	219399520	237421984	256373632
MESD	13217851	14187204	11721191	15363221	11929094	16288701	13083020	11505280	11500764	15671886	12458061	12393333
KYAT3	13621600	14022052	13483568	16546705	17546080	13294666	12841883	16104401	17428676	10053481	8755985	9119210
SEC23A	11601197	14158535	12100005	8838875	8717360	8022532	7621998	10236768	12425776	9673234	10512322	10133824
MATR3	5744824.5	6062076.5	8672589	11690326	9182397	10749917	6207232.5	3520230.75	5706681.5	5358602.5	5653994	5668944
MAPRE1	20518070	19416406	17921706	28842340	23894830	22949308	12219091	8604510	10909425	11069784	9922666	12142108
JAG1	39063748	40051576	36981980	57520436	59787272	46040488	30379228	20433240	20550780	39958020	37616368	40836712
DCHS1	6502340	5000871.5	4654724	7652881.5	7770612	6589150	8595282	9058003	9257069	10637485	9791356	11666900
ZRANB2	88080704	91143584	80689464	72429976	62470348	98830984	53133044	44462848	60419180	64185500	71262072	68058816
HNRNPF	16351475	19663654	20464066	11569815	12222978	18506982	4206193	6537323.5	7495662	9872917	12612326	10112192
CCN1	40791064	33668596	33645732	13852441	15802661	15783369	18432108	16346828	19062608	8951501	10503698	9918663
LIMA1	13920753	14626556	15134887	3974014	4855249	8342355.5	5490796.5	3253621.5	4890086.5	4148339.25	4208712	4923386.5
SUSD2	27378272	33872776	27799846	16016630	18616964	20028112	37197192	36700160	31364922	16042496	20147604	16878786
TWF2	10155149	10552578	7210660.5	6655688	6018949	3894924.5	5433600.5	3452806.5	5407995	6899990	5233029.5	6113617.5
LUC7L3	19209984	20776998	17208088	14290435	17352832	21214828	15896278	10002018	12983733	13945846	16906076	18352024
U2AF2	47851500	47853396	47899008	32871600	30873768	39657220	39859308	30392810	29091598	30955968	31534740	38753008
SEPTIN7	8519895	14632619	13267669	9530409	10149944	7775047.5	7248087.5	7296629	9286102	8689329	9704702	8978591
SMOC1	15747446	13567746	15208330	11342594	12981712	10067607	7663399.5	5190080.5	4853624.5	26522534	24962550	28895620
ACTL6A	21832242	23587014	21140718	13312846	16091375	14310827	12987273	16558759	17543196	17562534	13723335	16214841
RABGAP1L	12253220	13474838	10974254	3827449.5	4483440	4542408.5	8841728	8515744	9740679	8328341	6325007	8719221
EPCAM	8002699	12326470	9535548	14397468	19043220	15232309	29753712	26065654	29749528	20813144	21760462	16356527
MTHFD1	10547281	12764248	12390250	9347220	10039026	7350068	13567820	11716399	11396692	11313523	9406959	9717800
HDAC2	27284652	29796514	34298708	17249364	18490590	20361450	12988924	17481218	15887376	17318990	20875898	19242470
YARS1	6502498.5	9461199	8667496	3417719.75	3909862.25	2601918.25	3883528.25	4534134	4886835.5	2296536	2227372.25	2679481.25
EDC4	16144307	14397581	15061269	4629783.5	4234447	5522815.5	6003125.5	7318866	6921990.5	6409371	7995411.5	7250413.5
TTYH3	8095377.5	4897037.5	3343510.25	14062523	17907008	15401238	17341950	12410133	10548882	9575986	10345820	11477626
EIF4A3	4468337	4601405.5	4855734	3337495.5	3249985.25	2860132	2071048.625	2184735	2072727	2779669.5	2663445.5	2477856.25
DDX5	10276277	13076381	11735608	6786055	7263306.5	5364420.5	5126611.5	6628365.5	6023039.5	3777646.25	4713533	3618485.75
PDIA6	5420494	7334071.5	5483686	13114223	14701716	11335195	7337086	8506195	8132093.5	7138653.5	8181111.5	8050073.5
LRIG1	5624429.5	5434175.5	4647033.5	8451662	16170466	13065578	5868076	2609654.75	5799821.5	4620904	3744283.5	4552230
HM13	8325860.5	12433469	11280242		353778.3125	3311659.25	8484074	10140147	10751529	5723122.5	7058896.5	4859673.5
SRSF4	3491291	3650322	4029992.5	4707215.5	5039377	5503496.5	3051212.25	1281143.125	1863621.125	2119211	2604924	3234142
RALY	19126206	21445182	18134196	10144717	11268351	10318074	9977288	10070130	12836814	10368945	14134448	11172169
U2SURP	22414100	25782222	29181890	28312544	23736646	23844896	13072760	14776742	16949660	14132355	17022628	20796484
SPTBN2	721426.3125	686034.0625	606836.125	450632.125	538509.6875	466608.7813	170663.4375	49051.96484	468820.5625	342461.125	45736.80859	329469.0625
EXTL2	6286247	9998297	7738507	15637182	17529180	13539918	7191028	6248361	5522625.5	11122841	10504734	7103184
RECQL	16920002	19610998	21885702	8387293.5	8607728	8479595	7585967.5	10387931	13123708	13212666	14120455	14981977
BZW1	8685078	9483666	10515365	10908079	10094370	7803105.5	9380753	8247247.5	6858365	5190352	6034154	5830373
CAPZA1	49970800	59353820	62384180	18327504	23841556	20649092	27688044	44399436	44866560	35407864	34151840	32231140
FOCAD	3596012.25	3579252.5	3401066.75	651288.8125	937784.1875	783390.375	2001309.125	2346520	2479326.75	1979989.125	2235977.25	3012502.75
UGDH	5329935	6748264.5	6009931	8300644.5	8725234	6288586	10976522	15651933	14461657	6676783	5025823.5	5028124.5
PRPF40A	24833866	27177834	26403884	25583584	22184638	25898708	22703056	13122544	21173898	11765594	17699950	12226270
XRN2	4080289.25	5610219.5	3804315.5	4093729	3972011.75	2887910.25	2189547.25	2043459.75	2692522.5	1833364.625	2095410.625	2583578.5
DYNC1LI1	11461618	12515676	16103977	26007270	24459844	15753858	10543332	19055880	9137531	20112900	19471098	20773692
PRDX2	26308102	23674978	23543014	20532550	20035914	17193156	15723753	20898766	22302882	21908690	20081642	20346324
LRRC4B	4140247.5	4325188.5	3909768.25	5485679	5860278	6055058.5	2508982.25	2375477.75	1976860.25	20238790	21640176	21582816
APOB	8654278	7560458.5	17018200	4509727	5458780	4862231.5	496436.7188	5956633.5	2987279	7569698.5	12608278	8212429
PPP2R2A	7557511	7595010	7358779.5	3278825.5	4394543	4560752.5	3761821.75	5933980.5	5280947	5085436.5	5768102.5	5907920
EML1	9461593	10589619	10809415	4980557	5180703	7722822.5	5503579	6582063.5	7322091.5	5220592	6193004.5	6461244
PCDHGC3	9344398	9779798	9564012	8706783	8257709.5	8333863.5	17182040	17292652	15395700	18671302	16352030	19062760
HNRNPAB	19826236	26162076	25153774	21011806	24649308	25044788	17142098	16169133	21533150	19287940	20696162	21205878
REPS1	4520872.5	4987991	3998561.5	1098839.125	1891358	2189713.5	1235279.375	450797.3438	1295816.25	1611325.75	1945486	2059630
HADH	12410372	10486492	12901020	4772461	5238291.5	4615954.5	3025603.75	5152997.5	5268650	4817980.5	3642984.25	2551028.75
GSTO1	22525594	25255528	23544554	37636980	34113512	27507628	21811628	21293470	21963288	16477931	15892060	19827750
ATP2B1	1086683.5	1613011.125	1177317.375	266433.2813	812834	720363.125	827738.875	826478.375	961203.375	1228453.375	1829693.5	1089295.5
SLC4A7	2366032.5	3345290	2544570	688363.375	977258.625	1050838.125	3214494.25	3031552.25	2605122.25	880295	1656587.25	769322
DCTN2	6394880.5	7022419.5	7828128	10443293	10606918	7879020	3399936.25	2597490	3233663.25	4005304.75	3889852.25	4671504
ATP6V1C1	6605723.5	7452331.5	8284733	8368294	7305798	6473126.5	5576003	5564241	6006216.5	4962034	5029134	6010205.5
RNF20	5403217	5220737	5251557	3638861	2918262.25	5787421.5	1329551.75	2083223	1743134	2552655	4045549.75	4040038.5
RPLP0	23473282	24456944	22468908	25117238	25342876	22855070	16438119	13926102	15269980	20263606	20863454	22563058
RPL12	20492590	25639020	22454236	30983058	31739118	29203384	21803492	14690873	20689920	21256086	17172836	24857212
EPPK1	509537.625		487485.5938	285296.2813	201941.1875	304031.125						
EHD4	480908.125	3110200.25	2313944.25	796633.5	2763178.75	2036217.875	2245923.25	2342431.25	2750319.5	1904485.875	2862813.5	1488725.75
ARRDC1	24892262	22666758	24616424	10465308	22034524	18628388	26791186	27326334	25672820	22886224	31871646	23296374
BUB3	20445536	22815116	21348636	9335796	13045706	11987410	11231901	12678982	17780040	12844330	14401886	13808096
TFG	6473118	7465341	5307105	10500339	8972553	7106737.5	5886726.5	5002021	5154093.5	6163397	4001647.5	6055871.5
PTPRM	24327282	22833596	26323690	24814662	25360752	29395520	31429752	25132362	24850346	21629708	19919226	21967202
AMY1A	973557.6875	2109711.75	1065585.25	6269549	7087854.5	3409957.25	4122760.75	2018925.625	1754970.875	6464963	6064233	5689141.5
WARS1	23859488	26315002	25568898	19604184	19370800	15724928	11533328	15444954	16112683	12605867	13302855	14091164
SLC1A5	57345644	64842332	51332768	32587590	45261108	44614312	59829828	58042028	57858196	45900000	63007952	46865248
OPA1	9333738	9192138	9494848	9627991	11248400	8484476	6276958	6420857.5	5833861.5	6820776	7741551.5	6673476
FURIN	11239927	9103853	8794648	6988790.5	7161663.5	6325392.5	10211832	12263537	10587584	14289000	9684068	13058302
EPS15L1	1289937.5	1597654	1428817	1982193.25	1990348	1830260	641353.375	228381.8594	905873.125	840891.875	911690.5625	1047322.375
SAP30BP	14097460	17804614	17170270	8222208	8335345.5	15012348	5010207.5	5529684	5193254.5	6325341.5	7875412.5	7063603.5
RPL10A	61711408	77164736	69532064	122027024	109693472	100053056	70240600	58124060	70164928	55289360	62525460	71491920
IL6ST	18631996	18130074	19813504	15632545	12853172	16034576	8299970	8068371	7557504.5	13224854	12087205	11825526
CTSH	8606756	7327624	7483793	13515186	12263141	11248521	6340148	5648964.5	5399195.5	8679110	8867948	7654541.5
B4GALT4	7535608	9410880	9550271	5175765	5477062	7012302	6072459.5	7654492.5	6657303	4685091.5	6730921.5	4637224.5
TIMP1	81337904	85362760	69384720	77887384	86042016	73238120	163796400	158101152	147712448	69096240	66424408	60507628
HMGCS1	14172025	14345959	14447998	11634887	15215853	11667891	6992209.5	9183761	10774005	13086973	11860317	14144171
NELL2	20329746	19476902	19358312	18310234	22369784	18861294	2539714.5	1904047.875	1968750.625	21551618	20289982	21969010
PSMB7	30657868	32857436	38329660	44190992	42226700	35202064	23926782	23031832	33513174	33911540	35986976	39658692
SEMA6B	4937543	4908805.5	5048472.5	11535928	12273508	13354832	7997404.5	6746341.5	6056352.5	8398346	7316898.5	7682413
UNC5C	3529647.5	3329394.75	3810486.25	8341393	5298493	8645873	24984916	26618570	22724886	9888092	10852726	9043127
IGFBP7	373253920	365305792	312921504	211562576	224521952	179914384	26359338	19065574	22961808	463014624	403512992	405695392
ADNP	4293295.5	5226858	5289432	4266789.5	4756829	6822100.5	1042282.625	1746894.875	1306433.75	3189326.25	3850723.25	3991709.75
PCDH17	7089783.5	6831799.5	6225170	395346.375	975412.5	595456.4375	394049.375	114652.8672	186015.2813	490291.2813	611360.1875	740919.9375
SRRM1	57674936	54605476	55152868	47168816	38933484	56977660	37065104	31637986	44050356	44811640	63191448	46284428
NECTIN1	34682088	29576242	29761092	31758202	30166902	33630736	71594720	57306760	56024316	69876968	65105368	69301688
USP47	4760857.5	4867521	7689342	1836139.5	3195271.75	3381086.25	821871.625	1172591.25	1275194.5	3577671.25	3609710.75	3121701
CPNE1	13463504	14753815	15365303	5739770	7727763.5	6960347.5	5948217.5	6850336.5	7056677	6546231.5	7116829	7265859
BZW2	2432142.75	2994122.75	2653027.25	2691021.25	2222560	1797351.75	1883382.25	1680551.25	1833608.625	1366450.75	1458343.875	1590285
GLO1	33204852	38241212	44441020	75873080	65407076	62489720	35446232	30658724	36575628	32998890	30707660	37849416
RRP9	11714839	11834246	12235854	8182549.5	8474481	9795463	6580445	4303649.5	6943934	9537232	7511840	9839729
RBMX	9413838	9454547	9255226	13848684	8419697	10494084	3671406.75	3130548.5	4442860.5	2966264	4210276	3393023.25
KPNA2	10284668	9646249	12871942	7957651	8001992	7499388.5	3588296.5	4486298	5278757	5042580.5	5596565.5	6864859.5
NPLOC4	8877585	11342305	8967681	4061087.75	5531987.5	2437602	3796044	5455669	5075128	5317477.5	5973518	4691985
ADH5	105946312	88881232	108829496	32945446	37701508	43693268	50440196	69422288	69899784	36242492	31659396	41246000
GAS6	6342392	7700416	6520663.5	1800885.75	2096492	1511528.25	1984593.625	2307420.5	2273524.5	3431545	3975434.25	2621419.5
EPS15	2909554.25	3747888.75	3028063	2548058.5	2083430.625	1734850.625	939655.1875	779485.3125	1338900	1934889	1702845.125	1729040.875
RPS18	11734843	12351995	12045700	14979691	13276816	11426374	7214100	4656528.5	8364631	8921220	9257630	8735353
SEMA5B	18312744	16091445	16109458	28383468	28310500	26933816	29786858	25553102	22386192	32469732	31661990	35268332
LRRN1	2863359.25	2984198	2506377.75	3273172.25	3170799	3089726	4120069.75	3343514.5	3692012.25	3360546.75	3127091	3769240.75
AIMP1	10119739	10207583	10925042	7457290.5	7709110	6664069	6905614	4613738	10350064	8079031	7930947	7191779
CCN2	88514256	90335168	82700880	26580818	27165450	24121878	35991828	27723718	29041038	21156308	22481326	22962930
GLA	10998550	15619726	11193082	27631336	29480984	26576032	23310846	22356294	19843246	19232850	19155134	16721516
B3GNT2	6020086	6218294.5	7506406	8248209	10176976	9149201	6505797	5926124	5658354.5	11052680	10099916	11703613
SCAMP3	21107344	20437082	17033300	7039989	8307348	11518092	4808934.5	5961872	6718594	11239960	14953603	11583421
BLVRA	11432987	13083638	12072021	3935456.25	6047654	4735609	6846989.5	9110285	11266048	4784330	6210430	5225531.5
VWA1	4905273.5	9033901	8063603.5	12237551	15603027	12240590	9159351	11084497	12211825	12532672	11902950	7930664
CLIC4	14796985	11879609	9281512	17732836	16405359	17803748	12066111	12009833	10856026	13838542	16114285	12406533
MYL12B	8546491	12869051	11615948	19217794	16475330	14934943	10568562	10773602	15937822	12013332	9751778	8612792
LARS1	2269503.5	4196518.5	3356838.25	1928042.875	1410607.5	1311724.75	847761.75	832057.125	1015499.188	1740341.25	1705610.625	1895048.125
AKR1A1	14565824	13991272	15805264	23944454	22994244	18904326	10371128	10929154	13125170	11010192	10350165	12650682
COL9A2	8410016	6387189.5	6066206.5	16988680	11647428	12008814	6233944	2911045.25	3550214.5	4553084	3475009	4442361.5
OGFR	4111583.75	5088272	3989510.75	3501070.5	5088275	3418948.75	290337.6875	589807.9375	1137957.5	1607730	1966827.875	1785493.375
PLAT	6371569.5	10364881	6881903	7983489.5	8749555	7068886	12621641	14301669	15323340	7510251.5	12886412	6520635
EPHB4	4925172.5	5063442	5241756.5	5011222	5245242	4280111	7025069	6047731	6208371.5	5608021.5	5438447	4773654.5
SEMA4C	6729128.5	5398075	4235796.5	10103837	10348933	7904695	40034136	29959972	32946258	9365788	9872118	12206155
B4GALNT1	6166578	5944606.5	5038036.5	5186244.5	3959327.25	6154528	66515.0625	96205.46875	107276.4844	3208046	2830529.5	2584404
SRP72	5521084.5	4762272.5	2401832.25	1623667	1218501.625	1504627.875	1592873.125	1089059.125	1503748.625	1252278.25	2227328.75	2307057.75
MTOR	2971712.75	2796915.25	2878831.75	385188.3438	428591.375	674771.3125	973047	1155580.125	1372455	1374274.375	1461504.125	1261738.5
HNRNPUL1	11828485	11446456	9814218	10231071	10405306	12815918	7097131.5	8200247	7889451.5	7052228.5	7588952	7885078
PLXNA1	3408304.5	3410006.5	2828525.25	4103597.75	4483463	4288878	5208444.5	4445309	4508506.5	4931562.5	5365076	5090254.5
ACTR2	4212711.5	9578638	8910512	8499252	11468406	7682745.5	8289085	8599317	10125259	6007753	5197017	6815686
CTNNA2	1015498.188	994712.125	891003.4375	1043594.375	1086695.125	829917.125	732013.375	516461.1875	653307.375	591829.0625	922083.125	756589.1875
FGFR1	1140501.25	856683.5	900829.4375	9356650	7664112	8380224.5	2349247.25	1689351.5	1208060.25	4319331.5	2880361	1991012.75
HSPE1	58981724	67677104	56896544	81746632	70837144	70564416	59351568	49050328	48352004	36230624	30748918	32440710
SEPTIN8	3454691.75	3453725	3286269.75	2566628.5	2984940.75	2733584.75	809257.375	1118086.875	1031138.25	3358196.5	3847946.75	3718489.75
XPO5	3389668.5	3628600.75	3887434.5	1771918	1849813.875	2012620.875	2392149.5	2949357	2795876.5	3298961.75	3823859.25	3284456.75
SIAE	21876456	16064449	14193776	19754552	21017448	18142594	16429050	13423025	11623577	26171658	19702736	20412614
ASPH	5452895.5	5652245	5940760	4273956	5076362.5	3003134.75	4479698	2554150.75	3747366.5	3923128	2528501.25	3798613.75
PODXL2	14464610	18225280	14618296	38151144	40217912	42458620	44127224	36050408	29601074	36300632	33408510	32993308
MCM6	3228036.25	4159895.5	4364440	3449882.75	4435564.5	4560271.5	1272140.375	902518.375	1355613.875	2638792.5	2355591.25	3456300
SGSH	7985527.5	11214606	7329240	13264165	13321904	9901892	7816241.5	4929241.5	6205109	11714996	10922562	10315383
AP1M1	3813321.75	5983351.5	4585999	3031229.25	3178858	2238179.75	2073508.75	3415936.25	3427203.25	3280094.25	3217117.5	3358473
UBR1	6655419	7843660	8760464	2018096.875	2034020.375	2728511.75	2663195	3915358.5	3806136	5122537.5	4643651.5	5674500.5
CUL4B	3112434.25	2822324.25	2655248.25	2199525.5	6084340.5	1900535.125	7922516	1984483.625	1656449.25	16986236	3472361.75	7130829
SF3A3	10701109	12439777	10592246	12767770	13720839	12232134	7190568	5131680	5579943	8020290.5	8883277	8922744
RNF123	4548564.5	4782978	4337976.5	3618538	3520904.5	2982908	3075028.25	3297612.75	3854797.75	3900984.5	3302640.25	4021280.75
EPS8L2	7476285	7287132.5	7549529.5	2582900	2873843.5	1936137.875	3046067.25	2759282	3293604.5	2885252.75	2742840.5	3044530.75
NES	1954105.375	2901478.75	1958746.75	4013073.25	4182283.75	5530397.5	2163610.25	4506878.5	1419558.75	1658468.25	3381480	1283693.375
EIF2S3	17991092	21614948	20063488	8430846	9845965	9861132	7231428.5	11963931	12923251	12383856	13491243	13378256
BPNT2	10809738	7958589.5	8577211	10706147	13821993	7620587.5	6129876.5	7206464.5	6833648	15605087	12795409	12128983
B4GALT1	76162144	88742056	81220224	75881528	79158992	64879680	77516240	79465792	69320248	100040168	90336720	93755168
CORO1B	48093336	49256588	58876432	20746550	22005632	23466268	37522044	61532416	51761176	33858064	35257812	38059444
RBM10	7803757.5	8394333	9036569	3871370	3165058.25	7184773.5	1800848.375	1187566.125	2960212.5	2737243.75	2864314	3028822.75
MTA2	1612130.5	1988329.375	2071705.5	1722566.75	1648962.5	1161157.625	718284.4375	853468.6875	885205.1875	1045587.5	933619.5625	1007965.75
PSMB4	139716128	136771280	136271328	127252816	133057016	122732480	100797240	93626664	109596384	117883440	118788920	133340040
HTRA1	52084884	52505200	50519616	24324092	29862328	30751548	5401463	5698471	5412620.5	46156492	53776620	50270692
PRDX4	12098508	15034618	16859586	19677380	22003166	21267186	12473499	11361542	12659045	11744981	10865355	12334135
PPIA	42625140	40852076	50224152	39440420	40357308	34377880	23716638	42154164	29649796	42927668	48497656	49732916
ERO1A	4678197.5	7109493.5	5868894.5	6001199	7387250	5922939.5	4084722.5	3550749.75	4108018.25	3511518	3294128.25	4153406
NUDT5	42214492	48083212	46647300	34037968	34763404	31863622	25975380	26122094	30748082	30906152	28880492	37021944
LGALS3	26900102	24151582	24267778	42667744	36987004	35799164	19960666	12360144	17173540	11960252	12659291	14874349
SEZ6L2	14746665	13978727	12461556	16786624	16656833	15115403	26413858	20800474	20061554	15085384	13157375	13588500
ADPRS	7165139	6125841.5	8837731	8963742	10317666	7969377	5248403.5	6731840	5599721	5454222.5	6768136	7797102.5
ARSB	6665259.5	6995697	5528288	8722365	10001504	8990325	1552589.625	1766265	1233367.875	7697473.5	6647920	5916004
ZFYVE16	78752984	65589432	54701588	126610208	116157896	100881520	178535856	125749112	165003424	106887464	114936640	100823824
PSMD13	6955066.5	8087190.5	6344592.5	8247026	7523988	6779962.5	3746973.25	2213151.25	3151748	3205149	3687728	4265682
OXCT1	10603909	10712544	10310249	6343089	7599515	7433201.5	9525156	10785954	10341339	7250747	6565466.5	4883616.5
ACP2	12426548	13562033	14060109	12103177	10660824	11549496	4377466.5	4015034.25	3918408	12295308	9885526	12266653
SMPDL3B	12052000	14117489	10765246	15800991	16639627	13193971	10826380	8309852	9373404	20434362	18415870	18944836
GNPTG	19153806	19463518	16520326	23935488	23304006	23555478	11409181	8001847.5	7696220	21551058	20351952	21459846
AP1G1	4675782.5	6996377.5	4098675	4766672.5	4619244	3691149.25	2441997	2351305.25	3231465.75	3917244.75	3839168.75	3975367.25
UBA6	1793027.75	2443888.75	2673221.25	1480350.625	1502740.375	1335672	654179.75	1139768.625	793212.25	730856.5	1018413.125	941191.375
CSNK2A1	5440454.5	6783398	5527054	4126381.5	2619455.75	2507727	4356757	3126635	4273483	3517058.5	4715664	3122874.25
PALM	4139799.5	3640223.75	3307713.5	4955695	5243588.5	4748366.5	2900806.5	3136031	3618281.25	7566029.5	7518609.5	5730912.5
IWS1	4391158	5301113.5	5537815	3146508.75	5694938.5	7293344	1260110.375	1561125.125	3095745	2848829	2142577.75	2154638.5
DIP2A	534223.1875	1073997.25	622203.125	387228.625	489124.1563	450652.625	890210	587042.0625	815809.1875	275361.2188	665421.75	363774.6875
FAM50A	8313780	11515476	9560628	11603595	10570780	13883980	4938739	4189553.25	5717202	4850524	5843657	5695642.5
SCRIB	4599793	5727453	4828431	1082049.375	1557806	1946988.5	1383378	1030135.063	1437947.75	2039525	3115383.25	2333745.75
SLC2A1	59671932	80350424	65312476	41852864	51396400	48991192	79467424	74176232	80091888	48581708	57827736	43778568
PBDC1	7955659.5	13860704	10871035	7634599.5	8748106	8072418	4257857	7403622.5	10506909	11142360	9109464	8747089
RPL15	32610722	48478648	31423960	12687292	11984019	12708396	14133936	16607467	17828020	16415286	14885933	14803886
ADGRG6	8885302	9169518	7419259.5	12919989	11353210	13904333	8057187.5	5883055.5	7743380	9657462	10043181	10168414
TIMP2	59986884	57882368	50010028	55732644	51078420	42286920	47904808	51596472	57719004	62722528	51111856	45855604
ST6GAL1	9850058	10691727	13489505	6143009.5	5934129.5	6404166.5	6686886	6153091	4452295	9644028	8078412.5	8459318
TACSTD2	72985208	85762624	65954564	14907764	18402904	13034657	95378672	98334320	88231736	63247680	70037640	55891580
RAB2A	12147549	14168008	13631698	6097530	5377841.5	5488456.5	9548141	11531503	12134919	8721539	11341936	9317247
LGI2	4465922	4015832.5	3796836	5766317	6244205.5	6865368.5	2418037.5	2569959.75	2526026.25	8971596	9272956	7685283
MGAT3	3544920.75	3271784.75	4159682.25	4031627.5	3762757.5	4409329.5	6491768.5	7067067.5	6536329.5	4005199.5	3850280.25	4159368.5
PSMB8	27554564	23355892	22951906	16398638	18388312	16650124	18544702	19349750	22370282	18429578	19250092	22792870
PALLD	7466827	10329192	8657899	2060822.125	3331712.25	3745524.5	879320.1875	765108.375	1243791.375	1436796.625	1663333.625	1623468.25
SMS	13854221	14026130	12764513	19562304	17406672	20387732	14973396	14626104	17264354	17840332	16870796	15764768
DKK3	144701408	121558392	119059000	228605232	188171664	215486176	389517696	329655584	356057696	166542512	137059792	136941856
GNAI3	6024111.5	7785965	6744444	7736062	7787569.5	6433716.5	9760282	9646336	10915071	8262322.5	7265502	7839197
EIF5	12995378	17967648	17438468	12252456	13363698	14433202	7881017.5	4743435.5	5523606.5	6203722.5	5954023	9290819
CDCP1	15267819	13876982	16702766	18065262	18372098	15678416	23302380	20147620	18603684	19946782	23789630	19986740
PCDH9	2102620.25	1239790.5	1073857.875	5222147	4423433	5254457.5	545479.25	469454.8438	387409.4063	2002591.75	1375951.75	1559022.875
NME2	58403044	63479680	64960020	47601908	44942716	51349136	45075340	44192244	50950144	39461384	41403920	42256488
NCAPG	7783920	6869565.5	7320412.5	2087604.625	2414071	3065855.75	1928556.375	3152931	2809078.5	3891213	3985568	5751512
RRM2	1397121.5	2241237.75	2146395.5	4038009.75	4612116.5	3630697.5	1501881.5	3422383	3574735.25	2688985	2321146.5	2266706.5
COL15A1	7155015.5	6681354.5	7257521.5	9162070	10439126	10203741	352700	316541.25	267931.2813	825201.625	910042.875	540563.0625
PSMC5	6517904	8579499	7710768	6360272.5	5760776.5	4587856	4100778.75	3372206	4077579	4834689	5547364.5	6868220.5
P3H2	3175097	2924154.5	2386835	3551288	4235694.5	4473427.5	2942398.25	2298163.5	2798757.5	4132467.75	3910171.25	4127751.75
FDPS	25843700	27754172	29681766	47067488	39799532	35206960	16275107	16401194	16415846	20827756	19056570	22909530
ADAM17	17398308	19186560	18172222	30883890	26251516	31543002	26144418	29896186	30707872	36036656	26192442	24963230
SLC16A1	19262358	22175632	15429597	15546868	17374664	15326048	20309948	16499533	16849556	13954917	23609942	16483928
SEC31A	7093515.5	8149225	6761977.5	3463407	3823361	3060536.25	3723067.75	5106766.5	4644476.5	3479349	2479389.25	3117312.75
ACBD3	15680602	15305165	18339280	10613050	11937543	13550890	6696387	6754993.5	8540934	9344890	12445167	9785489
MARCKS	229154512	289015104	273147104	379533856	364919968	336149344	328765216	242254832	258176800	215441072	205356304	232551344
RAD23B	21401756	33319068	24072112	43548388	47091960	43114652	23353504	21499926	20728500	23052680	26013046	23368280
FNBP4	9613940	11595916	11722962	10435611	7744394.5	10767993	6608153.5	3423907.5	5434951	7994504.5	6567537.5	7517270.5
IL1RAP	31036062	28766464	29870948	25721150	25925372	26339356	28679530	26472706	24393342	25118348	22194142	24287632
RPS16	40338128	49099252	39728300	25146106	25201418	22694354	18203704	17054616	19685660	20795754	20045474	21773034
PARK7	20703456	19058526	18919180	24446002	25245304	20477074	12521105	16724198	20764888	24604918	17117324	16524094
SRSF2	96414216	128129640	110356440	210988608	132151648	284569024	31212454	26472198	36057436	49594056	72734032	58985812
PPAT	14838518	14628239	17636080	5294166.5	7229632	5587684.5	5783248.5	8770830	11012902	7305530.5	7090712.5	9227768
PDXK	10546360	9800589	9713278	9786852	9855686	9732957	10453258	11225993	11073844	5888115	6884683	5551788.5
RBBP5	26496690	24810262	24038796	26137162	24954598	24931336	17669842	15352940	16923076	15925315	22345152	19750704
KIF3B	1534258.875	1410385.875	1577278.375	65691.65625	812564.875	550095.3125	447072.9688	57155.78516	171316.5469	1178527.375	1208230.375	1126918.875
MED23	1372066.75	1654493.75	1758580	58714.02734	105477.8281	113371.8516	847328.4375	618314.0625	869599.1875	938293.375	685968.75	1111510.5
GAPVD1	15373198	18982626	15820747	13635327	16501736	12539339	13265853	13396729	9574676	10089567	11279014	10982936
RAB10	2737651.5	3110951.5	1854302.125	2879310.25	3623870	1274772.75	2949950.25	3214670	3101150.5	1870153.5	2756516.25	2347546.75
UTP15	2370264.5	2538421.5	2422211	1447940.375	1356842	1438618.75	1784791	2013941.125	1931951.875	1738064.25	2179416.5	1685054.625
VBP1	16873138	17613528	13452042	14701734	12420028	9905184	20432298	21287994	18850556	9989476	9642081	9260965
LAMP2	96108912	82697104	81626904	114230608	104573056	122150352	35417564	32891898	32942106	203247152	145128192	180699456
MDK	82241728	54070044	52765440	61717312	84323032	71742904	58583728	52532648	60873768	67319208	85043736	73637408
DDX6	9539005	13741586	8079677	6317862.5	6651376.5	5722107	5336522	5143972	5908223	3968513	4480035.5	4198003
PROM2	1116842.625	1142019.875	600070.75	215474.4531	1070846.125	808849	3715683.5	3486588.5	2996086.75	2879286.25	3607393	2733152.5
FLRT3	1833435.75	1631063.5	1620646	5295551	4669817.5	5802925.5	229131.125	201911.8281	140369.6719	2852271	2683741.25	2687959
GALNS	2636646.5	2753259.5	2045496.875	7042883	8518682	5949887	4067048.25	3529612.75	4047396.75	6257251.5	7210950.5	6544749
NEU1	53251528	51033756	53996180	30045930	27245316	32749892	42005856	51408440	40917328	59562240	59872052	55250472
PPCS	4016096.5	3832661.75	3626532.5	3919735.5	3574050.5	2914503	2342378	2105162.75	2316260.75	1568089.125	1464481.125	2330744
RPSA	14694393	17454180	15687600	16362506	15993979	14855970	8371971.5	7902236.5	7225406	10452556	10589123	12778913
HMGB3	53455860	45766960	40377412	99217680	91229016	109900664	31416228	27481518	35036236	38492248	37535368	58132932
H2BC21	705778816	811798912	627437440	671899648	618653824	625094976	611322496	534615552	570764672	485571008	489854176	491831200
SNRNP40	4170849.5	4871719.5	4813724.5	1897477.375	2090146	2591777.5	3112667.5	4290071.5	4601477.5	2932455.25	3462316.25	2656635.25
P4HA1	5033197	7047769	6304794.5	5932352.5	6158121.5	6056751	5255423.5	3724886.5	2647098.75	3323704.75	3463728.75	3286385.25
F11R	10315012	11174671	10028003	10182662	12295388	10274980	16083401	15294723	16535232	17074634	13550272	10792839
MED1	2795713.25	2863938.25	2788491.25	1827179.25	1616982.25	2520255.75	1320015.625	457729.4375	1052662.25	719155.0625	1677094.25	1859298.25
SVEP1	649376.875	367181.5	350031.0625	1256807.875	1624548.25	997496.6875	36357.57031	74053.17969	168474.0156	3190684.25	3683725.5	2742544
SNRPA	34452936	37643088	30120070	49084124	40323996	36276920	26360202	17632166	24094460	24579396	26045102	31664172
DBNL	8251228	11154907	10511676	5392976.5	4834842	6704660	2746718	3371686.25	5528267.5	5044266	6524508.5	4092480
SEMA6A	6029737	5885739	5748721	9839017	9924331	10140292	6334135	4583340.5	5008607	8837732	6691580.5	6972040.5
RO60	8529687	8832204	8925542	10309068	12145776	10021710	5245577	4359567	5159750	5674010.5	6434501.5	7097975.5
PSMB3	27662310	31060214	30965056	28552978	29891142	31154956	20428416	16701108	20993242	26254272	22889190	30101232
CUL2	2624548.25	3790404.75	3074090.75	2845601.25	2975297.25	2234980.75	1972032.5	2196840	2244454.5	1540511.875	2284418.5	2269496.5
ACY1	10943268	12204122	11081997	12588349	13211894	10439990	8903939	7886988	8652017	5080596	6635548	6718510.5
LEFTY1	9870102	15303886	13360351	1179845.75	1716686.125	1258801.125	60148.64844	38989.00781	142634.7813	1322622	2585109.25	871898
RCOR3	723244	1115468.625	848390.375	509721.25	428064.4375	486772.875			156102.0469		261570.5469	394002.25
H2BC18	75250856	103813872	83789768	62307520	52389216	66053928	60257628	57890732	62944216	42096444	42153064	38166136
WDR3	5266208.5	6002966.5	5666481	1675221.75	1999329.375	2479568.75	1229614.875	2854466	2208257.5	2617051.5	3168701.75	2790933.25
TMF1	1886700.125	2393134.25	2463052	2669045	2702847.5	2908605.25	756699.0625	241448.875	628243.5	984689.375	1047195.625	1136229
SNX6	1749709	2366637.75	1141980.625	1406450.25	1177985.5	351262.4375	398240.0938	903009.25	1444058.875	718635.9375	1222886	764790.5
BOP1	5085693	5785774.5	4667568.5	3678400.5	3127904.75	6401337	1850720.875	1427459.875	2065300.5	2409886.25	3423642.75	2674844.25
FERMT2	2703228	5082802.5	2297371.5	2513834.5	2336141	1367700.625	1623971.375	1585874.75	1857592.5	2513656.75	1945125.375	2272307
PSMA2	78950320	72722208	73770184	74424968	72526512	72888520	56411632	55267912	71450656	72444432	72662144	90411720
LUC7L	794465.5625	770075.6875	393785.875	365600.7188	345202.6875	1239943.875		59421.18359	130580.6328	386125.1875	530850.5	564375.0625
EPHA7	1490361.375	1666582.875	1572447.375	2612308.25	2301267	2513768	215452.6563	279542.7188	238089.9375	2755267.75	2278040.25	1729931.875
TRIM16	4164217.5	5453799.5	3748505	355434.5625	2681944.25	1585638.5	1777985.125	3047061	3151953.25	1784242.75	2156462.25	2318766.75
CS	26301690	25083086	22583550	31969194	31416382	26577972	20534104	19732434	18627770	20165738	18338410	22581920
UCHL1	36323612	27798360	31784426	39790452	37212580	31904586	15679180	14222935	17992030	21833964	18788600	19112956
SRSF7	162765840	112893488	330409856	87688872	83611416	90568720	69527072	211267008	53453980	208811760	293838944	330913184
CMAS	4001564.5	6303057	5577540.5	1791476.125	2028784.375	2155366.75	3307427.25	3921209.75	4042523	2605895.25	4408031	3959558.25
CAPRIN1	17983618	22871848	18505224	32485138	33719040	29046026	20033524	18231100	21959562	18105906	17195308	18378154
ZC3H13	8337016	6823983.5	5964054.5	8011023.5	6228061	7894757.5	3221699	2522669.75	3478560.25	3714880.5	4355745.5	3641135
CPSF7	4990475	8436402	8072810.5	1061032.375	1174825	2023292.625	1190528.375	1777296.125	1813174.875	3064622.5	2515059.5	2479725.25
GNAI2	1114639.25	959419.5	276937.5	1171009.125	766405.5625	905785.375	1909812.375	1901711.75	1793833.25	824754.25	792340.25	1265304
PHGDH	7585606	6372679	8084358	5948890	6811092	6159032.5	4336926	4115729	4590595	5405799.5	4792911	6590933
YES1	3706072.25	5104688.5	4460991	2510331.25	3725278.25	2698166	4000513.5	4821318	4667006.5	2114923.5	3946394	2048188.5
ELP2	5046555	6202215	6619613	2791134.5	3068142.5	3245728.5	2614770.5	2713116.75	2918679.5	3510998.5	3928199.5	4380075.5
SHMT2	5440301.5	31585882	6096077.5	5362789	5245915	4038868	2108327	2223893	2629912.75	2355579	2611596.75	2555218.5
ACSS2	17975168	18280458	15244032	8548278	8622070	6076539	9708954	7830745.5	8139770.5	7096983.5	6211265	6171865.5
RPS8	16790486	16947832	15524568	7124903.5	5924839.5	6570896.5	7974138.5	8843097	9284286	7296928.5	9523410	7474312
RBM8A	36184720	65982540	51402924	42611664	43302576	40100228	32885330	33362110	29984446	29735480	35294572	43291960
AP2M1	5599241	6561726	7343065	2360913.5	3924282.5	3966408.25	2189183.25	4227243.5	4544021.5	3406391.75	2863717.75	3509563.25
MCM3	2986641.5	5818159	3523297.75	2240709.75	2222702.5	3464448.75	386893.375	413380.0938	1002142.75	1768171.25	2466914.75	2486059.5
NAP1L1	37661648	57089380	53649868	38498584	42809440	37288656	18725416	17422520	21322406	28575864	23458882	34125068
CTNND1	2336987	2757165.25	3296756	2358059	3335677.25	2472140.25	1862553.375	1770357.125	1721094.5	1841510.25	3334197.75	2248309
EIF3D	28977666	31323840	29440414	13962737	16978938	17704016	15075919	18619294	19474800	14607221	17685000	16073616
RPL4	13343947	15188599	12675092	15244595	13848018	14029420	7739957	4828495	3453516	11511095	11741418	11358982
NLN	4109255.75	5267904.5	3155947	4570107	4422790	3473377.75	2191957.25	2660379.25	2276036.75	1820366.625	2053395.625	2907714.25
GNAS	3933906.75	6197403	5871142.5	4075134.5	4242396	4212716.5	4550551.5	4201991.5	3286292.75	2712749.5	3764729.25	2723834.5
THBS3	5002337.5	4609200.5	4155727.25	11281078	14666468	12628819	1098424.75	532605.25	752414.625	4842859.5	4538094.5	4606020
PLCG1	5013541.5	5318184.5	4558173.5	1504767.375	2350257	2504156.5	2440549.75	2671464.25	2563268.75	1320340.25	2218970	2089282
FGFBP1	26226786	26027730	20500802	19644916	15562922	19453954	129913384	112862704	146173936	12806857	14101679	13888274
FGFRL1	16938444	14964378	16370014	24183278	34255064	32170320	45394132	35793196	36801088	25731056	36045700	29498756
RNASET2	14702139	19472410	18331768	33478928	32989792	26332942	34430416	27445844	26628606	35033344	26859660	32348572
ESF1	2799789.75	3298221.75	3557824	2296594	1900747.75	3463127.75	1384305.5	922184.625	1212697.875	919314.5625	1518433.5	1700512.875
IL1R2	4905657.5	4643298.5	3610585.25	7461183.5	11399679	9277762	5915843.5	5778895	5641435.5	2035082.375	1466145.125	1761057.25
GSTM3	4054358.5	4289540.5	5473858.5	4419529	4062645	3354534	2673734	2770824	3060997.75	1187740.375	1683623.375	2034097.875
PSMA5	15598260	13779309	15339400	15342552	17039800	17055202	7349426	7762673.5	9789387	11942621	11252613	14043845
TOR1B	5523776	7923753	7785628	6633479	6775499	5935520	4368725.5	3558554	4682892.5	6761173	7099838	6523930.5
SDCBP	105668760	87062240	92276696	61925500	87452152	74966008	96796248	108436560	103367712	89513352	100481136	79349280
NT5C2	6340613.5	9828898	6664722	3158252.5	3021888.75	3137657	2952758.25	3736869.75	5250202.5	4463215	4989167.5	3704109.75
NOL11	2440960.25	3827729	3129432	1319379.375	588928	1692647.625	1619208.75	1667040.25	1815193.375	1469589.5	1601486.5	1164879
HDAC1	3266311	5292418.5	5794743	1056704.125	1868001.25	2405910.25	529104.1875	2349973.25	1543929	2431557	3725341.25	3149193.25
LY75	3441180	3048102	3327267.75	2553539	1748933.125	1658428.875	3335284	2536983.75	2964678.5	2263554	1893861.875	1870304
C1RL	7542595	5554468.5	7065150	10423543	11039020	10206164	14410158	16220291	15724786	21254694	14439310	16890686
PCYT1A	3607829	5043721	4468879.5	1435630.25	1808457.5	3346884	548565.25	363654.5938	657561.0625	1149983	1715465.875	2432490
EXOC4	524298.375	665607.1875	722271.3125	228812.0469	175241.125	204519.2188	276415.0938	374279.1875	378261.0313	528453.8125	613087.5625	691674.875
FST	48282828	39220304	36428508	40995376	43112720	37322432	32430248	28282246	29222936	77385672	77063792	76284736
PSMC6	2181132.75	2428896.5	1909962	4318950	3309244	2862520.5	1973394.375	1135786.875	1532269.75	2358787.25	1592148.25	2066553.875
BIRC6	2395985	2161966.75	2212595.5	589202.875	700172.3125	765801.0625	531272	693702.0625	893718.625	1682738.125	1376695.5	1588734.875
PODXL	36151472	27816982	27503760	22926472	22842172	21956898	9073125	7260511.5	9421501	48545392	45365736	44026776
TIPRL	10163151	10992332	11957641	6564988	6251227	5582370	5127002.5	7628879.5	8432901	9110749	7686047.5	8228988
DCBLD1	2021508.625	1423182.5	1486168.625	2910494.5	2742720.75	3225686.75	2001885.25	2038803.75	1602121.875	2470023.5	2435320	2159365
MCM4	3154857	4398612	3290952.5	2260662.25	2588974	2551298.25	760414.6875	1093919	1354099.375	2442243.5	2604422.75	2585791.75
PPA2	4322095.5	4288916	4465985	4122814.5	3633684	2975572	2887116.5	1462244.5	2572607.25	1928850.75	1696881.375	1655970.25
USP10	5414131	7913163	6268959	1434009.5	2571789.75	1699089.25	2588647.75	3482485.25	3663218	1351834.5	1990895	3189296.5
BTD	8012551	7393994.5	7055741	12983483	13071003	10291901	10666829	9694817	9562322	11021156	8455126	9872207
CPQ	65550904	74070104	57618128	30721924	31468942	27203940	32618494	34509868	30111018	36031680	32104630	37768704
SLITRK5	1247493	1125633.5	3364943	3397624.5	3310724.25	3202004.75	2474796.25	3025089.5	3487892.5	4603713.5	3878461.25	4036212.75
HNRNPH1	2122157.25	3299792.5	2554363.25	887981.125	1658471.875	1916137.5	1340223.75	1578502.75	2468994.5	878534.25	2887223.25	1559568.625
MCM2	3216414.5	3682595.25	3513414	2952608.5	3320476.5	2550392.5	2940108.5	3613219.5	3359483	3290965.25	3176579.25	3250236.75
CLIC1	10771599	13106836	13932522	12914220	8683451	9920105	6612630.5	7044279.5	8053599	5660042.5	4803782.5	8432093
GEMIN5	8782195	5730747.5	6502965	3481135.75	4798827.5	4141537.5	4101560	4763510	6283726.5	4402131	4313998	3970077.75
PCBP2	5631002	7414384	6711346.5	5610148.5	4700998.5	4634399.5	2914122.5	3431846.25	3281262.5	2406887.5	4085900.75	4597416.5
CTBS	24556452	18969478	20814548	21296352	22819642	19269564	21180650	20789396	20436720	38986056	31865066	39730116
ACACA	1766369.375	2234089.75	2155203.25	253845.5313	312349	273921.2813	538872.625	511066.75	711738.6875	1033953.813	1029203.875	1193879.625
KNTC1	1874143.375	1901587.5	2437760.75	176895.8281	570057.0625	139167.0781	136330.5469	795747.0625	406681.8438	1511954.875	1841947.5	1755925.625
FKBP10	1893643.75	1142935.625	1825600.125	3056265.25	3591612.75	3470351.5	2321950.75	3098750.5	2244048	2170213.75	1779939.25	1620674.375
PDS5B	4535509.5	4140168.75	4374444.5	6560239.5	3566117	5433147.5	3527015.75	1762526.25	3270862.25	3105158.25	2958458	4046184.75
UBB	203036688	200262384	169294704	203281264	215156544	212057728	198143648	173812992	170044496	178325760	187706912	158050816
LTBP2	10607780	10512291	10596118	13578696	12571333	11452358	22364556	20272488	22367722	15699324	15538027	13598609
RPS7	9822072	11240010	9106641	5676470	5834129.5	5739026	6052380.5	7084736	7792155	7218173.5	8394400	7185429
HSP90AB4P	727592.25	799080.3125	436599.5625		191680.7344		356992.8438				306685.4375	
HEXIM1	10072996	17736870	12190111	33111338	35403288	43197936	6137377	3354741	3805838.25	8375688	10324356	10755110
AAMP	49302836	43313236	40167512	31356494	32566462	39817396	30676042	37220332	39348552	24970800	28572792	30173204
SEMA5A	7042743	6983936.5	7296871	18106608	15958645	15416763	13951208	11141530	9131574	6935635.5	6091177.5	6882328
NAP1L4	8815621	10692343	8648156	7762745	8064612	6592373	5956116.5	4583901.5	4998080	6772238.5	5060012.5	7169983.5
THSD4	632550.3125	644515.1875	1462131.25	694574.25	1485858.875	1462058.75	7163775	6123109.5	6500683	3170832	3731375	3150483.75
CCAR1	5196050	6745746	6634749.5	2676629	3004521.25	4910024.5	3653424.5	3757066.5	3267552.5	2984243	3888982.75	2600883.25
GUSB	2829477.75	3470817.25	2624138.25	6728072.5	7190088.5	7250227.5	2668370.25	1913424	2452891.5	3772962.5	3779430.75	3896932.75
RPL27	104107432	150853392	120845920	45880308	55180204	60922244	40718944	41239408	53445556	40511960	45856848	35468108
AP2A2	3297841.5	5496315	5483235	1760945.75	1066983.125	1457262	1854656.375	2762893.75	3043028.25	2878082.5	2584918.5	2860996.25
CBX5	22450642	22007196	22499358	17918044	13161036	19507274	9564320	8044312.5	9134602	12568104	11640410	11742231
COPS4	1826294.375	2121855.75	1980592	2658218	2220522.5	2290881	1019114.313	420886.0938	765113.8125	475857.9688	629170.8125	797174.0625
WDR11	1062900.125	1560560	1838795.875	187026.7656	603673.3125	384116.0938	475349.4688	911887.5625	1055220.25	644455.9375	1147297.25	1261139.75
ABRAXAS2	3010680	3610917.75	2746999.25	704733	1076608.125	1252687.25	1124867.5	1736894.25	1526846.625	2041293.25	2667098	2421467.5
GPRC5C	42014312	44358708	42305512	8552761	10081911	10230731	27538104	31143124	28247398	15241600	20233498	16861732
KIF1B	3533385.75	4186391	4177928.25	1298153.75	1490210.75	857868.3125	768070.125	1304773	1533370.875	2568378.75	2741253.5	2979674
SLC44A1	2628191.75	2350169.75	2524802.5	2737548.5	4110115.25	4073595	3765083.25	4185967.75	3491347.25	5031676.5	5832530	4324937.5
PVR	44166460	41218040	41385820	125480568	117215120	119953720	119027232	116895568	114680184	119705160	104827376	100465312
KIF23	6232058	7156135.5	6795286	3377669.25	4996018.5	4333138	3128977.75	3958799.5	5084822	5409335	6179864	4344836.5
EIF5A	27488976	30640670	26367842	26661850	25437950	22667374	26152354	33307776	40860260	20675308	17320184	17509842
CHM	9093230	8833056	9497714	3434373.5	5106253	5404159	6139814	6594786	7222689.5	4512690	6606836	6471334
NCBP1	9883553	12079573	12209535	4390838.5	4178523.25	5997226.5	4951395	6113164.5	6029697.5	6998058	8956747	7692413
CRISPLD1	13876772	13183530	12738046	3999587.5	4234489	1745360.625	5530754	3734407.75	5167658	2320302.25	3198823.25	2225146
EPHA3	4286825.5	3820532	3601499.5	2549913.75	35983.03516	2256575.75		22219.57422	33008.76563	3612677.75	4474634	2766910.5
CSF1	18023618	15263933	16921014	9385351	8320072	8159460	11483360	13701960	12665621	11589795	10330559	12294338
KCTD12	24949200	30418182	27715618	13287500	15899052	18107068	4798055	5992876	5533025	5038985.5	4497443	4481028.5
PES1	7283349	8693361	13731854	2374828.25	2665027.5	2360084.25	1935542.375	4184285.5	1983712.125	4332766.5	7111902.5	6768023.5
EIF3G	16683823	18777978	16139895	10350898	10506370	14010088	7491300	7216175	9178449	11178305	14273864	13829202
PALD1	1591335.125	2016868.375	1694973.75	337639.25	207802.4531	279091.3438	531689.125	309330.6563	286188.5625	297661.875	759137.4375	353648.625
FGFR2	3897435.25	3565446	3161159	11210429	9995416	10032995	2250031.25	2060278.875	1442728.125	6539407.5	5651844	6191540.5
TSPAN14	9952734	9598154	10007283	15034114	18145990	20295284	26801736	25439338	24856070	29029998	30085208	28177002
PPP5C	6132862	6488799.5	6228365.5	7046657.5	7738311.5	6439221	5544109.5	6482681.5	6764983	4274272.5	4100873.75	3559134.5
HNRNPDL	4606359	6760362	6082428.5	3925664	4117484.75	4594942.5	2914915	3637219.5	3949438.75	2570431	3466125.5	2268721.5
ARHGAP1	6767893	7724970	6540086	4094560.25	4886198	3647373.5	4546563.5	3409420.5	5227993	5464214.5	5498088	5521025.5
SERPING1	6129815.5	6364072.5	4970826	17705044	18998312	20616428	8147848.5	7891775.5	7112642	13880909	10864028	14481051
SDC4	796574848	564404672	496309280	1153775232	1001118720	963841728	4663640064	3607931392	3446367232	1742263552	1649087104	1589964416
B4GALT5	51675384	51740916	50069148	22283716	29097158	30911192	58500604	67804248	61049232	46025480	48636096	42445464
ERP44	12319884	13454072	10527904	12026885	10998120	8969742	9036502	7826035	7351528.5	7639123	7769959.5	7632339.5
AKR1B1	8123321.5	10593174	9257601	12930819	11910595	10064329	7036576	8063108	11625119	7269762.5	5745331	6198137
PCNA	15613974	17130978	15117576	16496343	17457344	15083179	11945753	15454394	17846484	15131158	13835538	14884473
PCDHA4	526520.625	425770.7188	384065.0625	816194.3125	1225290.5	1018972.125	322314.75	345988.25	70220.27344	2703961.5	2731886.5	2581844.25
MDN1	2746594.75	2590081.5	1987353	1101975.875	1070111.375	2963198.25	2729855.75	2210797	2755938.25	2657080.75	2918287.5	2467955.5
SERPINB1	8273448.5	9252330	7913363	4922119	5612208.5	4828227	5081185.5	7370035	8546320	7982368.5	6742732.5	6282300.5
DNAJC9	4500477	5838193	4669932.5	4556969.5	4819560.5	4888304.5	5078608.5	3225489.5	4686575.5	3223427.75	3538709.75	3084235.75
GOLIM4	2396208.5	2594612.5	2267995.5	6119297.5	7363154	8083983.5	1953705	1264846.75	1790615.75	2240581.5	2355260.25	2342998.5
CNN3	6110788	7793770.5	7188785.5	4686339	5118554	3800266	1242681.5	1042897	1922122.625	2845776.5	3260896.25	2517111
GSTP1	21066804	16750236	21422776	16461800	9292578	21760624	13385431	14469037	21329162	15150800	13436711	14257206
RPL7	14258329	20231270	15158255	10659868	9413103	8777796	7108428.5	7116565	8447055	5034231.5	7515046	5446817.5
ITGA6	1970535.625	2579774.75	2202304	1864714.5	2075025.125	2734592	3693059.5	4724283.5	4465317	1189989.375	1672074.625	1155266.625
MAP2	1354476	2585724.5	1146112.875	984142.6875	1667073.5	1856745	290442.2813	252135.9844	364359.875	1547570.875	2248156.75	2691101.5
ITGB4	1024348.188	1097040.625	1083318.125	384557.9375	1070858.625	418781.7813	2175478.75	2591503.75	2767194.25	330262.5313	993860.5625	188220.625
SMU1	6206738.5	6018617	6957872.5	2138675.5	1699181.125	2119407.25	3743292.5	4808949	5162638.5	3130061.25	3594222.25	3709091
CDC37	13177218	12784239	10967207	17830664	20982138	14371882	13436084	12505806	13900337	9204319	5263178	11068990
LRRC47	4439835.5	5161580	4972624.5	3944038.5	4747877	3945468	6970617.5	4195275	3993673.25	3543366	3847932.5	3813448.25
CPOX	5875720.5	5654038.5	5129799.5	4684119	5494166.5	4622966	4947144	6077432	5679109	2697872.75	2197286.5	2561786.25
GNL1	8246769	12285667	8791675	5050406	3236132.25	5567634.5	5054683.5	3334586.25	6743787.5	2577168	4559468	3545772
BSG	68915096	84337632	64253116	65167956	68273744	70090720	101980224	98307568	96862456	56769124	61601940	54999652
SHMT1	7122933.5	7157648	8251678	7610440	7492645.5	5812169	6286970	7761337.5	7272898.5	6246233	6472614.5	7435048.5
MAN2B1	153300.4844	128274.7813	282090.1875	5303218.5	5754648	4741747	4686740.5	3677728.25	3173249.25	200691.0781	330539.7813	457959.625
DDX46	6461150.5	7538455.5	7373037	8504663	7177910	11357740	4346971	3092930	5733807.5	8592692	10428242	8586552
NMT1	9355778	9316834	8848487	4152186	4850444	4546462	2414041	1373035.125	5192290.5	1216149.625	1452064.25	3495278.25
PWP1	9654540	11009340	10056308	6560207	6701488	11174380	4375946	4362699.5	4172091.25	7888425.5	8809457	11000375
DDI2	3475489.5	4335314.5	2570055	1974921	4030160.75	1256548.625	809599.6875	832098.5	663191.5	2282031.5	1350598.5	1412215.5
RAN	33775584	36856620	36410612	20498334	20371258	20548168	13091259	17823468	20987266	15117036	17804616	17692554
UBAP2L	5765843.5	7703570	6930601.5	6760424	4257990.5	6499376.5	1349654.625	987605.5625	1500743.125	1806160.125	2526195.25	2045081.5
GGT7	14992064	14870770	13387278	15308941	16179774	12604150	16172657	12509411	12387324	18197386	15456358	21337568
TCEA1	8991448	10074533	10417818	9871911	10519976	7857714.5	5303248	4910906	6100692	6454435.5	5485034	4649012.5
FSD1	8739290	9990284	8269932.5	1726459.125	3863466	3630757	4287222	4393667	3410827.75	3282516.5	4021524.75	4263035
CD82	128679432	129150592	117547912	142646496	193300448	159830288	243250496	256141888	201221840	305542144	319713152	270172224
NAE1	5136935.5	7382598.5	5937919.5	5566290	5818667.5	4634747	3563793	3693218.25	3220350.5	4534751	6107522.5	4268741.5
SFRP1	18196126	17602478	17672656	41770136	38884788	37302448	35315548	27949862	22916770	15280011	13805331	16939238
PNPO	7230143	7355027.5	7108936.5	8607077	8538227	7239626.5	4997897	4973032.5	5091654.5	4511935	4919652	4706454
CA8	14783367	17545894	16351414	5254708	5163637.5	5543859.5	3274056.75	6166359	6648322	4572388.5	4505870.5	4450021
ARIH2	1165238.625	2052373.125	1804094.625	1756111	1462474.5	1465678.5	934114	1096371.25	1090033.625	1647284.375	1046854.938	1584395.75
PTMA	34963892	127764568	105159664	243566032	309281632	196267680	138825376	161270576	188562416	216378672	250805296	203977888
IMPA1	31182050	27928850	30641736	12354247	15079228	13589573	15046966	24643694	23529524	22318456	18565654	20950554
CTPS1	4822884.5	6732281	6552206.5	2267556.75	2873787.25	2319818.75	1903557.75	2356783.25	2590224.75	2010532.875	2299121	1801429.125
CTSZ	185395184	146211024	152149040	96430712	86998664	84526880	180024832	275861760	254930208	345907488	256514224	225639488
EPB41L1	3879434.75	4397669	3996710.75	615528.375	1166177.75	1504200.875	1278755.5	1205888.5	1164233.25	2431599	2714336	2719927.25
TRIM25	6030692.5	6240679.5	6432900.5	2596553	2641108.5	2533511.75	1811105	3228469	3366639.25	2121583	3426023	3245698.75
MINK1	600814.5625	631149.6875	499008	425671.4688	757551.125	517987.0938	732448.125	632648.9375	568130.125	354111.2813	670184.75	282357.9688
TAGLN2	7615751	7876638.5	5713068	16470138	13092600	11875458	5792992.5	4986269.5	5975856.5	5612743	3727212.5	7622079.5
ELAVL1	12324803	12323730	12590173	9373443	6389139	7827290.5	6267500	5521025.5	5899676	6286332	7662189	6483325
TRA2B	39091292	38530628	41833456	17350674	18108560	29823746	7539422	8010162	8698942	13334618	23587802	17630822
MMP15	3493684.25	5363101	2927804.5	4299787.5	4445140	3612918.75	4426576	3552442.5	3720181.5	3068804	3184354.75	2630627.75
ATF6B	18443166	18431660	14906834	41979356	35586128	41827120	34472592	31397416	27152502	14152407	13752463	15835462
TSG101	816346.25	2076030.5	2180224.5	2254292.75	1400140.5	1303436.25	2295604	1722406.875	1491203.5	1887982.75	2076751.625	1186461.125
AK3	1576056.5	1322837.125	1454891.5	1788374.125	2478493	1544403.375	1255989	1269720.125	1363557.375	824850.9375	958737.3125	449189.5938
TES	2752117.5	3218511	2452765.25	1397932.625	1583951.75	1747951.5	1805567.125	1712018.625	2235106.75	1182330.625	1437604.125	1032697.25
CBX3	9207697	10180619	9217665	9128855	8429597	7787373	3666871.75	3999710.5	5372180	7475301.5	5954678.5	6970924
SCAF11	1996977.5	2353016	2771017.75	2081928	3208896.5	1886871.125	80084.38281	482992	702052.75	1304550.875	2000400.75	2001275
SMARCA4	17591564	15401363	17539138	9636730	9426885	13891334	8080622.5	8499634	9801864	6852798.5	9671285	9107439
CPA4	7429739	8755420	6914592	10085327	11710740	7550456.5	9112308	10708249	10052841	14507430	12858502	11761367
ATP1B1	8026183.5	10018645	6417368.5	6414204	7041438.5	6026368	3202089.25	2129583.75	2479305.75	4310285.5	5420431	4873567.5
TRIM26	11974534	12457338	10636107	9149636	11126384	8608603	15829315	11730321	14913806	9740470	9257875	8514658
KIFAP3	3126434.75	3365870.25	3074974.75	323224.1875	264587.375	429249.5313	578158.6875	1482158.5	1211307.125	1279221.625	1378185.625	731222.1875
TIAL1	4440776	6315050	6139468.5	1170119.875	1062699.375	2251231.5	2661837.5	6192870	6604182	1911533.125	2747062	1049591.625
XRN1	1232234.875	1932285.625	1376075	297087.3438	257224.4375	251413.6719	617482	320612.875	571081.125	322736.7813	349460.0625	209443.5781
HLA-B	5479640.5	8243087.5	7774043.5	5710882.5	4506950	3554313.25	4506633.5	4694835.5	5332970	6621867.5	5942911.5	5091193.5
DPP8	929919	2128857.75	2254033.75	117628.5703	722377.5	287743.5625	272069.4063	1003085.375	231644.6563	968333.0625	588394.5625	1313490
C2CD5	2466813.75	3647515.75	2640236	595802.5	1025699.5	2158209.25	1581495.875	1593204	1614871.75	1781409.125	2140021.5	1810346.125
MYO18A	656460.875	1139690.375	789064.75	777420.125	701804	737488.25	488283.875	207826.3125	288527	452370.9063	523232.5938	681840.9375
LMAN1	7510570.5	8776801	9370417	8951923	10152223	5219686.5	28895780	19225106	20921062	7374915	8108638.5	8070067
GCNT1	8655975	9338072	8770010	5139012	11931259	7458012.5	9605822	5698932	6804816	8464792	9585429	7600677
LTBP4	4555428	6116832	5645840	4380377	5313294	3632949.25	3053870.75	2876249	2865002.75	2832451	3433110.75	3567985.75
ITGB8	3626729.25	3273810.5	3168896	3292989.25	2700434	2700942.25	1647806.625	1211926.125	1212763.125	2256351	4404958	2330463.75
UBE3A	1369622.875	1484808	1156796.125	721302.75	1371052.125	1086824.625	326420.1563	791136.8125	1377594.75	801581.5	943537.125	897897.125
RRM2B	2209978.25	2520344	2336640.5	992253.6875	1156187.375	1594477.875	913148.9375	1537085.25	1524830.625	951422.25	736966.8125	765624.75
SSBP1	16963432	19279914	15381890	21117740	21823890	20944678	14542937	15395107	12975493	13815194	12767211	12584352
XRCC1	2158648.5	2682023.5	7630369.5	722362.625	1234935.25	2206425.5	414269.5313	123122.3203	417100.0313	932329.8125	1848613.625	483068.6563
SFN	415383.4063	618355.25	361997.0938	1370427.625	1331748.5	1159165.5	757719.5	979972.5625	1543970.125	643998.375		82783.92188
WDR44	1310191	1143680.75	1491434.625	2709082.5	2859144	3042636.25	797264.75	917717.4375	1162665.875	1008306.625	2347330.25	2944404.5
NRXN3	4939252.5	4051114.75	5392914	7496529.5	6382443	8044932	4961077.5	5939865.5	4733516	9962262	8193690.5	8057416
NXN	4240846	4836132.5	4542772	3507774.5	3789406.5	3336925.25	2538803	3545258.25	3042316.75	1775671.375	2205459	2088393.625
SEC23B	4394146.5	4001444.5	4247495	3173129.5	3902373	2491727.5	1358102.375	2887717.5	2725971.5	1775331.75	3031975.25	1823304.25
ARPC3	12639007	10525038	11573233	22104310	20227370	18167968	13441046	12690282	12630786	10683753	10977177	12980737
IGHA1	14954471	193609.3906	167185.25	1006432.75	656685.625	409722.5625	252050.8438	704912.1875	673480.375	680585.9375	220662.9063	283062.5625
CPNE3	4388551.5	4404101.5	3735804.5	2616483.5	3175145.25	2675314.25	2226547.25	2007304.125	2635026	2230030.25	3357521.5	3194034.75
ADGRE5	3547674.25	2763564.75	2317790.25	1523649.75	1763513.5	2241657.25	3234153.5	2760265.25	3059805.25	1651985.75	2079226.125	1263015.5
SEMA4G	2854694.5	2595100.25	2345892.5	3070224.5	2031197.875	2037248.375	2965525.25	2588347.25	2931633.5	2367921.5	3410961.5	2421250.25
DOCK11	1174747.125	1169237.625	890322.625	776432.9375	782796.9375	599493.5625	222910.1875	247272.7188	249985.9531	1310236.125	2229863.25	1884939.125
SMPDL3A	12757291	12527364	10487182	11805708	10834427	10415201	2507462	1219222.875	1082772.875	11889898	11623398	10258062
PPIL4	6418594	6364390	5726998	2814153.75	3385973	5137261.5	715585.4375	651837.5	1695435.375	3125020.75	2783278	3168634.25
LAMP1	131703856	122136160	111761736	100018304	98179928	107498952	47777108	47752300	45082624	98747416	96858968	81191192
STON2	1389950.625	2493501.25	946920.3125	666445.75	1031514.938	1040857.813	1033498.563	1075122.625	1044427.125	653733.4375	1366766.875	1557827.375
ARPC4	21019830	21368274	21558050	27500634	24639274	21408786	15337908	13329504	13523486	12978244	12101002	15884137
STAT1	4015599	5391630	4059686	2700488.25	2562577.75	2324981.5	2187571	3000373	3239434	2249515.25	2973109.75	2041136.125
AK2	10825016	10609876	10812473	18016488	18307632	14321406	14439794	15704061	15721807	10150369	8321708.5	9994705
BMP7	6612310	8558333	7220596	10072464	10301565	14420905	3550194.75	3995208	3919546.25	3667980.75	4417642	4664391
B4GALT3	6127286.5	4777284	4041632.25	6642050	7011975.5	7278961.5	4664138	3198980.5	3293569.5	5403513.5	5530075	8031158.5
ERP29	4448741	4401630	4030734.25	6360194	6335857.5	5536481.5	2931817.25	2385022.5	2882514.75	3111577.25	3144094.75	3157971.75
VAPA	6136063.5	5925795.5	14245333	10960502	9891928	7013978.5	8414382	17216292	7118225	18099762	17434952	25799556
PLA2G15	8449799	12178645	10041918	19269058	19336822	16383175	13627323	10192320	9621435	10635651	9312928	10182765
BPNT1	6736476.5	5745282	7018536	3437590.5	3633434.75	2784247.5	2768228.25	4980732.5	5493646	5979888.5	4564764.5	4303887
PLCB1	1097446	1353824.75	1142121.875	561104.5	579911.875	546128	99195.42969	157875.6406	141651.3281	517471.625	562073.9375	598081.1875
PSMB6	129001552	112770672	120114360	74700792	93804424	102092800	59905980	69016536	76539344	101455216	97578288	110054544
EIF3J	19990328	21794512	15604214	24928852	21649530	20323016	12650294	7076662	9076895	8374081	8079754.5	12742748
PHKB	2933625	2187814	2821201.25	929989	1016157.25	287473.0938	915550.25	566438.875	865950.5	1657733.75	1926344.625	1982069.5
WDR5	15013670	13819543	13979113	9857083	10806190	12796880	10693764	11137846	11326903	8649076	9913704	8910266
HERC4	8606209	9821218	11825329	5252757.5	3687035	6267872	5848505.5	5904330	6107946.5	7742573	5978867.5	7032488
SNRPD2	22650766	24360756	24219188	35272580	34442960	27129868	19350624	16731939	17764650	16637120	19652082	19644972
LMCD1	3489172.5	3039852.5	2922319.75	4071503.75	4467511	3549588	2472074	1138899.75	1350394.625	2637731.5	2387210.25	1725020.75
RAB14	3486228.25	2204289.25	4407596	1451364.75	2341536	2741719.5	1506338	2610099	3299393.25	2142704	2311744.5	2893470
SART3	3122268.5	4719527.5	4081112.25	3342339.75	3742238.25	3618866.5	1143230.25	930786.3125	1324941.375	2172946.5	2519654.75	2091656.625
TRA2A	4861730	5502072.5	5293279	4372982	4950025.5	8963446	2130482.25	2406070.25	3326791.75	3339900	6187127	4027803
HS6ST1	5592625	6327808	4957033.5	7703473	9618242	9253973	2770491.25	1891244.5	2141573.5	3442812.75	3325554	3762856.5
RAB8A	1109938.625	1493750.125	1337734.875	879222.3125	989551.25	868535.375	1507026.25	1462206.125	1786446.375	941687.6875	1124860.125	1068364.375
GALNT18	6985826	8056856.5	7698381	5646368	5899412	3881063.75	4076740.75	3188910	3299446.5	14526043	12835929	10600305
LTBP3	19222506	18740408	21040566	12450798	13364387	11310324	16787456	15010594	14155650	11833302	13778335	12809797
CSRP1	12810233	9580052	11866456	5624919	5344816	6360033.5	3087945.75	3895957	3435950	5339599.5	9858046	6680000.5
LRRC59	8308396	8676813	8358249	9248055	8269877.5	6645505	8524261	7871167.5	8703308	3207460.25	3653218.25	4317600.5
PFDN5	31079442	17173220	18572870	21227402	21578814	20835510	4783254	4151027.75	3712101.25	13525408	14579603	13482668
RPS6	20951066	32622202	24674020	9001241	8136416	7816543	9050117	7137813.5	7639627	12101693	7895268.5	12307686
THBS4	17119756	16421264	20801488	6203741.5	8222428.5	5618988	4099507.25	7115169.5	4135661.25	9948853	12630825	11993791
ACTR1A	10103189	12787863	9952567	6781825	7730818.5	6697841.5	4231243	5258176.5	7233172	8626097	7842317	8306236
PACS1	2729350.75	3547317.5	3759937	229002.2031	261034.9375	869921	557067.1875	535089.375	605048.4375	1027314.563	1247459.25	1369920.375
SLC7A5	23532174	28192462	24028060	12768342	13698198	13807317	30282506	23522472	23484774	16275605	21395334	17118806
AOC1	33722388	29807884	20686074	24781324	27051456	22133376	14061454	11896822	14472284	15422247	14232901	15525645
CTSL	24454416	26392850	23998804	8267863	9956677	9121271	16461070	16905446	14961819	31969266	28076264	24319486
PGGHG	867572.5	624789.5	1036998.875	259572.875	198138.125	350023.4688	345904.4688	541885.5	479899.375	183860.4688	156717.6719	134835.5
NELFB	2128298.25	2443626	2756728.5	3979847.5	3733050.75	3986216.25	1324210.5	1276477	2375190.75	3777122.75	2529523	2480891.25
ANGPTL1	9044918	8680622	8519080	2901927.75	3518647.5	3266921.25	876234	495565.0313	300601.5625	1107736.375	624545.3125	1170229.75
MORF4L2	4732548.5	5389928.5	5379852	3039739.75	3765945.75	3303482	2659670	2848867	2630479.5	2974719.5	2429980.75	3212041.75
PQBP1	2036746.75	2719176.5	3181017	1513289	986543.875	2280177.75	1059045	526732.8125	520669.1563	784913.6875	1517727.625	1235384.5
TOR1A	977172.0625	1281052.75	1153698.625	1107983.25	1081868.5	940376.9375	981350.25	930019.375	871166	989389.0625	974414.875	916450.625
PPM1A	7072376.5	10074657	7535819	4990918.5	3848340.75	4818040.5	1754375.5	4145086.75	3643651	3365026.75	3276105.5	4075707.5
HMGA2	16907452	13895324	9592164	7302663.5	5587256.5	7677758	6903353.5	4900899.5	12130520	5738943	7740848.5	5457883
ZC3H15	2526164.75	3549230.5	3492256	2702505	2950303.75	3035168	1300943.25	974963.3125	2071805.25	1665179.875	1688546.25	2731977.75
CDC40	2072941.75	1898499.75	2067113.375	1219671.875	1613788	1443942.75	1140142.875	1448056.625	1709353.625	1639561.5	1819214.875	1501856.875
CFL1	26344224	25379348	25737446	31874040	36627148	33565848	23076174	24572706	23929574	21712818	21830286	22359556
RPL18A	6866908.5	10744197	6222040.5	2091281.875	2035633	1430523.875	2100506.75	1982526.625	2698807.5	2110666.5	2318633.5	2478267.25
ADAMTS15	2730999.5	3609180.75	3145464.75	3630075.75	3938576.25	3759960.75	2806609	1326894.125	2296419.75	3123421.75	2506423.75	3267628.75
TGFB1	2742791.75	3596658.5	2960372	2594837	2969750.25	2316074.5	6120242	5471022.5	5102009	269465.7813	706369.1875	642459.125
SPP1	279806.125	178349.1094	356520.25	4129900.75	3855414.75	4388616	362140.2813	722116.75	1277667	77578.47656	62157.99219	78972.39844
S100A13	53622660	43499588	40533592	85842296	74510016	60382880	51165476	39462152	44202308	37299672	37861248	44256608
DDAH1	11070929	12328563	11772166	13242702	12981376	11131301	6698857.5	7272771	10357642	11687426	9487312	10229746
POMGNT1	1711318	2084723.5	1871644	2664469.75	3146353.5	1842903.375	225173.6719	1154381.5	889102.8125	2162475	1657769	1764170.25
TMEM87A	5661808	5196629	5706096.5	1830459.125	2790002.75	2773667.5	2745865.5	3663135	3861727.75	2809631	3904136.25	2193163.25
EGFLAM	1066324.875	631408.8125	536446.8125	8256108.5	2948363.5	3294159	968652.75	407661.6563	485156.4375	1520125.5	1586720.75	1785583.875
RPL28	3698703.25	4853800	3953999.25	3202794.5	2346040.25	2523680	1979869.5	2830839.75	2204167.5	2950565.75	2731162	3126723
PPP2R1A	3150998.5	3898531	4769922.5	6325808.5	5584430	5222584	2453335.75	2136165.25	2329557.75	2426900.25	2421199	3537099.75
THUMPD1	2532947.75	3304409.75	3253035.25	3759445.25	3816850.25	2320211.5	1924424.5	2361922.5	1714376.125	1744529	2439852.5	1874256.625
YBX2	98142.59375	119521.6875	103718.3125	83453.14844	86724.19531	73027.85156	51309.91797	36897.82031	40925.00391	47361.67578	94984.57813	48135.66016
ARGLU1	13805806	13031236	9948398	16765446	19916974	24424304	7263067	3430600.5	5812345.5	3520960.25	6171406.5	6719031
HPRT1	18211714	20606372	23237738	28134624	32511282	23865350	16912482	16095375	18809194	14682990	16633179	19795880
GPX3	39135500	33427600	37690244	26453462	32153228	23220030	15367391	13515493	11167541	27203014	25515948	23066002
PPP4R2	13997836	12220727	11198989	15354308	27633844	18515878	9025856	6170021	7777322.5	13401986	15590215	11312995
SDHA	5397577.5	5215663.5	4889901	3329734.25	2532362.75	2587437.5	4201374	6735855.5	6174202.5	1446567.625	1687457.375	1374801.625
RPIA	1728402.75	1637387.75	1765895.375	1438230.375	1603067.125	1652733.375	1307327.625	1748386.75	1518189.5	451703.7813	920876.875	908831.8125
EPHA4	6095056	5676824.5	6339446	11748433	10700018	13544070	7833391	6673007.5	6672961	11382691	6729361.5	8371051
FUS	111532240	113451808	106090504	50782808	44354836	74291952	31781036	27255790	33884476	45803720	77445440	48560184
CLN5	34900564	33703000	37545048	35878952	35631060	40671060	27979542	35811216	24840940	46092868	42278060	41905412
GPATCH4	7739744.5	7227790.5	5830114.5	2209221.5	1673558.5	4200483	931358.4375	529421.1875	2321997.5	1320993.625	3306212.75	2427504.75
LARP1	763540.5	2183031.25	1663855.875	2018532.5	2297649.25	1605612.5	805406.375	386043.6875	540148.3125	1244794.875	1092631.875	1149806.75
PCBP1	1946891.375	2129063	2383672	3037542	2994691.5	3122302.75	1171994.75	1126077	1378934.25	1440857.625	2292269.25	1797463.625
ABCE1	3864758.5	6094987.5	7766239.5	4947766	4212263	2915929.25	4464927.5	4086860	3890718.5	1386975.125	1568193.75	2946579.75
CX3CL1	34299392	27501776	25765130	15370122	17347036	20058444	35128032	22375390	21126312	20252300	20394140	21184622
PATJ	1993286.125	2135559	1697916.625	394006.9375	516704.2188	772321.0625	175819.0625	170321.0469	426755.5938	229981.4844	646191.8125	560737.6875
TXNDC5	18424712	20022822	15291137	13010116	12491728	16461355	10061345	12993762	12390280	14243201	15184426	15736598
XRCC4	3370546.5	4322723.5	2818307	2385237.75	3075577.25	2026678.75	586052.875	1286554.375	1520709.375	2609614	3285988.5	2323464.5
CHST10	2380518	2387638.75	2077936.75	8555312	8332630	7940782.5	1736724.875	1674029.375	1617816.75	4792340.5	3927705.75	3734573
LRP5	836177.125	433892.0938	670574.5625	1006509.313	889696.25	413589.1875	1233371.625	894759.1875	798030.0625	877685.375	838573.6875	886642.5625
MAN1A1	5492456.5	5616264.5	3895623.75	2776294.5	2962682.25	2252377.75	654466.125	556915.5625	494674.125	2397050.75	2236140.75	2101649.5
USP15	1266878.625	1826359.5	1625631.875	447688.5625	787259.375	721495.8125	308123.2813	332804	471542.6563	932619.875	871315.6875	1087874.875
CHID1	8528648	8317147.5	8801843	6859626.5	7827552.5	5566066.5	9329495	11495278	11307782	5450785	6158007	4665942
PFN1	10682475	9578732	10119608	14375605	13082727	12289392	7846624	8401700	9908227	13319952	9030053	10715784
EIF3H	7794656.5	8017929	7513506	5729343.5	6941820	6595469	4844768	4586389.5	5328854.5	5311597.5	8072539.5	6360614
H4C1	143173712	136538480	116989096	143404048	133310776	110981984	110786200	89223784	103055888	85657712	77690904	99335448
OTUB1	17490258	19348188	19283812	16424245	15092813	15417801	13016055	14898017	16315074	15083435	13364201	18337594
NUP210	2369174.5	1044096.875	2260218	1965262.125	1927823.875	2960566	743866.625	1803359	666194.625	1517789.5	1285017.5	1471058.625
SEC13	8187467.5	9788776	8816135	2085077.25	2580069	3215546.25	3238987.5	5992144	4711402	4625383.5	4666761	3951467
ISYNA1	14087694	17752588	13182903	10999710	14702283	12305213	4604848	4549510.5	5212172.5	8800925	7465694	9005666
QPCT	16960352	21318756	17085630	27942122	27079752	25084400	20184506	15939576	19309144	25771814	30546268	26638660
EPS8L1	1845693.125	2918753	2113000.75	1318465.125	1857462.625	1402514.125	892861.9375	1266983.875	838889.75	549986	786194.875	705149.75
SEC24C	3513655.75	3501447.75	2079834.5	554328	589339.5	764382.9375	935752	2386475.5	2002899.75	446326.8125	778273.4375	1255485.875
RPN1	2213071.25	2933812.5	2944617.75	1401680.625	1591701.5	2012207	2910749	3132918.75	2848788	2658807	2674849.75	2305443.5
AHNAK2	2529899.75	3219007	2775691.75	2472519.25	2659417	2293155.25	2091668	1307648.875	1677771.25	2778448.25	2906537.75	2336482
SNX27	8769233	9770782	9884547	3213670.75	3920455.5	3708780.75	3344601	4902275	4577058	4980822.5	5561172.5	4760777
SRC	4608579	3606716	3165462	452583.0625	511854.1875	1869923.5	2069764.875	3272177	3489017	1932955	1793979.5	2234824.75
CD44	201888592	177985120	189892768	142402064	132292600	148776000	373177152	334260736	340369152	158476816	160846480	151976400
BAIAP2	3593126	3506393.5	3010188.5	3374559.75	4134892.5	2808443.5	2758147	2135161.5	2465407.5	1977151.125	2337994.5	2350870.5
DNAJA1	13077419	17318386	13623759	7462885	9962971	8202950	6607175.5	7223728.5	8496899	7620207	9774996	8765510
RRP12	3970111.5	4780084.5	3916978	182292.6563	802848.5625	913680.3125	944683.125	1537329.375	1436885.625	1238047.25	783781.625	584843.4375
LINGO1	2703541.5	3175862	2690926.75	5822470	6735039.5	5629295	1034299.313	828507.75	871861.5625	7085773	5746064	5479683.5
NPTX2				2844364.25	2668954.5	2976884	35429.21484	40609.83203		7734383.5	5806807	6800511
RPS25	22978418	36538764	28347894	17639134	14633530	14821061	13230462	10024019	10699971	12015782	10755245	15716108
IL4I1	2969151.5	4648500	4130920	669781.4375	458118.1875	348213.4688	1025375.125	1340830.5	1389780.375	227503	282247.9688	284227.6875
S100A6	152902544	142222624	102840184	384444864	327387904	247125488	168986272	92920608	129576136	103275096	105977704	131634832
ST14	20449504	18244248	19374634	18617262	19891042	17787454	21303494	18641688	17713478	37655088	42849844	38470188
PRMT5	4680999.5	8322434.5	7033861.5	5405374.5	5259506.5	4547289.5	3748475.5	4918535.5	4005387.25	4086634.5	4633422	4545240.5
TAF15	12762281	11753312	11158343	6320791.5	3162510.5	11350606	2692384.5	1553222.75	1969610.75	5114000	7687971	4858930
NOP2	4952383	6327380.5	5216050	1719643	2201053.75	2513899.25	1736960.25	1197305.875	1639551.25	1890730.625	3923509.5	3170165.5
UPF2	3727936	3120426.75	3455619	1496187.5	1727463.375	1719350.375	1968172.25	2618602.75	2384330.75	1957891.875	1704842.375	1948569.75
DSC3	1396914.125	2292765.75	1827190.5	1592962.625	1477475	1240225.375	2301127.5	1463258.125	2065282.25	4219411	3781096.75	3104868.75
RPS2	10730412	10562952	9334200	7057686.5	5695451	5454422	4832308.5	3481601.75	5924247.5	3903360	4348850	3825744.5
FKBP3	21484246	27505652	19701076	27708476	28540918	23577872	18268900	16959180	20553822	18466842	16652519	12978298
HLA-A	27722824	41081936	37283192	16555098	21268192	19218362	34983856	30282354	35495036	29886720	21917956	27882052
SMARCA2	686022.4375	102260.9063	620154	99297.35156	105329.2813	117978.875	108344.8516	141631.2344	111340.4375	571239.5625	129104.1797	745210.6875
PPM1F	2334973.25	3052304	2477951	669870.9375	828445.3125	594398	1087629.625	1280615.875	1312182.625	625232	792277.25	785744.125
ADAR	2343358.25	2524333.25	1655203	937080.75	2062598.125	1261114.375	257602.4063	467229.5	536198.3125	831220	1098830.125	1795120.25
UXS1	6312562	9504262	7474546	3296737.75	3844609	2892062.5	6057112	5891967	5595095	1471758.25	1832148	1111365.875
PPID	5473699	2950941	2869307	5290234.5	7451960	5814769	6170864	5200996	5044975	7315950	7085234.5	6956173.5
SLC4A1AP	2828389	2326839.25	1829450.375	693898.3125	574743.4375	2246933.5	1386345.25	637970	2044152.25	993113.9375	1156450	1867772.375
RHOA	4608247	5563653.5	4023270	5344354.5	6388218.5	4135575.5	4497974	5557213	5232136	3919631.5	3843636.5	3364139
KIAA0319L	9524244	8426209	9139514	8088416.5	7176107.5	8856629	7163679.5	7048379.5	6756607	6002458	4898662.5	3966991
DCD	15629106	3833945.5	14476277	44217764	43600124	39732440	17250848	7108098	7568094	16770304	8861588	26357634
GCLC	2398974.25	3916230.5	2429673.75	2868065.75	1757487.25	1767878.75	1168284.875	1335999.125	1063984.875	1738958.5	771427.75	855908.375
FTH1	37970616	33529494	27604404	29535844	24264268	26586008	19920224	19588956	21114906	15645005	11579483	20018756
BLMH	3444233.25	4917390.5	5807615.5	6239450.5	7028749	6366998.5	3705566.5	3659394.5	4410352.5	5310040.5	5628691.5	4864520.5
ZNF622	3927564.5	4769995	4623508	1529044.375	1489228.625	1704461.125	2046271.875	1927153.375	1786060.875	2575773.25	2849826.5	3515737.5
CD151	17952696	23931834	21434104	12917373	16913784	19000824	53877176	43860096	44556252	25540976	26485184	28356320
UBR5	739594.25	1114208	972710.1875	185452.375	195140.6094	168305.625		85065.08594	361340.1563	316218.8125	384006.625	
LASP1	8104661.5	6874441.5	5809968	3517712.75	9036793	6289160	3106086.5	2813700	3512475.25	972098.75	2338748.75	2068283.875
CCDC25	8599697	9581858	6699637	5925569	6315806.5	5584491.5	6622063	6822756.5	7580090	6299836	4870808	4853848.5
PDCD6	2604136.5	2791177.25	3192900.75	5588749.5	5268141.5	4439988.5	5012904	4122852.25	4550288	2896302	4789864	2777538.75
DNAJA2	3822377	4381439	4078899.5	1322348.625	2708279.25	2013408.625	2061669.75	1452928.75	1200098.875	2012485.75	1975043.25	2287231.25
HLA-C	4640484	4851423.5	6668298.5	2962473.75	3535633.25	4330284	4375888.5	5178910	3668885.75	3252672.25	4015137.75	3275136.75
SOD2	5839683.5	6151799	7031280.5	7906379.5	9431025	6449096	5669281	4253563	4902789.5	3576573.5	4005482.5	4402600.5
ADSL	6579525.5	6919303.5	7978715	3868753	3992194	3682355.25	3498129.5	3769543.75	4044661	5293760	4582405	5794811
AKAP9	1163314	968909.875	961014	1556161.5	1496045.625	1351724.625	1251854.125	842193.6875	901268.9375	1079529.375	699690.125	1298892.125
NIPBL	11618350	15135513	13057617	9205768	11415892	7779835.5	6714079	4818635	7212629.5	7444223.5	9303235	7682419
FAM83D	1541520.875	1672587.5	1869372.5	400752.2188	749080.5625	842193	99379	195094.3906	71714.375	910285.4375	1341231.25	1188278.5
APOE	1003015.438	466969.5313	452834.7188	5511687.5	4647611.5	5076313	682372.5625	206774.3125	477316.375	678162.125	101282.375	109875.8359
TXLNA	3606492.5	4629691.5	1459689.625	7694271.5	4551835.5	7479057	1493736.5	478988.0313	2816868.5	478033.9063	403207.6563	1205619.75
WDR82	15296750	14321465	15009049	4452366.5	4271446.5	5526985	6317424.5	8265849	8429261	6881912	6311143.5	6342671
SART1	2809907.5	2972076	2650265.5	2879979.75	1555753.75	2491914.5	1061635.375	467777.9688	1013260.125	395221.5625	774884.125	1050506.625
PDAP1	10532381	15913513	11659472	11402247	9652408	12828029	5489116.5	3276628	3731865.75	5262372.5	3338393.25	5324396.5
RNMT	7714731	8807112	7870597.5	6817843.5	6189948.5	4765466.5	3187861.75	2794712.25	4785795	4578021.5	4683088.5	6962669
WNT5A	16722947	17801188	18960216	11085859	12095478	11717206	15272510	17572396	13997285	11283196	12720683	13043790
RBMXL1	1560694.375	1562109.5	1549913.125	1129542.125	860961.125	842791.875	676592.125	787606.1875	650053.375	674613.125	704643.875	616045.6875
PDGFRL	3599141.25	3534586.5	3411217.5	3048797.5	3679279.75	5663904	17016598	21509420	24914814	7541655.5	5258303	3755039.25
EFHD2	5791091.5	5105907.5	4650912	6944928	4003802.25	6326304	5229155.5	4406400	5914635.5	4984937	5392176	4435468.5
NCDN	2657369.25	2783624.5	3065119.75	1023005.938	894502.6875	1266901.5	1544622.75	2304927.25	2615496.75	2372836.25	2448849.75	2466182.75
LIPA	19402798	19061084	20106912	6801450	8433401	10272028	9962846	12238635	11512023	18537734	17567610	17570004
IMPDH2	7381148	6764449	5938716	4253059	3772589.25	3713728.5	2703208.5	2272751.5	2360906.25	4256542.5	4964551	4118033.25
CPSF6	6142282	7031003.5	6720318	5915369	7168760	9523936	1388509.875	1900528.125	2505554.75	1632181	4090821.25	2991879.25
CFDP1	7214928.5	8648169	8999837	7778076.5	6111420	9071374	4676188	3905724.75	4931791	4660082	5647208	4917122.5
FMR1	2095466	3451442	2480830	1471781	1639682.125	3119166.5	1086669.25	1127468	2561748.5	1743251.375	2127714.5	2145648.75
HNRNPH2	437374.0625	638796.0625	544190.625	292059.6563	268884.0313	446024.1563	168952.5313	240978.7188	306436.6563	421952.4063	585442.8125	424423.4375
MAP1A	822087.5625	643112.5	852786.9375	1909770.5	1628424.875	1746633.75	156576.0938	51146.71875	121113.8672	338531.7188	307864.1875	464877.2813
CD55	3384089.25	3719816.75	3839310	1445813.25	1590134.375	1509459.25	2836871.5	3414385.25	3142563.75	807085.875	1387273	999261.4375
WDR36	4524623	4600826.5	5674709.5	1535301.75	1525870.25	1633260	1979488	2453923	3152953.25	2311101.5	2637321.25	2716813.25
GMPR2	13823193	13623781	14077097	9728706	8434674	7998093.5	7024369.5	8102837.5	10017285	13059916	14808825	11646783
ROBO2	1324340	683786.375	530771.625	1158205.875	934173.25	1014247.75	2210960	2191519.75	2171886.5	1183443	677349.375	751074
HEBP2	1699370.375	2821607.25	1181933.25	3117810.75	3590088.25	2013673.75	1970153	3098544.75	3638223.5	3117674.25	2932194.25	1611000.625
NDRG1	6307733.5	8595064	8780138	4760483	4847196.5	3949112.5	3211841.75	5743196.5	5973534	3795775.5	5694006	4251395
EHD1	1811587.125	2628479.75	1741987	1306484.625	1646314.875	1280271.625	3767203	2366970	2769272	2032502.75	2666829	2448698.5
ARHGEF10	2730528.25	2514856.25	2617777.25	383774.2188	726214.6875	765620.25	499660.0313	659894.5	614056.6875	644848.875	862718	781254.4375
PCDH20	3729488.75	2866925.75	2937806.5	7409223	8252867.5	7976368.5	92799.0625	80976.92188	89466.02344	2340009.25	2343102.75	2299621.5
PAK2	4291529	5441508	4111835	3014599.75	3234494.25	3062434.75	1948072.125	1947404.25	2248581.25	2325997.25	2296965.5	2223198.75
ATR	1509323.625	1806832.125	1848918.5	266428.875	225395.8281	405474.125	358224	411882.7813	937957	611721.8125	533605.1875	1017663.75
ITCH	3622943.5	2751579.25	2235313.25	2827218.25	3738450	3370304.5	3561374	2510659.75	3104691.75	3168993.25	3358251.75	3305971.5
PPT1	12430703	12597074	12621881	19730546	20202348	17726794	13226933	13744747	12728709	13609319	16540373	14525496
DHX8	5447503	4690198.5	5347206	2806331.75	2847817.75	3299868.75	2132720.25	1740019.5	2082010.5	2380473.75	3796155.5	3481231.25
GXYLT1	5242755.5	5562114	6012084.5	6096555	5532427	5591608.5	5592505	4512973.5	3859659.25	6310451.5	6593839	7835797
PCOLCE2	4297809	4843680	4335847.5	4234927	4895280.5	4701401.5	2371909.25	2700402.5	2358754.75	3144582.5	3715482	3242286
DPP9	6913681	7712582	6936607.5	3966019.25	3949698.25	5539488	3547766.5	5562004	6254159	3706253	3275006.75	4383295
ST3GAL1	5041907.5	5059155	6255928.5	4795163	5689749.5	5941280.5	5509994	5050981	5234519	1558905.75	1656535	1543575.375
EIF4G2	3658692.75	4584367	4750854	3874934	3609038.75	3173674	2182351.5	1599917.375	2420608	1520877	1831747.625	1981607.75
FBL	15171587	18502756	14496266	2034958.5	2279167.25	3319189.75	4047330.25	5634758.5	6791428.5	4631925	5603148	3749727.5
MIER1	4526372	5439386	5138734.5	6425511	4845447	7488285.5	1467252.875	1598683	1491274.125	3059402	2910682	5025268.5
NPNT	12529245	10330540	10081457	3699796.75	6079634.5	4211458.5	1805069	1597686.25	2350731.25	2180742	2089648.75	1806155
SRSF5	29278322	25658306	30965140	16355020	20552244	32428366	11789258	11803537	15596035	18362882	28880280	19306144
B4GAT1	7751654	11496179	7761367	18873180	16066438	12453006	8518459	6699051	6223214.5	11116723	9321298	10763744
TNIK	978885.25	596074.1875	731134.6875	716516.1875	442230.5625	631398.8125	532424.75	546635.4375	629897.8125	765578.875	833166.8125	497968.8125
ARSJ	2130288.75	1587010.75	1506873.75	643575.0625	630310.125	590265.0625	6900852.5	6637116	6197759.5	572772	446497.8438	493002.0938
PURA	4286502	8170851	3791149.25	3786005.5	7777966	4910393	3166781.5	2611149.25	4940569.5	6005302.5	8447284	7317283.5
ENO3	48820536	55675184	50938348	24596976	27174658	23084178	18685142	19782978	23946492	36013216	26706458	36606028
H2AC20	90437632	90670424	87120664	95231656	91527000	82116656	84379400	62853220	83124312	57389604	56289976	57464024
VAC14	2183706.5	5082234.5	5207957.5	281993.2813	314861.3125	369624	1453342.875	1926543.875	2526916.25	2888449.25	3431803	3651081.5
PROCR	25893210	28658894	34795576	5744623.5	6181932.5	6273885.5	32380844	32226664	47415152	30016650	24012646	27006208
YKT6	2050865.75	2485443.5	2183378.25	931271.9375	1031483	928426.625	691742.375	2029244.25	962055.625	790765.75	1509064.375	595381.875
HBA1	9269879	3935952.25	8098011	6754633.5	6735434.5	5437324.5	3758732.75	4427508	2903218.75	6514118.5	8169203.5	6995379.5
LRP8	309343.5313	296108.75	324056.1875	177339.2969	174296.1094	238886.4219	249228.4375	269326.5	411836.0625	391148.5625	367143.4688	435067.4063
ITGB3	8866897	11058104	9957090	6360710	9381490	7745135	7478433	8787080	8191225	5485745	7371882.5	5256162
NUP205	1118018.25	712106.625	1471064.125	231890.7656	182563.6719	217303.8438	658686.625	655378.1875	627308.75	655874.4375	716603.125	713594.0625
SIPA1L1	443585.8125	602938.375	659725.625	248229.625	256503.7031	428229.875	134312.4375	171635.9219	173311.8906	233814.1406	237958.9688	123233.1719
OLFM2	6220768	4996350.5	4559721	13649029	12395576	14488081	2133442	3542188.25	1836409.125	3605369.5	2826033.25	3521023.5
SP100	131325.7969	143595.5	131959.5469	123649.6094	113191.3203	89915.16406	57415.23828	46033.97266	54003.71875	73787.46094	73934.32031	79427.57813
ANXA6	1452340.5	1791282.375	1518468.875	1288946.375	1319087.125	1260283.625	53021.70313	419305.5313	170381.8594	1008127.5	883710.1875	752807.9375
H1-0	63603184	48728628	41839156	47516252	35593596	52222536	53655096	59014496	66853368	36812152	34564484	39020600
H3-3A	120671832	115415416	75897920	134569472	119100776	95084448	75613568	67375096	73318088	69562368	60668496	79422400
CFI	40794236	32643924	33828016	61895084	78288280	56112652	55429200	60920096	56191352	91392776	76238600	59984928
SERPINE1	3583061.25	2763454.5	1663352.125	618360.125	740426.25	2544338	1760532.75	970270.5	971696.3125	2485922.75	1408088.5	2235564.5
NLGN2	1143228.125	2312761.75	2298082.5	2540536.75	3153113.25	2271963.25	2758825.75	2878624.75	2342127.5	3319963.75	2708264	2636149.25
KPNA4	8137274.5	5559721.5	6790143.5	4882808.5	4980880.5	5030858	3714228.5	3653100.5	3692984.5	2974645	2897053.5	4379747.5
FUBP1	2284805	2176087.75	1819613.125	1476315.5	1648403.75	1365518.375	1091917.875	1321293.25	1633140.875	535148.4375	651729.5625	671365.0625
WDR77	9863270	10707415	11830161	5720296	5919484	8272874.5	7375607	9765829	10163530	10589913	11996939	11456096
FNDC1	674073.75	602327.4375	390725.1875	1524167.75	1161845.25	1701677.5	88732.71094	46146.63281	165512.0156	1517286.75	1562561	1482479.875
SYNGR2	25733352	26781344	21742132	11209376	11090873	12665482	13710328	13731037	15628624	12717679	17055062	13055158
COPS2	365109.7188	1249459.125	938010.9375	2742620	2460873.5	1592561.125	1393560.25	1159578.75	1040533.188	911391.75	1510404.375	1565276
APPL1	1841513.875	2276474	1984003.5	1114207.625	1327402.75	1271215.5	837010.0625	879388.375	1150232.125	1343849.125	1226198.375	1252483.25
WASHC4	1963965.875	2113285.75	2452881.5	693942.375	336892.375	442076	522441.375	28192.92969	613502.5	954793.9375	1383625.5	1211967.125
AHSG	530683.0625	453935.8125	397658.375	145489.375	504458.8125	616195.5	468974.7188	389816.7813	459102.5	450140.5625	447684.875	467948.3125
COL7A1	178111.6094			1138108.375	841072	737213.6875	784940.8125	1491586.375	2264878.25			
CMPK1	1859880.125	2670472	2109082.25	2468010	1871885.625	2832974.25	2489441.5	2354017.5	3607985.75	2299401.25	1995716.125	1725542.875
IGSF10	114937.8281	139340.1094	172903.9375	626825.3125	540871.5625	860556.5	2648464.75	2675198	2203014.25	2143017.25	1770132.75	1698033.75
RMDN3	3083453.5	2971396	3177589.75	3627572.25	3100350.75	3915196.75	2839479.25	2546759.25	2697490	1845353.25	1985628.625	2424321
KIAA1549	1393708.125	1305469	1337768.5	959267.5	1061016.125	1311948.5	793727.4375	853151.9375	844403.875	1227279	1386444.625	1181388.5
NAA10	2335060.75	3151445.75	2887952.25	1914935.75	2463510	2027102	1080243	1156518.875	1727557.25	843240.5625	996053.8125	1685791.625
EFNB2	42717856	44801324	46031588	46605860	45962712	58502348	23558044	25047248	23023056	44595232	37847336	43250860
CRABP2	7725058.5	7061470.5	8005803	12288560	8381360	13908563	2696259.25	3138846	2812135.5	2475804	3508064	3007957.75
NUP85	3200734.5	3624298.5	3406796.5	2799256	2400193.25	1867936.25	2655099.75	1475636.875	2234278.5	1949517.25	1550969	2883771.75
MARS1	2748552	2548614.75	2482357.25	1984461.5	1787306.375	1616497.5	1501868.25	1068273.5	1399297.75	1232913.375	1349978.25	1244006.375
PRPF38B	4542048.5	5394644.5	5618739	3427494.5	4421044.5	4005981.5	2126341.75	1971867.75	2334328.75	1819962.875	3738467	3574733.25
SLC16A3	14836662	18978082	9610787	1942686.5	2532779.5	4311658.5	37574384	29897206	34974860	3554822.75	2589364.5	2028567.375
POGLUT1	1237968.75	2492215.75	2197796.25	1645082.5	1716867.875	1616848.625	1063316.25	1280421.625	1317278.125	1574275.125	1700122.125	1887603.5
LYAR	3685083.75	2850470.5	2948693.5	1385329.125	1851738.875	1634416.625	1495416.5	917412.0625	1453132.25	1071747.75	1299469	1479338.375
SNRPD3	47579660	42834560	52923664	48777504	46621268	53541656	34152112	34839292	35693152	31449800	37905084	33603716
MANEA	768202432	846200960	920480320	663484224	576871040	579231616	498408992	359688608	431973472	535346528	354281312	465966272
NAALAD2	275146.0938	235344.25	226883.2656	173983.1719	753611.75	672757.9375	95224.92969	199117.0781	113895.4922	1547951.375	1544361.75	1129288.25
LIPG	9114474	10458161	8543416	2589092.75	2561644.5	2465990	3572670.5	746046.125	3518859.5	3421652.75	3756372.5	4434204
UROD	3801055.75	3730342.5	4263558.5	7877891.5	6878863.5	3806066.25	3026621.5	3013260.5	3807500.25	2374168	1983234.125	2407209
VPS52	2410070	2234563.5	1844418.375	1675208.75	1420330.5	1071392.125	2201807.5	2100022.25	2053806.625	1456981.125	877029.8125	1424008.75
ROCK2	1256025	1208267.5	1089168.125	905276.3125	922167.125	1076313.125	744995.5	644913	1007501.063	690604.25	691051	1064604.5
EIF3M	1395269.875	2136566.75	2894804.75	2103959.5	2201429.75	2255282.75	1453851.625	1750795	1745612.125	1597120.125	1423329.25	1675585.25
H1-10	11925410	16125891	14096575	16539159	14925081	16589146	12937348	7240528	10092151	6677730	6828836.5	7816518
EPHA1	4851450	3930273.75	5448802	4058452.25	3692524	3042084.5	6857253	7583772	6225278.5	8292742	7104643	6665647
TNFRSF21	4834740.5	3709637	4548106.5	12477848	9275216	10634663	10869290	7042873	8827717	2971411.75	3230675.5	2745699.25
IFNAR1	1329403.25	795670.9375	1275997.125	2937445	2507522.75	2883819	884983.3125	1144841	1009576.625	1550836.25	1968963	1714156.75
XPO6	1351360.75	1998004.375	1929361.25	1749037.125	1396216.125	1288775.25	1787011.25	1233213.375	1927701	1292671	1322312.5	1273069.875
PAPLN	1285745.5	1566317	2217819.25	729776	586975.5625	596675.75	410460.375	465580.875	235183.8125	1719509.125	1309099.125	1364677.625
AREG	686728.875	438228.5313	502941.3125	507796	236396.4844	411645.8125	18011520	16760358	19582620	229348.0625	188681.375	208472.8594
CLMN	1370450.75	3763923	2636209.5	2675483.75	2861529.25	2878321	1464683.25	1263194.5	1770083	2572021	2714963.25	1703264.875
ARPC5L	3357906.25	3759002.75	3322573.25	5827926.5	5092781.5	4062221.5	2772561.25	2267311.25	2913693.75	2908698.75	2514895	2591372.25
SLC39A6	2393339.5	1612270.125	1763212	4181225.25	3310052	3970756.25	5479384	5298632.5	5103430.5	2293577	1961965.125	1898996.5
P4HA2	1184412.75	1089312.125	1353989.25	779655.6875	1029647.063	1010509.375	599512.6875	428702.1563	561693.1875	1527935.375	1295500.625	1177646.875
PLCG2	1259078.875	2058403.125	1725600.625	229111.7656	299575.6563	434534.875	273951.3438	442010.0313	405478.4375	205836.0938	207202.5625	260152.4219
DNASE2	50141172	41362304	40490540	58430624	53072052	49896880	39068880	35437092	33941032	85874320	72904648	73218264
NPR1	2288592.5	2740360.5	2436278.5	1288836.5	1150609.5	1286867.875	613510	932876	788651.5	2930716.75	3350391.25	2695412.75
ICAM5	3564977.75	3009272	3695500.5	584380.5	573688.1875	1215374.375	1282275.25	1182896.875	2203215.5	2066912.375	2396602.25	1255560.625
GPC6	587226.1875	582364.3125	613103.625	171527.5313	469511.4375	273732.6875	687950.4375	321964.0313	620452.1875	467345.0938	915977.625	1050274.125
GPS1	2489882	2846896.75	2086335.375	2123679	2015945.75	2763770.75	2116586	1168584.625	1780398.25	1499032.75	1250084.625	1657265.25
TBC1D1	5177438.5	5138001	4603066.5	1330894.875	900777.75	1063690.25	2160710.5	38300532	2641217.5	2456082.25	1901570.25	2083340.5
NECTIN2	9815759	10257969	9538592	8338537.5	7673121	7893237.5	8117796	10751478	13558360	14148760	10744809	8817364
SNRPD1	54222756	48529256	52686276	42199712	46465704	52458304	35232204	36562952	43063072	34095720	42617772	39007524
CRK	4830997	6222591.5	4433472.5	9561650	9321141	6894638.5	6043675.5	4681565	5801788.5	8545518	7607487.5	8749233
DENR	3880994.75	4170863.5	3485494.25	3902344.75	5851642	2411826.75	3597422	7352910.5	2498921.75	2847113.75	2102129.75	8999894
NACA	132922976	191840752	157425696	111292400	113697400	164223824	82064008	65541500	99547880	77620240	97086112	89269200
POLE3	5608828.5	7717940.5	6662885	5293154	4691906.5	4811792	3403727.25	3790998.5	3713257.25	3604384.75	4066792	3677543.5
NRBP1	2271621.5	3111328.25	2386483.25	982998.5625	1028643.063	981220.3125	1264871.5	1705392.375	2094966.125	2004012.25	1896330.75	2284371.5
DNAJC8	5923082.5	5591337.5	4365990.5	5232609	6763220.5	5640467.5	3962127.5	2251689	3724385.5	3841500.5	3170907.75	3279444
SMARCC1	107016.9219	139620.4844	212307.1406	924561.1875	679663.375	268460.1875	134437.9688	112543.2031	578317.375		581332.4375	449498.9063
XPO4	984518.625	2598065	2334207.25	748972.875	372231.0938	655772.75	1641926.125	1091254.625	1224459.125	872593.0625	907343.5	734793.5625
ADAM9	11381012	10600561	10481475	18697594	3802505.25	18906250	2838262.25	9481223	10955224	21323782	14611673	13009968
PTGR2	4551541	6339490	7512970.5	2901091.75	1777729.75	1099950	1294640.625	6730822.5	4812197.5	2057848.5	1510724.5	3634427.25
MCM5	1887278.625	2672956	2886309.5	1676288.75	1919600.375	2374687.75	550716.125	1546898.75	646802.8125	1525323.25	1026941.625	1733952.625
SMARCE1	781564.5625	1314622.25	1415470.125	1028606.875	817240.5	1070738.125	616730	357907.375	586665.1875	538771.4375	630736.25	874480.5625
RPL35A	29198284	29066378	28858148	12062830	10918938	10731716	9846139	10941921	15790179	13069058	15956743	12335939
TENM4	89481.78906	95630.74219	87290.14844	156133.1563	136843.7188	153653.9375	64409.70703	71673.92969	64456.05859	72218.61719	88004.01563	72341.85156
POR	828872.5625	1196777.875	1366060.5	1219197.125	1554892.25	1135718.375	854068.5	2312477.25	2551583.75	464240.6563		434625.6563
CHRDL1	5532791.5	5200766	5040398.5	8304270.5	8271816.5	7547700	8924600	9893464	9475748	14520034	17914142	14033041
KPNA3	1251660.75	1440962.375	1396080.625	1383858.625	1225503.125	804351.75	675323.875	851525.5625	766505	597513.1875	712235.375	668284.3125
COL4A5	1962819.5	1355430.75	1175485.125	1777288.25	2120687	2423705.25	1201052.625	438736.75	564284.9375	1259149.125	1131069.625	1485673.375
PRSS23	13382153	13655784	9277684	7559502.5	8565160	5706528.5	1541030.5	1672772.125	1299712	7242386	5114433	4758557
ACAA2	2182779.5	2626728.25	2766962.25	2321659	2180378.5	2502164.75	807443.375	1349104.375	1364669.75	941567	1658206.5	834333.375
PPWD1	1911056.125	1911469.25	1804157.75	720763.25	642132.5625	820225.75	275576.5938	789183.3125	785032.1875	801889.5625	1040182.563	994893.6875
NECTIN4	2357035	2516877.25	3010270.75	1913246.875	1503588	1277841.125	2620676.5	3673584.5	5300047	6051835	4311253	3710414.75
GSDME	1560849.5	1622523.5	1806496.125	212817.4375	516263.0938	228603.2969	376844.2188	756350.4375	859936.125	409248.0938	416618.4688	911847.6875
RALB	1874146.875	2291988	1458718.625	1174206.5	2377389.75	2339072.25	4363598	3927450.75	3852449.25	1869642.5	2619440.25	880200.5625
PPP1CA	3304559.25	4265038.5	4822890.5	4438825	4455281.5	3422659.75	2049317.875	1935290.625	2450931.25	1742903	2107080	2088934.25
PLXNB1	11296521	10307569	9995082	6776570.5	7650148	6646680	6870779	7446094	7431850.5	11766119	11310677	8912211
CAPN2	2865854.75	5401549.5	4219078.5	3427555	3542720.75	3090448.75	2836766	2751426.5	2609542	3588292.25	3008956.75	3152134.5
DNAJB6	4829223	6147817.5	5406748	1485822.75	2439064.5	3023902.75	1446820.375	952488	493167.25	3167863	2863228.5	3424758.75
PSMD12	2933683.5	2856592.25	2325195.5	4268543	3746011.75	2206982.5	908400.6875	1602958	1329856.5	1797910.5	1505463.875	1987886.125
CLINT1	1954851.25	1587162	1366375	303812.25	246520.3906	328964.25	230242.1875		161348.125	360815.75	1580915.625	246969.25
MRE11	3360754.5	3480745	3250570.75	1784491.5	2587495	2680081.75	3868511.5	3020917.5	2928604.5	6765437.5	6343273.5	5897053
PFDN2	3232513.25	3266573.75	2386573.25	5336699.5	5135599	3699510.75	3177589	2707260.75	3242520.5	3089092.25	2499561.75	3057888.5
NUP188	966195.75	1036101.375	1016860.125	138803.4063	16996.8457	163572.0938	160245.0781	292200.3438	360550.8125	279121.0313	435635.375	338717.7188
SLC9A3R2	2589011.75	2470930.75	2179557.25	2055246.625	2494286.25	1400545.75	1398309.5	1251697.75	1600677.625	1032035.5	1547723.875	1637772.625
FLII	1535103.125	2045117.125	1724555.125	223966.5781	256205.9844	524875.5625	744497.75	1415269.75	1453477.625	1182215.875	713125.875	831891.9375
DCPS	2122011.75	2222244.75	2509894.75	3538857	3485271.5	2170413	1986443.375	1834363.5	1863243.25	1606801.625	1799911.625	2030618.5
WDR43	1874164.625	2325311.25	2472274.75	2189094.25	2268434.25	1873835.875	2621492.25	2955645.75	2864667.5	1536434.5	1618768.625	1516612.75
FGFR3	1996859.375	1776371.625	1284226.125	2822283.5	2085911.5	2634609.75	884850.875	1570850.5	601337	2360790.5	2392979	1955510.75
EML3	2131683.75	2401062	2273419	252033.1719	886798.5	957333	491630.1875	774514.375	810668.8125	614172.625	894790.0625	682424.25
DSG1	918117.25	1306169	885322.375	3419577.75	2191890.5	2197384.25	1509823.875	600817.9375	587972.1875	905389.5	759506.9375	1510095.5
ADK	1947590.125	1643205.5	2173704	1786597.875	1421660.625	1308517.625	1524986.25	1930815.25	1903011.375	1204867.625	1221563.5	1024848.875
ARPC5	9876738	13546159	11594081	13508323	12888254	10631390	7477342	7017841.5	8473489	6987862	7834324	7983515.5
GYG1	33192954	32961738	33656828	12174158	14078768	17989638	13290737	18483114	19191116	12777707	12375056	13216852
KLRG2	8564945	9022605	6225881.5	2743473.5	2622464.5	1977273.375	3762802.25	2663879.5	3514919.5	8357777.5	8800984	7610094
DDAH2	1806671.25	2234069.25	2561428	3463245.25	3473173	2574460	1821066.25	1664027.875	2429009.25	1506866.625	2038706.5	2321440
PCBD1	4599026.5	6903194	5918885.5	11077911	9494010	10362059	4845289	4403158	6118817	3917936.25	3225302.5	3528715
DNAAF10	3980320.75	3638871	3609775.5	1281233	1380543.125	1223848	2117324.5	3229201	3679589.25	2848320.75	2950125.75	2316588
RRAS	2344286.25	3184142.5	2475073	856538.8125	1256017.625	1085050.5	2172085	2491324.25	2833685	1181667.625	2111470.25	1197087.375
PWP2	2313382	3040462.5	2878406.75	549384.9375	524268.375	521572.7813	929293.5625	1181428.625	1153111.75	941462	1175447	1066562.125
ATF6	1065071.875	786179.375	687686.75	1864159.625	1500010.5	1917978.5	9828901	9851902	7647364	1173453.875	1720734.25	1425022.625
PPP4R3B	105524.5938	221890.3281	143550.7344	121310.1563	65776.11719	87652.89063	134089.0469	172663.4375	141316.875	180834.4219	167290.8906	215170.2969
POMK	1691418.875	2352909.75	2309939	1897874	2291466	1862708	1138857.375	934856.0625	1133582.625	1895471.375	1626407.25	2108659.75
JMJD6	2636920.75	3779349.25	4268204.5	2348881	3337336.25	4904354	1448804.625	1659579.375	1496010.875	2486755.25	3857653.5	3169804
HECTD4	1387342.75	1342994.625	1333509.625	39224.46094	53295.96484	202934.7656	88828.30469	86134.05469	108652.8125	401273.875	494315.875	484566.5938
PSMB2	14716846	15146506	15609988	21962460	20680724	19757820	11223076	7778759	10268415	9651704	10257447	13886819
ALDH9A1	7840013	8932019	7894094.5	9895457	9775213	7695397	4899336	3296259.5	3740303.75	3798092.75	3788913	4607371.5
CD200	13505482	12492857	11117831	4712873.5	6590655	4939611.5	14661753	15323863	14061914	12730135	13777580	11569955
CTSA	11359214	12934802	9733032	11600076	12139045	9498214	8680825	7032190	7970718.5	12335976	10773507	8800827
ARHGDIB	814960.375	642866.5625	792710.9375	716439.125	824112.875	754020.9375	1382833.625	2214156	2476335	1014337.688	1061018.375	1372459.625
NCKIPSD	2271530.75	2513825.75	2615007.75	1117658.25	987158.125	1068726.625	1416925.875	1767850.75	1608086.875	1351134.5	1449038.75	1511815.5
CHST3	2543597.25	2586466	2559264.25	6372389	6148152.5	6248318.5	5137277	4488576	3416151.75	7108326.5	7496788	6815590.5
CTSS	4324748	4626786	3732065	185793.3906	79371.125	116404.5703	392331.375	351708.1563	512461.375	1507687.25	1213363.5	1116526.875
YTHDF3	3862592.5	4397523.5	3864600.25	4143886.5	4432411	5229573.5	4137397.75	4593973.5	6075064.5	2738253	3216623.75	3978986.25
RPL9	3664939.5	5297934.5	4601156.5	857312.625	1136029.5	889068.125	1408087.5	1434577.375	2545226.75	1767242.125	2637512.75	1475695.75
COPS3	3086205	4582584.5	4100716	3629513.5	3907406.25	4128064.75	4573434	5915456.5	3952818.25	5629568.5	4735177	5369896.5
S100A9	7721936.5	6725417.5	5929693	13795272	12662569	9681753	8924563	8372357	8542837	5073489.5	4959869	6402610
RPL18	20336866	29787556	22190486	9538846	9023157	8343251.5	6420144.5	9503937	10688893	8581928	8081325.5	8030453.5
CDC42	740308.1875	681377.5	740091.625	867023.875	767643.75	990028.75	715796.0625	763199.25	950191.9375	669768.3125	849811.375	851803.5
SCG3	370435.7813	279162.125	255930.2969	4014862.5	4034159.25	3954803.75	290618.5625	273316.0938	521503.9063	1718899.875	1305429	2340898.75
PTPA	6784194	9108015	8515854	6941530.5	6161820	5826544	4772713.5	5191006.5	5717328	5010942	4372377.5	5493352.5
ACAT2	3486120.75	2954840.5	4076810.5	2898484.75	2823777.75	2591813	1232184.625	1168010.75	1940287.625	1890274.375	1954939.125	2623030.5
RAB3GAP2	738313.1875	918056.8125	713989.125	134250.9531	186543.7969	135609.4844	104303.1328	112520.8125	148350.4063	298431.7188	299072.9688	182181.6563
ANK2	12884745	9086717	6331482	15606138	20075320	19662376	14528915	14498697	15221878	20954866	17014616	14784676
SORBS2	1794889	2369620.75	2117078.75	153160.7656	144795.6094	416363.5313					54329.28906	74220.64063
IGFBP5	31256444	26655800	25177004	23928076	22786864	20503408	17936598	11831278	13192230	15461873	20164638	18653548
GINM1	5177008	4819188	3946966.5	5069699.5	4735977	5416613.5	2972359	3042861.75	2872864.75	5623916.5	4027993	4474695
NDFIP1	760667	367857.1563	534371.3125		387929.4688	387378.125		163532.875		654535	686968.4375	306619.875
TGS1	6322131	6086323	5253570	4831596	6163070	5213238	2578434.5	2946269.5	2583265	5672075.5	5870982.5	4426481
EIF2B4	1095238.625	1458433.625	1516441.25	540620.25	344612.5938	633681.875	118248.9688	314243.25	285545.7813	595293.25	1116264.75	904645.875
IGF2BP3	1841289.875	2496953.25	1999433	500597.6563	742897.125	398938.5	396297.4063	396820.25	861015.4375	432395.1563	349359	489403.5625
RAD23A	1931954.125	2724204.25	2462803.75	2938675.75	3243137	3045256.75	1665433.875	1214234.875	1707179.375	1849306.375	2001514.875	1335050.75
ZNF609	726231.4375	823184.25	679101.75	998924.5625	880770.9375	1031142.063	346782.125	328602.7188	489248.3125	590581.3125	319928.3438	345311.4375
ADGRL3	757402	359393.5625	596635.75	2984902	2683791.75	3016949	2030121.625	1813234.625	1470982.5	1100868.625	1099757.75	848475
CYRIA		254047.1563	236705.7344	175751.6563	170468.1563		1161711.125	2195396.75	1457217.375	142975.6406	362279.125	288268.1875
PFN2	5865137	5763508	5602807.5	4892506	4763662	4566613	4199281.5	5441414	6697876	9290686	6540879	7020128.5
UBE2V1	7075408.5	5154500	5408517.5	10055401	8895945	9626460	4902799	3700560.25	4799884	3169550	3732443	3182763.5
ECH1	5245787.5	4770109.5	5892147.5	5880980	2832417	5227564	1694946.5	1624308.125	1616423.125	2149002.25	1760746.25	2411167
AKT1	6907620	6754031.5	5257105.5	2545792	3011465.75	2495956	13294381	13136601	15839556	2986901.5	4077019.25	2002072
FRY	81498792	63945764	85220552	59455964	70607584	66263780	58611612	89591864	101160072	78512024	85152832	136263520
POFUT1	9838893	14503053	10891133	3294861.5	3357878	4080266.75	3746196.25	3676866.5	4630999.5	7767402	7126034	6895489
CWC22	1036668.188	1242562.625	1393372.25	219044.0625	380066.75	429094.125	365171.0313	445793.3125	609650.375	464299.9375	695920.1875	491218.75
HNRNPH3	2772277.25	3295019.75	3634527.75	1718307.125	1462813.375	1367264.625	1467976.875	1624518.5	2013024.125	1355021	1729628.125	757831.8125
SERPINB8	1867777.375	1381596.375	1858142.125		1282339.125	1241721.625		2300128.25	1909213.25	1717959.75	1255879.625	1225959.375
KHDRBS1	4516073.5	5820137	6176241	7248133.5	6733001	5162684	5099670.5	5517940.5	4721713.5	4112086	3463357.75	2967660.5
PPP4C	1100062.5	1866817.5	2423082.25	2068226.375	1779538	1637832	1699315.875	1396674.625	1704202.625	1449715.25	1379023	1618276.125
TACC3	1681123.75	1992207.875	1691856.375	1434772.625	1534209.25	1115255.875	588601.6875	328351.5938	419233.1875	606711.375	761570.3125	684133.4375
SNRPB	25606328	24137280	24544918	39775768	36720308	33391086	20889400	16835544	18464212	16306585	15564296	16686860
NXPE3	190534.1094	328836.1875	382122.6875	2096759.875	2007491.125	1880835.125	86571.83594	153700.0313	156116.4531	2105627.5	1997191	1894453.625
CTSO	4737086	4282062	5043732	4504271.5	3668578.5	3040857.25	6738015	7187383.5	2270539.75	5779644.5	4152783.75	5162590
TLL1	8107167	5322538.5	5204753	14229222	12626920	11240429	9098257	7144373	6009330	17810808	16600236	20054654
LIF	7216698.5	9188751	8120548	9072916	7965697.5	6136329	45906308	27005110	35732728	8723389	5231940.5	7644136.5
DDX17	1476318.375	2025748.5	1518410.125	641087.1875	830337.875	401760.9375	809542.625	244200.9531	284256.9063	539029.0625	296307.5313	267105.9375
FOXRED2	887828.125	918771.1875	322034.9375	854504.125	1025445.938	1036942.75	1287609.5	1703814	1557673.875	1123834.75	1141484.75	1091613.5
NQO1	6483407	6917760	7567071	3481673.25	3443958.75	3039462	3549324	4752509.5	4370758	4334055	4476135	4844643
QSER1	1132833.875	1146065.75	1066621.875	1113206.875	1138052.375	1425171.625	646507.375	377816.5	533213.375	729014.625	845544.4375	825474.375
IPO8	23681884	17802698	22466148	13713808	14550054	13232795	16140332	19009984	19598654	8428135	9415146	10389533
DCAF8	3850910.5	4446362.5	4357439.5	1101411.5	1170158.875	2144074.25	1019320.188	1172264.375	1369215.125	1894143.25	2191892.5	2735681.75
LRATD2	2022366.375	2567213	2290935	1343031.875	1279627.25	862664.4375	962278.25	1305135.375	1029075.5	451085.0625	328746.3438	41566.99609
BCAP31	3627141.75	4541798	4399742.5	5007886.5	4639239	5507631	5814907	4416728.5	6279758.5	8879257	12918076	7048880.5
NF1	509377.1875	1665451.75	1679367.625	77734.53125	75213.35938	236565.375	595595.375	1011763.375	1097076.375	954805.5625	1879830.875	806999.625
USP8	5234988.5	4768128	3133813.5	2429881.25	2632580.25	2676963	2970475.25	111803.4609	2561500	345313.1563	1917508.25	2019177.875
H1-3	336136736	265867024	289679520	186017056	140300080	211303312	164216768	187925808	210636432	147096864	130359416	158959648
MYO6	982836	1347753.25	960652.5625	709802.625	839680.3125	786105.25	598210.625	524976.8125	560388.375	478367.5313	750672	697052.4375
ATP6AP2	2596208.25	2727332	2342646.5	3181384.5	3436994	3496021.25	1919393.5	1493147.125	1394500	2583234.5	2901697.25	1999903.375
NIF3L1	974997.875	1707832.75	1047769.25	2878624.25	2910470.25	3010828.5	1636713.125	1506523.75	1579550.25	1032949.5	1765315.875	911157.5625
ZDHHC5	283312.4688	359865.4688	266737.5625	113655.8203	115973.5547	187202.2031	152893.7344	176853.1563	155518.1094	157014.4219	165263.6719	125204.0234
SDF2	3748284.5	6382062.5	9348372	5589845	6753846.5	5619489.5	8890208	9907198	6408151.5	6909017.5	7733837	5942664.5
PRSS2	22634614	22911574	23009628	70750000	78247736	65714388	19080834	23213946	16714200	98497072	82956272	65098188
CPSF3	2169189.5	3010504.75	3994743.25	753700.5	1506817.125	1370837.5	1447091.5	1245871.625	311069.0625	859644.125	1373537.875	1508934.5
CXADR	1944874.25	1928524.5	1681902.25	2124772.25	3175294.75	1182313.25	1392240.75	1348622.375	1533609.25	1028271.375	1836397.25	633820.3125
ALYREF	3267400.25	3777920	4214643.5	6020507.5	6021425.5	4777794.5	4001764.5	3070737.5	4018225.75	1943756.375	3421735	3057473.5
RPUSD2	1576365.5	1968645.625	1641649	821535	1522455.125	1442640.75	417105.0313	412153.4375	421442.4063	1153642.25	1302258.375	1205173.875
SDC2	59215956	34840988	40621880	130285128	109648024	125615704	86263544	58450544	75979216	114696704	90095840	137690816
MGAT2	3169162	4134849	4010742.25	3648320	3354368.75	2527910.5	1691200.875	1678741.25	1333650.5	3802512.5	3065484.75	3598675.25
PPFIA1	820955.25	810315.125	265586.5938	2211393.25	2586146.75	1954103	637999.5625	108844.4063	136435.2031	193154.375	177280.0156	178813.4531
SHTN1	1772921.375	1470137.25	1164249.25	1471571.25	1657642.75	1312876.125	361233.9063	311918.125	259825.4844	786727.25	952772.5	1023703.188
MATN2	2284662.5	2016913.5	2806772.5	5845764	5221985	5554703	3034608	3230680.25	2476758.75	7347871	8530993	7084418
ZYX	2994169.5	3039518.75	3265526.5	3229389.25	3780598.25	3157221	1550742.75	1273933.625	892271.5625	1630676.875	1192172.75	1797286.375
RTN4R	3127789	2621266.25	2308577.25	5337721.5	5420725	3741533.5	3206477.5	1758380.75	1719451	3239488	2660628.25	3603675.5
STXBP2	215376.2813	729064.8125	939235.375	890409.8125	856820.0625	790166.9375	565590.5625	881143.9375	769497.6875	254408.5625	509765.5938	670788.3125
UBP1	2612906.75	2781687.5	2651948.5	345542.8438	518115.4375	479432.8125	302113.125	669210.6875	1595480.125	752774.875	910088.375	830650.4375
ABCC1	2027441.125	2820338.5	970530.6875	648600.6875	832560.875	1066147.25	906954.4375	1171563.875	1307613.75	679972.5625	923138.25	305241.25
RPL24	8702829	11927122	10459883	5273407	5722478.5	5993227.5	2781821.75	2670319.75	3127391.25	3420237	4154842.5	4482094
RTN3	46922956	57536368	56676356	29109002	25595976	29134202	37859852	36179540	38220192	29202098	39251892	29935146
CHAF1B	1024775.188	2140544.5	1679913.375	126417.2109	157732.0938	392612.3438	87400.61719	159219.0625	148028.8281	378743.3125	487535.9375	911469.75
NEDD4L	1412873.125	1510199.75	1167814.375	1568023.625	2491558.5	1915398.625	1222976.125	1689909.75	1174245.625	1548325.5	1618015.25	1721398.5
STAMBP	2610992	3014070.75	1908123.875	2026808.375	1853239	1651509	2279540.5	1769130.625	1147968.125	2341785.25	2477153.75	2332340.75
GOLGA3	698436.5625	337494.625	93735.4375	1298473.375	1490783.625	1102792.75	453300.625	173656.7813	242784.9844	118804.5547	459743.375	407651.1875
VTCN1	4528375.5	5205643	5262003.5	4009360.75	2192100.5	3528310.25	13943224	16412891	14484936	7505432.5	8466087	6921741.5
DTD1	13190651	14331996	13125270	4363372	5455127.5	7820659.5	8903349	7616744.5	11660875	6726725	6666911	5467330.5
PCM1	2968093.25	3804014	2768599	3971732	10357706	12730244	3041369.75	2531632.5	3206460.75	4468603.5	4668249.5	4971235.5
ASMTL	2022484.75	2360228.25	1302520.625		526934.4375	294652.0938	365013.2188	603475.25	1280208.375		244749.7031	
MYL6	5330691.5	5585355	7180035.5	4209337.5	4637242	3600714	3827181.75	4060557.25	4734287.5	4562859.5	3134697.25	3587841.75
NLE1	6899349	5560496.5	6117054	3753416.25	4095218.75	4889573.5	6613771.5	6792632	7036933	5374813.5	4721858	4590947.5
PPP1R7		1068483.5	1150661.375	2451012.75	3264636	1287859.125	1821932.5	575665.25	1518487.75	1209792.625	1216939.5	1296935.375
PRKACA	6643090	7212922.5	7150907.5	4174715.75	3582810	4259309	3875417.25	5468628	5519541.5	4470072	1840683.375	3512284.5
CD47	182459072	195925664	145953872	151612816	185183200	155984832	192636896	160579584	176287472	229161280	309695392	219744416
GLT8D1	3723199	3803066.25	3874798.5	1102345.75	1247517.125	1268021.875	1580826.5	1371593	1466270.5	2661785	2865519.5	2727606.75
TRPS1	881734.6875	1539755.75	1775708.5	302806.8125	291269.6563	369591.3125	201347.7969	215015.3281	237815.375	292909.1875	345157.2188	349454.5625
TBC1D9B	3651665.75	4707255.5	3822305.75	2699931.5	3275304.25	2224882	1522775	2131326.75	2156744.25	2948119.5	2897972.25	2926783
CTR9	1715053.5	4389821	1183127.875	1843507.125	2178411	1918094.625	1681152.875	1023991.313	1323221.625	2174668.75	1423829	1617447.75
CADM4	9020159	7111217	7939568	17814670	15303481	16515910	9437868	11398825	13037966	15720914	10493908	10082177
ERVMER34-1	8906106	8559110	8945309	16002866	17161216	13935440	8295269	7663029.5	5725859.5	6745229	5356829.5	4391169
GTF3C4	1684786	2487272.25	2039596.375	1022821.188	815493.4375	938275.125	1001158.125	1275633.125	1053460.25	811036.1875	705718.25	924098.5
ACAP2	980713.75	563993.1875		584877.6875	550530.6875	434178.9688	523858.125	502445.125	742002.5625	246698.2656	288924.6875	
SRSF10	15772863	15539777	14422147	7053086.5	6786698.5	13280378	4703767.5	2085729.375	5790747.5	6563055.5	11312101	4777127
NEMF	856288.5	1308957	1156740.875	303391.6875	483397.3125	404848.9688	168528.25		146826.8125	460014.1875	401546.25	417598.1875
C18orf25	2914358	4557196.5	4497180	5232304.5	5420848.5	6431689	3050551.75	3755959.25	3224061.25	2178993.25	3260582.25	2163583.5
PUM3	2305476	2033431.625	1578306.25	606555.3125	524558.6875	1506072.75	683478.0625	904036.6875	1090677.125	588561.9375	656405.75	703512.5625
SRSF3	12077634	16090748	19826376	4871745.5	2193717.5	9415560	2860726	2389879.5	3402947.25	3925228.75	4711160	5771595
RPAP1	330467.9375	1055450.375	1179043.125	303656.2813	73478.89844	508588	666808.1875	864936.3125	817993.9375	327388.0938	588107.1875	680022.3125
GLOD4	6807463.5	8272902.5	5304710	12439699	10069869	6793791.5	14829428	7020291	8994799	2802793.25	2982405.5	2840532.75
KLK5	21085470	25558640	26330906	34802448	35143524	35008912	46691652	55789840	45198924	86519896	81262568	72910112
NT5DC1	2762822.5	3503351	3516682.25	3133274	3201419	2942683.25	2276832	2965085.75	3665801.5	3063532	2861352.5	2777511.75
TPBG	2526434.25	2807673.25	2281516.75	1567272.375	1755820	1843655.125	2678206.75	2651332.25	2705973.5	2113296	2575947.25	2519604.75
KDM3B	6038788	6681968	5831259	3093507.5	3938792.75	2902896.75	2800962	3336620.25	3353278.75	3705753.75	3030952.75	3326125.5
RPAP3	1792573.625	1936545.625	2229119.75	1850118.625	1458538.125	1451547.75	441111.75	152539.2656	715700.375	1124055.75	946440.625	935672.25
ELP1	2748065.75	2983056.25	2924862	959156	1333781.25	1436181	766505.5625	1098101.875	1144479.125	1460029.75	1758671	1740356.5
PZP	4042477	4094100.75	16210588	1405367.125	1479397.5	1135061.25	2789100.5	7785649	1937135.25	6830323.5	7454251	10089205
DENND4C	615128.1875	710034.0625	639426.5625	46188.82031	47432.32031	54172.39844	21381.68359	184499.3125	109726.1016	337305.8438	476221.2188	523677.4688
MFAP1	4208964	6000996	5715917	7018883	4137254.75	6597017	2938302	1888747.875	2915948.5	1487556.75	2747792.75	2612851.25
RELN	40149.06641	39472.96875		825398.6875	1066230.25	1043700.438			6723.865723	83608.65625	83937.25781	230645.9844
PAK1IP1	12520228	11285247	11932245	6942652	6345992.5	8539118	10102836	10226278	10830339	6927378.5	8281888.5	6740334.5
NUDT21	3204343.25	3712713.25	3453810.75	4091436	3797837.5	3385893.5	2238610	2011571	2023326.125	1889130	1997702.625	2154924.75
HEATR1	2508628	2990536.5	2822727	264190.6875	218975.3125	618878.9375	1011715.313	1252950.25	1429891.125	972036.4375	1130097.875	1032809.688
FBXO2	8573062	11756285	10681127	2677877	2928703	2990944	2822097.25	4341972.5	4157150.5	2553353.25	2668329.25	3047316.5
SRSF11	4655256	5410726.5	5459449.5	1305063.125	1032433.688	2577495.25	667333.25	421036.4688	391253.3438	1566893.25	1845558.375	2473356
OGA	1841466.125	2881740.75	2420343.5	1429441.5	1699797.375	1630294.5	676085.9375	662714	950250.1875	1917185.375	2062751.625	1471639.25
ERBB3	6608557	6144439.5	7102580	6510893.5	6122522.5	6034022.5	7937538	7250578.5	7444419	7431170	7727741	7331882.5
CDKN2AIP	3595809.25	4155148	3666742	924186.875	577049.3125	722989.9375	817868.875	1038364.25	1398574	623075.4375	1114795.125	560728.5
ADD1	2890774.75	4228952.5	4013268.5	1343760	2320893.75	1972802.875	770166.4375	722386.6875	1350964.625	1795827	1874002.125	1866013.375
NPTXR	1537350.5	1998453	1290739.125	3569670.5	3702204	2640953.25	961178.0625	873750.9375	1127225.625	3105738.25	2686766.25	2704754
NUP37	3492856.5	3440941.25	4499066.5	1201325.375	1633923.75	1955821.75	1238797.875	2737212	2399768.25	2455279.5	2684371.75	2448245.25
MAK16	3457482	4916111.5	5963293	2845110.75	2447811	3505562	2860889.25	829229.3125	1763723.375	3173837.75	3495674	2901061
PANK4	1345461.375	2070801.125	2085244.625	369197.5625	329411.8125	396048.9688	190005.7969	339454.1875	421541.9688	506704.6563	328899.6563	623386.3125
CTBP2	20659924	14589475	13284808	8723172	10832017	9158474	9750974	11312960	11029353	13986874	16222542	18927916
FEN1	2889053.5	2751703.5	3772473	2336384	3600483.25	3128320.5	3380445.75	2778853.25	3256837.75	1229383.5	1213098.25	1747459.25
CDON	2108078.5	1721305.75	1920155.25	5084767.5	4327353.5	4906235	3722065.25	2497014.25	2672690.75	2906517	2672096.5	3313214.75
FBLN2	8553497	7817446	6418294.5	6334564.5	6147005	5937848.5	7249689	6880140.5	6595152.5	5384324	5097902.5	5117905
RNPS1	8301880	11954919	14769553	11214416	7257364.5	15534244	8903765	7163446	8662058	6696397.5	9776260	6152834
TNPO2	363497	969972	2183058.5	536293.4375	881658.25	164964.8281	1122949.375	942184	1271699.375	318070.8438	1056998.25	1577895.75
PCID2	2454645.25	3306142	2844916.5	1496164.875	1543652.625	1773081	3300968.25	4163255	3815722	1610179.625	1489816.875	1635425.75
C1QTNF3	8821857	6103572.5	6736198.5	67698952	48979200	55660396	43143908	20116084	21660026	16202050	14572099	17109842
TATDN1	4142017	4213638.5	3801949.75	6451198	8749917	6689536.5	4601630.5	3107566	3265810	2756214.75	2963883	3119381.5
FAH	5086777	5040001	5204294.5	7002503	7511198	6092931	3592047.25	3821045.5	4321279.5	3352669.25	3397766.5	3631361.25
GGT1	1803456.375	2101038.25	1811491.625	1624300.875	2816350.25	2248972.25	1317070.875	1357709	773332.875	5623340	5177801	4426338.5
INTS13	2517435	3770803	3746119.25	505874.3438	271704.375	1106138.5	641623.0625	513365.7813	1170212	2076349.875	1109006.875	1764512.375
COPS5	6212831	6142999	6268965.5	5389553.5	4793962	4609789.5	2991610	2634359.75	3155190.25	2956642.25	2993711	4768339
GPRC5A	18592372	23468056	21286772	8823075	10693425	9668759	73735320	93144568	84345240	6546688.5	17380800	7115598.5
GNPDA2	2291771.25	2460741	2618876.5	2586702.5	2805220.25	2320751	1848540.375	1518941.75	553434.3125	1655748.125	1583175.5	2323817
UBE2N	4783918.5	4940340.5	4633376.5	5367464	5187437	5045019.5	2229889.5	1788525	3225526	3092951.75	3332457.75	3315750.75
GBP2	2314325.5	2127223.5	1331249.625	1996099.125	2916157	1667983.75	1807816.625	1500041.125	1908277	2297424.5	1421031.75	1223493
RPS15A	25434910	36910028	32922580	22845216	23900820	20416894	34664224	43854992	40470280	23724860	22409800	24490276
CNN2	2739842.75	3199877.25	3830961	2058860	2324378	310544.6563	237973.3594	1217611.75	1402406.375	1863197.125	1491178.25	1462881
MMP9	80712.38281			310174.25	150056.9688	305196.4375	110955.0625	60744.9375	845844.3125	928527.125	1769291.125	1093060.5
LSM8	6997013	6942751.5	8529193	2565668.75	3539106.5	2779262.25	5128279	5874250	7694368.5	4810523	4728717.5	4145596.75
LOXL1	3160742	2826650.75	2361332	2663558.25	2756501	2908216				2815431.5	2284422.75	1980965.625
CCT6B	458137.3438	329568.6875	338817.9063	321599.2188	332506.7813	262525.0625	350965.75	298782.3438	335514.9063	297477.4688	350895.125	312216.0313
METAP2	2428252.75	3123280.75	2764631.5	3748583	3387576.75	3812574.25	1901204.25	1347105.75	1887097.875	1556515.125	1219729.125	1695832.125
ATL3	2976117	4359906	4242171	1048825.125	1322835.5	1451612.5	1773557.625	3204019	2569105.5	1666401.125	2623836.5	2046125.5
CAB39	687321.3125	910664.375	566619.3125	987598.0625	818615.1875	920011.625	755307.9375	776289.875	957654.375	575517.125	546811.625	398840.2813
PFDN6	3283372.25	3395908	3295168	6766719.5	7436424	5296158.5	3776458.5	4676828	4875416.5	3378848	3311879.5	4696834.5
SRPK1	9002988	9671081	8997118	5986460	8345773.5	7063883.5	6428529.5	6013571.5	6994652.5	7589934.5	7048969.5	8430706
TSPAN15	5621105	6504841	4663253.5	4317268	4637624.5	5099216	9094492	8731409	7835239.5	5948804	6635778.5	4576282.5
PPM1B	2180951.75	2919267.75	2660829.75	1661145.75	1893591.375	1872611.375	1663048.75	1961333.625	2406927.5	2303491.25	2156063.75	2235454.25
TTYH2	4212275	3820288.5	4074720	3018392.5	3783420.75	3980265	3940064.75	3144188	2775869.75	3071983	3313088.75	3192650
MERTK	8109055.5	5947699	6122693	4646518.5	3685751.5	4242055.5	13808074	10342054	11321299	7679924	7590287	8563749
RPLP2	15132790	19405028	14407306	28753588	25568384	20146682	13828098	9560331	12790401	15228118	12992020	20343786
M6PR	10266859	12881074	10123968	4650155	4793942.5	5483078.5	8278543.5	9284777	10261822	10109920	13743430	9400379
ITGB5	1740374.5	2330549.25	1876589.125	998928.25	1469458.5	1334617	2244897.75	2324422.25	2953693	1796328.25	1831619.25	1768808.25
PSME3	3300120	4555892.5	4654735	6378534	7330050.5	6712957	4575764	3408331.25	3709660.25	5245415.5	5163894	4989652
SNRPB2	2021748.375	1818101.125	1691009.75	2875373	2533524.75	1652979.25	672113.625	1907309.25	1900567.25	1367643.875	1728032.75	1743316.5
FAM234A	2868435.25	3009635.5	2806328.5	2699439.75	2617319.5	2438002.25	2175215.75	1628908.875	2459505	3054149.5	3294431.25	3264976.25
FNTA	559456.0625	1545413.625	1186107.25	2906601.5	3439408.5	2112971	1255948.625	1252592.875	1564397.875	1490886	1289289	963352.625
CHST15	5556809	10418887	10194240	8401464	9818977	7759045	9270002	9488121	7158062	8774264	7881444	7947777
SLC20A2	5196082	4532100	2687216.25	1115979.875	917486	2098250	3866337	3100458.5	3370748	2676250.25	3642784	3185826.75
CLTA	6215972	6540435	5132443.5	12466067	11643061	9866741	6000094	4604983.5	5848710.5	5932966.5	6185426	6199357
SUSD5	10202128	9556177	6802664	14248575	11406725	13152528	9094924	7848053.5	8007324.5	10464884	8850660	8409024
LSG1	2813498.75	4517625.5	3981191	297058.2188	1326092.125	899217.3125	2081965.625	434430.5313	276903.8125	638203.3125	609463.8125	1431390.875
NHLRC2	3089329.75	3362420.5	5634372.5	2220068.75	8276306.5	2333793.5	1812664.125	5741922.5	1760739.625	8036952.5	9001876	3860158
RABGAP1L	2287863	2445299.5	2552994.25	1455422.5	1194589.625	1267130.5	1502145.625	880139	1607807.125	2130139.5	1897466.25	2612859.25
CAPNS1	2772577.25	3343541.25	3008276.75	5102846.5	4862870.5	3619281	2341107.5	2892766.25	2748437	555647.6875	785790	810713.3125
ABR	1699689.25	2358616.75	1749744	85091.04688	508361.2188	133779.3594	851471.3125	1142879.875	946264.625	866129.5	1063874	910278
GRWD1	4957152	3964567.75	6087708	1492689.875	2189528.25	2637789.25	1737551.375	2907813.75	1982032.5	1095201.875	5748913.5	6556766
TSKU	1139786.125	2971249.5	2440550.5	3088993.25	2257332.25	2208477.5	2262533.5	1906487.375	2018695.75	2339588	2183813	2249856.5
PARD6B	2171370.25	3344764.5	3066080.25	777624.3125	724539.0625	884799.6875	555661.5625	798331.0625	849101.75	593101.3125	844452.5	445521.4375
STRN	448974.0938	699467.6875	540156.75	547093.875	404711.0313	499901.875	273917.8125	230989.3125	313544	539314.3125	562309.1875	575590.0625
SETDB1	1272660.375	1237278	1307840.25	492588.9063	416347.8438	978794.875	116391.4141	90058.04688	140153.4688	245145.2813	436581.0313	437946.5313
ICOSLG	17272166	20454062	24156484	46645616	47799972	48270876	28165920	27585840	29066384	37923696	31868658	34161956
H2AZ2	2547841.5	2386952.5	1975816.875	3435356.5	2884656.75	2877688.25	1959424.875	1865776	1928917.625	945020.5625	1317618.625	1083003.625
NUP214	1967689	2149348.5	2557778.25	747015.5625	1479150.375	1534189.25	1581846.375	2356816.5	1966694.625	481046.9375	935040	264791.5625
CHRD	478968.5	624736.0625	615784	472109.2188	492991.5938	350407.3125	113855.1094	28220.48242	93394.52344	210794.3125	330359.4688	168696.8594
MANSC1	8637028	9625771	9660990	22952284	19420466	22251532	11285434	10101118	8978419	10829346	10053076	10233739
PAAF1	4946862	5492124.5	5530322	5649930	2168874	3068277.25	5249422.5	5188878	6463723	2845812.75	2865647	3496371.25
RPL13	6518182.5	6866594	6992968.5	5552740	5156455.5	3885465.75	2713103.25	2559713.5	3104920	2993609.75	3156508.25	3214338.75
THAP12	1402863.375	1840273.375	2141207.75	1198188.75	1025206.375	1291953.5	1898778	2398489	1895584.625	1961437.75	2255144.25	1987647.375
CASK	602288.1875	811981.8125	376942.9375	248172.9531	316966.6875	183414.8594	215241.5313	498319.6563	523208.9375	636855.1875	946138	388886.5938
AGA	1883132	896593.3125	765420.9375	6651277.5	6832630.5	2964648.75	4434799	2088868	2065788.875	5806565.5	5814960	6228539
AGO2	709129.5	823539.5625	893844.875	574745.4375	628631.0625	343044.6563	427969.9688	424611.5625	413787.0625	541227.6875	427480.1563	429800
CLDND1	4310897.5	3159111.75	3148792.25	1918973.625	2389944.25	2098515.5	4833172.5	3246260.5	3814870.5	2803138.25	3876488.5	2702059.75
CTNNBL1	2511625	2344757.75	2076827.375	421118.5625	1638085.75	267196.6563	2207381.5	1194569.625	2235866.5	1523265.125	1573267.625	1369836
CHMP4B	2856247.75	2690423	1446528.75	2972667.75	3411742.75	3121490.75	2136277.5	2050337.875	2349152.25	1476731.25	1151580.5	1320817.375
ASCC1	1886126.5	2105872.5	2088323.875	747884	770113.75	640537.75	788658.125	1255179.125	1178261.75	574295.9375	831702.6875	707677.4375
DNAJC21	1010424.375	1901687.625	1184708.25	1070189.75	928826.4375	1515555.5	442365.3125	43678.67188	491083.9688			
MYO1C	1720310.375	2855478.75	1788882.875	1178582.75	917724.625	485586.2188	1123247.25	1054813.75	1078670.875	525892.9375	922512.375	647891.4375
NAA15	2047518.5	1510260.375	2595549.25	2213082.25	2055167.125	1883305.875	1677043.875	1467096.375	1803613.25	883369.3125	599485.875	784701.125
HDAC7	1208127.625	1628565	1491234.375	967607.1875	1091093.5	1175253.75	549891.8125	483955.5625	701908.375	437585.1563	714019.75	753311.375
GNB4	11185541	12268451	11653742	7567262	8631693	6817743.5	16348654	16646014	17179186	11137851	16557987	11580298
PRTG	1513949.125	1599268.5	1436878.125	1031611.25	1580921.375	1299006.75	2400640.25	2196861.25	2997465.5	1714143	1345755.25	1109021.5
FHL2	3500141	3466368.5	3214819	2278351.5	2192677.5	2532413.5	2391997	1666953.625	2756090.75	2505091	3443784.25	2518998.25
STARD9	21848106	23738458	20727458	9521969	11341501	9849277	9558713	11266331	13693620	11833956	11022439	11210133
PDIA5	516050.3125	717142.625	891025.5	887122.9375	844774.6875	722202.5625	1268581.375	1482316	1274343.875	589245.9375	613564.875	541892.3125
H2AC1	2448115.75	1734677.75	1366837.875	1369568.875	1099524.375	1429228.25	1629304.375	1209268	1802316.375	1687745	1707867.5	1832494.5
TRNT1	1529301.5	1541510	1351313.75	1467553.25	1391377	1213603.5	1127969.5	1306287.25	1118194.875	1295417.5	1204030.125	1209470.125
EWSR1	3075327.75	4096886.5	3701663.5	6505701	5788793	6361606	3644093.5	3763598.5	4518168	2650439.5	2519601.75	2299607.5
VANGL1	747616.3125	1012987.188	754692.5	654831.4375	884598.875	815452.375	868808.375	914327.875	580466	699248.875	1399461	683039.4375
PRKAA1	2247798	4325167.5	3328191.25	1242004.75	1181669.25	1211698.375	757102.5	1433062	1276362.25	1226485.875	1804416.75	1167824.625
BCL2L13	389630.125	889743.875	606892.625	406613.5313	355145.8438	413961.1875	402217.0938	381224.5	459543.7813	103756.5	524783.5	83069.71094
CAPS	3732247.5	3566159.25	4069412	3183793.5	3377235.75	2430040	2921347.75	2012934.625	2548190.75	2011017.75	1032551	1229381.5
FLVCR1	2096401.25	3824130	3570926.25	3147112.75	4488446.5	2884316.5	4404427.5	2396097.25	2515350	2058593.75	2135912.25	1556631.75
PAK4	1018461.563	1436676.625	1804963.625	861295.875	1035184.438	760798.9375	541556.75	592849.875	817776.875	243712.4844	680014.375	221833.25
PTPN1	2432901	3198580.5	1429917.5	1721561.25	1683388.5	1980569.625	1546591.875	1967954.5	1710149.125	1197230.25	515929.125	1086409.75
NDNF	277274.4375	400079	169305.4531	1025775.75	897337.5	1030066	1426729.625	1504515.25	927646.1875	173729.5625	73747.67188	
ARF3	2139060.75	5144658	6127247.5	3977369	435365.7188	3400304.75	4993972.5	5293577.5	6325703	2472089	4734020.5	2705620.75
CDC5L	625233.4375	1198635.5	864743.4375	887399.3125	1010351.688	926792.625	314358.9688	220745.9375	360088.8125	611143.8125	438145.6875	539616.4375
RANBP1	11044227	10388852	9160816	16382238	14986265	12887706	9794421	7996659.5	7420923	9573196	9086042	11135518
SPARC	1243332.5	932422.125	641765.75	8661959	8575369	6290541	1165500.875	463733.3125	763592.375	3881995.25	3105755.75	3652523
TRIM56	1038679.313	1146514.75	1229601.5	663509.0625		414116.9375	11505.32617	5373.588379	17367.98633	2429987.5	2310571.25	2874700
COPS6	1483732.25	1420349.125	1259854.125	1414199.375	1295787.75	1197563.75	331798.75	235238.9375	399682.7188	704382.4375	786806.4375	814022.625
KIAA1217	1179119.625	1152124.25	1338648.25	698266.6875	1129430.25	273094.25	228795.7813	254248.6094	135777.5625	476257.8125	445444.5625	568231.9375
NCR3LG1	3872552	3876429.25	4079914.75	1294956.5	1442194	1484571.625	682244.125	1211627.5	747854.9375	2568917.75	1959823.25	2505480.25
NOL6	460688.1875	389520.7813	510879.125	329952.75	288545.9063	310645.5625	177755.0625	221000.4531	180915.0156	292051	329681.375	363589.2188
RPL14	9947445	13321747	10587858	3294789.25	4243637	3859179.25	3448362	4584709	4969630.5	3594443	5383513	3619071.75
SUOX	4113775	4186756.25	3540698.5	3430047.25	3790954.25	3600973.5	2226125.75	3111064	2414746.75	3685898.5	2952502	2364471.25
PPP2CB	2700384.5	2904937.5	3896003	1219738.625	2052596	2285880.25	1643061.125	2331847.25	2287043.75	2430335	1936432	2474090.5
PRPS2	2612218	3452163.75	3509293	3107709.25	2658551.75	4129636	2638463.5	3773246.5	4054879	2112549.5	2183580.5	2202165.25
UBE2Z	2099067.5	2857991	1999089	2140310	2222550.5	2253399.5	1521897.25	1778076.875	1549530.25	1041659.563	775183.125	675621.5
BTF3L4	6033952.5	7840466	5889198	4413068.5	3772194.25	3853067.5	2988659.25	2581726.25	4033880	4197127.5	3029627.75	3618987.75
EDA	97393.04688	106854.1406	145692.3125	2455248	2452194	1891091.375	160723.7031	82635.08594	100534.4844	23780832	21896028	21143990
AHCYL1	1145940.25	1027557.75	1777004.75		290719.5938	251801.8438	192531.125	336604.5938	426302.0313	883285.8125	733818.0625	990181.625
SWAP70	35116872	30308092	29176120	18442140	23386564	22630550	17239604	18013436	19714232	17142560	15616735	19610860
PPP3CA	6972665	6733644	6332749	6950095	5993536	4796426.5	6294828.5	5239825.5	7000866	2690727.5	2662117.5	2835797.75
GTF2E1	2162793.25	3007346.25	3187412.5	4252239	4020223.75	4358470.5	842311.875	259966.5938	352659.5313	2820160	2759000.25	2847715.25
AFF4	1213697.625	1294894	2018337.625	1485854.5	1243038.125	2333776	524641.9375	334606.1563	349652.9375	922775.0625	931405.6875	984439.3125
BAG5	613792.4375	475444	687805.9375	808296.3125	626609.8125	1081530.625	1138749	427806	375481.4688	426294	413723.0938	900166.875
RRAS2	594635.75	645419.4375	381723.6875				642521.375	559775.5		311714.5938		
PNISR	3133027	4123978	4305578.5	3432278.5	3540930.25	5173584	2677942.5	2006293.125	2742497.25	1754768.375	2789491.75	1772536.25
ALPL	384287.1563	606028	580829.5625	1322917.125	1440949.375	1411753.125	83137.02344			116506.2891	118518.0234	143191.75
RANBP6	379262.0313	678812.8125	625396.25	458415.1875	245948.4844	490746.75	776443.8125	911768.5625	1110549	852669.625	1027222.938	796621.0625
SRFBP1	498405.2813	1418131.125	1133598	2951318	3677525.5	2148458	295323.125	238082.9375	1382017.75	916208.125	1196344.125	1696713.25
TAOK1	1098513.5	1294075.625	923460.6875	318979.5938	437607.5313	596601.0625	438533.0313	143369.9531	197198.25	554257.0625	551884.625	545807.375
HERC2	155916.1563	328410.125	370841.4688	43038.82031	54392.69141	87933.5	108953.0781	220424.4063	164901.5313	302986.0625	286457.9063	299066.3125
GPHN	3295572.5	4485190.5	3045809.25	2090309.25	2769937.25	2106603.5	1427585.25	2004378.5	1730952.5	2943975	3172170	2142375.75
CDK5	2163632.5	3483284	2085441.75	2576017.75	2471046.25	2013989	2116814.75	1486706.625	1726860.125	1393988.625	1451129.375	1715173.125
HECTD1	277176.125	593799.1875	237954.2031	133099.625	104243.3828	126761.7891	14971.89063	17051.60156	138100.9375	164747.1563	200307.0469	150502.2813
ENPP4	2907864	2682304.25	2456058.5	1953942.75	1804551.5	1456418	857927.3125	1101170.75	1099014.375	2988919.75	2357457.25	3426321.75
ADAMTS7	1241668.25	2161212.75	1096015.625	3710394	3899329.5	5633432.5	2281278	2732873	1841267.625	2065185.875	2653897.5	1404558.25
ESPL1	7127335	6777852.5	5319827	3911442.75	4197664	5145131	5631003	2662318.75	2829575	4048489.75	4272809	4377920.5
IGSF1	1482718.875	1053863.625	1740045	1901041.5	694780.0625	845922.6875	3153444.75	3251808	3104576.75	2893667	2745060.25	3101330.75
NELFE	2575970.5	2124800.5	1087693.875									
CLP1	1953020.75	1791542.25	1325883.25	2462565.25	2750032.5	2660267.25	1423222.875	862408.125	1034772.125	1071106	1370216.25	1185351.75
LUZP1	1246867.75	388254.875	1014649.5	1753971.125	1447377.125	1642596.5	233093.0781		164565.4375	194244.3125	42489.53906	280495.2813
AGO1	569672.8125	750866	816632.1875	229705.0781	427220.5625	235061.4063	277904.5625	249368.3594	519858.4063	234811.6875	761696	303543.5938
SETD3	997270.125	1359341	1112059.75	913136.625	1024785.875	616513.5625	625364.5625	872271.1875	902420.75	784636.75	774631.9375	771901.25
LLGL1	3005198.25	4241067	4410522.5	484920.8125	1195444	1167845.5	1157560	1392283	1447281.25	2626719.25	3305312	2493130.75
CREG1	16909218	22434828	19865058	21067554	21030420	19118668	15815044	7801737	13490325	32928378	31211850	26762134
VAT1	1354563.75	1282447.875	1374469.5	993334.9375	1170370.75	766460.8125	415298.4375	424697.5313	849606.5625	662191.6875	303855.7813	665320.375
C1QL1	2867688	4633365.5	4539146.5	1922488.5	1862969.25	2024538.875	779707.625	823618.125	909221.5	4255172.5	3457961.75	2955609.25
RPL35	26055902	30921896	22591408	14269147	17314390	13491990	12883041	13139130	11196636	14613982	13737003	12743784
KANK1	866825	933762.8125	1141021.5	69182.0625		122555.9297	303155.6563	369442.9375	450279.9063	276155.9375	354346.2188	254180.3906
TRRAP	278656.3125	375762.0313	389875.5	34528.74609	89933.86719	95898.58594	114641.7891	130917.1641	146842.2656	124803.6563	205070.8438	229238.7031
NSUN2	1952725.625	2604345.75	2113741.75	1138203.375	1168397.125	1230912.875	864560.5625	1057052.625	1134932.5	1536308	1612740.75	1087818.375
NUDT14	1995115	1015915.25	1339170	1184042.25	1143826.375	655281.25	880876.9375	945927.6875	1061111.875	1162330.25	744258.375	1280977.25
EXOSC9	4064423.75	4711186	4339624	2588342.25	3251848	3315561	1372993.25	1366270.5	1293263.75	2079709.375	2463539.5	2417948.75
RNF2	611631.4375	799392.125	705220.875	487549.9688	543695.1875	584840.5625	299625.3125	260462.6094	317700.4063	362314.9688	479541.0625	471171.3125
UBR2	366992.0313	503971.875	573275.75	138478.3281	130848.4063	178013.2656	152703.8906	184613.5	203350.7188	235764.1875	230828.9219	318310.6875
TMED8	2078400.625	6181263	3959582.5	1675024.625	1806946.5	2152579.75	1578201.5	1305834.375	1922577.75	1021258.25	784413.0625	1798014.25
ACSS1	1120918.75	1008640.25	1066493.75	496969.625	548954	325342.0625	1648117.375	1546723.625	1623727.375	582217.5625	155540.2031	409529.5313
ECI1	1483503.5	1735509.5	2996111	3159307.75	6068245	2897417.75	1391474	859104.3125	3281788.75	961641.625	776286.25	731819.75
PSMD4	3155237.75	3592065	3077637	3405146.75	2689586	2563892.25	1270287.375	560160.1875	1288968.75	1866125.875	1638970.125	1539390
TMEM33	5719480.5	6674285.5	7762862	3498223.5	3208955.5	3442235.75	3657148.25	5437439.5	4866361	4899550.5	6166688	3901626.75
CEP170	1349568.375	1182180.75	1423927.25	1852575.5	1231303.375	1517208.25	123951.8828		28953.42773	457103.75	450020.0313	895354.25
RPS13	4032369.5	3965569.5	3460935.25	2434839	2649291	2293965.5	2265398.25	1875700.25	2462088.5	2683101	2097113.125	2241065.5
ADARB1	381542.5625	398085.0625	605256.5625	261189.0469	295726.125	108698.4609	378517.4688	429023.375	244261.6875	283983.9375	363747.625	283412.1563
TRIM29	3686636.75	4519201	4161346	2833160.25	2728446.5	1262094	3295925.25	4040528.75	4845055.5	1812699.25	1603412.375	1864616.375
ESYT1	692991.5625	1675647.625	1376120.5	391888.75	703270.75	558158.5625	263066.9688	331672.625	320969.125	413480.9688	686557.25	765686.625
ARF4	17234630	16293866	16648387	11095291	13450736	5222436	22175304	26898970	20324294	12293704	15034182	13700528
FJX1	4184225.5	5395562	5015311	3516994.5	3870757.25	3550889	2502323.25	2543656.25	2295585	3188773	3303544.75	3134426
GOLM2	5550476	6208695.5	4998407.5	4362597	4655308	4711573	4900549.5	3966185.25	4482342.5	4643856	4292542.5	4519854
CLDN3	6806458.5	5944342	5569166.5	9181366	8997662	7991344	22830468	22218568	19702138	17251642	19662274	15278215
GPNMB	38361036	36553956	31194892	20227888	18219554	23260260	13221436	9814104	10379087	17191880	14900603	17117888
CUL3	398290.4688	581654.4375	491904.2813	223436.0469	239239.9063	185238.9375	195046.2813	226969.9219	303047.0313	315518.25	362179.0938	313638.25
BAG2	893040.5	805706.875	910590.6875	636956.125	1323880.625	532472.375	422504.1875	253421.1563	286744.7188	519499.4063	572310.3125	656033.5625
SSC5D		142998.8281		247148.1563	150440.6563	140382.4531	1335822.125	877224.8125	666346.625	369285.5938	453329.875	419118.2188
IL6			282267.875	563462.9375	543895.6875	386228.8125	941087.875	1148317.875	1220812.75	221963.0313	217767.5	253865.2188
PLPBP	2170883.75	2128239.75	2363028	3409165	3398217.5	2744367	2395834	2624545.25	2408338.25	967327	1264843.625	1346156.375
RPTOR	11038897	10096765	11287027	9324502	9450228	9991639	14826478	16541488	13791677	11180839	13112678	11475316
ZNF326	2720926.25	3841125.75	3883407.75	1909903.125	2119446.25	2382276	2004618.5	1051442.875	1660971.375	1440692.25	2403923.75	1879262.375
TMPRSS15	709129.5	589798.3125	533587.375	4564655	4266091	4131755.25	684812.25	604751.4375	506467.6875	1546921.25	931492.25	2541677.75
ST8SIA4	394263.9688	206313.4219	244036.9844	951412.25	958242.125	1098647.5	81962.47656	317764.6875	172226.375	149897.4375	137308.3281	149204.7656
CHMP1B	4701471	4260161	2994190.25	7494734.5	6663439.5	5485021	4948441.5	4701059	3323777	4101801.75	4145269	4777854
DBR1	4755284.5	5675312	5464939	1621697.25	2198688.75	2260765.5	1521807.625	1160833.5	1953436.875	2703224.25	3916706	2962489
ALDH7A1	4668267	4374208	4474031.5	3889286.75	4985954.5	3567108.5	6288882	5524034	4400154	5635052	5478722.5	4509195
SH2D4A	5022951	5008637	3864218.5	13106076	12736903	11858103	839417.4375	566471.1875	762614.8125	5838944	5825504.5	5638841
ATP2B2	499884.4375	400587.6875	308745.4063	415624.25	653739.5	519065.4375	493077.8125	373934.6563	310861.6563	579419.25	774965.75	382484.0938
RFX1	1470227.375	1592561.5	1863539.125	1559114.375	385031.6563	1028058.125	406642.9375	1157501	1395583.125	1120662.25	1655612.625	1198731.125
NMD3	4934884	4748903.5	5672281.5	3584165	3299705.5	4149766.5	3000071	2635485	2700756.25	3158498	3063180	3255174
ANK3	466326.6563	533725.625	560813.875	144033.5313	129994.6875	189575.0156	144683.375	141125.9375	98443.60156	328635.9375	391037.1563	376217.1563
GRHPR	3029868.75	2922278.5	2733757.25	2516417	2360425.25	2560138.5	2511541.75	2037377.5	2589968.75	1895283.25	1910876.25	2489043.75
ATP6V1E1	1880285.75	1189485	1264399.875	2087336.125	2188915.5	1428220.375	1137651.625	1134663.625	1229315.5	1028970.125	1587232.125	1930723.125
EHMT2	3439771.25	3696743.25	3351710.25	4221855	4473042	4970721	1409185.875	1175020		1263632.125	2640520	2175412
PLCD3	569901.875	1434264	611553.375	295431.5938	703232.5	233920.2031	427283.375	908937.6875	956919.875	209691.2969	921601	289500.9375
LRG1	255499.2031	126777.5781	125329.2734	2556039.5	2600316.75	1594841.375	215831.7188	348704.6875	456514.4688	100512.9063	89363.85938	673829.75
CAPN5	1802262.5	2467249	1828321.875	365686.5938	1731508.375	972041.5625	2492229.5	2882410	3134980.5	2072749	2054615.25	1625394
GLUL	6798322.5	6638774	6884125	4641057.5	6971554	4086626.5	3915340.5	2751061.25	3659934.75	3864568	4885668	4107737
SLAIN2	494168.625	1275385.625	426847.4063	1100228.625	298032	1461948.5					232282.3281	
SCARB1	1410315.125	1561115.875	1635151.625	1287877.75	2072657.625	1531866.5	2189089.5	1909642.75	1833911.625	1573758.5	1757140.875	1710415.25
COL1A1	4632122	6008998.5	5804186	2691234.75	2401370.25	2557630.25	748965.9375	1577873.25	489840.125	2831599.25	3847063.5	4769289
PAFAH1B2	2193828	2460953.75	2386274	1817330.75	1764293.5	1790403.25	1294040.625	1132104.25	1599492.75	1377129.75	1269132.875	1696478.25
WASF2	1622853.125	2489266.5	1843143	1922400.625	2534936.25	1671632.25	955899.25	178053.0469	1380126.5	432453.0938	1406140.75	1754073.25
HBS1L	361451.25	286685	292532.2188		5558.979004	7830.263672	12771.4082	16908.27539	169240.8125	76510.47656	90286.26563	102914.4609
SUCO	365889.125	295651.4375	297006.0625	3172706.25	2344099.5	2979036.5	279155.8125	560493.9375	646014.375	1738411.75	1757161.5	1424130.5
NPTN	4330214	5236107.5	3744946.5	2965828.25	2791074.75	3082653.5	2935083.25	2667306.5	2686293.75	3322086.25	4695914	3664476
ENPP5	4094265.5	3319401	3119795.5	2703266.25	2343111.25	2477740.75	1018306.625	1146036.25	1188857.75	2860994.25	2580645.5	2937812.25
DYNC1LI2	2911230.25	4343147	3631272.25	3254448.75	2974730	3073547.5	2119754.25	2490108.25	2411290	2039820.625	1941197	1819399.5
IL27RA	993881.75	699948.5	473877.1875	935951.4375	827125.0625	840751.1875	1459304.875	1301717.5	1330072.125	1353248.75	1054435	946341.875
CD58	16080919	15025459	9745232	14986559	14104046	9665736	16287405	13940557	15805057	14328112	10470310	12255426
PTPRU	1234475.375	1139617.875	933584	666224.25	879631.0625	678338.75	570395.625	509959.9688	565756.375	747412.8125	326990.2813	738033.5625
MOV10	978527.875	1163011.375	898896.25	585417.125	558968.4375	316319.0625	276627.9375	225220.9844	565815.25	111658.3672		417834.125
AQR	165682.7969	701976.375	725501.9375	355387.0313	124110.1953	90016.09375	266002.4688	152374.1406	205069.1563	201940.8125	208688.0313	201958.8594
MYEF2	578262.0625	900963.5	499291	149955.8906	710975.4375	449824.125	149459.7344	103383.5234	223406.375	176356.4219	180248.875	188748.0781
COPE	1790652.5	1800503.5	1679881.25	4697328	6339831.5	4584601.5	2390464	1032651.75	1242880.25	1128259.5	1529353.5	2627764.75
ATP1B3	4072606	72494568	79704472	33567704	5235982.5	5645595.5	77922968	69886184	2884879.25	2976187.25	3393593	2628327.75
KIAA1522	4840771.5	4986754	4440858	3616208	4054371.25	3971262.5	2049082.5	2784106.5	4158857.5	3439309.75	3586068	3547101.75
CHST11	156085.1094	1144445.875	1524661.875	2028942.25	1748925.5	1339566.125	3755402.5	3318782	3505472.25	1170682.375	1735837	2170076.25
PACSIN3	1547223.75	2479334.25	2175476.5	1981302	2547192	1456384	1441008.75	1498447.5	1249612	695580.1875	901646.8125	616752.75
DRG1	1418451.5	1943384.375	1698037.375	1170771.125	1184902.75	906371.1875	320228.6563	752308.8125	538875.8125	485280.5938	532523	732787.9375
B3GALNT1	1420804.75	2204537.5	1871113	1221364.25	1064556.75	1660278	1142185.125	1366389.5	1548371.375	1293463	761846.125	1166581.125
RRM1	2134907	2495432.5	2512048.5	1426318.5	1326528.375	1194158.25	172423.2344	763628.25	311302.8438	842422.875	441639.3125	1613284.75
FBLN5	4812914	5829635.5	4801536.5	2427148.75	2934226.75	2354579.25	768408.125	485297.4688	942547.75	1121993.5	1519838.625	1378048
AFAP1	1809082.375	2086443.625	2550077.5	177561.8281	174325.6406	779149.25	122675.8438	109660.8359	144171.9688	135399.9688	402307.9375	181401.6563
MAP2K1	20298604	19532252	44066212	30487876	27139584	22271084	21261800	43707564	13457936	61002800	78376448	80012080
LARP7	2819432.5	3164978.5	3696388.25	851817.625	976934.5625	1647707	753652.3125	539309	758303.8125	522055	1179385	814526.0625
NBEAL1	389566.7813	517588.5625	467597.8125	56920.66797	105834.875	118418.5234	157877.5781	209483.5469	193627.6875	205888.9688	345553.0313	209465.0938
PCDHAC2	446352.125	325241.7188	64093.42188			5114.386719	831988.125	615901.9375	610620.1875	473003.125	549040.4375	440224.9688
RNH1	855596.6875	2115565.75	2901284.75	1780232.25	2456839.5	1990858.75	1124770.125	912661.5	1041678.75	1044523.688	601183.8125	1801309.25
IK	1672778.5	2079572.5	1791256.25	1085800.25	616314.0625	1024451.313	536764.375	483115.2188	253595.5469	1359264	1221145	528206.3125
PPME1	2460897	2238543.75	2366670.25	1319748.625	1555508.5	1225558.875	1657181.125	2104311	986201.4375	1465584.5	980403.1875	1047204.25
SERINC3	578803.9375	591395.3125	791264	106839.8125	513768.5313	105024.0234	328854.0625	366962.2813	351646.7188	1222304.75	998085.625	1233672.25
WDR54	2242002.25	2543898.75	2813716	706902.4375	845806.6875	1092559.375	1503026	2374048	2431894.25	1301155.75	1244690.75	1253283.75
MYO10	187510.7969	272486	181791.6719	105358.2813	295958.875	246873.7031	203586.5313	213861.1875	264001.1563	193714.9688	407292.0313	178387.75
DNTTIP2	760802.9375	1038609.75	672834.6875	112722.5078	190062.4688	345558.7813				188602.3906	171209.5	229611.8281
AK1	2547477.25	2340478.5	2399882	1459512.75	1527746.25	1299833	1198495.125	1928701.125	2092508.875	1788519.75	1383832.125	1344593.125
NLGN1	1163462.125	920003.9375	785109.625	875519.1875	1167374.625	962557.125	248789.2031	274091.9063	271257.5313	727233.9375	930099.875	795512.6875
NF2	650205.8125	777618.6875	931707.25	389754.5625	582273.0625	466761.7813	331908.875	348806.7188	376956.625	492844.4688	495092.9688	476532.1875
CD276	3610003.25	5882286	1312391.5	77402.49219	105368.0703	84182.17969	810473.375	1154885	3067060.75	2761410.25	3314067.75	2613969.75
RAP1B	4647953	6827888	5693716	3536184	5555469.5	3725343.25	4014732.5	5495899.5	3939976.25	4977298.5	6610682	4971809.5
CIRBP	9792984	12445544	12375906	5841310.5	2302343	6333732.5	2965124	2228837.25	2875008.5	2004935.125	2619035.75	1612433.5
ARL6IP4	9386418	10828874	12592717	10749252	11030375	13094867	6275943.5	4794269	7019765.5	5850413	7324478	5345233
RPS11	17188162	16290210	13939500	9642439	7637761.5	5615709.5	6110905.5	5902912	7026182	5453895	6083997.5	6225677.5
ERBB4			285896.7813	2283301.75	2127020.75	2009945.125				257589.9219	229450.1406	301923.7813
SIPA1L3	638132.25	631538.375	561802.4375	209036.0781	208732.0938	129303.9922	273841.625	392857.5625	263673.1875	238193.6563	288642.6563	402154.4688
CAPG	2326541	2812982	1827947.625	2350364	1657415.375	2146494.5	2588517.5	2637114	3164999	3125769.5	2605285.5	2506707.25
FAM171A2	1602928.875	1944278.5	1687495.125	4519807	4208039	2872558.75	6332164	4084945.75	4937234.5	3037521	2799264.25	2699364.25
POLR1F	1002626.188	1202381.375	1083500.625	1115188.125	1059583.25	1005929.625	642137.4375	675731.75	749016.8125	692592.125	717903.25	595600
SBNO1	1481876.75	1637936.5	1028206	692508	883971.1875	1401239.5	171980.9688	175747.8125	169597.25	799904.75	748050.5625	569286.0625
TBCB	3296335.25	3111305	3539369	3238164.5	1632327.75	1582396.625	1046924.625	1815411.125	2415401	2009791.375	2017644.5	1695753.375
EIF2B1	3939474.5	2634199.25	3492995.75	2645111.5	2810173.25	2274831.75	2264488.25	1835348.5	2310832.75	3439568	3255807.5	3340786.75
CTHRC1	76460360	73054456	72393624	15177241	12784486	13464362	26482380	28097966	25284990	9428045	9862458	9192941
COPS7A	2237023.75	2696799.5	2887076.25	4287927	4437876	4095117.5	10621736	10451948	11662424	5206818.5	4197707.5	4151219.75
CD9	79211664	76760880	71847648	74553656	75182784	68719208	123438392	110220392	90833296	90184928	79193240	98230896
PCDH18	515270.9375	512581.75	567011.25	693153.9375	606725.5625	532533.125	93275.35938	105551.6641		257278.5313	198078.4219	258283.625
PBXIP1	1008522.5	2928383.75	1007774.5	299483.5	338234.6875	297207.1563	150312.2031	34371.77344	42781.66797	348144.8438	760984.9375	559696.4375
BAIAP2L1	1494716	1277367.375	1252719.625	859561.6875	1014975	659587.625	579555.25	644514.3125	792120.8125	240523.5938	616543.0625	1390184.625
CERT1	1907175.25	2676214.5	2587788.5	1577183.625	2924204.5	2498541.75	1035539.375	241221.4219	312283.875	1634886.875	1946068.5	1812927.875
SLC12A4	1825567.25	1568153.375	1104616.75	187326.5156	338934.125	410343.875	1056063.25	544115.5625	1075303	456684.2188	603017.5	474667
HMGN1	28518800	46774628	57890864	55390120	36011616	37862548	73419136	73509656	81340808	51971540	53480180	48466356
TMOD3	2032455.75	1610886.75	1026095.75	2377382	2327063.25	1753922.125	678314.5	698253.8125	486896.6563	1087230.125	837861.375	945460
PRRC2A	2476334.5	2217478.75	2020378.75	2500990	2225651	2364980.75	1735222.75	2297079.25	1894781.625	2453715.75	1679301.625	2944771
MPDZ	359675.8438	394622.5625	465307.125	267950.375	296483.9688	335586.1875	139902.9844	46666.75	144652.6406	178408.7656	243306.0625	143146.6719
GYS1	1695829.875	2931127	1655498	926386.375	1042241.875	1224595.625	719151.125	694512.5625	834087.4375	542459.3125	588484.875	404249.7813
HMGA1	34052784	31837734	26732508	18017018	14508541	17283008	27169222	27679298	40317776	13447110	13488109	16124458
CD70	1954088.75	1912278	1302719.5	31928.69336	34187.77734	39585.86328	2812805	4072799.5	2027385.625	4431530.5	4635527	4469594.5
SLC1A4	4994881	3899712.75	3131111.75	1948930.5	1154162	2379489.75	3810394.25	4005172.25	4108733.75	2231355	2982843	2487111.25
ENTPD6	1802990	2379104.75	2181133.5	3808173.25	4494935	3903562.5	2737407.25	3250738.5	2583835	3499343.5	4052058	3136758.25
RPRD1B	607106.5625	821589.9375	946233	995886.75	1344098.875	858758.0625	777977.4375	456280.8438	665472.5625	515068.0313	278449.125	436260.5313
PHF6	4061722	3761234.75	4956014.5	2514529.75	2179832	2597193	943135.125	1827259	1914373.375	2918402	3535725.5	3034381.25
MCM7	458952.5938	1222869.25	999582.1875	540263.75	569304.3125	647938.9375	146977.5938	204471.0156	335559.375	840804.625	1071293.625	538632.8125
ATG9A	1724142.375	2427841	1468768.875	409310.1563	818397.4375	1093960.375	249942.5625	713039.8125	980479.875	736918.5625	1543614.625	776694.25
MKLN1	1184806	1590321.25	1053843.75	542971.75	411810.9688	529680.5	468278.375	17866.01367	436639.75	423286.2813	605200.375	197047.7969
CHEK2	2815608.25	3028118.75	2854909.75	447764.5	784072.875	861367.8125	1055341.375	1255695.75	1245057.5	1589066.5	2024638.125	1675656.875
ME1	753917.5625	1047136.063	1341850	1677216.25	1464974.5	1129007.125	616673.6875	584249.25	732556.9375	803413.0625	849453.8125	640093.8125
EFEMP1	26001948	25461674	30753706	16204198	13135865	17414020	11601703	13655602	10788439	20408428	23848044	20683898
SRM	5046607.5	4646323.5	5699087.5	2213458.25	1824590.875	2293486.5	1826350.875	2970043.25	2555507.5	1971207.625	2084132.25	2500214
OSBPL9	3100105.5	3322681.25	2620325.25	214519.6094	519562.6875	422257.9375	349778.5625	316243.125	189752.8125	708208.3125	1086142.125	768801.625
NAXE	1581458.5	1214756.5	1132206.125	4098980.75	3286975.5	2848373.25	1264979	233679.7344	393319.0625	1298422	1095848.375	1538058.125
PALS1	1149225.625	1613853.25	1572661.125	93823.60156	283029.875	383627.1563	303544.2813	143728.3281	304479.3438	135863.25	167571.0156	348702.6563
DUT	685560.0625	222834.2344	309084.625	1642793.5	1634974	1540502.25	457821.3438	563866.9375	542956.5625	1640106.75	1833377.25	1846852.25
GLG1	1629814	2135277.75	1843837.625	2068737.75	1757342.125	2063017.625	1054804.25	875218.375	1131915.375	936498.75	804611.5625	1378342
STK3	1012473.813	1553066.875	1180727.5	580590.625	552622.8125	445035.1875		382039.2813	197656.2344	167216.25	435557.3125	209417.4063
NHLRC3	3467420.75	2802642.25	3391982.5	4334875.5	3357472.25	5507452	2527210.5	3126899	2780977	3549581.25	3063708.5	3151797.75
OBSL1	1032289.063	339438.4375	918993.625	133300.7031	156237.5781	129992.3594	219302.5156	748426	786030.875	833011.375	668900.375	697113.375
PPIG	4780076.5	4227801	4977775	676992.25	3262634.25	4732011	2997216	4967993	4373134	2045434.875	3698613	2298924.75
UAP1	1134716	1510015.75	1579160.625	526459.4375	688806.6875	611851.875	585607.0625	676276.5625	370833.8125	429359.7813	360805.6875	193064.5156
SNX1	1623199.375	2480395.5	2032439	727048.1875	860680.8125	987294.3125	527382.6875	601335.5	778169.375	874676.875	809809.5	714451.0625
RAB25	3631574	4145216	4628592	723829.9375	727158	129064.4219	1101778.875	118198.8672	665420	798118.5	1358785.875	894776.375
ADAMTS9	6484778.5	7855441.5	6765161	2200352	7521185	6390357	3978154.75	4426889	4205474	6151021.5	6959204	7231112.5
HSPBP1	1179012.375	1227189.5	1695398.625	1432631.625	1646659.5	1382295.375	1005307	1085394.625	1079307.125	428593.4063	688976	807405.4375
DFFA	1892117.5	2205252.25	2455941.5	2833747.75	3384235.75	2785933.25	1122298.375	911717.9375	1969634.625	1919196.75	1543473	1875282.75
RPL11	4484179.5	5387247	4898720.5	5024932	3793415	3797939.75	2555811.25	2655370.5	2963106.75	3222562.75	3141484.5	3602407.75
PGRMC1	1172411.25	1256632.875	1307813.375	5895935.5	4706270.5	5361960.5	2106938.25	1517975.875	1900842.25	2207035.5	2381678.25	2065364.25
PSMB9	4640933.5	4430612	4490188.5	612399.4375	1046550.688	1628510	1469092.375	1912062.125	2553556.75	1882487.25	1993844.875	2542326.5
GPRC5B	2369501.25	2014605.5	1487439.25	2453999	2537159.25	2938681.5	1000329.938	1305641.375	531144.6875	1737283.375	1963497.5	1641737.75
FOXK1	1159518.75	1056472.75	688470.125	465526.2813	390165.5938	349197.5	179254.4844	163955.8281	224521.3594	235043.0781	341018.3438	293984.8438
SLITRK2	208055.9063	265693.1875	289035.625	798182.1875	879656.3125	667271.25				834649.625	868231.6875	873220.875
RAD21	290187.5938	746801.125	402423.1875	858126.9375	1026355.375	899913.25	329884.4063	356443.3125	456341.875	331436.6875	682300.75	565991.1875
IMPA2	1552942.875	1886439.125	2328717.25	2378013.75	2007543.625	1544606.625	1878789	3432920.5	2514509.5	1050597.375	925982.75	1443196.25
SBDS	1338011.875	1022954.688	1266599	1072306	999383.375	708460.5	714983.0625	1071854.125	716386.125	720291.5625	454864.5625	406391.25
PGP	3239532.5	2407954	3965474.75	4323516	4263361	3340761.25	2916929	3580873	3906852.5	2113915.75	3282001.75	2952876.5
ITSN2	2188450	2363802.75	2356413.25	2943460.75	3107133.25	2922880.5	2840903.75	3033339.5	3366741.75	5650905.5	6835637	6054859
PRKAR2B	1011419.813	1318927.375	1049425.375	557062.875	579348	969828.375	36854.64453	83862.60938	192167.8906	139983.9219	118846.3203	340265.75
CR2	2490687	1991025.25	2067398.25	2346543.25	2541799	1808099.375	423440.6875	402552.5	275233.1875	550203.6875	539466.9375	
PDCD10	1763564.75	1079474.5	935041.125	1361989	1272559.375	1329070	1207271.25	1093442.75	933630.875	764362.625	694423.625	888416.0625
SF1	601585.6875	1044438.813	668207.1875	1159282.5	1322652	1116501.125	359485.1875	562216	1050772.5	610463.5	437456	551705.9375
EEF1B2	10179544	12289551	12935660	15916083	15094650	13305401	8299787	8652240	9585555	10135195	8913035	9472083
TSNAX	881553.5	1184026.375	1777712.375	6297075.5	5978111	5009871	2864228.75	2232417.25	3826900.5	2834320.5	2355634	2129560.25
SRP14	2872977.75	2714652.75	2814464.75	2794328.5	2188446.25	1679132.625	2517681.75	2017941.5	2753503	2718620.25	2243757.25	3104465.75
COLGALT1	3141076	4216284	4874641.5	3155951.5	3560397.75	2615024.5	1331499.75	1991573.375	2076697.75	2097402.5	1719285.25	1781381.625
EIF4E	3217693.5	3942986.25	3480186	3220133.75	3781930	3489108	2502580.5	2388472.5	3022995.5	2044675.875	1401196.5	2339916.75
ECPAS	2397020.25	2391307.25	3427674.25	3074920	2886898.25	2496645.75	395524.8438	590418.6875	375689.9688	1362469.125	1276295.625	1383942
TRIP11	176979.25	84841.91406	131560.0156	747195.6875	767585.875	692720.4375	252060.0469	53580.42188	165182.9688	188205.0469	190046.7656	165908.5625
C1QBP	9589938	12419955	11450788	7756266.5	9238929	8106493	7892304	7319953.5	7801894	6158829.5	6134186.5	5899763
VPS13C	299919.4688	336248.0625	309952.9375	101044.5703	90420.51563	114680.4688	176870.625	220005.0313	244338.8281	203510.9063	218536.1406	231053.5313
CEP76	692925.5	955462.375	616097.375	362562.0938	399771.0313	325716.1563	212779.4531	370855.9688	522856.8125	272981.1875	342469.8438	364762.1875
FARP1	751944.25	971781.4375	383183.9063	263546.8125	327481.5313	339806.0313	202194.0156	202324.2813	219052.5469	177671.2656	654352.875	219920.375
RPL17	4300126.5	4486094	3393054.75	3124447.75	3371930.5	2339775	2369663.5	2143991.25	2662936.75	1951095.625	1969781.25	2197496.75
AGTRAP	8208353.5	10440943	10532709	5905589	5719608.5	8950770	6145976.5	5923914.5	6062167	7768774	10241787	7699067
SKP1	2970475	1511892.25	3236487.75	5788066	6248767.5	5848983	2607727	3625516.75	2296246	1050817.25	2769513.75	1330627
TRMT6	971713.125	1430012.75	1195278.5	598455.375	849277.375	850151.0625	412801.125	409066.125	393247.3125	1315134.125	1399014.25	1329053.75
PSD3	490792.0938	595687.875	585700.4375	294907.5938	405846.375	349022.2813	332168.4063	306134.75	310057.1563	275304.6563	419363.6875	310265.4375
RPL22	92142088	106723064	99698600	19371090	23723084	27865532	29591486	32027130	34899816	25992400	40360944	32538232
GPALPP1	3237013.5	1473135.875	1374299.875	839298.0625	545712.125	1191356.875	668138.875	372401.5938	584462.875	1023917.438	531565.4375	807662.1875
TPT1	6937285.5	10288583	7996786	14465183	14679159	11863546	10149600	13513718	16434786	9604332	8184732	6496784
COL1A2	363392.3438	660977.6875	314788.625	3265600.5	2866900	2898912	257043.125	310636.1875	414790.4063	750294.8125	509413.4375	1247862
KREMEN1	1809101.375	2301550.5	2793275.25	3312178.75	3407585.25	3531658	1536040.75	2578212.75	1543915	2943160.5	2397292.75	2160878.75
EDF1	5496621	4592325.5	3087522.5	8403536	7187879.5	5853950.5	3721970	2311375	2588924.75	2868039	3152812.5	3241785.75
CRYZL1	2352798.25	2407579.75	2028569.25	1070570.75	1453396.5	1045225.875	1225779.125	1168656.125	1217515.125	1065441.875	1263685.875	1737159.625
BCAT1	5078846	5311389.5	4021962	2665315.25	2686801.75	2388202.5	874353.125	373220.0625	709337	780723.6875	529853.25	1027401.938
GOLGA5	1193840.25	1080477.75	969517	1229884.375	971148.125	1419044.75	406702.25	256047.6875	492343.0313	409834.5313	541635.5	493848.4375
ADAMTS14	2454489.5	2827312.75	2412849.25	959259.375	813153.3125	271238.9375	1716693.875	402380.6563	428388.6875	1198977.625	1369979.375	1485919.5
ATXN2L	934429.125	1130672.25	1268604.625	844146.8125	756891.625	553703.625	442690.0625	287576.8125	357349.1563	445006.75	371328.3125	452944.5313
YTHDC1	21148434	21461810	17904854	19073694	16960370	21477460	16716953	13822147	15192781	13566446	13081413	12849847
WBP4	3130679.5	3609907.25	3431445.75	3556905	3235310.25	5158654	2502069.25	1975831.25	2308507.25	2177952.75	2322079.25	2425136.25
RBM12B	2004063	1713746.625	2655443.25	647574.1875	96559.13281	687461.5	381467.875	112374.7734	66108.11719	189250.6875	345471.1563	219241.6719
BCCIP	6874076	9009374	8817091	4190347.5	5458013.5	4875862	5035200.5	5141591.5	6946523	5094351.5	4523371.5	5913062
INSR	1323641.875	1348437.875	1417084.5	679900.5625	808305.75	807011	609901.0625	630243.9375	694863.4375	525341.5625	593603.5	460272.4375
RBM39	3350908.75	3341093.25	2888765.75	835806.3125	816399.8125	1685385.75	1153379.5	925155	1387323.5	1764546.375	1855828.5	1924994
NIPSNAP3A	1983473.5	2336965.25	2545681.75	1824838.125	1644531.625	1622075.25	1202084.5	997827	1230877.75	964787.5	880330.75	1096287.625
KAZALD1	840960.3125	1209150.5	1121047.625			38698.49609		180168.9531	218105.8906	13632.9873	114531.9531	162191.6875
HS6ST2	1287814.75	1418334.75	1229872	2116122	2593795.25	2438322.5	2382096.5	2512468.75	1704618.5	1273482.875	1729494.875	2161992.25
TM9SF3	2810425.75	3514983.5	2802562.5	675796.25	805984.125	692121.5	1269171.75	1772839.5	1574272.625	1428958.625	1892434	1399321.125
CSNK1A1	2736821.75	3136710.25	2827578.75	6161724.5	9986981	7603308	168108.6094		505328.125	3769462.25	5881572.5	350278.4688
EPHB1	172764.9844	167329.125	155451.2188		19207.4043	14594.12598				147225.2813	256690.8281	200030.4375
CACNA2D1	2076394.5	1432916.875	3084816.5						163047.2969	372675.0938	916851.5625	844732.75
RAP2B	1685899.375	2750285.25	1891293.875	2063380.75	2081512.625	1377277.5	2837322.5	2940950.75	3030544.75	2109554.5	2350107	1150962.125
PRPF3	830650.625	1374509.125	1658618.5	39940.61328	42909.24219	42353.89453	31264.49219	1694019.5	1394622.625	18661.76563		570351.6875
RIC8A	460367.3438	584781.5625	728825.6875	418050		27437.24609	93747.09375	106006.6406	292733.4375	215144.875	76988.46875	275925.5938
ECT2	285756.2188	656650.75	558578.5625	90458.78125	91505.4375	68440.15625	17520.07813	15850.40918	25600.86523	89127.48438	89219.60938	99914.1875
NOC2L	4430430	4309430.5	4139573.5	203319.875		245327.4219	1404569.625	1159706.125	1315165.5	1243033.75	496807.375	877283.8125
PLSCR1	2906588	3635592	3976293.75	1722006	1767791.125	1960976.5	3298192	3633283	2994864.5	3229190.75	4621657.5	3045475
RPL26	6219108.5	7705630.5	6775686	2810003.25	3455469.25	3833778.75	2595596.25	2057614.25	2299987	2737163	3004386.5	2312205
PDCD4	790575.3125	1083636.125	1054553	832370.625	825213.0625	733084	279261.2188	245815.125	299773.6563	581452.625	1045207.563	858693.5625
RAE1	2981597.5	4029563.75	3738537.75	2904963	3057686	2386058	1869291.375	1123732.375	3223751	1582747	2206438.75	2493461.5
FLOT2	1068931.25	418705.4063	420724.25	180545.7188	261824.2344	174057.1875	286430.5313	303565.1875	320898.3125	385809.8125	382314.1875	389065.5313
PRMT3	1805814.625	1884620	1442145.25	243109.4375	675826.625	156513.0469	484664.5938	1143146	811158.0625	818026.375	851763.75	1125315.5
ACP3	303338.125	470024.3438	369742.3438	1236306.25	1549868.125	1357433	107212.0547	144912.8281	108807.4063	639714.5	611462	530129.25
ARHGAP12	124839.7344	461974.5313	697268.25	267114.5313	398033.375	82333.55469	311793.25	56735.67578	460328.0938	78365.96875	567545.625	528502.0625
NDST2	167672.0469	228988.9531	183005.4531	406426.0938	373432.2188	272783.9063	214546.0313	193295.9531	160251.1406	552124.8125	417700.1875	492463.1875
DHX16	288503.5625	336470.1875	362691.375	95756.54688	107692.9375	127723.9219	117721.2422	122409.6484	154795.1875	119772.4688	132785.2969	163320.7031
PPP1R9A	1197502.375	1719908.5	1671372.25	677742.75	825651.5	1014017.25	727778.4375	308319.375	875653.625	738157.4375	983806.5	812425.125
NAF1	1595330	1631012	1351781.625	2194640	1124509.5	2003704.875	714872.625	791657.5625	936890.6875	999905.375	1057099.5	1009924
SCAMP1	4778861.5	3889449.75	4338208.5	616349.75	743805.4375	579714.125	2031365.125	1322435.875	2299087.75	3098930.25	3295850	2095983.5
IFITM3	10481374	10074804	9743347	1523541.375	1703255.75	1766547.25	4301146.5	5124919	3811125.25	2604358.75	3593008	2618887
PPP1CB	972305.125	1136375.875	978099.1875	1759948.375	1182767.625	1222205.75		627567.8125	672201.25	907872.5625	623356.0625	676341.6875
TTC39B	1320752.875	1921661.125	1570146.75	347476.9063	376866.25	418989.375	851351.3125	1099913.375	909395	573401.625	538922.25	713001.875
STRIP1	978452.5625	1217076.5	1576627.625	211439.5469	259977.4531	353094.7813	393845.6875	491265.7188	478013.6875	941228.0625	717839.75	989390.125
SMPD1	4947101	6062881	5098609.5	5859012.5	6577417.5	5789515.5	6000130	4114057	4979020.5	4451146.5	5277710.5	3875723
RAP1A				214985.7344	287972.875		457873.6563	476419.75	183134.1563		361997.625	
RAB11FIP4	87398.36719	204899.0938	111878.1797	1128300.25	1156875.125	1618429.875	169820.9688	79579.29688	139352.8281	60462.39453	180728.4063	192612.7656
USP19	301622.5625	375689.1875	333508.5	266603.6875	304839.125	238756.4844	153819.8438	122775.6875	169044.4844	205574.3281	231914.3438	238069.2969
GSTT1	738208	747167.3125	662376.8125	518022.5938	597230.3125	742662	922596.125	647589.9375	716255.5625	307647.8125	363794.6875	708342
CORO1A	1836371.25	2069849.625	2655177.5	867080.3125	1072629.75	1024039.563	1639502.375	2771945.5	2994950.5	2304593.25	2335009.5	2437681.5
RABGGTA	1329534.625	1576447.625	1545271.5	1752401.625	1575627	1267238.75	1219537.75	1002141.188	1086582.875	1056101.25	1019954.25	1091803.875
DDB2	2230115.25	2682005.75	2032707.375	1840918.5	1650719	1872451.875	1450891.75	773795.4375	876078.0625	1621702.5	1416918.625	1732718.125
METRNL	5400079	5439741.5	5488401	6655267	7040274.5	6169782.5	4561626	4812067	4910283.5	10683670	10464191	7180680
TTC13	1439287.875	1395958	1013984.25	954664.1875	1328857.125	904148.4375	438610.1563	723894.6875	325745.8125	547598.875	604880.0625	856395.75
MED24	648992.0625	671674.0625	771733.8125	132897.7344	122837.625	187071.1719	230956.7344	233810.5938	290620.7813	207593.125	217555.0156	122828.6172
SNRPA1	4031978.5	4333198	5399899.5	5354635	4298348.5	3768499.75	3451744	2939688.75	2767861	1851789	1553892	3041549.25
SCP2	642200.125	1013494.875	936546.125	836023.6875	725530.625	841274.625	512790.4375	515108.5	590894.75	445890.4063	444619.8438	497346.3438
OGFOD1	929322.875	1240830.25	1216666.875	434607.7813	606155.3125	374014.0625	307183.7813	305534.7188	560837.125	521826.4063	161412.875	380930.5938
RALGAPB	1150443	1330721.75	1438159.125	20536.875	104544.4844	144060.7656	297564.875	391006	513559.4375	625992.4375	838532.0625	743724.125
VPS45	1127807.25	1600050.25	1010498.875	663845.8125	402855.5938	757265.25	420822.9063	442186.875	571632.5	688723.875	409087.75	457393.4688
ANTXR1	371511.9375	563393.375	566478.875	1622217.125	2648353.5	1806864	818931.1875	817711.875	1504454.5	1625282.375	1359510.125	1268779.625
OGFOD3	335797.4063	264817.625	279095.9688	1364922.25	1231293.25	743875.625	370059.1875	704337.9375	1302663.75	4158491.25	1401816.75	2394181
RPL23A	1959864.25	1901189.5	1653997.875	1683059.75	1820380.875	1070788.875	712358	612384.3125	605674.3125	688408.75	966276.5	759278.625
HNRNPM	3301259.75	4248481	4095026.5	2792901.25	2571688.75	2609418	2528525.75	2769816.5	3125028	2675281.75	3408574.75	283258.875
TBC1D23	6015386.5	5734477	5781503	2973146.75	1816746.25	1828552.75	4687784	5601473	5654268.5	3453889.25	3532998.25	4252570
ZFR	1656863.75	2194271.25	1242660.375	2171753.5	2316575.75	1688105.125	1023427.313	927168.375	912165	753761.0625	875215.125	1440145.375
PTPRB	391515.8125	425553.625	305798.3125	184998.1875	135126.1563	310913.375	148597.2656	86063.39844	199205.0938	153121.3594	127497.3672	150461.3438
NUP43	2238976.75	2614249.5	2526111.25	725608.9375	834940	672333.3125	438873.5938	1078394.125	1201502.875	707704.625	1292041.125	1260217
ST6GAL2	3809909	1394370.125	3083116.5	1473767	1200268.875	1709664.125	1190020.75	797594.9375	816419.9375	2100212.5	1648790.125	1564468.625
EIF6	12920466	12108277	15141112	9123705	8171638.5	8716563	6020531.5	9314136	10754761	11181693	9948268	10461931
KPNA1	928467.5625	1093240.375	1250025.75	960560	1139693.75	977782.6875	787284.9375	981073.625	1017533.875	164279.6875	235232.0938	196559.5625
CASP3	2528014.75	2990749.75	1961149.375	3534635	1333936.5	3445850.25	2769221.75	2247478.5	3044719	2030064.875	1904911.625	1894927
CES3	765854.4375	1284959.375	1733419.5	1782443.625	1792704	2036075.625	1742127.125	1713835.875	1315176.875	2974316.75	3199034.25	2573944.75
TM9SF4	14185513	13286454	13141601	34724364	34527764	31862952	10307977	9897105	7921760.5	17092098	17140622	19893848
SAAL1	2441458	3269467.5	4093575.75	3291724.75	1896065.125	1960320.875	2451348	2601166.25	2353631.25	3103160.25	2392825.75	3651628.25
RALGAPA1	577049.9375	712986.0625	1004232.563	74038.0625	341450.9063	139165.2344					224298.5625	
POLR1G	3948713.75	5259841	4887419.5	10571440	8312751.5	8853810	4045742.5	2084573.75	3135640	2712793.75	2364670	3482637
TP53I3	856071.875	1067007	983235.5625	975425.1875	1531822	855692.3125	1861215.375	1096917.5	2200697.25	1140515.5	1305637.125	1484372.375
SLC12A7	2311279.75	2650262	1352668.125	1669321.875	984575.3125	982474.875	2292948	2148974.25	2215864.25	1010115.688	2951586.25	1112578.625
S100A2	11653528	15484493	19085532	9267165	10963456	9993585	2143273.5	1589199.125	2217933.5	9258105	5609345	8157443.5
ARHGEF17	680613.5	879585.3125	791672	355637.75	366830.4063	428114.5625	112802.375	92297.89844	122681.2188	149804.6563	152715.9375	296299.6563
NAGPA	1608513.375	1449687.5	1465687.125	2502580.25	2281513.75	2481061.5	1739988.625	1754944.125	1474123.25	1419463.75	1289320	1215290.5
NAGA	7686526	7182446	7644343.5	13532065	14045447	11864672	7850601	6504310	7077930	10449843	8955809	9613876
PARD3	531165	668370.6875	666594	715980.25	613337.1875	812230.9375	841150.75	580474.875	670538.3125	431830.9688	469219.8438	584033.9375
PRMT6	574050.9375	658414.25	655811.8125	648723.5625	645073.625	682732.375	183305.5	196931.4375	176037.1719	266032.6875	260936.5469	483796.9063
MORC2	6198158	6221386.5	5048157	2639879.25	2141810.5	2832251.25	5260798.5	2786122	4115638.25	2582481.75	2932431.75	2361708.75
GET3	1652056.25	1944553.125	2370065.75	916810.75	1067267.5	868971.375	759655.125	880636.25	932577.1875	755534.9375	614903.6875	680107.375
SLC2A9	420014.6563	564365.625	576632.75	389962.4063	309301	303512.3125	1114408.5	1300655.5	1011662.188	625953.375	1251344.375	588674.5625
CNPY3	855251.75	961492.125	900831.25	1369577.875	1554697.5	979162	2603913	1289682.75	1783857	937258.1875	957066.75	1587419.25
MTA1	1010520.563	1424573.25	434898.9063	803370.9375	325581.6875	523742.2188	209555.9531	175684.5313	607168.25	1327789.5	912952.5	1120650.25
RHEB	3401633.75	4022552	4784602.5	747662.9375	815295.5	1063554.625	1998360.25	2522878.5	2536894	1409811.875	1973617.375	1250835.375
ARL6IP5	12997941	11805955	11715334	6754563.5	6183393	6571377.5	7315707	7529039	6712305.5	7988496.5	9070022	7106091.5
TCEAL4	698425.875	1186843.875	1200738.5	1826236.625	1441800.125	2512777.75	778834.9375	758825.9375	537425.875	840749.875	606473.6875	1256267.5
MME	487506.9375	499661.75	478902.5	88396.57031	114433.3672	105609.2344	330871.4688	353443.0938	402309.125	212548.9219	233558.7656	202547.75
CRLF3	2471685.75	2100421.25	2967817.5	1084228.625	1450297.625	2523579.5	2436052.25	2749838.75	2860746	1742995.75	1501333.75	1265397.625
RPS17	2685113	1844837.375	3276696.25	3206645	3210766.75	2412029.5	2291617	1116264.75	2566915.5	1379119.875	1868102.375	1574287.625
FABP5	4322443	4495989	3524478	3530482	4380757.5	3276419.25	3317792	1912634.125	2197169.5	2293148.75	2463916.25	2923154.25
P3H1	980289.8125	946753.8125	656513.9375	1725974.875	1552740.5	1532445.125	1013700.938	795957.625	330564.8125	1116347	1135240.75	1168885.125
NCAM2	6127645	4380144	6491045.5	13312818	11698961	7218420	5973144.5	8530806	3537447.25	12579337	14827004	14952535
CUSTOS	820308.125	2113844.25	2815089.25	1132259.875	717800.875	1085634.25		127683.6563	159811.7656	459362.5313	449679.25	619389.375
LANCL1	1567133.75	1772545.875	2582237.5	2084910.25	838273.8125	1579782.5	1051360.875	807225.125	1281102.25	1672424	1261178.75	1642366.75
THOC3	2026184.25	2533401.5	2203720	960020.0625	1267672.75	1237700.625	1064359.25	1517812.375	2281984.75	1870439.5	1690150.875	1781512.25
SLC15A2	277706.4063	140302	111998.0313	174535.5469	451944.5938	161314.1406	164204.7969	190964.7969	127632.4922	941360	1141660	884048.875
OLFM3				4534883	4545491.5	4474839.5				60052.32813		
REEP5	13032500	14462561	14613406	10866586	6294476.5	11643021	2738206.25	2601746	11250903	14630920	20274182	18493798
PRSS22	2061028.75	1869071.5	1391097.375	2301981.75	2496962.5	2146911	2925411	3032823.5	2912723.75	1685102.25	1845783.75	1231347.25
SETD2	1171082.875	1082255.875	860201.25	1811681.25	1837706.875	1736851.125	435860.375		392742.2188	336427.75	707436.6875	236798.8125
UBLCP1	2952756.5	5452614.5	2702699.5	3439348	4309454	4713820	2133129.5	3464779	1432143.375	3778887.5	6543797	3531052.75
ABHD10	2357869.25	2990973	2479483	2214609.75	2055583.125	1828248.5	1883186.25	2215395.75	2064080.125	1294799.875	1355003	1242917.125
RAB35	1648782.5	1342552.625	1438494.875	473898.8438	752305.8125	659969.9375	1140746.75	1149129.5	1239257.125	935730.5	1638635.25	1049924.625
NOL4L	1655990.875	1925778.625	1408057.25	814934.75	705072.25	850703.125	115892.4141	34726.56641	74228.48438	191262.7344	304532.3125	185328.0781
PTPN23	377035.25	629843	484930	345991.1875	144780.0938	347139.8438	108687.125	117855.7656	356593.3438	63205.375	79698.64844	387236.1563
PCDHGB7	131863.125	106688.3125	154526.7656	729163.75	794520.875	599081.4375	252611.5469	87177.61719	53857.5625	991564	636826.375	768072.5
PHF14	6678049.5	5500444	4430660.5	4007175	4366640.5	5784769.5	3278308.25	2230332.75	3196253	3177123.25	2774112.25	2903188.25
DSTN	1701412.25	1893320.5	2405876.25	1907497.375	2023447.75	1831812.625	1134864.75	837415.0625	860889.125	1286844	930641.75	799429.5
C1QTNF9	5505474.5	6128638.5	5192528	3130459.25	2897293.75	5131004.5	3124033.75	3766574.75	3876862.75	3005577.25	5017329	3368929.5
NSMAF	2420992	2103036.5	1911516.75	557720.1875	560280.875	635384	757216.625	2268950.75	2119504.25	771474.375	943174.9375	647129.25
SEC23IP	19551236	17203254	17489922	39108500	37282960	30904596	24141492	16494967	19233548	20084484	17939444	22774420
PHKA2	1456074.375	1626783.5	1705313.875	1885478.75	1728910	1389557.75	1114100.875	1098407.25	1303698.625	979653.9375	1050013.125	1046327.125
GM2A	1011631.375	1163661.375	5770940	2279405.25	2445328	1633694.125	952492	15181522	1549511.375	3542599.5	1997745.625	1932445.5
CRISPLD2	519170.0938	788895.75	676880.875	566648.3125	1165409.25	869728.625	219238.9688			101804.7422	472023.4688	273053.1563
RBM6	513359.5938	748071.125	794894.125	171683.1406	407213.0938	196881.2656	34380.33594	46836.00391	314119.4063	25843.60742	31016.70313	255253.0781
CCDC3				2883152.5	3355845.75	2409621.75				1243866.25	583257.25	1419034.875
PDGFC	4570580	7097128	7741227	6907569	5142238	7990562.5	3996335.75	3886557	3836536.75	1599947.625	3245393	1756648.125
FAM20C	1364163.25	1411370.375	1325530	1159276.125	1141438.625	648947.5	1867753	1656191	1194635.125	907577.125	568748.875	1211540.25
FXR2	204174.0781	320081.375	288437.9375	207665.875	185395.6094	286176.0938	96784.35156	57991.05859	113142.5781	70068.60156	131155.6563	89023.57031
RPL27A	11252068	15685613	13978588	14143099	12231005	12625469	4009940.5	4456996	4712682	11862594	11284471	10094761
FARSA	892801.9375	1843583.75	862658.6875	712459.125	994263.1875	1092739.375	495430.125	1135893.625	740799.9375	1472259.125	1500225	1510939.5
TJP3	1383076.625	2145829	2179202.75	678398.4375	775900.5	888216.875	955224.75	843413.75	1234279.125	909156.4375	1363112.125	1062390.375
DNAJC5	3185063	4126651	2764641.5	2588931.75	2995931.75	2507024.5	4089911.75	4584657	4205278.5	3414869.25	4859983.5	3436241.5
ADSS1	893389.6875	1060485.625	951332	195122.8438	289316.3438	342459.2188	556266.8125	922650.6875	803841.8125	668709.1875	624537.1875	657670.8125
NEGR1	1493246.375	1434466.125	1195815.625	986599.4375	1038566.063	1055474.5	1552261.375	1738753.75	2236103.75	3571149	3711172.5	2591962.25
CYCS	3012618	2933357.75	3486964.25	5035843	4271815.5	3929375	2437669.75	3458775.25	2399854	1138697.875	2196256.75	2657559.75
CIAO1	4495008.5	4383694	4357031	2100947.75	1729838.375	2858313.25	3243045.75	3380038.25	3102039.75	2448971.25	2680660	2727040.5
WDR83	286126.3125	1047110.063	283432.3125	400346.3438	490543.375	598880.4375	182036.5469	841429.6875	695650.8125	142706.75	612935.5	740580.125
TAB1	3561163.25	3484582.75	3494853	7629233.5	8038650.5	5527356	6178566	4499572	4250788.5	5066785.5	4322113.5	4562339
SNED1							340623.7813	747476.4375	243808.0625			
ANAPC2	3995895.25	3217905.75	3416118.25	2343262	2276917.5	3219648.5	1985655.75	1091874.375	1534127.25	3166904.5	1818768.875	3555759.25
VPS26B		398946.2188	186779.7031	261481.5	241556.5	283807.5625	242829.5156	249789.9688	334456.9063			
CASP14	538835.3125	389989.75	258380.3281	617866.1875	607251.1875	458253.7813	486165.3125	262111.9844	142245.25	592983.3125	244828.6719	1103771
PRKAR1A	1447749.25	1860330	1703577.5	569206.75	747639.125	1052230.375	769929.5	1212307.625	1260848.625	1446118.875	1676855.125	1289048.25
SFTPD		109352.3125		421955.4688	319722.9063	733178.125	7912710.5	5654679	6115379.5	1351961	1775320.5	1034251.875
DIABLO	1011270.875	884629.875	800010.625	1397345.5	1446609.625	1193631.875	627512.6875	605458.4375	485138	654439.375	605901.6875	640832.3125
CSTF3	1455944.25	1594144.125	673269.625	1136533.375	1190834.5	848479.4375	748918.0625	1099327.625	1020449.188	301728.625	186233.3906	296933.2188
ABI2	3868885.75	5236839	4465649	3567866	3461575.75	5009342.5	199316.2344	973399.6875	164228.75	1601856.25	2072499.625	2164392
PAXX	3177290.25	2823463	2488196	3112003.25	2842313.25	2615197.75	1743571.875	1745071.25	1756654.625	2263054.5	1982710.125	1771988
FANCI	379098.25	395867.5	328040.4375	5466.99707			52338.68359	74495.57031	54878.85547	49044.67188	74134.95313	169326.7188
CRIP2	7685796	7407985	7936578.5	5243525	4329815	3992987.5	3376702.25	2880569.5	3924168.75	3323441.5	4270030	4274173
GAR1	1045170.188	856059.9375	853001.125	1000137	946172	781102.9375	487617.3125	454356.875	499767.0625	565853.5	548050.9375	596318.5
PBK	1732566	2370853.25	1920868	1506780.5	1599038.375	1399696.625	845832.375	916868.25	818357	1399683.25	1186226.875	1111710.25
PSMD8	1868309.75	2325388.75	2207725.75	2205209.25	2462061.25	1961154	1167189.75	896034.875	913788.875	986160.8125	1083361.75	1101862.5
CHD8	1566632.25	1779464.875	1788350.875	286185.6875	117106.1719	95821.44531	412019.6875	449993.5313	423988.9688	75239.26563	236377.7344	91649.19531
SLC38A2	3651952.5	3020394.5	3950602.5	3178536.75	4999194.5	4440358	5548396	6797202.5	4166545.5	3456590.75	4837231	3478549.5
FTO	206005.7813	333971.7813	330286.625	290199.0313	288841.2813	270940.2813	124863.5625	182281.2031	151968.6719		225422.6094	74322.00781
MYOF	2035243.375	2135896.75	1528556.75	565583.25	594919.5625	549076.625	466096.125	572777.75	525666.5	729460.125	717762.875	525925.8125
HNRNPLL	110539.5078	281470.0313		43525.80859	71463.74219	89152.27344	76030.3125	77375.95313	129892.0078	68079.10156	74943.04688	76571.29688
GPRIN1		332859.9688	175824.0156	712982.5625	862434	881498.0625	225307.5313		77424.19531	139983.9219		231448.9688
ASPSCR1	4099981.5	4446093.5	3959735.5	5335529	4559932	4274344.5	5041330.5	5348668	5613771	2251481.5	2200283.25	2280682.5
LSM2	584200.5625	493235.2813	639842.5	204599.2188	303236.3438	303307.9063	326989.5313	401054.8438	470251.4688	321481	273679.5625	414658.125
FSTL3	2948988.75	3333394.25	2325814.75	1243830.125	1318170.5	1156247.625	1296205.125	1439015.375	1286426.75	2509646.75	2479283.75	2005485.375
GNL3	394116.4688	483176.0313	223477.3906		53357.10938	90847.73438		68885.57031				
PUS1	484346.3125	601854.9375	469782.4063	352640.25	155334.0781	377003.2813	130597.6094	165015.5	148171.5313	357849.5313	387988.9063	200645.625
STAT3	505047.25	620076.5625	654861.75	359348.25		217156.1719	259742.4063	155344.625	231671.0938	249910.7969	423939.1875	358622.2813
FRG1	971713.5	1061788.125	1164890.5	58151.67969	30819.10547	560476	804968.75	915938.25	1088155.5	26655.46289	29658.72266	22329.89648
GTF2F2	1535188.25	1885676	2164932.75	121505.4453	127219.7109	804298.5	897536.75	1277605.625	1085682.875	502259.9063	782894.625	525146.375
NSD3	547895.8125	739724.875	956706.375	176395.2813	475013.6875	385115.2188	171893.8438		209956.0156	217770.1719	165328.2969	492550.125
ASAP1	2104670.25	1792174.75	1971249.5	2390839.25	2412022.5	2411378.75	2993947	3195216.25	3023295	2285341.25	2539975.5	2000138.25
IGF2BP2	1188975.125	961644.5625	913149.375	393760.6563	367675.0625	235059.3906	470464.7188	478550.2813	758509.25	468422.6563	598819.1875	576173.25
TBC1D20	215246.1719	366538.5	456316.5	104056.7266	96413.0625		198012.4063	332709.125	629510.3125	77164.8125	9454.650391	
ZNF185	721941.625	950881.125	662606.9375	728643.125	989452.25	1687189.125	630667.375	471635.625	734083.625	523688.9375	888967.3125	835307.25
EIF4G3	77158.24219	87586.41406	82700.91406	85550.64063	57881.70703							
LTV1			508791.4375			285192.3125				157048.1875	165932.9844	208358.0781
CA12	891365	2518788.25	1976074.75	2614945.25	3246174.5	2553396.75	489423.25	390682.375	334523.7813	753812.625	835787.8125	654317.6875
HAGH	1345799.125	1603689.875	1726083	798657.4375	698047.4375	852297.75	797800.25	1041819.375	1637131.625	1202125.875	1134038.125	960842.3125
TBC1D13	277223.25	302692.875	270342.625	215209.4375	141815.625	185361.8906	95252	114517.5391	122969.4453	134545.9219	120338.1797	159285.9844
SUMO1	1568695.625	1883490.625	1511069.375	1911202.375	1735237	2358349.25	1059249.75	692768.8125	773144.1875	1221766.25	1457573.125	1576849.75
ATP6V1G1	556091.4375	772355.125	766914.75	1578982.125	1301229.375	1074979.125	950835.5625	826052.0625	876329.5625	515468.5	478842.7813	583688.0625
WDR48	4385344.5	3967367.75	3995135	2953579.75	3862023	3246533.75	1944820.25	2531549	2947737.5	3073047.75	3489123.25	3564776
LRP1B	7528360.5	5911063	6344522.5	10377928	11329698	13082484	4816887	3025215.25	4104284.75	7275528.5	8398104	8105829
TK1	2900211.75	1661843	1520538.25	1180112.875	1472176.5	1139161.375	696181	1134316	1348414.625	992988.3125	980061.0625	1026823.75
SCLY	252303.2031	387283.9375	302025	345105.2813	364866.4375	264959.6875	206224.625	184410.6563	164117.7188	228643.2344	222541.3438	255253.875
SAA2	531185.4375	593246.5	81182.75781	46116.69531	45505.14453	468246.0938	462607.375	17400.68164	319479.2813	427451.0938	26000.36523	27605.15039
TSPAN9	7078868.5	8546242	9586334	12127191	12991289	12219291	7644524.5	8097411.5	7507252.5	8877499	9907294	8407828
RAB11FIP1	406011.4063	472125.3438	432130.4063	1024342.875	741189.5	843312.8125						165553.2188
IRS2	1935413.25	2288722.25	1648726.375	827634.375	365526.5625	969843.4375	227047.3438	151430.3281		254060.4219	179645.4688	283174.5
POGLUT3	1136512.375	939736.375	1196533.625	1529272.25	1964523.375	1493040.875	1370297.75	561362.3125	1074146.5	1292385.125	864428.125	1008695.813
ATM	208512.9375	263123.3125	209651.2813	54344.75781		42450.75781	43957.08984	71365.73438	80887.59375	127651.8125	190123.3281	174019.5156
KIF21A	2596753.25	2664702	2284132.5	2187480.5	5210376.5	3748126.75	1709359.75	2457770.75	2611944.25	3188200.5	2854993.75	3857295.25
MAP7	360141.9063	788098	730478.5625	2112207	2084162.125	1937340.125			368149.5938	555203.8125		695545.8125
NPC1	2119897.75	2182057.25	2274808.5	331185.125	1016717.875	1307531	770276.6875	1062899.125	1156547.875	1499017.75	1246496.25	1428084.75
WDR4	449968.0313	557261.125	525411.4375									437110.2188
RTRAF	587722.625	870235.625	891309.625	524481.5	535382.625	812296.4375	310916.5625	78179.40625	266667.25	76702.39844	120556.0938	
CLDN6				1526665.375	1917831.625	1604990						
EIF2B3	705659.375	796979.75	703204.9375	314529.2188	332094.1563	324296.7813		344754.3438	388278.0625	274886.8438	375276.6875	363748.4375
UMPS	687718.5625	201864.9219	816931.9375	492865.9375	419856.1875	770964.625	545022.625	608219.875	644606.8125	430978.2188	696655.4375	507030.6875
HDGFL3	20453950	17623152	17891368	13890640	12407312	13642905	12292630	8937040	11460326	10982520	8255312.5	11436536
RBM15B	22410710	22055886	20319776	12273849	13214129	16745969	9326166	11440031	12106995	13453807	12261695	15187730
DCTN4	423920.625	1365345	1068135.375	264457.9063	875886.0625	1124667.5	444422.25	265105.7813	454765.7188	358133	745492.1875	954435.25
ATP9A	488945.8125	576451.6875	562899.0625	37858.19922	64963.67969	53436	274999.75	315315.5938	241626.25	187092.9688	223682.6719	119739.6328
FLT1	592787.0625	480038.4063	461504.875	157967.8438	198368.8125	204023.3906	1188895.75	1252705.875	1150768.75	228052.7813	326499	182663.0313
CDK2		507296.8125		495700.625	342123.4063	413040.625	304493.7813	316271.4688	226321.5469		219832.9688	
CASC3	672929.1875	732199.5	859348.5	626034.875	884811.5625	1150312.625	475860.125	352667.0625		454545.25	805758.4375	
SIN3A	17984798	25232042	25521828	12851621	11937653	15185505	3679966.5	2863354.25	3184254.25	5894096.5	6242370.5	6132948.5
CD81	7032005	4690917.5	6853030	4074486.75	5790498.5	5307868.5	8700382	7368059	5659457.5	8136936	6839535	6770048
TSPAN6	80100.85156	109759.0313	113901.3281	106538.7031	169421.9844	219006.0156	188209.9844	241262.6094	195978.0156	143840.5938	212354.2031	150685.5938
C6orf132	770896.3125	611261.25	479725.8438	522415.5938	598133.75	556092.75	281255.0625	38061.49609	345506.75	241665.9375	207216.3906	230283.1094
DDX18	130015.3906	187222.75	232350.875	143637.9531	151670.875	133151.8906	95197.4375	74575.99219	114826.125	64521.25781	111575.9844	79580.66406
GGT5	22519108	16291665	14823086	20952462	25769622	19208846	24156064	16751934	17391652	28228968	23696540	30764174
FKBP5	1591719.25	3197975	2330093	818521.3125	1580889.875	1439045.625	733667.5625	495192.375	792449.5	1651271.875	1731473.75	1748681.375
EHBP1L1	829109.75	1420839.625	1660252.25		452502.9688	331836.5		831700.75	312642.25		652848.8125	1563417.875
COL5A3	78367.28906	77904.72656		319319.125	310494.4688	329986.2813						
UEVLD	1123225.25	1336546.125	1391602	340506.3438	458665.8125	395400.3438	529261.8125	788133.125	642848	843644.125	903651.875	807519.5625
NUP133	466481.4688	511452.1875	440034.2813	58140.53516	82140.91406	64585.76172	60490.80078	71029.60156	86376.22656	142633.5156	112340.8047	168155.2188
WIPI1	1241560.625	1462336.125	348463.2188					932812.9375	956805.25	441896.8438		
FARSB	473936.25	494165.3125	632779.8125	564936.8125	235984.5156	438424.7188	266370.5625	288700.5	332478.8125	348005.5938	361199.2188	468342.6875
ENOPH1	1597248.5	1575069.5	1945156	683827.9375	628264	815648.1875	926402.625	1267212	1573397.5	1578362.125	962848.25	1159166.125
GET4	276476.0938	375218.1563	331108.125	151046.6563	207823.6875	156528.7813	287108.3438	420000.0625	368291.2188	228791.875	186594.8281	322663.4063
ST6GALNAC5	604774.9375	557666.625	934165.4375	555235.125	757612.5	922323.9375	672643.1875	230461.5469	173807.1406	1190271.5	2418364.75	1689821.75
MUC1	3246988.75	3234803	2720201.75	2934089.75	2620455	2831081.5	4238331	3367528.25	3600413.5	1949438.5	2078319.5	1904900.25
USP34	127874.1016	161982.0313	152811.875	86116.65625		120555.8984		18338.61523	85205.79688	170700.5469	231936.2188	216090.2813
HNRNPA0	2171210.25	2478076.25	2065726.375	682860.625	721177.125	741474.6875	492000.5313	512294.375	528751.5625	820239.0625	1198061.125	1011309.813
POLR2G	902267.8125	1502548.25	1435256.25	756915.3125	839667.375	818954.875	526560.875	889704.5625	965115.6875	784554.1875	1012037.688	783654.3125
GALNT16	1263063.125	1378852.375	738197.25	733034.5625	1134843.375	1250118.75	826294.6875	913857.3125	119817.2031	692198.5	1217830.125	704516.3125
PDLIM5	1233121.75	1228886.125	1038548.5	1447879.625	786358.3125	541882.1875	210130.8281		205074.125	251387.5469		448887.8438
MAP2K2	2867703.75	3811233.75	4743199	6952146	14737366	14168378	2871855.75	8454394	4564121	724403.3125	5083567	4231207.5
MAGED2	462482.9375	765523.875	768414.625	267243.0938	244903.7188	217054.9375	177669.5469	150636.6719	199178.2813	322578.375	340416.0313	356330.3125
LSM14A	688065.1875	1387377.25	1274315.625	451296.4063	356995.75	559503.0625	222061.1875	179680.7344	186221.9844	171241.5	203700.3594	236057.6875
CD2BP2	928690.75	1593043.625	748502.875	1534313.125	1493655.625	1316423.25	736895.375	608466.625	1047048	815400.75	1010340.188	1015699.875
ANKRD17	1134151.875	1884204.875	1818183.625	899958.875	1010221.063	1903378.25	202988.3125	141862.1875	1251982	871851	718669.75	
SPTB			39291.75391	50719.16797	75399.50781		206256.6875	140519.2969	142633.5781	115981.5	157293.4531	114837.5781
RAB34	1257197.375	1706238.125	1570507.625	273404.8438	567966.5	777244.125	1191211.75	1568919.75	1573036.875	952521.75	1425572.25	923841.5625
MVP	201780.6406	694691.375		70030.25	89631.80469	187615.0469	422553.7188	515562.3438	793201.4375	328810.5938	425396.6563	228140.8906
DOP1B	455202.5625	486706.125	432927.2188			97677.41406	272725.8125	393851.8125	362957.875	403613.6563	409285.5313	412851.0938
SGPL1	49046208	47802884	49413108	27967302	32686430	47753012	36776032	33518274	39835044	26665890	31935836	33382758
WDR45B	2923991	3206805.25	3266235	2149001	1805112.5	584344.25	1556130.625	1875486.25	1973287.875	1479568.125	1306265.75	1884731
LZTS1	34593684	43320364	34718300	66221108	52557144	61762932	37204600	32242762	30985698	46117508	36270512	50164780
RPS10	2119522.75	2898172.75	2544541.25	2417297	2462154	2118871	1841487.25	1135436	2278596.25	2276509	1732012.125	1692704.125
INTS1	1060795.75	1174003.875	1088884.75	322284.7188	404097.3125	401710.2813	417420.8125	576529.625	738930.875	572153.5	523794.5938	630511.5
RNF213	85676.91406	106666.2578	141965.1563			57323.96094	60953.4375	82855.98438	123765.9922	112042.3984	131401.7813	153952.0938
EFNA1	1100469.25	1367351.375	1133051.5	1722316.25	1388958.25	1409056.875	1735390.625	2139814	1161087.875	2480511.25	1723615.75	919807.125
MOXD1	2081689.25	2174953.75	1683542.75	996791.6875	1120865.25	817183.1875	2222664.5	2071964.875	2203613.75	886953.25	1035211.125	842345.625
DHX57	81892.03906	128488.4766	95212.16406	120087.8906	94680.78125	158763.125	78999.45313	42316.69922		79832.16406	82335.02344	99638.17969
NOG	2032732.125	2112235.5	1819151.5	3224044	3406463.75	2608306.25	6918396.5	4966535.5	5629257.5	1474349.75	1864601.625	1645036.5
LZTFL1	708737.6875	220117.25	915724.25	1259695.875	1397937.25	251635.7813	3619545.5	509854.7188	155796.3438	740851.0625	663935.375	585613.25
RALA	358242.4375	507514.0938	408675.7813	441924.7188	520985.375	448424.0938	515403.6875	484975.3438	582823.5	479025.7813	520988.1875	475752.1875
WTAP	249941.1875		308852.75	1286274.875	1110605.375	1236190.875	410389.4375	233372.2969		120244.9844		
CASP6	488262.7813	500682.5938	600129.875	372508.625	392440.6875	397352.8125	429966.0625	459705.3438	488225.4375	361221.6875	357813.9063	422795.9375
CTDP1		302968.75	336690.75	124262.0859		165167.3281				143318.7188	181916.8906	243704.7656
RPS20	6220760.5	8731848	7963175	5862729.5	5488487	4393193.5	4246579	3543144.75	4598927.5	5036786	4408655	4361563.5
RPL34	6000707	6934282.5	6821150	4396452.5	4011416.75	3569313.5	3243905.25	2537774.25	3172683.75	3331185.75	3214265.25	3233913.5
JPT1	145535.2969	137528.4688	103385.75	439555.4375	114459.5469	532694	77894.17188		137111.2813	277016.9375	50101.76172	339550.0625
MICB	408198.4375	320027.6563	326323.1875	149442.9063	163530.0938	136349.2188	298149.2188	378901.6875	337992.4063	179190.0313	173264.7188	143042.8125
PRKCI	2444383	3455750.25	3330564.75	1777177.375	1924234.25	2268406	1537094.625	3402321.75	2968573.5	1827621.375	1722651.875	1489291.375
CDK4	316122.9375	350126.4688	424008.5313	381348.25	271533.0625	351022.625			281404.6563		219949.9063	231084.9844
RPRD2	204000.75	289560.2188	485446.125	278570.0313	250953.3906	342186.7813	163876.9375	123279.0078	165755.8438	204266.1406	225621.3906	259557.2969
STC2	2586050.5	3023070.5	361982.375	4860044	4579576.5	4173242	4138444.5	570414.0625	130964.4219	2632091	2890786	2476811.5
USP25	256805.7344	285864.25	184214.6719	260111.0313	421822.625	271164.875	133830.4844	137856.2031	149133.0625	242142.9219	323256.5313	250273.7031
LBR	3899501.75	3900698	2815202.75	2855187.5	1717019.375	3001735.25	2364759.5	2416369.25	2667317.75	2319533	1792687.125	1530629.75
METTL3	216573.6094	332051.7813	341298.3125	240565.6406	202842.5156	237563.6563	147235.5938	188154.4531	177334.125	153779.6563	159245	150200.7031
EPM2AIP1	520633.0625	536051.5	624456.875	158313.4688	233727.6563	171755.6719	157025.4063	213031.5781	357386.0938	400573.125	609173.1875	380990.0625
UBA3	1698424.875	1917336.5	2246074.5	2872953.75	2121148.25	2298791.75	704446.75	492181.0313	646484.9375	592052.5	1940712.125	1138794.125
YAP1	93450.41406	209546.1875	200976.0469	350011.2188	495551.9063	401644.2188	110782.4531	224735.125	86121.82031	310477.3438	140313.5469	127057.2266
CPSF2	9876302	8648387	9349486	7999235.5	9176445	6913060.5	3351614.25	3484636.75	3455475	3949361.5	4161168.5	4747280
CSNK2B	1249298.5	1024225.25	1560786.375	1159492	927996.125	879070.75	932498.375	710822.875	1271166.125	1374439.25	1331719.5	499122.5625
SNX18	1366422.875	1548478.125	1345526.875	887897.0625	420053.5313	853725.6875	765960.3125	499794.8438	1627289.375	910104.4375	1115367.875	874654.0625
NCOR1	1129186.875	1722900.75	1709217.25	1994326.125	2442769.5	2649162	1208843.75	1357835.875	1125323.75	1596722.25	1438435.75	2030405
RPL36	612098.9375	846846.8125	1560237.375	1408137.375	1668010.625	1448540.125	551765.875	488810.0625	525742.25	837207.4375	366001.3438	268633.75
GRIA4	7574819.5	10035064	8991819	11851751	13814237	8870741	8662202	6314162.5	7035456	6643861.5	8472891	9204005
ARSA		25615.7207	298514.9688	1054400.5	1129244.625	884353.1875	713060.1875	848341.875	672658	899054.1875	1022915.188	609797.8125
RPL8	22618878	24016642	16940136	12964455	10919336	14616034	10302730	11299189	12050037	12116040	12940647	11086552
RAB5C	4758726	3786924.75	4554274	1518309.25	2853837	1725168	1570234.25	2868760	2226656	2382307.5	3497364.5	2646695
DDT	352128.2813	338514.375	427249.0313	213871.6406	221650.1406	268671.9063	251664.3906	381239.3125	639138.6875	411727.9688	206955.9219	281582.0625
CD46	27835172	26898354	29369598	18632100	17355114	16249297	17693612	14320747	19511778	19081822	15868196	20397042
MISP	4499800.5	5256921	4605079	27178020	34144520	32944584	10773930	10429152	7699470	11333544	15790988	10763794
ESRP1	127033.1875	176878.8906	231725.5156	104134.2266	166741.3594		105742.9609	94209.38281	118126.1719	76124.72656	92116.28906	78682.24219
STMN1	742564.5625	1511912.875	815506.9375	2666297.75	2474104.75	2406263.25	886038	988658.4375	1499133.375	699422.5625	619297.1875	845745.4375
ELOB	1148585	967772.1875	943266.3125	1425134.125	1157471.625	1189164.625	765242.75	938787.3125	916716.3125	579666.5	647643.875	551133.875
LSM6	3993266.5	1540418.75	1485194.375	5006106	2380638.25	1991302.875	590325.375	707840.1875	691483.5625	1539636.625	1296301.25	1335027.25
ROR1	5885301.5	5488104	3469352.5	4841206	4146597.75	4399174.5	1232102.75	1181350.375	1365430.125	3896978.25	3133288.5	3798022.75
SLPI	7633925.5	5066716.5	4942621	7384406.5	7059821.5	6649677	5189681.5	3997540.25	3741279.5	3309436.25	3616684	3829653.75
TLE1	2674497.75	2971207.5	2870204	799581	409000.9375	1192326.75	364946.7813	1582978	654631.625	1263846.875	1267454	567808.875
FAHD2A	598122	779514.1875	995283.6875	376635.4375	91150.52344	457457.3438	282906.5	42804.07422	249715.9063	357660.6563	346327.2188	550347.3125
GALNT17	119712.7578	463685.25	112453.3281	23627.80078	420095.375	470568.625	493417.4688	618217.5625	417551.5	891086.1875	862513.125	924344.4375
AKR1C1	1335246.375	1421504	1480414.75	894110.3125	949558.0625	707849.25	657683.25	493115.9063	736080.375	693344.5	595384.4375	637948.5
SLC26A2	483972.0313	731148.9375	446333.0313	567038.875	868452.25	994104.125	811739.125	638396	566614.125	276377.7813	474809.9063	313260.9375
RPS24	1579819.875	3378065	2326785.75	1629374.75	1685555.125	1225764.625	1268678.375	1632588.625	1498308.375	1099017	1274875.375	856470.875
SRGAP2	249323.8281	300650.0313	325010.625	255855.5781	330391.2813	231634.8125	159331.5781	189496.4844	182640.1094	193476.5	224886.5938	185041.0313
FAS	1504314.25	1387809.625	1330805.875	228330.2344	1127043	749983	2644073	1392234.625	1191927	485898.3438	490051.5938	956523.9375
NOC4L	1154455	1289820.75	1550067	442295.5313	107080.4922	336132.4375	266875.0313	512024.2188	705052.1875	706999.5	825203.9375	624768
ATP6V0A2	309897.0938	448679.0625	286207.9688	125182.6875	132726.8281	38234.25781	40355.07813	180777.5313	47328.57422	152051.5938	296430.6875	63113.99609
MCTS1	2457290.5	2690573	2570192.75	2857736.5	2607737.25	2362110.5	2075312	1643019.375	2042761.875	1516924.75	1544676.75	1699597.25
ESD	3277257.75	716278.9375	4047054	1934327.25	2410190.25	1380080.125	1285597.875	3022172	563204.375	3050808.25		
METAP1	896476.6875	885992.5625	1142138.875		385039.5938			334131.7813		444874.4063		575686.3125
MTREX	2957954.25	4003530.75	2859318	969523.9375	1541062.125	1286485.5	609737.8125	1143092	1367542.375	1645539.75	1630700.375	1589598
GIT1	1151636	1733900.875	787206.875	50027.53125	69960.40625	51367.39063	1891398.25	1890206.125	1795545.25		557163.375	
ANGPT1	1317968.75	775300.5625	1241417.75	825619	882100.625	909376.25						164446.0625
IL1R1	852006.1875	909499.75	1508854	1379964.5	1064911.375	1335930	930688.75	985523.9375	915762.8125	691500.1875	693056.75	743120.875
ACOT1	640343.125	843555.0625	1145943.625	561300.5	726545.1875	344761.75	157098.3438	732765.4375	673896.0625	488368.1563	172029.5	651021.8125
MAGI1	295945.7813	332529.75	701051.3125	192596.8906	217682.7656	230581.4844	117108.3594	138926.9375	122840.2656	162933.5	188393.8438	160108.1875
STRN3	2431536	1820627.5	2044786.375	440927.9063	633693.5	748475.375	780166	1013687.25	814281.125	903158.875	552788	675321.875
NUDT3	1067947.875	1383914.25	1050987.625	1030383.5	584005.375	567835.4375	633104.125	578619.375	803157	691294.3125	667734.875	627797.75
KIF11	1528638.625	1751696.5	1047133.813	21131.39648	23273.76367	547456.75	519713.9375	533848.5	519952.3438	650821.4375	16504.92578	579495.4375
WDR55	1916709.5	1933969.375	2304699	1048864	1442233	1967844	668431.5625	918156.5625	822035.375	1230466	2331785	2645181.25
NECAP2	486044.7188	646734.125	728957.3125				92157.59375	360559.9375	354142.375	202471.9063	249891.6875	129728.9922
SOD1	3221041	2997774.5	3070801.25	3089061.25	3839331.75	2515026.75	1590518.625	4299976.5	6232709.5	5595762	3170007.75	3110704
UCHL5	1577816.625	964831.3125	1249372.125	996224.9375	982557.25	1255075.625	110100.3672	94668.14063	149598.9375		97016.26563	
MLLT1	3139817.25	4007206.75	3313131	1709004	1785688.875	2529739.25	1416452.125	1166654.875	1132509.5	1200591.875	458511.8125	1489057.625
MECP2	1025923.375	660725.875	719314.9375	119237.3906	90479.625	159810.7656			638283	67115.0625	769124.8125	58112.71484
ACP7	263073.0313	396759.2188	415645.375	605563.125	1264979.5	745250.25	1762039	1542631.625	2185893	461017.0313	404675.0938	453269.5625
WDR89	1977098.5	1982446	2092578.375	560353.625	965475.1875	1251115.875	1242528.375	1750083.75	2139387.5	1841012.25	1684449.125	1925098.125
TBC1D2	482520.5938	452589.25	392894.1875	184049.0469	187863.4063	146627.9844	228328.9688	340584.0313	381921.1875	340409.9063	297788.6875	355810.25
RPL10	2872254.25	3655609.5	2400049.5	3129309.25	1323565.625	1002792.063	1584714.375	1540894.625	832007.125	1317671.125	1240113.125	1150388.625
VPS4B	877323.6875	1294809.125	1120052.125	409874.25	1148435.75	329398.4063	315188	350026.5313	444249.0625	1007462.813	1116238.75	612844.9375
PPP6R2	182275.0469	261102.0469	222876.9219				119832.7813	137223.5313	124372.0625	138133.4688	122923.0156	136909.4375
PIK3R4	181510.8594	251164.2656	223883.3438	19092.33984	13317.2793			144599.7188	154601.375	173450.0469	183810.3125	258880.6094
DOCK7	250946.9844	402792.7813	339925.875	142681.5	197201.3125	165533.0313	125064.2109	107439.1719	176710.7344	89066.27344	176001.4219	173296.625
RPL23	1533865472	1057792832	975103232	1001075264	970149504	760400448	1828013696	1643766528	1489067520	1600554368	1549264896	1773322880
RALBP1	1822364.75	1832020.5	1873192.25	932561.1875	1071828.875	1212181.125	821491.25	571885.375	512781.5	617838.9375	837981.375	1066568.125
ADAMTS8	217936.2969	181571.1406	1545849.625	229225.75	1139309.5	186991.4063	949242.625	648063.625	995216.5625	794353.1875	835431.125	576315.3125
URB2	275327.7188	597529.75	235257.1719	118143.9844	131933.2656	15580.64941	179934.4375	276960.375	53208.00391	238028.6406	48627.63281	55388.71094
EXOSC7	1117930	984981.5	1123694.375	688006.3125	724486.625	738058.1875	612718.125	567011.875	726871.875	810267.6875	809458.6875	811385.75
GRSF1	682846.875	860142.875	678496.375	306072.9375	247067.2969	582202.6875	424602.3438	443367.25	429118.2188	238570.2031	213526.4375	253163.8281
MANEAL	248398.4219	247141.125	185106.3281	136591.3281	281535.0625	185054.0781	226151.3125	186533.7031	268188.875	403583.75	336723.5313	313737.3438
ARF6	265218.2188	705122.3125	759910	690074.25	1728465.75	770039.75	935864.1875	1023167.25	632471.8125	1924313.875	1842185.625	280572.6563
PAPSS1	630074.9375	600332.25	493770.5625	44804.32813	323401.6563	342653.2188	238224.7031	301655.1563	304920.2188	312279.5625	302906.875	315738
SERPINB5	556205.5625	784876.125	763284.375		595326		59502.70703	56292.87891	79094.38281		76301.01563	
SNIP1	458692.6875	548850.625	535222.0625	248686.6563	266768.5625	455324.2188	93020.1875	146108.4375	327351.0313	479365.75	348828.1563	219231.9688
NFKB2	403771.0625	747348	552740.875	87181.49219	134273.5	67633.03125	76997.25781	89087.24219	212561.625	167140.4375	80942.125	54262.60156
DNAJB9	593817.5625	745722.875	703764.3125	602677.75	308291.8125	590608.0625	507590.3438	563903.4375	468721.9375			
AATF	706922.625	823812.0625	861084.375	747837.75	809501.75	757074.6875	393927.0625	475443.9063	468063.1875	650361.1875	683065.1875	709881.375
REXO2	3732003	2872864.25	3271645	3414478.25	3429303.5	2499954.25	2528959	2148764	2494999.75	1711186.5	1313325.125	2618410.75
UTP18	674212.375	534750.8125	461930.5625	192681.0938	182497.125	112191.0469	346829.3438	365075.2188	200758.1406	252517.5	235821.1563	167803.7656
TMBIM1	2452654	2032151	2247233.5	1572073.25	1759729.625	1951934.375	3401684.5	3278932.75	2513709.25	1699499.625	2184241.5	1640965.375
MAU2	438148.2188	508067.9375	550748.6875	207113.25	166537.4844	184155.5938	333408.4688	349608.7813	362024.5	432525.9688	354484.1563	449275.4375
RFX2	274864.9688	353357.9063	353515.125			412982.4688	517175.6563	939548.3125	526049.25	391026.7188	728419.0625	463741.625
FZD7	929699.5625	838146.0625	464284.8438	881716.4375	980540.3125	773913.375	299741.9063	333018.9063	254766.9219	951074	1089807.5	833118.5
NUP50	9369662	14134783	18933646	5669391	6001178.5	7693997	6125300	6119854	9439986	6549301	7842057	6011117
SARS2	702583.1875	366217.5313	322079.5625	111977.8125	151439.6406	132904.375	83352.92969	72620.35938	106002.5313		93843.14844	82528.90625
MUC5B		112071.6094		181276.875	98107.46875	82295.30469	42888.17578		53044.79297	32659.41016	58813.05469	62680.41797
EIF1AD	139589.3125	587525.3125	608164.75	580891.125	352070.125	445210.0938		83331.77344	161346.0313	264412.4688	250293.7188	152860.3594
HERC1	469168.6875	585649.8125	498461.0938		132316.8438	127796.1953	72617.32031	86179.67188	154505.1094	251950.0313	191121.2969	267371.1875
RBM15	645252.375	967601.25	953204.1875	423379.7813	402238.0938	626552.5625	337148.0938	280302.3125	364696.9688	254470.7344	348243.5938	245632.375
BMP2K	154223.1875	189103.7344	218754.8125		44301.16797	127108.8438	44694.51563	50110.52734	98051.32813	89834.99219	136743.8438	108801.6797
GEMIN4	455167.4063	451452.375	386961.5625	168447.4844	162039.0938	205411.0313	65038.55469	171500.9063	172455.9688	212607.3438	265356.8125	236476.5469
SYPL1	5265899	4806989.5	3721340.75	1713679.25	2382178	3439063.5	2293167.25	1986455.5	2842756.25	2866918.75	3724670.25	2331246.25
UBE2E2	1819625.125	2398646.5	1222389.625	2017828.25	2122858.25	2319256.25	1718939.625	2360990	2211478.5	1697388.875	2279224	1155474
HEATR5A	47334.59766	345350.2188	291224.5	207343.9688	174950.4531	15995.79883	196029.6875	152931.9375	198999.0313	306527.8438	334204.0313	320141.0313
YIPF3	167315.9375	298587.2813	290018	257850.1094	273372.1563	337913.1875	212303.3438	360042.25	274275.4688	302413.8125	316630.9375	215570.4844
FZD2	1231221.625	978525.1875	1865819.625	887203.6875	2899254.5	2495384.75	3360935.25	2583159	2336622.5	2573427.5	2894959.25	2583494.5
SHPK	1103270.375	1704065.875	1637434.875	706005	777542.375	941512.625	1098251.125	1304669.375	1429106.875	883021.4375	780592.5625	798791
RPS27	2742636.75	3123236	2187336	1037759.563	1055185	1283636	939263.0625	1668753.25	1167367.875	1504440.125	1961722.5	1690007.5
NMNAT1	227206.7344	326120.3125	1712209.625	976068.4375	322489.25	844048.5	213226.9375	509624.125	448489.6875	416248.5313	550844.875	101325.9609
SEMA3D	1205645.5	1303321.625	1143005.125	1161561.25	1211696.625	1325104.25		192264.4688		688996.1875		610073.25
PYM1	649905.5	721832.6875	576585.9375	1156318	1047604.25	855097.25	439066.5	326478.7188	310226.2813	433631.5313	496728.875	574889
EIF1AX	5536276.5	6247838	4948910	2979099	3843642.75	3390023.75	3980297.25	4095608.25	4279619	2596798.75	2227307.5	2398669.5
ZCCHC17	919496.1875	1074470	1360772.875	387606.9375	493758.0625	551648.125	792329.5	679902.0625	474011.6563	905193.375	788087.25	563116.5625
SEC62	385270.8125	410682.2188	405757.25	260749.5625	206187.2969	256855.1563	251708.2656	357390.6563	331671.875	243436.7813	230554.4688	175902.6406
RRAGC	1326175.375	1741325.5	1849983.625	1071942	625943.5	279884.7188	901897.3125	1050573.875	1071281.25	680305.9375	1109811.375	1289576
BMPER	148720	113877.6172	79661.15625				112396.1484	102662.3984	73991.07813	72118.75781		
PRDX3	738254.8125	733366.1875	764727.125	867695.1875	832517.4375	790994	457511.25	542464	645302.5	572047.5	479906.625	484137.2188
RPL31	2764914.25	2653901	2163917.5	924629.625	957025.875	581383.75	2511635.75	1176445	2455810.75	1114252.125	2071971.375	2361892.25
ARHGEF16	885726.125	1162482.125	1014661.063	388059.75	465057.125	483442.8125	504609.2188	640907.5	599512.6875	545169	598906.5	378386.7188
NECTIN3	5158145.5	5099714	9096272	3752473	3041533.5	10677842	7897041.5	6156525.5	6856069.5	10216516	9920932	12843660
FTSJ3	1095596.125	1404286.375	1070171.5	1341453.375	1191382.5	1674168.5	815077.75	351721.9688	688476.25		568154.875	682765.125
TCEAL3	2097132.75	2864195.75	1846367.625	5487236	3616568.5	4298031.5	2206864.25	1952820.375	3189067.5	3045722.75	2352268.5	2689656.75
S100A4	904669.9375	696772.6875	655876.6875	2229182.5	2021706.375	1240788.25	1249888.125	1048170.563	813445.5	1005215.75	754171.4375	1070113.375
USP11	48421.48047	195265.4844	50700.55469	204061.9375	246622.8594	202636.5781	26765.23438	126243.6094	116863.2266	157545.3281	200127.1406	165858.7813
NELFCD	362214.8438	484461.6563	436338.0313	198254.625	258224.9219	206552.9219	332369.3125	354933.5938	389660.2813	219457.7031	200372.5625	253892.3438
SEC22B	168499.8281	306209.4375	313882.4375	245146.3594	249434.1563	227667.5781	258744.7344	204381.7031	220745.2344	145175.375	165493.7969	178922.7344
PRPF4		906164.375	836160.6875	131253.4219	751540.4375	114680.125			335062.7813	441641.0625	528817.5625	414151.375
ZNF207	2307888.25	2923429.25	2347199.5	2363860.25	2224684	2136255.25	1535829.75	1479139.875	1593048.875	1245170.125	1393979.25	1232760.25
IST1	645622.75	700720.4375	738067	1102582.875	1052647.125	972416.3125	779752.625	480969.4375	481958.0625	693193.75	633575.75	353769.8438
PLSCR3	785514.5	833732.875	676391.125	396574.375	316108.125	342521.8438	1978289.25	1090517.75	1050228	663237.3125	736055.125	724163.5
SLC7A1	1715219.75	1790326.75	1043781.625	471774.6563	563969.4375	649190.5625	1293850.25	203601.9219	1391214	800531.5625	852657.75	
MPZL1	1960079.25	2075773.625	1736193.875	3171086.75	3891358.75	3346825.5	1067856.875	896922.625	418137.5625	904605.1875	1925746.625	1695150
MARK3	611887.8125	650136.875	581750.5625	320625.9375	318053.25	358314.9688	131930.7813	186665.2656	193617	230321.0313	296123.375	78707.89844
PXN	90755.46875	945602.8125	589323.75	675965.0625	686920.375	110286.9219	377746.1563	30472.00586	431543.9063	539550.3125	507357.4375	556799.8125
RAB3GAP1	553539.5	777022	686453.4375			23801.75	181201.5781	228812.4219	234786.6406	274678.5938	345343.5625	284021.8125
HLCS	131265.6094	171679.3438	169704.25	62333.9375	44688.32031	43740.07813	38978.41406	71012.94531	80842.94531	57685.42188	63657.30859	88666.41406
NUSAP1	605632.375	231331.0781		216503.375	207543	204963.7969			52610.23047			126539.1563
SLC7A8							887887.5625	1203860.875	904669.625			
MYORG	346343.9688	319843.0313	295908.5	116384.2734	144378.0781	123865.4922	192822.2813	76893.79688	76506.49219	141003.875	288238.5625	144550.7969
ADAMTS5	1565519.25	1641503	1714744.625						120388.0547			
ZNF638	195382.875	207565.25	517590.1875	438029.5625	618229.375	219824.5469	1089728.75	760325	621306.5	602695.5	154519.1094	1058217.25
PREPL	184792.3438	217211.75	192527.4688	164294.7813	266702.4375	212352.2813	292502.9375	346157.75	934540.125	179781.4531	199960.0781	174027.1406
RAC3	2480873.5	2371692.5	2497963.25	2310286.25	1964758.5	2123307.75	1758338.25	1921187.25	2079112.625	1484974.25	1396151.875	1482192.875
COPG2	60666076	58105940	47106824	86546864	86800816	67066996	46859128	40971812	50396824	42301952	44847936	66385904
EPG5	442253.875	474146.1875	467941.6875	20802.83984	24061.26367	43613.50391	248404.875	370689.5625	451849.9063	217468.9063	273499.9688	286318.4375
AP1S1	978448.4375	2665967.5	2713091.75	2449249.5	2624855	2149764	3267383.5	2924939.25	3268483.75	1960995.375	1305894.75	2703577.75
PCYOX1	905607.9375	951347	1161716.625	829454.625	1002379.625	1035446.688	1145873.25	1177006.875	962783.375	872387.9375	874444.0625	791889.0625
CPPED1	562490	496225.4063	539722.375	42895.21094	105023.1797	369297	57283.16797	78240.49219	115080.9844	745725.625	94831.6875	572695.5
AXL	467989.3438	214203.5625	553993.375	2517733.25	2779906	2045471.5	14324459	12826111	15549566	496685.2813	553487	283616.4688
SMAP	1086039.625	761315.5625	1262815.5	3214018.5	2526766.5	5199123	223367.5781	142580.5	62972.02344	340980	89771.23438	436388.9375
GPC3	1455544.625	759443.375	54462.80078	1843597.125	1622140.75	1771670.625	215684.2188	24931.06836	17469.24219	1334707.25	999424.6875	955300.625
CD63	41437116	37440232	40529376	73960760	82513424	72057456	86167728	85534288	71038392	49256480	47919336	43401108
SPTBN4	2744925	2186369	7649936.5	2301400.25	2254147.5	1664255.75	1897609.625	5568221	1370887.125	7742565.5	7241589.5	9588752
RIOK1	212488.8594	296602	277982.875		12589.57227	127337.9063	70126.86719		46196.47266	105400.875	193777.5	132695.2969
CHMP3	1079364.625	1081435.25	913906.625	1740155.5	1586360.75	1279797.75	1031644.563	773415.25	857925.9375	901933.6875	847270.5	1005376.438
OSBPL10	888799.3125	1094239.25	1021269.813	157452.3281	188326.25	167299.1875	286358.875	326786.4063	461305.8125	291453.5625	384859.4688	503708.2813
FNBP1L	198299.8438	499916.4063		684069.6875	583612.8125	224286.1406	245035.3281		225436.5		166886.3906	
HTRA2	462327.125	1215514	872037.5625	571877.5	425455.9063	772478.1875	688638.375	849862.0625	742377.5	913131.75	759457.9375	875778.3125
PI4KA	126094.6797	131887.875	98850.02344	45857.83203		68366.57813	96616.49219	80109.97656	114625.0313	98422.1875	118277.7109	88503.32031
EXTL3	223841.8906	251669.4844	269462.25	454250.7188	511514.3438	310377.1563	304872.4375	264820.75	284148.4063	365021.5938	310601.5938	387925.7813
EFCC1	2841028	2380823.25			4757033	4782447	2018173.25	1257303.125	1504785.25		2268843.25	
RPS23	7172006.5	7550335.5	4223517.5	2218862.5	1709483.625	1799551.5	1768551.875	1998544.125	2316067.25	2950171.25	3162759.75	3378932.75
SKIV2L	34131.21875	365180	262158.8125	196178.5938	217494.4219	192065.3594	32415.48242	38254.58984	42012.33594	229026.7031	221152.3438	270202.7188
PRRT3				1363964.875	1843592.5	659428.75	339798.7188	358936.4375	297404.5	1735394.25	1581508.625	1962353.75
EIPR1	865585.375	1042265.938	679150.8125	253091.3125	369872.2188	327441.9375		315206.9688	423963.625	304558.375	744143.1875	502195.5625
INTS9	124756.4609	304924.5938	313106	156902.4531	161014.2656	178267.8594	210168.4219	247632.8125	298781.8438	207986.625	210158.9688	145121.5625
FIP1L1	213888.4531	317518.8438	331989.375	95154.53906	100884.9219	193385.0938	39511.99609	31891.34961	78850.8125	113960.625	190691.2344	120683.8047
HSPB11	226432.0469	658310.1875	684018.6875	139164.1875	481436.7813	203138.25	285122.2188	267121.6875	655641	646608.375	598860.5625	436644.6875
PIGR	3555645	2316975	245108.5313	2750081					29026.04883	4498097		47284.66406
TBC1D10B	94395.48438	82422.07031	131993.0938	244057.125	229297.1094	183381.3594	92961.07813	53285.39063	83852.60156	265945.0313	201130.1875	
CPZ	1461374.75	1758920.5	1642508.375	1052900.5		829023.625	1117584.875	1633508.75	1201064.75	1761934.25	2680349	1507715.75
BTN2A1			349109.5313	724952	631037.25	540128	273131.6875	495698.3125	466610.1563	645340.125	461370.5625	
FAT4	677207.875	568986	662376.375	667359.25	578014.3125	724581.25	166687.4375	207861.4844	128306.8828	296083.625	292226.0938	347895.9688
ARFGAP3	615008.5625	837704.125	875260	369845	388442.2813	391572.1563	160398.5781	286997.5313	303837.75	361727.375	444834.375	491532.875
TTC5	441858.3125	479852.5313	501181.0625		17374.89453	172701.1875	18542.69141	255632.9688	302198.9688	364468.6563	302797.5313	409187.4375
ERGIC3	1869535.875	2062015.875	913022.1875	2569363.75	2404828.5	2621098.75	1009317.938		366344.1563	769878.3125	623780.625	1160224.25
TTF1	256560.6563			466477.375	2018156.5	224209.0156	862807.5625	835133.3125	731744.375	247020.4375		398231
MOGS	106163.4766	213649.3594	147954.8281	82753.21875	72195.47656	65289.26953	135089.8438	174531.1406	177179.4844	207405.2031	258895.2969	119061.7734
ATG13	1200937.875	1166154.75	1181365	612518.75	623312.375	472730.3438	656795.625	591856.0625	630536.25	270093.0313	659309.3125	409037.1875
POLR3A	207249.5469	383903.2813	68468.16406	35766.04297	46902.23828	39671.50781	140077.25	141078.75	39485.04688	43093.48047	139744.1563	132409.125
FBLN7	777194.4375	826500.5	470821.25	364251.4063	364333.0625	253704.7344	490679.1875	252293.5469	477082.3125	56679.24219	45889.22656	63087.95703
ITFG1	1846761.625	1894629	1710011	657720.1875	682880.8125	955109.125	1332289.75	1200917.625	1225398.625	1447926.375	1312866	1242446.5
WDR18	2359713	2982805	2697507	1737808.875	1940354.625	1599321.625	1419827.625	1147050.5	1488165.75	1100532	1756362.25	789546.5
PRKAG1	463623.75	1108769.625	1329653.5	542458.5625	395631.0625	410819.9063	277411.0313	402750.9063	405755.8125	287349.9688	561683.625	504006.1563
HIBCH	380424.4375	436848.0938	498483.25	263992.625	308835.0313	278519.5938	317615.875	288195.4375	444833.0938	206032.7344	298075.75	315192.6875
TRIM44	421651.6875	1219083.125	1239343.375	1740485.75	1650894.625	2213304.75	562531.6875	441446.3438	625018.25	884986.5625	1176519.25	748603
VPS29	560562.3125	643243.5625	696092.5625	1409260.875	1038131.313	2852938	1056446	903817.75		490100.6875		377271.4375
RPL30	1350819.75	1146357.75	1113965.25	772653.5625	821481.75	828300.25	540480.625	412241.0938	206386.8906	350824.5	601741.8125	648640.5
YIPF4	686600.3125	834539.5	704687.5	436643.6875	462110.3438	659499.3125	400062.0625	400758.4063	511736.6875	538155.6875	736807.5	518301.3438
RBKS	3958175.5	3069735.25	2950041.25	1832737.375	2983948.75	1791916.25	3722100.25	5974270.5	5609446	5712845.5	4651133.5	6426262
AS3MT	10214551	8140979	8158650.5	12435039	12051979	11402781	5019596.5	3862924	3646080.75	13700322	11488578	13609711
QDPR	136454288	111934720	96089336	159621856	175213584	145814352	141390160	162195872	141792096	197009152	181657536	202203808
CSNK2A2	344545.1875	505121.5	533733.75	275706.2813	298554.0938	209069.8594	290583.2188	202905.125	352891.9688	404684.6875	255698.2188	299415.2813
AGFG1	822005.3125	747825.9375	805585.4375	44854.46094	446097.9688	520386.9375	75855.71875	65534.96484	114698.4531	397522.3125	617472.3125	244874.4375
CSTA	691066.1875	595437.8125	177768.8125	343971.1563	336468.75	502783.6563	139919.5	145917.375	126426.1094	649318.25	39688.06641	981788.1875
KLK10	1712676.375	1393331.375	1694249.125	2968292.75	2923080.25	3158351.25	1727705.25	1448532.625	1326660.125	1136229.75	1784779.25	1089277.75
CNKSR1	299453.6875	361272.9063	297531.4688	232771.7188	211591.2031	216063.9219	127093.5234	167525.4219	186368.1875	316299.7813	228975.4063	263434.6563
OLFML2B	75727.30469	83898.375	105065.0391	446094.8438	365259.6563	352731.7813	85561.10156	59977.87891	133004.2656	362660.9688	278392.2813	288055.375
DPCD	4805830.5	5278164.5	3424433	5682107.5	8324224	6278630	4360929.5	2566512.75	3179016	4861187	5884466	5148530
LRP11	521430.7813	719587.375	720868.4375	1012273.25	817396.375	751418.0625	639211.5625	542982.9375	565828.375	848265.75	836823.625	162498.0313
CWF19L1	546838.9375	738945.1875	578532.1875	322082.7188	750916.9375	279000.3438	190513.6875	313739	214318.7813	528263.8125	266595.8125	471133.8438
RPL21	13334400	15188390	12522068	4708392.5	4314174	4541455	4616050	4906598	5583055	5113469	5568704.5	5083338
PAIP1	4470222.5	5298552	5433526	5421246.5	4104616.75	3350331.25	3251046.5	4200016	4044459.75	2830516.75	3070250	3354889.5
VPS41	408356.9063	350356.875	350626.0313	136130.5625	136777.1875	126588.9609	64753.79297	127337.5547	145347.7656	189777.375	243649.9375	248101.25
B3GLCT	854856.75	1217614.875	558291.0625	458598.3438	738303.5625	682364.5625	551273.125	371919.7813	679123.625	784482.75	641679.9375	890739.8125
ADAM15	180386.1719	174331.2969	178307.8594	258168.8438	480700.5625	478525.6875	96127.73438	111859.4453	123106.2891	380984.0938	481379.6563	178651.6406
WAPL	244000.375	224350.8594	309079.4688		30099.84375	54463.40234	11767.1582	18850.96289		148006.6563	153397.7969	123121.2109
TIMP3	5591523	2042310.75	6917854	769469.875	705667	836718.625	1158718.875	1170419.875	1121222	694333.8125	970616.3125	737482.625
RBM28	946352.625	905620.8125	912395.375	437151.6875	344105.2813	480209.5938	342532.9688	426640.2813	473770.5	505983.625	406866.75	418561.9688
PHAX	2142099	2652466	2475517	2550533	2510827.25	3542107	866083.25	613147.75	804595.125	1305821.5	1358334.125	1506898.5
KIFBP	485152.5	528712.375	671571.5	643430.75	503984.5313	526667.6875	400363.0625	325230.4375	409543.7188	448644.125	358287.125	534393.5625
HEATR5B		240215.0938	218236.4375	18144.65625	30395.11523	21663.97656	46035.65234	59499.24609	70032.32031	135048.0938	135188.5938	158366.3438
LPL	592691.125	606533	568651.875	469392.7188	474385.9688	663800.5625	50778.08203	47329.53906	57988.34766	162651.9844	198579.2344	167161
ARSK	597485.25	649437.8125	746464.0625	879814.5625	918530.4375	881319.5	401710.2813	236219.9688	196788.0313	1485243.875	1668766.125	1186325.5
PURB	1413416.125	1520331.25	566409.5625	253308.5938	991706.9375	869331.875	203957.2344	137830.6406	678581.25	1255932.5	445757.8125	392631.4063
MORF4L1	111426.3281	153487.2344	156319.0469	85599.03906	77732.03906	81699.46094	83083.57813	127641.9609	152896.5469	144419.9063	123640.1719	109922.3984
ABCF2		481016.5938	320525.9375	449784.1875	389072.1563	207090.7344	125751.7813	89578.36719	244138.125		184437.1719	113121.5938
NSF	772191.1875	973744.125	943571.625	139233.8906	207957.1094	543681.75	295418.1875	272214.6563	324807.1875	329273.875	448147.2188	418013.6563
ETFB	274686.9063	199544.9375	196762.8281	350990.3438	254885.6875	227951.6406	263612.5625	154933.875	208399.5938	172844.3281	134190.3281	179059.0781
SMOC2	929110	795276.9375	472868.1875	3133921.75	3971799.75	2582596	432580.5938	208804.6563	301865.5313	737645.4375	684789.25	1172006.875
WDR62	1017776.188	1212769.25	976841.4375	90214.35938	85171.25781	132091.7969	155376.2813	175456.9531	143217.5313	168799.4844	216067.9531	199711.9375
INTS2	581366.0625	737270.375	806948.3125			51974.77734	126337.1328	322537.6563	453465.4375	306058.125	146374.7031	382538.3125
SCARB2	2015740.375	2314839.75	2152341.75	1343613.375	1422627.5	1878530.125	1461063.625	1602609.625	1285810.625	1156487.375	1193061.625	846343.4375
CC2D1A	929227.125	788085.5	708072.5	319444.375	596627.25	279743.2188	548140.6875	535118.5625	669100.1875	333119.1563	321444.7813	212148.8438
SMCHD1	1276967.5	1380473.5	1163941.75	93033.375	88819.11719	262086.5781	165215.5781	525068.5	874083.6875	513808.625	614506.5	464932.0625
PLXND1			604272.8125	716226.1875	1015432.063	850728.1875	303031.4375	573935.4375	480409	335117.375	640657.8125	747510.6875
HSD17B10	2106245.75	1708326	2011840	715392	805144.5625	766058.875	879989.875	1170709.875	1016029.875	869889.9375	844893.5	739838.25
RPF2	634375.5	708731.375	684674.4375	90495.32031	110653.7422	236062.6875	252004.9844	268961.25	349900.4375	268819.2188	384428.9688	384517.8125
CRTAP	386135.5625	440923.9063	508357.5	529411.5625	640582.1875	499381.5938	446504.8438	351711.5625	387265.0625	337572.9063	354363.4688	341103.4688
ARL6IP1	5766808	7141998.5	6812811	4766066	5749792.5	6596977	607938.875	9293927	9980967	798774.8125	11692870	626533.125
PLK1	177227.6406	621517.0625	551676.5625	829416.5625	474617.0313	576374.5	919455.0625	832620.5625	885062.5	549134.5	59390.20313	54776.76172
NHP2	967426.3125	980401.375	1250374.625	1677648.625	1207841	1549679.25	987883.0625	690172.9375	995082.75	836436.375	949735.75	961877.375
SYNE2	495952.625	697945.3125	730505.6875	58324.10938	64625.23438	127993.875	342157.7813	410407.5625	454743.0313	295304.4063	390233.3125	396773.5938
LRRN4	2411831.75	1507437.25	1634415.25	1331085	1581253.5	1525532.75				1264815.625	915226.375	1382494.5
TBC1D22A	528264.25	786945.0625	859086	1169731.875	367034.3125	344520.0938	463170.2188	1424798.5	1257569.5	671223.3125	400534.3438	497642.125
NCOA7	1167340.625	1639254.5	1208899.5	251311.8438	258150	258874.9688	87599.09375	262196.0313	253757.9375	403455.0938	393327.1875	398913.875
ATG16L1	2088917.875	2340810.75	2697448	356997.875	659376.25	455025.375	884529.5625	1565118.25	1702118	959771.375	980121.4375	1210783.25
RPS14	6979833	8614847	8435382	4963695	5694400.5	5127973	3162267.25	3117868.25	4908197.5	3444419.5	5135087.5	4373658
TTC1	1349725.375	1560302.75	1543907	571898.5625	1524178.25	1276940.75	768753.6875	608056.125	681563.875	918698.75	918335.125	1009328.188
CDHR1	60083.37109	70890.49219	52821.40234	153795.9688	137859.5781	143676	141204.3906	187941.875	163448.875	161698.4844	158213.75	158186.0781
IGFBP4	903353.75	695699.1875	618750.75	1426979	1288836.875	1219800.875	787639.375	613437.8125	693605.5	856553.75	617816	942815.125
SLBP				104505.75	797083	848543.25	241968.9375					
NIBAN1	329281.7188	450792.8438	365629.9375	235367.8594	240284.9063	257297.5469	350600.2188	260076.7969	300179.4375	168007.1094	98086.70313	191274.5781
INTS14	283068.9688	469543.0625	359324.6563	284553.8438	292992.1563	266720.3438	151791.1875	173906.3125	235441.125	224088.0469	249496.4531	215826.1563
RPS26	9520563	8894537	6553009	5610761.5	5212798.5	4553133.5	4287142	4108286.5	4917661	3423297.5	3570583.5	4183021.75
FGD4	577035.3125	615419.0625	188624.7813		127758.7031				320290.5313	110609.5938	105700.7266	106357.875
GRB2	479105.9063	411836.3438	408393.5	521470.5313	534972.5625	436241.375	349545	322046.1875	461201.5625	345184.8438	336598.9688	297726.0625
RANBP9	202269.3281	529922.1875	488563.125	159134.4063	339146.9063	207483.5156	65355.41797	72761.35938	96901.125	237146.0938	180639.6094	153236.8281
NEPRO	797950.3125	819607.5625	1151163.625					151413.6563		129032.0938		156402.625
WBP11	605142.3125	548084.4375	1041112.563	650032	710042.375	873694.625	250917.3438		357401.0625		654526.25	501721.0313
PTPRZ1	1042527	736146.5625	413342.8125	981856.375	1084871	908005.375	174340.0938			487505.7188	539788.875	411682.6875
UTP4	1115692.625	1775525.5	1275973.875	857067.25	859934.75	1008490.938	468548.5	395218.7813	18768.90234	477552.625	661724.375	422115.3438
PSMD14	2522390	3072041.25	3160636.5	3293875	2885311	2497367.5	1536479.625	1571150.375	1457139.625	1372540.625	1298340.25	1573272.75
NBEAL2	489408.4688	499118.1563	570674.8125	282432.4688	124184.3516	243390.1563	70205.21875	91548.32031	131998.2344	224369.0156	290722.6875	294257.75
ARRB2	219155.0938	227748.9531	154544.7656	82750.67969	115844.375	101061.0469	109582.8594	84702.78125	103054.7734	129508.1172	159765.6406	143196.1875
EPB41	680276.875	791245.5	848350.625	432860.5625	510341.7188	754108.5625	376126.0625	374475.4063	397992.25	481448.4063	808220	444799.0625
KDR	452521.6875	254987.6094	551314.3125	79632.85156	85516.04688	172479.5313	814609.25	788033.8125	422247.5313	79883.4375	58854.82422	367058.2813
NBEA	9918354	6776473.5	8672967	8760325	5365539.5	8972343	33020318	31368086	25519108	13508540	12165055	13983030
SF3B4	6661592.5	7589056.5	7269992	2520931.25	2455543	2280509	1730070.5	1532250	2357669.25	1963524.75	2170990.25	1595231
WDR13	1110394.125	1115514.5	1129632.625	428585.2813	454510.875	605770.1875	364423.625	728988.9375	693103	572900	428203.625	400405.5938
MICA	5171121.5	4561624	4496544.5	7122400	5728446	7035800	9563801	10288803	9758587	6900241	7520416	7322563
GALT	112327.0156	1037644.875	1112280	388530.25	441288.6563	429614.2813	150651.9219	323744.5	140900.7813	116804.0391	280665.9688	814300.0625
RPS5	6369447.5	5828468.5	4935937.5	5994774.5	5926357	4791831	4040841.5	2327340.25	2907419.25	3122447.25	3333658.75	4194501.5
CNTN6	138243.8438	149767.375	132961.4844	101477.0781	73561.17188	87677.0625				115713.6875	117613.7656	87746.22656
PML	725917.25	1102504	1360786	716850.4375	667541.875	862481.25	229304.8281	285619.2813	232271.3594	676228.75	808163.125	756920.5
RFNG		334839.9063	392651.875	341280.75	374061.4063	306689.5625	343217.9063	380007.3125	262388.8125	248033.2344	294450.5625	201254.1406
KIF4A	189260.1563	194880.625	360057.9688	64756.89844	78820.89844	66288.6875				158644.9844	102148.0313	150307.5938
ARFGAP2	765359.9375	893442.4375	443547.4688	516724.75	530837.625	582508.9375	363209.125	319409.5	361685.2188	404553.8125	478273.6563	459750.9375
NOP14	1458410.5	1387964.125	1631211.75		2022983.125		386468.0313	857813.5625	449215.0938	312146.625	448174.625	
STOM	819117.8125	1113163.625	863663.6875	268032.375	266305	712055.8125		74573.17188	29120.86523	1180827.75	1263768	997673.75
SH3PXD2B		650207.875		462104.3125	668738.5625	693158.375		334035.2188			641036.375	
PSEN1	674128.3125	842232	573925.375	102864.9922	748457.0625	715323.25	1110791.625	1043776.188	964758.0625	859538.125	1285351.125	949285.4375
ATXN2	1188027.375	1354055.25	1254439.875	286606.9063	261949.0625	327011.75	78392.53125			145116.875	191989.7969	171762.875
TBC1D8B	1952840	2866209.25	2792492.25	1588352.25	1419643.75	1994547.75	542469.5	447078.8438	646975.3125	1381695.375	1724234	1490002.875
YY1	1516453.5	2338102.25	2787945.75	1566581	1711343.5	1524939.25	565975.5625	297001.0313	737842.875	980750.75	1606107.75	1346581.5
NIN	1775421.25	814365.8125	2478921.75	581857.3125	724103.375	550407.375	606884.375	1538777		1292860.75	2671040.75	2753336.25
HIRIP3	2465194	2465871.75	3119592.75	1782822.25	1443024.375	2677472.25	1026106.625	653930.3125	645003.8125	842867.1875	1721993.5	1507247.25
MTMR2	482223.0625	692574.5	610792.5	67697.0625	61610.875	74579.96875	51015.30859	78971.21875	87309.00781	73149.64063	59873.0625	72684.32031
CRLF1	5410544	6114649	8249680	4229832	2663098.5	2039543.375	2425617.5	3611756	3933242.75	669767.5		1779593.875
CWC27	776687.3125	1000114.813	463824.625	436990.8125	828874.25	563102.6875	494221.4375	224529.6406	514296.625	522862.3438	345703.25	476416.5625
RWDD1	1611017.5	2210758.75	2492395	2236918.75	1986752.5	2032673.625	1088611.625	1377680.125	1681653	1856044	1395911.375	890976.9375
QPRT	23997802	20829468	20619470	18185696	17649526	20481952	14239597	13917406	15737098	12215814	15369607	13809264
RBM12	335975.0313	488097.125	351159.6875	113932.5469	113774	115854.6719	112100.5	101934.5938	114731.1094	62907.94531	58732.45313	66750.21875
RSRC1	1252895.625	1076989.625	1044167.625	549436.75	492215.75	856138.5	366585.4063	260601.4063	428122.9063	579459.6875	595697.625	656262.75
NIT1			654379.4375	686421.1875	562374.9375	813926.0625	411906.625	221312.8438	261904.375	178153.4844	20793.25195	332305.7188
LPAR2	299966.9063	207564.2031		138547.9531	177301.5	379319.2188	518015.1875	702739.8125	473165.875	336740.1875	425349.3125	169534.1094
CKMT1A	2934827.75	5445102.5	1806692.5	4625544	5039955	3650914.5	4936231.5	4310445.5	4663293.5	3422521.25	3135089.25	2494531.75
EXOC2	963103.5	1162357.875	924754.5	1316638.625	1207657.125	803960.8125	632841.1875	555895.4375	604266.1875	474072.0625	524796.375	564805.1875
S100A11	10441148	20130186	20555826	30711742	35117960	30449142	75653464	74990496	51496792	66413700	77876976	67887864
MPHOSPH8	1824513.75	1931366.625	2141248.25	1004300.875	887732.0625	1514780.5	82818.63281	78302.77344	54226.20313	1078382.375	856521.5	1282862.25
BDP1	137034.7031	121858.4531	157313.7969	96206.51563	135983.5781	194632.8594						
USP48	616108.9375	902779	798725.4375	193165.5781	312865.6563	496511.125	85259.00781		111404.5391	411785.9688	351606.1875	647106
OCLN	497749.0313	514962.2813	115321.4922	404117.5	153046.0469	554357.25	64205.59375	42005.72656	46419.60156	82611.95313	92303.60938	82270.15625
ANAPC4	1035336.313	1252817	1193597.875	105986.2266	127026.3672	180234.1875	177940.9375	399614.5313	414593.375	600158.6875	666651.625	1066169.375
MYCBP	1587203.875	1477807.125	1611656.25	1553058.875	1159145.375	817951.8125	1151233.875	1100228.75	1533422	923364.75	746680	574421.5625
SYNPO	190074.1719	219139.9531	194657.625	101820.2188	84902.49219	77181.67969	13033.25488		14670.2666	92610.42969	81952.66406	109027.8359
PCDHB11	412665.3125	89383.47656	375389.8125	33667.97656	34253.55078	47657.03125	320470.7813	422204.75	195839.125	298478.7188	333576.9688	255489.6406
BTF3	5236169.5	8083787	6704232.5	974346.875	1262950.5	1970444.75	1856664	1972937.125	3354634.25	2617130	3344188	2520802
C5orf22	1137106.25	779422.625	1308896.125	1046517.125	1329884.75	988883.8125	471448.2188	737055.4375	1121709.125	1668503.25	1253033.875	524402.375
GRPEL1	682504.5625	1508641.5	1164684.75	1823865.125	1508563.375	1376144.625	1227341	1114593.5	1006129.938	902007.8125	736621.625	878891.9375
PCK2	623248.25	897234.1875	457128.6563	69757.95313	266782.2188		221048.3594	125906.5234	148029.4063			
ISG15	3248516.5	2856732.25	2542684.25	910044.8125	1007714.063	960271.4375	1346710.5	1602955.375	1607349.375	1139833.125	1286845.875	1503164.75
MGAT4B	1050664.875	2226561.75	1480785.625	961957.25	714992.875	927460.5	157848.375	203567.9531		1245881.75	1303527.5	1679850.875
SCRN2	662224.3125	1017975.125	1393191.5	1378890.375	576304.625	275781.875		183651.9219	736398.9375			377271.0313
SLC5A3	927016.1875	892648.0625	1195991.125	930167.0625	385251.0938	955499.75	1372580.75	1940220.75	1189079.625	391165.9688	930924	354861.4375
UBE2Q1	1437212.375	2282038.75	1137925.125	1521392	1573056.75	1533547.625	767629.0625	632878.8125	1072178.25	1543273.625	1810009	1640962.5
DIS3L2	268872.9063	276648.8438	261358.1875	123633.1094	253199.7656	180930.625	132389.1094	157934.1094	157628.5313	125930.8438	135991.8906	71572.52344
U2AF1	7667348.5	6847264.5	7417149.5	1149876.375	1109498.5	2548619.75	2851375.25	2420012.5	2661249	3166990	3881131	3288955.75
POLR1A	218144.7813	332113.9375	249891.7969	18896.7207	175989.5938	158869.5469	91783.1875	98884.63281	113128.4609	191555.0313	152795.9219	185601.2188
RB1	331684.7813	421858.0313	371619.375	404899.625	289549.4063	351842.3438	55726.11719	31857.12109	103517.6406	250223.1875	500214.4375	429790.25
SLC7A6	287363.4063	283256.9063	198665.4375	93826.46094	117818.125	135043	153241.9844	142996.125	137834.2969	154625.9688	173218.2031	136196.4219
YTHDF2	405793.5313		116991.375	276083.2188			456573.0938	252016.0156	148542.2656	283133		223539.4375
FUT11	658956.25	855059.3125	858983.8125	1687843.125	1444414.375	1060328.375		135426.0469	84645.60938		239059.6094	292904.875
RPS12	1034943.375	1084525.125	1218226.75	2043102.125	1624865.375	1785158.125	1005299	1047907	1221302.625	696991.625	824953.125	763240.4375
CA11	1109998	1380150.625	841025.6875	1597836.5	1608177.125	1280682.625	1426724.5	990580.6875	973975.4375	1588850.375	1333348.875	1261916.25
MAPRE3	276980.3438	340754.7813	346788.2813	241920.4375	238556.5156	327662.4063	143269.4688	151220.7813		135508.0625	152568.5625	
TXN	7699298.5	8629313	8431213	6621746	6239034.5	5225258.5	5495981.5	5723960	5650347	5735099.5	4615972.5	6576417
NKTR	806492	831202.25	865901.25	1226469.375	404705.2813	1801462.25	356210.9375	168199.7656	529044.3125	745186.5625	352082.5	713401
POLR2B	780177.0625	900565.5	844685.375	558233.625	275194.2813	287820.0313	138007.2813	155426.4844	168443.9219	214721.5313	168935.625	250517.2969
NDRG3	1064559.875	703266.375	574180.1875	439017.25	325756.9375	365089.875		272082.875		371386.875	245809.4219	345650.8125
PSPH	3506064.25	3244394.5	2975506.75	3571475.5	3876154.25	2517921.75	2222254.5	2197499.75	2715436.5	2819751	2521322.25	2234973
LSM7	1590023.75	1853799.25	1652673.375	2789536.5	2462584.75	2253087	1355863	831361.5625	967170.6875	857110.3125	968745.375	1112247.5
B4GALNT3	460532.7813	744634.8125	477771.125	896679.5625	935408.3125	1388004.5	106308.4297	199106.375	662191.8125	614971.3125	648310.75	749841.5
LSM14B	782122.6875	987064.1875	860972	597298.3125	481700.5625	576369.25	255511.5938	206626.0313	217935.1875	289382.875	392955.7188	458286.1563
BICD2	439859.3125	608865.125	464750.875	678547.625	746259.3125	472126.5625	217140.9844	106127.1094		68054.8125		132280.6563
DRAP1	1240917.75	1598370.375	1405066.25	2275691	1398534.75	1747668	668169.8125	475030.6875	495204.5625	642686.5625	533421.625	722317.0625
NCAPD3	185191.375	192724.7188	242080.625	151755.6719	115194.5781	144735.6719	50871.81641	94068.5625	97562.89844	168732	208772.4844	183668.0625
COTL1	1716193	2091351	1821131.625	1215330.25	998282.125	1037929.938	764182.9375	945381.625	1378670.625	1221119.625	1096179.75	1275170.625
IL10RB	371725.0313	392377.9688	414686.7188	612749.0625	617403	600151.625	482289.25	434069.625	283442.6563	751503.5625	589159.9375	306502.0313
TBC1D17	2460325	3422661.75	2569977	895702.25	981220.5625	964679.5625	842895.375	624074.25	757380.4375	1004616.188	1380697.625	1686264
ELAC2	590591.8125	529559.5	886058.4375	201351.1875	172748.2344	165612.2188	192620.6875	210478.8906	282224.2188	344035.3125	373347	378595.2188
CAP2	308868.4063	400175.375	359896.0938	276280.0938	232889.0313	264828.75		121555.7344	166723.4063	437849.8438	358765.5938	349937.5625
NPC2	2298118.5	1810176	1562614.75	2657418.5	3682642	1997905.75	433949.8438	1641099.5	2274724.5	4701042.5	2497106.75	2338690.5
FBXO3	429450.0938	398775.1563	436364.6875	390772.9688	424971.75	483488.5	476676.8125	497268.0313	545232.9375	448151.875	453689.0313	411782.5938
CLDN1	1824687.5	2250303.75	1634008.875	1445298.125	1191830.625	1122569.75	3609013.25	3507005.25	4095900.5	2245122	2819166.75	2764910
IFI30	5438406.5	4635284	3893264	9123693	8776339	5321952	5429975	4928862.5	4273854	3193258	1840877.125	2718175.25
EPDR1	1342333.125	1866219.75	1956164.75	368868.2813	478479.0938	395621.25	78749.17188		84786.78125	875426.375	707271.0625	549304
NCAPH	338725.25	441363.25	462631.6875	53637.25391	65406.875	91546.20313	92692.17969	90876	120881.5391	187853.8281	145854.6094	271145.9375
CLDN16	3627713.75	3172260	2836503.5	983328.5	1403373.875	2255893.75	3891039.75	2730984.25	3201857	4962171.5	6388142	3230331
SYMPK	1067336.75	1838570.125	1624187.75	1242801.75	772097.1875	763724.875	653011.5625	495476.5313	762419.125	940478.125	887125	941205.125
ITGA5	468317.875	617788.75	352738.5938	587330.75	744681.8125	433364.3438	1304464.625	1158625.375	1243784.125	837615.4375	1309490.25	1189137.25
GOLGA7	2057590.625	1582895.75	1761650.625	2425862	1664055.75	1814668.875	1982867.25	1269902.375	1140759.75	1156823.5	989880.0625	1216998.75
CCDC91	189745.0781	341493.4375	232589.2813	340954.4375	450818.3125	334522.375	101377.25	143249.2188	143586.875	215098.4688	263412.4688	
DCK	3161127.75	3843323.5	4682490	1689038.875	638223	1423813	2251263.5	3100140.75	1630844.875	1178925.625	2315481.75	1664838.25
ASL	125831			494022.125	529830.4375	480372.625	108063.0625	95534.67969	146350.125		95501.32031	
RER1	2507420	2671105.75	2237426.5	485925.9688	467075.2813	351784.9063	1437335.375	1873748.375	2142401.5	1272343.875	1598072.625	1331474.125
ARRB1	365608.3125	850792	677868.125	292885.4063	162016.7969	226733.1094	260197.75	470902.875	423601.1875	143027.5469	260909.6719	162446.9688
GLB1L				399215.7188	242160.9844	236820.0156			207454.6563			
EIF3F	375066.375	377395.1563	255673.6406	260508.7188	382339	275094.5313	153602.1719	63071.42969	193104.3906	134300.7656	212665.0781	352514.7188
DCXR	1698785.875	1563229.875	1955822.125	561575.75	577383.3125	599208.6875	268894	399146.625	379853.8125	390675.4688	258387.7969	485805.0625
CLNS1A	1897958.875	2903720.75	2211683	2987805.75	3120207	2597271.75	1743279.625	1558920.875	1819896	2129582.75	2299095.75	1465984.25
MTMR1	197200.1094	302121.8125	364201.875	99139.92188	122686.0078	142598.0938	181239.4844	249549.3125	313466.75	409934.5313	230228.8438	277072.3438
CAV1	1136763.75	1320615.75	1314946.5		111279.5625		1345098.75	1486232	1550961.375		283241.9063	132088.4219
ADGRA3	271185.9375	244222.3906	260192.9844	408645.8125	439791.875	523187.9688	325564.0625	355850.8438	310580.5625	423252.9688	421806.8125	470484.0625
PAWR	967648	961102.1875	1066186.25	1408973.375	1209941.75	1374755	280782.3438	124426.6875	225328.2656	307212.8125	360121.875	389604.25
ABI3BP	492544.5	309337.8438	319366.5	295272.6563	563078.6875	199261.5	30682.94727	242888.4063	138744.7031	316539.3125	303063.6875	374605.2813
AP3M1	1380855.875	1908223.875	1870316.5	259728.9688	227413.6094	162281.1406	258483.2031	977959.5625	585567.6875	819325.25	387909.875	311803.2813
ZZEF1	609803.625	551944.3125	1024789.875	312938.9688	224502.9688	514161.3438	414485.4375	503365.4063	618018.5625	634332.5	567031.6875	820745.3125
ELFN2	901863.25	779889.25	882537.9375	728146.1875		786335.3125	1610584.875	1457253.75	1460112.75	640150.3125	521717.6875	539399.25
COIL	3051051.75	2779731.5	2218735.5	1427709.375	1149684.5	1653236.375	918510	1056022.375	1267527.125	767863.8125	824374.375	1491337
MGAT4A	845374.1875	1386256	1135601.75	1553358.375	175149.1875	1071556.625	638852.25	335311.6563	861111.5	349020.5625	338895.8125	
HMBS	477083.1563	656620.6875	853693.4375	654497.375	997041.125	499594.8438	337281.5938	359472.5625	354650.7813	661357	690502.125	717161.25
NUTF2	3189337	2885232.25	4607821	888005	947272.0625	1270204.5	952419.125	2099629.75	2768829	2479570	1960964.875	1713504.875
PTMS	21238876	29690764	29340254	38686680	29868710	30169970	23900454	13710359	24803506	48242740	30102718	24855092
DLG3	1353243.875	1577326.75	1271637.125	737754.75	910569.6875	933943.625	495780.5938	534140.125	324043.2813	340594.7188	632397.875	650551.625
TNR	408375.625	273640.1563	228361.4375	118224.1484	43834.57422	106257.7813	33884.90625	23467.45313	60831.95703	153858.9844	119400.5781	99804.30469
CCNE1	578300.0625	806348.75	713155	499841.25	370292.4688	480316.2188	629878.1875	866049.75	709718.25	378924.5313	459570.4375	466015.875
RTN1	402038.25	411726	382248.5625	557572.5	536416.125	482763	495239.9063	327480.6875	361448.1563		326314.5	292536.9063
CTH	428965.5938	426193.7188	574472.1875	384383.0313	248722.9531	318032.5938	201310.5938	187204.7031	237699.2656	92583.375	130957.3672	110961.6094
PDS5A	357457.7813	394099.6875	418906.875	341661	504759.375	363607.0313	322205.2813	274624.1875	284169.875	235835.3594	326333.5625	179111.3906
CASTOR2	510670.9688	551244.9375	621816.3125		296681.4063	292867.125	390920.6563	559791.1875	497788.2188	495389.3125	184958.5781	588237.5
URB1	386256.2813	395139.6563	399377.9375				122775.4297	159062.9844	147787.2031	149617.9531	17805.61914	137323.2344
GPX4	582793.8125	1114225.125	1248726.125	256942.75	229659.7344	445952.7813	256654.2656	299369.1875	301419.3125	282485.4063	305781.75	548171.5625
PARVA	63882.70313	413611.4688	84333.86719	332745.1875	327658.0313	252141	866547	1285617.75	868031.8125	305478.9375	62064.39453	534460.1875
LONP1		349696.2813	277013.7813	160620.7813	200166.7031	145430.2188		129987.4844	149291.9531	76316.80469	80212.16406	
KDM2A	5247967	4752215.5	4764215.5	525125.4375	538613.0625	689020	1754670	1544554.125	1872867.75	2108241.5	1953103.625	2089090.25
ADD3	589198.625	990750.6875	833081.1875	540644.3125	625725.375	879605.625	365363.1875	417641.4063	558549.625	361041.5625	720483.9375	492018.5625
Immunoglobulin lambda-1 light chain OS=Homo sapiens OX=9606	2491322	1973005.75	4180648.5	505297.375	1542403.5		2125504	5108069	1868329.375	4808445.5	5327331.5	8247144.5
CENPF	6331469.5	5988432	12447975	6021062	6307097.5	3314282.5	3491234.25	7592599.5	2451191.25	9789336	13065456	11828472
SCUBE3	1884057.125	1587522	1759924.375	807268.6875	763934.25	816450.8125	650682.875	591247.375	437512.1563	1519110	2190313	1486632.75
LFNG	370385.9688	28496.71094	385278.0625	854596.8125	735060.5	685079.0625	646928.5625	617163.125	777539.625	51661.08203	473963.9063	437805.9688
ZMPSTE24	547466.1875	559972.5	442259.8125	370308.5625	230902.9219	277298.875	300326.7813	312073.1875	317387.5	277616.9375	303510.9688	288227.5313
FAM169A	453694.375	548583.5625	462507.7188	514960.3438	507729.5625	658660.375	38237.42969		25634.42578	349938.6563	74562.10156	288348.9375
ZC3H4	735151.125	772965.125	720006.125	309318.2188	323062.3125	572694.6875	234537	196137.7813	289593.2188	476322.6875	523510.75	352772.0313
ANKZF1	1086408.5	932904.375	1134889.125			321419.875	134760.8906				241382.0781	216355.5938
ATP6V1D	1607530.125	1657847.625	1678112.375	1379605.375	1518468.75	1384020.625	1056465.125	1041121.938	1137755.875	950054.0625	1111634.125	1068343.75
ZCCHC8	580460.0625	407601.0313	691200.0625	129516.7422	169440.0156	89790.83594	67566.09375	35399.68359	52244.1875	251006.6875	211716.375	351218.375
RBM3	855670.5	1259201.5	798394.25	1445489.125	1348400.25	1251988.125	463263.0625	587945.5625	826207	817502.9375	323898.4375	748189.875
UBR7	1747545.125	2090251.375	1850598.25	2173019.25	2015535.875	1878858.375	509931.125	424008.3438	454763.75	1375312.25	1555128.5	1488366.5
ZYG11B	184382.7656	511455.0313	346782.375	174325.375	107421.625	97546.16406	182670.4531	461874.5	385387.1875	184510.0938	188007.9375	473355
OSBPL8	538648.5625	969515.8125	1034198.688	213025.3438	158937.7188	189614.7031	326765.875	290374.9063	384518.9375	351385.5313	345405.2813	367272.375
ECHS1	1169477.625	1153805.375	1201269.625	2354590	2366502	1861554.75	2324952.25	2248058.5	1821926.625	2524814	2710910.25	2828698.75
TSPAN4	3628553.25	4522515	7642241.5	8398462	9143433	7505705	12085480	10801168	10990366	17821736	19644900	17989728
CCNC	320730.0313	770551.125	817899.25	215248.0469	209891.4688	267321.5938	247195.3281	268701.8125	269359.7813	230462.7813	652043.3125	666686.4375
GMFB	692433.5625	939978	899236.0625	929181.625	842735.375	906341.3125	612926.875	489474.2188	282946.25	605669.6875	551872.625	592682.625
PSMG2	1797484.625	1302803.625	676658.75	981579.625	1560392.625	1073695.125	1097658.5	728018.75	1558527.25	742678.125	970582.25	1885181.25
DOCK1	471464.875	601829.9375	438306.8438	156819.9219	196776.3906	212934.125	323094.875	384845.4063	383961.0313	360924.0938	419833.4688	365398.1563
GIGYF2	574985.6875	594367.375	451522.375	304943.6875	229795.0781	446839.4375	148079.1406	116795.7656	156320.4531	154335.8594	201468.0313	203566.2188
APIP	417883.2188	477336.4688	439318.9688	474384.4375	902138.25	678895.0625	448730.5938	491550.2188	492475.4063	664985.5	576986.375	531455.6875
CARMIL2		187391.8594	674370.375	245716.2344	477740.3125		209800.7656	315378.8438		308962.0938	577037.75	811729.5625
TRAPPC3	667270.875	814897.4375	673173.6875	349027.5938	226038.3438	344864.6563	207462.6094	159465.5781	206635.2813	234807.3438		304734.375
GATD3B		1561037	1539410.875	738849.5	815194.25	1398583.375	846202	1960232.75	2466315	1263669.375	1288601.375	1245895.875
AOC3	8559849	9708193	9158503	4464815	4403192	3917912.75	3443019.5	4892162.5	3784565.75	3206242.75	3095508.25	3041716.5
MEX3D	275819.75	240231.7969	224730.7813		141713.0313	119532.2188				77037.96875	111148.5313	
CHKB	295188	342659.1563	265903.5938	192066.3594	230635.2188	190452.75	150483.1094	191215.1719	176101.5781	131577.9063	128194.8438	120600.0391
HS3ST3A1	1351081.5	2221111.25	1914307.625	1356194.25	1414464.5	1072951.75	714099.3125	749298	887297.6875	790847.375	887433	1217755.875
INHBA	62720.71484	130520.6328	98878.45313	42319.48047	71563.78125	58452.82813	114218.5313	109981.1641	118634.5391	54846.20703	56961.03125	54748.92578
OR1M1	628893.25	1470456.875	2076785.75	3860843.25	2569313	2943672.25	2208420.75	2669433.25	1657143.25		881236.75	
TMEM50A	776996.1875	919138.75	1251929.25	436972.0313	562318.625	454344.2813	432468.5625	507559.4688	586801.9375	482236.25	619709.375	490199.9375
PSMB10	1004128.25	529527.5625		990541.0625	644823.375	823232.4375	514894.625	55491.44141	560907.875	302574.1563	534675.9375	373832.6875
CC2D1B	239194.3906	256976.6563	335427.75	113568.375	134175.8125	217593.1719	66442.05469	47774.14453	98043.73438		80099.09375	
ARR3	1115119.75	1158500.25	952990.5625	1362752.875	1890648.625	1308954.25	1077331.25	890331.6875	947240.875	768805.125	833073.25	798821.375
PDGFB	940697.75	917787.8125	935458.1875	599301.4375	644143.25	461878.0625	467958.0313	373507.9688	407576.4688	570951.875	528208.8125	587473.625
IAH1	132241.3906	169646.2344		228100.0625	198145.2188	149695.4375	125925.3828	174210.5781	139499.1563	171308.2969	155867.6875	
INPP1	197500608	234470592	175667552	224120688	192779168	154261104	212866736	171843536	196639888	164152368	156563104	148666704
PCNP	793058.0625	1089576.75	985485.375	1055243	1142169.25	1692949.25	416485.5625			926205.25	1241948.5	1198377.75
CYB561	751106.5	768748.625	827075	241739.7344	278942.5938	305569.4375	245986.4531	456724.625	366018.625	234243.625	326139.9688	262486.625
RETREG2	597521.625	627357.875	678788.5625	1142885.875	1573958.5	1400515.25				478347.5625	671946.1875	578230.4375
OXR1	591198.4375	617418.6875	693518.375	175862.5313	198686.7188	332541.5	117754.3281	210416.9688		411739.25	581494.875	616306.5
ME2	366711.1563	498086.8125	337766.25	394750.9688	483437.8438	282008.5313	174941.8281	162137.875	231297.1406	179858.6406	134329.9688	261380.2969
COL23A1	2237642.25	1847865.125	1872291.125	6375976.5	6685082.5	5364560.5	5148798.5	3938758.25	3704454.75	2755420.75	2835692	2607992.75
TBC1D8	206864.1563	242328.4219	220782.6406	67041.24219	66907.26563	93677.24219	109614.1797	116618.4219	88431.19531	105003.625	136680.3594	107201.7891
PLPP2	365968.7188	432107.8125	434637.0313				327321.625		325053.5313	187387.1875	263588	199782.7813
KIR2DL1	772388.5	640864.875	602295.25	842966.75	958022.75	680808.625	1025729.938	660249.125	718466.4375	1367353	1067071	1405288
ZNF350	721276992	605385344	431309248	1832518016	1490577408	1478043648	860831616	535276416	664560640	865294144	730553984	778811584
DRAXIN	226463.1406	223741.5781	178072.375	667486.25	608696.875	603990.25	108403.4531	57586.17578	72162.60156	140509.625	183330.2188	178084.25
F11				2833445	4039009	2453333.75	1002194.063	884799.375	1091158.25	1279446.875	1347766	
PGA4	934684.8125	842507.25	497601.125	405090.5938	751510.0625	550367.125	793080.625	789965.125	901483.5	1170672.625	1267623.625	1039647.875
CHST7	17320108	17769062	17544874	21390710	20609380	21941382	13850337	9058522	9311173	13871851	10090619	13103303
SPPL2A	240070.2813	159516.3281	191944.5			99155.42188		81514.71094	105597.5156	210199.4844	218991.9844	
FBXW7	3538512.75	2911024.25	2755529	4479828.5	4947444.5	4648992	8462520	8434252	8288785.5	4768866.5	5130730	3666943
GJA1	358446.1875	401977	247176.8594	401644.9063	483943.9375	480387.8438						
APAF1	83598.78125	46174.41797	133598.8438	108473.5938	85473.26563	79410.13281	77124.1875	147807.8438	59604.00391	189561	194586.7031	246116.7656
BMP3	190137.875	42458.61719		374568.5	209838.5313	327062.8125				108136.7266	114343.2109	115649.8594
SERPINB4	21962836	25879278	23143588	15611595	13894170	24195114	21304144	18293596	21519364	14552661	15688861	14993199
UNC45A	221033.5781	221634.4531	211793.7344	292163.875	205038.5781	369526.4688	121065.0938	154065.3125	115298.6328	81138.71094	99481.02344	128210.8672
MMS19		298275.2188	242056.1719				116916.7188	172038.3438	221445.9375	172717.75	158659.5156	194757.7188
ZC3HAV1	230320.8906	349933.4375	359193.5625	147042.1875	100518.6719	117975.4531	189088.8281	305129.3125	319964.6563	104129.8047	155204.7813	124741.8203
HACD3	487585.75	721135.875	572954.8125	255135.7969	200826.3281	314702.2813	234632.0625	355358.7813	451223.8438	360063.25	503629.875	261623.3281
FAIM	141073.875	156280.6719	192919.5625	59777.26563	68910.96094	95518.375	71256.90625	74214.97656	119776.7344	104654.8672	102035.5781	89031.82031
CREB1	2197213.5	2364799	2409219	1192279.75	1416474.5	1985887.75	791737.375	651521.0625	680442.625	1036357.125	1497180.5	1467333.75
CARM1	332751.7813	370646.3438	413176.5313	37743.60938	16607.93359	78601.8125	164789.2188	301964.5313	402196.7813	196087.1719	220947.1094	216385.3594
PDGFRB	76580.36719	106823.8594	98588.72656	135568.9063	122813.1484	136970.8438	94877.73438	113841.0938	101117.8594	63842.70313	54224.10156	85527.98438
PHF10	479968.3125	261191.3438	320753.0938	136353.0625	98391.94531	172462.3594	74933.29688	73213.375	151834.3594	222250.9063	161695.3906	218538.8125
TGM3		207290.0469		150376.9219	240509.1094	138935.4844				104706.6406		96863.20313
GREB1L	157757.3594	235936.8438	143464.5313	133125.5625	232676.125	174035.9219	179423.9531	164644.3438	165559.0313	108502.7266	117932.6328	118391.5156
SPATA31A7	57230.80859		52987.5	121649.5156	102770.6484	121350.875	62585.03125	65157.80078	43001.98828		91081.47656	87216.59375
MAD2L1			639737.0625						475676.625	559934.75	455174.7813	340802.8125
TMEM167A	212614.8125	305714.0625	361888.6563	117596.8516	123384.8906	166022.625	150704.9844	227883.7344	261254.4688	221338.5625	295761.6563	216686.5469
MAD1L1		544753.125	820513.4375	965416.125	1270929.25	1110804.125	953244.5625	554368.4375	745345.5625	763084.125	813365.625	820206.625
YARS2	97487.59375	134353.2969	118345.0313	84413.89844	79223.60938	63063.11328	79676.04688	88345.85938	82442.63281	49332.05078	67774.35156	69787.89063
FCGRT	329405.1875	543156.5	240464.3125	279396.8438	295095.0313	256320.8125	214849.3125	283159.9063	238372.9844	265332.5938	235224.6563	206255.1406
CZIB			196495.7969	182727.6719	140515.6563	92194.90625	42620.39063	58962.4375	76507.4375	94667.57813	65172.76172	123019.2266
UMODL1	873723.0625		1859448.75				539862.4375		767000.3125	474700.9063	577999.0625	824439.6875
IL13RA1	640679.8125	617192.75	698969	1576309.875	1532311	1543633.875	1584222.875	1081133.25	1663832.875	1357803.75	1101655.625	1563889.375
PRG4	81706.20313	34341.57422	93378.79688	95085.9375	119590.6953	145270.5156		119736.0156	78975.60156	68274.32813	67909.375	76698.58594
THNSL1	2704609.25	3091762.75	2666330.5	2331039	1749559.375	1886466.875	1912498.25	2638034.5	3411352.25	3767218	2449616.5	2895788
NME7	251206.5156	470584.0313	310219.3438	124909.75	145669.4219	190073.0938	479079.6563	365273.3125	506947.3125	200953.375	218688.7813	188592.8438
RPRD1A	122595.375	107420.2969	116636.0703	133889.8281	116842.9609		77966.92188	64504.23047		66788.96875		72386.65625
TEAD1	496024.6563	1209253.5	1278392.625	1540432.875	1090038	1187730.125	3071666.5	3283718	2742142.25	1187413.75	1530440.75	714888.75
ATP6V0C	20804.58203	202624.5313	402248.7188	209277.2188	210267.75	238628.0625	241029.1406	306432.25	255493.875	212329.9375	332383.7188	222951.1563
NCBP2	284098.375	293105.5938	378983.125	207784.625	178067.25	228913.5313	104044.0391	68878.41406	122235.1875	108823.75	198346.6875	180737.4375
RERE	119151.5547	209827.1875	243986.375	263467		177639.1563			78234.375	86521.32031		109818.0156
SETDB2	152845.6406	156243.4844	135011.125	156522.6094	84568.98438	145950.0313	75486.42188		210771.2188	153289.9844	67995.89063	49227.07031
VAPB	448203.7188	491683.5938	478815.9688	1401298.125	1090436.5	724834.25	1122134.375	847106.625	1098847.125	728520.25	673085.875	674097.75
MGAT5B	1827903	2550011.25	2813232.25	271633.2813	275712.3438	424667.4688	764699.875	679740.3125	942616.3125	746847.8125	904516.5	974750.8125
SGSM2	583017.3125	1047853.625	1337105.875	1943730.5	2022435.25	1419344.625	1647911.5	1274294.125	2542609.75	1361044.5	1632988.875	1398389.75
WEE1	345583.4688	338653.5		407786.75	484510.9063	435047.125						299629.6875
DDX3X	1271152.875	1470375.625	1286848.25	508686.8125	506221.1563	728907.6875	529545.5625	648935.8125	669468.875	439236.7188	530683.125	516304.25
PPT2	740266.4375	1034366.563	1314350.625	577939.375	517997.125	657445.9375	481627.4375	637496.25	676274.0625	773680.375	670995.9375	903807.75
RACGAP1	131432.7344	167578.25	116033.7578		144888.3281	82837.6875	63349.01172	51897.69141	51896.06641	119102.3359	185307.9375	105688.0547
RIMBP3	6167835.5	8290602.5	6574700			710650	10177108	10173475	13686347	2421845	3020813.25	1425092.375
MGAT1	341043.4063			1574169.25	1633973.25	1100308	694713.4375	548197.4375	584156.75	873815.125	1462314.25	943221.0625
OTUD6B		599214.3125	423543.2188	367466.3438	491625.9375	528691.875				233602.0313		
CYP2D7	1893026.375	2637140.5	2299923	835955.0625	853779.125	828471.1875	931852.4375	939661	1074644.25	1200056.375	1174890.75	1155135.875
SLC38A1	2163328.25	1951496.375	1906563.25	1010950.688	1540710.125	1003580.125	1904257	1693368.125	1092674.5	1714211.375	1816368.25	1153864.75
PIR	156370.3125	177615.5469	150382.4844						97615.125	105455.2109	114167.7656	
TMEM265		295931					234242.6719	185049.6094	195396.4375	156122.4219	178355.2031	238281.875
GDPD5	220653.9063	193635.3438	267437.6563	261229.5469	347188.375	279503.7813	449440.5938	344056	207445.25	232673.0938	332073.0625	272426.4063
MIF	931473.125	986843.1875	703433.75	1686743.5	1178336	1917117.75	620376.6875	593295.0625	1286221.5	755151.1875	516974.1563	768086.0625
FNDC10		238526.8281	329671.875	169137.0938	181633.375	169965.6094	198885.4531	232807.9063	324261.6875	537830.375	430891.25	507268.875
UBFD1	126554.7266	146067.7969	131443.25	167041.0625	115568.4063	77988.125	70888.66406		54034.28906		105755.1563	31046.06055
XXYLT1	180618.5			115467.0781	302346.1875	207416.5469	161952.8906	60124.19531	100856.8203		196796.1094	59298.50781
PTPN6	423691.3125	438277.9063	557286.4375	307743.9375	368085.6875		373557.2813	529988.5625	670061.3125	607429	555650.1875	
VAMP3	635902.0625	529984.8125	603841.625		311908.2813		321009.375	183818.6406	342234.4688		321399.0313	
SMNDC1	636183.375	1038777.375	903913.5	290807.5313	238425.625	266029.2188	214169.5156			264300.125	233452.9688	
TLR7	6515898.5	7074172.5	7486866.5	1504566.625	1275897.125	2426636	4969137	6130686	6927379	5110508	5565072.5	3952191.75
CYP20A1		494906.4063		116518.1641	90019.11719	127643.6328		87535.17188	103638.7109	361830.2813		285824.9063
TAF5	134867.7656	168497.1875	137369	47485.78125	65278.80859	67273.49219	71753.13281	75208.63281	75213.20313	74706.875	78089.04688	69253.48438
LRRC37A						123553.4766	94129.78125	71625.35156	110608.0078	288861.375	337546.9688	330861.6563
CSTF2	590814.375	622428.6875	572101.5	423286.3438	382025.3438	429454.8125	238706.5625	202620.0938	282365.6875	246566.375	215589.1563	317834.1875
POLE	759025	1025766.25	658107.3125	180809.1719	285420.7188	261333.7344	3047122.75	2318723.25	2864443.75	329490.6875	542619.3125	277432.125
NAT10	120691.0391	112584.0703	99405.24219		80796.00781		65715.71094	63736.57031	59624.10938	42602.5625	46704.14453	59195.85547
SLC37A3	383727.125	418039.7813	327563.5	33310.66016	44150.32422	127624.1953	93650.1875	119253.7734	113258.3594	249590.4531	213794.6094	169634.125
OXSR1	553605.6875	1033508.25	740085.5625	325561.75	287173.3125	251255.6406	170959.0938	186242.5313	175186.8125	178879.375	203708.3125	258813.5938
FZD1	144783.1719	133526.0781	116412.1016	141897.6406	141415.5313	151937.2656	98728.46875	105294.7891	112644.6953	102168.3438	167784.4219	92990.78906
CMTM7	3892037.75	3818533.25	2739959	1554213.375	2752190.5	2727525.25	5848809.5	5647642	6150110.5	2842971	3462094.75	3153907.75
EVA1B	292924.875	154449.25	210226.8438	203028.7969	163284.2344	140145.2031			156240.8281	153625.4531		
LGALS1	689959	844619.1875	929745.625	638846.875	660048.9375	636737.6875	503682.3438	582626.625	624315.0625	475662.8125	532301.5	
CHST12	419112.6875	596497.1875	424323.8438	619463.75	866503.0625	791163.875	375149.6563	316962.2813	269394.4063		354564	
PTS	312664.6563	535250.125	603650.5625		218427.625	162054.7344				271700.4063	140858.8438	
NANS	166828.3594	416638.4063	342295.4063								155527.6875	121809.6953
WIPI2	569247.1875	543215.6875	635271.4375	116237.125	109382.3047	104391.25	214440.8281	364514.9063	293577.1875	211986.2188	321594.25	224272.75
WBP2	318250.1875	193850.0469	324927.0938			206593.9688		235008.5938		223262.1875	249451.7656	220404.9063
GDF11	378209.3125	453309.625	354482.2188							819206.75	726823.875	
IRF2BPL		187375.875	178909.9219	135508.5469	148958.6719	132533.3594	119222.7813	131068.6484	137147.0625		76709.64063	
SMARCAD1		228775.8438	260838.3125	333008.6563	261715.6406	304053.6563				143980.8906	135658.0156	
SLC39A14							887841.1875	845038.125	930341.3125		504050.125	603274.625
UBQLN1	655004.8125	892695.8125	518229.5625		1359030.125	346007.9375	351807.5313		378926.9063	314840.5	269897	379578.0938
NLGN4X	339242.9063	364267.2813	411215.75	608561.5625	855366.5625	589283.0625	450066.5	399682.7813	369009.125	481569.8438	486716.3125	419554.6563
CAMK1D	259221.5156	280539.8438	238682.25	203354.9844	253279.8438	302340.9063	171333.125	65734.11719	161052.4531	147606	174200.0313	232354.2031
ISM2	941815.5625	854650	1367245.125	1486119.625	1149350.625	874598.875	668683.5625	1006756.375	302104.2813	1287376.875	1149461.125	1272858.25
SCYL2	53229.23047	95137.66406	78370.22656	210145.8438	247487.5	69368.63281	82064.03906	81399.96094	62254.35156	51936.98047	48807.45313	36670.26172
FUT6		91937.94531	181719.2344			54167.52734				54344.48828	66335.71875	49659.84766
CCDC43	1394172.75	1738938.875	1010133.5	1169078.25	983893.75	960591.5	670507.5	403531.4063	458679	494426.2813	380118.8438	536061.25
PHF23	6493336.5	9744884	9085282	11359533	10370349	8261403.5	8313296.5	4971119.5	5539542	3942853	4260268	5491075.5
KBTBD3		142516.125	81483.89844		103348.625	146492.7031	114136.9063	106543.4609	116795.9688	313144.6875	142901.4063	117314.1016
SH3GLB1	111308.7266	108967.0078	210429.9531	154091.5	140064.9375	77965.75781	89302.67188	66916.64063	50397.80859			
SSC4D	698651.25	574612.625	638066.5							512780.6875		537869.75
F10	160768.9375	138182.1563	264975.0938							162426.9844	222132.9844	203443.7969
LMBRD1	3946038.25	2912079.25	1183182.375	655593.4375	691276	636316.25	934228.75	760633.6875	495791.9375	673071.875	830118.6875	860651.125
RPS19	1146128.75	1468937.5	1492843.75	1205065.875	1236434.125	972448.75	837581.125	588149.1875	723212.125	1393617.125	935164.6875	886510.3125
AMPD2	440081.875	727508.0625	441355.8125	492135.5313	324833.8125	332800.6875	222405.9688	170243.5156	325535	217872.875	262455.0938	325687.3125
TYRO3	1148630.25	672776.125	917546.75	1413533.375	1044715.75	868303	1630706	1870123.625	1593044.25	1368192.875	1309716.25	1386014.75
CGAS	415749.0938	233883.875	1102537.25	309631.25	210660.0625		202218.625	699632.25		693624.1875	1161830.5	1219474.875
CD99L2				247648.8906	230219.5469		225399.6406	267282.4375	205193.4844	200318.2656	144240.2031	147127.1094
TBC1D4	3129535.5	7002676	5949101.5	4808211.5	4955149.5	6116636	21040166	22891156	26954258	6859120	6851414.5	5209799.5
EFEMP2	1298749	2804295.5	1925303.125									
SUGP2	1062781.375	1826507.375	1532223.25	2012416.625	1839252.5	1682554.375	1049451.125	942416.75	931682.9375	864483.25	687388.375	1038609.75
ALDH3A2	1462546.625	1876267.5	3667148	2181238.75	2346434.25	1318842.625	940755.125	3028733	963101	3620980.25	5561882	4019674.25
GAREM2	940580.4375	1010464.688	651658.875	300299.5	309931.0625	493589.75	479651.5313	704833	700363.8125	483666.5	513311.625	722454.875
SCCPDH	85725.48438	103857.0234	135847.0781	65720.69531	55961.50391	50707.33984	59349.26953	96791.95313	79465.64063		59594.15625	
IPO13	410918.0313	294208.8438	342244.5			215386.9375	132581.5156	220295.4844	215465.5313		267958.1875	284368.125
ZFAND2B	3850187.5	3771369	3656903.75	2781973	3123871.75	3324459.5	2861593.5	4131605.75	3957542	2663329.75	2963963.25	3691724.5
FAM3C	230118.7813	270110.7813	237008.2969		366393.0625	253579.5781	185025.3125	268266.5				282841.7813
SYCP2	672936.4375	802184.5	571144	603351.25	752995.375	725101.375	552746.875	471947.625	526440.625	585738.25	493552.75	577221.625
BCAR1	69275.73438	87711.63281	64925.94141	124519.5703	136158.3438	114628.1094			54755.08984			
ADCY4	6489323	6847414	6888275.5	6949550	6133676.5	7743666	3643730	3359286.5	4385458.5	7244317	5926359.5	6592291.5
EIF4E2	258208.4219	291857.0625	283443.1563	440010.9063	432625.5313	357862.6875	288868.4688	331276.8125	327740.6563	198696.5625	235180.5156	242314.8594
UFL1	104115.1094	124018.7422	139697.6406	30626.51172	26002.99219	55734.10547	47128.89063	55359.85547	81099.20313	65912.32813	74111.92969	98904.32813
GALM	732164.375	910374.3125	789773.75	332019.3438	578514.375	349974.1563	359969.4063	797879.25	1011492.75	606870.375	354977.7188	276258.2813
TMEM30A	523014.0313	668909.9375	589843.4375	324940.1563	322954.0313	316264.8125	541075.875	537865.5625	621548	264108.5313	638354.4375	404779.625
CASTOR1	729263.1875	521897.375	611715.6875	204003	150336.0469	137366.6406	208039.3281	240496.625	314726.0313	137888.5781	124225.5703	136166.0625
WRAP73	176148.0156	215225.625	308407.7188	52048.66406	50179.10938	66801.49219	86494.50781	73153.49219	106298.3594	107443.8906	110604.5625	140288.2813
SELENOH	123660.4922	104601.3672	94889.29688	50993.18359	41502.58984	42195.32031						
PPIF	955135.5625	1119822.125	668700.4375	177313.7656	234639.0313	246161.7656	434055.6875	666736.25	472924.375	242681.375	348910.0625	372641.8125
MANF	866424.875	1731945.625	1185516.625	1768249.125	1380176.75	1274550.25	961388.375	883425.5	943976.125	1027574	771020.125	931436.625
NUFIP2	180205.7344	289724.1875	262552.9375	129889.0313	133573.9844	200946.5469	53516.30859	46608.37109	54604.77344	59571.06641	128998.3281	48796.27734
NUP210L	188429.2031	131765.2344	113195.0547	251548.8438	128127.1484	273691.4375	1112546.125	718832	861994.625	247237.5781	260704.4219	233585.2188
RPP14	338936.9063	307445.8125	293464.5313	201469.7188	167096.0781	260272.8125	119190.5859	167263.3594	186337.0781	187635.6719	158900.9375	245913.125
TSR1	105533.5	142348.2188	165497.1563	146314.2031							101722.0781	144424.5625
GALNT14	283465.6875	348998.625	303378.9375		124480.4922	402316.7813		381377.9688		253845.4063	382485.4375	324865.75
CDC42BPA	193269.3906	256203.4375	296953.125	13618.6582	19630.35547	88766.05469				114907.9766	103284.1172	224153.5313
EVA1A	2466296.25	2541806.75		4589361.5	5063621.5	4749953.5	6539931	4587932.5	5567263	2742078.25	3046826	3068229
ATRNL1	346501.2188	253600.4844	371355.8125	177951.0156	164915.5	189339.3125	284282.5625	347633.125	218575.8125			
SUPT4H1	198909.8906	199254.5	356883.5313	227378.6719	158397.5781	334919.4375	85844.88281	125309.9141	206692.7188	178169.1563	139196.4219	180225.4063
RPL37A	269750.25	356617.875	423438.9063			129577.9922	219669.625	391245.6875	421964.25	221168.9375	296786.625	
C7orf50	584731.75	762916.6875	529907.1875	894476.4375	933006.375	610593.625	477354.75	465285.9688	416582.6563		467496.0313	448983.8438
C11orf68	148946.2344	259683.5156		134250.5938	146181.875	114806.2344	137110.2813	133507.5156	104968.5313	91898.10938	107338.9609	
CALCOCO2	417312.2188	641825.125	682991.8125	801048.875	836288.5	607428.375	325653.125	520959.2813	411466.125	603895	205099.0938	688612.625
ARL3	389955.875	407357.75	586559.6875	407734.625	357072	378338.3438	255275.8906	337216.9375	276248.5625		299177.5	
ALKBH5	633915.4375	634650.6875	545873.875	329018.7188	336988.1563	336518.0625		188538.3281	227143.8906	196899.2656	353808.1875	237678.7031
DDX24	583769.75	519635.5625	400546.1875	272956.3125		288834.6563	262256.4688		287714.5625	243873.0156	253813.5156	252491.0313
CRKL	1501371.625	1905913.875	1489429.125	579556.9375	726306.3125	914230.6875	785724.1875	952648.4375	1475664.625	1558994.375	1485408	1201907.875
NCK1			161576.4375	102687.1172	100333.3828	165696.5938	94501.23438	174933.7031	130400.9531	60165.1875	154348.9844	
ENTPD2	691193.3125	873134	948249.375	361220.125	594155.9375	472960.1563	453465.0938	406979.75	368146.7813	511865.6875	644178.3125	313900.9063
NMU	265669.2188	242529.8906	263100.8125	330650.9688	294957.0313	304332.2188	236120.8125	207414.2656	185922.1094	130418.9297	144914.5313	137098.5781
PHF5A	730435.0625	800289.6875	748681.3125	557141.4375	463118.3438	683333.6875		369167.4063	489883.3438	478874.8438	616276.625	355854.7813
NOS1AP				2341642.75	2240790.75		1704826.5	2677905.5	2167208.5			
OR1L8	459099.75	540882.0625	443045.4063									247399.4844
ANKRD50	1856416.25	1672189.25	1531283.375	1668220.875	2250876	1696126.125	3757822.5	2851516.25	2518208.25	3064371.5	3409785.25	3071320.75
EIF2B2	758202.6875	500111.9688	684368.875	591009.25	439467.8125	546731.125	338837.9063	289209.9375	277576.7813	460540.9063	455350.9063	488136.8438
ANKRD29	309281.125	206664.7813	288256.5	165045.2656	267174.9688	195636.0938	152541.125	140007.1875	131623.4063	106146.7578	90967.77344	116862.9297
ATF7IP	117553.0703	111708.3984	87199.60938	225409	187877.5781	225554.875	143447.2188	83157.32813	130619.6797	152222.2031	160469.8594	132574.8438
PCMT1	528199.3125	496021.7188	434081.375	684659.6875	626174.625	572146.3125	414337.4688		524092.875	259350.0156	424427.0938	290530.8438
DCUN1D1	459289.8438	481959.625	471996.5313	452561.4688	446749.5313	441940.2813	355274.25	375151.8438	482161.9375	325671.875	345392.75	333124.8438
SEPHS1	460377.5625	488105.875	762448.8125	434256.5313	412849.5	744436.625	510159.5	297018.6563	666587.5625	675221.875	476149.4688	774894.3125
CDK7	318288.1563						174877.6406	180707.9531	187756.9688			
ETNK1	439643.9063	586058.6875	564843.1875		315139.4688	231625.4844	479486.0938	580437.5	842103.1875	310991.4688	471305.6563	
TOM1L1	206116.9063	279882.5938		239712.6094	288561	234486.0625	219352.5	184767.8594	214567.5469	204170.0938	210561.7969	216395.1406
KIT			96425.83594	771084.3125	964792.375	741422.3125				525731.1875	430620.8438	634273.1875
CCDC106	1993779	1353733.125	1414755	178869.3438	561514.5625	239484.1406	1123725.875	1132337.375	1039211.25	188222.4375	220739.0938	201185.8125
CCDC88A	83193.42188	136551.125	68029.57813	200936.8438	314713.6563	144151.3125	60665.72266	29340.97461	40783.29688	78673.97656		88410.08594
DCAF7	595825.6875	48633.86719	942718.1875			46005.80859	565210.625		76170.14844	612511.25	680293.6875	
GLYATL2	19641946	14220156	17021640	7982728.5	9352885	9422932	12123169	14951922	12170593	13056052	12835390	12970386
LZIC	596988.4375	456029.5313	761474.125	845295.4375	602629.5	690108.3125	167425.3125	248196.4063	209505.7969	385489.9375	329335.0313	365521.0938
SFSWAP		260547.4531	119190.8516	154724.4531	168237	149056.7969	65806.8125	101627.4844	92241.79688	91854.3125	107425.6719	
SNCAIP	19295256	22051318	21502216	20589414	23446290	20966138	19553276	12805265	14811487	23520734	17860742	23339656
ALS2CL	1726919.5	1733107.625	1837652.75	2710491.75	3607599.25	3032814.75	820875	800702.875	504965.8438	966845.5625	1207790.625	801573.125
CXCL1	622916.25	443104.3125	1283176.75	2946185.75	2399874.75	1996252.125	866713.3125	545572.25	1996014.5	754309.625	743941.6875	881203.5
CCDC138	797594.4375	514744.2188	1837736.625				257561.0781	476461.9063			1238921.5	1232721.625
TPST1	73372.96094	79032.375	85297.28906	238700.7813	212491.7969	207904.3281	33591.00781	36931.59375	41317.19531	75270.63281	75416.53125	85317.65625
CMTM6		64663.34766	125796.1875	158293.4063	156081.7344	187365.2031	407471.6563	458929.125	210282.3438	60874.32031	117120.8047	71452.14844
CACTIN	176848.4531	253786.1719	203758.3125	63016.69531	147271.9375	157407.0313	95793.32031	32632.07813	108688.9531	133520.0781	188941.0625	168071.6875
PYCR3	80356.11719	110157.2656		60928.47266	105368.3594	98401.05469	89353.4375			49799.53125	65618.59375	83371.58594
CGREF1	424614.125	618707.4375	416677.4063	774273.5625	1235948.125	1051719.375	258026.3906		480795.6563	604554		377853.1563
MMRN1	1097309.25	997750.5	972993.75	779487.9375	909261.125	976382.9375	510605.2813	425402.6563	596068.8125	533211.1875	491666.1875	662796
DHX58	2022627.125	1721973.75	1140510.75	1342227.125	2001618.25	1340264	646742.125	1064682.75	1071734.125	761404.0625	1315939.625	853136.1875
DNPH1	908606.25	1286023.625	977499.125	694234.875	650831	753014.1875	673158.0625	673244.5625	852739.75	700415.625	441184.75	528413.6875
SDF2L1							125309.5938	135293.7969	112746.5			
DIAPH1	477055.2813	552474.125	189607.9063	509521.0313	545392.9375	473799.875	159868.8906	146143.7344	138205.4844	524152.375	468792.125	628669.9375
LRRC75B	188429.2031	131765.2344	113195.0547	251548.8438	128127.1484	273691.4375	1112546.125	718832	861994.625	247237.5781	260704.4219	233585.2188
TBC1D15	706703.1875	1051228.25	934686.5625	158994.0469	142998.2813	123053.0859	255229.9688	313987.8125	335379.5	398247.125	377241.8438	664111.9375
GINS4	437623.1875	263622.9688	272957.0313	311741.0625	397199.9063	213179.8906	220252.4688	174432.3281	174360.625	151737.8594	186379.375	252696.1719
GPATCH1	279316.625	433818.125	476644.875	336112.9688	270545.7813	419335.4688	401973.6563	260126.2344	303456.75	117238.7734	222282.125	106813.7188
CEP97	1896082.125	1981581.5	1946155.625	3288519.25	3624367.75	3317006	4303408	4096924.75	2729690.5	4198804.5	3991805.5	4987041
CHERP	1490540.75	1323410.625	1438902.125	540117	461752.9688	641255.3125	333619.8438	351940.875				436034.625
NFAT5	168884.1563	231805.0625	315018.2188	31867.72852	57115.44141	110752.3672	52416.33984					
KLK7	217694.4219	117569.3047	227746.9219	296269.5313	299458.875	211313.5625	264545.0313	217415.2344	186345.5469	153121.375	150656.7344	129174.1719
PCYOX1L	153529.9688	122346.7031	240984.0781	92558.19531	166620.4219	191925.2344		154739.125		163682.0781	168023.7813	149830.6875
TTC27	68320.65625	56084.35938	70801.50781			45453.08203	104982.0234	99062.78125	116244.1172	74056.05469	76324.42969	81140.89844
IRF3	217456.9688	232539.0938	246671.8125			70344.67188	67455.75781	110782.5078	64057.94922	53402.97266	133848.2188	143090.3906
OSBPL3	218823.5781	118740.8594	157987.9531	52686.41406		34049.69141	85642.58594	120816.8281	107559.3125	61922.28125	131078.2344	46716.92578
ZNF384	283545.0313	363639.0938	320670.4063	332225.5313			104878.2031			358261	404587.2188	512118.25
ECHDC1	803447.625	554036.5625	468014.5313	521285.7188	349631.1563	353844.6875	150472.5625		197328.3125	127725.8125	154281.3281	194014.6094
S100A7	394826.1875	160853.9531	101631.0859	424136.1875	577263.8125	256984.7656	102611.1563	83593.80469	129516	145063.9688	68967.28125	185081.3594
LSM4	454646.2813	667537.375	603838.875	1286724	1077853.25	892271.9375	829351.8125	701706.375	736016.5	384611.7813	388783.0625	412414.125
FBXO17			2318516.75					1035907.938		1500100.75	2149305.25	1943692.25
RBM5	1185556.75	1361317.625	1438879.625	347314.9063	615421.1875	1175769	401343.6563	387060.125	511436.25	550437.8125	1181844.875	555951.0625
VCPIP1	161650.5156	171836.875	95156									
UHRF1BP1L	67794.07813	165374.3125	115938.7422							43845.89453	40382.52344	81236.89844
APCS	261340.4219	155554.0469	545317					594998.0625		781735.375	793790.875	1243207.875
ANKRD36	1784537.75	1717428.75	2214326.5	1280595.75	2085585.5	1037527	998675.375	1749283	568760.9375	2670835.75	3501718	2905291.5
SUN3	421748.875	521397.125	373696.125	294316.3438	375757.7188	280232.7813	291786.1875	330512.0938	288127.4375	388716.1875	340068.6563	377261.0625
RBPJ	341675.875	364177.7813	413969.625			504642.75	381280.1875	312219.875	431748.5938	379540.2188	377347.875	443321.375
TMED4	77101.63281	174569.5625	80196.05469	82353.25	72142.44531	63043.25781	54946.66797	60297.14453	76958.75	76327.07031	89225.57031	40829.86719
EIF1	908233.875	1113294.5	1145949.75	1339366.125	1057343.25	1306045.5	868641.8125	937183.875		868726.3125		
CDKN2A		477333.8438	466334.7188	729986.5625	756560.4375	590886.6875	248313.8906				184962.0313	467557.7188
TMA7	1502615.25	1991300.375	1010654.875	2720563.75	1859574.5	1698956.125	1736690		1246848.625	822306.625	882283.0625	862310.1875
NUP98	119191.0078	361952.5		165511	134040.1406	218319.9063	109746.2734	161942.3438	192887.4844			
LOX	1016418.563	973658	1403949.5	860172.625	843146	1303955.25	1060406.125	1211919.875	1048183.813	72919.63281	197628.4219	
MGAM2	572937.6875	526784.4375	476960.8125	586231.6875	565109	564895.75	461513.2813	431157.7813	278146.7813	1018006.75	1110399.375	1003880.563
GOLT1B	364052.25	444544.0938	489631.5625	164645.5	166191.4219	207480.0313	315939.0938	354487.6563	441438.7813	362252.3125	430586.2188	346277.0625
ENG	1008833.813	1211828.375	1020329.438	732176.5625	791232.75	769540.4375	541691.0625	483729.9375	526918	651322.625	491705.8438	588571.625
UBE3C	323002.4375	437359.3125	414456.6563					187366.6875	221643.7031	332091		
SYNRG	1399310.5	338547.0938	1375499	332174.7813	181981.2813	369067.2813	639455.375	393621.4688	313700.3125			
PITHD1	411957.125	514526.6875	327224.4063	305186.8125	410488.0938	286429.6563				494641.0625	604989.75	240393.8594
SNRPE	4183393	4825738.5	5412641.5	10242826	8635984	9606089	5203185	3474335.75	3730027	3210400.25	3973040.75	4369162
RRN3P2	245010.2813		307766.4688	356097.6875	262507.4688	546859.125	292946.4063	225372.0625	282761.125	196362.5625	300951.2813	237834.3125
PKP3	118469.25	145917.125	123770.7656	148482.7813	181443.9219	109812.9922	130787.1719	65573.13281	98028.02344	45269.3125	73259.54688	112523.0469
IGF1	968465.125	540922.4375	720817.6875	1004345.875	870805.0625	1106413.75	171733.3594	96018.38281	184325.3906	328772.1563	271586.3438	437542.9688
ANKRD30B	1140602.625	1116698.375	759641.5	479537.3438	592801.375	374554.5938	921137.9375	912553.8125	843119.6875	361341.4063	618611.4375	291763.5938
ATP6AP1			184800.0469	240857.0313	266400.9063	365117.7188	207691.5625	188500.4063	340577.9688	344010.9688	318114.6563	174936.6563
TGFBR3	91753.33594	72467.34375	81118.96094	144007.625	170247.2813	138850.0469	55498.13281	58930.78906	53047.84766	133048.5781	136197.9375	117761.9766
HRH1	62601.29297	50605.83984	49989.07031	92511.63281	134998.2656	130059.4063	111634.2813	105347.2969	62330.33203	57883.29688	65429.28516	66180.375
RAPGEF3	796342.875	1790351.5	1147317.625	1059493.5	816603.625	704310.375	1213526.75	1044447.813	747730.1875	931185.5625	914221.6875	647744.125
HYDIN	257563472	217153248	179489168	107946824	164182384	117073992	181409232	182766032	157445136	232580288	225822480	176858528
MRI1		185078.2969	124175.6563		64921.69531	61646.92188	82794.49219	142012.5625	140508.2188	85068.59375	87485.39844	82385.75
SNAP91	2956376.5	2436834	1580218.875	2076167.75	1607828	1845558.375	8565356	7536840.5	6746259	3044075.5	3137793.5	2764032
S100A8	3204665.5	1583365	2029355.25	3190416.5	2841556	2608684.5	2140609.75	1529393.125	1794622.625	1269454.125	898485.0625	1178557
PDCD11	509468.8438	714000.375	543987.6875									
STK24	422939.875	689169.6875		473563.2813	600173.375	497438.3125					312521.3125	337533.8438
TM4SF1		156050.8281	1298024.375	1279685.125		842581	8215744	4164586	4416729	5453253	6894699	3156828
UPF3B	235919.1094	363532.0313	315642.1875	266182.125	397855.75	477253.125					248483.4844	183475.5625
DTX3L	128114.5938	154364.2188	91948.4375	68580.67969	84191.46094	63507.80469	55535.82031	70495.5625	71158.21094	104816.1172	101078.7578	118532.6563
TPD52	905784.375	1260033.375	1302446.625	1659427.75	1647235.375	1768297.75	690340	616781.75	735623.9375	726199	1207616.5	472703.4063
WRAP53	228835.5156	357500.5938	439110.0938	71020.90625	64372.35156	111687.5156	119113.7266	155878.9688	215433.8281	340404.1875	374833.4063	346634.75
RNF150	897193.75	986517.9375	947547.75	482327.4375	524667.25	650118.125	1557124.125	1321459.375	1508770.25	533098.625	469365.2813	455655.7813
PNPT1	433009.4688	523562.0625	599022.4375	135133.1719		224632.1563						
LIMCH1	1064369.625	1347741.375	1346567.25	346597.4375	368107.3438	538808.25	399752.4063	95454.20313		501727.7188	611029.875	572937.25
RNF113A		90764.38281		160975.8125	178455.75	224783.9531				128865.4688	154877.75	143159.8281
THSD7B	494919.1875	460427.75	397599.3438	611958.6875	739604.4375	694047.625	366165.375	375405.8438	347312.625	664263.375	499384.0938	677852
MOB1B	1137216.375	1196923.625	1330264.375	2045603.625	2209985.75	1306855.125	961502	1088458.75	1172653.5	721720.5	849171.9375	672939.75
TUFM	295549.3438	202417.7344	180285.2813	137172.8906	159007.7656	174984.0625	148323.1719	167974.5938	141067.8281	105003.1719	108268.4844	151733.0625
HMG20A	112589.6953	169688.0156	128931.4219	86167.57031	98329.48438	113731.0625	42545.04688			35241.01172	45458.73047	71004.35938
PSPC1	1389768.125	1893022.375	1808259.25	792883.1875	900601.875		410118.75	608144.625		590107.75	588763.8125	536367.5
METTL5		214974.5313	210945.3594	213541.4375	157757.3125	137874.9375	86034.55469	91420		162940.8281	130804.8594	136289.125
CYTH2	221192.7969	241802.625	9332.388672	240510.6094	139390.4688	78505.92188	243823.8281			296271.9375	254189	
GALNT5	443411.2813	358860.7813	380689.625	342296.2813	248833.4688	351056.4375	67060.39063		48635.01953	184042.1563	200072.8906	222020.5469
FAM83B	359338.125	398741.9688	407495.4375	786505.0625	874065.875	722349.3125	333791.7813	311911.9375	310334.9688	1119221.75	757609.8125	908884.25
OR11A1	1618984.25	1868572.25	1905004.75	732357.1875	693523.0625	814850.0625	574753.3125	588035.4375	735746.5	736339.25	778469	823097.5
LAMTOR3	114055.6875	96495.57813	66671.53906	79133.95313	111867.875	65124.10156	71401.01563	110120.0547	109334.1484	67656.15625		57247.91797
EZH2		227592.1563	163264.9375	63944.24219	93507.11719	125058.5078						151382.5625
CARMIL1		187391.8594	674370.375	245716.2344	477740.3125		209800.7656	315378.8438		308962.0938	577037.75	811729.5625
SPATS2L	451195.75	510236.1563	358816.375	348374.2813	402690.375							
TSPAN3	3144053.25	3373387	2989393.25	10968426	11262155	8092057.5	8723141	3192465.25	4992491	2589301.25	2781654.5	3220663
REEP4	3547377.25	6312400.5	4885680	2326108.25	1897474.625	2427081.25	1213366.625		1931187.5	1822809.625		2373954.25
SNRPG	5524802.5	5412050.5	6265693.5	10930160	11290268	11781977	6977165	4982747	6318214	6837299	7232619.5	7699174.5
EEF1E1	501327.5938	509123.0938	479976.2188	466010.7813	445219.3125	371764.8125	256692.3594	254964.3594	265684.0625	219865.7031	169947.3125	246741
SPIN1	465939.4688		914420.1875	295430.4063	301814.7813	373493.5938						202362.8906
AKTIP	222654.1094	316875.625	275476.0938	41180.51563	63402.625	51761.16406	88928.03125	114310.8125	134752.6875	112902.9063	124859.7734	118790.0547
ZNF148	264235.6563	367351.25	261430.0625		148517.2188	204772.5					153524.6406	168009.0938
ULBP2	1096408.625	1242989.25	1413547.625	1248447.5	1040384.375	1006611.063	1047083.625	1537484.75	1845741.75	1562198.75	1089992.5	1021332.875
PM20D1	83365.38281	91750.61719	79921.625				70941.38281	72175.3125	73964.89844			
FN3KRP	320176.25	360740.2813	339294.9375	295650.9688	262151.1563	169196.4375	188775.875	196589.3438	235491.7188	283140.7813	251184.5313	
GAS1		184970.2813		684190.3125	589732.1875	580572.5625	293049.9375			236761.1094	293052.3125	
CARHSP1	602099.375	842801.625	924053.8125	564167.4375	838895.6875	380457.9688		155256.9375	990565.125	559560.25	637856.6875	579508.125
PDCL3	5096444.5	9309024	8669263	4216465	3869212.25	3869252.75	3220372	3329498.75	5014014	2606968.75	2151687.75	2728718.5
DLEC1	8034641	8794897	7642740.5	2972313.75	3856396.25	3899233.75	1592260.5	1409192.375	1818687	2269945.25	2175820.25	2610664.5
ZNF324B	585892.75	419978.9688	759238.6875		290719.5938	251801.8438	192531.125	336604.5938		586510.4375	733818.0625	716467.3125
ERCC3	275464.2813	414531.4688	260070.9375	72530.80469	65311.07031	57291.55859	61242.97656	78874.14063	72996.82813	104595.2031	108609.8125	102156.2578
SCEL	583063.5625	713513.6875	652387.5	384226.4063	335969.5	439115.9688				298392.5313	222084.9375	314416.2813
B3GNT3		1663484.375	1700712.375	1129241.25	751082.3125	842707.75					1071936.75	932251.625
ARHGEF40	315845.75	383336.75	347740.0938	326576.4688	461569.125	328901	189598.9844	128147.1875	152112.2656	208172.9688	161157.9063	239159.2969
MNAT1	345835.25	364064.4688	146505.9219	315482.0625	304930.7188	251010.1563	56610.20313	76338.96875	64653.34766	256278	215067.8906	227535.7813
SREK1IP1	1420712.5	1710182.375	1007210	739475.1875		760813.625	513075.6563	578291.3125	563480.3125	1080327.75	765527.8125	1224852.5
FUBP3	222046.0625	320181.7813	278174.375	166969.8594	190462.25		133590.1094	140185.5625	146853.3438	135656.9844	124287.9141	114306.1484
HEPHL1			62419.08984	78709.0625	198158.1563	111540		64711.78516	87855.55469			
NT5C	469822.4688	447668.125	608738.5	633893.1875	620130.6875	563318.25	510672.75	552737.5625	525186.9375	374030.3438	300426.9063	382209.6563
SDC1	8410478	9728786	9653224	58961772	54642844	43969916	61997008	45567740	38154712	28123888	26031530	34948960
ARFGAP1	370095.5	533836.125	415970.6563			252005.4063	1856287.875				156676.75	
CSNK1G3	119860.6563	133736.6094		107733.0625	111412.375	254036.2813	108743.25	133421.2813	103753.9297	32196.25586	115346.9375	76210.1875
DERA	302559.7813	882192.3125	1466774.75	730048.8125	827090.8125	1030028.875	1171612.75	1641205	2004978.375	729188.4375	1044238.438	764092.3125
SLC9C1	716796.125	1088741.75	788520.625	622042.9375	539194.1875	674172	780665.9375	899681.1875	911832	503181.125	318826.3438	438588.9688
S100A16	502045.9688	406398.625	495339.7813	1604357.5	1436530.125	1194765.75	1935688.375	1196239.25	1051014.625	532283.4375	704214.75	907274.9375
FRMPD1	13111160	14159624	13289098	23667862	24948100	23130880	14314453	13673586	14937779	23084478	20161494	21448164
BANK1	589773.4375	600285.6875	491250.125	66113.85938	62218.97266	73509.13281	93969.49219	73211.125	130589.4297	98931	99434.9375	122254.9531
B2M	746375.375	579114.3125	320008.2813	1644907.375	1337150.5		553565.125		562900.75	941794.625		815488.75
AKAP2	423439.25	477103.5625	321138.3438	191228.625							157678.2031	
C1QTNF6	330866.6875	578889.1875	399156.0938	441601.9375	583486.625	723927.5	349091.4063	352469.5313	436167.6875	580771.8125	649896.4375	658153.0625
MYADM	8928000	13107587	6041371	1917342.25	2271298.5	2401698.5	5007918	6065532	5722916	3142263.5	2833908.5	3042234.75
TBC1D31	191609.3125	217944.375	220862.0938	21654.29297	31384.72266	59620.49609	96329.80469	109477.8906	111426.5859	147963.1719	179946.3906	146024.9531
RPN2	220294.0469	303251.8438	259228.4063	534060.4375	468283.8438	496664.0625	350744.0313	334163.6563	338696	675353.625	548844.375	523446.75
MAP1LC3A	366073.4375	306706.125	371912.7813	339615.3125	254174.8594	246611.5313	358721.125	241835	372570.9063			
ZNF512B	279837.4688	270756.7813	188870.0625	193399.5	211645.9375	203210.1719	128091.3906	97085.5	107677.8672	139695.7031	119973.4375	107976.3828
ANKRD40	298193.7813	282911.0625	136104.9375	166881.3125	253207.9844	188146.2344	367482.6563		247289.5156			
KRI1	627700.9375	604602.375	590982.6875	378984.6875	271822.2188	491540.5625	119286.7344	80040.04688	94986.13281	334866.2188	381622.9063	413342.0313
IMP4	157560.7031	249521.8594	145696.2656	262047.9688	235299.0313	134452.8281	108712.9063	88313.33594	113776.2578	129499.3438		
DYRK1B	584930.1875	795161	1478280.875	718480.8125	696013.0625	566276.5	486196.0313	601246.75	432954.875	643668.5	629380.5625	1026789
GDF15	1768911.75	1633628.375	1621158.375	1011021	856134.6875	919458.1875	742740.375	523941.2813	548676.4375	385325.6563	603348.75	531087.375
PRRC2B	611842.6875	582905	513562.125	516625.2188	708719.625	587965.875	545090	461460	416239.7188	354733.7188	497886.4688	403841.1563
ZMYND8	875723	636602	922937.625	722256.5	538943.5625	840498.625	490726	432047.875	498306.6875	501944.9375	632120.8125	503353.375
NAB2	398716.0313	424964.6563					362007.9063	485086.2813	978814.375			137807.9375
CCDC47	489101.8125	339785.2188	438789.8438	702158.125	617743.875	471555.5	340522.5	299475.25	209129.4375	452053.1875	476734.375	606102.8125
SERINC1	1006225.063	896295.4375	1373592.625	679562	970090.5	625681.4375	662323.4375	742758.125	652275.625	1049920.375	1769629.5	1223991.75
DYNLT1	163088.3594		375654.5313	330914.7188	224050.6563	140585.6563	227151.1719	240965.1719	1057665.125	454954.5	231586.0313	232963.3594
FHL1	857522.25	968152	974015	99273.85156			81291.82813					
AAR2		225403.8594		129289.2578	133038.375	120174.3516	271162.6875	357544.75	324765.7813	399625.3438	446371.8438	408361.7813
AVL9	555017.5625	812591.1875	1358132.5	277164.4063				235107.5781		369437.7813		417863.0313
SETD1A	530507.375	611418.8125	390197.5938	528285.875	492533.6875	502968.5313	450626.6875		374105.9375	229055.1719	456147.5313	307289.9063
CHAMP1	459451.625	416777.4375	432538.5625	226172.1563	289418.5625	404388.5				130239.625	157648.6875	129973.3594
HAT1			537591.5			242659.2031	281531.0625	535661.625	503508.0938	321762.7813	489264.0313	606378.375
CYBRD1	169561.125	183822	135569.1094	81137.69531	81253.34375	86616.39063	465585.0313	461496.5625	441602.375	146404.4375	171977.5156	113173.0469
RARRES2	382922.5	506297.8438	439970.125	634481.9375	725119.5625	468837.0938	881380.625	1046489.25	700663.0625	348752.4688	442590.1563	304310.125
RGMB	221496.3906	213164.0469		233159.6406	226615.4844	214745.2656	99785.55469	98375.11719	84676.46875	346570.8125	272851.0313	248870.3281
COL5A1	58047.50781	53784.35938	81768.05469	240176.9531	304793.1875	215574.625	140942.2813	142069.5156	124632.4531	175347.6406	163684.3125	185761.9531
PPP1R10	230164.4844	258549.0781	243382.6094	336299.2188	250396.8281	179071.5938	216414.8438	180285.1563	174579.2188	106372.3984	114920.3672	105312.3516
UPK3BL2	1602739.625	1486326	1070279.625				617020.4375	458923.3438				1784603.5
RBCK1	221228384	252190128	188765120	450092000	500954464	460225024	257743024	169258976	199491584	228442528	190249104	250314912
ENTPD7	81818.6875	107134.0781	97406.44531	125164.6172	141483.0781	82472.57813	84878.94531	122126.6719	72958.22656	91202.72656	79347	145477.7656
KIAA1549L		279399	297336	768722.5	567994.125	776909.8125	330611.125	182836.6563		919427.3125		1193673.375
PCBD2	318784	244516.9844	288396.875	458378.9063	433554.125	623398.6875	305280.5938		275318.875	221053.7188	373793.3438	280040.3438
RPL19		1885161.125		1486941.125	1442359.5	1547469	273021.125					361189.5313
EPN3	562197.8125	485660.1875	496211.5313	594817.625	595941.375	564280.4375	492027.875	432645.0938	465195.75	358016.875	391108.8125	349708.9063
RSU1	355724.4688	288535.1563	287789	318300.9375	224863.4375	253136.2813	154066.5469	100619.5313	245755.2188	212180.9219	142327.7969	173283.5938
TET1	3130164.5	2328855.75	2201183.5	3913960.5	2761900.25	3910979.25	1641863.75	1151278.75	1045187.875	1261657	968686.1875	1310806.25
GALNT1		808887.0625	834655.5625	1199370.75	1268630	955537.4375	1362494.25	540481.3125	658520.5	1461234.25	595008.375	555466.625
OAF	3184616	3018782.25	2044236.375	2409726.5	2951800.75	2529719.5	2528971.25	2298075.75	2232859.75	1829542.5	1782494.875	1528450.75
CACNA1A	6660679	3934046	3148265.75	8424470	6404354.5	6869041	7470231.5	3995223.75	6676399.5	4636991.5	2976620.25	4434437
RABEP1	315845.75	383336.75	347740.0938	326576.4688	461569.125	328901	189598.9844	128147.1875	152112.2656	208172.9688	161157.9063	239159.2969
PLXNA2	67206.04688		151708.9844	111320.1563	156576.8281	148272.7813	148798.6406	163244.4063	134009.1563	190703.5	183979.6719	184694.6719
BCL7C	2414696.75	2788255.25	3358846.5	1943677.625	1728410.25	1717051.25	1331757	1196794.125	1434564.75	1384345.25	1231771.5	2044589
HIP1R	114396.9766	120708.0391		70488.40625	88263.67188	68042.24219					74151.27344	81202.38281
AURKA		153026.75	158210.1875	84041.625	131486.1875	118924.3203				62473.36719		22630.0293
DNAI7	2140536	2556134	2711533.25	2388380.25	2169987	1720435.5	2098007.75	2244316.5	1955071.625	1773519.75	2079224	1094071.75
SFT2D3	631419.5	1030636.938	1027627.813		152201.0938		560041.625	661173.4375		870752.4375		796748.375
OSGEP	1236310.25	1201216.375	1344124.125		526913.4375	660197.9375				930169.625	936290.9375	1026420.438
MARCKSL1	3815131	4032956		11150736	12437493	5725389.5			3153091		4700456.5	5539753.5
TGFBR2		628119.3125	543387.5	493343.2188	580957.9375	558659.0625				449435.375		218596.9531
FAM171A1	5781820.5	6190339.5	4937876.5	3329882.5	3158602.75	3424032.75	4301053	4375645.5	3454685.5	4516657.5	3695049.5	3825579.75
VPS37B		93643.53906	125301.1641	199243.1406	251730.4688	141209.1719	147354.5938	92085.25781	91536.67188	67089.73438	98125.01563	96819.10938
LHFPL2	985336.125	1153224	947172.4375	593789.4375	392067.5625	461959	713432.5625	761270	745229.625	714603		529961
WDR75	716438.25	846671.0625	848020.125	280729.75	254615	300767.0313	393244.1563	459342.9688	531069.25	300105.5313	530396.5	389647.1875
PLIN3	296221.0625	480620.5938	433080.0313	508878.75	464747.0625	507738.125	230990.0938	196259.5469	263846.875	330251.75	329888.2188	247395.6719
MCTP1	4930213	4511680.5	4212871.5	6797679.5	7163225	7700903.5	2518673.25	2538125.5	2126418.5	10130790	9717307	8537411
WDSUB1	280311.2188	239870.8125	237580.4375	126863.3203	146423.8906	122655.1016	170620.3906	209638.5469	199409.2969	181041.2656	189051.1406	222731.1563
UCK2	365888.6563	395806.6563	415906.0625	132529.9375	170595.7969	234778.9063	133096.5156	137280.9844	171512.5313	145764.4219	170126.5781	174058.25
VPS18	385227.375	578000.375	503546.25	132281.75	124640.1719	134433.5156	129754.1719	189660.7969	188995.2031	204833.375	187742.1719	217626.7031
PI16	370967.875	411088.3438	328910.75	223241.1875	195741.9844	272741.9688	623655.625	501234.2813	401942.8438	239059.5938	260828.2031	220017.9219
FNTB	261202.8125	296217.9688	263342.0313	350594.6875	336687.3438	222012.1406	148767.75	113610.3594	99106.40625	121080.8594	134786.25	
RPL13A	1073381.625	853796.5625			433083.5625		232614.9219	287013.6875	443207.9375	424604.8438	439597.25	
DNAH1	69115.53125	71088.34375	42601.54297	110450.75	215355.4844	84802.9375	35901.45703		36572.19531		128756.2344	71963.64063
RSRC2	1176997.25	1399930	2032535.25	572534.1875	434427.9688	726885.8125	689332.6875	544747.875	821766.25		862606.875	
ANXA7	86419	84238.51563	62135.44922	157890.8594	150700.4688	108072.1172	77640.39063	80161.0625	81088.97656	71790.71094	87804.38281	78261.65625
HSD17B4		1261296.25	1080533.875	410433.875	502363.3438	554550.3125				576275.625	554927.0625	538236.3125
NEK9	202919.125	292308.625	256811.3125	167177.1406	209996.4219				105743.9141	128973.9375		
BAZ1B	119109.0625	131171.1719	176599.7813	45568.82422	55602.88672	124000.5078	90640.96094	52063.59766	94737.50781	125096.5469	190382.9063	224117.25
DMD	707182.625	867010.125	826521.3125	923981.6875	725218.625	438540.7813		282924.2188	726721.375	677958.3125	584312.4375	636342.5
HAS1	6353562	5981839.5	6384997	5026999.5	4911544.5	4270392.5	3899963.25	2658724.75	3618691.75	2834524	2995245	4030038
TNFRSF10A	61641.875	78084.3125	87549.82813	46859.12891	56302.82422	66972.0625	124202.8438	123098.3359	148104.1094	73255.65625	79762.39844	93941.40625
TRIL	266974.4063	321596.4063	171093.1406	292938.0938	369771.5	254374.7969	128706.125	112927.0391	108513.25	210161.6875	169048.8438	214142.875
HMGXB4	729730.1875	662169.875	597603.5	271310.4375	282676.6875	358951.0313	231513.1094	191469.3281	225901.0625	202594.2813	251854.5469	262197.9063
AIDA	435426.1563	437927.9688	360030.0625	466821.4688	279653.4063		242316.3281	320135.0625	304486.3125	299580.75	264880.9688	226591.2656
LACTB2	170121.9063		157720.0156	312433.9375	201459.7188	231988.4688	194563.1406	278579.9688	654998.75	231977.4844	187020.8906	218463.5625
PLEKHG3	515370.9063	469007.0938	434085.1875	146390.75	154213.7969	181218.0781	55953.72656	48537.50391	57327.06641	134391.6094	170850.7344	172493.1719
GIPC1	285420.6875	318861.1563	204477.7813	220747.0781	257852.75	151301.4219	146707.5313	97224.77344	149763.0781	120449.1875	127805.5313	138342.9531
AZGP1	119164.4922	82839.5	89028.58594	144505.6563	143703.7656	130519.5078	75747.57031	63319.00391		126458.1016		269506.5313
SEMA4F				208151.8438	222347.2344	155590	441619.6875	394675.6563	329243.125	236212.9063	178423	
PXT1	1225171	985246.5	1320505.875	1267528.25	1878891.875	1476854.875	568272.8125	1302203	684390.3125	2760917.5	2359061.5	717036.5
VNN1	512562.2188	468095.25	920617.4375					770175.125		803345.0625	1049108	
SETD7	582586.3125	583559.625	675890	191492.3594	207449.4688	420049.25	719771	529310.75	954100.6875	309771.625	261972.0313	404432.2813
CNP	108752.8828	209020.9531		211219.8125	155826.3906	153756.6563	89331.07813	153900.3438	80712.07031		59143.85938	88752.53125
CNTFR	1083617.25	998692.4375	1137447.375	585100.1875	635256.625	954699				949260.9375	922939.875	616747.125
UCKL1	221705.4063	215476.75	168558.625	252835.7656	250836.3906	164299.8438	137448.8906	134800.9531	144100.3438	220557.3438	207850.6563	253129.9844
RNASE4	424253.2813	469461.2188	720239.4375	607056.125	653803.75	696824.4375	748264.0625	678235.4375	841113.0625	1140056.5	876835.5	963295.6875
IGFBPL1	212558.6406	258022.4688	127207.0781							137990.0625	155228.3594	119941.2656
PACC1	489566.5938	998306.9375	623407.75	556970.375	470429.5	479846.25	403996.4063	445633.1875	449246.9375	660777.375	413456.625	608728.125
BID	315412	320421.6875	319303.125	234596.0625	188877.7969	307201.375	294513.875	289096.1875	345563.75	250035.9688	325732.9688	366207
EGF	243585.5781	237986.9688	265270.0938	105894.4766	145479.25	160828.1094	80962.73438	119131.6875	87949.50781	125134.3047	119937.6563	169600.3906
BRCC3	121641.3125	146776.5781	86865.96094	80400.8125	132209.9844	92122.24219	78893.32813	75073.57031	88378.54688	126813.3984	128249.5078	123678.1328
CHMP4A	818607.5625	626680.0625	589475.25	974514.5	523187.8438	938388.9375	439162.9688		466390.9688			
TEX2	176707.1719	168750.0313	147169.8438									
SEPTIN5	349194.5313	356620.7188	465698.8125	116545.2734	147656.7031	183535.3438	152245.8281	137449.5156	142340.5625	269083.5313	277541.875	246697.1563
GTF2H4	48429.33984	65718.38281	85398.61719				81241.40625	72541.00781	75417.21875	63515.08984	66537.71875	52535.4375
COPZ1	797011.875	1229662	1357423.375	539973.1875	215705.5469	369215.9688	359196.3125	555077.5	707444.9375	492965.125	518817.3125	497582.9063
PEBP1	83586.04688		148178.5625	220503.4844	60022.35547	124262.0781	86336.92969	164242.9531	124968.6328	102786.4531	101581.9219	
SNU13	809253.5625	702493.9375	507303.875	603083.125	765629.9375	707589.3125	529130.5625	409510.7813	407362.6875	1397866	1387631.625	1286781
FLOT1	9912029	9736813	10944206	14314797	14626257	12671209	23642226	25602426	17808642	22039266	16865850	17701834
GPS2	674673.75	703507.625	657102.5	1019262.688	755635.4375	1008890.313	594266.25	520716.7813	490516.9688	468058.7813	357911.1563	431201.9063
VAMP7	260960.5938	325922.25	235013.3281	271298.9375	360163.4063	219296.6406	165547.125	194093.8281	173579.6719	264365.1875	246722.3594	268899.8125
ACYP1	162818.8906	165168.2031	178547.8438	139012.1094	106047.2891	114109.7422	123491.0469	185627.8906	172328.0469	123887.5625	109873.8359	74760.39063
CCDC9	235073.125	259960.1563	134063.6094	353045.625		206789.75				82580.89844	85398.52344	105495.8594
MENT	4256076	3785427.5	3485370.25	8042625	6577008.5	8377379.5	3959713.75	3192610.25	3412952.5	4291566.5	4911447.5	4418734
RPP30	941035	1087365.25	1364126.375	561607.3125	660745.75	656338.8125	453831.4688	573306.5625	673218.9375	818531.0625	803204.9375	824769.9375
MYO1E	558830.3125	710921.9375	507759.5		118548.3984	105747.4063	272928.7813	171400.0469	253728.9531	166917.2188	152754.0625	
TELO2	523285.3438	692545.625	804180.5	3301.8479		54865.94531	178639.4219	249928.5625	415818.4375	281355	334591.875	368828.2813
POLR3C	148701.5469	165128.6875	80218.1875	77855.47656	93095.625	79358.625	48403.97656	49863.96875	61575.97266	87960.17188	63989.75391	
PRPF38A	177036.3594	220319.9375	229603.9063						369116.2813	58996.9375	280249.6875	85295.75781
FAU	1562303.125	2519526.75	2242225	1482087.375	1157535.5	1742334.5	1262078.25	883644.875	907378.4375	824844.0625	832133.4375	944378.9375
UNC119	346128.4063	464366.4375	378339.4375	218425.9219	272172.0625	252173.5469	165138.625	159546.5156	188214.8438	178522.9531	179072.2344	189431.6875
PPIC	4599176.5	6876890	7509793.5	3615678	3534279.25	3042692.5	4086927	4724496.5	8316656	7544304	6403510.5	4506886.5
DDRGK1	102773.875	113143.3516	100057.4063	125502.5	124993.8672	135966.0469	109319.6797	73687.96875	108178.8203	88320.48438	88162.53125	104544.9219
CD59	2214015	4007279				1727704.75	4015191	2916719.75		1934581.125	2256011.25	1110197
INF2	133381.8906	180050.4375	164453.6406	94440.39844	94568.22656	80023.6875	80516.625	92503.34375	93602.98438	54090.18359	71907.13281	81125.14844
SEZ6				56576.8125		128553.3047				52054.83203	56650.59766	68586.34375
ZNF195	8275362.5	6524721	4899959	7791959	8559597	6595369	11623637	5890199	7470562	5622096.5	6994923.5	8151623
DCAF5	387166.9063	433233.2813	479379.125	434332.6875	612316.6875	733246.3125	553665.8125	452645.75	663406	239805.0781	331612.9063	175966.125
NIFK	1017157.125	1062806.875	755376	426864.2813	425974.9375	586781.875	304844.2188	209301	259222.4063	272545.8438	315849.1563	306574.1875
GPN1	121601.3516	211871.625	223573.8125	159170.1719	151912.5	132558.7656			85580.875	137934.25	139944.6875	247238.4063
UBXN1	330613.6563	469265.5313	536948.875	303331.1563	393685.7188							252357.8281
VMP1	35802.04297	72061.52344	73689.33594	39853.97656	53763.50781	89152.8125	89140.50781	91443.39844	112152.1016	49940.87891	81573.5625	30462.5293
POLR2A	141900.2344	100034.1641	138527.7031		74764.60938	61110.8125	38064.69141	50751.52734	54747.16406	75406.29688	78730.28906	52006.11719
GLRX3	1161102	1338565.125	1178975	1480284.375	1881874.75	2117384.75	894585.6875	1055022.375	927999.5625	1192485.375	1069879.5	1265730.125
MPP2	143524.3906	154119.1719	115346	59156.01953	67496.97656				57798.63672		82918.07031	78512.17188
GSTK1	126778.7734	66743.98438	138457.4219	139683.7344	202398.4375	50159.79688	33518.15625	59505.09375		102754.6797	29304.38867	136534.125
ABCF3	74933	133344.8438	87864.98438						57248.10156		38923.85547	
TMEM138	233468.5156	198465.6094	172620.3125	81010.09375	163967.9063	88562.94531	176168.4219	179617.625	231225.5	156666.3594	206358.6563	165564.4375
RANBP10	2690504.25	2858832.75	2253550	2471025	3391703.75	2011776.25	1814903.375	2552983	2352893	2524190	2984548.75	2285296.5
TRHR	411526.3438	496761.6875		415430.6875	592095.125	518728.25	249730.7656	92859.13281	138641.7031	272546.25	250908.7656	272310.0313
NOL9	271840.9063	425633.7813	288812.2188	281960.875	196026.5156			139142.9844	123046.0313		131925.3125	158475.2344
FADS6	288514.2813	183181.75		394711.9688	192758.7344	312464.375		430778.9688		168968	149651.2813	176727.2969
MEMO1	87521680	77961384	52762476	239951408	206753312	145027952	93281064	51979352	79063080	61111764	60018504	79474944
OFD1	4589342.5	7464973.5	5821696	6821861	11069716	7068995	12866110	9508022	11684129	8630801	8110602	8088998
CSNK1D	187041.4688	177419.3906	282745.125	235216.2656	177701.4844	202719.5	149930.6875	100897.8203	150585.9844			169896.2031
CCDC124	122543.6484	453591.7188		442926.6563	342933.125	165115.5781	213860.2031		162812.4844	114343.0547		
SRSF9	660422.9375	565476.8125	576893	327899.6875	452521.4063	340264.8125	198190.4375	282902.5938	221571.5156	214242.2188	226670.5469	210070.0313
ASPHD2	8920473	7386782.5	13902559	4571595.5	5017474.5	4196535.5	6052274	15084413	2371652.75	11820552	11989358	18956118
KHSRP	135016.125	155048.75			375585.4375	123825.8281	118851.9688	117480.4297	138939.0625	109658.2734		
TSC2	239115.6563	305433.125	279322.8438	36288.65234	20400.41797	43187.35547	66476.89844	67226.73438	89721.71094	84417.5	101147.5391	100245.3359
LTB4R	1466656.5	1133108.5	1245087.25	1465342.5	1325833	1560849.25	2509130.75	2515523	3675169.25	2057281.875	1902133.875	2383319.75
SNW1	68188.99219	91142.65625	96273.36719	145106.875	148318.0938	120869.8281	62759.43359	45825.30859	56128.07422	50865.36719	62679.34375	48639.91797
SCAI	365106.9688	457746.9375	666342.5	232855.9844								
PEAK1	150113.8125	193036.6094	201724.1719	84760.05469	74683.19531	57968.00781	30895.94727		23015.76367	56276.39063	82161.92969	47542.18359
ATG4B	488896.2813	281132.5	373528.7188	199562.8125	138071.4375	119695.7813	172587.6563	189235.9063	284124.9688	173919.6563	173382.6719	
TM9SF2	1089950.5	1298008.125	985945	423152.5625	553504.4375	524610.625	473397.9688	559946.75	713998.8125	890825.8125	1282463.25	1144764.25
ISG20	89832.84375	84800.03906	91518.13281	132884.4844	121587.6797	113343.3516	63113.60938	59209.15625	44316.89063		73334.69531	
SARNP	43262.60156	58661.40625	64208.46094	129154.2969	126409.0859	88961.625	58655.83203				74436.84375	64792.25781
TMED9	367596.375	130522.0859	356155.4688	980747.4375	886415.125	871089.5625	163480.6563	491984.5625	148351.4688	410584.4063	341642.5625	342090.7188
STX4	358171.625	254104.0156	369961.25	128724.9922	207800.5938	147923.1563	382243.3125	297798	377781.3438	381730.4688	343775.8438	378582.9063
PHACTR4	181216.4688	192933.3594	240992.0469	144231.0938	143947.5625	146449.75	110136.1172			81474.79688		157597.0781
GALK2	218319.3438	246119.7031	223644.9375	150720.0313		135004.1094	152371.5938	190220.9531	131843.7344	94871.65625	93182.6875	108003.4609
DPF2	221897.0625	379978.5313	245814.4063	206996.8438	161204.5625	176030.9219	118923.8906	123598.3828	120121.0078	134518.1406	136444.4219	127676.0938
RABGGTB	1304282.25	2112190.25	2226917	1531977.75	734198.6875	861328.625	2267522.75	1742837.25	1906010.125	1245669.375	806642.9375	1563293
NCBP3	717664.3125	934140.25	819573.25	414927.5313	266514.8438	581856.875	232140.5625	137073.5156	247996.7656	249935.5313	394506.0938	369719.75
DCTN6	113212.4063	138670.3594	136525.4219	97210.96094	94529.51563	135938.875	82741.14844	143915.875	135553	208034.2969	173782.7969	228859.5625
RPL38	545808.625	579816.9375	412140.0625	295222.2813	115866.2344	259160.6406	158014.2031	180828.2031	271318.0313	228786.0469	185617.0938	299367.4688
POLB	270104.625	263545.4375		430961.625	394940.0938	358549.5625	200751.2969			203336.8906	166598.9375	
PTGES3	4455043	6511964	4931389	4493572	4911575.5	2655708.75	1734223.375	1831547.625	2503513.5	3362375	2502035.5	2199070.75
FMOD	168235.9844	148882.3125	302172.2813	228848.6875	272550.75	166325.9844	102557.9141	175553.0938	59562.64063	168076.9531	238476.7813	339296.4688
HRG	1844446.75	2158831	2257931.5	989863.875	994608.375		3673442.25	2585039	2423213	1269480.625		1992125.125
ACADVL	156063.7031	145278.7969	109845.3984		95445.28906		82968.83594	102956.6484	116303.1172		52512.25	34215.81641
C1QTNF5	627083.5	658920.25	530184.5625	89191.39844	154426.6563	132251.4219	121385.8906	125494.2734	130684.5313			
CNOT7	144619.2813	173978.9844	201268.3906	103081.4063	74369.26563	86039.71094		78939.19531	122437.1328	69711.24219	65773.28906	80121.07813
LRWD1	155594.4375	290548.9688	254080.9688					230139.1875	295456.125	118369.2031	108930.0156	126694.7109
NPEPL1	533968.5	230472.0313	258806.7813	94094.46875	110944.5078	122285.7578	152296.1406	205292.1719	201197.0469	148094.4844	156510.3281	199293.9063
BRMS1L	593314.625	561451.625	466871.875	441116.5625	424456.0938	348672.25	185604.375	250113.0625	204086.8438	333347.0625	535760.9375	321667.9063
TOMM70	161082.875	159489.6719	172321.3906	191293.625	172873.7188	205367.2188	120933.1484	85291.85938	130525.6016	64700.74219	66037.57031	123603.9375
ERH	2333914.25	2097174	1661552.375	2659939	2484601.5	2413100.75	1065258.75	805329.5625	1111294.5	1662360.5	1440864.5	2318539.5
SP140L	3372305.5	3778610.25	3684087.75	2701607.25	2103738.5	2172125.25	2653438.5	3001368.5	2641616.5	2605753.25	2969429	2979097.5
ATP2A2		137586.6563	137047	86760.57031	94661.59375		175212.1406	193007.4219	153970.8594	165053.6875		
LGSN	1345042.375	2327383	1213685.375	820209.9375	1001205.125	617516.9375	660283.25	1052544.375	852458.9375	922039.1875	860696.5625	865565.6875
ALAD	456890.4375		520145.4688	560871.5	525444.625	577231.125	301791.5625	411650.2813	296620.1563		499478.7188	624549.875
WDFY1	903049.5	1787740.125	1843060.125	223259.4375	257006.0469	192172.9219	949483.3125		1178041.375	728564.3125	643516.375	592460.875
RAB21	108701.8672	125024.6563	144235				53817.22656	70567.95313	80434.91406	68522.03125	82863.03906	73071.4375
BANF1				258586.7344	255009.1719	315748.4688	117401.4219	85214.24219	93353.28906		156090.6719	
RBM34	164577.4375	153522.3281	142701.7188		57438.34375		40255.19141		71625.10156	82453.21094	74076.96094	67994.01563
CCNK	773672	933326.75	860253.375	459236.625	692687.125	777625.3125	368110.5	656372.5625	867525.8125	262865.5313	244791.0938	574882.4375
TYMS	104921.0703	121183.4688	140348.9063	116113.6484	85219.16406	127565.25	61202.83984	93455.76563	103217.5703	70854.67969	65110.17188	71703.50781
SH3KBP1			225396.1406	229917.9375	184184.6094	254129.0938					77953.625	
NADSYN1		156079.25		394767.4688	289394.9375	312477	201490.0938	170309.0469	221526.8438	172895.2188	246289.1094	167171.0313
RAMAC				75418.39063	110551.25	85403.6875	50758.21484	70433.75				
JSRP1	1377428.375	1073154.25	1004681.313	1723238.75	1556780.375	1515280.125	1116478.75	1349915.625	1066652.375		388305.6563	
AARSD1	128570.9531	199501.4063	96651.02344	57084.40234	105873.875	120120.2109						
COL25A1	710003.9375		416743.3125	643294.375	458511.875	588174.1875	352786.0938	167414.25	267004			
OR2D3	2715518.25	2778639	2379085.5	2648298.75	1711581.5	2107632.5	1864126.375	344238.4375	1789522.5	2080858.625	1799550	2637138.5
TLR3	129115.7109	90457.57031	150014.4688	105811.7266	139198.4844	90495.85156	31416.94336	28288.58398	31467.3125	85384.82031	59641.46484	68454.89844
NISCH	10574343	10581955	12759456	7951121	5430008	7813568	4390712.5	4186689.5	4243504	13308572	11230031	12037803
MAFF	1037109.563	2070610.125	1206921.625	3095354.5	805926.4375	1342027.125	960728.5625	533310.9375	897562.5	784642.625	934084.5	1278062
SREK1	353941.375	545541.625	742707							338993	364169.2813	276573.3438
BRMS1		93942.98438	130683.0156	126157.9688	74744.53125	123433.8672					142317.8906	129062.9063
CHMP5				210910.9688			352515.125	235071.8438	278373.6875			
B3GALT5	154339.8281	149298.375	119758.1641	115225.9766	121903.6328	79108.42969	49732.45703	55355.30859	84326.125	220725.8906	332778.3125	240997.5938
SUCLG2		73641.88281	112672.3516	132593.1094	132032.7188	110918.0859						
PTPN14	89538.80469	131452.9063	115648.0234		119952.4766	50612.11719	32933.90234	70333.55469	72527.33594	38601.78516	74413.95313	45521.76953
APRT	182764.9375		327102.6875	442802.375	364311.0625	340352.4063		269392.4688		149781.5		
PDLIM1				228427.5	300723.625	270953.1563				177309.7656	136958.6719	
PLBD1	60309	191629.8594	183314.125	178827.8438	118075.9375	102763.2656	107419.1953	55363.48438	57918.38672		44792.24609	38258.80469
EMC7	286400.125	210958.2969	368081.4063	460197.9375	491610.75	418601.1563	240019.5781	538928.3125	386387.5938	302960.1563	303871.9375	251089.5781
RIC1	193375.75	217218.6094	178744.1875				62160.59766	63176.84375	69780.53906	78938.00781	102753	119513.6172
AKAP8L	864900.0625	850285.8125	677654	1423978	1540675.125	1632864	853287.8125	746064.4375	906866.25	464031.9688	711531.8125	493080.875
ATP5F1A	269482	480352.9688	403896.3125	288810.2188	432753.9375	317968.9063	209075.0781	139153.6406	115074.375	167731.2344	194615.4375	127115.625
DNAH2	1806312	2292821.5	2450084.5	5392580	5531264.5	5747535	1530395.625	1497951.375	960295.3125	2309219.25	1869967.125	1885644.25
ATP13A3	103824.4688	120926.6016	153330.7656	34530.55078	23178.74023	25986.92578	82396.74219	77507.42969	102033.1641	96305.17969	121208.1719	123460.7344
DPP4	13121407	11526879	7779110	18633880	18796720	10545893	16548707	11587191	13230003	13390446	10403570	11481450
FAM184A	987614.125	1141732.75	854266.375	1877357	2470670.5	2251938.75	619743.9375	247438.0781	310115.3438	726945.0625	513363.9375	920826.8125
TSC1	188875.0313	190409.0469	144608.8594							46149.16406	64364.59375	59011.05078
ADAM23				993019.75	1079722.25	1288935.125			704812.0625		640521.0625	835801.625
CXCL16				183886.4531	215937.0781	187905.7813				129523.7344		122764.6328
FYCO1	196163.75	213965.8594	204803.4219	81459.71875	84644.75	72525.70313	79183.70313	58976.14453	86387.5625	100240.6406	120778.9922	103067.6328
REST	14471.44727			486491.3438	371777.3125	449804.8125	121517.7344	51952.21875	101714.9531		56129.18359	38262.30859
H6PD	98491.91406	91161.96875	85356.09375	142544.7031	169343.3594	139183.3594	69317.53906	71351.55469		97341.94531	77254.10156	101337.4453
VRK1	422868.3125	398561.5313	342310.9688	430659.875	403333.9063	399039.5625	383501.625	277615.2813	299964.0313	279785.2188	207983.0313	256467.3281
HIBADH	174412.7969	158109.4844	179874.8594	66521.30469	77533.21094	101568.0391	131723.3438	110672.0234	94045.71875	69136.84375	57879.32813	88487.42969
MUC4	94793.4375	90387.66406	124142.5313	281558.75	322697.8125	267433.6875	137014.8281	108446.375	49711.39453	98142.71875	78295.51563	79413.27344
TP53	644337.25	622067.5625	706473.6875	294645.5625	251554.2656	279970.8125	94088.89844	102567.1172	256053.6406	258267.1094	426455.1875	342055.1875
BAG3	1309903.25	715636.125		2572540.25	2158864.75	1622403.875	914379.4375	408757.5313	1023421.375	778739.5625		963900.125
CSTB	169526.5469	219674.8281	172366.625	187216.9688	404579.9063	208185.4063	104203.2813		93670.00781	80653.45313	97613.10938	135266.125
FILIP1L	1808489.75	2116132.75	1891277.125	2827462	2956841.25	2602511.25	963692.25	916089.1875	871673.9375	1369138.625	867949.5	1575946.25
ZBED2				534935.375	475094.0625	510633.8438	624877.875	961833.125	1351601.375	929058.6875	779326.6875	
TRMT10A	309004.6563	464882.0625	476086.3438		325600.2188	468644.6563				186049.75		317891.6563
DYNC2H1	1908057.625	2151861.5	2047483.125	2732006.75	3957748.25	4924648.5	1307414.75		1481974.875			2969190.25
S100A1	705501.625	871114.375	902917.3125	1016798.313	1093155.375	995793.1875	313775.1563	326811.125	370436.5625	461049.0625	594603.3125	475058.3438
SMG1	495508	501523.5	457783.75		207126.5313	187216.0938	195851.1563	192139.2031	125024.7656	189530.1719	218616.9688	293594.875
SMTNL1	1048542.25	1898732.875		2970509	3146995.25	1204752.5	1646298.5	2219728	1325488.875	4630615.5	1931469.875	2002233
TMEM59	636442.4375	337334.5938	364367.3438	121712.5156	151518.5313	131356.8594	75283.78906	113574.25	95085.46094	299434.9375	279147.9375	298576.3438
SMYD5	1543791.25	1487478.625	2383102.25	678580	861168.625	893310.25	936283.375	1591886.25	1598784.5	884397.625	927414.625	1318918.75
B4GALNT4		243342.25	356711.9063	313964.7813	277061.7813	353675.125	135861.9844	190656.75	116548.0078	229072.3906	416229.6875	352056.3438
NUDT16	66240.80469	69409.34375	64736.58594	115940.2344	109455.0234	103930.4063	85097.35938	90248.71875	128195.5859	51153.69922	54997.65234	55378.27344
GNPNAT1	475060	365710.0938	406510.9063	430072.1563	486772.3438	381808.4375	330636.1875	375534.9063	388963.6563	195290.4688	174518.2344	251356
ROS1	6748527.5	4803660	4003479.5	738494.5	895620.75	607089.0625	608140.125	453703.3438	996395.625	2328602.5	1204838.875	3023027.5
MMP11	111552.0234	241189.0156	346070.2188	122008.0859	133036.0469	140628.7344	90171.53125	142253.9531	141462.5938	131366.4063	148364.1719	120337.4297
ITGAL	1430455.125	2147089.5	2586928.5		866712.4375	1012188.688	1709778.875	1956976.125	2423846.5	1597129.25	855241.6875	1468632.375
MED16	379042.375	349558.7188	322759	40971.67188	84737.92188	134935.1094	227631.2188	295819.9063	293585.0625	177476.2188	209148.0469	178676.625
BROX	980072.875	808193.375	1266699.625	1025178.5	1219095.625	703874.5625	667782	701203.4375	598698.1875	542727.1875		748857.3125
ETFA	316504.7813	362229.75	513173.5938	135535.3906	172266.5938	146534.4063	208082.6094	257918.625	293761.4688	156486.3594	172535.5	125024.0781
RNF149	450770.5	514039.2188	570410.75	244671.5938	278418.4688	212454.9063	318845.8125	306988.1563	341692.5	430568.375	324559.2813	368843.4375
CCDC194	1150977.625	1476928.5	1112731.375	307419.8125	279048	348858.5625	4141756.25	3331724.25	4490944	570430.4375	771688.3125	528452.5
ST6GALNAC2	231790.6406	342080.1875	235611	78601.16406	153205.5469	99297.67969	151217.1406	224929.75	146534.0156	119195.7891	108525.625	113736.8594
GLI3							1800998.375	1545680.25	1309371.5			360727.5313
MAPT	324539.3438	410955	383773.375	364926.7188	326685.4063	640890.375	54816.52734		62115.56641	189697.4688	186090.2656	292062.8125
ABHD14B			99087.17188	198905.4688			297537.1875	451016.75	292208.9063	139996.6094	171489.25	79927.29688
FLT4	520907.875	432518.2813	601435.0625	811891.125	716680.875	1092073.125				309213.25	361777.3125	342912
LAPTM4B	271721.3125	406891	411473.5313	400199.7813	599869.375	461412.2188	264565	365811.8438	299563.3125	243889.6406	382883.875	214726.8438
ATP7A	103178.2422	116370.8594	95890.42188	66714.125	67889.77344	60448.6875	82758.41406	71788.77344	56927.60547	121405.375	147416.75	105455.625
RPP25L	65002.26172	89607.14063	84350.57031	112649.2109		106876.4844	76592.13281		64879.47266	87215.28906		
PRKAB1	145497.7188	263085.9688	203880.0781	26298.29688	51682.62109	32459.44336	38291.17969	46080.42969	62224.34766	87184.22656	68012.92969	72867.14844
CNTN5	430976.75	803896.5	389923.5	657617.8125	1214477	523267.5313			401605.375	374149.5938	519927.8125	451291.9375
MSRB3	173646.375	143251.4688	136924.2813	136180.1875	118493.9922	249898.3281	59798.64844	63318.42969	47058.40234	168447.0313	120987.2578	149250.0469
TTI1	207200.7656	224042.5	177138.5625		60724.13281	61031.74219	56034.88672	74203.10156	91133.73438	125089.625	156717.8125	114174.7734
SPINT2	840090.25	709228	884092.0625	1221233.75	1091016	1114184.625	904564.875	937276.75	736073.0625	920075.875	757806.75	865561.4375
SNRPF	1523750.75	1548472.25	1646298.125	1325546.625	1370398.5	2295798.75	1094730.25	864472.25	995485.9375	1128019.375	1538069.25	1345384
MATN3	842555.0625	618885.3125	906494.6875	513966.4375	595421.0625	568692.125	822801.4375	631474.625	801325.0625	563855.5625	650425.625	733027.6875
CSPG5	4355432	3035139.5	3364117	18570892	17492096	18514242	7379362.5	6392459.5	5418622	13514015	13334609	11364419
HOMER3	418938.2813	444268.8125	429001.6875	374304.5313	334010	277090.8125	436155.625	361370.1875	407942.9688	323668.125	419695.9375	356809.625
PLCH1	3987118.75	5067285	5795986	2600990.75	3196841.75	4422051	1926619	1809959.5		3010100.75	3077448	3180354.5
FAM133A	4666242	3473677.5	3444358.25	1578761.375	1194629	2336424	1652268.875	1536141.25	1830646.25	2583732.75	2327636	2824599.5
ITM2C		388267.7188	1009068.75	183871.25		123447.0156	227555.0469	417735.0313	398346.7813	524521.625	666268.5	681884.0625
S100A10	1382991.5	1674725.25	1576316.25	1946972	1712293.625	1698166.25	1355304.75	936878.25	1065398.75	1324003.25	1656577.625	1521431.875
RRP1B	285578.3438	52717.47266	384127.2188	374418.375	77885.10938	311687.2813	188335.9844	96970.30469	391903.375	143740.6875	157568.9531	153457.2813
TMEM106B	2539674.25	1910407.375	1767779	1017754.188	1084754.75	1073362.375	765695.375	873403.25	959080.5	1744183.125	1676132	1259867.375
TMEM130	699197.3125	607724.75	487314.0938	325421.625	414653.5938	364754.2188						
TBL3	185531.8906	132462.0938	167817.7188	45215.03516	61313.9375	70940.65625	108211.7969	140037.7813	139248.2031	59853.625	106232.0469	144009.875
RPP38	2565951	4116944.75	2450791	1690907.125	1477817	1540281.125						1708969.25
CEP44	33280498	21038442	18264122	30738174	34176932	29476264	37950664	41558872	36025060	65230596	61033332	65427244
NACA2	585483.375	784873.9375	688844.125	406666.0938	411221.875	470975.4375	302186.5	280974.6875	396729.8125	322567.2813	346588.3125	353049.3438
POLR2E	249063.5313	414527.2188	303254.7813	347151.0625	414033.8125	358095.4688	257076.1719	288563.5625	239307.5625	230689.4844	227754.2813	217059.0313
SHCBP1		205392.7656	208695.8906	67303.84375	94713.74219	94764.08594	100964.8984	77691.98438	136557.7188	89317.60156	127238.6797	101399.5703
DROSHA	101743.4453	142178.5625	186452.2656	114861.3828	101887.0703	197830.6719	69149.80469	67526.38281	59970.375	76720.26563	93149.05469	101786.2031
SNX33	2953581.5	4656194	4131987.75	4506820	4416069.5	4452129.5	3010280	2081610.25	1766355.375	2036025.875	1913886.5	2192668.5
SLC2A12	513295.7188			357757.8125	464357.9063		554288.3125	203890.25	248292.2344	466324.0625	680821.4375	479252.9063
GNA14	345974.1563	460315.875	334581.0938	336634.9063	228048.2344	229168.8281	244119.0938	262518.0938	249735.9063	148546.3906	199040.4844	230626.0625
ALK		13947145	9346915	8742006	11122033	8775046	7086457	9303226	10753145	6627138	6539707.5	6726619
PGF	1315406.375	1665291.375	1650841.625	302115.1875	379968.9063	569673.125	632244.1875	618640.875	806431.8125	905605.75	751534.1875	1185484.25
EFL1	202601.5469	318054.2813	236720.4531	141671.5781	105037.4688	83287.9375	90579.96094	96408.08594	116559.8281	129770.9063	123426.0313	170157.0313
SRPK2	318126.875	362288.6875	348490.625	195544	210959.75	253885.3438	132204.4063	152978.9688	114730.0313	172420.9219	203096.4219	230828.7188
INPP5J	240537.625	321310.625	342351.9063	74806.70313	55116.73828	110687.8672	117362.7109	143015.0469	111891.7813	59496.86328	57166.97266	45893.01953
CNOT9	465609.625	388778.0625	286745.0938	299554.5313	21663.42578		31747.49609	346587.3438	223440.2656	205776.5313	130458.4766	300022.6563
CCDC168	7970625.5	12212159	10809203	19020872	12928884	14334949	10700333	10120880	17473980	13310156	13571115	13780275
NELFA		110907.8125	105659.6641	189664.8438	141900.8281	137813.9688	75427.17969					
PICALM	664094.9375	524920.875	674792	642039.9375	429627.4688	403555.125	390538.7813	632753.5	433570.8125		367911.1563	302894.875
EIF2B5	600320.1875	680563.6875	732246.4375	405745.9375	402409.9688	370698.4688		323900.375	368304.7188	326910.4375	410648.875	473092.875
PI4KB	91339.39844	157603.5781	89479.75	40080.77344		44120.46875						
MMP7	1585720.25	1453311.625	1190853.75	685047.0625	855417.6875	514029.6563	362231.9063	501428.0313	538363.5625	325960.6563		
GLMN	173027.1719	188225.375	205623.5781	354565.125	421414.1875	203499	268562.4063	229387.625	246326.9844	292040.4688	252478.125	326977.9688
TAF2	31878.63867	293286.5938	319393.5625	60182.44922	59949.58594	91982.33594	91257.13281	70561.3125	211929.6875	59324.43359	263527.1875	48591.11328
TASP1	83991.90625	86416.00781	76523.05469	82561.5625	82930.44531	77578.92969	38747.51563	32916.27344	40898.56641	44159.1875	57643.12891	48673.32031
ENPP2	512481.625	519893.7188		412273.25	469632.4375	393577.125			138916.2656			
ANKFY1	64845.83594	98045.1875	126005.3438	117021.0156	157977.9219	124497.6016				79088.67188	66080.19531	90089.61719
FBXW2	301980.5313	238623.7813	216339.4531	174772.75	196255.9688	296984.5625		126029.6875	200629.0313	170132.7031	165127.9063	152480.2969
NOB1	121914.7188	193551.9688	170963.375	22284.92188	47855.37109	24807.54297	43968.16797	55689.11328	63504.14844	73709.21875	77399.32031	100108.3125
RHBDF2	714468.8125	787906.875	191439.3594	817926.75	253423.9219	1144584.375	1176518.875	1125938	874479	1267512.5	1347445.625	1431386.875
TMEM165	889252.125	814126.25	852267.3125	345371.8125	276800.0938	291683.4063	419044.9688	536231.375	622729.625	452138.1563	436629.2813	311331.9063
APMAP	3837041.25	2593597.75	8096694.5	1210890.875	1311444.625	1364952.625	1429513.5	3071452.75	864369.5	3079863.75	5184352.5	4308073.5
ANAPC1	477096.875	578732.5	542743.4375	190574.6719	138875.5625	183203.7344	189821.6563	216021.3281	183962.6875	286827.8438	311887	284900
RBP1	865234.375	871744.875	1122280.25	728437.25	903445.1875	708308.3125	608062.6875	702402.125	860640.25	524243.0313	561863.3125	624609.0625
SLC9A1	211174.2969	293955.3438	230536.8438	134520.0938	117267.1172		266907.75	150326	185314.9531	186361.0938	228455.4063	245165.9063
HDGFL1	2697089.25	3277645.75	2906360	2628312.5	2529190.5	2599243.75	2178592.75	1563994	2063544.375	2072410.25	1703043	1986898
CST3	979932.5	976196.125	1122120.125	3367109.75	3021041.25	2620703.5	1619868.125	1067480	1452320.375	1523557.25	1335487.625	1406492
RXYLT1		144283.9375	22308.13281	343489.0625	272628.1875	270734.4375	103786.0234	57288.19141		300211.9375	328016.4375	
EGFL6	64906.10938	109641.7188	84140.92969		67281.05469	48546	29944.14258		24129.52344	70252.82031	88709.47656	84027.14844
CSGALNACT2			60999.09766	77843.9375	102771.5234	85701.85156				90558.10156	90060.10938	83993.77344
ACP1	751956.125	732965.25	918140	708714.0625	734589.0625	657870.1875	494358.6563	585616	609425.4375	487457.9063	355836.25	476650
PROM1	431472.3125	260706.7031	272239.75	64761.76563			178580.2344	173068.8125	123768.6641	168561.5469	165805.6719	141108.1094
PPP3R1	117434.6484		93975.07031	208415.1875	231234.1094	151649.1875	197001.8125	116296.6875	164263.0625	100038.0156	164209.9531	153906.7188
ORM1	536618.4375	446521.3125	341857.75	367108.0313	349360.4375	369042.3125	265832.375	221955.7813	270791.8438	262659.4375	251741.75	385035.4063
CD14	351424.875	429136.2813	442357.625	349469.7813	346936.5	371309.9688	581992.625	740121.875	600562.625	574624.3125	389819.9063	355009
NUP153	219934.1094	330059.0938	242682.2188	170789.1875	118171.4375							
SELENOF	237334.6094	227516.2188	260738.7969	222172.6094	122705.2344	143801.6875	101641.3438	76334.28125	122315.3984	105803.2734	163025.8438	105084.7656
IRX6	3197801.5	3117772.75	2208066	3191753	4775299	2657267.75	3785562.25	3429951.5	3062242.25	3287325	4076574.75	2701531.75
PTPN2		126169.5859		89201.27344	102036.1328	85404.89063	123884.3047	198079.1875		83967.85938	93167.64063	86983.89844
NBN	104191.5781	127638.3672	136931.4063	78687.83594	64686.76172	68673.91406	41294.36328	83780.28906	55344.02734	93358.66406	85238.96094	120318.1641
YIF1B		772550.0625	875084.375				339722.6563	268779	257722.7031	432130.625		356282.75
ADA	364067.8125	382485.7813	485855	430170.5	462521.1563	261112.4375	330393.5625	453476.0938	560435.125	261797.7813	271775.9063	408055.0938
OTUD7B	609769.1875	728593.0625	588143.125	109107.7578	187186.4375	71772.19531	167024.6719	74914.10938	71269.51563		117614.8906	103896.1016
HAUS4	2983821	2825426.75	2367092.75	697475.1875	965198.1875	885837.9375	817452.8125	1213320.125	1115912.75	1020543.375	1549003.125	1429121
CEACAM20	1473032.875	1591143.375	1090899	3449455.5	4130924.5	2350087.5	1887321.5	1834262.375	1693722.375	1859138.375	2319230.5	1786275
DOCK4	90949.96875	80669.64844	89750.19531	11786.51172	20272.82031	35130.42188	38326.80859	45971.34375	65272.89453	103499.375	157834.3281	123826.1172
MYO19	25729158	31661982	82729656	29838470	38107848	20667796	20995568	45515984	13483318	59404464	66393616	74294808
CDC27	153328.0938	185529.8281	185957.625	48663.99609						42610.23047		50470.20703
ITM2B	935727.625	1334844.25	1196013.75	495168.9688	527752.9375	739690.875	408578.6875	422404.9688	517978.875	844959.3125	834742	948827.4375
CES2	110365.4688	119713.6563	152885.6719	113833.0078	146120.1719	106328.7109	148402.2031	216061.625	130490.1172	125241.3516	143273.2031	98318.17969
CLTB	366312.5	627228.5625		1017804.25	704112.9375	733112.0625	248137.5781	179670.2188		554218.8125	273747.5625	329663.25
CLDN7	217256.5781						278374.7813	317259.5313	315338.5		420299.5625	220805.5
ALOX15B	36750456	28989648	28403934	61349448	55095204	58975028	23261580	19093346	16701285	75611912	73116064	75487976
SMG5	299239.6875	336794.8438	338561.3438	137031.9375	96544.94531	148888.1094	139070.0156	97101.83594	106735.9531	169449.2656	215398.5938	222929.2031
PPP2R5D	159684.1406	217241.1563	228183.4844	306405.9375	224901.8125	286060.6875	411169.6563	340062	341114.7813	255342.6094	297497.0313	243518.5313
PGAP6		76677.0625	59131.68359	154191.3125	182486.9219	145481.0781		181813.1875	149143.6406	84945.32813	103924.8672	85154.02344
KCTD21	49766.84766	84717.875	108498.2109	35380.36328	61679.23047	95909.85938	102472.0703	125779.2969	190998.7813	113981.3047	139639.6094	130562.8203
DPYSL5	497729.5313	499047.625	459158.4375	372044.75	423986.0938	442999.9063		114677.4297	94886.41406	307156.25	259746.0156	381100.9688
CGNL1	370339.9063	517415.6563	384992.1875	161769.5313	186223.5938	170458.1875	148478.8125	113034.6875	162770.2031	171181.2031	203179.0156	157162.625
DIDO1	67463.875	94408.79688	100462.9688	231492.5781	223987.1719	278680.4375	44339.76563	69534.50781	53438.46484	89977.92188	98793.28906	77999.625
PUS7	226138.1094	306712.7188	276142.75	177826.1406	195420.3125	180746.6563	98805.23438	98275.36719	110272.2422	127595.4297	133090.2188	120566.2188
WDR59		348981.875	366578.2813			150596.625		575740	501725.5	213759	356388.9375	276357.5313
HCLS1	469665.0313	619608.75	435279.0938			132658.9375				221711.9844	180717.9531	235078.8438
ZDHHC3	221017.6094	232064.3906	211514.0313	55558.39453	75606.28125	72626.74219	131516.9844	148614.4063	166057.8594	99640.98438	143300.5313	118316.2656
CRELD2	217946.4844	165318.3594	161717.1563		504019.7813	400828.5938	313277.5625	291194.9375	335299.6875	310368.3125		347834.2813
PDCL2	40626908	34046260	24362640	46936952	63060548	46172472	41112832	35440224	38772676	40935444	39970136	34160432
KLHL18	686906.625	673614.0625	586443.4375			274130.7813	364781.9375	485127.8438	476999.5938	134040.7344	270470.2188	219766.4531
UBXN7	303771.2813		444066.4688	658382.9375	600129.5625	884362.5	311638.5938				302839.9063	325405.5313
JMJD8	1873648.375	202219.2969		1640112.375	2007778.375	3433651.5		1468935.625	1910951.25	1345793.75	1139453.5	1511001.125
RBM19	348436.375	379108.9688	344380.875	80770.39844	195280.5469	282091.5625	59065.61328	49736.27344	71155.86719	101812.5391	109384.6406	274242.5938
BMS1	232479.1875	220679.2344	176177.9219	329078.5938	278546.125	229841.8438	105039.1641	63291	68724.67188	116326.6172	122942.3516	177108.3125
CYSTM1			220421.2188				655152.3125	345926.0625	498230.8125		407061.25	
PABPN1	1375148.25	1823516.125	1528623.75	1382225.875	1343797.375	1290693.75	923243	1099980.5	1511610.75	953144.375	1049589	1159634.5
LPIN2	128415.1563	107625.8516	87340.23438	77103.57813	95345.03125	81461.17188						
LPIN1		112184.6328		180844.1719	226386.1719	259902.9688	43928.16016	55339.52734	80549.85156	85970.28906	87982.21094	110406.1953
PHKG2	199329.5156	270861.1563	211262.6875						136074.0625			
FOXP3	490045.3438	795887.625	626578.5625	849785	877434.5	911407.125	885065.1875	1014148.625		835360.9375	644003.5625	572505.25
CLASRP	284093.6563	217086.5156	249343.6094	189413.9844	162221.2813	157771.7031	107983.4375	79463.84375	77082.04688	68454.54688	149178.5156	135415.6719
PKP2	907488.875	720287.9375	827136.375	612518.75	474463.625	472730.3438	541333.6875	591856.0625	630536.25	270093.0313	483239.7188	409037.1875
ATG5	72665.79688	104122.7266	130798.8359	54633.62109	37329.61328	65151.66016		28736.55664	149664.6563	57426.83594		97034.72656
VPS25		2634422.25		3186968.75	3230634	2620194.75	1909887.75			879864.1875		1572769.25
CHD1	1017445.375	930005.9375	1065136.625	1353712	1034812.375	1360272.125	288186.2813	266406.0938	413553.3125	744537.3125	743202.5	671492.6875
EXOC6	1385550.125	1870738.5	1172831.625	687711.625	686950.4375	491230.4688	483672.5938	498417.1875	619157.6875	709477.4375	710902.5	814520.9375
TCTN3	56792.59375		86643.44531	207070.8281	234045.0938	322007.8125	161457.0469	178022.9844	157572.25	278606.6875	245077.9063	345517.5
AFF2	100824.8438	114903.2891	120207.1016	89057.88281	129786.3672	69239.74219	98205.82813	96606.75	108926.4922		90309.89063	
ARHGEF7	130789.7656	178535.8281	212419.375	71119.29688	70316.6875	81026.64844	75632.375	127820.7813	117849.7188	89499.42188	88631.1875	96061.05469
CHMP1A	135602.3438	129866.5547		150779.5313	215068.7969	154174.5156	141629.9063	105229.6719		117837.0703		149367.5625
GTF2H1	530606	1074807.5	478603.5313	462015.375	322014.8438	682076.9375				321920.5938	283401.0938	977852.5
ADAMTSL2				1531991.125	1453797	1280741.625				528604.625	577483.875	557585.4375
ACAA1	333932.125	537321.5	337662.8438	617927.5625	519942.2188	458489.0938	769330.125	829955.625	615727.25	512127.5625	531669.5	408409.25
XP32		783669.25			462531.9688					224144.9688	175018.9063	231483.4063
VTA1	609003.375	528106.6875	463144.0938	1014390.375		1088836						502700.9063
TSC22D2	616252.75	693162	638290.375		926374.375					373193.9063	666555.625	245282.1094
FAM98B	187724.5	153826.0313	372710.6875	709948.1875	609476	611321.5	309127.7813	309973.7188	280061.9688	208212.1875	122825.0547	358235.7188
ETV2	1415416.75	427059.3125	1237619.5	1014213.125	719737.0625	494215.9688	593313.125	618257.9375	476318.875	943808.625	1455971.625	1404252.375
DGCR2	693098.5625	533159	718724.9375	699408.8125	715406.6875	710192.6875	72959.22656	90870.32813	56001.11328	535351.8125	502754.1875	277699.4688
ARMH4	538973	469312.6875		831359.6875		938572.125	642538.875	374712.0313	237522.1406	567293.5	901837.75	
GBA3	32171158	32108266	33157384	14594541	16343377	27918102	9320759	11616594	11332870	13648680	15056119	16008829
ROBO3	4230245	4735549	4472292	10784041	9825578	7881954	9437135	5423350.5	6379908	10442784	6958245	7405513
C6orf47	264796.0625	322487.0938	251215.6094		104823.4766	87645.375	283172.4063	215594.3281	224093.4219	196372.2031	169367.9531	191547.5313
SLC16A7	2124174.75	2057481.875	1697758.875	3090702	2781637.75	2261045.75	7814860.5	7938567.5	6255165	4356988	3641630.25	3683227.75
TDRD6	7090685.5	7022271	5780905	2745199.75	2510842.75	4172035.75	2754201	3050582.25	3659725	3965415.5	3387264	5030338
COL14A1	90846080	93926856	83889496	117948264	114281568	109192128	76867096	88632776	81142336	111476832	111767288	84801080
ADAMTS12	194112.5938	156676.7969	195134.6094	92526.53906	108135.25	79797.66406	23205.33984	64187.85156	25257.97266	168350.9844	187194.2969	186566.9063
PDK3	214393.1719	174981.0625	212731.1563	30489.48242	85117.20313	95669.17188	182912.4531	222738.2813	218535.7813	251242.5313	241189.875	195006.0313
THADA	280862.3125	234401.625	299076.375		102962.5469	106610.7422		189971.9531	202424.9531	144481.2188	189942.125	161750.7969
COL9A3	241854.2031	268182.5625	206102.2188	313823.7813	332024.7188	259518.7813	113268.2891	31831.23242	45603.69531	36979.28125		64360.48438
SH3GLB2	214213.7656	202225.6406	260071.5313	88129.9375	86162.82813	84268.04688	50102.82031	52817.88281	65657.32813	75967.64063	82601.96875	123362.5313
ATP2A1	5311695	5554742	4435384		4628062	3062554.75	5483066	3730581.5	4165081.5	4479826.5	4374418	3880217.25
MVD	211151.0781	195527.6094	208557.2188	211636.6875	217012.7031	161849.4375	261804.5313	228514.4844	235322.1094	165333.8438	153942.9688	164947.5781
PRSS8	3444392.5	2826355.75	3399368	3360829.25	3818345.25	3240321	3490494.5	3739438.75	4404747.5	6083572.5	4882207	4413732.5
E2F2	10326098	21507538	20045168	25655216	22686600	22971266	24752552	17838094	25223404	13829888	10852984	15419456
ARMH3	787120.1875	668813.5	758774.3125	163287.75	138921.7969	233049.875	293708.4688	429205.375	325809.5625	382549.5	292731.7188	473066.2188
SPON2	23192.07031	34949.42188	54491.32031	223613.7656	220196.25	230973.9063	455157.25	557638.4375	558533.3125	91823.98438	114839.0469	37362.44531
HEBP1	278455.0313	347375.7188	345820.0625	227766.3438	276210.125	200995.75	144425.8906	221732.3281	222675.125	206214.25	193942.8594	193363.5313
RRP15	497274.625	547369.625		181558.1875	147538	767537						
VASP	224117.2656	213823.3594	215851.4063	174009.3906	172705.6875	187120.2031	95184.99219	219536.8125	173800.1094	85939.57813	155667.4063	84598.3125
RYBP	2477747.5	1949661.125	1994624	1788978.875	1431284.75	2269265.25	1399465.125	1133703.5	1315889.25	1201003.5	1437682	1331280.625
ITGA1	934435.4375	997130.3125	749368.375	598023.25	184769.5625	478147.4375	328956.4375	121872.7188	171208.2344	555358.625	713492.25	659713.0625
IRAK4	97980.33594	137694.0625	102195.3516	97626.67188	77375.10156	78494.78906	79664.70313	71336.36719	95997.72656	65108.41406	46327.97656	59868.96484
CIAPIN1	130854.2656	143997.2344	83452.55469	147597.4375	145495.625	109970.7266	71602.65625	96659.44531	88751.92969	89282.78125	99572.07813	84250
PARP9	236439.2969	213815.2969	188251.0313	123470.0625	125248.6563	87438.48438	100205.6719	104604.1484	118259.0313	94201.04688	120954.8984	139172.8906
TPH1	276432.8125	314613.4688	334669.2813	231214.7969	301117.1875	321089.625	226147.875	215337.4063	228307.7188	359708.25	300337.0313	277007.3438
BPGM	314615.7188	268511.7188	362502.125	201290.4844	303583.0625	194348.9844	190634.9531	178268.2031	171442.2344	142140.6719	112533.6484	188364.1563
DPH7	317002.5313	358603.9063	358391.625	102746.5781	149300.625	216027.6094	163388.4375	192989.9375	275730	237294.9531	264306.875	273088.5938
DENND2C	76450.09375	143928.875			267155.9063		486791.4063	556327.3125	653145.1875	346554.3438	499661.0938	568657.75
DRG2	131864.2031	140769.9063	141115.0156	99442.52344	97804.03906	64086.07031	49142.04688	97364.46094	84696.60156	77886.25781	72094.25	88592.26563
CYP11B2	7627600.5	7145644.5	5247057	4678754.5	7493366	4117647.25	4701483	3253684.75	3566355.25	3402474	4334429.5	4187154.75
RTCA	209906.0313	184388.0625	233615.9219	224246.5313	184125.7813	164239.9375		159974.7656	144709.9688	121917.0938		160989.5781
CDK5RAP3	238068.8125	232781.125	164133.5469	230421.7344	121844.7266	134167.3906	21647.34766		84418.625		132753.5156	114789.9063
ACVR2A	232247.5156	386694.5625	339018.1875	261157.7031	287009.2188	264916.4688	214028.5313	164934.0781	142627.7656	451966.1563	588763.125	611136.5
PIK3R3	160369.2813	208444.0469	181941.75	69191.91406	98377.54688	95802.6875	87203.70313	103096	118140.9609	97896.99219	112691.5938	115458.25
UFC1	387697.3438	245070.375	267092.4375	255707.0625	241667.8281	258873.3281	146858.9219	107564.6484	145997.4688	134762.9063	153593.6719	203463.3125
AGMAT	510264.4375	569042.0625	482360.9375	457396.2188	462776.9688	334928.5625	256846.7813	291680.1563	169417.5625	160344.5313	168412	213572.2813
GRID2	661763.25	1227826.75	629496.1875				525841.5625	329479.0625	520374.375	660021.8125		
ANKRD28	175123.4219	233605.4844	210370.7656	84526.45313	90505.77344	75322.46875	68462	56678.27344	57980.00391	53529.60156	44108.64063	80069.29688
EIF2AK2	958594.0625	1128713.375	1126902.625	444581.8438	416737.7813	486877.25	389624.9063	373828.3125	463269.5938	441130.0313	439947.0625	419243.6563
ST3GAL2	326020.9688	355210.125	324506.125	240813.2344	224119	259179.7969	187970.6406	200513.4219	114592.4844	277269.2188	251248.1875	246287.1563
STUB1	380973.8438	727310.5	477920.9063	291180.625	300137.875	413663.0938	508155.625	543383.5625	541159.125	359658.5313	553529.375	392396.4375
PCDH12	606166.0625	380231.6875	1030351.375	441575.5938	400916.625	571794.25	238264.1094	438430.5938	169204.8438	551241.5	697370.9375	961406.25
GRIK1	1399000	1187406.625	1213214	1388553.5	1768143	1654906.875	2866534	2433971.5	1977535.375	1408335.25	1516425.625	1346120.375
FAM83G	200822.4531	298222.75	235492.8125	73575.60156	97574.66406	89732.05469	46087.42578	46587.95703	52094.43359	85533.8125	104024.8594	97045.58594
EXOC8	281622.2188	256484.75	303133.5			138745.5625		279201.0625	286838.625	221855.1719		
TNFRSF10B	149083.8906	109070.0313					109097.8672	172287.2031	94780.13281	154523.5938	188793.375	
PSME3IP1	461056.6563	744528.1875	591839.1875	476730.875	422058.5	497369	225138.5938	182854.125	202834.9688	427792.4063	357562.7813	470065.9688
MAL2	2546671.75	3441040.75	2780108.5	822332.25	1141003.125	1411309.5	2043814.75	2309563.25	2210939.25	1425351.5	1703216.75	2180524
CSNK1G1	116232.2813	145319.5781	131447.4531	65516.14063	97898.95313	68727.10938	32361.13086	125431.3438	193711.1875	162738.75		187703.3125
URI1	540352.375	570325	403796.3125	536092.125	408727.5313	592261.375	379339.2188		291746.1563	346576.0938	514943.875	395095.3125
UQCC2			42195.1875	478501.3438	737074.1875	495506.7813	1872548.625	2372555.5	1758728.75	572760.25	945791.4375	319575.625
KLC3	85324.60156	75989.89063	73181.54688	118536.4766	131207.8906		54151.76172			45322.75	60466.96875	79307.25781
HOMER2	172833.2969	158897.2969	83194.875		177466.1406	87387.22656	72232.75781	91235.58594	60903.46875	125934.0234	95489.04688	60731.09766
USP33	1341711					105115.6484	902582.25	687731.1875	1666065.25	908293.25	320933.7813	1382665
VPS26C	293944.5938	181587.6094	408718.0313	43061.21484	45437.73828		89993.57813	164658.9688	140615.7188	140824.0938	204921.625	214612.8125
SLC16A5	330403.375	307662.25	226913.8125				113476.7266	487547.6563	440183.25	67547.8125	82453.17188	
SF3A2	608459.9375	754303.6875	578218.5625	553200.25	739987.5625	575353.25	340068.4063	352715.9688	613020.5625	439759.9688	565620.4375	97886.125
CCN3	10706818	9797291	8978463	6896609	7000875	4493691.5	3303530	2780911.75	2327119.5	3938388.25	2390298.5	3149446.25
XYLB	186707.3125	113461.2109	208509.9531	90035.69531	96631.64063	82708.9375	47888.96094		82553.69531			
NOTCH3	373425.0938	693116.375	803910.4375	852290.875	1380389.375		737342.875	940326.8125	656003.25	660609.5625		500419.8125
KNL1	127830.8125	180778.6094	145986.4219									107825.5469
SFT2D2	701479.0625	928043.1875	810571.1875					623190.1875			958017.9375	1052348
BUB1B	694689.3125	937577.125	681704.75	67389.57813	71178.98438	54342.13281	40911.01953	44903.00391	121735.3047	101488.6563	314767.625	129912.2656
DCAF6	259234.625		293158.4375			272602.6875				243872.125	345124.9375	217608.0781
NUDT12	61802.8125	70923.57031	144139.625	157838.75	142032.375	142203.625	35075.82813	28762.06641	61372.05859	83578.14844	56182.44141	94145.0625
MAP9	219713.3594	339583.0313	237196.5	292040.25	249963.3125	246791.7969	71835.79688	45646.33594	87543.88281	93490.39063	89097.40625	94843.85938
DHFR	1161460.5	1329602.375	1362113.25	875456.3125	723354.5	811501.75	147144.7344	360987.9688	241490.1094	463661	379535.0625	492770.2813
PCCA	160378.2813	318707.5938	156830.4219	103406.0469	108386.9063	112539.3906	86856.19531	91866.04688	62545.83594	108937.875	66042.00781	74559.49219
MTCL1	79718.94531	89148.4375	88000.9375	82341.92969	107813.9844							59155.57813
FAM78B	395617.25	407689.875	359936.3125	750727.9375	1065988.375	806826.3125	660435.25	799887.625	520465.875	721163.3125	890869.25	674272.8125
CRIP1	894071.8125	841922.875	983464.6875	1726143.25	1228800.5	1253101.125	955405.3125	1047063.188	1161523.875	696560.0625	865710.625	1062332.875
CLN3	207994.3594	184251.0469	156104.375	103542.7422				166947.5625			194693.375	
TPK1	159356.7656	127152.4375	144325.9531	51804.25391	58918.91797	92010.75781	116117.2422	100833.4297	157371.9688	197306.5	227820.2188	191378.2188
TGFBRAP1	18123660	13729431	12205407	4494760.5	4700142.5	4292465	5066480	4701780	5019354	3570612.5	3278273	4106673.25
NECAP1	540424.125	572799	489917.125			166760.5	188194.125					
MAP7D1	199439.375	312699.8125	96963.46094	599723.625	483116.5938	571420.3125	20618.90234	59338.85156			52568.03516	
ENTPD3	245364.125	291510.0938	301243.6875		267274.9688				169222.1875	148409.7188	155924.0938	131755.1719
ARMC5	1426686.125	2529766.5	1775422	1160296.625	1218464.25	1175561.75	1379411.125	1166266.625	1405313.25	1187336.125	1261018.5	1020829.25
PGM5	307284.0938	469646.1875	406496.8438	1696718.375	1664590.875	2028968.125				131155.25		
POLR2H	970435	1030946	1192870.5	814302.875	814360.3125	841541.9375	438873.8125	613043.625	788119.0625	748164.75	649322.5625	707595.875
UQCC3	712975.9375	697451.875	624003.4375	747066.5625	1003847.063	1110819.75	296974.3125	229463.75	227596.3125	391909.5	467889.4375	602682.5
ZFP91	1810614.125	1433539	1009331.563	5171326.5	4020277	4213126.5	1266748.125	748061.6875	1219035	1305190.875	1311109.5	1512460.375
B3GAT3	626675.6875	677045.0625	587418.5		575696.5	989111.25	631708.25	503739.3125	554671.5625	624164.625	876675.125	817058.75
PTPN3	85882.16406	101605.7656	77052.75781	151890.5313	77918.86719	143749.875	73948.13281		45014.95703	185823.4688	163981.6875	137454.7344
HMOX2	375124.6875	275263.9375	278571.7813	947964	908003.0625	724340.8125	354024.9375	331433.0625	364045.1875	130983.2422	241802.5313	240206.9219
PIWIL3	486610.9375	810983.25	725834.6875	528426.125	743012.1875	598440.625		79666.8125	287613.4375	215459.9375	227015.4063	558116.3125
DSC1	414220.5938	309381.0938	223197.8906	838894.6875	537441.4375		646389.375			519526.4688		809947.6875
RGSL1	2488023	3478961.5	3892168.5	138200.4531		503875.375	1362749.375	1692973.125	2629847.5	3508891.5	3053214.75	3079713.25
ENSA	333404.2188	492373.9688	101249.4922	371952.375	392867.4063	349474.625	145175.75	103687.9141	84835	226120.5313	231032.4219	203636.2969
UBE2L3	473753.375	399128.5625	348663.5313	662988	588129.9375	666611	383686.375	282400.0625	324498.625	373664.5625	426175.4375	466376.8125
TBC1D10A	245119.1563	340664.4375	198076.3906	123762.3438	139122.6563	132886.1875	165347.9688	119308.9453	91203.20313	137427.9844	185854.9531	118051.7422
RAD1	224888.6563	226709.375	450156.3438	143786.1719	178445.1094	131523.5938	131894.3438	261240.3594	182897.4844	223381.3906	209125.125	229654.1719
ACACB	568632.3125	793631.5	735133.375	788881.25	988916.4375	669158.875	704073.75	661183.4375	549751.375	910593.8125	729371.0625	554807.6875
GSK3B		1546535.5	1719151.25		582332.0625		535709.6875	879136.4375	768649.5			
SCAF4	257049.5938	434348.2813	417921.9375	759370	537035.875	919262.9375	378441.9063	274777.6563	293914.5313	232092.9375	237851.3594	222816.7188
YIPF6	5602636	6786034	3811919.75	1300503.125	1815232		1786760.125	1790178.75	1630297.125	1559959.25	1917566.25	2538935.25
SLC52A2	2242427.5	2210870.25	2039024.875	1799280	2290869.5	1769608	2766371.75	2487488	2177746.25	2100058.25	2656025.25	1969939.25
LSM1	233003.5469	278839.2188	337072.5938	223653	233291.5469	321602.6563	142279.4375	154838.5313	308491.0625	263399.9063		219470.0469
NEK5	4938712	5730179.5	7128000	6069370.5	5624998	4407785	16977152	17204510	19089400	6513659	8036459	6890033.5
ZBTB48	7094781.5	5624410.5	6273849.5	3241563	3682901.75	3362219.5	2181239	2670578.75	2446918.25	6564661.5	6340139	6707158.5
ADD2		180756.2188	204159.8594	383237.0938	409563.5625	327658.625				281114.0625		171851.9688
OAT	1080257.25	994772.125	1325414.875	1237769.625	969511.1875	1113058.5	740484.5625	739612.5	728496.9375	176135.4219	426442.5625	510123.8125
TRAF6	206892.4219	162741.6563	94167.07813	105605.7734	135580.7813	115938.3594	43727.19141	31357.29492	48178.63281	85024.27344	81589	90046.73438
SERINC5	3277628.5	2839457	3000411	2668170.25	4242580	4135925.75	3009399.5	3030909.5	2463173.75	3823446.75	4507938	3625149.25
BAG6	131884.9844	241006.0625	180581.8438	170009.8438	144282.6719	109419.1953	96923.09375	204507.6094	117524.6563	116293.5078	123099.0781	119766.1016
NOS1	319448.5313	263714.6563	258689.9688	65415.4375	88836.67188	87038.41406	65107.875	45685.04297	110653.6953	50834.625	90386.07813	77135.63281
GTF2A1	743055.8125	1396925.375	1340996.5	1672448.5	1314496.5	1783045.25	1054008.25	1003011.25	1164530	978171.6875	967680.3125	929455.375
ERCC6L	402289.7813	487056.0938	465908.5313	120319.8047	160074.8438	237244.8594			69831.67969	144158.7031	174536	250005.6719
YTHDC2		885097.75	952902.875	1128090.125	811315.4375	1082907.25					420494.8125	618024.875
HGD	204974.125	302015.7813	196251.1094		146062.2344	166840.6094		321322.1875	273687.0313		100977.3906	
ESYT2	137923.9375	210501.4688	228782.0938	78124.01563	55893.71484	45981.98828	138862.8906	198763.3906	193251.8281	74320.8125	168717.8438	107566.5469
CMSS1	267624.6875	251761.5313	261583.8906	218770.5313	199547.8438	186136.5938	164705.8594	145496.3906	172906.4844	133149.4375	158425.0313	149658.5156
ZZZ3	479549.125	651454	554208.1875	315582.6563	366900.875	345952.875	282430.2188	260037.75	317001.3125	228447.7813	227493.4844	315953.0313
NIT2	1192103.75	896694.6875	897153.9375	1268873.5	1109318.5	826212.9375		1367935.125	1352116	952550.875	864926.375	780416.1875
MOCS1	377213.0938	502563.0625	169144.8438	554829.6875	808443.375	163867.3125	1295656.375	408608.1563	348651.4063	224703.5781	575843	364458.375
PPP1R18	193236.9063	210269.125	179927.4219	191867.25	183563.7813	179422.125	66556.96094	35171.57031	43957.43359	84780.42188	106015.9297	91238.375
APH1A	542430.75	592471.6875	653037.5625					617053.75	806966.875	510034.2188	715687.4375	
ACE	103154.6641	69276.80469	78839.79688	98505.5625	129015.5859	130076.7891	237320.0156	159273.6094	194653.125	59147.60938	52278.99609	42801.14063
SYNGR1	1268231.5	1835749.375	1981780.875	407213.4063	605628.5	812809.75	751297.5	497899.1875	427696.0313	833570.9375	671663.1875	732870.625
PHRF1	361626.2813	467141.75	600660.8125	457260.6875	425627	561389.1875	197907.7656	236181.8281	248950.5156	197908.0625	320691.375	278728.4688
RNF130	113950.5625	104889.2656	319333.2188	29283.68555		55219.69922		95534.10156	20903.0293	130143.3672	152666.7656	265478.5938
GGCT	1499443.25	1305248.375	1251409.125	490682.0625	745443.625	767728.1875	475860.5313	862010.9375	935959.3125	2222288.5	987513.0625	1465639
PTPN12				332806.9688	326235	533448.0625						
PFDN4	723321.5625	735977.25		1163109.875	948043.375	1039917.875	684590.5	755091.0625	1098454.125	961599.375	721423.125	1140324.5
ZPR1	385893	617886.875	512665.4063	951208	1752629.25	869043.0625	427400	426778.4375	512534.5938	670600.5625	1008625.375	485820.25
MELK				73910.50781	135728.9688	227552.9531	152111.0938	166743.7344	161840.8594		105264.2188	
GTF3C5	654638.8125	541585.5625	420659.1875	207549.7344	217144.9219	133181.9063	239433.4531			187943.5625	175870.4219	265032.3438
LLGL2	213501.9531	325285.3125	281928.2188	102603.7891	161039.0469	142014.7188	107594.7422	163807.5469	128971.0703	84308.64063	238228.9844	98324.625
STAT6	106956.2813	122799.9219	116734.3594	67879.46875	66425.46094	54753.80859	66493.14063	75841.40625	86885.29688	12981.07813	33101.00781	30593.7207
WDR6	382968.3125	301729.375	436804.8438			177172.2031	148959.2031	292168.2188	224868.3438	213611	214014.7656	245124.7969
COL21A1	1028549.063	1318097.125	1524976.875	1394793.875	1011893.938	1390125.125	1439142	1502592.75	1308728.125	1707266.5	2296459.25	970788.3125
NFYC	2085475.125	3797199	5971242	2376669	2509130	2738385.25	3564804.25	3670595	4524326	4578813	5043377.5	3185792.25
GTF3C3	366884	484601.125	439346.9063	173309.9063	162704.8125	188800.7344	225709.9844	228365.7656	266196.9688	274228.5313	340128.375	371329.8125
DNAJB1	301701.2188	506004.9375	398462.2188	211545.8125		203977.2188	99414.57031					
TMBIM6	296861.7813	431930.25	472644.4688	186299.2656	190413.6875	204049.5781	211537.3906	217171.6719	292375.2813	243279.1406	314367.0938	195794.7344
